ACC,Membrane,Cytoplasm,Nucleus,Extracellular,Cell membrane,Mitochondrion,Plastid,Endoplasmic reticulum,Lysosome/Vacuole,Golgi apparatus,Peroxisome,predicted_label,true_label
ENSP00000507895,0.25976562,0.55859375,0.49609375,0.68359375,0.2734375,0.10351562,0.02233887,0.03735352,0.04199219,0.09033203,0.06445312,"Cytoplasm, Extracellular","Cytoplasm, Cell membrane"
ENSP00000505728,0.04394531,0.296875,0.83984375,0.23046875,0.0534668,0.10351562,0.0022583,0.03857422,0.03564453,0.04663086,0.00610352,Nucleus,Nucleus
ENSP00000496878,0.578125,0.20214844,0.08154297,0.66015625,0.63671875,0.16113281,0.00491333,0.19238281,0.40820312,0.359375,0.33203125,"Membrane, Extracellular, Cell membrane",Cytoplasm
ENSP00000496254,0.30078125,0.71875,0.20019531,0.17578125,0.29882812,0.29296875,0.00337219,0.12158203,0.23339844,0.1640625,0.07470703,Cytoplasm,Nucleus
ENSP00000495099,0.24511719,0.56640625,0.49804688,0.11279297,0.12255859,0.2734375,0.0255127,0.16601562,0.3203125,0.41601562,0.02038574,Cytoplasm,Cytoplasm
ENSP00000493871,0.02978516,0.53125,0.859375,0.08154297,0.04345703,0.07714844,0.01403809,0.02929688,0.02758789,0.01916504,0.00198364,"Cytoplasm, Nucleus",Nucleus
ENSP00000490913,0.07568359,0.5546875,0.74609375,0.05175781,0.11914062,0.19335938,0.04199219,0.00805664,0.0378418,0.04541016,0.08056641,"Cytoplasm, Nucleus",Nucleus
ENSP00000490728,0.03112793,0.515625,0.890625,0.10351562,0.05273438,0.07373047,0.02099609,0.01916504,0.02758789,0.01635742,0.00132751,"Cytoplasm, Nucleus",Nucleus
ENSP00000490116,0.05932617,0.296875,0.86328125,0.39648438,0.10107422,0.09033203,0.01135254,0.01635742,0.01324463,0.0255127,0.00297546,Nucleus,Nucleus
ENSP00000484669,0.16796875,0.3125,0.80859375,0.03515625,0.06738281,0.13476562,0.00024605,0.13378906,0.16210938,0.46289062,0.00198364,Nucleus,Nucleus
ENSP00000480219,0.03686523,0.21582031,0.859375,0.15527344,0.03063965,0.15039062,0.00037956,0.02099609,0.02124023,0.04467773,0.00239563,Nucleus,Nucleus
ENSP00000478783,0.20898438,0.37695312,0.56640625,0.04956055,0.10986328,0.16699219,0.02038574,0.2109375,0.09423828,0.3046875,0.00939941,Nucleus,Cytoplasm
ENSP00000466285,0.22167969,0.45507812,0.28515625,0.3125,0.16894531,0.4296875,0.00280762,0.1484375,0.05419922,0.11572266,0.01794434,None,Cytoplasm
ENSP00000453443,0.24902344,0.51953125,0.40234375,0.09033203,0.2734375,0.27539062,0.00128174,0.06298828,0.13574219,0.10693359,0.05932617,Cytoplasm,"Cytoplasm, Nucleus"
ENSP00000431179,0.22265625,0.671875,0.37890625,0.08642578,0.32617188,0.17089844,0.00915527,0.05737305,0.17871094,0.38867188,0.06445312,Cytoplasm,"Cytoplasm, Cell membrane"
ENSP00000431129,0.3203125,0.68359375,0.18945312,0.14648438,0.27734375,0.31835938,0.00128174,0.18554688,0.28710938,0.28320312,0.01281738,Cytoplasm,Cytoplasm
ENSP00000418408,0.0378418,0.296875,0.76953125,0.07373047,0.01452637,0.14648438,0.0267334,0.0267334,0.00521851,0.11279297,0.01281738,Nucleus,Nucleus
ENSP00000417570,0.20605469,0.34375,0.20019531,0.85546875,0.31835938,0.25585938,0.01098633,0.1640625,0.23242188,0.36328125,0.13183594,Extracellular,Cytoplasm
ENSP00000414689,0.20214844,0.265625,0.24902344,0.8828125,0.26171875,0.22167969,0.00317383,0.17089844,0.08251953,0.16992188,0.02441406,Extracellular,Cell membrane
ENSP00000414510,0.296875,0.7265625,0.22851562,0.17285156,0.3125,0.2734375,0.00506592,0.09667969,0.29492188,0.421875,0.00735474,Cytoplasm,Nucleus
ENSP00000412763,0.54296875,0.24316406,0.12988281,0.53515625,0.5703125,0.19433594,0.0378418,0.17480469,0.421875,0.37109375,0.06835938,"Membrane, Cell membrane",Golgi apparatus
ENSP00000410157,0.22851562,0.45117188,0.43359375,0.02404785,0.21875,0.12988281,0.0055542,0.06738281,0.46679688,0.28515625,0.00082779,None,Nucleus
ENSP00000409472,0.15136719,0.45703125,0.48242188,0.34765625,0.11132812,0.34570312,0.08886719,0.12158203,0.18261719,0.27929688,0.03027344,None,Cytoplasm
ENSP00000407046,0.59375,0.30273438,0.18457031,0.04614258,0.43164062,0.15039062,0.00141144,0.17578125,0.22363281,0.50390625,0.03955078,Membrane,Cell membrane
ENSP00000400217,0.20019531,0.26171875,0.13671875,0.94921875,0.2265625,0.15722656,0.02124023,0.23632812,0.25585938,0.2734375,0.09423828,Extracellular,Cell membrane
ENSP00000395538,0.09423828,0.453125,0.3984375,0.5234375,0.19042969,0.18164062,0.00014019,0.16308594,0.01031494,0.11572266,0.05737305,None,"Cytoplasm, Nucleus, Mitochondrion"
ENSP00000387070,0.1640625,0.66015625,0.49414062,0.01245117,0.10498047,0.24902344,0.00317383,0.10498047,0.13671875,0.3359375,0.03515625,Cytoplasm,Cytoplasm
ENSP00000386239,0.08496094,0.46679688,0.5859375,0.23632812,0.09277344,0.3359375,0.00096893,0.09033203,0.08154297,0.09521484,0.04150391,Nucleus,Nucleus
ENSP00000384215,0.01916504,0.13671875,0.91796875,0.0267334,0.02331543,0.29492188,0.0071106,0.00970459,0.02294922,0.01202393,0.02404785,Nucleus,Nucleus
ENSP00000382269,0.24316406,0.59375,0.59375,0.04736328,0.16894531,0.40039062,0.03173828,0.05102539,0.14648438,0.12695312,0.00476074,"Cytoplasm, Nucleus",Nucleus
ENSP00000381170,0.18554688,0.7734375,0.53515625,0.03112793,0.21582031,0.19824219,0.00102997,0.09033203,0.14160156,0.25195312,0.0255127,"Cytoplasm, Nucleus",Cell membrane
ENSP00000380888,0.1640625,0.5234375,0.71484375,0.03063965,0.09814453,0.296875,0.00610352,0.08496094,0.1796875,0.09960938,0.03027344,"Cytoplasm, Nucleus",Nucleus
ENSP00000379083,0.2890625,0.58984375,0.40429688,0.703125,0.328125,0.19238281,0.01879883,0.05029297,0.06298828,0.07568359,0.07080078,"Cytoplasm, Extracellular","Cytoplasm, Cell membrane"
ENSP00000377634,0.06933594,0.31640625,0.828125,0.02514648,0.05664062,0.06298828,0.00068665,0.02368164,0.0078125,0.01361084,0.01586914,Nucleus,Nucleus
ENSP00000374443,0.27734375,0.46679688,0.40039062,0.08398438,0.22558594,0.34960938,0.0267334,0.18945312,0.375,0.31445312,0.0088501,None,Nucleus
ENSP00000366757,0.30078125,0.76953125,0.12353516,0.10351562,0.3125,0.30078125,0.00262451,0.11132812,0.26367188,0.33007812,0.02233887,Cytoplasm,Cytoplasm
ENSP00000364003,0.25,0.65234375,0.39257812,0.08154297,0.33203125,0.38085938,0.00805664,0.19042969,0.19921875,0.18359375,0.11914062,Cytoplasm,"Nucleus, Cell membrane"
ENSP00000363891,0.76953125,0.19042969,0.10839844,0.02978516,0.49414062,0.40625,0.00091171,0.26953125,0.34960938,0.3671875,0.16699219,Membrane,Golgi apparatus
ENSP00000363642,0.03955078,0.33007812,0.703125,0.02478027,0.06176758,0.2578125,0.00045776,0.16601562,0.01940918,0.0390625,0.01452637,Nucleus,Nucleus
ENSP00000362580,0.24511719,0.65234375,0.32226562,0.0559082,0.42773438,0.34765625,0.00393677,0.09960938,0.14355469,0.17089844,0.05834961,Cytoplasm,Cell membrane
ENSP00000357206,0.11425781,0.6875,0.33984375,0.28710938,0.09814453,0.5859375,0.00055313,0.10498047,0.10693359,0.4296875,0.04663086,Cytoplasm,Cytoplasm
ENSP00000356716,0.06835938,0.6484375,0.65234375,0.0378418,0.08642578,0.04199219,0.00145721,0.04614258,0.06640625,0.16113281,0.0088501,"Cytoplasm, Nucleus",Cytoplasm
ENSP00000355922,0.08251953,0.39648438,0.80078125,0.14746094,0.06347656,0.10693359,0.00756836,0.02600098,0.04956055,0.10986328,0.01245117,Nucleus,Nucleus
ENSP00000354828,0.13964844,0.4140625,0.6875,0.09960938,0.14453125,0.43554688,0.00075531,0.08398438,0.06298828,0.07714844,0.06835938,Nucleus,Nucleus
ENSP00000353010,0.44726562,0.39648438,0.33984375,0.06103516,0.25585938,0.55078125,0.01544189,0.20605469,0.3515625,0.5859375,0.00650024,None,Nucleus
ENSP00000352794,0.390625,0.6484375,0.31054688,0.15820312,0.5546875,0.2890625,0.04199219,0.24609375,0.13671875,0.328125,0.02258301,"Cytoplasm, Cell membrane","Cytoplasm, Cell membrane"
ENSP00000352413,0.75390625,0.23339844,0.13671875,0.0559082,0.66796875,0.19921875,0.00460815,0.2109375,0.20703125,0.16796875,0.06176758,"Membrane, Cell membrane",Cytoplasm
ENSP00000351185,0.07177734,0.43945312,0.47460938,0.13574219,0.02514648,0.3046875,0.00735474,0.125,0.01696777,0.04394531,0.00421143,None,Mitochondrion
ENSP00000348564,0.12695312,0.57421875,0.453125,0.13574219,0.10253906,0.2734375,0.0018692,0.15136719,0.13574219,0.38671875,0.24316406,Cytoplasm,"Cytoplasm, Cell membrane"
ENSP00000344383,0.2421875,0.56640625,0.48632812,0.13183594,0.12158203,0.26757812,0.02404785,0.17578125,0.31054688,0.41601562,0.01586914,Cytoplasm,Cytoplasm
ENSP00000328426,0.0559082,0.42382812,0.7421875,0.21972656,0.0559082,0.12011719,0.01324463,0.03955078,0.03466797,0.03027344,0.01361084,Nucleus,"Cytoplasm, Nucleus"
ENSP00000321813,0.15136719,0.41992188,0.69140625,0.078125,0.15527344,0.46289062,0.00037956,0.08154297,0.06933594,0.09130859,0.06298828,Nucleus,Nucleus
ENSP00000313933,0.09960938,0.44140625,0.6953125,0.00317383,0.07714844,0.12988281,0.00491333,0.03564453,0.0559082,0.08496094,0.01855469,Nucleus,Nucleus
ENSP00000301607,0.15820312,0.65234375,0.36914062,0.10693359,0.16210938,0.28125,0.00382996,0.06347656,0.13769531,0.21289062,0.0057373,Cytoplasm,Cytoplasm
ENSP00000300648,0.33398438,0.5390625,0.640625,0.04956055,0.3671875,0.609375,0.08496094,0.13183594,0.09814453,0.14941406,0.06835938,"Cytoplasm, Nucleus",Cytoplasm
ENSP00000297268,0.12597656,0.25390625,0.15625,0.96484375,0.12255859,0.11425781,0.01544189,0.125,0.03320312,0.04614258,0.00668335,Extracellular,Endoplasmic reticulum
ENSP00000294383,0.19238281,0.625,0.6015625,0.11572266,0.17089844,0.20605469,0.01635742,0.11767578,0.19726562,0.34960938,0.0043335,"Cytoplasm, Nucleus","Cytoplasm, Nucleus"
ENSP00000281282,0.17773438,0.6328125,0.44921875,0.00970459,0.16699219,0.16796875,0.00075531,0.07275391,0.15234375,0.39257812,0.00830078,Cytoplasm,Cell membrane
ENSP00000280758,0.20703125,0.48046875,0.53125,0.03613281,0.18457031,0.10986328,0.00393677,0.08154297,0.5546875,0.40429688,0.00145721,"Cytoplasm, Nucleus",Nucleus
ENSP00000271636,0.15234375,0.59765625,0.33984375,0.04614258,0.11914062,0.23339844,0.0018692,0.06176758,0.2578125,0.3125,0.02514648,Cytoplasm,Cell membrane
ENSP00000264868,0.703125,0.20019531,0.12890625,0.26367188,0.37695312,0.29492188,0.01403809,0.48046875,0.30664062,0.41992188,0.32617188,Membrane,Nucleus
ENSP00000262376,0.04663086,0.25,0.87109375,0.16699219,0.03369141,0.06005859,0.00247192,0.03198242,0.02197266,0.02893066,0.01281738,Nucleus,Nucleus
ENSP00000261609,0.19042969,0.53515625,0.5546875,0.11425781,0.10839844,0.44726562,0.06176758,0.09130859,0.12988281,0.23339844,0.04882812,"Cytoplasm, Nucleus",Cytoplasm
ENSP00000253048,0.02636719,0.39648438,0.77734375,0.33789062,0.03027344,0.12792969,0.00254822,0.04882812,0.05273438,0.125,0.0008812,Nucleus,"Cytoplasm, Nucleus"
ENSP00000252996,0.06005859,0.46289062,0.75390625,0.06738281,0.05493164,0.07177734,0.00045776,0.03320312,0.12988281,0.15136719,0.00537109,Nucleus,Nucleus
ENSP00000247087,0.04077148,0.41210938,0.85546875,0.04272461,0.04736328,0.06005859,0.00164795,0.02368164,0.01940918,0.03417969,0.00610352,Nucleus,Nucleus
ENSP00000244007,0.3125,0.58984375,0.515625,0.02636719,0.43164062,0.1328125,0.00096893,0.04199219,0.18457031,0.23535156,0.00476074,Cytoplasm,Cytoplasm
ENSP00000263773,0.18945312,0.39257812,0.58984375,0.02636719,0.20703125,0.10253906,0.00096893,0.17675781,0.11425781,0.17578125,0.00370789,Nucleus,Nucleus
ENSP00000416033,0.09277344,0.6875,0.33398438,0.34960938,0.14550781,0.23242188,0.00421143,0.10253906,0.07910156,0.11425781,0.15234375,Cytoplasm,Nucleus
ENSP00000364042,0.51171875,0.22265625,0.16308594,0.63671875,0.5234375,0.17871094,0.00337219,0.24121094,0.38671875,0.45117188,0.07568359,Membrane,Cell membrane
ENSP00000355889,0.1640625,0.171875,0.16308594,0.23046875,0.11279297,0.83984375,0.01281738,0.09814453,0.04956055,0.08154297,0.09521484,Mitochondrion,Mitochondrion
ENSP00000305839,0.27734375,0.38476562,0.47265625,0.28320312,0.45898438,0.14941406,0.00610352,0.04345703,0.10351562,0.22851562,0.00405884,None,Cell membrane
ENSP00000463929,0.796875,0.17480469,0.10986328,0.01361084,0.55859375,0.14550781,0.00124359,0.37109375,0.62890625,0.58203125,0.00337219,"Membrane, Cell membrane, Lysosome/Vacuole",Nucleus
ENSP00000382610,0.19335938,0.5703125,0.328125,0.31835938,0.26953125,0.17578125,0.0018692,0.19335938,0.18945312,0.31445312,0.02233887,Cytoplasm,"Cytoplasm, Nucleus"
ENSP00000496378,0.29492188,0.6328125,0.3359375,0.04150391,0.16699219,0.48632812,0.00491333,0.19921875,0.56640625,0.82421875,0.00317383,"Cytoplasm, Lysosome/Vacuole, Golgi apparatus",Golgi apparatus
ENSP00000413889,0.20019531,0.5078125,0.4765625,0.02636719,0.16894531,0.12255859,0.00756836,0.05029297,0.47265625,0.3828125,0.0011673,Cytoplasm,Nucleus
ENSP00000349439,0.32421875,0.21777344,0.25585938,0.4765625,0.2421875,0.30664062,0.0018692,0.48046875,0.24804688,0.51171875,0.08886719,None,"Cytoplasm, Cell membrane"
ENSP00000313624,0.03857422,0.23339844,0.92578125,0.07470703,0.02844238,0.08398438,0.00271606,0.00735474,0.0402832,0.02514648,0.02258301,Nucleus,Nucleus
ENSP00000468082,0.23535156,0.47460938,0.27148438,0.28320312,0.17871094,0.4609375,0.00382996,0.1484375,0.06103516,0.10986328,0.01696777,Cytoplasm,Cytoplasm
ENSP00000416951,0.10107422,0.26953125,0.6328125,0.25585938,0.16113281,0.24316406,0.00037956,0.16210938,0.03198242,0.05493164,0.0055542,Nucleus,Nucleus
ENSP00000346701,0.6640625,0.28710938,0.2109375,0.08642578,0.46875,0.16992188,0.00239563,0.4609375,0.41992188,0.65234375,0.16210938,Membrane,Nucleus
ENSP00000332111,0.07714844,0.56640625,0.40039062,0.609375,0.07080078,0.20019531,0.24902344,0.06176758,0.07080078,0.09667969,0.3125,Cytoplasm,"Cytoplasm, Nucleus"
ENSP00000507912,0.11572266,0.29492188,0.74609375,0.06445312,0.09667969,0.08154297,0.00120544,0.23339844,0.03955078,0.10253906,0.01135254,Nucleus,Nucleus
ENSP00000485253,0.04882812,0.28515625,0.87890625,0.06103516,0.05932617,0.13671875,0.00204468,0.02758789,0.01940918,0.04272461,0.00132751,Nucleus,Nucleus
ENSP00000312277,0.04077148,0.27148438,0.82421875,0.06738281,0.02038574,0.05419922,0.01031494,0.01794434,0.00805664,0.05493164,0.00689697,Nucleus,"Cytoplasm, Nucleus"
ENSP00000370427,0.07275391,0.19726562,0.8671875,0.10839844,0.08154297,0.01855469,0.00370789,0.05737305,0.02758789,0.03515625,0.00247192,Nucleus,Nucleus
ENSP00000467054,0.21777344,0.5078125,0.22363281,0.21484375,0.06298828,0.29492188,0.00019073,0.11914062,0.29101562,0.31054688,0.02001953,Cytoplasm,"Cytoplasm, Nucleus"
ENSP00000458025,0.02844238,0.30273438,0.86328125,0.18945312,0.02600098,0.06445312,0.00010252,0.03735352,0.03515625,0.04541016,0.00370789,Nucleus,Cytoplasm
ENSP00000357460,0.17871094,0.55078125,0.2890625,0.16992188,0.21582031,0.15527344,0.00170135,0.11572266,0.5078125,0.65625,0.01794434,Cytoplasm,Golgi apparatus
ENSP00000406490,0.08056641,0.2421875,0.734375,0.03320312,0.05273438,0.1796875,0.00024605,0.04663086,0.01495361,0.05273438,0.01831055,Nucleus,Nucleus
ENSP00000374552,0.04614258,0.5625,0.71484375,0.14355469,0.06298828,0.08740234,0.00066757,0.10351562,0.04614258,0.04150391,0.00491333,"Cytoplasm, Nucleus",Cytoplasm
ENSP00000505762,0.33007812,0.66015625,0.24121094,0.15234375,0.50390625,0.27929688,0.00014019,0.08886719,0.33984375,0.23046875,0.07568359,Cytoplasm,"Cytoplasm, Cell membrane"
ENSP00000391268,0.58984375,0.24316406,0.14160156,0.55078125,0.6484375,0.14355469,0.00308228,0.1796875,0.45507812,0.609375,0.08496094,"Membrane, Cell membrane",Cell membrane
ENSP00000323191,0.06738281,0.51171875,0.6171875,0.125,0.10498047,0.05029297,0.00370789,0.02233887,0.10253906,0.06738281,0.03735352,"Cytoplasm, Nucleus",Nucleus
ENSP00000359837,0.04956055,0.26171875,0.90625,0.01452637,0.03027344,0.06738281,0.00628662,0.01135254,0.02893066,0.02294922,0.00460815,Nucleus,Nucleus
ENSP00000469029,0.06835938,0.26171875,0.71875,0.0324707,0.09033203,0.12353516,0.00091171,0.0267334,0.08154297,0.04663086,0.02197266,Nucleus,Nucleus
ENSP00000416289,0.18847656,0.42773438,0.44726562,0.1328125,0.14746094,0.33203125,0.0057373,0.37304688,0.22949219,0.20605469,0.10351562,None,Nucleus
ENSP00000358904,0.04077148,0.3203125,0.8515625,0.1640625,0.03955078,0.09521484,0.00537109,0.01202393,0.02160645,0.05029297,0.003479,Nucleus,Nucleus
ENSP00000364372,0.12158203,0.5390625,0.50390625,0.06103516,0.10986328,0.078125,0.00537109,0.12988281,0.14550781,0.15527344,0.00175476,Cytoplasm,"Cytoplasm, Nucleus"
ENSP00000348828,0.32617188,0.703125,0.35742188,0.16699219,0.35742188,0.23046875,0.00308228,0.12695312,0.48632812,0.20898438,0.00506592,Cytoplasm,Cell membrane
ENSP00000379778,0.29492188,0.76171875,0.4296875,0.03173828,0.2890625,0.11767578,0.00033569,0.12109375,0.27929688,0.17578125,0.01245117,Cytoplasm,Cytoplasm
ENSP00000450393,0.09960938,0.3515625,0.3671875,0.34570312,0.05029297,0.33007812,0.01068115,0.10107422,0.01324463,0.03857422,0.00421143,None,Mitochondrion
ENSP00000314914,0.203125,0.625,0.35546875,0.17773438,0.328125,0.31835938,0.0043335,0.1796875,0.1328125,0.15332031,0.31835938,Cytoplasm,Nucleus
ENSP00000412893,0.18554688,0.19238281,0.14550781,0.18164062,0.05932617,0.875,0.01745605,0.10693359,0.04394531,0.06298828,0.14453125,Mitochondrion,Mitochondrion
ENSP00000405068,0.04077148,0.31835938,0.6953125,0.10498047,0.0378418,0.06640625,0.00128174,0.09960938,0.00805664,0.08154297,0.00860596,Nucleus,Nucleus
ENSP00000500647,0.33984375,0.57421875,0.30664062,0.08251953,0.44335938,0.29492188,0.00132751,0.15136719,0.18945312,0.15820312,0.04467773,Cytoplasm,"Cytoplasm, Nucleus"
ENSP00000383392,0.765625,0.18554688,0.10253906,0.61328125,0.79296875,0.07080078,0.01068115,0.34179688,0.33789062,0.453125,0.06640625,"Membrane, Cell membrane",Cell membrane
ENSP00000465377,0.03955078,0.61328125,0.703125,0.08886719,0.04541016,0.12011719,0.00043106,0.03063965,0.05273438,0.0378418,0.07177734,"Cytoplasm, Nucleus","Cytoplasm, Nucleus"
ENSP00000027335,0.59375,0.23632812,0.14550781,0.5625,0.65625,0.08398438,0.0055542,0.20605469,0.18261719,0.24121094,0.09960938,"Membrane, Cell membrane",Cell membrane
ENSP00000409731,0.25585938,0.60546875,0.48632812,0.63671875,0.37109375,0.22851562,0.00592041,0.07080078,0.07275391,0.06347656,0.08642578,Cytoplasm,"Cytoplasm, Cell membrane"
ENSP00000314004,0.19824219,0.58984375,0.515625,0.12255859,0.12402344,0.19335938,0.00027847,0.125,0.19726562,0.45703125,0.02929688,Cytoplasm,Nucleus
ENSP00000362045,0.0402832,0.29296875,0.84375,0.24902344,0.01855469,0.07373047,0.00405884,0.02160645,0.00939941,0.03515625,0.01245117,Nucleus,Nucleus
ENSP00000289746,0.57421875,0.27148438,0.14355469,0.46679688,0.6171875,0.12011719,0.00096893,0.20800781,0.25585938,0.33789062,0.30664062,"Membrane, Cell membrane","Cell membrane, Golgi apparatus"
ENSP00000288976,0.08642578,0.69921875,0.39648438,0.15917969,0.1875,0.14648438,0.00010872,0.09960938,0.21191406,0.18457031,0.01855469,Cytoplasm,Nucleus
ENSP00000486816,0.05419922,0.28320312,0.84375,0.28125,0.02978516,0.07177734,0.00628662,0.02368164,0.01403809,0.0402832,0.00939941,Nucleus,Nucleus
ENSP00000450998,0.38867188,0.55078125,0.3828125,0.15625,0.57421875,0.32617188,0.03112793,0.16601562,0.10839844,0.31835938,0.01879883,"Cytoplasm, Cell membrane","Cytoplasm, Cell membrane"
ENSP00000431611,0.75390625,0.15234375,0.11572266,0.25585938,0.69140625,0.31640625,0.02929688,0.2734375,0.2109375,0.07275391,0.09130859,"Membrane, Cell membrane",Cell membrane
ENSP00000376504,0.21875,0.6640625,0.30078125,0.35351562,0.24511719,0.14257812,0.00592041,0.20800781,0.30078125,0.21777344,0.07470703,Cytoplasm,Nucleus
ENSP00000430048,0.06445312,0.58203125,0.43945312,0.49414062,0.06933594,0.18847656,0.22558594,0.0402832,0.06005859,0.07568359,0.57421875,Cytoplasm,"Cytoplasm, Nucleus"
ENSP00000288439,0.73828125,0.20410156,0.11132812,0.06835938,0.47460938,0.4140625,0.00271606,0.28710938,0.36328125,0.42382812,0.16210938,Membrane,Golgi apparatus
ENSP00000419330,0.21289062,0.51953125,0.41210938,0.42773438,0.11425781,0.50390625,0.01916504,0.31640625,0.1640625,0.33007812,0.00610352,Cytoplasm,Golgi apparatus
ENSP00000401064,0.06445312,0.40429688,0.59765625,0.03417969,0.02758789,0.23046875,0.00239563,0.12890625,0.02001953,0.05175781,0.02160645,Nucleus,Nucleus
ENSP00000387099,0.11767578,0.52734375,0.26757812,0.83984375,0.12255859,0.18847656,0.00239563,0.265625,0.17773438,0.24804688,0.44335938,"Cytoplasm, Extracellular",Cytoplasm
ENSP00000361964,0.11132812,0.765625,0.26171875,0.11572266,0.10253906,0.16796875,0.00026131,0.05737305,0.04736328,0.1640625,0.13574219,Cytoplasm,"Cytoplasm, Nucleus"
ENSP00000317992,0.06738281,0.328125,0.5546875,0.05664062,0.02636719,0.24609375,0.00085449,0.10107422,0.03198242,0.11767578,0.02758789,Nucleus,Nucleus
ENSP00000380300,0.078125,0.53515625,0.56640625,0.04541016,0.03613281,0.1640625,0.00068665,0.20800781,0.16015625,0.03027344,0.01544189,"Cytoplasm, Nucleus",Cytoplasm
ENSP00000397869,0.30664062,0.5078125,0.34570312,0.06005859,0.40429688,0.17480469,0.00262451,0.30859375,0.45117188,0.38867188,0.02844238,Cytoplasm,Nucleus
ENSP00000498164,0.03466797,0.49609375,0.6796875,0.16796875,0.04345703,0.14648438,0.00031471,0.04467773,0.03027344,0.11767578,0.0078125,"Cytoplasm, Nucleus",Cytoplasm
ENSP00000450973,0.2421875,0.74609375,0.21875,0.11279297,0.22265625,0.40429688,0.00231934,0.13183594,0.16601562,0.26171875,0.24902344,Cytoplasm,"Cytoplasm, Nucleus, Cell membrane"
ENSP00000217159,0.7890625,0.13964844,0.10693359,0.16113281,0.7578125,0.38671875,0.00537109,0.22363281,0.28710938,0.078125,0.16601562,"Membrane, Cell membrane",Cell membrane
ENSP00000392636,0.09667969,0.578125,0.7265625,0.03686523,0.0559082,0.64453125,1.776e-05,0.06835938,0.14941406,0.25195312,0.25195312,"Cytoplasm, Nucleus, Mitochondrion",Nucleus
ENSP00000253928,0.01452637,0.41015625,0.83203125,0.16894531,0.01745605,0.09667969,0.00170135,0.01000977,0.00939941,0.00805664,0.01831055,Nucleus,Nucleus
ENSP00000371607,0.16992188,0.14941406,0.15136719,0.32421875,0.11914062,0.85546875,0.16601562,0.08740234,0.04541016,0.16699219,0.31054688,Mitochondrion,Mitochondrion
ENSP00000390590,0.19335938,0.625,0.23925781,0.36523438,0.3046875,0.37890625,0.01324463,0.11132812,0.12792969,0.19726562,0.7265625,"Cytoplasm, Peroxisome","Cytoplasm, Nucleus"
ENSP00000390121,0.12597656,0.21972656,0.59375,0.00328064,0.11767578,0.03613281,0.00062561,0.03320312,0.03112793,0.08886719,0.01281738,Nucleus,Nucleus
ENSP00000352676,0.29101562,0.72265625,0.59765625,0.01452637,0.13671875,0.11279297,0.00193024,0.38867188,0.20605469,0.61328125,0.00271606,"Cytoplasm, Nucleus","Cytoplasm, Nucleus"
ENSP00000363878,0.33398438,0.63671875,0.390625,0.13183594,0.18554688,0.09521484,0.00096893,0.12988281,0.4453125,0.765625,0.0011673,"Cytoplasm, Golgi apparatus",Nucleus
ENSP00000386830,0.078125,0.41015625,0.69140625,0.04345703,0.01324463,0.25976562,0.01361084,0.14453125,0.07275391,0.11767578,0.10693359,Nucleus,"Cytoplasm, Cell membrane"
ENSP00000484716,0.01831055,0.22851562,0.94140625,0.02844238,0.01000977,0.06005859,0.00014019,0.01544189,0.01635742,0.04077148,0.00970459,Nucleus,Nucleus
ENSP00000423638,0.28320312,0.66015625,0.34765625,0.12402344,0.44921875,0.21972656,0.04199219,0.09130859,0.08886719,0.59765625,0.03857422,Cytoplasm,"Cytoplasm, Cell membrane, Endoplasmic reticulum"
ENSP00000393856,0.35546875,0.59765625,0.7109375,0.0057373,0.390625,0.1875,0.00421143,0.11572266,0.07080078,0.07910156,0.02441406,"Cytoplasm, Nucleus",Cell membrane
ENSP00000478563,0.50390625,0.6171875,0.13183594,0.01245117,0.41796875,0.13476562,0.00014877,0.08886719,0.67578125,0.66015625,0.00254822,"Membrane, Cytoplasm, Lysosome/Vacuole","Cytoplasm, Nucleus"
ENSP00000299192,0.09667969,0.51171875,0.73828125,0.01165771,0.08886719,0.19433594,0.0255127,0.1796875,0.04467773,0.26953125,0.0057373,"Cytoplasm, Nucleus","Cytoplasm, Nucleus"
ENSP00000215582,0.20605469,0.76171875,0.21582031,0.25585938,0.20605469,0.29296875,0.00198364,0.10693359,0.21582031,0.37109375,0.42773438,Cytoplasm,Cell membrane
ENSP00000372434,0.12402344,0.359375,0.69921875,0.01202393,0.09960938,0.14355469,0.00029564,0.06835938,0.08496094,0.03027344,0.00610352,Nucleus,Nucleus
ENSP00000305557,0.2578125,0.6171875,0.38867188,0.02893066,0.34570312,0.23242188,0.00055313,0.171875,0.546875,0.51171875,0.01977539,Cytoplasm,Cell membrane
ENSP00000465742,0.23828125,0.62109375,0.37109375,0.11132812,0.22363281,0.2578125,0.00029564,0.08154297,0.453125,0.2421875,0.01098633,Cytoplasm,"Cytoplasm, Cell membrane"
ENSP00000426528,0.24511719,0.67578125,0.40039062,0.07373047,0.37890625,0.30859375,0.00970459,0.10986328,0.10986328,0.11767578,0.19921875,Cytoplasm,Cell membrane
ENSP00000408536,0.05273438,0.64453125,0.62890625,0.02124023,0.06542969,0.02258301,0.00013161,0.09667969,0.04736328,0.12402344,0.01098633,"Cytoplasm, Nucleus",Nucleus
ENSP00000269856,0.15429688,0.53125,0.46484375,0.05932617,0.21875,0.20214844,0.0071106,0.09667969,0.25390625,0.20703125,0.01324463,Cytoplasm,"Nucleus, Golgi apparatus"
ENSP00000349803,0.03198242,0.19433594,0.73046875,0.05737305,0.02258301,0.09667969,0.00096893,0.06738281,0.03320312,0.10351562,0.00164795,Nucleus,Nucleus
ENSP00000508232,0.41796875,0.44140625,0.453125,0.33203125,0.3828125,0.12109375,0.0071106,0.17578125,0.22265625,0.06542969,0.02441406,None,Nucleus
ENSP00000404022,0.63671875,0.11425781,0.08398438,0.08886719,0.47851562,0.24316406,0.00360107,0.15625,0.20898438,0.04614258,0.12353516,Membrane,Golgi apparatus
ENSP00000357352,0.625,0.3046875,0.13769531,0.13574219,0.74609375,0.08496094,0.00308228,0.10986328,0.33203125,0.20898438,0.11914062,"Membrane, Cell membrane",Nucleus
ENSP00000342660,0.73828125,0.22851562,0.15039062,0.19433594,0.78515625,0.12890625,0.00218201,0.2109375,0.3828125,0.39453125,0.1796875,"Membrane, Cell membrane",Nucleus
ENSP00000421294,0.26367188,0.5703125,0.3359375,0.12255859,0.28710938,0.17578125,0.00180817,0.10498047,0.28710938,0.33007812,0.01696777,Cytoplasm,"Nucleus, Cell membrane"
ENSP00000247001,0.22265625,0.6640625,0.56640625,0.41796875,0.21972656,0.171875,0.00066757,0.08740234,0.17675781,0.26171875,0.00830078,"Cytoplasm, Nucleus",Nucleus
ENSP00000358106,0.12402344,0.640625,0.26367188,0.69921875,0.3046875,0.22167969,0.00271606,0.16894531,0.27539062,0.34960938,0.46484375,"Cytoplasm, Extracellular",Cytoplasm
ENSP00000159647,0.875,0.05102539,0.08886719,0.03686523,0.7265625,0.05834961,0.01281738,0.2109375,0.62109375,0.36523438,0.00939941,"Membrane, Cell membrane, Lysosome/Vacuole",Cell membrane
ENSP00000425670,0.24902344,0.72265625,0.30078125,0.203125,0.45703125,0.24902344,0.04077148,0.06738281,0.06176758,0.6171875,0.07080078,Cytoplasm,"Cytoplasm, Cell membrane, Endoplasmic reticulum"
ENSP00000442992,0.09521484,0.40820312,0.65625,0.06933594,0.01794434,0.2421875,0.01794434,0.17773438,0.08056641,0.14160156,0.10107422,Nucleus,"Cytoplasm, Cell membrane"
ENSP00000302879,0.30664062,0.54296875,0.33203125,0.19433594,0.42578125,0.28710938,0.03686523,0.33984375,0.1328125,0.2734375,0.07714844,Cytoplasm,"Cytoplasm, Cell membrane"
ENSP00000498317,0.15136719,0.1953125,0.16796875,0.15429688,0.06445312,0.9296875,0.06835938,0.04541016,0.04614258,0.07568359,0.16601562,Mitochondrion,Mitochondrion
ENSP00000341247,0.11767578,0.59765625,0.48632812,0.02478027,0.09814453,0.13574219,0.0057373,0.15332031,0.15820312,0.28710938,0.01202393,Cytoplasm,Cytoplasm
ENSP00000505291,0.80078125,0.5078125,0.18359375,0.02233887,0.390625,0.07714844,0.00297546,0.28710938,0.875,0.6953125,0.01745605,"Membrane, Cytoplasm, Lysosome/Vacuole, Golgi apparatus","Cytoplasm, Cell membrane"
ENSP00000394609,0.44335938,0.70703125,0.26953125,0.03063965,0.578125,0.18164062,0.00036812,0.08056641,0.28515625,0.23242188,0.03173828,"Cytoplasm, Cell membrane",Cytoplasm
ENSP00000362442,0.1640625,0.4921875,0.26367188,0.35351562,0.05419922,0.18261719,0.00096893,0.140625,0.09960938,0.14355469,0.05029297,Cytoplasm,"Cytoplasm, Cell membrane"
ENSP00000434245,0.56640625,0.23925781,0.15136719,0.3984375,0.5,0.30078125,0.0078125,0.1796875,0.20800781,0.11279297,0.05834961,Membrane,Cell membrane
ENSP00000273963,0.11132812,0.61328125,0.49414062,0.06103516,0.08056641,0.13183594,0.03857422,0.09521484,0.2421875,0.26953125,0.01202393,Cytoplasm,Nucleus
ENSP00000274457,0.11914062,0.5390625,0.45507812,0.03735352,0.19921875,0.15820312,0.00650024,0.07177734,0.2109375,0.15722656,0.00297546,Cytoplasm,Nucleus
ENSP00000293771,0.03173828,0.19238281,0.88671875,0.00506592,0.02844238,0.04736328,0.00735474,0.0534668,0.03173828,0.06640625,0.00421143,Nucleus,Nucleus
ENSP00000365931,0.03955078,0.28710938,0.90234375,0.03686523,0.05493164,0.11914062,0.00068665,0.01031494,0.0088501,0.07714844,0.0078125,Nucleus,Nucleus
ENSP00000262056,0.20214844,0.44726562,0.3125,0.01635742,0.23632812,0.28125,0.0011673,0.05102539,0.36328125,0.453125,0.0071106,None,Cytoplasm
ENSP00000501797,0.28320312,0.703125,0.28710938,0.22265625,0.46679688,0.27929688,0.06298828,0.09033203,0.07177734,0.640625,0.08056641,Cytoplasm,"Cytoplasm, Cell membrane, Endoplasmic reticulum"
ENSP00000209884,0.15722656,0.6484375,0.45703125,0.11425781,0.19335938,0.17480469,0.03027344,0.06640625,0.19824219,0.12255859,0.07568359,Cytoplasm,"Cytoplasm, Golgi apparatus"
ENSP00000379843,0.10839844,0.25585938,0.875,0.0088501,0.14746094,0.08642578,0.00247192,0.04272461,0.07080078,0.02600098,0.01940918,Nucleus,Nucleus
ENSP00000497850,0.80859375,0.34960938,0.09423828,0.11132812,0.58984375,0.11279297,0.00053406,0.51953125,0.41796875,0.40625,0.06103516,"Membrane, Cell membrane",Cell membrane
ENSP00000422784,0.171875,0.25976562,0.06542969,0.94140625,0.17773438,0.14257812,0.03320312,0.24902344,0.21484375,0.29492188,0.00405884,Extracellular,"Endoplasmic reticulum, Golgi apparatus"
ENSP00000504385,0.04956055,0.34765625,0.65625,0.46679688,0.0390625,0.12353516,0.02233887,0.02001953,0.00970459,0.0559082,0.00026131,Nucleus,Nucleus
ENSP00000238146,0.0559082,0.23828125,0.671875,0.13574219,0.0279541,0.1796875,0.00053406,0.05273438,0.01281738,0.09521484,0.00317383,Nucleus,Nucleus
ENSP00000361676,0.08886719,0.4765625,0.72265625,0.2578125,0.04150391,0.06738281,0.00109863,0.06933594,0.125,0.24511719,0.00860596,"Cytoplasm, Nucleus",Nucleus
ENSP00000455982,0.0559082,0.17578125,0.87109375,0.03173828,0.05664062,0.08886719,0.01165771,0.01452637,0.03320312,0.00915527,0.01031494,Nucleus,"Nucleus, Golgi apparatus"
ENSP00000452721,0.27148438,0.65234375,0.38085938,0.06005859,0.27148438,0.14941406,0.00033569,0.06738281,0.41796875,0.18945312,0.00198364,Cytoplasm,"Cytoplasm, Cell membrane"
ENSP00000419765,0.07470703,0.09277344,0.91015625,0.15722656,0.05419922,0.01544189,0.00034523,0.00860596,0.08642578,0.06005859,0.00668335,Nucleus,Nucleus
ENSP00000500708,0.07714844,0.57421875,0.53515625,0.41210938,0.03686523,0.24121094,0.00164795,0.08886719,0.12011719,0.12890625,0.00628662,"Cytoplasm, Nucleus",Nucleus
ENSP00000362238,0.15722656,0.66015625,0.43359375,0.09667969,0.21875,0.13769531,0.0255127,0.07470703,0.26367188,0.26757812,0.01745605,Cytoplasm,Golgi apparatus
ENSP00000386184,0.08886719,0.49023438,0.66015625,0.10986328,0.05029297,0.26367188,0.0011673,0.03515625,0.05419922,0.04736328,0.08154297,"Cytoplasm, Nucleus",Nucleus
ENSP00000351383,0.02233887,0.12255859,0.984375,0.11279297,0.02514648,0.00460815,0.00020313,0.03417969,0.01281738,0.02929688,0.00247192,Nucleus,Nucleus
ENSP00000456908,0.12353516,0.44921875,0.5546875,0.0480957,0.08740234,0.38085938,0.00093842,0.16796875,0.11767578,0.23828125,0.00592041,Nucleus,Mitochondrion
ENSP00000505465,0.48632812,0.47460938,0.22363281,0.05737305,0.44335938,0.28515625,0.00082779,0.2109375,0.46289062,0.10986328,0.43359375,"Membrane, Cytoplasm",Cytoplasm
ENSP00000338235,0.80859375,0.16210938,0.09960938,0.203125,0.328125,0.171875,0.00756836,0.84765625,0.12255859,0.36132812,0.34765625,"Membrane, Endoplasmic reticulum",Endoplasmic reticulum
ENSP00000174618,0.06298828,0.52734375,0.79296875,0.03173828,0.03173828,0.27929688,2.754e-05,0.02722168,0.03955078,0.14941406,0.02758789,"Cytoplasm, Nucleus",Nucleus
ENSP00000479078,0.27734375,0.6015625,0.36132812,0.12158203,0.26171875,0.27929688,0.00047302,0.12109375,0.4453125,0.22265625,0.01245117,Cytoplasm,"Cytoplasm, Cell membrane"
ENSP00000406144,0.48242188,0.49414062,0.23535156,0.03857422,0.45117188,0.27539062,0.00093842,0.21777344,0.5078125,0.10986328,0.38867188,"Membrane, Cytoplasm",Cytoplasm
ENSP00000377782,0.07177734,0.14550781,0.9296875,0.02929688,0.04199219,0.05273438,0.0088501,0.00592041,0.00830078,0.06640625,0.02124023,Nucleus,Nucleus
ENSP00000354034,0.40820312,0.31640625,0.30664062,0.25976562,0.47265625,0.33007812,0.03955078,0.13476562,0.26953125,0.38476562,0.02844238,None,Cell membrane
ENSP00000392811,0.37695312,0.328125,0.27929688,0.70703125,0.51953125,0.10986328,0.01281738,0.13964844,0.18359375,0.26757812,0.02404785,Extracellular,Cell membrane
ENSP00000506632,0.5,0.30859375,0.21289062,0.4296875,0.08154297,0.49414062,0.05664062,0.47265625,0.39648438,0.34960938,0.01068115,Membrane,"Cytoplasm, Cell membrane"
ENSP00000505154,0.12255859,0.5859375,0.25390625,0.62890625,0.1328125,0.45507812,0.00141144,0.09423828,0.15722656,0.05102539,0.03955078,Cytoplasm,"Cytoplasm, Nucleus"
ENSP00000445021,0.8359375,0.13769531,0.05175781,0.3984375,0.25,0.09033203,0.00537109,0.6875,0.30859375,0.828125,0.02478027,"Membrane, Endoplasmic reticulum, Golgi apparatus",Cell membrane
ENSP00000479888,0.23535156,0.55078125,0.390625,0.1640625,0.20703125,0.22167969,0.00024605,0.07568359,0.53515625,0.34375,0.00860596,Cytoplasm,"Cytoplasm, Cell membrane"
ENSP00000450036,0.59375,0.2265625,0.19238281,0.38867188,0.52734375,0.08886719,0.00073242,0.21289062,0.546875,0.5078125,0.10986328,"Membrane, Cell membrane","Endoplasmic reticulum, Golgi apparatus"
ENSP00000265537,0.18945312,0.16015625,0.12988281,0.24609375,0.06835938,0.91015625,0.02368164,0.10693359,0.04541016,0.06933594,0.09521484,Mitochondrion,Mitochondrion
ENSP00000380690,0.19726562,0.65234375,0.3515625,0.05664062,0.11279297,0.43359375,0.00048828,0.18261719,0.31640625,0.83203125,0.00328064,"Cytoplasm, Golgi apparatus",Cytoplasm
ENSP00000294409,0.03417969,0.27539062,0.87109375,0.06347656,0.0324707,0.03198242,0.0018692,0.01745605,0.0071106,0.03613281,0.00041771,Nucleus,Nucleus
ENSP00000412530,0.11767578,0.36328125,0.48046875,0.01245117,0.07177734,0.20214844,0.00393677,0.03564453,0.14746094,0.22851562,0.0078125,None,Cytoplasm
ENSP00000307128,0.640625,0.3203125,0.14257812,0.13671875,0.734375,0.11132812,0.0055542,0.15625,0.40429688,0.31054688,0.20898438,"Membrane, Cell membrane",Nucleus
ENSP00000341490,0.11132812,0.328125,0.18554688,0.9140625,0.15527344,0.1328125,0.00141144,0.078125,0.12695312,0.19238281,0.08056641,Extracellular,Nucleus
ENSP00000354874,0.18945312,0.37304688,0.47851562,0.45117188,0.12597656,0.4140625,0.03857422,0.20605469,0.10351562,0.2734375,0.24902344,None,Nucleus
ENSP00000408858,0.24902344,0.734375,0.265625,0.01361084,0.12158203,0.69140625,0.00075531,0.05273438,0.09423828,0.06738281,0.05102539,"Cytoplasm, Mitochondrion",Cytoplasm
ENSP00000446410,0.16015625,0.55859375,0.32226562,0.14550781,0.19238281,0.11914062,0.00132751,0.10839844,0.16113281,0.14941406,0.28515625,Cytoplasm,Cytoplasm
ENSP00000290597,0.19824219,0.16992188,0.10498047,0.16113281,0.13085938,0.8984375,0.00421143,0.04467773,0.07568359,0.11572266,0.26367188,Mitochondrion,Mitochondrion
ENSP00000337816,0.37304688,0.18359375,0.13476562,0.7578125,0.56640625,0.24804688,0.00132751,0.16015625,0.24121094,0.30273438,0.04345703,"Extracellular, Cell membrane",Cell membrane
ENSP00000419516,0.5546875,0.21289062,0.24511719,0.13574219,0.15722656,0.51953125,0.0279541,0.5078125,0.17871094,0.38085938,0.34375,Membrane,Nucleus
ENSP00000364118,0.02600098,0.29492188,0.890625,0.10693359,0.02514648,0.15136719,0.00328064,0.00405884,0.04882812,0.05664062,0.0279541,Nucleus,Nucleus
ENSP00000376826,0.35351562,0.6875,0.23535156,0.15527344,0.37304688,0.18457031,0.00136566,0.05834961,0.16210938,0.38671875,0.04663086,Cytoplasm,"Cytoplasm, Cell membrane"
ENSP00000410707,0.10498047,0.59765625,0.62109375,0.00915527,0.08886719,0.04736328,0.00031471,0.140625,0.20019531,0.31640625,0.00070953,"Cytoplasm, Nucleus","Cytoplasm, Nucleus"
ENSP00000350469,0.25976562,0.640625,0.42382812,0.07373047,0.41015625,0.3125,0.00939941,0.12695312,0.14453125,0.12402344,0.21972656,Cytoplasm,Cell membrane
ENSP00000216190,0.20214844,0.35742188,0.4765625,0.12353516,0.04736328,0.05664062,0.01281738,0.04345703,0.05493164,0.29101562,0.00019073,None,Cytoplasm
ENSP00000426451,0.15429688,0.5625,0.5078125,0.07470703,0.09667969,0.11279297,0.09423828,0.17578125,0.33984375,0.3203125,0.02197266,Cytoplasm,Nucleus
ENSP00000260803,0.06298828,0.53125,0.80078125,0.01165771,0.05737305,0.24902344,0.0057373,0.01586914,0.04956055,0.06738281,0.01544189,"Cytoplasm, Nucleus",Nucleus
ENSP00000220751,0.31445312,0.62890625,0.41210938,0.06298828,0.43359375,0.16796875,0.00096893,0.11767578,0.203125,0.18457031,0.01794434,Cytoplasm,Cytoplasm
ENSP00000311837,0.5234375,0.48242188,0.45898438,0.14257812,0.61328125,0.15039062,0.00029564,0.06298828,0.2421875,0.11132812,0.00360107,"Membrane, Cytoplasm, Cell membrane",Cell membrane
ENSP00000427820,0.11132812,0.47265625,0.49023438,0.453125,0.12988281,0.42382812,0.02368164,0.14648438,0.08886719,0.34179688,0.07275391,Cytoplasm,Nucleus
ENSP00000361667,0.7421875,0.12988281,0.16699219,0.25585938,0.14746094,0.1484375,0.01745605,0.58984375,0.36132812,0.36328125,0.02124023,Membrane,Nucleus
ENSP00000377093,0.765625,0.11914062,0.17285156,0.05493164,0.14355469,0.59375,0.01940918,0.7734375,0.20703125,0.5703125,0.671875,"Membrane, Endoplasmic reticulum",Nucleus
ENSP00000307318,0.17675781,0.26953125,0.15136719,0.85546875,0.16210938,0.10693359,0.02368164,0.20214844,0.17871094,0.16113281,0.0255127,Extracellular,Endoplasmic reticulum
ENSP00000293404,0.15136719,0.19824219,0.17578125,0.24609375,0.10986328,0.703125,0.171875,0.05029297,0.04882812,0.10107422,0.08154297,Mitochondrion,Mitochondrion
ENSP00000264639,0.22558594,0.67578125,0.57421875,0.04663086,0.34179688,0.16308594,0.00175476,0.06933594,0.359375,0.17285156,0.00460815,"Cytoplasm, Nucleus","Cytoplasm, Nucleus"
ENSP00000393621,0.359375,0.68359375,0.22949219,0.15917969,0.375,0.18945312,0.00150299,0.05664062,0.17773438,0.38085938,0.05419922,Cytoplasm,"Cytoplasm, Cell membrane"
ENSP00000498712,0.14746094,0.16015625,0.26367188,0.22265625,0.04077148,0.9296875,0.06445312,0.11914062,0.01495361,0.08886719,0.11132812,Mitochondrion,Mitochondrion
ENSP00000434192,0.12402344,0.26953125,0.21582031,0.3359375,0.07275391,0.87890625,0.03515625,0.08496094,0.03955078,0.06103516,0.375,Mitochondrion,Mitochondrion
ENSP00000429826,0.12988281,0.52734375,0.41210938,0.52734375,0.13964844,0.29492188,0.00610352,0.28515625,0.15722656,0.20019531,0.03686523,Cytoplasm,Golgi apparatus
ENSP00000366460,0.6875,0.15234375,0.08642578,0.3203125,0.6328125,0.1328125,0.01000977,0.28710938,0.39453125,0.48828125,0.07568359,"Membrane, Cell membrane",Nucleus
ENSP00000438276,0.05273438,0.43945312,0.71484375,0.06542969,0.07080078,0.05932617,0.00521851,0.03417969,0.10351562,0.06103516,0.03613281,Nucleus,Nucleus
ENSP00000500467,0.04663086,0.47460938,0.71484375,0.06445312,0.04956055,0.12158203,0.00023079,0.02258301,0.01635742,0.06298828,0.01324463,"Cytoplasm, Nucleus",Nucleus
ENSP00000403411,0.13574219,0.10351562,0.78125,0.02441406,0.02441406,0.43945312,0.00053406,0.01245117,0.08251953,0.06445312,0.00491333,Nucleus,Nucleus
ENSP00000391200,0.03027344,0.20703125,0.875,0.05029297,0.0480957,0.09667969,0.00023079,0.03686523,0.07275391,0.05932617,0.04614258,Nucleus,Nucleus
ENSP00000262366,0.0324707,0.38671875,0.83203125,0.01068115,0.01245117,0.04663086,1.776e-05,0.01745605,0.19042969,0.08496094,0.00053406,Nucleus,Nucleus
ENSP00000309826,0.05932617,0.29101562,0.84375,0.01245117,0.0534668,0.08154297,0.01831055,0.03198242,0.01098633,0.05419922,0.00308228,Nucleus,Nucleus
ENSP00000317445,0.22851562,0.18847656,0.09521484,0.953125,0.20019531,0.27734375,0.02001953,0.11425781,0.1953125,0.32421875,0.03613281,Extracellular,Cytoplasm
ENSP00000302993,0.02099609,0.12402344,0.984375,0.08251953,0.02294922,0.00405884,0.00021648,0.03613281,0.01403809,0.02600098,0.00231934,Nucleus,Nucleus
ENSP00000269383,0.04541016,0.73046875,0.48046875,0.05664062,0.02233887,0.2421875,1.669e-05,0.19921875,0.15625,0.3046875,0.01916504,Cytoplasm,"Cytoplasm, Nucleus"
ENSP00000258385,0.71875,0.14550781,0.11767578,0.06347656,0.76171875,0.06542969,0.00170135,0.24121094,0.265625,0.19824219,0.09667969,"Membrane, Cell membrane",Cell membrane
ENSP00000388320,0.16015625,0.45117188,0.5546875,0.02758789,0.10498047,0.38476562,0.00091171,0.16992188,0.12792969,0.26367188,0.00421143,Nucleus,Mitochondrion
ENSP00000257570,0.15332031,0.4765625,0.3828125,0.7109375,0.18945312,0.30859375,0.00044441,0.19335938,0.1875,0.10498047,0.06176758,"Cytoplasm, Extracellular",Cytoplasm
ENSP00000354499,0.8125,0.09033203,0.078125,0.03173828,0.4375,0.24316406,0.03063965,0.33398438,0.48242188,0.23925781,0.06347656,Membrane,Mitochondrion
ENSP00000499031,0.14160156,0.43164062,0.73828125,0.17578125,0.15429688,0.17871094,0.00044441,0.04663086,0.05737305,0.0378418,0.00756836,Nucleus,"Cytoplasm, Nucleus"
ENSP00000356991,0.7109375,0.23925781,0.10498047,0.27929688,0.7578125,0.15917969,0.00328064,0.19335938,0.25390625,0.35742188,0.43554688,"Membrane, Cell membrane",Cell membrane
ENSP00000484105,0.07568359,0.5546875,0.59765625,0.30664062,0.03515625,0.24902344,0.0022583,0.06176758,0.12792969,0.14648438,0.00476074,"Cytoplasm, Nucleus",Nucleus
ENSP00000366936,0.49414062,0.54296875,0.21777344,0.09814453,0.5546875,0.51953125,0.00159454,0.11279297,0.15820312,0.34960938,0.34570312,"Membrane, Cytoplasm, Cell membrane",Cytoplasm
ENSP00000353971,0.22851562,0.41796875,0.57421875,0.08886719,0.21875,0.26367188,0.00830078,0.27734375,0.1953125,0.2734375,0.01245117,Nucleus,Cytoplasm
ENSP00000339532,0.04541016,0.41796875,0.63671875,0.02124023,0.03735352,0.2578125,0.11425781,0.08496094,0.02404785,0.14550781,0.00109863,Nucleus,"Cytoplasm, Nucleus"
ENSP00000401823,0.15429688,0.73828125,0.60546875,0.01403809,0.08251953,0.21875,0.00445557,0.140625,0.11425781,0.1953125,0.01245117,"Cytoplasm, Nucleus",Cytoplasm
ENSP00000329687,0.3515625,0.5625,0.7265625,0.00668335,0.43554688,0.20800781,0.00262451,0.09814453,0.06347656,0.07568359,0.01696777,"Cytoplasm, Nucleus",Cell membrane
ENSP00000368867,0.09521484,0.1484375,0.92578125,0.01696777,0.04150391,0.06738281,0.00506592,0.01000977,0.00970459,0.08886719,0.07275391,Nucleus,Nucleus
ENSP00000452984,0.28125,0.65625,0.22363281,0.15429688,0.27148438,0.39648438,0.01794434,0.1484375,0.10351562,0.3515625,0.34765625,Cytoplasm,"Cytoplasm, Nucleus"
ENSP00000451621,0.14453125,0.796875,0.6328125,0.03955078,0.10839844,0.15332031,0.00029564,0.07910156,0.15820312,0.23925781,0.06933594,"Cytoplasm, Nucleus",Nucleus
ENSP00000486501,0.06103516,0.48632812,0.703125,0.04272461,0.06640625,0.21289062,0.00024605,0.04663086,0.01202393,0.0390625,0.08154297,"Cytoplasm, Nucleus",Nucleus
ENSP00000457746,0.0267334,0.40625,0.80078125,0.28125,0.02441406,0.18359375,0.0088501,0.10498047,0.01135254,0.13574219,0.00247192,Nucleus,"Cytoplasm, Nucleus"
ENSP00000485289,0.07470703,0.609375,0.52734375,0.01745605,0.12255859,0.48046875,0.02758789,0.00915527,0.02636719,0.02758789,0.546875,Cytoplasm,Cytoplasm
ENSP00000355743,0.03613281,0.23925781,0.87890625,0.03112793,0.02294922,0.21972656,0.00382996,0.02478027,0.02197266,0.09130859,0.00145721,Nucleus,Nucleus
ENSP00000481873,0.23828125,0.66015625,0.34179688,0.10498047,0.25976562,0.3984375,0.00405884,0.12011719,0.29296875,0.25390625,0.00280762,Cytoplasm,Nucleus
ENSP00000384695,0.16699219,0.27734375,0.06933594,0.93359375,0.1640625,0.140625,0.03320312,0.27539062,0.23535156,0.27734375,0.00421143,Extracellular,"Endoplasmic reticulum, Golgi apparatus"
ENSP00000274054,0.01245117,0.5625,0.6640625,0.08642578,0.02514648,0.06005859,0.00014877,0.09130859,0.01281738,0.03955078,0.0057373,"Cytoplasm, Nucleus","Cytoplasm, Nucleus"
ENSP00000353013,0.5625,0.20214844,0.13867188,0.59765625,0.6796875,0.16308594,0.00830078,0.22558594,0.2265625,0.38671875,0.13964844,"Membrane, Cell membrane",Endoplasmic reticulum
ENSP00000386297,0.13574219,0.46289062,0.22167969,0.90625,0.13574219,0.19433594,0.00247192,0.28125,0.26171875,0.328125,0.6328125,Extracellular,Cytoplasm
ENSP00000378228,0.359375,0.734375,0.265625,0.01745605,0.421875,0.15136719,0.0018692,0.02258301,0.65234375,0.37695312,0.00055313,"Cytoplasm, Lysosome/Vacuole",Golgi apparatus
ENSP00000318883,0.46289062,0.32617188,0.17578125,0.27539062,0.24316406,0.59375,0.01794434,0.2421875,0.30859375,0.20605469,0.87109375,"Membrane, Peroxisome",Mitochondrion
ENSP00000484345,0.27734375,0.58984375,0.41210938,0.11425781,0.24316406,0.25390625,0.0022583,0.22949219,0.3671875,0.26953125,0.01452637,Cytoplasm,"Cytoplasm, Cell membrane"
ENSP00000355866,0.140625,0.6171875,0.515625,0.0390625,0.25976562,0.23242188,0.0011673,0.078125,0.08496094,0.13378906,0.01361084,Cytoplasm,"Cytoplasm, Nucleus"
ENSP00000403974,0.09130859,0.484375,0.73046875,0.31445312,0.03417969,0.06835938,0.00175476,0.06738281,0.17089844,0.35351562,0.00393677,"Cytoplasm, Nucleus",Nucleus
ENSP00000366450,0.6875,0.15625,0.08398438,0.31445312,0.6328125,0.12890625,0.01324463,0.30859375,0.40429688,0.4921875,0.07568359,"Membrane, Cell membrane",Nucleus
ENSP00000413029,0.11279297,0.34179688,0.26367188,0.73046875,0.08740234,0.20019531,0.25585938,0.171875,0.16796875,0.3046875,0.125,Extracellular,Nucleus
ENSP00000395942,0.26757812,0.5,0.47460938,0.07373047,0.2109375,0.10253906,0.00337219,0.13378906,0.15234375,0.4140625,0.04956055,Cytoplasm,Golgi apparatus
ENSP00000414379,0.41015625,0.70703125,0.47460938,0.00628662,0.24804688,0.31445312,0.02368164,0.10107422,0.07080078,0.08886719,0.00668335,Cytoplasm,Cytoplasm
ENSP00000484162,0.125,0.4296875,0.56640625,0.07568359,0.16894531,0.40234375,0.00218201,0.2109375,0.07714844,0.27929688,0.10986328,Nucleus,Nucleus
ENSP00000355427,0.03063965,0.20019531,0.87109375,0.05029297,0.0480957,0.09423828,0.00027847,0.03515625,0.06835938,0.06933594,0.03112793,Nucleus,Nucleus
ENSP00000311318,0.14746094,0.51953125,0.62109375,0.10839844,0.05493164,0.24902344,0.00044441,0.22949219,0.20410156,0.609375,0.0534668,"Cytoplasm, Nucleus",Mitochondrion
ENSP00000263102,0.12695312,0.6171875,0.58203125,0.01745605,0.15234375,0.3671875,0.00053406,0.07177734,0.1953125,0.17871094,0.00521851,"Cytoplasm, Nucleus",Cytoplasm
ENSP00000388173,0.07714844,0.24121094,0.93359375,0.08886719,0.12792969,0.04736328,5.484e-05,0.00735474,0.01281738,0.02722168,0.03027344,Nucleus,Nucleus
ENSP00000346196,0.17089844,0.17773438,0.16308594,0.14746094,0.08251953,0.91796875,0.00830078,0.04956055,0.02124023,0.10498047,0.09667969,Mitochondrion,Mitochondrion
ENSP00000503886,0.08642578,0.640625,0.69140625,0.00610352,0.04272461,0.04345703,0.0007782,0.13964844,0.22265625,0.21777344,0.00082779,"Cytoplasm, Nucleus","Cytoplasm, Nucleus"
ENSP00000356046,0.28710938,0.71875,0.31445312,0.03173828,0.43164062,0.33398438,0.00048828,0.09033203,0.44726562,0.2265625,0.02478027,Cytoplasm,Nucleus
ENSP00000481304,0.33398438,0.5234375,0.51953125,0.0480957,0.16308594,0.453125,0.00099945,0.37109375,0.328125,0.51953125,0.14453125,Cytoplasm,Nucleus
ENSP00000358932,0.43164062,0.34375,0.24121094,0.484375,0.14160156,0.625,0.02062988,0.40039062,0.25585938,0.3359375,0.5,None,Nucleus
ENSP00000311486,0.25390625,0.4921875,0.421875,0.20605469,0.22949219,0.3828125,0.00476074,0.15527344,0.25195312,0.25,0.08740234,Cytoplasm,Lysosome/Vacuole
ENSP00000489696,0.13867188,0.47851562,0.546875,0.18847656,0.12890625,0.20898438,0.04150391,0.03955078,0.06298828,0.03735352,0.07910156,"Cytoplasm, Nucleus",Cytoplasm
ENSP00000403044,0.20019531,0.55078125,0.24804688,0.00668335,0.10693359,0.29882812,0.00021648,0.04956055,0.1796875,0.29101562,0.00337219,Cytoplasm,Nucleus
ENSP00000497587,0.25195312,0.16992188,0.13964844,0.06005859,0.1484375,0.9375,0.06347656,0.02893066,0.05493164,0.10351562,0.26953125,Mitochondrion,Mitochondrion
ENSP00000357484,0.359375,0.515625,0.44335938,0.03564453,0.37304688,0.21191406,0.00239563,0.11279297,0.22851562,0.24316406,0.01000977,Cytoplasm,Golgi apparatus
ENSP00000333049,0.2734375,0.640625,0.515625,0.18457031,0.31835938,0.20019531,0.00193024,0.02600098,0.2109375,0.29882812,0.01324463,Cytoplasm,"Cytoplasm, Nucleus"
ENSP00000477967,0.3828125,0.3125,0.23925781,0.33984375,0.2421875,0.61328125,0.01068115,0.29101562,0.17089844,0.21289062,0.90625,Peroxisome,Mitochondrion
ENSP00000354961,0.63671875,0.14550781,0.375,0.06347656,0.18457031,0.44335938,0.0255127,0.7265625,0.0267334,0.01916504,0.01361084,"Membrane, Endoplasmic reticulum",Mitochondrion
ENSP00000339530,0.07080078,0.20605469,0.78515625,0.07910156,0.12353516,0.05029297,0.00021648,0.10986328,0.04882812,0.07275391,0.00860596,Nucleus,Nucleus
ENSP00000275227,0.734375,0.12792969,0.07470703,0.09130859,0.40625,0.15820312,0.00096893,0.29882812,0.72265625,0.31835938,0.02978516,"Membrane, Lysosome/Vacuole",Cytoplasm
ENSP00000433771,0.26757812,0.76171875,0.359375,0.01916504,0.34960938,0.32421875,0.00066757,0.10986328,0.4609375,0.21484375,0.02478027,Cytoplasm,Nucleus
ENSP00000497847,0.12353516,0.734375,0.37109375,0.05834961,0.23242188,0.3125,0.00689697,0.14648438,0.29101562,0.36914062,0.10986328,Cytoplasm,Cytoplasm
ENSP00000438460,0.09960938,0.21972656,0.69140625,0.3828125,0.15429688,0.11572266,5.15e-05,0.04394531,0.15039062,0.02978516,0.99609375,"Nucleus, Peroxisome",Nucleus
ENSP00000268379,0.26171875,0.17480469,0.06347656,0.25976562,0.08886719,0.921875,0.24804688,0.04150391,0.06445312,0.10107422,0.19238281,Mitochondrion,Mitochondrion
ENSP00000503453,0.12158203,0.26757812,0.69140625,0.43164062,0.05737305,0.12353516,0.00297546,0.21191406,0.16894531,0.05737305,0.03515625,Nucleus,Nucleus
ENSP00000379285,0.1953125,0.140625,0.11132812,0.15429688,0.09277344,0.92578125,0.12988281,0.07714844,0.03857422,0.06835938,0.17773438,Mitochondrion,Mitochondrion
ENSP00000357914,0.03857422,0.23632812,0.91015625,0.21875,0.03063965,0.04150391,0.00053406,0.02368164,0.01245117,0.03173828,0.00141144,Nucleus,Nucleus
ENSP00000333779,0.62109375,0.15527344,0.13671875,0.3984375,0.51953125,0.14257812,0.01745605,0.12890625,0.46679688,0.32421875,0.11279297,Membrane,Cell membrane
ENSP00000397759,0.41210938,0.66796875,0.28515625,0.02893066,0.24511719,0.20019531,0.00053406,0.5078125,0.36132812,0.66015625,0.01324463,Cytoplasm,Golgi apparatus
ENSP00000307260,0.41210938,0.24121094,0.32617188,0.10839844,0.14550781,0.30273438,0.00860596,0.53125,0.14160156,0.1953125,0.11572266,None,Cytoplasm
ENSP00000423712,0.11132812,0.41015625,0.5078125,0.02062988,0.04077148,0.12353516,9.632e-05,0.01135254,0.05102539,0.06005859,0.00254822,None,"Cytoplasm, Cell membrane"
ENSP00000380142,0.14355469,0.47265625,0.5625,0.03063965,0.09521484,0.26367188,0.00521851,0.12109375,0.15625,0.05029297,0.06542969,"Cytoplasm, Nucleus",Nucleus
ENSP00000490739,0.25195312,0.58203125,0.40820312,0.7578125,0.17773438,0.11767578,0.00421143,0.04150391,0.125,0.09667969,0.6796875,"Cytoplasm, Extracellular","Cytoplasm, Nucleus, Cell membrane"
ENSP00000429947,0.30664062,0.71484375,0.38476562,0.01452637,0.24511719,0.359375,0.02197266,0.3984375,0.16210938,0.26171875,0.01696777,Cytoplasm,Cytoplasm
ENSP00000276603,0.14648438,0.31835938,0.75390625,0.09033203,0.0534668,0.11572266,0.00164795,0.09130859,0.19824219,0.08740234,0.02722168,Nucleus,Nucleus
ENSP00000383919,0.19042969,0.796875,0.37695312,0.08642578,0.375,0.06933594,9.632e-05,0.0378418,0.21875,0.21582031,0.0255127,Cytoplasm,"Cytoplasm, Nucleus"
ENSP00000497692,0.23632812,0.42382812,0.3671875,0.13964844,0.18847656,0.24121094,0.0088501,0.3671875,0.33984375,0.35742188,0.01831055,None,Nucleus
ENSP00000438154,0.15234375,0.59375,0.49609375,0.15136719,0.24511719,0.14941406,0.00756836,0.08154297,0.08740234,0.02893066,0.00521851,Cytoplasm,"Cytoplasm, Nucleus"
ENSP00000408854,0.09960938,0.5234375,0.56640625,0.09130859,0.06640625,0.10253906,0.12890625,0.11132812,0.18554688,0.14160156,0.01452637,"Cytoplasm, Nucleus",Nucleus
ENSP00000254928,0.12597656,0.171875,0.15820312,0.13574219,0.06005859,0.91796875,0.01745605,0.05834961,0.03857422,0.10253906,0.33203125,Mitochondrion,"Cytoplasm, Mitochondrion"
ENSP00000376597,0.3125,0.30664062,0.62109375,0.08154297,0.09130859,0.1953125,0.00136566,0.05102539,0.671875,0.359375,0.00085449,"Nucleus, Lysosome/Vacuole",Nucleus
ENSP00000275072,0.12597656,0.6875,0.22558594,0.71484375,0.29882812,0.10253906,0.00421143,0.20898438,0.20898438,0.08740234,0.11279297,"Cytoplasm, Extracellular",Nucleus
ENSP00000476746,0.04345703,0.25195312,0.8359375,0.07373047,0.0267334,0.04345703,0.00382996,0.05664062,0.02978516,0.03955078,0.07275391,Nucleus,Nucleus
ENSP00000248450,0.03857422,0.625,0.8046875,0.00521851,0.05834961,0.08251953,0.00159454,0.01544189,0.06176758,0.02441406,0.02978516,"Cytoplasm, Nucleus",Cytoplasm
ENSP00000435375,0.09130859,0.32226562,0.71484375,0.09130859,0.01452637,0.3984375,0.00013161,0.09521484,0.03027344,0.078125,0.01245117,Nucleus,Nucleus
ENSP00000483972,0.16699219,0.58203125,0.33398438,0.07568359,0.11572266,0.4453125,0.00180817,0.07910156,0.09130859,0.21582031,0.05664062,Cytoplasm,Nucleus
ENSP00000417207,0.21289062,0.17773438,0.75390625,0.00047302,0.25195312,0.01544189,0.00050354,0.01000977,0.39257812,0.01586914,0.31835938,Nucleus,Nucleus
ENSP00000432878,0.35546875,0.5546875,0.27929688,0.24316406,0.4453125,0.50390625,0.12695312,0.14941406,0.08398438,0.58984375,0.13183594,Cytoplasm,"Cytoplasm, Cell membrane, Endoplasmic reticulum"
ENSP00000355814,0.14648438,0.54296875,0.37109375,0.13378906,0.140625,0.390625,0.01940918,0.09667969,0.06103516,0.12011719,0.13671875,Cytoplasm,Cytoplasm
ENSP00000302321,0.25585938,0.16894531,0.08056641,0.12695312,0.17285156,0.94921875,0.01586914,0.06933594,0.05493164,0.17871094,0.12158203,Mitochondrion,Mitochondrion
ENSP00000414103,0.40429688,0.53515625,0.30078125,0.17578125,0.20703125,0.34375,0.00939941,0.7578125,0.33203125,0.62109375,0.06835938,"Cytoplasm, Endoplasmic reticulum",Golgi apparatus
ENSP00000367483,0.15625,0.38085938,0.20214844,0.79296875,0.19824219,0.27929688,0.03198242,0.28125,0.11279297,0.26171875,0.12597656,Extracellular,Nucleus
ENSP00000331927,0.05102539,0.16210938,0.6171875,0.03112793,0.04345703,0.09667969,0.00120544,0.0078125,0.02722168,0.01245117,0.0378418,Nucleus,Nucleus
ENSP00000507848,0.26953125,0.58203125,0.44726562,0.00939941,0.18164062,0.11132812,0.00060654,0.10498047,0.33789062,0.15820312,0.00970459,Cytoplasm,"Cytoplasm, Nucleus, Cell membrane"
ENSP00000369361,0.13867188,0.640625,0.27539062,0.15429688,0.15820312,0.35351562,0.00085449,0.06640625,0.09130859,0.35546875,0.00610352,Cytoplasm,Cytoplasm
ENSP00000326194,0.15820312,0.5859375,0.74609375,0.12792969,0.03173828,0.23535156,0.003479,0.28320312,0.06542969,0.20703125,0.0559082,"Cytoplasm, Nucleus",Nucleus
ENSP00000252115,0.05273438,0.40625,0.703125,0.04882812,0.06176758,0.12109375,0.00109863,0.01000977,0.0378418,0.0480957,0.00337219,Nucleus,"Cytoplasm, Nucleus"
ENSP00000357881,0.05493164,0.3203125,0.77734375,0.07568359,0.02844238,0.06542969,0.00805664,0.01324463,0.03564453,0.04614258,0.02514648,Nucleus,"Cytoplasm, Nucleus, Cell membrane"
ENSP00000386502,0.19824219,0.41796875,0.45703125,0.19042969,0.19921875,0.48828125,0.01281738,0.02978516,0.19921875,0.07373047,0.00120544,None,Nucleus
ENSP00000401820,0.17285156,0.2421875,0.06176758,0.9296875,0.16699219,0.12988281,0.03173828,0.28320312,0.28320312,0.296875,0.0043335,Extracellular,"Endoplasmic reticulum, Golgi apparatus"
ENSP00000440875,0.6953125,0.21582031,0.08642578,0.421875,0.71484375,0.20410156,0.0022583,0.1953125,0.45507812,0.53125,0.10253906,"Membrane, Cell membrane",Golgi apparatus
ENSP00000445928,0.08740234,0.29492188,0.5703125,0.54296875,0.07470703,0.4609375,0.00830078,0.20019531,0.05029297,0.20800781,0.09277344,Nucleus,Nucleus
ENSP00000497268,0.06298828,0.60546875,0.63671875,0.11132812,0.0559082,0.1328125,0.04882812,0.04614258,0.16699219,0.08642578,0.10107422,"Cytoplasm, Nucleus",Nucleus
ENSP00000368686,0.17871094,0.55859375,0.82421875,0.01068115,0.265625,0.26367188,2.015e-05,0.01696777,0.08496094,0.21289062,0.65625,"Cytoplasm, Nucleus",Nucleus
ENSP00000385020,0.43554688,0.52734375,0.51171875,0.1484375,0.53515625,0.15917969,0.00045776,0.03735352,0.265625,0.11425781,0.00297546,"Cytoplasm, Cell membrane",Cell membrane
ENSP00000358300,0.14550781,0.34960938,0.640625,0.12988281,0.07080078,0.21777344,0.00198364,0.04882812,0.16796875,0.26953125,0.00280762,Nucleus,Nucleus
ENSP00000470652,0.69921875,0.06640625,0.24121094,0.05419922,0.15039062,0.3671875,0.00040436,0.78125,0.19726562,0.7109375,0.390625,"Membrane, Endoplasmic reticulum, Golgi apparatus",Golgi apparatus
ENSP00000283921,0.02258301,0.23828125,0.87890625,0.00939941,0.0255127,0.02844238,0.00132751,0.00476074,0.01879883,0.02893066,0.04541016,Nucleus,Nucleus
ENSP00000286234,0.45117188,0.55078125,0.27929688,0.12353516,0.31054688,0.29492188,0.00521851,0.09667969,0.2734375,0.5234375,0.01165771,Cytoplasm,"Nucleus, Mitochondrion"
ENSP00000445690,0.41015625,0.57421875,0.40625,0.06933594,0.33789062,0.27929688,0.01495361,0.26367188,0.23339844,0.5546875,0.0088501,Cytoplasm,Golgi apparatus
ENSP00000393333,0.72265625,0.22363281,0.06640625,0.16894531,0.625,0.25976562,0.00915527,0.36132812,0.26757812,0.33398438,0.12158203,"Membrane, Cell membrane",Cell membrane
ENSP00000228741,0.01977539,0.2578125,0.9375,0.11572266,0.01135254,0.03613281,0.00043106,0.08251953,0.01135254,0.02514648,0.28710938,Nucleus,Nucleus
ENSP00000446242,0.27929688,0.29882812,0.40039062,0.34765625,0.1796875,0.671875,0.00756836,0.2578125,0.15625,0.38671875,0.4609375,Mitochondrion,Mitochondrion
ENSP00000357442,0.08056641,0.47070312,0.78125,0.02001953,0.07714844,0.07080078,0.00689697,0.05737305,0.0279541,0.06103516,0.0018692,"Cytoplasm, Nucleus",Nucleus
ENSP00000502176,0.16796875,0.22558594,0.12255859,0.19433594,0.09277344,0.91796875,0.27539062,0.0378418,0.04882812,0.16015625,0.02258301,Mitochondrion,Mitochondrion
ENSP00000388506,0.14648438,0.23339844,0.73046875,0.04150391,0.07080078,0.06933594,0.00048828,0.02929688,0.11767578,0.4453125,0.0008049,Nucleus,Nucleus
ENSP00000296839,0.03063965,0.296875,0.74609375,0.02124023,0.03063965,0.14648438,6.628e-05,0.01031494,0.01098633,0.02441406,0.01977539,Nucleus,Nucleus
ENSP00000273588,0.11425781,0.2265625,0.14453125,0.15429688,0.10839844,0.9140625,0.00830078,0.04394531,0.04345703,0.06640625,0.15527344,Mitochondrion,Mitochondrion
ENSP00000388357,0.04956055,0.3125,0.85546875,0.13867188,0.0255127,0.05419922,0.00830078,0.01165771,0.00805664,0.07373047,0.0005722,Nucleus,Nucleus
ENSP00000387729,0.08496094,0.78515625,0.59375,0.08642578,0.05102539,0.03686523,0.01031494,0.09423828,0.20605469,0.21289062,0.00370789,"Cytoplasm, Nucleus","Cytoplasm, Cell membrane"
ENSP00000381461,0.20800781,0.5078125,0.38085938,0.1484375,0.13183594,0.18359375,0.02758789,0.0480957,0.31835938,0.31640625,0.03369141,Cytoplasm,Nucleus
ENSP00000315587,0.05737305,0.30664062,0.7890625,0.03466797,0.02368164,0.18847656,0.0005722,0.02844238,0.03417969,0.13085938,0.00029564,Nucleus,Nucleus
ENSP00000358033,0.22265625,0.17773438,0.11767578,0.11425781,0.09277344,0.8828125,0.12988281,0.0534668,0.0480957,0.09277344,0.10693359,Mitochondrion,Cytoplasm
ENSP00000426560,0.03320312,0.23339844,0.58984375,0.47070312,0.01452637,0.31445312,0.0055542,0.0390625,0.02038574,0.09423828,0.203125,Nucleus,Nucleus
ENSP00000483421,0.171875,0.23632812,0.06103516,0.94140625,0.16015625,0.14160156,0.03173828,0.28320312,0.25976562,0.2890625,0.00254822,Extracellular,"Endoplasmic reticulum, Golgi apparatus"
ENSP00000438521,0.40429688,0.5546875,0.3125,0.06738281,0.45507812,0.2890625,0.00830078,0.13574219,0.39453125,0.51171875,0.05419922,Cytoplasm,"Cytoplasm, Nucleus"
ENSP00000420269,0.13671875,0.33398438,0.17285156,0.21875,0.09130859,0.62890625,0.6640625,0.06445312,0.0255127,0.09130859,0.328125,Plastid,Cytoplasm
ENSP00000340883,0.11132812,0.52734375,0.828125,0.16699219,0.10986328,0.09033203,0.00239563,0.04882812,0.18457031,0.14746094,0.00180817,"Cytoplasm, Nucleus",Nucleus
ENSP00000422951,0.18261719,0.4765625,0.62890625,0.08056641,0.20410156,0.26367188,0.03955078,0.0378418,0.03369141,0.22265625,0.01495361,"Cytoplasm, Nucleus","Cytoplasm, Cell membrane, Endoplasmic reticulum"
ENSP00000445481,0.32421875,0.50390625,0.43164062,0.24609375,0.26171875,0.42578125,0.00610352,0.13085938,0.39453125,0.29882812,0.04467773,Cytoplasm,Lysosome/Vacuole
ENSP00000504470,0.15429688,0.3046875,0.75390625,0.06933594,0.05273438,0.14355469,0.00288391,0.08398438,0.19726562,0.08398438,0.04150391,Nucleus,Nucleus
ENSP00000408963,0.01916504,0.4921875,0.63671875,0.10498047,0.02722168,0.09814453,0.00037956,0.13476562,0.01281738,0.03686523,0.01403809,"Cytoplasm, Nucleus","Cytoplasm, Nucleus"
ENSP00000399234,0.12402344,0.51171875,0.609375,0.09814453,0.11425781,0.11425781,0.00689697,0.15136719,0.01879883,0.17871094,0.00805664,"Cytoplasm, Nucleus","Cytoplasm, Nucleus"
ENSP00000317437,0.08642578,0.73046875,0.6796875,0.03198242,0.09130859,0.19726562,0.00460815,0.06445312,0.34960938,0.14453125,0.04345703,"Cytoplasm, Nucleus","Endoplasmic reticulum, Golgi apparatus"
ENSP00000479512,0.17480469,0.44726562,0.42382812,0.7109375,0.26367188,0.30664062,0.00034523,0.14453125,0.15625,0.08642578,0.13769531,Extracellular,Cytoplasm
ENSP00000246115,0.7578125,0.22265625,0.07568359,0.10986328,0.78125,0.20800781,0.00382996,0.18554688,0.18847656,0.14355469,0.19433594,"Membrane, Cell membrane",Mitochondrion
ENSP00000437207,0.24902344,0.6875,0.3828125,0.33789062,0.61328125,0.08154297,0.00060654,0.10693359,0.11425781,0.20898438,0.06176758,"Cytoplasm, Cell membrane","Nucleus, Cell membrane"
ENSP00000351040,0.08398438,0.45117188,0.6953125,0.12988281,0.11132812,0.15625,0.00175476,0.07275391,0.08398438,0.04467773,0.06103516,Nucleus,Nucleus
ENSP00000318575,0.23925781,0.69140625,0.26757812,0.08056641,0.16796875,0.16992188,0.0088501,0.06005859,0.41992188,0.11572266,0.15625,Cytoplasm,Cytoplasm
ENSP00000485288,0.125,0.5390625,0.61328125,0.02758789,0.14355469,0.421875,0.01165771,0.01916504,0.07470703,0.02441406,0.38671875,"Cytoplasm, Nucleus",Cytoplasm
ENSP00000471403,0.06347656,0.30273438,0.703125,0.17089844,0.0402832,0.3359375,0.0055542,0.09667969,0.03417969,0.06005859,0.06103516,Nucleus,"Nucleus, Cell membrane"
ENSP00000386738,0.10498047,0.79296875,0.63671875,0.03320312,0.08496094,0.08886719,0.00082779,0.03735352,0.07470703,0.02893066,0.05102539,"Cytoplasm, Nucleus",Cytoplasm
ENSP00000320431,0.41796875,0.23828125,0.20703125,0.64453125,0.09423828,0.265625,0.00491333,0.32421875,0.125,0.54296875,0.07080078,None,Golgi apparatus
ENSP00000260563,0.17773438,0.38085938,0.70703125,0.12890625,0.16699219,0.47851562,0.00164795,0.01361084,0.06176758,0.06298828,0.00271606,Nucleus,Nucleus
ENSP00000401014,0.078125,0.33203125,0.73046875,0.04956055,0.12158203,0.06640625,0.01831055,0.01855469,0.01544189,0.01000977,0.02893066,Nucleus,Nucleus
ENSP00000243082,0.18945312,0.35351562,0.640625,0.31054688,0.25,0.3671875,0.00756836,0.25585938,0.06176758,0.13964844,0.07714844,Nucleus,Nucleus
ENSP00000266544,0.26953125,0.17675781,0.09277344,0.10693359,0.13183594,0.91796875,0.5234375,0.06347656,0.08251953,0.10351562,0.0480957,Mitochondrion,Mitochondrion
ENSP00000452454,0.07714844,0.53515625,0.625,0.01000977,0.02514648,0.12988281,0.00036812,0.08154297,0.07275391,0.2734375,0.00370789,"Cytoplasm, Nucleus",Nucleus
ENSP00000426083,0.08496094,0.71875,0.41796875,0.07470703,0.18457031,0.3203125,0.22851562,0.04956055,0.03112793,0.15917969,0.0279541,Cytoplasm,"Cytoplasm, Cell membrane"
ENSP00000359095,0.0324707,0.46679688,0.70703125,0.14648438,0.09033203,0.38671875,0.00073242,0.01135254,0.01977539,0.10498047,0.00537109,Nucleus,Nucleus
ENSP00000405752,0.49609375,0.62109375,0.24609375,0.02001953,0.27734375,0.28125,0.00047302,0.5390625,0.328125,0.7265625,0.01281738,"Membrane, Cytoplasm, Golgi apparatus",Golgi apparatus
ENSP00000459933,0.16992188,0.515625,0.4921875,0.09277344,0.07177734,0.41210938,0.00756836,0.59375,0.12597656,0.18457031,0.00628662,Cytoplasm,Nucleus
ENSP00000379284,0.29101562,0.48828125,0.18554688,0.09521484,0.30273438,0.21972656,0.01794434,0.11767578,0.15332031,0.19042969,0.01940918,Cytoplasm,Mitochondrion
ENSP00000335060,0.25195312,0.66796875,0.12109375,0.23925781,0.21582031,0.8203125,0.00055313,0.06005859,0.12158203,0.5078125,0.08886719,"Cytoplasm, Mitochondrion",Mitochondrion
ENSP00000357215,0.05029297,0.23535156,0.79296875,0.20605469,0.07080078,0.00970459,0.00027847,0.01635742,0.01586914,0.12158203,0.00132751,Nucleus,Nucleus
ENSP00000313822,0.05175781,0.33398438,0.82421875,0.03198242,0.01940918,0.15332031,0.00154877,0.01544189,0.02478027,0.10253906,0.0018692,Nucleus,Nucleus
ENSP00000483921,0.11767578,0.4296875,0.73828125,0.00141144,0.11767578,0.15136719,0.00460815,0.02233887,0.16015625,0.09521484,0.54296875,Nucleus,Nucleus
ENSP00000430121,0.15820312,0.47070312,0.6640625,0.18945312,0.17675781,0.078125,0.01403809,0.16113281,0.07080078,0.05175781,0.07910156,"Cytoplasm, Nucleus",Nucleus
ENSP00000342699,0.11914062,0.67578125,0.4296875,0.06347656,0.03515625,0.19238281,0.00041771,0.13964844,0.171875,0.24511719,0.00521851,Cytoplasm,"Cytoplasm, Nucleus"
ENSP00000265732,0.03320312,0.3359375,0.8125,0.05664062,0.04345703,0.0534668,0.00029564,0.02636719,0.02758789,0.06347656,0.00159454,Nucleus,Nucleus
ENSP00000274031,0.04077148,0.53515625,0.7421875,0.06103516,0.01940918,0.10693359,0.01495361,0.05932617,0.04150391,0.0279541,0.01586914,"Cytoplasm, Nucleus",Nucleus
ENSP00000370532,0.02929688,0.25976562,0.85546875,0.01635742,0.03369141,0.12255859,0.00308228,0.03063965,0.02062988,0.04077148,0.00360107,Nucleus,Nucleus
ENSP00000493763,0.23632812,0.65234375,0.23535156,0.10498047,0.05029297,0.46875,0.02441406,0.20800781,0.40234375,0.20800781,0.25585938,Cytoplasm,Nucleus
ENSP00000427300,0.06347656,0.4375,0.63671875,0.30664062,0.01745605,0.30664062,0.0480957,0.15820312,0.03515625,0.03686523,0.00328064,Nucleus,Nucleus
ENSP00000339524,0.02929688,0.33984375,0.84765625,0.05273438,0.01940918,0.18945312,0.00476074,0.0480957,0.02404785,0.02331543,0.01794434,Nucleus,Nucleus
ENSP00000480216,0.08642578,0.5390625,0.5625,0.09423828,0.08056641,0.35546875,0.00393677,0.07373047,0.12988281,0.12597656,0.03369141,"Cytoplasm, Nucleus","Cytoplasm, Nucleus"
ENSP00000431778,0.03735352,0.30078125,0.8046875,0.04150391,0.01855469,0.13867188,0.00053406,0.01361084,0.02038574,0.09667969,0.00024605,Nucleus,Nucleus
ENSP00000449746,0.14160156,0.43164062,0.41210938,0.02893066,0.15625,0.2734375,0.00150299,0.04272461,0.25195312,0.26757812,0.01245117,None,Cytoplasm
ENSP00000410603,0.25390625,0.4296875,0.6015625,0.0402832,0.41601562,0.28125,0.00317383,0.08056641,0.32421875,0.3046875,0.01245117,Nucleus,"Cytoplasm, Nucleus"
ENSP00000385529,0.35351562,0.5078125,0.35351562,0.03735352,0.42773438,0.37304688,0.01135254,0.04467773,0.17285156,0.328125,0.265625,Cytoplasm,Cytoplasm
ENSP00000413963,0.22167969,0.52734375,0.52734375,0.390625,0.14453125,0.12890625,0.0324707,0.0267334,0.12597656,0.07470703,0.8203125,"Cytoplasm, Peroxisome",Cytoplasm
ENSP00000369411,0.3828125,0.46289062,0.37109375,0.02600098,0.14648438,0.5234375,0.01068115,0.31640625,0.04882812,0.38476562,0.02636719,None,Nucleus
ENSP00000355979,0.02001953,0.45898438,0.8828125,0.09814453,0.07080078,0.078125,0.02038574,0.0279541,0.0480957,0.01794434,0.03198242,Nucleus,Nucleus
ENSP00000503956,0.24902344,0.15625,0.07275391,0.10351562,0.16796875,0.94921875,0.01696777,0.05102539,0.05493164,0.16699219,0.08740234,Mitochondrion,Mitochondrion
ENSP00000489856,0.11572266,0.22363281,0.14453125,0.1484375,0.10107422,0.9140625,0.00830078,0.04663086,0.03955078,0.06176758,0.13867188,Mitochondrion,Mitochondrion
ENSP00000438158,0.12255859,0.62890625,0.5234375,0.5859375,0.08398438,0.42578125,0.12597656,0.07910156,0.10498047,0.15136719,0.02294922,Cytoplasm,Cytoplasm
ENSP00000362685,0.09521484,0.6328125,0.52734375,0.17285156,0.11132812,0.23339844,0.02124023,0.09667969,0.18945312,0.11132812,0.14941406,Cytoplasm,Nucleus
ENSP00000502859,0.30664062,0.4921875,0.22949219,0.42773438,0.171875,0.47460938,0.34179688,0.32617188,0.11279297,0.22558594,0.22949219,Cytoplasm,Mitochondrion
ENSP00000299163,0.03198242,0.49023438,0.50390625,0.24511719,0.04467773,0.203125,0.02441406,0.07080078,0.03417969,0.20410156,0.00521851,Cytoplasm,"Cytoplasm, Nucleus"
ENSP00000489758,0.12011719,0.32421875,0.13476562,0.13476562,0.14453125,0.859375,0.0378418,0.05419922,0.04541016,0.04663086,0.42382812,Mitochondrion,Mitochondrion
ENSP00000453463,0.04394531,0.19824219,0.87890625,0.23242188,0.02258301,0.06738281,0.00136566,0.02258301,0.01324463,0.07080078,0.0007782,Nucleus,Nucleus
ENSP00000345702,0.0324707,0.42578125,0.8203125,0.04150391,0.01068115,0.03369141,0.00062561,0.09521484,0.01281738,0.12158203,0.00109863,Nucleus,Nucleus
ENSP00000303315,0.08886719,0.14648438,0.87890625,0.02233887,0.0402832,0.11914062,0.00085449,0.0324707,0.05102539,0.06738281,0.00011587,Nucleus,Nucleus
ENSP00000463121,0.30664062,0.4296875,0.41015625,0.11132812,0.17285156,0.22558594,0.00297546,0.0559082,0.22363281,0.07080078,0.06738281,None,"Cytoplasm, Nucleus, Mitochondrion"
ENSP00000398124,0.16601562,0.61328125,0.8125,0.01544189,0.203125,0.20703125,1.574e-05,0.00805664,0.17773438,0.25195312,0.63671875,"Cytoplasm, Nucleus",Nucleus
ENSP00000243878,0.09277344,0.61328125,0.27929688,0.07568359,0.13476562,0.19824219,0.00014877,0.09130859,0.22167969,0.09667969,0.13476562,Cytoplasm,"Cytoplasm, Cell membrane"
ENSP00000361171,0.06347656,0.18554688,0.828125,0.03735352,0.0480957,0.02722168,0.00047302,0.02893066,0.05737305,0.0559082,0.02478027,Nucleus,Nucleus
ENSP00000403660,0.58203125,0.25976562,0.07470703,0.33398438,0.56640625,0.20214844,0.003479,0.18945312,0.08642578,0.1953125,0.07568359,"Membrane, Cell membrane",Cell membrane
ENSP00000386280,0.33984375,0.36523438,0.36914062,0.14160156,0.19335938,0.42773438,0.00141144,0.12158203,0.05175781,0.07080078,0.421875,None,Nucleus
ENSP00000269967,0.0534668,0.6015625,0.52734375,0.03564453,0.03955078,0.578125,0.00024605,0.18261719,0.06298828,0.10351562,0.02929688,Cytoplasm,Nucleus
ENSP00000357920,0.16699219,0.3671875,0.09033203,0.24804688,0.02197266,0.51953125,0.0267334,0.32226562,0.18847656,0.10986328,0.98828125,Peroxisome,Cytoplasm
ENSP00000341843,0.09667969,0.40234375,0.77734375,0.04467773,0.04614258,0.22265625,7.486e-05,0.06933594,0.13867188,0.18457031,0.05419922,Nucleus,Nucleus
ENSP00000484534,0.05175781,0.32421875,0.8203125,0.03027344,0.01098633,0.69921875,0.00036812,0.01361084,0.06542969,0.0088501,0.03173828,"Nucleus, Mitochondrion",Nucleus
ENSP00000356974,0.19433594,0.22558594,0.16894531,0.94921875,0.33203125,0.17480469,0.01068115,0.17480469,0.12011719,0.34179688,0.12255859,Extracellular,Nucleus
ENSP00000263121,0.11279297,0.5390625,0.85546875,0.28515625,0.11425781,0.06347656,0.00128174,0.04150391,0.15136719,0.1328125,0.00066757,"Cytoplasm, Nucleus",Nucleus
ENSP00000222567,0.03735352,0.23925781,0.84375,0.11572266,0.0402832,0.02478027,0.00128174,0.06835938,0.01586914,0.03686523,0.0043335,Nucleus,Nucleus
ENSP00000204517,0.03112793,0.359375,0.91796875,0.01916504,0.01855469,0.09277344,5.817e-05,0.01324463,0.06298828,0.10253906,0.02197266,Nucleus,Nucleus
ENSP00000438800,0.71484375,0.13867188,0.05493164,0.11425781,0.61328125,0.12695312,0.00537109,0.17578125,0.21972656,0.20605469,0.01794434,"Membrane, Cell membrane",Cell membrane
ENSP00000432382,0.5,0.6953125,0.25,0.02331543,0.3671875,0.21777344,0.00058746,0.4296875,0.36132812,0.59765625,0.02233887,"Membrane, Cytoplasm",Golgi apparatus
ENSP00000319739,0.18554688,0.22851562,0.17578125,0.41210938,0.20898438,0.11279297,0.00650024,0.49609375,0.41015625,0.43359375,0.03466797,None,Endoplasmic reticulum
ENSP00000468290,0.15820312,0.51171875,0.5703125,0.46679688,0.07275391,0.47460938,0.00035667,0.23339844,0.08496094,0.43164062,0.09423828,"Cytoplasm, Nucleus",Mitochondrion
ENSP00000463424,0.22167969,0.671875,0.47460938,0.08056641,0.21972656,0.06738281,0.003479,0.11914062,0.11279297,0.11767578,0.05737305,Cytoplasm,Cytoplasm
ENSP00000420802,0.51171875,0.26757812,0.10253906,0.58203125,0.57421875,0.13378906,0.00145721,0.27148438,0.42382812,0.24316406,0.2421875,"Membrane, Cell membrane",Cell membrane
ENSP00000360597,0.5859375,0.1875,0.10986328,0.60546875,0.4609375,0.15527344,0.00145721,0.32421875,0.41992188,0.40625,0.13964844,Membrane,Cell membrane
ENSP00000364119,0.13085938,0.52734375,0.66015625,0.0324707,0.12402344,0.18359375,0.0088501,0.03857422,0.10351562,0.359375,0.00050354,"Cytoplasm, Nucleus",Endoplasmic reticulum
ENSP00000478061,0.49804688,0.640625,0.4453125,0.0324707,0.75390625,0.125,0.00421143,0.16894531,0.23339844,0.28125,0.01281738,"Membrane, Cytoplasm, Cell membrane",Cell membrane
ENSP00000387119,0.17871094,0.53125,0.41601562,0.36328125,0.18164062,0.14453125,0.01324463,0.04345703,0.20214844,0.06738281,0.65234375,Cytoplasm,Cytoplasm
ENSP00000362328,0.77734375,0.15625,0.12158203,0.23046875,0.69140625,0.16210938,0.00393677,0.21191406,0.5234375,0.14160156,0.01855469,"Membrane, Cell membrane",Cell membrane
ENSP00000503132,0.10693359,0.10839844,0.91015625,0.01696777,0.04345703,0.09130859,0.00164795,0.03466797,0.11914062,0.23828125,0.00013161,Nucleus,Nucleus
ENSP00000469035,0.21875,0.35742188,0.25585938,0.16015625,0.20898438,0.16894531,0.00031471,0.07910156,0.33984375,0.03955078,0.97265625,Peroxisome,Golgi apparatus
ENSP00000426183,0.13574219,0.421875,0.703125,0.00132751,0.14746094,0.19238281,0.00337219,0.02160645,0.15625,0.08886719,0.53125,Nucleus,Nucleus
ENSP00000435393,0.26953125,0.48828125,0.5859375,0.11425781,0.15234375,0.3359375,0.07373047,0.13574219,0.20214844,0.23046875,0.01403809,"Cytoplasm, Nucleus",Nucleus
ENSP00000332049,0.52734375,0.26367188,0.14355469,0.40625,0.58984375,0.125,0.0057373,0.203125,0.24804688,0.26757812,0.09814453,"Membrane, Cell membrane",Cell membrane
ENSP00000392070,0.0255127,0.2109375,0.8515625,0.08398438,0.01745605,0.33398438,0.00204468,0.02758789,0.00860596,0.07568359,0.00036812,Nucleus,Nucleus
ENSP00000468069,0.03613281,0.26953125,0.7265625,0.06347656,0.05175781,0.16015625,0.00039291,0.0071106,0.09423828,0.02929688,0.12353516,Nucleus,Nucleus
ENSP00000374550,0.09277344,0.43164062,0.68359375,0.20605469,0.08496094,0.17675781,0.02514648,0.10693359,0.09814453,0.09960938,0.33203125,Nucleus,Cytoplasm
ENSP00000496837,0.13964844,0.515625,0.4375,0.02636719,0.15722656,0.26757812,0.00068665,0.19433594,0.06445312,0.16894531,0.01324463,Cytoplasm,"Cytoplasm, Nucleus"
ENSP00000427011,0.7890625,0.2578125,0.10253906,0.12353516,0.80859375,0.05834961,0.00317383,0.1328125,0.55859375,0.5234375,0.14257812,"Membrane, Cell membrane",Nucleus
ENSP00000380217,0.57421875,0.28710938,0.08740234,0.53125,0.609375,0.16894531,0.00136566,0.31054688,0.421875,0.25,0.34765625,"Membrane, Cell membrane",Cell membrane
ENSP00000473467,0.15917969,0.6171875,0.57421875,0.05932617,0.11425781,0.15039062,0.02197266,0.10253906,0.05419922,0.26953125,0.0088501,"Cytoplasm, Nucleus","Cytoplasm, Nucleus"
ENSP00000390152,0.33203125,0.16992188,0.22167969,0.90625,0.41796875,0.1640625,0.00537109,0.09667969,0.23925781,0.26367188,0.00970459,Extracellular,Cell membrane
ENSP00000480722,0.078125,0.48046875,0.46875,0.18457031,0.09960938,0.578125,0.00254822,0.03735352,0.02258301,0.03466797,0.453125,Cytoplasm,"Nucleus, Golgi apparatus"
ENSP00000216807,0.07373047,0.50390625,0.56640625,0.14355469,0.12255859,0.14257812,2.277e-05,0.03198242,0.29101562,0.09667969,0.00070953,"Cytoplasm, Nucleus",Nucleus
ENSP00000291691,0.08154297,0.53515625,0.546875,0.53515625,0.07714844,0.33789062,0.0007782,0.07177734,0.03686523,0.078125,0.19238281,"Cytoplasm, Nucleus",Nucleus
ENSP00000504515,0.2578125,0.15429688,0.078125,0.08056641,0.17089844,0.95703125,0.01544189,0.0534668,0.05932617,0.15136719,0.07568359,Mitochondrion,Mitochondrion
ENSP00000339326,0.1484375,0.54296875,0.58203125,0.49414062,0.19921875,0.47851562,0.00020313,0.11914062,0.14160156,0.11572266,0.00939941,"Cytoplasm, Nucleus","Cytoplasm, Nucleus, Cell membrane"
ENSP00000442500,0.06640625,0.18945312,0.91015625,0.17285156,0.03063965,0.0378418,0.00027847,0.02404785,0.01544189,0.14648438,0.00010252,Nucleus,Nucleus
ENSP00000437928,0.12011719,0.48828125,0.7890625,0.04956055,0.08886719,0.14355469,0.00239563,0.06298828,0.09033203,0.08398438,0.05273438,"Cytoplasm, Nucleus",Nucleus
ENSP00000468486,0.15429688,0.58203125,0.54296875,0.37304688,0.05664062,0.23828125,0.00650024,0.06176758,0.23632812,0.10498047,0.00024605,"Cytoplasm, Nucleus",Cytoplasm
ENSP00000326693,0.57421875,0.15234375,0.10351562,0.0324707,0.06835938,0.8984375,0.19433594,0.171875,0.09521484,0.07714844,0.80859375,"Membrane, Mitochondrion, Peroxisome",Mitochondrion
ENSP00000496818,0.2578125,0.43945312,0.31640625,0.578125,0.20898438,0.41015625,0.3203125,0.26953125,0.140625,0.21875,0.2734375,None,Nucleus
ENSP00000268125,0.39257812,0.671875,0.42773438,0.0534668,0.18164062,0.24511719,0.00180817,0.11572266,0.4453125,0.39257812,0.04614258,Cytoplasm,Cytoplasm
ENSP00000499450,0.34960938,0.12109375,0.125,0.11132812,0.07714844,0.91015625,0.26757812,0.07568359,0.04345703,0.11425781,0.1328125,Mitochondrion,Mitochondrion
ENSP00000359795,0.47265625,0.48828125,0.46289062,0.05737305,0.5859375,0.17089844,0.01940918,0.15527344,0.09667969,0.28125,0.01165771,"Membrane, Cytoplasm, Cell membrane",Cytoplasm
ENSP00000486676,0.515625,0.21582031,0.12988281,0.23925781,0.14355469,0.671875,0.01745605,0.421875,0.19335938,0.18847656,0.92578125,"Membrane, Mitochondrion, Peroxisome",Cytoplasm
ENSP00000440227,0.10839844,0.6328125,0.203125,0.16210938,0.08886719,0.23535156,0.22851562,0.15136719,0.07910156,0.13476562,0.2734375,Cytoplasm,Cytoplasm
ENSP00000371408,0.59765625,0.35546875,0.359375,0.02124023,0.609375,0.25,0.00297546,0.11425781,0.44726562,0.70703125,0.03320312,"Membrane, Cell membrane, Golgi apparatus",Cell membrane
ENSP00000351211,0.66015625,0.18359375,0.13574219,0.10839844,0.609375,0.39257812,0.04467773,0.09130859,0.15917969,0.0324707,0.15136719,"Membrane, Cell membrane",Cell membrane
ENSP00000312288,0.20605469,0.16601562,0.09423828,0.04956055,0.05419922,0.97265625,0.22851562,0.02294922,0.04663086,0.04541016,0.25390625,Mitochondrion,Mitochondrion
ENSP00000385376,0.12890625,0.69921875,0.4140625,0.03735352,0.03173828,0.17773438,0.00023079,0.12695312,0.24609375,0.34570312,0.00337219,Cytoplasm,"Cytoplasm, Nucleus"
ENSP00000308082,0.54296875,0.2109375,0.171875,0.19433594,0.5859375,0.3828125,0.01794434,0.06640625,0.13574219,0.04394531,0.19726562,"Membrane, Cell membrane",Cell membrane
ENSP00000006015,0.02893066,0.17480469,0.83984375,0.02001953,0.02001953,0.00506592,0.00756836,0.00445557,0.01000977,0.00970459,0.0279541,Nucleus,Nucleus
ENSP00000427329,0.03417969,0.44726562,0.7734375,0.04345703,0.02722168,0.17773438,0.00204468,0.03063965,0.02197266,0.02600098,0.04077148,Nucleus,Nucleus
ENSP00000364525,0.03173828,0.1953125,0.94921875,0.07275391,0.02441406,0.07275391,0.01452637,0.0043335,0.01586914,0.0402832,0.00124359,Nucleus,Nucleus
ENSP00000261245,0.09130859,0.5,0.69921875,0.02636719,0.05419922,0.19238281,5.484e-05,0.125,0.20019531,0.11132812,0.0018692,"Cytoplasm, Nucleus",Nucleus
ENSP00000215742,0.01202393,0.27734375,0.8671875,0.29101562,0.02001953,0.14160156,0.00271606,0.02099609,0.01745605,0.00970459,0.04956055,Nucleus,Nucleus
ENSP00000430457,0.38085938,0.5625,0.31640625,0.078125,0.265625,0.40429688,0.00735474,0.09521484,0.3125,0.46484375,0.01098633,Cytoplasm,"Nucleus, Mitochondrion"
ENSP00000478813,0.18457031,0.14648438,0.125,0.16210938,0.07177734,0.91015625,0.0088501,0.06640625,0.03369141,0.09667969,0.53125,Mitochondrion,Mitochondrion
ENSP00000307695,0.18945312,0.55078125,0.47851562,0.19335938,0.21777344,0.27734375,0.00128174,0.10986328,0.16113281,0.15527344,0.421875,Cytoplasm,Nucleus
ENSP00000225972,0.6875,0.17285156,0.22167969,0.04663086,0.29296875,0.48046875,0.03515625,0.43164062,0.30273438,0.26953125,0.1875,Membrane,Endoplasmic reticulum
ENSP00000380311,0.18261719,0.51953125,0.7421875,0.04663086,0.140625,0.14453125,0.0018692,0.078125,0.12890625,0.14257812,0.03198242,"Cytoplasm, Nucleus",Nucleus
ENSP00000329214,0.38671875,0.20214844,0.16894531,0.7421875,0.078125,0.19726562,0.0088501,0.21484375,0.08886719,0.5,0.03613281,Extracellular,Nucleus
ENSP00000321679,0.19238281,0.46484375,0.44140625,0.12011719,0.2578125,0.30859375,0.00421143,0.12597656,0.20703125,0.33789062,0.07568359,None,Nucleus
ENSP00000316042,0.04663086,0.578125,0.7109375,0.01324463,0.0402832,0.17675781,0.00521851,0.01068115,0.05932617,0.04272461,0.00145721,"Cytoplasm, Nucleus",Nucleus
ENSP00000446680,0.03320312,0.2109375,0.8203125,0.01794434,0.01696777,0.00650024,0.00756836,0.00610352,0.01245117,0.0088501,0.09521484,Nucleus,Nucleus
ENSP00000346300,0.31054688,0.58203125,0.5390625,0.05834961,0.3515625,0.08398438,0.00128174,0.02844238,0.35351562,0.25195312,0.00521851,"Cytoplasm, Nucleus",Nucleus
ENSP00000279206,0.05493164,0.53125,0.33789062,0.6484375,0.14355469,0.45117188,0.00064468,0.05419922,0.03686523,0.09130859,0.85546875,"Cytoplasm, Extracellular, Peroxisome",Nucleus
ENSP00000407646,0.20019531,0.40820312,0.34375,0.35351562,0.11132812,0.36914062,0.01544189,0.11279297,0.02893066,0.10693359,0.00262451,None,"Cytoplasm, Nucleus"
ENSP00000352831,0.11425781,0.4609375,0.5625,0.14941406,0.06005859,0.2734375,0.00132751,0.03112793,0.0402832,0.06298828,0.04394531,Nucleus,Nucleus
ENSP00000274000,0.59765625,0.40039062,0.4140625,0.01831055,0.5546875,0.25976562,0.01745605,0.04272461,0.32421875,0.53515625,0.05737305,"Membrane, Cell membrane",Golgi apparatus
ENSP00000457284,0.1796875,0.24511719,0.12109375,0.953125,0.24121094,0.16992188,0.00756836,0.12353516,0.21875,0.37890625,0.05737305,Extracellular,"Cytoplasm, Cell membrane"
ENSP00000326305,0.859375,0.21582031,0.11132812,0.02062988,0.36914062,0.91796875,0.02929688,0.31835938,0.15527344,0.20019531,0.31835938,"Membrane, Mitochondrion",Mitochondrion
ENSP00000393970,0.22558594,0.578125,0.46875,0.22265625,0.16210938,0.44140625,0.26367188,0.27148438,0.16992188,0.23535156,0.01452637,Cytoplasm,Mitochondrion
ENSP00000275766,0.02514648,0.45117188,0.55859375,0.63671875,0.0279541,0.11914062,0.00023079,0.04199219,0.05029297,0.04199219,0.00141144,Nucleus,Cytoplasm
ENSP00000446662,0.2265625,0.26367188,0.17285156,0.86328125,0.28125,0.10351562,0.00521851,0.17285156,0.33398438,0.30859375,0.0324707,Extracellular,"Endoplasmic reticulum, Golgi apparatus"
ENSP00000416970,0.14160156,0.16699219,0.13867188,0.22363281,0.10498047,0.8671875,0.00521851,0.0534668,0.09130859,0.11425781,0.1328125,Mitochondrion,Mitochondrion
ENSP00000283429,0.140625,0.31054688,0.30664062,0.27539062,0.16796875,0.2734375,0.01000977,0.03686523,0.10693359,0.26171875,0.31835938,None,Nucleus
ENSP00000503461,0.24121094,0.15332031,0.078125,0.09277344,0.14941406,0.953125,0.02294922,0.04882812,0.05175781,0.14453125,0.08398438,Mitochondrion,Mitochondrion
ENSP00000496754,0.06103516,0.36132812,0.609375,0.45703125,0.06103516,0.15039062,0.00068665,0.07714844,0.02722168,0.078125,0.0071106,Nucleus,Nucleus
ENSP00000265523,0.04882812,0.52734375,0.546875,0.15917969,0.01202393,0.31054688,0.07080078,0.09033203,0.02636719,0.14257812,0.03613281,"Cytoplasm, Nucleus",Cytoplasm
ENSP00000408065,0.1796875,0.41992188,0.25,0.5625,0.12988281,0.20800781,0.0055542,0.00830078,0.125,0.07910156,0.01879883,None,Nucleus
ENSP00000392629,0.25585938,0.3125,0.10351562,0.828125,0.15722656,0.50390625,0.00405884,0.34960938,0.17480469,0.14453125,0.0378418,Extracellular,Cell membrane
ENSP00000371061,0.19433594,0.546875,0.55078125,0.12597656,0.19921875,0.12011719,0.00073242,0.16699219,0.16699219,0.23925781,0.01202393,"Cytoplasm, Nucleus","Cytoplasm, Nucleus"
ENSP00000442224,0.06005859,0.35742188,0.7421875,0.18457031,0.07177734,0.09521484,0.0055542,0.06933594,0.04541016,0.13378906,0.01361084,Nucleus,Nucleus
ENSP00000265164,0.1796875,0.67578125,0.5,0.43359375,0.34570312,0.54296875,0.00026131,0.21191406,0.29882812,0.16601562,0.0078125,Cytoplasm,Cytoplasm
ENSP00000438605,0.19726562,0.4453125,0.2265625,0.859375,0.27734375,0.23828125,0.00102997,0.19921875,0.20703125,0.30859375,0.0378418,Extracellular,Golgi apparatus
ENSP00000429225,0.66015625,0.68359375,0.11572266,0.01745605,0.44335938,0.90234375,0.00280762,0.7109375,0.53515625,0.5078125,0.12988281,"Membrane, Cytoplasm, Mitochondrion, Endoplasmic reticulum",Cytoplasm
ENSP00000420452,0.10498047,0.32421875,0.2109375,0.89453125,0.12988281,0.24511719,0.00308228,0.09960938,0.12109375,0.24121094,0.12353516,Extracellular,Nucleus
ENSP00000370990,0.06738281,0.21875,0.83984375,0.01202393,0.03686523,0.12109375,0.00970459,0.09667969,0.01165771,0.07373047,0.26757812,Nucleus,Nucleus
ENSP00000413666,0.20410156,0.4453125,0.63671875,0.11767578,0.20800781,0.16308594,0.00254822,0.03320312,0.13964844,0.16894531,0.15625,Nucleus,Cytoplasm
ENSP00000296921,0.08496094,0.13769531,0.88671875,0.00218201,0.04663086,0.02600098,0.0018692,0.02258301,0.01135254,0.03173828,0.06005859,Nucleus,Nucleus
ENSP00000448029,0.64453125,0.2421875,0.15527344,0.2421875,0.51171875,0.16699219,0.00141144,0.2734375,0.5078125,0.44140625,0.1953125,Membrane,"Endoplasmic reticulum, Golgi apparatus"
ENSP00000503416,0.04541016,0.25585938,0.84765625,0.05932617,0.07275391,0.19238281,0.00040436,0.01745605,0.02929688,0.05029297,0.00317383,Nucleus,"Cytoplasm, Nucleus"
ENSP00000452777,0.2421875,0.11279297,0.078125,0.19335938,0.10253906,0.92578125,0.0255127,0.04394531,0.05419922,0.09960938,0.07177734,Mitochondrion,Mitochondrion
ENSP00000361524,0.07470703,0.19042969,0.7578125,0.265625,0.01696777,0.09277344,0.0005188,0.04199219,0.03515625,0.05102539,0.01635742,Nucleus,Nucleus
ENSP00000443578,0.15136719,0.45703125,0.29882812,0.42382812,0.06005859,0.46875,0.00628662,0.18457031,0.03466797,0.08642578,0.01696777,None,"Cytoplasm, Nucleus"
ENSP00000345580,0.77734375,0.17578125,0.13671875,0.01495361,0.25976562,0.85546875,0.03027344,0.24804688,0.23828125,0.12597656,0.37109375,"Membrane, Mitochondrion",Mitochondrion
ENSP00000362843,0.06835938,0.3984375,0.7265625,0.10351562,0.05664062,0.2578125,0.0005722,0.09130859,0.0480957,0.06933594,0.23535156,Nucleus,Nucleus
ENSP00000362691,0.09814453,0.45703125,0.64453125,0.14746094,0.06298828,0.16308594,0.02331543,0.09814453,0.20898438,0.11767578,0.08251953,Nucleus,Nucleus
ENSP00000262949,0.08154297,0.56640625,0.61328125,0.18554688,0.12011719,0.25390625,0.0005722,0.03686523,0.07568359,0.16601562,0.06933594,"Cytoplasm, Nucleus",Nucleus
ENSP00000499274,0.140625,0.37890625,0.56640625,0.40820312,0.11132812,0.359375,0.10839844,0.19824219,0.09521484,0.36132812,0.00360107,Nucleus,Cell membrane
ENSP00000453021,0.31835938,0.62890625,0.28320312,0.10986328,0.40039062,0.37304688,0.01696777,0.13867188,0.22949219,0.09521484,0.06347656,Cytoplasm,Nucleus
ENSP00000356374,0.06445312,0.53515625,0.60546875,0.01696777,0.10351562,0.09667969,0.01831055,0.09033203,0.078125,0.10253906,0.55078125,"Cytoplasm, Nucleus",Nucleus
ENSP00000507343,0.23535156,0.6171875,0.47851562,0.03564453,0.16210938,0.3359375,0.00023079,0.34960938,0.16210938,0.24511719,0.01361084,Cytoplasm,Cytoplasm
ENSP00000415689,0.078125,0.59765625,0.5703125,0.2421875,0.11914062,0.07373047,0.02600098,0.0390625,0.08398438,0.25976562,0.00382996,"Cytoplasm, Nucleus","Cytoplasm, Cell membrane"
ENSP00000377752,0.28320312,0.73828125,0.16210938,0.20703125,0.47851562,0.265625,0.00218201,0.0255127,0.07910156,0.10253906,0.00132751,Cytoplasm,Cytoplasm
ENSP00000481885,0.08056641,0.33789062,0.7734375,0.1328125,0.06005859,0.32617188,0.00066757,0.07910156,0.05102539,0.10498047,0.18359375,Nucleus,Nucleus
ENSP00000435422,0.02478027,0.24902344,0.9609375,0.08398438,0.03613281,0.02099609,0.0055542,0.00610352,0.01495361,0.01031494,0.00145721,Nucleus,Nucleus
ENSP00000357919,0.20410156,0.38671875,0.09814453,0.17675781,0.01940918,0.46289062,0.05664062,0.43554688,0.24902344,0.08496094,0.97265625,Peroxisome,Cytoplasm
ENSP00000393316,0.7890625,0.15429688,0.10693359,0.16015625,0.36914062,0.25976562,0.00735474,0.671875,0.27734375,0.4140625,0.03857422,"Membrane, Endoplasmic reticulum","Nucleus, Endoplasmic reticulum"
ENSP00000430243,0.16894531,0.63671875,0.56640625,0.09814453,0.05737305,0.33007812,0.02258301,0.18359375,0.12353516,0.32226562,0.14257812,"Cytoplasm, Nucleus",Cell membrane
ENSP00000343717,0.2734375,0.39453125,0.15136719,0.39257812,0.05102539,0.640625,0.07373047,0.44335938,0.29101562,0.24609375,0.578125,Mitochondrion,Cytoplasm
ENSP00000281437,0.03515625,0.17285156,0.8125,0.00860596,0.01696777,0.10498047,0.0011673,0.01245117,0.00610352,0.02600098,0.06445312,Nucleus,Nucleus
ENSP00000370508,0.19433594,0.11425781,0.08642578,0.24316406,0.05932617,0.96484375,0.12597656,0.02929688,0.02978516,0.06933594,0.01794434,Mitochondrion,"Nucleus, Mitochondrion"
ENSP00000401085,0.20898438,0.6015625,0.27148438,0.29492188,0.25195312,0.4453125,0.01361084,0.22558594,0.07470703,0.12792969,0.79296875,"Cytoplasm, Peroxisome",Nucleus
ENSP00000363055,0.14648438,0.58984375,0.3828125,0.06640625,0.14257812,0.43554688,0.00011587,0.08154297,0.11767578,0.2109375,0.02062988,Cytoplasm,"Cytoplasm, Nucleus"
ENSP00000463927,0.640625,0.22558594,0.12109375,0.36914062,0.66796875,0.12109375,0.00668335,0.20019531,0.20019531,0.26367188,0.36328125,"Membrane, Cell membrane",Cell membrane
ENSP00000360594,0.03198242,0.24804688,0.94921875,0.01544189,0.01452637,0.10986328,0.00537109,0.01635742,0.01324463,0.04272461,0.00337219,Nucleus,Nucleus
ENSP00000225576,0.58984375,0.22949219,0.24609375,0.04956055,0.16210938,0.24511719,0.03369141,0.5703125,0.39257812,0.5234375,0.05102539,Membrane,Golgi apparatus
ENSP00000450324,0.10498047,0.42382812,0.40625,0.01635742,0.09033203,0.23828125,0.00360107,0.06298828,0.18457031,0.15820312,0.01068115,None,Cytoplasm
ENSP00000264468,0.28710938,0.2890625,0.1640625,0.72265625,0.33007812,0.14648438,0.02478027,0.19726562,0.11914062,0.16699219,0.02478027,Extracellular,Cell membrane
ENSP00000292894,0.02001953,0.35351562,0.65234375,0.55078125,0.0324707,0.20898438,0.00082779,0.0279541,0.02978516,0.02600098,0.15527344,Nucleus,Nucleus
ENSP00000504884,0.22167969,0.60546875,0.37109375,0.16308594,0.31640625,0.16601562,0.00066757,0.08642578,0.32421875,0.27929688,0.10693359,Cytoplasm,"Cytoplasm, Cell membrane"
ENSP00000480322,0.65234375,0.12890625,0.08056641,0.59765625,0.57421875,0.36914062,0.01916504,0.09033203,0.3828125,0.17871094,0.41601562,"Membrane, Cell membrane",Cell membrane
ENSP00000494695,0.07470703,0.359375,0.78125,0.21191406,0.06103516,0.40429688,0.07177734,0.06640625,0.20898438,0.16308594,0.01324463,Nucleus,Nucleus
ENSP00000423075,0.05029297,0.609375,0.78125,0.00460815,0.07373047,0.05834961,0.00141144,0.02331543,0.03466797,0.05273438,0.02636719,"Cytoplasm, Nucleus",Nucleus
ENSP00000361338,0.67578125,0.11767578,0.08886719,0.19726562,0.29492188,0.26367188,0.02233887,0.42578125,0.10693359,0.38476562,0.04345703,Membrane,Nucleus
ENSP00000357932,0.16894531,0.58984375,0.4453125,0.08398438,0.16601562,0.31445312,0.0055542,0.07568359,0.23339844,0.3203125,0.13183594,Cytoplasm,Cytoplasm
ENSP00000309973,0.09814453,0.51953125,0.53125,0.43554688,0.10839844,0.29101562,0.0559082,0.14453125,0.05175781,0.09667969,0.06835938,"Cytoplasm, Nucleus",Mitochondrion
ENSP00000307508,0.40039062,0.51953125,0.29101562,0.05664062,0.4609375,0.06640625,0.04663086,0.18457031,0.26171875,0.19433594,0.00537109,Cytoplasm,Cytoplasm
ENSP00000280056,0.20898438,0.4609375,0.4921875,0.52734375,0.07714844,0.51953125,0.06176758,0.16699219,0.05834961,0.06933594,0.08154297,None,Nucleus
ENSP00000436775,0.15722656,0.5078125,0.4609375,0.140625,0.17871094,0.5234375,0.01281738,0.1484375,0.14941406,0.12109375,0.578125,Cytoplasm,Nucleus
ENSP00000407970,0.06103516,0.57421875,0.24511719,0.49023438,0.12792969,0.45507812,0.00120544,0.09130859,0.06298828,0.10839844,0.6953125,Cytoplasm,Nucleus
ENSP00000497159,0.02636719,0.41601562,0.63671875,0.09423828,0.01281738,0.23828125,0.01245117,0.078125,0.0559082,0.22167969,0.10693359,Nucleus,Cytoplasm
ENSP00000427754,0.30664062,0.5390625,0.47460938,0.06542969,0.17675781,0.546875,0.00120544,0.04077148,0.2265625,0.1796875,0.01696777,Cytoplasm,"Cytoplasm, Nucleus"
ENSP00000309023,0.609375,0.38476562,0.4296875,0.01831055,0.5859375,0.23535156,0.01361084,0.04077148,0.33984375,0.4921875,0.07910156,"Membrane, Cell membrane",Golgi apparatus
ENSP00000484054,0.25195312,0.6875,0.26171875,0.08251953,0.21289062,0.32421875,0.00280762,0.11914062,0.6015625,0.5703125,0.01544189,"Cytoplasm, Lysosome/Vacuole",Golgi apparatus
ENSP00000411565,0.20410156,0.3984375,0.6015625,0.43945312,0.08154297,0.48242188,0.11425781,0.078125,0.03515625,0.06005859,0.08886719,Nucleus,Nucleus
ENSP00000366235,0.19238281,0.515625,0.40039062,0.12011719,0.12109375,0.44726562,0.00476074,0.12109375,0.17089844,0.20019531,0.22851562,Cytoplasm,Cytoplasm
ENSP00000311697,0.10351562,0.31445312,0.21289062,0.9296875,0.17480469,0.32421875,0.00280762,0.09960938,0.09667969,0.07373047,0.03369141,Extracellular,Nucleus
ENSP00000434982,0.21484375,0.6171875,0.4296875,0.00735474,0.30078125,0.13574219,0.00175476,0.13085938,0.1328125,0.0324707,0.04882812,Cytoplasm,Cytoplasm
ENSP00000448952,0.23632812,0.74609375,0.25390625,0.22363281,0.16210938,0.23046875,0.00150299,0.05737305,0.30859375,0.21875,0.02844238,Cytoplasm,Nucleus
ENSP00000422084,0.10498047,0.6953125,0.578125,0.05102539,0.0480957,0.04467773,0.00297546,0.06933594,0.14648438,0.16015625,0.01586914,"Cytoplasm, Nucleus","Cytoplasm, Cell membrane"
ENSP00000331268,0.19238281,0.5859375,0.5,0.04882812,0.29296875,0.11767578,0.01635742,0.14160156,0.20214844,0.24121094,0.01281738,Cytoplasm,Cytoplasm
ENSP00000281703,0.17773438,0.640625,0.47460938,0.6328125,0.13574219,0.36914062,0.24511719,0.15820312,0.09667969,0.171875,0.02722168,Cytoplasm,Cytoplasm
ENSP00000482293,0.03955078,0.5078125,0.7421875,0.07470703,0.05273438,0.12353516,0.00756836,0.0378418,0.07177734,0.03417969,0.00180817,"Cytoplasm, Nucleus",Nucleus
ENSP00000475617,0.04150391,0.3515625,0.7734375,0.26171875,0.05737305,0.15332031,0.0078125,0.02441406,0.02368164,0.02893066,0.18945312,Nucleus,Nucleus
ENSP00000434049,0.06933594,0.19726562,0.625,0.03112793,0.05102539,0.08056641,0.00106812,0.00830078,0.02844238,0.00830078,0.10253906,Nucleus,"Cytoplasm, Nucleus"
ENSP00000412620,0.06835938,0.24121094,0.83984375,0.10253906,0.09667969,0.00830078,0.00024605,0.02636719,0.01855469,0.13769531,0.00445557,Nucleus,Nucleus
ENSP00000362842,0.09814453,0.4453125,0.7578125,0.06835938,0.05273438,0.21191406,0.00015831,0.04736328,0.16113281,0.19433594,0.02844238,Nucleus,Nucleus
ENSP00000501353,0.13378906,0.5546875,0.49609375,0.08496094,0.17675781,0.20703125,0.00044441,0.06298828,0.08496094,0.17675781,0.09423828,Cytoplasm,Cell membrane
ENSP00000495429,0.03515625,0.34960938,0.74609375,0.24902344,0.01855469,0.14941406,0.00198364,0.0324707,0.02001953,0.03564453,0.0043335,Nucleus,Nucleus
ENSP00000467497,0.06835938,0.32226562,0.9140625,0.07714844,0.06933594,0.17089844,0.0011673,0.04272461,0.07080078,0.04736328,0.11767578,Nucleus,Nucleus
ENSP00000428838,0.16308594,0.5234375,0.7265625,0.08154297,0.22558594,0.09033203,0.00650024,0.07080078,0.04272461,0.04199219,0.00460815,"Cytoplasm, Nucleus",Nucleus
ENSP00000349709,0.47851562,0.26367188,0.125,0.44335938,0.515625,0.1640625,0.00106812,0.5,0.3125,0.20410156,0.140625,Membrane,"Cytoplasm, Cell membrane"
ENSP00000166139,0.17578125,0.26757812,0.11132812,0.94140625,0.19726562,0.19824219,0.00650024,0.14941406,0.39453125,0.46289062,0.09960938,Extracellular,Nucleus
ENSP00000476193,0.14941406,0.60546875,0.24609375,0.75390625,0.09033203,0.40820312,0.02893066,0.11279297,0.15625,0.28125,0.01031494,"Cytoplasm, Extracellular",Cytoplasm
ENSP00000467433,0.12402344,0.546875,0.33789062,0.01586914,0.28515625,0.17578125,0.00128174,0.0078125,0.05273438,0.0267334,0.12011719,Cytoplasm,Nucleus
ENSP00000417520,0.16113281,0.18554688,0.12011719,0.9140625,0.25195312,0.21484375,0.02294922,0.40625,0.31640625,0.265625,0.00592041,Extracellular,"Nucleus, Golgi apparatus"
ENSP00000288757,0.05493164,0.33984375,0.78515625,0.11914062,0.08056641,0.04663086,0.00254822,0.03112793,0.02929688,0.1328125,0.00756836,Nucleus,Nucleus
ENSP00000375397,0.13574219,0.4375,0.515625,0.29492188,0.18457031,0.2734375,0.00421143,0.08398438,0.07714844,0.13085938,0.03369141,None,Nucleus
ENSP00000497242,0.05737305,0.38867188,0.42773438,0.81640625,0.12988281,0.41992188,0.02514648,0.01635742,0.03955078,0.09960938,0.02514648,Extracellular,Mitochondrion
ENSP00000489907,0.05834961,0.453125,0.74609375,0.3828125,0.04882812,0.11572266,0.00019073,0.06298828,0.05664062,0.07275391,0.01696777,Nucleus,Nucleus
ENSP00000259699,0.53515625,0.27734375,0.08740234,0.5859375,0.6015625,0.14746094,0.00145721,0.26171875,0.41210938,0.23339844,0.33398438,"Membrane, Cell membrane",Cell membrane
ENSP00000158526,0.05419922,0.26953125,0.78515625,0.13769531,0.03027344,0.15527344,0.00043106,0.08886719,0.06005859,0.11425781,0.00082779,Nucleus,Nucleus
ENSP00000468145,0.6484375,0.17578125,0.10498047,0.13183594,0.55859375,0.2265625,0.00421143,0.33984375,0.20019531,0.27539062,0.14648438,"Membrane, Cell membrane",Cell membrane
ENSP00000427883,0.15039062,0.2734375,0.21484375,0.75390625,0.15625,0.27734375,0.08398438,0.22265625,0.18847656,0.4140625,0.0088501,Extracellular,Nucleus
ENSP00000378638,0.19921875,0.40234375,0.40625,0.41992188,0.1640625,0.5703125,0.01000977,0.30273438,0.14648438,0.26171875,0.2734375,None,Cytoplasm
ENSP00000364373,0.13671875,0.39453125,0.47265625,0.50390625,0.10839844,0.58984375,0.2578125,0.1328125,0.20019531,0.2890625,0.08886719,None,"Cytoplasm, Nucleus"
ENSP00000359668,0.04345703,0.53125,0.77734375,0.09277344,0.06347656,0.06542969,0.00370789,0.02331543,0.03735352,0.02258301,0.09423828,"Cytoplasm, Nucleus",Nucleus
ENSP00000481920,0.08154297,0.42578125,0.71875,0.41210938,0.05493164,0.19824219,0.00805664,0.15039062,0.08642578,0.08740234,0.02478027,Nucleus,Nucleus
ENSP00000345674,0.20898438,0.34765625,0.28515625,0.19433594,0.17480469,0.10693359,0.00039291,0.09521484,0.23046875,0.02404785,0.98828125,Peroxisome,Golgi apparatus
ENSP00000290330,0.21289062,0.515625,0.36523438,0.05932617,0.05493164,0.05419922,0.00193024,0.21777344,0.37890625,0.41210938,0.0043335,Cytoplasm,"Cytoplasm, Nucleus"
ENSP00000400792,0.21777344,0.73046875,0.703125,0.02722168,0.13085938,0.10351562,0.0008049,0.24609375,0.17480469,0.73828125,0.05419922,"Cytoplasm, Nucleus, Golgi apparatus",Nucleus
ENSP00000361032,0.02758789,0.3359375,0.85546875,0.04956055,0.02478027,0.29101562,0.00650024,0.07568359,0.02929688,0.02062988,0.00308228,Nucleus,Nucleus
ENSP00000343134,0.17675781,0.23632812,0.45507812,0.02636719,0.10498047,0.11572266,0.0018692,0.09960938,0.34570312,0.03417969,0.74609375,Peroxisome,Golgi apparatus
ENSP00000313776,0.5234375,0.28515625,0.10107422,0.56640625,0.609375,0.11572266,0.00128174,0.24804688,0.43359375,0.2109375,0.35742188,"Membrane, Cell membrane",Cell membrane
ENSP00000357375,0.66796875,0.21484375,0.09521484,0.44726562,0.6640625,0.10498047,0.0055542,0.24511719,0.46484375,0.23632812,0.22949219,"Membrane, Cell membrane",Cell membrane
ENSP00000341125,0.13964844,0.42382812,0.40429688,0.7109375,0.17675781,0.31445312,0.00062561,0.13867188,0.203125,0.06176758,0.08251953,Extracellular,Cytoplasm
ENSP00000258301,0.7890625,0.22851562,0.06933594,0.01031494,0.40429688,0.5546875,0.00198364,0.24804688,0.6796875,0.77734375,0.22167969,"Membrane, Lysosome/Vacuole, Golgi apparatus","Nucleus, Golgi apparatus"
ENSP00000455091,0.19335938,0.72265625,0.5234375,0.12011719,0.10498047,0.26367188,0.01135254,0.19921875,0.02404785,0.16210938,0.00915527,Cytoplasm,Cytoplasm
ENSP00000420052,0.7578125,0.140625,0.13964844,0.05737305,0.15332031,0.54296875,0.01403809,0.73046875,0.31835938,0.5859375,0.5078125,"Membrane, Endoplasmic reticulum",Nucleus
ENSP00000373175,0.16699219,0.14648438,0.1484375,0.10839844,0.06738281,0.859375,0.00860596,0.07714844,0.05419922,0.08642578,0.7734375,"Mitochondrion, Peroxisome",Mitochondrion
ENSP00000383626,0.39453125,0.640625,0.25976562,0.3828125,0.49414062,0.3125,0.0008049,0.16601562,0.24316406,0.265625,0.01245117,Cytoplasm,"Nucleus, Cell membrane"
ENSP00000380612,0.11572266,0.68359375,0.55078125,0.3125,0.13671875,0.20214844,0.02441406,0.12890625,0.08056641,0.13574219,0.01977539,"Cytoplasm, Nucleus",Nucleus
ENSP00000378580,0.21875,0.43945312,0.38671875,0.6171875,0.21191406,0.40820312,0.02062988,0.24804688,0.20019531,0.29101562,0.06933594,None,"Cytoplasm, Nucleus, Cell membrane"
ENSP00000507949,0.12792969,0.44726562,0.44921875,0.546875,0.06005859,0.6015625,0.28125,0.09521484,0.09130859,0.04467773,0.07177734,None,Mitochondrion
ENSP00000426075,0.0324707,0.27929688,0.8515625,0.06298828,0.02099609,0.10839844,0.00445557,0.00915527,0.01068115,0.03686523,0.00370789,Nucleus,Nucleus
ENSP00000327268,0.27148438,0.296875,0.10693359,0.10986328,0.16210938,0.91015625,0.01281738,0.03515625,0.0559082,0.09130859,0.21875,Mitochondrion,Mitochondrion
ENSP00000489978,0.12402344,0.578125,0.55078125,0.4375,0.20214844,0.30273438,0.01855469,0.10986328,0.11914062,0.13867188,0.10986328,"Cytoplasm, Nucleus",Nucleus
ENSP00000483433,0.30273438,0.3828125,0.546875,0.79296875,0.09960938,0.20410156,0.01403809,0.32226562,0.09277344,0.04614258,0.00830078,"Nucleus, Extracellular",Endoplasmic reticulum
ENSP00000480632,0.07080078,0.2890625,0.5078125,0.06103516,0.05273438,0.34960938,0.00288391,0.10693359,0.07275391,0.02929688,0.12109375,None,Nucleus
ENSP00000430870,0.23925781,0.43164062,0.41601562,0.5078125,0.24902344,0.26367188,0.01165771,0.22265625,0.15429688,0.24902344,0.34375,None,"Nucleus, Mitochondrion"
ENSP00000466224,0.04736328,0.375,0.55859375,0.05102539,0.03857422,0.08496094,0.00262451,0.01452637,0.05175781,0.0324707,0.16113281,Nucleus,Nucleus
ENSP00000383625,0.34375,0.66796875,0.25390625,0.41796875,0.453125,0.29882812,0.00109863,0.16796875,0.21289062,0.24902344,0.00805664,Cytoplasm,"Nucleus, Cell membrane"
ENSP00000250124,0.89453125,0.11425781,0.12158203,0.02844238,0.28320312,0.27929688,0.00070953,0.63671875,0.27734375,0.56640625,0.27929688,"Membrane, Endoplasmic reticulum","Mitochondrion, Endoplasmic reticulum"
ENSP00000388486,0.07080078,0.16113281,0.671875,0.01361084,0.00830078,0.5078125,0.00113678,0.01000977,0.16210938,0.01324463,0.02978516,Nucleus,Nucleus
ENSP00000301159,0.02893066,0.24609375,0.89453125,0.06176758,0.02478027,0.15917969,0.0007782,0.01635742,0.01794434,0.01855469,0.05737305,Nucleus,Nucleus
ENSP00000300145,0.24609375,0.5234375,0.22265625,0.8125,0.12597656,0.49609375,0.01794434,0.29101562,0.28125,0.19335938,0.38671875,"Cytoplasm, Extracellular","Cytoplasm, Cell membrane"
ENSP00000259030,0.34960938,0.27929688,0.40429688,0.53125,0.21191406,0.24316406,0.00521851,0.3515625,0.30859375,0.22363281,0.18847656,None,Nucleus
ENSP00000507675,0.17285156,0.16894531,0.11572266,0.05737305,0.04272461,0.9609375,0.21777344,0.02722168,0.04614258,0.04467773,0.19726562,Mitochondrion,Mitochondrion
ENSP00000412024,0.67578125,0.15527344,0.07714844,0.01281738,0.10986328,0.85546875,0.07568359,0.11914062,0.04150391,0.03369141,0.56640625,"Membrane, Mitochondrion",Mitochondrion
ENSP00000386037,0.04199219,0.16308594,0.6171875,0.01098633,0.0267334,0.38476562,0.00060654,0.01940918,0.01452637,0.11914062,0.03686523,Nucleus,Nucleus
ENSP00000323571,0.28710938,0.3203125,0.23925781,0.69140625,0.11572266,0.3984375,0.02478027,0.26367188,0.13574219,0.18847656,0.0559082,Extracellular,Cell membrane
ENSP00000239461,0.10498047,0.11767578,0.6953125,0.00015831,0.02160645,0.11132812,0.00164795,0.01452637,0.00915527,0.07568359,0.11425781,Nucleus,Nucleus
ENSP00000389498,0.12695312,0.20605469,0.8359375,0.0267334,0.06298828,0.11914062,0.00120544,0.03063965,0.10986328,0.06176758,0.00521851,Nucleus,Nucleus
ENSP00000487380,0.33398438,0.58203125,0.34179688,0.00628662,0.23535156,0.5546875,0.00689697,0.09521484,0.09960938,0.15429688,0.01324463,Cytoplasm,Nucleus
ENSP00000434333,0.01495361,0.3671875,0.7734375,0.04736328,0.02368164,0.08496094,0.00170135,0.0255127,0.01452637,0.06298828,0.00066757,Nucleus,Nucleus
ENSP00000430946,0.09814453,0.43359375,0.60546875,0.47265625,0.10498047,0.30664062,0.00382996,0.1796875,0.11279297,0.2265625,0.265625,Nucleus,Nucleus
ENSP00000499597,0.06176758,0.31835938,0.890625,0.04394531,0.08740234,0.05419922,0.00043106,0.01495361,0.0378418,0.03112793,0.00328064,Nucleus,Nucleus
ENSP00000490251,0.11914062,0.18847656,0.1484375,0.15332031,0.09423828,0.92578125,0.00915527,0.04663086,0.04199219,0.05664062,0.12597656,Mitochondrion,Mitochondrion
ENSP00000479323,0.80859375,0.24511719,0.11132812,0.10986328,0.8125,0.05834961,0.00288391,0.12988281,0.6171875,0.56640625,0.10839844,"Membrane, Cell membrane, Lysosome/Vacuole",Nucleus
ENSP00000437411,0.30664062,0.56640625,0.22363281,0.17480469,0.30273438,0.17089844,0.00175476,0.0559082,0.3203125,0.6328125,0.01977539,Cytoplasm,Nucleus
ENSP00000378493,0.19824219,0.46289062,0.421875,0.09033203,0.1484375,0.578125,0.0055542,0.36132812,0.24609375,0.21582031,0.15917969,None,Nucleus
ENSP00000040584,0.05175781,0.27539062,0.828125,0.01361084,0.03173828,0.0324707,0.0057373,0.01135254,0.06835938,0.00805664,0.04614258,Nucleus,Nucleus
ENSP00000343482,0.6640625,0.21777344,0.09667969,0.45898438,0.67578125,0.10986328,0.00610352,0.2890625,0.43164062,0.28320312,0.22363281,"Membrane, Cell membrane",Cell membrane
ENSP00000494088,0.26171875,0.5078125,0.36132812,0.23925781,0.1953125,0.36914062,0.03735352,0.13476562,0.37304688,0.34960938,0.2109375,Cytoplasm,Nucleus
ENSP00000358027,0.21875,0.15722656,0.11132812,0.12988281,0.07275391,0.8984375,0.16601562,0.05737305,0.05664062,0.09814453,0.18847656,Mitochondrion,Cytoplasm
ENSP00000389368,0.31835938,0.38671875,0.34570312,0.10498047,0.15917969,0.43554688,0.02258301,0.24511719,0.07714844,0.27148438,0.01068115,None,Nucleus
ENSP00000413595,0.24316406,0.48046875,0.6015625,0.05737305,0.19335938,0.3359375,0.0559082,0.13769531,0.23925781,0.20703125,0.00860596,"Cytoplasm, Nucleus",Nucleus
ENSP00000358616,0.11767578,0.49804688,0.5625,0.00668335,0.09130859,0.11279297,0.00328064,0.07080078,0.13867188,0.06298828,0.0011673,"Cytoplasm, Nucleus",Nucleus
ENSP00000506466,0.22851562,0.53515625,0.37695312,0.13378906,0.17773438,0.4609375,0.01361084,0.1640625,0.11279297,0.22167969,0.32226562,Cytoplasm,Cytoplasm
ENSP00000494393,0.25195312,0.5390625,0.57421875,0.3125,0.16308594,0.26953125,0.04394531,0.18945312,0.26953125,0.48632812,0.03686523,"Cytoplasm, Nucleus",Cytoplasm
ENSP00000452319,0.11132812,0.5,0.48242188,0.22167969,0.14746094,0.703125,0.00132751,0.06640625,0.01794434,0.07714844,0.02160645,"Cytoplasm, Mitochondrion",Cytoplasm
ENSP00000436276,0.07910156,0.31640625,0.87890625,0.09130859,0.1328125,0.15527344,0.00036812,0.04199219,0.0559082,0.03686523,0.04394531,Nucleus,Nucleus
ENSP00000408819,0.18164062,0.23339844,0.25976562,0.58984375,0.28710938,0.13183594,0.00060654,0.13769531,0.09423828,0.06933594,0.12109375,None,Cell membrane
ENSP00000345468,0.78125,0.2265625,0.1328125,0.10693359,0.703125,0.265625,0.05273438,0.30078125,0.5703125,0.75390625,0.00650024,"Membrane, Cell membrane, Lysosome/Vacuole, Golgi apparatus",Nucleus
ENSP00000216027,0.12988281,0.1796875,0.22949219,0.24902344,0.11914062,0.8515625,0.00198364,0.07177734,0.05273438,0.06640625,0.12402344,Mitochondrion,"Cytoplasm, Mitochondrion"
ENSP00000438355,0.81640625,0.2109375,0.04467773,0.00689697,0.25195312,0.84765625,0.06835938,0.3828125,0.30664062,0.13867188,0.68359375,"Membrane, Mitochondrion",Peroxisome
ENSP00000286317,0.0378418,0.51171875,0.78125,0.00445557,0.02758789,0.11279297,0.00075531,0.09130859,0.15234375,0.12890625,0.00460815,"Cytoplasm, Nucleus",Nucleus
ENSP00000421252,0.02038574,0.34179688,0.9375,0.02001953,0.01031494,0.02160645,0.00154877,0.01031494,0.02258301,0.09033203,0.00093842,Nucleus,Nucleus
ENSP00000468681,0.04199219,0.78515625,0.7265625,0.28320312,0.02929688,0.11132812,0.00062561,0.09423828,0.02844238,0.02331543,0.00012302,"Cytoplasm, Nucleus",Cytoplasm
ENSP00000446613,0.07714844,0.37304688,0.42773438,0.59375,0.0255127,0.734375,0.22265625,0.19726562,0.08740234,0.07470703,0.29101562,Mitochondrion,Cytoplasm
ENSP00000416386,0.19335938,0.25585938,0.21191406,0.671875,0.1484375,0.5234375,0.03955078,0.14648438,0.140625,0.16992188,0.0480957,Extracellular,Cell membrane
ENSP00000402554,0.12988281,0.46484375,0.5390625,0.3671875,0.10498047,0.33203125,0.0071106,0.35351562,0.05102539,0.06176758,0.02160645,Nucleus,Nucleus
ENSP00000357383,0.65625,0.203125,0.10253906,0.484375,0.69140625,0.11279297,0.0043335,0.21875,0.37304688,0.29492188,0.15625,"Membrane, Cell membrane",Cell membrane
ENSP00000354921,0.12402344,0.5703125,0.43359375,0.24902344,0.13378906,0.38671875,0.00150299,0.12353516,0.10986328,0.26953125,0.08251953,Cytoplasm,"Cytoplasm, Nucleus"
ENSP00000482500,0.04663086,0.39648438,0.76171875,0.10693359,0.0324707,0.2265625,0.00280762,0.01031494,0.01879883,0.03369141,0.02722168,Nucleus,"Cytoplasm, Nucleus"
ENSP00000248104,0.31640625,0.50390625,0.22363281,0.12109375,0.22949219,0.13574219,0.00262451,0.12890625,0.6640625,0.41992188,0.04394531,"Cytoplasm, Lysosome/Vacuole",Cytoplasm
ENSP00000467407,0.16992188,0.390625,0.5078125,0.61328125,0.04736328,0.6171875,0.00124359,0.31054688,0.08496094,0.36523438,0.01495361,None,Mitochondrion
ENSP00000355815,0.12402344,0.44726562,0.4296875,0.31054688,0.14941406,0.18164062,0.03515625,0.08496094,0.07275391,0.17089844,0.06005859,None,Cytoplasm
ENSP00000494221,0.09960938,0.42773438,0.6171875,0.15332031,0.06298828,0.15625,0.00132751,0.08056641,0.09423828,0.13964844,0.01245117,Nucleus,Nucleus
ENSP00000461388,0.19042969,0.48242188,0.45117188,0.05102539,0.22949219,0.34960938,0.00280762,0.10693359,0.10253906,0.29882812,0.03063965,Cytoplasm,"Cytoplasm, Nucleus"
ENSP00000357904,0.18164062,0.6953125,0.36914062,0.03198242,0.16992188,0.05102539,0.00102997,0.06005859,0.28710938,0.09960938,0.01361084,Cytoplasm,Nucleus
ENSP00000356332,0.546875,0.26367188,0.10107422,0.48242188,0.57421875,0.22558594,0.0018692,0.49414062,0.33789062,0.23828125,0.15429688,"Membrane, Cell membrane","Cytoplasm, Cell membrane"
ENSP00000398981,0.06835938,0.4609375,0.8359375,0.01855469,0.02758789,0.08496094,2.015e-05,0.03027344,0.04345703,0.11132812,0.00650024,Nucleus,Nucleus
ENSP00000473501,0.10839844,0.60546875,0.375,0.43554688,0.20605469,0.33203125,0.00128174,0.07373047,0.10107422,0.15820312,0.5,Cytoplasm,"Cytoplasm, Cell membrane"
ENSP00000385303,0.73828125,0.30859375,0.05493164,0.02124023,0.1796875,0.69140625,0.0402832,0.43359375,0.21484375,0.11914062,0.59765625,"Membrane, Mitochondrion",Peroxisome
ENSP00000507941,0.36914062,0.546875,0.25976562,0.05932617,0.19726562,0.68359375,0.0279541,0.53515625,0.16308594,0.39648438,0.06298828,"Cytoplasm, Mitochondrion",Cytoplasm
ENSP00000434998,0.171875,0.546875,0.328125,0.21875,0.26171875,0.22558594,0.0005188,0.26367188,0.08642578,0.16796875,0.10253906,Cytoplasm,"Nucleus, Cell membrane"
ENSP00000323782,0.06347656,0.46484375,0.71875,0.04956055,0.03466797,0.20019531,0.00382996,0.05273438,0.02722168,0.06176758,0.00193024,Nucleus,Cytoplasm
ENSP00000489757,0.15820312,0.38867188,0.36523438,0.06005859,0.12402344,0.50390625,0.01855469,0.22265625,0.06933594,0.04541016,0.5,None,Mitochondrion
ENSP00000440485,0.5,0.56640625,0.375,0.11572266,0.47265625,0.28125,0.00735474,0.11572266,0.11572266,0.33203125,0.01495361,"Membrane, Cytoplasm",Cytoplasm
ENSP00000385972,0.20703125,0.47460938,0.5,0.203125,0.078125,0.29101562,0.01940918,0.328125,0.20019531,0.26757812,0.003479,Cytoplasm,"Cytoplasm, Nucleus"
ENSP00000465413,0.1640625,0.4921875,0.49609375,0.1875,0.12255859,0.51953125,0.00689697,0.28515625,0.21777344,0.26171875,0.13085938,Cytoplasm,Nucleus
ENSP00000433578,0.14941406,0.4921875,0.70703125,0.1328125,0.10693359,0.10351562,0.04394531,0.1640625,0.21484375,0.13769531,0.05834961,"Cytoplasm, Nucleus",Cytoplasm
ENSP00000463053,0.08886719,0.34570312,0.4453125,0.3359375,0.08154297,0.57421875,0.40820312,0.09130859,0.11914062,0.11914062,0.13476562,None,Nucleus
ENSP00000339335,0.17773438,0.56640625,0.36328125,0.6875,0.14941406,0.23925781,0.00689697,0.10839844,0.21777344,0.20410156,0.03735352,"Cytoplasm, Extracellular","Cytoplasm, Nucleus, Cell membrane"
ENSP00000494836,0.26367188,0.53125,0.41796875,0.08886719,0.21777344,0.7421875,0.03173828,0.18261719,0.25585938,0.05664062,0.1328125,"Cytoplasm, Mitochondrion","Cytoplasm, Nucleus, Endoplasmic reticulum"
ENSP00000481736,0.15527344,0.49023438,0.48828125,0.21484375,0.16601562,0.48632812,0.01452637,0.26757812,0.24804688,0.28320312,0.15039062,Cytoplasm,"Cytoplasm, Nucleus"
ENSP00000400978,0.78515625,0.24902344,0.11767578,0.359375,0.40429688,0.15332031,0.04199219,0.42382812,0.296875,0.32617188,0.3046875,Membrane,Endoplasmic reticulum
ENSP00000321691,0.07373047,0.796875,0.36132812,0.453125,0.19238281,0.28320312,0.06103516,0.078125,0.01855469,0.02368164,0.07177734,Cytoplasm,Nucleus
ENSP00000343706,0.06640625,0.4296875,0.80859375,0.10839844,0.05419922,0.29101562,0.00120544,0.02929688,0.10107422,0.08740234,0.03857422,Nucleus,Nucleus
ENSP00000376842,0.06738281,0.51171875,0.85546875,0.00939941,0.02600098,0.07714844,3.314e-05,0.02929688,0.06542969,0.15429688,0.00915527,"Cytoplasm, Nucleus",Nucleus
ENSP00000358775,0.140625,0.12158203,0.16308594,0.12988281,0.11132812,0.87109375,0.00506592,0.06298828,0.04345703,0.10107422,0.22363281,Mitochondrion,Mitochondrion
ENSP00000357933,0.09521484,0.5,0.5859375,0.10107422,0.10351562,0.4296875,0.01098633,0.07470703,0.12890625,0.18164062,0.19824219,"Cytoplasm, Nucleus",Cytoplasm
ENSP00000420230,0.5234375,0.24316406,0.12255859,0.41796875,0.51171875,0.17871094,0.00668335,0.16992188,0.23925781,0.2109375,0.07714844,Membrane,Cell membrane
ENSP00000455709,0.1484375,0.55859375,0.41210938,0.41796875,0.15820312,0.41015625,0.00337219,0.11767578,0.23535156,0.36328125,0.14453125,Cytoplasm,Cell membrane
ENSP00000402432,0.10986328,0.4453125,0.40234375,0.5234375,0.12402344,0.61328125,0.0078125,0.15429688,0.17285156,0.25,0.74609375,Peroxisome,Cytoplasm
ENSP00000378347,0.17480469,0.19824219,0.13964844,0.52734375,0.22558594,0.12792969,0.00308228,0.44921875,0.41796875,0.453125,0.05419922,None,Endoplasmic reticulum
ENSP00000410924,0.06542969,0.50390625,0.69140625,0.12890625,0.06933594,0.15136719,0.00043106,0.02197266,0.07910156,0.33398438,0.13671875,"Cytoplasm, Nucleus",Nucleus
ENSP00000507974,0.26953125,0.58203125,0.3515625,0.11132812,0.3515625,0.04736328,0.00337219,0.03735352,0.20019531,0.03857422,0.06835938,Cytoplasm,"Cytoplasm, Nucleus, Cell membrane"
ENSP00000469165,0.38476562,0.390625,0.24902344,0.29101562,0.07910156,0.17480469,0.02233887,0.65234375,0.66015625,0.34960938,0.02441406,"Endoplasmic reticulum, Lysosome/Vacuole",Cell membrane
ENSP00000390921,0.25,0.6328125,0.4765625,0.0255127,0.17578125,0.13476562,0.00033569,0.13671875,0.37304688,0.21289062,0.00247192,Cytoplasm,"Cytoplasm, Nucleus, Cell membrane"
ENSP00000340836,0.12109375,0.640625,0.484375,0.10107422,0.09423828,0.12402344,0.01403809,0.02478027,0.29101562,0.33203125,0.0022583,Cytoplasm,Cytoplasm
ENSP00000483724,0.13085938,0.33007812,0.54296875,0.20703125,0.07910156,0.2421875,0.23339844,0.0559082,0.01940918,0.06738281,0.03112793,Nucleus,Nucleus
ENSP00000483581,0.578125,0.19726562,0.12109375,0.57421875,0.6328125,0.08251953,0.00421143,0.15039062,0.34765625,0.24121094,0.14648438,"Membrane, Cell membrane",Cell membrane
ENSP00000465103,0.10986328,0.41992188,0.6484375,0.57421875,0.16308594,0.34960938,0.00970459,0.18847656,0.10351562,0.21191406,0.17285156,Nucleus,Endoplasmic reticulum
ENSP00000447690,0.09277344,0.49609375,0.53125,0.20214844,0.08398438,0.16992188,0.00382996,0.04394531,0.03857422,0.30664062,0.00756836,"Cytoplasm, Nucleus",Nucleus
ENSP00000429461,0.19042969,0.38671875,0.21972656,0.5234375,0.10351562,0.70703125,0.1875,0.17578125,0.14160156,0.10693359,0.08496094,Mitochondrion,"Cytoplasm, Nucleus, Cell membrane"
ENSP00000417697,0.66796875,0.12011719,0.07373047,0.625,0.546875,0.375,0.01745605,0.10693359,0.47460938,0.19433594,0.625,"Membrane, Cell membrane",Cell membrane
ENSP00000395172,0.06103516,0.37890625,0.78515625,0.07470703,0.0480957,0.23535156,0.00058746,0.10351562,0.04956055,0.05493164,0.3515625,Nucleus,Nucleus
ENSP00000435478,0.21289062,0.625,0.23046875,0.15820312,0.13671875,0.44921875,0.01696777,0.09814453,0.11425781,0.171875,0.31835938,Cytoplasm,"Nucleus, Cell membrane"
ENSP00000364366,0.25585938,0.65234375,0.5546875,0.03613281,0.34765625,0.13378906,0.00328064,0.3203125,0.15625,0.30859375,0.06176758,"Cytoplasm, Nucleus","Cytoplasm, Nucleus"
ENSP00000350101,0.125,0.34179688,0.5625,0.59765625,0.24804688,0.6171875,0.0043335,0.06835938,0.10693359,0.359375,0.23242188,Nucleus,Nucleus
ENSP00000443330,0.42578125,0.39257812,0.48632812,0.12792969,0.27539062,0.40039062,0.00308228,0.08642578,0.16601562,0.44335938,0.02404785,None,Nucleus
ENSP00000359727,0.19433594,0.59375,0.40625,0.0390625,0.23242188,0.22949219,0.00939941,0.03369141,0.13476562,0.15332031,0.11767578,Cytoplasm,Cytoplasm
ENSP00000354633,0.0402832,0.23242188,0.77734375,0.11572266,0.0378418,0.09814453,0.00150299,0.01202393,0.01245117,0.02038574,0.00154877,Nucleus,Nucleus
ENSP00000402496,0.08154297,0.421875,0.86328125,0.00735474,0.04272461,0.20410156,0.00198364,0.03369141,0.16015625,0.05273438,0.01324463,Nucleus,Nucleus
ENSP00000507540,0.265625,0.546875,0.40820312,0.03466797,0.18164062,0.25195312,0.00040436,0.21289062,0.34765625,0.3671875,0.00212097,Cytoplasm,"Cytoplasm, Nucleus, Cell membrane"
ENSP00000493494,0.31445312,0.65625,0.23242188,0.12988281,0.32421875,0.38476562,0.06640625,0.15234375,0.27148438,0.26953125,0.40429688,Cytoplasm,Nucleus
ENSP00000482619,0.09521484,0.37890625,0.45507812,0.78515625,0.1640625,0.37890625,0.01361084,0.07275391,0.0402832,0.17675781,0.47460938,Extracellular,Nucleus
ENSP00000445058,0.4921875,0.53515625,0.36328125,0.15332031,0.35742188,0.22265625,0.01403809,0.16015625,0.08154297,0.28710938,0.03613281,"Membrane, Cytoplasm",Cytoplasm
ENSP00000404402,0.05273438,0.37695312,0.80859375,0.09960938,0.04736328,0.10986328,0.00650024,0.01000977,0.03112793,0.05834961,0.04199219,Nucleus,Nucleus
ENSP00000460273,0.13671875,0.32421875,0.28710938,0.4453125,0.12792969,0.3046875,0.08398438,0.21777344,0.21484375,0.26367188,0.24902344,None,"Cytoplasm, Nucleus"
ENSP00000434572,0.09423828,0.2421875,0.72265625,0.05493164,0.05493164,0.29101562,0.00592041,0.01745605,0.0559082,0.06738281,0.02124023,Nucleus,Nucleus
ENSP00000422756,0.11572266,0.5546875,0.41601562,0.04272461,0.0559082,0.32421875,0.0022583,0.11279297,0.10253906,0.08398438,0.15136719,Cytoplasm,Nucleus
ENSP00000381204,0.6953125,0.15234375,0.09814453,0.71875,0.60546875,0.18359375,0.00756836,0.20703125,0.41015625,0.42578125,0.08886719,"Membrane, Extracellular, Cell membrane",Golgi apparatus
ENSP00000301838,0.25585938,0.65625,0.30664062,0.29101562,0.3046875,0.14550781,0.00096893,0.02197266,0.25195312,0.18164062,0.01031494,Cytoplasm,"Cytoplasm, Nucleus"
ENSP00000448051,0.36914062,0.42382812,0.50390625,0.25585938,0.2578125,0.40625,0.01324463,0.4609375,0.39257812,0.27148438,0.06347656,None,Nucleus
ENSP00000442083,0.203125,0.34765625,0.25195312,0.21289062,0.15722656,0.8046875,0.09667969,0.14453125,0.10986328,0.29296875,0.2890625,Mitochondrion,Nucleus
ENSP00000434508,0.16308594,0.50390625,0.5234375,0.35351562,0.16113281,0.11425781,0.00308228,0.02233887,0.06298828,0.20898438,0.10253906,Cytoplasm,Nucleus
ENSP00000429765,0.45117188,0.3359375,0.296875,0.31835938,0.45507812,0.68359375,0.04272461,0.20605469,0.55078125,0.6015625,0.20800781,Mitochondrion,Endoplasmic reticulum
ENSP00000428609,0.2109375,0.5234375,0.33007812,0.02331543,0.12988281,0.7109375,0.0267334,0.04150391,0.11279297,0.08886719,0.02478027,"Cytoplasm, Mitochondrion",Nucleus
ENSP00000463596,0.13476562,0.4140625,0.5625,0.53125,0.11572266,0.13769531,0.00506592,0.03417969,0.13378906,0.11279297,0.00075531,Nucleus,Nucleus
ENSP00000321445,0.02294922,0.3359375,0.9375,0.02978516,0.0324707,0.09033203,0.00010872,0.00650024,0.02929688,0.02294922,0.03515625,Nucleus,Nucleus
ENSP00000479243,0.453125,0.17089844,0.16992188,0.67578125,0.57421875,0.140625,0.00180817,0.1796875,0.20898438,0.27148438,0.11279297,"Extracellular, Cell membrane",Cell membrane
ENSP00000413355,0.734375,0.15625,0.1875,0.00830078,0.140625,0.21875,0.078125,0.6640625,0.51171875,0.70703125,0.02441406,"Membrane, Endoplasmic reticulum, Golgi apparatus",Golgi apparatus
ENSP00000397198,0.23535156,0.11132812,0.11767578,0.10693359,0.07568359,0.95703125,0.06176758,0.03564453,0.07373047,0.09277344,0.06347656,Mitochondrion,Cytoplasm
ENSP00000468452,0.16210938,0.15625,0.16210938,0.1328125,0.09521484,0.95703125,0.01068115,0.04150391,0.03735352,0.08056641,0.49414062,Mitochondrion,Mitochondrion
ENSP00000359518,0.0402832,0.17871094,0.9453125,0.02514648,0.0324707,0.02368164,0.11914062,0.01586914,0.02441406,0.02062988,0.04272461,Nucleus,Nucleus
ENSP00000348050,0.45703125,0.23828125,0.20019531,0.3984375,0.19335938,0.30273438,0.00066757,0.62109375,0.23046875,0.44335938,0.14941406,Membrane,Endoplasmic reticulum
ENSP00000285333,0.25195312,0.5390625,0.51171875,0.55859375,0.26757812,0.36132812,0.00034523,0.18457031,0.22363281,0.10351562,0.01635742,Cytoplasm,Cytoplasm
ENSP00000351380,0.02478027,0.34765625,0.82421875,0.02197266,0.01831055,0.21777344,0.00592041,0.01831055,0.0267334,0.02124023,0.00860596,Nucleus,Nucleus
ENSP00000339690,0.54296875,0.22558594,0.10986328,0.64453125,0.5625,0.13671875,0.02404785,0.30664062,0.29492188,0.2421875,0.1953125,"Membrane, Cell membrane",Cell membrane
ENSP00000479619,0.04541016,0.25195312,0.8203125,0.01794434,0.078125,0.18164062,0.00106812,0.02294922,0.02294922,0.03198242,0.12011719,Nucleus,Nucleus
ENSP00000479128,0.15527344,0.34570312,0.51171875,0.60546875,0.05419922,0.625,0.0480957,0.38476562,0.03613281,0.11425781,0.00337219,None,Nucleus
ENSP00000431979,0.08740234,0.3515625,0.640625,0.49609375,0.078125,0.7265625,0.06542969,0.16601562,0.05932617,0.13476562,0.11425781,"Nucleus, Mitochondrion",Nucleus
ENSP00000499371,0.21875,0.375,0.59375,0.2421875,0.09521484,0.28710938,0.03857422,0.26953125,0.26367188,0.20898438,0.02258301,Nucleus,Nucleus
ENSP00000493140,0.03564453,0.30859375,0.8046875,0.31835938,0.04345703,0.33007812,0.00041771,0.0255127,0.01403809,0.03112793,0.10351562,Nucleus,Nucleus
ENSP00000428877,0.12402344,0.21875,0.765625,0.13085938,0.05175781,0.16894531,0.01586914,0.13574219,0.02001953,0.11132812,0.01031494,Nucleus,"Nucleus, Cell membrane"
ENSP00000319532,0.18554688,0.4296875,0.5,0.3671875,0.16308594,0.38671875,0.02062988,0.17773438,0.140625,0.20410156,0.30078125,None,Nucleus
ENSP00000497996,0.0559082,0.27539062,0.71875,0.24511719,0.02331543,0.18164062,0.00231934,0.06640625,0.02233887,0.04272461,0.00170135,Nucleus,Nucleus
ENSP00000384925,0.578125,0.4140625,0.20898438,0.11572266,0.61328125,0.48632812,0.00150299,0.03112793,0.078125,0.2109375,0.03613281,"Membrane, Cell membrane",Cytoplasm
ENSP00000389028,0.125,0.24316406,0.11425781,0.96484375,0.1484375,0.2109375,0.0378418,0.22851562,0.10839844,0.2109375,0.04077148,Extracellular,Cell membrane
ENSP00000388887,0.34375,0.609375,0.28710938,0.08154297,0.390625,0.34960938,0.02160645,0.22851562,0.23828125,0.25195312,0.15039062,Cytoplasm,"Cytoplasm, Nucleus"
ENSP00000398720,0.06005859,0.71875,0.5703125,0.0402832,0.03063965,0.15917969,0.02441406,0.01745605,0.00297546,0.01202393,0.0378418,"Cytoplasm, Nucleus",Cytoplasm
ENSP00000361577,0.17089844,0.578125,0.44335938,0.12695312,0.16699219,0.21777344,0.00036812,0.14160156,0.10839844,0.09130859,0.23242188,Cytoplasm,Nucleus
ENSP00000477624,0.578125,0.2578125,0.11572266,0.27734375,0.20898438,0.84765625,0.12011719,0.2578125,0.1328125,0.19824219,0.671875,"Membrane, Mitochondrion",Mitochondrion
ENSP00000455260,0.0480957,0.55078125,0.51171875,0.40820312,0.10253906,0.10498047,0.00020313,0.03735352,0.11767578,0.12890625,0.00102997,Cytoplasm,Nucleus
ENSP00000435383,0.28320312,0.609375,0.32226562,0.07910156,0.11279297,0.3359375,0.01361084,0.12597656,0.32421875,0.21875,0.25,Cytoplasm,"Nucleus, Cell membrane"
ENSP00000412919,0.09130859,0.37304688,0.7265625,0.06005859,0.04272461,0.30664062,0.00031471,0.12988281,0.11279297,0.11767578,0.01135254,Nucleus,Nucleus
ENSP00000443879,0.30859375,0.5859375,0.28710938,0.10498047,0.37109375,0.29296875,0.003479,0.13671875,0.34570312,0.40039062,0.01135254,Cytoplasm,Nucleus
ENSP00000414177,0.14550781,0.359375,0.73828125,0.06103516,0.12402344,0.17675781,0.00034523,0.0534668,0.14160156,0.13476562,0.19042969,Nucleus,Nucleus
ENSP00000412141,0.36328125,0.359375,0.4140625,0.38085938,0.44335938,0.49804688,0.01098633,0.36914062,0.03857422,0.12402344,0.08886719,None,Cell membrane
ENSP00000410912,0.17285156,0.28320312,0.13769531,0.42773438,0.09033203,0.94140625,0.1484375,0.06738281,0.05102539,0.04345703,0.34765625,Mitochondrion,"Cytoplasm, Nucleus, Cell membrane"
ENSP00000404796,0.07177734,0.359375,0.73046875,0.11279297,0.06298828,0.30859375,0.0078125,0.05932617,0.01452637,0.09033203,0.01635742,Nucleus,Nucleus
ENSP00000262396,0.06005859,0.5625,0.56640625,0.53125,0.08886719,0.09423828,0.01281738,0.05175781,0.08496094,0.01586914,0.00628662,"Cytoplasm, Nucleus","Cytoplasm, Nucleus"
ENSP00000496136,0.08886719,0.28710938,0.58203125,0.23925781,0.04077148,0.58203125,0.00830078,0.09960938,0.03112793,0.08154297,0.02893066,Nucleus,Mitochondrion
ENSP00000461145,0.15722656,0.34179688,0.49609375,0.23535156,0.10107422,0.19042969,0.0043335,0.12353516,0.09423828,0.10986328,0.00231934,None,Nucleus
ENSP00000435057,0.30078125,0.4375,0.38476562,0.15332031,0.265625,0.43945312,0.0022583,0.03686523,0.15917969,0.22167969,0.03198242,None,"Cytoplasm, Nucleus"
ENSP00000337340,0.16113281,0.49414062,0.49804688,0.10693359,0.28320312,0.21582031,0.00491333,0.11914062,0.1328125,0.15429688,0.00860596,Cytoplasm,Nucleus
ENSP00000464158,0.89453125,0.14746094,0.09814453,0.02160645,0.29296875,0.30859375,0.00093842,0.6171875,0.21582031,0.49804688,0.28515625,Membrane,"Mitochondrion, Endoplasmic reticulum"
ENSP00000494697,0.32617188,0.69140625,0.59375,0.01977539,0.47070312,0.671875,0.00280762,0.19433594,0.26367188,0.06933594,0.19433594,"Cytoplasm, Nucleus, Mitochondrion","Cytoplasm, Nucleus, Endoplasmic reticulum"
ENSP00000385962,0.703125,0.11572266,0.19433594,0.69921875,0.1328125,0.37109375,0.28710938,0.7109375,0.27148438,0.43945312,0.10498047,"Membrane, Extracellular, Endoplasmic reticulum",Nucleus
ENSP00000379758,0.859375,0.1640625,0.11425781,0.03466797,0.2734375,0.359375,0.00120544,0.56640625,0.18847656,0.50390625,0.421875,Membrane,"Mitochondrion, Endoplasmic reticulum"
ENSP00000340294,0.53125,0.515625,0.21582031,0.12158203,0.32226562,0.13378906,0.0390625,0.484375,0.515625,0.37890625,0.02331543,"Membrane, Cytoplasm",Cytoplasm
ENSP00000414323,0.11132812,0.58203125,0.40820312,0.34960938,0.10351562,0.37695312,0.00099945,0.10253906,0.17480469,0.51953125,0.15527344,Cytoplasm,Cytoplasm
ENSP00000508017,0.17773438,0.49023438,0.4296875,0.13378906,0.10839844,0.36914062,0.0057373,0.296875,0.17871094,0.17089844,0.01165771,Cytoplasm,Cytoplasm
ENSP00000409315,0.01031494,0.48046875,0.51953125,0.03857422,0.01031494,0.12792969,7.963e-05,0.04736328,0.04467773,0.05664062,0.00102997,Cytoplasm,"Cytoplasm, Nucleus"
ENSP00000347275,0.7109375,0.11572266,0.07275391,0.6484375,0.55078125,0.31835938,0.02441406,0.11572266,0.51953125,0.19921875,0.6640625,"Membrane, Extracellular, Cell membrane",Cell membrane
ENSP00000483473,0.6484375,0.19042969,0.09130859,0.50390625,0.67578125,0.08496094,0.0088501,0.28125,0.27539062,0.296875,0.23828125,"Membrane, Cell membrane",Cell membrane
ENSP00000481099,0.15429688,0.453125,0.49023438,0.78515625,0.10253906,0.44726562,0.01452637,0.58203125,0.07275391,0.14648438,0.15332031,Extracellular,Nucleus
ENSP00000394858,0.6640625,0.12402344,0.08154297,0.60546875,0.5859375,0.35351562,0.01403809,0.12255859,0.43945312,0.19433594,0.49804688,"Membrane, Cell membrane",Cell membrane
ENSP00000386688,0.04956055,0.44335938,0.48632812,0.734375,0.04394531,0.359375,0.33007812,0.10253906,0.06103516,0.11425781,0.17285156,Extracellular,Peroxisome
ENSP00000383710,0.10839844,0.3671875,0.4921875,0.640625,0.17089844,0.55078125,0.01495361,0.14453125,0.08398438,0.25,0.23339844,None,Nucleus
ENSP00000355285,0.69140625,0.15722656,0.10107422,0.71484375,0.61328125,0.18164062,0.0071106,0.19824219,0.41015625,0.41796875,0.08642578,"Membrane, Extracellular, Cell membrane",Golgi apparatus
ENSP00000259037,0.53515625,0.13183594,0.08251953,0.02893066,0.15820312,0.95703125,0.06298828,0.06542969,0.0378418,0.09277344,0.06005859,"Membrane, Mitochondrion",Mitochondrion
ENSP00000505459,0.10107422,0.39453125,0.41796875,0.53515625,0.02478027,0.64453125,0.17675781,0.18457031,0.06445312,0.06445312,0.13964844,Mitochondrion,Cytoplasm
ENSP00000493145,0.14160156,0.33203125,0.515625,0.6796875,0.203125,0.484375,0.03173828,0.11132812,0.04736328,0.21972656,0.08496094,Extracellular,Nucleus
ENSP00000458425,0.15332031,0.34960938,0.38085938,0.8125,0.06347656,0.32421875,0.11279297,0.06835938,0.16796875,0.1484375,0.13769531,Extracellular,Nucleus
ENSP00000441844,0.06835938,0.56640625,0.7109375,0.01916504,0.03112793,0.30664062,0.00650024,0.10107422,0.02844238,0.0279541,0.09130859,"Cytoplasm, Nucleus",Mitochondrion
ENSP00000423100,0.07080078,0.22265625,0.9140625,0.04467773,0.02331543,0.14160156,0.00521851,0.01000977,0.03857422,0.0078125,0.01245117,Nucleus,Nucleus
ENSP00000356372,0.18554688,0.55078125,0.47460938,0.05493164,0.04467773,0.41796875,0.1796875,0.16992188,0.68359375,0.73828125,0.02099609,"Cytoplasm, Lysosome/Vacuole, Golgi apparatus",Nucleus
ENSP00000329920,0.640625,0.24609375,0.1484375,0.10253906,0.60546875,0.06347656,0.00031471,0.18847656,0.2890625,0.37890625,0.12109375,"Membrane, Cell membrane",Cell membrane
ENSP00000497105,0.12792969,0.53515625,0.55078125,0.17480469,0.0402832,0.22949219,0.04077148,0.11572266,0.23632812,0.22558594,0.09130859,"Cytoplasm, Nucleus",Nucleus
ENSP00000478795,0.28125,0.4296875,0.53125,0.06445312,0.25585938,0.55078125,0.00040436,0.02197266,0.06103516,0.02160645,0.00506592,Nucleus,Nucleus
ENSP00000461965,0.08496094,0.6484375,0.63671875,0.06738281,0.06298828,0.21191406,0.00271606,0.09423828,0.16796875,0.12158203,0.15625,"Cytoplasm, Nucleus","Cytoplasm, Nucleus"
ENSP00000442817,0.06640625,0.5546875,0.60546875,0.03027344,0.04614258,0.265625,0.01098633,0.07275391,0.12353516,0.23828125,0.06298828,"Cytoplasm, Nucleus",Nucleus
ENSP00000438000,0.10986328,0.35742188,0.68359375,0.05493164,0.05834961,0.31640625,0.00073242,0.12011719,0.06445312,0.13574219,0.02001953,Nucleus,Nucleus
ENSP00000433322,0.21484375,0.48828125,0.515625,0.14453125,0.07080078,0.80859375,0.02331543,0.18261719,0.07714844,0.32226562,0.01745605,"Cytoplasm, Mitochondrion",Nucleus
ENSP00000415044,0.07714844,0.30273438,0.3125,0.828125,0.07568359,0.75,0.20800781,0.14941406,0.08251953,0.3203125,0.00830078,"Extracellular, Mitochondrion",Nucleus
ENSP00000414071,0.90625,0.16210938,0.08251953,0.02160645,0.30664062,0.41601562,0.00145721,0.56640625,0.25,0.5,0.54296875,Membrane,"Mitochondrion, Endoplasmic reticulum"
ENSP00000450791,0.19433594,0.18945312,0.11279297,0.92578125,0.21972656,0.21191406,0.00537109,0.2734375,0.13964844,0.359375,0.11914062,Extracellular,Nucleus
ENSP00000433561,0.23828125,0.5703125,0.45117188,0.14257812,0.11425781,0.08740234,0.00491333,0.0559082,0.07470703,0.09814453,0.00506592,Cytoplasm,Cytoplasm
ENSP00000401452,0.21191406,0.86328125,0.07714844,0.21289062,0.26171875,0.1875,0.00337219,0.03735352,0.2578125,0.15039062,0.00328064,Cytoplasm,Cytoplasm
ENSP00000343060,0.10253906,0.45117188,0.50390625,0.21484375,0.06176758,0.37695312,0.01000977,0.06933594,0.0390625,0.11279297,0.10986328,None,"Cytoplasm, Nucleus"
ENSP00000420933,0.05102539,0.43359375,0.58203125,0.11279297,0.02038574,0.13085938,0.00033569,0.0480957,0.02197266,0.07910156,0.0071106,Nucleus,Nucleus
ENSP00000362463,0.33398438,0.75390625,0.1484375,0.53515625,0.23242188,0.23535156,0.00393677,0.22558594,0.01745605,0.14453125,0.50390625,Cytoplasm,"Cytoplasm, Nucleus, Cell membrane"
ENSP00000346239,0.13574219,0.7265625,0.41210938,0.37304688,0.29101562,0.1875,0.02331543,0.14355469,0.04199219,0.01831055,0.0378418,Cytoplasm,Nucleus
ENSP00000304327,0.08642578,0.515625,0.640625,0.2421875,0.1640625,0.28320312,0.00247192,0.09960938,0.08154297,0.19042969,0.17480469,"Cytoplasm, Nucleus",Nucleus
ENSP00000500602,0.13085938,0.4140625,0.375,0.3984375,0.05737305,0.45507812,0.125,0.21972656,0.19238281,0.27734375,0.44726562,None,Nucleus
ENSP00000460661,0.11767578,0.375,0.47265625,0.63671875,0.17480469,0.49023438,0.02441406,0.08496094,0.06738281,0.2265625,0.36523438,None,Golgi apparatus
ENSP00000253023,0.32421875,0.546875,0.57421875,0.02233887,0.24121094,0.09960938,0.00280762,0.21191406,0.36132812,0.3984375,0.01361084,"Cytoplasm, Nucleus",Nucleus
ENSP00000506294,0.10498047,0.45117188,0.32617188,0.72265625,0.13574219,0.5234375,0.00128174,0.03735352,0.15234375,0.04736328,0.03320312,Extracellular,"Cytoplasm, Nucleus"
ENSP00000501444,0.2734375,0.47460938,0.39648438,0.14257812,0.09960938,0.17480469,0.00610352,0.09521484,0.4609375,0.3515625,0.04345703,Cytoplasm,Cytoplasm
ENSP00000437459,0.08496094,0.390625,0.5,0.04614258,0.02978516,0.06542969,0.11425781,0.06445312,0.0043335,0.09423828,0.04467773,None,Nucleus
ENSP00000497622,0.28710938,0.39648438,0.35742188,0.23828125,0.18554688,0.20019531,0.01586914,0.515625,0.49023438,0.4609375,0.04394531,None,Nucleus
ENSP00000464084,0.7421875,0.1953125,0.13476562,0.15722656,0.79296875,0.13476562,0.00521851,0.11914062,0.41601562,0.21875,0.44921875,"Membrane, Cell membrane",Cell membrane
ENSP00000436575,0.13476562,0.37109375,0.734375,0.04882812,0.02600098,0.52734375,0.00034523,0.06933594,0.03027344,0.15625,0.00445557,Nucleus,Nucleus
ENSP00000435798,0.26953125,0.43164062,0.4296875,0.23046875,0.24902344,0.3515625,0.00262451,0.17675781,0.10693359,0.17871094,0.07910156,None,"Cytoplasm, Nucleus"
ENSP00000394502,0.09521484,0.49804688,0.6875,0.10839844,0.11425781,0.23535156,0.00592041,0.07177734,0.18945312,0.0378418,0.21191406,"Cytoplasm, Nucleus",Nucleus
ENSP00000386623,0.06176758,0.31445312,0.578125,0.40039062,0.01544189,0.2421875,0.00915527,0.28320312,0.09521484,0.05419922,0.00735474,Nucleus,Nucleus
ENSP00000222968,0.10351562,0.35742188,0.63671875,0.04467773,0.08154297,0.11425781,0.00212097,0.05273438,0.04467773,0.03564453,0.01098633,Nucleus,"Cytoplasm, Cell membrane"
ENSP00000452545,0.06298828,0.375,0.87890625,0.08056641,0.04614258,0.10986328,0.01245117,0.0324707,0.11132812,0.05664062,0.0057373,Nucleus,Nucleus
ENSP00000450228,0.12890625,0.55859375,0.58984375,0.33398438,0.1796875,0.47070312,0.06298828,0.1875,0.11572266,0.10498047,0.02929688,"Cytoplasm, Nucleus",Cytoplasm
ENSP00000453631,0.01855469,0.390625,0.61328125,0.29492188,0.01916504,0.3828125,0.00154877,0.02600098,0.01098633,0.04272461,0.01281738,Nucleus,Nucleus
ENSP00000392425,0.515625,0.30078125,0.27734375,0.29296875,0.49804688,0.703125,0.03112793,0.21289062,0.5390625,0.6640625,0.33007812,"Membrane, Mitochondrion",Endoplasmic reticulum
ENSP00000498206,0.26171875,0.421875,0.3671875,0.22558594,0.17675781,0.20898438,0.01361084,0.45703125,0.41796875,0.3671875,0.03955078,None,Nucleus
ENSP00000465068,0.04882812,0.33007812,0.859375,0.05834961,0.04614258,0.15039062,0.01544189,0.05932617,0.06640625,0.04882812,0.00915527,Nucleus,Nucleus
ENSP00000454999,0.3984375,0.45898438,0.28515625,0.69921875,0.07373047,0.36523438,0.04077148,0.22949219,0.23925781,0.03564453,0.11132812,Extracellular,Nucleus
ENSP00000453720,0.84765625,0.21972656,0.13085938,0.20605469,0.40625,0.10253906,0.00145721,0.64453125,0.4921875,0.8671875,0.03173828,"Membrane, Endoplasmic reticulum, Golgi apparatus",Golgi apparatus
ENSP00000450934,0.09960938,0.5546875,0.5,0.16699219,0.12158203,0.18554688,0.04077148,0.09960938,0.08154297,0.19824219,0.19824219,Cytoplasm,Cytoplasm
ENSP00000449299,0.10351562,0.45507812,0.328125,0.73046875,0.15039062,0.51953125,0.0011673,0.03955078,0.11914062,0.04614258,0.03198242,Extracellular,"Cytoplasm, Nucleus"
ENSP00000419248,0.49804688,0.15136719,0.078125,0.03955078,0.13867188,0.94921875,0.05932617,0.09277344,0.03369141,0.09521484,0.09033203,"Membrane, Mitochondrion",Mitochondrion
ENSP00000344330,0.59375,0.47851562,0.27539062,0.04272461,0.58984375,0.34765625,0.00247192,0.04077148,0.40234375,0.2265625,0.02441406,"Membrane, Cytoplasm, Cell membrane",Cytoplasm
ENSP00000491581,0.19824219,0.14355469,0.09521484,0.05273438,0.05273438,0.94140625,0.16113281,0.02893066,0.05493164,0.05175781,0.26953125,Mitochondrion,Mitochondrion
ENSP00000455088,0.23535156,0.22949219,0.06103516,0.14941406,0.08642578,0.8828125,0.51171875,0.08740234,0.03063965,0.03955078,0.17675781,Mitochondrion,Mitochondrion
ENSP00000453201,0.19433594,0.48242188,0.38476562,0.07714844,0.1640625,0.33984375,0.00064468,0.07080078,0.12988281,0.10986328,0.02197266,Cytoplasm,Nucleus
ENSP00000409820,0.72265625,0.17773438,0.17285156,0.07080078,0.3046875,0.484375,0.0324707,0.796875,0.24902344,0.31054688,0.18945312,"Membrane, Endoplasmic reticulum",Cytoplasm
ENSP00000467841,0.11279297,0.26367188,0.55859375,0.25976562,0.08886719,0.17773438,0.00668335,0.04663086,0.18457031,0.04882812,0.10107422,Nucleus,Nucleus
ENSP00000456491,0.16210938,0.15625,0.12695312,0.96875,0.21582031,0.13183594,0.01544189,0.18847656,0.18261719,0.25390625,0.05932617,Extracellular,Cell membrane
ENSP00000390788,0.08740234,0.46679688,0.56640625,0.37304688,0.08398438,0.328125,0.01098633,0.06835938,0.09033203,0.05175781,0.09423828,Nucleus,Cell membrane
ENSP00000372651,0.07568359,0.39648438,0.58984375,0.75390625,0.13671875,0.38671875,0.02636719,0.07714844,0.05664062,0.23925781,0.04345703,"Nucleus, Extracellular",Nucleus
ENSP00000498150,0.12695312,0.5390625,0.5078125,0.33984375,0.12109375,0.3984375,0.13867188,0.17578125,0.16113281,0.15234375,0.06542969,Cytoplasm,Nucleus
ENSP00000475146,0.19824219,0.48046875,0.39648438,0.31054688,0.20019531,0.44140625,0.01544189,0.18847656,0.18261719,0.31640625,0.10693359,Cytoplasm,Nucleus
ENSP00000452878,0.02404785,0.23828125,0.9453125,0.00198364,0.01794434,0.05175781,0.00915527,0.08740234,0.06933594,0.06298828,0.0390625,Nucleus,Nucleus
ENSP00000414655,0.06445312,0.5,0.5625,0.33203125,0.07470703,0.11279297,0.00393677,0.07177734,0.13378906,0.05273438,0.01831055,"Cytoplasm, Nucleus",Cytoplasm
ENSP00000413925,0.23242188,0.51171875,0.28125,0.6015625,0.20800781,0.76171875,0.02124023,0.27734375,0.28515625,0.375,0.22167969,"Cytoplasm, Mitochondrion",Cytoplasm
ENSP00000368745,0.47265625,0.625,0.3515625,0.10253906,0.4609375,0.26367188,0.01202393,0.16992188,0.3515625,0.421875,0.02331543,"Membrane, Cytoplasm","Cytoplasm, Nucleus"
ENSP00000474048,0.08496094,0.3359375,0.42382812,0.7890625,0.15527344,0.32421875,0.00198364,0.07177734,0.06445312,0.14550781,0.76953125,"Extracellular, Peroxisome",Nucleus
ENSP00000429628,0.06176758,0.21582031,0.625,0.203125,0.12597656,0.06542969,0.00010872,0.00308228,0.05834961,0.0390625,0.25390625,Nucleus,Nucleus
ENSP00000417632,0.13867188,0.5546875,0.5625,0.04199219,0.10107422,0.66015625,0.00132751,0.02636719,0.29492188,0.17578125,0.04345703,"Cytoplasm, Nucleus, Mitochondrion",Mitochondrion
ENSP00000492149,0.08740234,0.5234375,0.67578125,0.21289062,0.09130859,0.22558594,0.00689697,0.12695312,0.18847656,0.1796875,0.15332031,"Cytoplasm, Nucleus",Nucleus
ENSP00000404950,0.2265625,0.18457031,0.13476562,0.67578125,0.26171875,0.14160156,0.00610352,0.11132812,0.09960938,0.07080078,0.01361084,Extracellular,Cell membrane
ENSP00000367901,0.08740234,0.51953125,0.61328125,0.23828125,0.15820312,0.29492188,0.00254822,0.10498047,0.06738281,0.18164062,0.21777344,"Cytoplasm, Nucleus",Nucleus
ENSP00000498311,0.05493164,0.15722656,0.78125,0.05419922,0.02600098,0.21777344,0.09960938,0.02600098,0.01202393,0.0390625,0.01745605,Nucleus,Nucleus
ENSP00000462446,0.6484375,0.19921875,0.13964844,0.25390625,0.37109375,0.39257812,0.01324463,0.44140625,0.25585938,0.203125,0.28515625,Membrane,Cell membrane
ENSP00000442725,0.41992188,0.43164062,0.41601562,0.01000977,0.15527344,0.35351562,0.0011673,0.04394531,0.31835938,0.15039062,0.003479,None,Cytoplasm
ENSP00000441425,0.2109375,0.4765625,0.25976562,0.515625,0.22265625,0.26367188,0.01000977,0.11132812,0.08154297,0.14160156,0.00939941,Cytoplasm,"Cytoplasm, Nucleus"
ENSP00000377133,0.09033203,0.30078125,0.65625,0.08056641,0.03417969,0.10351562,0.02258301,0.11767578,0.00830078,0.03417969,0.08740234,Nucleus,Nucleus
ENSP00000347133,0.1328125,0.41796875,0.48632812,0.17480469,0.11279297,0.34960938,0.00308228,0.10253906,0.15917969,0.26367188,0.5390625,None,Mitochondrion
ENSP00000458596,0.37304688,0.41015625,0.33984375,0.51953125,0.30859375,0.74609375,0.01000977,0.23242188,0.16601562,0.32617188,0.04467773,Mitochondrion,Mitochondrion
ENSP00000452763,0.10253906,0.20605469,0.23632812,0.17578125,0.05102539,0.921875,0.14355469,0.06005859,0.03320312,0.02160645,0.140625,Mitochondrion,"Cytoplasm, Endoplasmic reticulum"
ENSP00000450519,0.04736328,0.546875,0.73046875,0.09521484,0.0390625,0.2890625,0.02722168,0.10839844,0.05029297,0.06103516,0.03466797,"Cytoplasm, Nucleus",Nucleus
ENSP00000444110,0.19433594,0.57421875,0.453125,0.11767578,0.24609375,0.35351562,0.00159454,0.03320312,0.08642578,0.17089844,0.08642578,Cytoplasm,"Nucleus, Cell membrane"
ENSP00000464646,0.28515625,0.48632812,0.56640625,0.07714844,0.21484375,0.421875,0.00610352,0.11767578,0.05175781,0.03369141,0.00689697,"Cytoplasm, Nucleus","Cytoplasm, Cell membrane"
ENSP00000452909,0.13085938,0.171875,0.16601562,0.15332031,0.0480957,0.9296875,0.31835938,0.08398438,0.03515625,0.04541016,0.07714844,Mitochondrion,"Cytoplasm, Endoplasmic reticulum"
ENSP00000436839,0.10839844,0.83984375,0.62109375,0.20703125,0.17871094,0.38085938,0.0043335,0.01745605,0.4296875,0.03198242,0.71484375,"Cytoplasm, Nucleus","Cytoplasm, Nucleus, Cell membrane"
ENSP00000469917,0.13867188,0.45703125,0.44140625,0.66796875,0.10986328,0.20410156,0.01361084,0.08398438,0.18554688,0.20703125,0.07373047,Extracellular,"Cytoplasm, Nucleus, Cell membrane"
ENSP00000467566,0.15820312,0.27734375,0.11572266,0.81640625,0.15429688,0.265625,0.01361084,0.27148438,0.31445312,0.16601562,0.01324463,Extracellular,Endoplasmic reticulum
ENSP00000457082,0.14453125,0.39257812,0.61328125,0.05932617,0.12695312,0.24121094,0.06298828,0.14550781,0.11132812,0.11767578,0.06005859,Nucleus,Nucleus
ENSP00000433033,0.08251953,0.1796875,0.18261719,0.78515625,0.02160645,0.90625,0.08056641,0.17578125,0.00970459,0.375,0.01031494,"Extracellular, Mitochondrion","Cytoplasm, Nucleus"
ENSP00000432453,0.52734375,0.62890625,0.34960938,0.05102539,0.47851562,0.25585938,0.00247192,0.18164062,0.38671875,0.22558594,0.08886719,"Membrane, Cytoplasm",Cytoplasm
ENSP00000430322,0.15722656,0.265625,0.23339844,0.04614258,0.09130859,0.953125,0.03027344,0.01696777,0.0402832,0.03417969,0.00476074,Mitochondrion,Mitochondrion
ENSP00000407265,0.03063965,0.33984375,0.6875,0.07080078,0.0071106,0.07080078,0.00860596,0.02844238,0.0057373,0.01068115,0.03686523,Nucleus,Nucleus
ENSP00000394699,0.45898438,0.6015625,0.390625,0.09667969,0.4296875,0.11132812,0.0559082,0.22949219,0.44726562,0.23632812,0.01245117,"Membrane, Cytoplasm",Nucleus
ENSP00000357374,0.27148438,0.203125,0.15039062,0.75390625,0.24804688,0.20898438,0.05419922,0.23828125,0.265625,0.30664062,0.05834961,Extracellular,Cell membrane
ENSP00000472375,0.08056641,0.6875,0.37109375,0.43554688,0.06176758,0.51953125,0.27734375,0.17578125,0.13476562,0.15234375,0.3203125,Cytoplasm,Cytoplasm
ENSP00000467651,0.15917969,0.29492188,0.515625,0.17285156,0.15332031,0.515625,0.12988281,0.07568359,0.04736328,0.08886719,0.01544189,None,Cytoplasm
ENSP00000460067,0.1328125,0.36914062,0.46679688,0.484375,0.12109375,0.44726562,0.05664062,0.10351562,0.09667969,0.09423828,0.10351562,None,Nucleus
ENSP00000453781,0.13769531,0.37109375,0.38867188,0.29101562,0.09667969,0.76171875,0.25195312,0.10693359,0.08154297,0.09521484,0.0534668,Mitochondrion,Mitochondrion
ENSP00000449287,0.04199219,0.29296875,0.921875,0.0008812,0.02636719,0.08740234,0.01745605,0.12402344,0.10351562,0.08056641,0.02844238,Nucleus,Nucleus
ENSP00000436824,0.18945312,0.46875,0.38867188,0.10986328,0.14941406,0.4140625,0.02368164,0.3203125,0.19921875,0.1953125,0.14453125,None,"Cytoplasm, Nucleus"
ENSP00000429946,0.06005859,0.41015625,0.73046875,0.08251953,0.06738281,0.02441406,0.01495361,0.04077148,0.03173828,0.02062988,0.00610352,Nucleus,Nucleus
ENSP00000428991,0.29101562,0.30078125,0.38476562,0.62890625,0.17480469,0.57421875,0.11279297,0.16992188,0.21972656,0.3203125,0.01135254,None,Cytoplasm
ENSP00000421390,0.19042969,0.50390625,0.42382812,0.19238281,0.078125,0.25585938,0.00650024,0.24609375,0.21484375,0.22851562,0.01031494,Cytoplasm,"Cytoplasm, Nucleus"
ENSP00000345092,0.0534668,0.42773438,0.67578125,0.04394531,0.04882812,0.1875,0.00141144,0.04541016,0.01361084,0.02844238,0.01940918,Nucleus,Nucleus
ENSP00000475656,0.03112793,0.3046875,0.8984375,0.65234375,0.02038574,0.09814453,0.00317383,0.00328064,0.01977539,0.05493164,0.00109863,"Nucleus, Extracellular",Nucleus
ENSP00000411577,0.04394531,0.11767578,0.9140625,0.13769531,0.07373047,0.02893066,0.00048828,0.05175781,0.04956055,0.06835938,0.01098633,Nucleus,"Cytoplasm, Nucleus"
ENSP00000398116,0.03112793,0.4296875,0.59375,0.0480957,0.0390625,0.04882812,0.0008049,0.0390625,0.03515625,0.0088501,0.00193024,Nucleus,Nucleus
ENSP00000342814,0.640625,0.19042969,0.09130859,0.54296875,0.70703125,0.07910156,0.00805664,0.25585938,0.32617188,0.2578125,0.20019531,"Membrane, Cell membrane",Cell membrane
ENSP00000456783,0.484375,0.71875,0.20703125,0.09277344,0.47265625,0.26367188,0.00033569,0.12988281,0.390625,0.63671875,0.10693359,"Membrane, Cytoplasm",Cell membrane
ENSP00000412265,0.06835938,0.50390625,0.48046875,0.453125,0.07470703,0.5234375,0.04150391,0.0378418,0.05175781,0.17285156,0.03063965,Cytoplasm,"Cytoplasm, Nucleus"
ENSP00000363959,0.07373047,0.34765625,0.64453125,0.23632812,0.0402832,0.19238281,0.00064468,0.09667969,0.08642578,0.02258301,0.1328125,Nucleus,Nucleus
ENSP00000357457,0.27539062,0.67578125,0.30078125,0.18457031,0.29492188,0.43554688,0.00382996,0.16699219,0.43554688,0.55078125,0.02099609,Cytoplasm,Golgi apparatus
ENSP00000465770,0.16210938,0.13867188,0.09423828,0.09667969,0.06640625,0.96484375,0.03063965,0.03857422,0.0402832,0.07177734,0.6953125,Mitochondrion,Mitochondrion
ENSP00000436445,0.078125,0.35546875,0.76953125,0.4453125,0.09960938,0.19433594,0.0559082,0.05932617,0.04272461,0.09423828,0.00037956,Nucleus,Cytoplasm
ENSP00000434444,0.04956055,0.41015625,0.77734375,0.30078125,0.01135254,0.23535156,0.04736328,0.15820312,0.04150391,0.03173828,0.00317383,Nucleus,Nucleus
ENSP00000434386,0.16601562,0.67578125,0.53515625,0.51953125,0.11767578,0.11425781,0.00460815,0.01324463,0.18261719,0.06176758,0.72265625,"Cytoplasm, Nucleus, Peroxisome",Nucleus
ENSP00000406227,0.06103516,0.41210938,0.71875,0.04272461,0.04541016,0.265625,0.00756836,0.05834961,0.09033203,0.07568359,0.02124023,Nucleus,Nucleus
ENSP00000258662,0.34570312,0.5703125,0.56640625,0.0559082,0.26757812,0.10839844,0.00393677,0.07910156,0.00939941,0.09521484,0.421875,"Cytoplasm, Nucleus",Nucleus
ENSP00000497364,0.21582031,0.42578125,0.41796875,0.328125,0.16796875,0.23632812,0.04736328,0.3046875,0.421875,0.25585938,0.08886719,None,Nucleus
ENSP00000486048,0.46679688,0.58984375,0.41210938,0.0534668,0.38671875,0.29492188,7.486e-05,0.02978516,0.29492188,0.17089844,0.01977539,"Membrane, Cytoplasm",Cytoplasm
ENSP00000460751,0.11914062,0.38671875,0.70703125,0.4296875,0.08496094,0.32421875,0.003479,0.10839844,0.08642578,0.04663086,0.22949219,Nucleus,Nucleus
ENSP00000453029,0.14648438,0.20214844,0.21972656,0.13574219,0.07568359,0.92578125,0.15332031,0.06005859,0.05175781,0.04077148,0.04541016,Mitochondrion,"Cytoplasm, Endoplasmic reticulum"
ENSP00000408628,0.16894531,0.17578125,0.10498047,0.9375,0.11914062,0.15039062,0.07910156,0.42382812,0.21582031,0.39257812,0.04394531,Extracellular,Endoplasmic reticulum
ENSP00000297613,0.11425781,0.5390625,0.5234375,0.00254822,0.09277344,0.74609375,0.00120544,0.03369141,0.31054688,0.16308594,0.10498047,"Cytoplasm, Mitochondrion",Nucleus
ENSP00000482839,0.23535156,0.3515625,0.39453125,0.4453125,0.25585938,0.5625,0.01165771,0.22851562,0.28515625,0.44140625,0.30664062,None,"Cytoplasm, Nucleus"
ENSP00000479315,0.17285156,0.3203125,0.41992188,0.65234375,0.18554688,0.66796875,0.0390625,0.19042969,0.18945312,0.49414062,0.41601562,"Extracellular, Mitochondrion",Nucleus
ENSP00000464899,0.16015625,0.36328125,0.40625,0.12988281,0.09130859,0.42382812,0.04199219,0.19824219,0.06005859,0.10986328,0.01696777,None,Cytoplasm
ENSP00000464077,0.18847656,0.47460938,0.47070312,0.24121094,0.16210938,0.76953125,0.15332031,0.16699219,0.23339844,0.33007812,0.01745605,"Cytoplasm, Mitochondrion",Nucleus
ENSP00000462344,0.53125,0.26953125,0.25585938,0.22949219,0.29492188,0.47460938,0.01068115,0.44335938,0.39648438,0.55859375,0.40820312,Membrane,Nucleus
ENSP00000431638,0.3125,0.49414062,0.19335938,0.13378906,0.29882812,0.34960938,0.0378418,0.52734375,0.6328125,0.3984375,0.03515625,"Cytoplasm, Lysosome/Vacuole",Cytoplasm
ENSP00000451256,0.42773438,0.57421875,0.21191406,0.13085938,0.4375,0.25,0.00175476,0.12255859,0.5390625,0.3515625,0.13964844,Cytoplasm,"Cytoplasm, Nucleus, Cell membrane"
ENSP00000449144,0.22363281,0.30078125,0.28125,0.03515625,0.09667969,0.8828125,0.01879883,0.23535156,0.04394531,0.06640625,0.03466797,Mitochondrion,Mitochondrion
ENSP00000439269,0.546875,0.79296875,0.22167969,0.13476562,0.32226562,0.18457031,0.04077148,0.26367188,0.1875,0.71484375,0.00096893,"Membrane, Cytoplasm, Golgi apparatus",Cytoplasm
ENSP00000417662,0.13085938,0.46679688,0.39257812,0.33007812,0.08886719,0.5390625,0.04882812,0.20898438,0.20214844,0.12353516,0.42578125,None,Endoplasmic reticulum
ENSP00000403659,0.07275391,0.52734375,0.65625,0.26367188,0.08398438,0.20214844,0.00337219,0.08056641,0.13476562,0.09667969,0.03198242,"Cytoplasm, Nucleus",Nucleus
ENSP00000335674,0.17675781,0.40039062,0.45117188,0.21777344,0.14941406,0.5859375,0.01745605,0.29492188,0.13769531,0.22167969,0.15136719,None,"Cytoplasm, Cell membrane"
ENSP00000301587,0.20019531,0.30273438,0.19238281,0.0378418,0.05493164,0.921875,0.0071106,0.0279541,0.01403809,0.08398438,0.01361084,Mitochondrion,Mitochondrion
ENSP00000497176,0.13085938,0.34375,0.47851562,0.71484375,0.18847656,0.44726562,0.01586914,0.20214844,0.14257812,0.26367188,0.30078125,Extracellular,Nucleus
ENSP00000467906,0.11425781,0.40625,0.47851562,0.46289062,0.125,0.609375,0.01452637,0.18847656,0.11767578,0.3359375,0.49804688,None,Mitochondrion
ENSP00000455108,0.05493164,0.45898438,0.578125,0.48242188,0.06640625,0.140625,0.00150299,0.07470703,0.02722168,0.23535156,0.00521851,Nucleus,Nucleus
ENSP00000436668,0.74609375,0.10986328,0.0378418,0.2265625,0.62890625,0.17871094,0.00271606,0.33984375,0.14941406,0.171875,0.14648438,"Membrane, Cell membrane",Cell membrane
ENSP00000426551,0.12988281,0.5,0.49804688,0.08642578,0.14550781,0.26171875,0.01495361,0.08251953,0.09033203,0.16699219,0.703125,Cytoplasm,Cytoplasm
ENSP00000420273,0.390625,0.45703125,0.30078125,0.21777344,0.45898438,0.421875,0.0559082,0.14648438,0.21484375,0.4140625,0.11279297,None,Nucleus
ENSP00000378422,0.125,0.46875,0.51171875,0.57421875,0.09277344,0.48046875,0.05493164,0.1953125,0.20214844,0.171875,0.10986328,None,Endoplasmic reticulum
ENSP00000394340,0.20800781,0.640625,0.328125,0.5234375,0.24511719,0.17773438,0.00198364,0.08056641,0.09277344,0.13476562,0.03198242,Cytoplasm,Nucleus
ENSP00000357381,0.25585938,0.15820312,0.1328125,0.859375,0.25585938,0.1875,0.04272461,0.203125,0.21972656,0.2734375,0.03417969,Extracellular,Cell membrane
ENSP00000300433,0.65234375,0.19042969,0.13183594,0.38671875,0.6640625,0.12597656,0.00650024,0.33398438,0.36132812,0.36328125,0.04394531,"Membrane, Cell membrane",Nucleus
ENSP00000455941,0.11279297,0.22167969,0.4765625,0.6015625,0.14257812,0.609375,0.00650024,0.07080078,0.06640625,0.1796875,0.35546875,None,Nucleus
ENSP00000451212,0.04736328,0.33984375,0.7109375,0.33984375,0.0402832,0.25585938,0.00096893,0.06347656,0.07080078,0.14941406,0.31054688,Nucleus,Nucleus
ENSP00000445939,0.09130859,0.37109375,0.5546875,0.04345703,0.03063965,0.05932617,0.05175781,0.06445312,0.00382996,0.06542969,0.04541016,Nucleus,Nucleus
ENSP00000420164,0.13671875,0.20898438,0.10986328,0.9765625,0.21289062,0.10498047,0.00271606,0.15625,0.36914062,0.609375,0.04150391,Extracellular,Cell membrane
ENSP00000501630,0.19042969,0.18945312,0.20214844,0.15429688,0.12792969,0.93359375,0.05273438,0.06176758,0.03515625,0.14550781,0.09814453,Mitochondrion,Mitochondrion
ENSP00000440575,0.09521484,0.46679688,0.609375,0.29492188,0.10107422,0.26757812,0.00271606,0.06640625,0.1640625,0.18359375,0.41015625,Nucleus,Mitochondrion
ENSP00000429166,0.125,0.5,0.36328125,0.4140625,0.12890625,0.44335938,0.06176758,0.1484375,0.08056641,0.15820312,0.47460938,Cytoplasm,Cytoplasm
ENSP00000506942,0.04882812,0.2265625,0.76171875,0.38671875,0.06103516,0.14160156,6.628e-05,0.05029297,0.01977539,0.09423828,0.00506592,Nucleus,"Cytoplasm, Nucleus"
ENSP00000455296,0.16699219,0.5234375,0.37109375,0.03112793,0.05834961,0.43945312,0.00610352,0.02441406,0.32617188,0.07275391,0.00650024,Cytoplasm,Cytoplasm
ENSP00000454720,0.17089844,0.140625,0.61328125,0.01635742,0.12988281,0.49609375,0.00360107,0.02978516,0.0057373,0.02124023,0.87109375,"Nucleus, Peroxisome","Nucleus, Golgi apparatus"
ENSP00000437580,0.24316406,0.6171875,0.38085938,0.12597656,0.22167969,0.4375,0.27148438,0.13574219,0.30273438,0.30078125,0.04077148,Cytoplasm,Cytoplasm
ENSP00000435888,0.37890625,0.53125,0.31445312,0.01202393,0.10107422,0.39648438,0.00159454,0.73828125,0.28710938,0.6953125,0.00756836,"Cytoplasm, Endoplasmic reticulum, Golgi apparatus",Golgi apparatus
ENSP00000427092,0.33789062,0.44726562,0.38476562,0.23339844,0.39453125,0.35351562,0.03417969,0.13476562,0.29492188,0.52734375,0.04541016,None,"Cytoplasm, Cell membrane, Endoplasmic reticulum"
ENSP00000422831,0.40039062,0.48046875,0.30859375,0.18164062,0.31835938,0.38867188,0.06005859,0.15722656,0.22363281,0.5390625,0.03613281,Cytoplasm,"Cytoplasm, Cell membrane, Endoplasmic reticulum"
ENSP00000400637,0.11425781,0.46679688,0.65234375,0.16601562,0.04199219,0.25976562,0.01586914,0.14160156,0.140625,0.16210938,0.04736328,Nucleus,"Cytoplasm, Nucleus"
ENSP00000451268,0.3203125,0.38671875,0.3984375,0.1484375,0.19042969,0.45117188,0.05834961,0.31054688,0.21777344,0.27148438,0.02233887,None,"Cytoplasm, Nucleus, Cell membrane"
ENSP00000421647,0.02636719,0.41601562,0.80859375,0.2734375,0.02233887,0.13085938,0.06445312,0.01635742,0.01361084,0.02124023,0.00099945,Nucleus,Nucleus
ENSP00000359346,0.6640625,0.15234375,0.17285156,0.01324463,0.08154297,0.875,0.09521484,0.20410156,0.07275391,0.13671875,0.00537109,"Membrane, Mitochondrion",Mitochondrion
ENSP00000346473,0.16308594,0.35546875,0.34765625,0.734375,0.11425781,0.53515625,0.10839844,0.30859375,0.19726562,0.17578125,0.09033203,Extracellular,Nucleus
ENSP00000462839,0.91796875,0.15332031,0.07714844,0.02404785,0.32421875,0.4140625,0.00231934,0.6328125,0.26953125,0.4921875,0.4453125,"Membrane, Endoplasmic reticulum","Mitochondrion, Endoplasmic reticulum"
ENSP00000408121,0.04614258,0.32226562,0.7890625,0.36523438,0.05737305,0.09277344,0.00445557,0.03198242,0.01281738,0.03857422,0.0005188,Nucleus,Nucleus
ENSP00000296121,0.03417969,0.2578125,0.78515625,0.00592041,0.01544189,0.23828125,0.00175476,0.05419922,0.09130859,0.17871094,0.03515625,Nucleus,"Cytoplasm, Nucleus"
ENSP00000435724,0.27929688,0.34960938,0.41210938,0.20703125,0.26953125,0.40234375,0.11767578,0.26953125,0.21191406,0.23925781,0.2265625,None,Nucleus
ENSP00000408251,0.265625,0.57421875,0.54296875,0.1796875,0.21777344,0.09130859,0.0078125,0.2734375,0.33398438,0.13867188,0.01361084,"Cytoplasm, Nucleus",Nucleus
ENSP00000396061,0.25195312,0.78125,0.17578125,0.25,0.15722656,0.30273438,0.00735474,0.10253906,0.5625,0.09667969,0.14746094,Cytoplasm,Cytoplasm
ENSP00000481500,0.19238281,0.38671875,0.359375,0.34375,0.14355469,0.36132812,0.02514648,0.40039062,0.23828125,0.2890625,0.390625,None,"Cytoplasm, Nucleus"
ENSP00000469800,0.22265625,0.67578125,0.27929688,0.22851562,0.15625,0.33398438,0.00915527,0.22558594,0.10693359,0.43359375,0.04736328,Cytoplasm,"Cytoplasm, Cell membrane"
ENSP00000411992,0.16015625,0.46875,0.41992188,0.71484375,0.03063965,0.6796875,0.18359375,0.32421875,0.07177734,0.13867188,0.00491333,"Extracellular, Mitochondrion",Cytoplasm
ENSP00000386558,0.26367188,0.46679688,0.38867188,0.21191406,0.12988281,0.20410156,0.02368164,0.171875,0.2109375,0.21582031,0.0057373,None,Golgi apparatus
ENSP00000505003,0.203125,0.47851562,0.26953125,0.40429688,0.11572266,0.48046875,0.08642578,0.203125,0.13476562,0.24609375,0.28710938,Cytoplasm,"Cytoplasm, Nucleus"
ENSP00000423915,0.04345703,0.2109375,0.83984375,0.09814453,0.02478027,0.25390625,0.00212097,0.02331543,0.07714844,0.02929688,0.4296875,Nucleus,Nucleus
ENSP00000393196,0.15917969,0.38476562,0.47070312,0.54296875,0.17773438,0.56640625,0.01544189,0.1640625,0.17675781,0.42382812,0.15820312,None,"Cytoplasm, Nucleus"
ENSP00000361966,0.39257812,0.15917969,0.11767578,0.06835938,0.11914062,0.96875,0.01361084,0.07568359,0.05419922,0.13476562,0.22558594,Mitochondrion,Mitochondrion
ENSP00000442180,0.16308594,0.4453125,0.53515625,0.37304688,0.09814453,0.49414062,0.05932617,0.1796875,0.27539062,0.23339844,0.03686523,Nucleus,Cell membrane
ENSP00000422612,0.41210938,0.43164062,0.33203125,0.4453125,0.4140625,0.37695312,0.08398438,0.10498047,0.23925781,0.609375,0.05102539,None,"Cytoplasm, Cell membrane, Endoplasmic reticulum"
ENSP00000389707,0.01977539,0.34960938,0.94140625,0.05273438,0.0279541,0.04199219,0.0001688,0.01745605,0.01586914,0.01361084,0.00382996,Nucleus,Nucleus
ENSP00000357089,0.06738281,0.7421875,0.41210938,0.328125,0.1875,0.33398438,3.529e-05,0.21484375,0.07910156,0.16308594,0.00592041,Cytoplasm,Nucleus
ENSP00000506592,0.20703125,0.58203125,0.54296875,0.10839844,0.20214844,0.2734375,0.00939941,0.0559082,0.06835938,0.02258301,0.22363281,"Cytoplasm, Nucleus",Cytoplasm
ENSP00000484730,0.20410156,0.19433594,0.21972656,0.9140625,0.15332031,0.43359375,0.05029297,0.31835938,0.17871094,0.25,0.05102539,Extracellular,Cell membrane
ENSP00000474781,0.47460938,0.32617188,0.18359375,0.18359375,0.08496094,0.8125,0.21777344,0.47265625,0.24316406,0.18359375,0.08154297,"Membrane, Mitochondrion",Mitochondrion
ENSP00000440305,0.23535156,0.3359375,0.21875,0.390625,0.14160156,0.59375,0.7265625,0.27539062,0.15136719,0.15625,0.08398438,Plastid,Mitochondrion
ENSP00000421230,0.34765625,0.44726562,0.33984375,0.36132812,0.42382812,0.33007812,0.03955078,0.12353516,0.25976562,0.5703125,0.0279541,None,"Cytoplasm, Cell membrane, Endoplasmic reticulum"
ENSP00000472057,0.0267334,0.40429688,0.71875,0.58984375,0.02844238,0.17578125,0.24316406,0.04077148,0.03369141,0.03857422,0.05175781,Nucleus,Nucleus
ENSP00000465618,0.14648438,0.15332031,0.11425781,0.078125,0.0534668,0.96875,0.05175781,0.03857422,0.04541016,0.06542969,0.65234375,Mitochondrion,Mitochondrion
ENSP00000455278,0.3125,0.43164062,0.50390625,0.04541016,0.14941406,0.04736328,0.00180817,0.09277344,0.31445312,0.29492188,0.01794434,None,Cytoplasm
ENSP00000437954,0.33984375,0.29882812,0.11914062,0.80859375,0.34375,0.24902344,0.0018692,0.25390625,0.36132812,0.45117188,0.04467773,Extracellular,Golgi apparatus
ENSP00000435761,0.4765625,0.484375,0.41210938,0.17285156,0.15820312,0.21289062,0.06176758,0.17089844,0.80859375,0.83203125,0.02258301,"Membrane, Cytoplasm, Lysosome/Vacuole, Golgi apparatus",Nucleus
ENSP00000333624,0.17773438,0.41992188,0.36523438,0.46679688,0.13085938,0.546875,0.05664062,0.18457031,0.21972656,0.25585938,0.24511719,None,Nucleus
ENSP00000261267,0.16015625,0.14746094,0.05737305,0.89453125,0.12353516,0.125,0.00915527,0.17480469,0.31445312,0.14355469,0.01879883,Extracellular,Golgi apparatus
ENSP00000385226,0.09033203,0.359375,0.87109375,0.0279541,0.03198242,0.2890625,0.11425781,0.05493164,0.18847656,0.1640625,0.00154877,Nucleus,Nucleus
ENSP00000334125,0.06176758,0.29101562,0.26171875,0.9140625,0.07714844,0.75390625,0.18457031,0.15429688,0.04541016,0.4765625,0.00317383,"Extracellular, Mitochondrion","Cytoplasm, Cell membrane"
ENSP00000472837,0.12695312,0.5859375,0.46679688,0.41015625,0.08251953,0.33789062,0.00280762,0.10693359,0.19726562,0.14160156,0.5078125,Cytoplasm,Cell membrane
ENSP00000471034,0.10693359,0.10986328,0.36914062,0.625,0.01586914,0.875,0.02160645,0.25585938,0.01202393,0.41796875,0.02062988,Mitochondrion,Golgi apparatus
ENSP00000464478,0.12011719,0.74609375,0.49414062,0.18945312,0.10351562,0.16894531,0.0480957,0.03027344,0.10986328,0.18554688,0.00689697,Cytoplasm,Nucleus
ENSP00000450403,0.23632812,0.12011719,0.08154297,0.09033203,0.08642578,0.96875,0.07714844,0.03063965,0.02978516,0.05419922,0.12353516,Mitochondrion,Mitochondrion
ENSP00000430836,0.13867188,0.4296875,0.43554688,0.08251953,0.12890625,0.3125,0.03686523,0.14941406,0.10498047,0.21972656,0.76171875,Peroxisome,Nucleus
ENSP00000416164,0.29882812,0.41601562,0.58203125,0.07568359,0.09277344,0.10498047,0.00262451,0.14941406,0.37890625,0.41796875,0.03173828,Nucleus,Cytoplasm
ENSP00000412812,0.52734375,0.58984375,0.35351562,0.08496094,0.4453125,0.15234375,0.05493164,0.2734375,0.4609375,0.28320312,0.01245117,"Membrane, Cytoplasm",Nucleus
ENSP00000406065,0.08154297,0.3203125,0.6171875,0.4765625,0.10498047,0.56640625,0.01544189,0.10986328,0.11132812,0.06933594,0.09033203,Nucleus,"Cytoplasm, Cell membrane"
ENSP00000500214,0.01855469,0.25195312,0.90625,0.09667969,0.01544189,0.33203125,0.01794434,0.02441406,0.02929688,0.04394531,0.00180817,Nucleus,Nucleus
ENSP00000493305,0.11279297,0.515625,0.515625,0.22167969,0.16699219,0.45117188,0.02062988,0.14453125,0.05932617,0.15332031,0.02893066,Cytoplasm,"Cytoplasm, Cell membrane"
ENSP00000489222,0.23339844,0.22167969,0.25,0.76171875,0.12353516,0.48632812,0.21972656,0.5390625,0.21191406,0.34960938,0.06445312,Extracellular,Cell membrane
ENSP00000469638,0.05102539,0.31835938,0.85546875,0.04345703,0.07373047,0.14257812,0.00239563,0.01940918,0.02478027,0.03063965,0.00254822,Nucleus,Nucleus
ENSP00000330737,0.27539062,0.23535156,0.19726562,0.0390625,0.10107422,0.9375,0.01831055,0.15917969,0.04663086,0.06542969,0.02294922,Mitochondrion,Mitochondrion
ENSP00000481248,0.08251953,0.375,0.71875,0.10693359,0.0534668,0.18847656,0.0078125,0.06542969,0.07470703,0.04541016,0.03857422,Nucleus,"Cytoplasm, Nucleus"
ENSP00000471413,0.7109375,0.26953125,0.14941406,0.13378906,0.53125,0.09960938,0.00128174,0.37109375,0.328125,0.39648438,0.04077148,"Membrane, Cell membrane",Cell membrane
ENSP00000436936,0.2265625,0.515625,0.47851562,0.21777344,0.24511719,0.32421875,0.04882812,0.02294922,0.05664062,0.02062988,0.02404785,Cytoplasm,Mitochondrion
ENSP00000435577,0.08154297,0.55859375,0.51953125,0.24609375,0.10693359,0.296875,0.00915527,0.08740234,0.15527344,0.18554688,0.0480957,Cytoplasm,Nucleus
ENSP00000433055,0.6875,0.09814453,0.11767578,0.26953125,0.79296875,0.06445312,0.00247192,0.18261719,0.3203125,0.1640625,0.0057373,"Membrane, Cell membrane",Nucleus
ENSP00000427520,0.70703125,0.20214844,0.140625,0.29296875,0.65625,0.10693359,0.00521851,0.24121094,0.4921875,0.5546875,0.0402832,"Membrane, Cell membrane",Nucleus
ENSP00000420102,0.10839844,0.3515625,0.6328125,0.08886719,0.06835938,0.06835938,0.01879883,0.06005859,0.06542969,0.04345703,0.03063965,Nucleus,Nucleus
ENSP00000486994,0.04736328,0.30664062,0.76953125,0.4609375,0.04345703,0.15527344,0.00592041,0.0559082,0.05273438,0.02099609,0.00689697,Nucleus,Nucleus
ENSP00000444620,0.09667969,0.45117188,0.7734375,0.02368164,0.18554688,0.21875,0.00421143,0.0324707,0.09277344,0.09033203,0.00860596,Nucleus,Nucleus
ENSP00000440181,0.14160156,0.49804688,0.67578125,0.16210938,0.13476562,0.40234375,0.14160156,0.17089844,0.14550781,0.13671875,0.07910156,"Cytoplasm, Nucleus",Nucleus
ENSP00000436907,0.26171875,0.31835938,0.33203125,0.53515625,0.42382812,0.31445312,0.02368164,0.05664062,0.04150391,0.08251953,0.01794434,None,Nucleus
ENSP00000422141,0.09521484,0.26367188,0.77734375,0.04736328,0.08642578,0.24902344,0.00756836,0.04882812,0.05932617,0.06176758,0.15039062,Nucleus,Nucleus
ENSP00000294521,0.4296875,0.58984375,0.23535156,0.31835938,0.5078125,0.31640625,0.0324707,0.20800781,0.28320312,0.27539062,0.24316406,Cytoplasm,Cell membrane
ENSP00000483601,0.13476562,0.4765625,0.47460938,0.30078125,0.07275391,0.48242188,0.00860596,0.453125,0.04956055,0.13769531,0.01794434,Cytoplasm,Nucleus
ENSP00000464183,0.36328125,0.27929688,0.36914062,0.08496094,0.22363281,0.36914062,0.00915527,0.38476562,0.43359375,0.40820312,0.05029297,None,Golgi apparatus
ENSP00000419914,0.09033203,0.60546875,0.58984375,0.09814453,0.15917969,0.19921875,0.00610352,0.03515625,0.08154297,0.09667969,0.04663086,"Cytoplasm, Nucleus",Nucleus
ENSP00000403920,0.20410156,0.5859375,0.33984375,0.01879883,0.19433594,0.22851562,0.09667969,0.16113281,0.5625,0.40429688,0.453125,Cytoplasm,"Cytoplasm, Nucleus"
ENSP00000463294,0.09423828,0.59375,0.46289062,0.546875,0.08251953,0.375,0.02636719,0.08496094,0.10693359,0.21875,0.16308594,Cytoplasm,Nucleus
ENSP00000454778,0.1796875,0.52734375,0.45507812,0.42773438,0.21972656,0.29101562,0.0018692,0.20800781,0.21972656,0.171875,0.28710938,Cytoplasm,"Cytoplasm, Nucleus"
ENSP00000451361,0.27734375,0.39648438,0.60546875,0.0255127,0.25,0.47265625,0.00047302,0.01586914,0.17675781,0.02124023,0.80078125,"Nucleus, Peroxisome",Nucleus
ENSP00000399432,0.11132812,0.59375,0.30664062,0.11425781,0.13183594,0.40039062,0.00262451,0.08056641,0.03564453,0.11914062,0.22851562,Cytoplasm,"Cytoplasm, Nucleus"
ENSP00000392738,0.078125,0.43945312,0.6640625,0.01544189,0.03369141,0.20703125,0.00830078,0.0402832,0.01281738,0.06176758,0.00247192,Nucleus,Nucleus
ENSP00000487797,0.10498047,0.57421875,0.6015625,0.08251953,0.125,0.22949219,0.02844238,0.10839844,0.10693359,0.23828125,0.23046875,"Cytoplasm, Nucleus","Cytoplasm, Cell membrane"
ENSP00000451544,0.18945312,0.484375,0.30273438,0.16796875,0.06933594,0.51953125,0.44140625,0.11425781,0.26171875,0.390625,0.00628662,Cytoplasm,Cytoplasm
ENSP00000402732,0.65234375,0.10253906,0.12158203,0.09960938,0.4453125,0.14453125,0.00262451,0.37109375,0.38085938,0.2734375,0.01202393,Membrane,Cell membrane
ENSP00000392272,0.0279541,0.21484375,0.84375,0.11572266,0.01495361,0.16113281,0.00939941,0.01000977,0.00308228,0.02722168,0.0055542,Nucleus,Nucleus
ENSP00000482082,0.10498047,0.5,0.48632812,0.515625,0.07910156,0.50390625,0.3125,0.14160156,0.12988281,0.203125,0.04345703,Cytoplasm,"Cytoplasm, Cell membrane"
ENSP00000468298,0.05102539,0.45898438,0.703125,0.36328125,0.07910156,0.47265625,0.04272461,0.11132812,0.05664062,0.06445312,0.0559082,Nucleus,"Cytoplasm, Cell membrane"
ENSP00000436674,0.6171875,0.09277344,0.10107422,0.10107422,0.41015625,0.20800781,0.00328064,0.3984375,0.36328125,0.27148438,0.00830078,Membrane,Cell membrane
ENSP00000433637,0.15332031,0.33007812,0.6171875,0.04882812,0.04467773,0.02258301,0.01098633,0.0267334,0.0378418,0.16015625,0.03466797,Nucleus,Nucleus
ENSP00000418261,0.328125,0.37890625,0.15917969,0.15917969,0.07275391,0.65234375,0.05419922,0.20410156,0.10986328,0.11767578,0.40625,Mitochondrion,Mitochondrion
ENSP00000497750,0.18164062,0.25585938,0.22363281,0.03955078,0.08056641,0.95703125,0.03173828,0.02099609,0.08496094,0.05273438,0.0057373,Mitochondrion,Mitochondrion
ENSP00000431853,0.15917969,0.4921875,0.55078125,0.08642578,0.11425781,0.47265625,0.05737305,0.07568359,0.19726562,0.32421875,0.40039062,"Cytoplasm, Nucleus","Cytoplasm, Cell membrane"
ENSP00000429362,0.20605469,0.34765625,0.40039062,0.30078125,0.14453125,0.24316406,0.09521484,0.20703125,0.19335938,0.28515625,0.34960938,None,Nucleus
ENSP00000498027,0.11767578,0.44726562,0.58984375,0.0559082,0.05493164,0.26171875,0.06298828,0.0559082,0.125,0.17480469,0.00650024,Nucleus,Nucleus
ENSP00000462831,0.21777344,0.5390625,0.39257812,0.11132812,0.2734375,0.45507812,0.01403809,0.08886719,0.1484375,0.15722656,0.18945312,Cytoplasm,Cell membrane
ENSP00000452443,0.0378418,0.41601562,0.79296875,0.13964844,0.04663086,0.26171875,0.03466797,0.14355469,0.0378418,0.01916504,0.14257812,Nucleus,Nucleus
ENSP00000449898,0.15820312,0.23828125,0.10351562,0.87890625,0.09277344,0.13964844,0.01165771,0.27734375,0.3046875,0.13574219,0.01794434,Extracellular,Golgi apparatus
ENSP00000431058,0.28515625,0.33984375,0.4296875,0.46875,0.17675781,0.42382812,0.00033569,0.06445312,0.2734375,0.20019531,0.00120544,None,Cytoplasm
ENSP00000419656,0.27734375,0.16992188,0.10986328,0.04077148,0.17480469,0.94921875,0.07373047,0.04467773,0.03466797,0.0534668,0.07373047,Mitochondrion,Mitochondrion
ENSP00000417849,0.07275391,0.33398438,0.65625,0.09960938,0.06640625,0.15722656,0.0022583,0.09130859,0.05932617,0.09033203,0.00288391,Nucleus,Nucleus
ENSP00000344230,0.21972656,0.2890625,0.16894531,0.02929688,0.07714844,0.9296875,0.01245117,0.0267334,0.01544189,0.07568359,0.01202393,Mitochondrion,Mitochondrion
ENSP00000342787,0.09277344,0.17578125,0.21875,0.10107422,0.04882812,0.9453125,0.27148438,0.02331543,0.01940918,0.01586914,0.01202393,Mitochondrion,"Cytoplasm, Endoplasmic reticulum"
ENSP00000504761,0.41796875,0.23339844,0.16113281,0.31054688,0.28125,0.28710938,0.00193024,0.49609375,0.37109375,0.58203125,0.28710938,None,Golgi apparatus
ENSP00000474618,0.08740234,0.42382812,0.625,0.51953125,0.11914062,0.33984375,0.00735474,0.15917969,0.07177734,0.30078125,0.43945312,Nucleus,Nucleus
ENSP00000464988,0.12792969,0.43554688,0.5859375,0.21972656,0.1328125,0.24902344,0.12988281,0.25195312,0.12402344,0.13183594,0.04394531,Nucleus,Cytoplasm
ENSP00000446554,0.48632812,0.60546875,0.33789062,0.10253906,0.38671875,0.15234375,0.06176758,0.25195312,0.4375,0.26171875,0.00860596,"Membrane, Cytoplasm",Nucleus
ENSP00000439818,0.2890625,0.35546875,0.28515625,0.26171875,0.13085938,0.50390625,0.23046875,0.37695312,0.10986328,0.09277344,0.07177734,None,Mitochondrion
ENSP00000428129,0.12011719,0.39453125,0.5546875,0.54296875,0.23925781,0.66796875,0.00915527,0.10693359,0.14648438,0.24609375,0.35742188,"Nucleus, Mitochondrion",Nucleus
ENSP00000420578,0.09423828,0.40039062,0.46289062,0.69921875,0.14160156,0.640625,0.02636719,0.15625,0.1796875,0.31835938,0.14453125,"Extracellular, Mitochondrion",Nucleus
ENSP00000387102,0.05419922,0.26757812,0.78515625,0.828125,0.06298828,0.24609375,0.0390625,0.078125,0.01245117,0.0534668,0.00756836,"Nucleus, Extracellular","Cytoplasm, Nucleus"
ENSP00000358111,0.03564453,0.25585938,0.8515625,0.515625,0.01495361,0.10839844,0.00150299,0.08154297,0.01544189,0.02160645,0.00106812,Nucleus,"Cytoplasm, Nucleus"
ENSP00000490665,0.27148438,0.5859375,0.40820312,0.04394531,0.44726562,0.25,0.00212097,0.0480957,0.22851562,0.08251953,0.03735352,Cytoplasm,"Cell membrane, Endoplasmic reticulum"
ENSP00000482852,0.6015625,0.16699219,0.13574219,0.6875,0.58984375,0.16308594,0.04614258,0.32617188,0.3984375,0.26171875,0.24316406,"Membrane, Extracellular, Cell membrane","Cytoplasm, Cell membrane"
ENSP00000481703,0.51171875,0.13183594,0.08642578,0.02062988,0.1484375,0.95703125,0.06640625,0.05029297,0.0390625,0.09521484,0.06542969,"Membrane, Mitochondrion",Mitochondrion
ENSP00000480335,0.16210938,0.23242188,0.25390625,0.87890625,0.203125,0.21582031,0.02001953,0.2578125,0.1875,0.13476562,0.06347656,Extracellular,Cell membrane
ENSP00000479714,0.13867188,0.62890625,0.49609375,0.13574219,0.24511719,0.38476562,0.0008049,0.10693359,0.14550781,0.23339844,0.11572266,Cytoplasm,Mitochondrion
ENSP00000458835,0.8046875,0.25390625,0.18847656,0.08398438,0.53515625,0.15625,0.00154877,0.5234375,0.56640625,0.68359375,0.1484375,"Membrane, Cell membrane, Lysosome/Vacuole, Golgi apparatus",Cell membrane
ENSP00000431594,0.04467773,0.421875,0.81640625,0.12890625,0.05737305,0.08154297,0.00231934,0.04663086,0.0390625,0.02758789,0.05419922,Nucleus,Nucleus
ENSP00000425484,0.27539062,0.4609375,0.40625,0.13085938,0.38476562,0.1640625,0.01403809,0.13378906,0.07568359,0.20019531,0.00970459,None,"Nucleus, Cell membrane"
ENSP00000380435,0.79296875,0.1953125,0.10253906,0.07275391,0.328125,0.09814453,0.00029564,0.296875,0.7109375,0.51171875,0.30078125,"Membrane, Lysosome/Vacuole",Cell membrane
ENSP00000363197,0.41210938,0.16699219,0.12890625,0.7265625,0.26367188,0.35546875,0.18554688,0.39453125,0.3046875,0.43359375,0.25976562,Extracellular,Cell membrane
ENSP00000255764,0.20800781,0.5859375,0.44335938,0.00212097,0.15917969,0.23828125,0.00180817,0.08154297,0.24902344,0.09423828,0.00132751,Cytoplasm,Nucleus
ENSP00000487557,0.16894531,0.42382812,0.4296875,0.58203125,0.13574219,0.46289062,0.13085938,0.17089844,0.21289062,0.20605469,0.03955078,None,Nucleus
ENSP00000470495,0.46679688,0.43945312,0.37109375,0.09814453,0.29296875,0.34960938,0.00031471,0.14160156,0.5,0.26757812,0.00735474,Membrane,"Cytoplasm, Nucleus"
ENSP00000427425,0.07373047,0.25,0.8203125,0.01324463,0.06298828,0.19042969,0.00012302,0.03613281,0.01403809,0.10498047,0.02062988,Nucleus,Nucleus
ENSP00000422281,0.69921875,0.5390625,0.44921875,0.5,0.3359375,0.23242188,0.20410156,0.02844238,0.8046875,0.07910156,0.01165771,"Membrane, Cytoplasm, Lysosome/Vacuole",Cell membrane
ENSP00000407002,0.26171875,0.515625,0.43945312,0.04956055,0.33398438,0.55078125,0.04467773,0.09423828,0.42382812,0.35742188,0.00075531,Cytoplasm,"Cytoplasm, Cell membrane"
ENSP00000389518,0.04077148,0.34570312,0.76953125,0.05664062,0.03564453,0.22167969,0.14648438,0.03686523,0.03112793,0.10839844,0.01202393,Nucleus,Nucleus
ENSP00000217185,0.09960938,0.515625,0.45117188,0.39453125,0.16992188,0.3359375,0.00091171,0.13183594,0.11767578,0.20410156,0.671875,Cytoplasm,"Cytoplasm, Nucleus"
ENSP00000469138,0.08398438,0.5390625,0.60546875,0.34179688,0.08251953,0.37304688,0.0018692,0.10253906,0.02722168,0.10253906,0.03369141,"Cytoplasm, Nucleus",Nucleus
ENSP00000506808,0.21191406,0.32226562,0.33984375,0.08398438,0.10839844,0.71875,0.01940918,0.33789062,0.0534668,0.06103516,0.03955078,Mitochondrion,Mitochondrion
ENSP00000485966,0.24316406,0.16699219,0.07177734,0.27734375,0.09130859,0.91796875,0.3359375,0.07177734,0.03173828,0.0534668,0.25585938,Mitochondrion,Mitochondrion
ENSP00000479486,0.15332031,0.41796875,0.39453125,0.28710938,0.11914062,0.44921875,0.01202393,0.33398438,0.18945312,0.26757812,0.40820312,None,"Cytoplasm, Cell membrane"
ENSP00000479441,0.36523438,0.3828125,0.27929688,0.24902344,0.26367188,0.49414062,0.0088501,0.42382812,0.43945312,0.375,0.19238281,None,Nucleus
ENSP00000465889,0.13476562,0.26953125,0.17089844,0.90625,0.12255859,0.34570312,0.00756836,0.25976562,0.21191406,0.21972656,0.140625,Extracellular,Endoplasmic reticulum
ENSP00000455277,0.18457031,0.56640625,0.5390625,0.15429688,0.09814453,0.33398438,0.00521851,0.11572266,0.1640625,0.07714844,0.00041771,"Cytoplasm, Nucleus",Cytoplasm
ENSP00000446944,0.08886719,0.37695312,0.73828125,0.29492188,0.02062988,0.14941406,0.03686523,0.17480469,0.06103516,0.05664062,0.01696777,Nucleus,Nucleus
ENSP00000429741,0.08398438,0.4921875,0.7265625,0.01977539,0.07714844,0.23632812,0.01281738,0.03735352,0.06933594,0.11767578,0.30859375,"Cytoplasm, Nucleus",Nucleus
ENSP00000427935,0.04541016,0.546875,0.625,0.27148438,0.0255127,0.13671875,0.07568359,0.15722656,0.13574219,0.11132812,0.00041771,"Cytoplasm, Nucleus",Nucleus
ENSP00000390926,0.12597656,0.609375,0.43164062,0.44921875,0.10107422,0.1875,0.00031471,0.06445312,0.14453125,0.34179688,0.00668335,Cytoplasm,"Cytoplasm, Cell membrane"
ENSP00000388737,0.04541016,0.41992188,0.71875,0.23828125,0.04736328,0.15820312,0.00521851,0.11767578,0.02893066,0.03613281,0.23828125,Nucleus,Nucleus
ENSP00000310182,0.87109375,0.17675781,0.09033203,0.12255859,0.50390625,0.21972656,0.0043335,0.65234375,0.40820312,0.40429688,0.20800781,"Membrane, Endoplasmic reticulum",Golgi apparatus
ENSP00000485355,0.20214844,0.41601562,0.42382812,0.12109375,0.09814453,0.45898438,0.02062988,0.26953125,0.20800781,0.3359375,0.07568359,None,Endoplasmic reticulum
ENSP00000468584,0.15917969,0.15527344,0.11132812,0.08642578,0.06738281,0.96484375,0.05419922,0.04467773,0.03955078,0.06738281,0.796875,"Mitochondrion, Peroxisome",Mitochondrion
ENSP00000389278,0.7734375,0.26953125,0.15820312,0.06103516,0.45703125,0.16210938,0.00668335,0.44726562,0.5703125,0.4921875,0.24804688,"Membrane, Lysosome/Vacuole",Cytoplasm
ENSP00000386645,0.078125,0.26367188,0.77734375,0.82421875,0.11914062,0.23339844,0.00756836,0.06103516,0.0255127,0.0480957,0.00537109,"Nucleus, Extracellular","Cytoplasm, Nucleus"
ENSP00000362773,0.13378906,0.42578125,0.38867188,0.3125,0.17285156,0.43164062,0.04956055,0.01165771,0.13867188,0.27929688,0.01068115,None,Nucleus
ENSP00000430257,0.2109375,0.39453125,0.42578125,0.18261719,0.09423828,0.16894531,0.00650024,0.20214844,0.4765625,0.1953125,0.01495361,None,Nucleus
ENSP00000401109,0.07275391,0.21582031,0.69140625,0.06640625,0.01544189,0.12255859,0.00317383,0.02722168,0.03515625,0.04345703,0.01031494,Nucleus,Nucleus
ENSP00000382364,0.10986328,0.36328125,0.58203125,0.20605469,0.10351562,0.20605469,0.00262451,0.21582031,0.11767578,0.10693359,0.18261719,Nucleus,"Cytoplasm, Nucleus, Mitochondrion"
ENSP00000498993,0.12255859,0.3203125,0.33789062,0.4296875,0.13183594,0.76171875,0.01794434,0.11914062,0.07910156,0.2421875,0.70703125,Mitochondrion,Mitochondrion
ENSP00000467551,0.10693359,0.29101562,0.68359375,0.17871094,0.11279297,0.15917969,0.00204468,0.04956055,0.09521484,0.01879883,0.03112793,Nucleus,Nucleus
ENSP00000466188,0.17578125,0.5703125,0.4609375,0.16992188,0.17675781,0.25,0.00062561,0.08740234,0.11914062,0.203125,0.0378418,Cytoplasm,Nucleus
ENSP00000439667,0.08251953,0.30078125,0.52734375,0.55859375,0.05419922,0.80859375,0.15429688,0.13476562,0.09814453,0.2734375,0.15136719,Mitochondrion,Nucleus
ENSP00000429102,0.12792969,0.62890625,0.34179688,0.1484375,0.10107422,0.34570312,0.01000977,0.125,0.12695312,0.2734375,0.00756836,Cytoplasm,Nucleus
ENSP00000412249,0.2265625,0.46679688,0.49414062,0.33398438,0.1796875,0.49414062,0.01586914,0.26367188,0.15234375,0.33203125,0.04614258,None,Cell membrane
ENSP00000306362,0.22558594,0.45117188,0.47851562,0.29492188,0.06445312,0.46289062,0.02233887,0.37109375,0.24316406,0.265625,0.0055542,None,Cytoplasm
ENSP00000508310,0.22167969,0.4921875,0.5390625,0.359375,0.13574219,0.11279297,0.0005722,0.13183594,0.11572266,0.0559082,0.02001953,"Cytoplasm, Nucleus","Cytoplasm, Nucleus, Cell membrane"
ENSP00000496961,0.27929688,0.46289062,0.375,0.17480469,0.18164062,0.26367188,0.04882812,0.3125,0.4765625,0.359375,0.04956055,None,Nucleus
ENSP00000495456,0.02404785,0.32421875,0.85546875,0.05834961,0.0078125,0.171875,0.01245117,0.06176758,0.00592041,0.0088501,0.00070953,Nucleus,Nucleus
ENSP00000474372,0.03466797,0.47851562,0.62109375,0.04736328,0.02233887,0.05737305,0.00328064,0.06176758,0.0324707,0.06445312,0.00120544,"Cytoplasm, Nucleus",Nucleus
ENSP00000467104,0.12158203,0.2734375,0.3515625,0.8828125,0.06005859,0.32421875,0.04150391,0.00756836,0.01495361,0.07275391,0.04614258,Extracellular,Nucleus
ENSP00000443968,0.10986328,0.4765625,0.66015625,0.31445312,0.07080078,0.62109375,0.1953125,0.19238281,0.14648438,0.11914062,0.01635742,"Cytoplasm, Nucleus",Cytoplasm
ENSP00000431368,0.20410156,0.46679688,0.53515625,0.34375,0.11425781,0.63671875,0.06933594,0.19042969,0.20800781,0.16894531,0.09423828,Nucleus,Cytoplasm
ENSP00000426331,0.18261719,0.16894531,0.14453125,0.15429688,0.10253906,0.95703125,0.03613281,0.06933594,0.04956055,0.12158203,0.24121094,Mitochondrion,Mitochondrion
ENSP00000369176,0.640625,0.15527344,0.12402344,0.13085938,0.09277344,0.84765625,0.02331543,0.18164062,0.10351562,0.15332031,0.04663086,"Membrane, Mitochondrion",Mitochondrion
ENSP00000338932,0.11572266,0.3828125,0.53125,0.22167969,0.04956055,0.35546875,0.12988281,0.25585938,0.16796875,0.24902344,0.36328125,Nucleus,Mitochondrion
ENSP00000259254,0.6640625,0.20019531,0.10107422,0.49414062,0.62890625,0.20605469,0.00756836,0.20214844,0.50390625,0.4765625,0.12597656,"Membrane, Cell membrane",Cell membrane
ENSP00000421946,0.03198242,0.3828125,0.87109375,0.33398438,0.03369141,0.03112793,0.0008812,0.02001953,0.02478027,0.06103516,0.00198364,Nucleus,Nucleus
ENSP00000409925,0.19042969,0.765625,0.22363281,0.02404785,0.21484375,0.33203125,0.00650024,0.04541016,0.01916504,0.04467773,0.06835938,Cytoplasm,"Cytoplasm, Nucleus"
ENSP00000393616,0.17089844,0.61328125,0.39453125,0.15332031,0.29101562,0.22363281,0.04467773,0.05419922,0.05737305,0.11914062,0.0534668,Cytoplasm,"Cytoplasm, Nucleus"
ENSP00000344128,0.04345703,0.33984375,0.62109375,0.78515625,0.03466797,0.09960938,0.02038574,0.08398438,0.0378418,0.03173828,0.01745605,"Nucleus, Extracellular","Cytoplasm, Nucleus"
ENSP00000295834,0.33984375,0.7734375,0.2890625,0.08154297,0.453125,0.2109375,0.09814453,0.11767578,0.01745605,0.10986328,0.10839844,Cytoplasm,Cytoplasm
ENSP00000236412,0.09960938,0.34960938,0.8046875,0.04956055,0.07714844,0.18164062,0.01403809,0.11572266,0.08398438,0.08496094,0.01403809,Nucleus,Nucleus
ENSP00000497676,0.10253906,0.55859375,0.46289062,0.58203125,0.11767578,0.5,0.03112793,0.10351562,0.08251953,0.10693359,0.17089844,Cytoplasm,Cell membrane
ENSP00000469738,0.13183594,0.671875,0.55078125,0.01068115,0.09033203,0.20898438,0.0255127,0.11132812,0.05175781,0.23632812,0.29296875,"Cytoplasm, Nucleus",Nucleus
ENSP00000435800,0.62109375,0.23339844,0.22363281,0.12890625,0.33984375,0.39257812,0.07177734,0.40234375,0.4296875,0.47265625,0.14550781,Membrane,"Endoplasmic reticulum, Golgi apparatus"
ENSP00000431985,0.11132812,0.390625,0.6328125,0.19335938,0.09521484,0.24316406,0.32226562,0.18847656,0.11425781,0.08740234,0.0480957,Nucleus,Nucleus
ENSP00000416644,0.18457031,0.4609375,0.29101562,0.48242188,0.13476562,0.21972656,0.02978516,0.24121094,0.15625,0.38085938,0.01098633,None,Cytoplasm
ENSP00000389303,0.14355469,0.46289062,0.38867188,0.31054688,0.10986328,0.640625,0.01635742,0.19433594,0.26953125,0.15234375,0.890625,"Mitochondrion, Peroxisome",Cytoplasm
ENSP00000471657,0.03735352,0.46289062,0.625,0.796875,0.04199219,0.37109375,0.0480957,0.10498047,0.06542969,0.02978516,0.13183594,"Nucleus, Extracellular",Mitochondrion
ENSP00000429672,0.08740234,0.48632812,0.38867188,0.78125,0.08496094,0.6015625,0.23925781,0.07373047,0.0378418,0.17285156,0.01544189,"Cytoplasm, Extracellular",Endoplasmic reticulum
ENSP00000493744,0.17578125,0.57421875,0.34375,0.11279297,0.08056641,0.4765625,0.02478027,0.28125,0.1875,0.30859375,0.41210938,Cytoplasm,Nucleus
ENSP00000487240,0.09667969,0.453125,0.6171875,0.22851562,0.11132812,0.23828125,0.13378906,0.13964844,0.14746094,0.20019531,0.07714844,Nucleus,Nucleus
ENSP00000452217,0.08496094,0.30078125,0.78515625,0.18457031,0.03417969,0.24121094,0.00735474,0.04614258,0.03198242,0.01745605,0.08056641,Nucleus,Nucleus
ENSP00000450525,0.19824219,0.4453125,0.38476562,0.34765625,0.23339844,0.26367188,0.06298828,0.078125,0.171875,0.265625,0.04663086,None,Nucleus
ENSP00000423982,0.05175781,0.40820312,0.7578125,0.06738281,0.06445312,0.09423828,0.00170135,0.01361084,0.06640625,0.05493164,0.00288391,Nucleus,"Nucleus, Cell membrane"
ENSP00000391446,0.05419922,0.671875,0.25585938,0.02197266,0.03735352,0.42382812,0.00170135,0.66015625,0.00970459,0.03063965,0.0011673,"Cytoplasm, Endoplasmic reticulum","Cytoplasm, Endoplasmic reticulum"
ENSP00000377351,0.3828125,0.7578125,0.33984375,0.078125,0.41992188,0.2578125,0.07910156,0.37695312,0.03173828,0.30078125,0.13867188,Cytoplasm,Cytoplasm
ENSP00000492536,0.10986328,0.5234375,0.41601562,0.69921875,0.05273438,0.39257812,0.1484375,0.11425781,0.26953125,0.09667969,0.82421875,"Cytoplasm, Extracellular, Peroxisome",Nucleus
ENSP00000461981,0.07568359,0.65625,0.58203125,0.33007812,0.078125,0.43945312,0.07373047,0.09667969,0.08154297,0.07714844,0.09130859,"Cytoplasm, Nucleus","Cytoplasm, Nucleus"
ENSP00000430152,0.3203125,0.43164062,0.50390625,0.17675781,0.14648438,0.24316406,0.00015831,0.05273438,0.25585938,0.28515625,0.00212097,None,Cytoplasm
ENSP00000505173,0.29492188,0.734375,0.34765625,0.06445312,0.21777344,0.203125,0.00445557,0.13769531,0.37890625,0.41992188,0.0255127,Cytoplasm,"Cytoplasm, Cell membrane"
ENSP00000494012,0.11767578,0.21777344,0.640625,0.38867188,0.04736328,0.41992188,0.18457031,0.22558594,0.10253906,0.18945312,0.14746094,Nucleus,Nucleus
ENSP00000430617,0.08642578,0.43945312,0.671875,0.10498047,0.07373047,0.06347656,0.01165771,0.0559082,0.05029297,0.03173828,0.00915527,Nucleus,Nucleus
ENSP00000427277,0.55078125,0.23046875,0.13964844,0.21582031,0.58203125,0.24316406,0.00445557,0.18359375,0.48242188,0.31640625,0.41601562,"Membrane, Cell membrane",Cell membrane
ENSP00000411349,0.14257812,0.49804688,0.484375,0.28710938,0.12109375,0.28710938,0.0279541,0.04541016,0.23632812,0.3671875,0.06640625,Cytoplasm,Cell membrane
ENSP00000397302,0.1796875,0.19042969,0.23925781,0.25585938,0.07470703,0.92578125,0.0267334,0.1484375,0.03369141,0.1875,0.27539062,Mitochondrion,Mitochondrion
ENSP00000442703,0.12695312,0.20019531,0.296875,0.09814453,0.06738281,0.6953125,0.08154297,0.07275391,0.03320312,0.04150391,0.3046875,Mitochondrion,Mitochondrion
ENSP00000430889,0.18554688,0.41992188,0.55078125,0.43359375,0.14355469,0.25585938,0.14941406,0.16992188,0.15332031,0.32617188,0.07080078,Nucleus,"Nucleus, Cell membrane"
ENSP00000425460,0.515625,0.2734375,0.21777344,0.22558594,0.12011719,0.56640625,0.04614258,0.609375,0.08740234,0.4296875,0.22851562,Membrane,Nucleus
ENSP00000393696,0.07910156,0.203125,0.38867188,0.87890625,0.03466797,0.47851562,0.04882812,0.12988281,0.07275391,0.15039062,0.03417969,Extracellular,Mitochondrion
ENSP00000384474,0.21484375,0.6328125,0.43164062,0.04345703,0.17285156,0.17089844,0.00939941,0.26757812,0.06347656,0.21875,0.0007782,Cytoplasm,Nucleus
ENSP00000467965,0.1796875,0.57421875,0.640625,0.03564453,0.12353516,0.17285156,0.00041771,0.07275391,0.13867188,0.45117188,0.0390625,"Cytoplasm, Nucleus",Cytoplasm
ENSP00000463450,0.09521484,0.4453125,0.68359375,0.21289062,0.13378906,0.12890625,0.00254822,0.07080078,0.04272461,0.14550781,0.03198242,Nucleus,"Cytoplasm, Nucleus"
ENSP00000455767,0.140625,0.23242188,0.28125,0.64453125,0.09033203,0.65625,0.00805664,0.2734375,0.12109375,0.2890625,0.11572266,Mitochondrion,"Cytoplasm, Nucleus"
ENSP00000419578,0.68359375,0.09960938,0.10107422,0.03173828,0.02636719,0.8828125,0.07080078,0.18261719,0.10351562,0.12255859,0.08398438,"Membrane, Mitochondrion",Mitochondrion
ENSP00000460301,0.21875,0.40234375,0.375,0.06298828,0.203125,0.27929688,0.00491333,0.15820312,0.20410156,0.46679688,0.02294922,None,"Cytoplasm, Nucleus"
ENSP00000446783,0.08496094,0.49414062,0.53125,0.5546875,0.08251953,0.33789062,0.44921875,0.20898438,0.10351562,0.10839844,0.04956055,"Cytoplasm, Nucleus",Nucleus
ENSP00000446665,0.15429688,0.49414062,0.49414062,0.39257812,0.18261719,0.58203125,0.29101562,0.17773438,0.14355469,0.18945312,0.29882812,Cytoplasm,Cytoplasm
ENSP00000392230,0.12158203,0.22949219,0.796875,0.05175781,0.05932617,0.22363281,0.00193024,0.08642578,0.07080078,0.06542969,0.39453125,Nucleus,"Cytoplasm, Nucleus"
ENSP00000505534,0.13183594,0.5859375,0.39453125,0.20410156,0.16113281,0.25195312,0.00288391,0.08496094,0.10351562,0.2734375,0.125,Cytoplasm,Cytoplasm
ENSP00000443772,0.57421875,0.43945312,0.34765625,0.21582031,0.35546875,0.34179688,0.00970459,0.14550781,0.32617188,0.39257812,0.04199219,Membrane,Cytoplasm
ENSP00000435556,0.44921875,0.47460938,0.39648438,0.10839844,0.4921875,0.41796875,0.0324707,0.3125,0.22167969,0.375,0.17285156,Cytoplasm,"Nucleus, Cell membrane"
ENSP00000424323,0.09423828,0.48828125,0.47460938,0.30078125,0.11132812,0.5390625,0.00756836,0.15234375,0.14257812,0.26953125,0.7890625,"Cytoplasm, Peroxisome","Cytoplasm, Nucleus"
ENSP00000417479,0.296875,0.359375,0.46679688,0.45703125,0.24804688,0.23925781,0.00445557,0.08496094,0.43554688,0.37109375,0.00164795,None,Cytoplasm
ENSP00000407711,0.05102539,0.51171875,0.80859375,0.02758789,0.02478027,0.11914062,1.669e-05,0.01586914,0.09521484,0.11767578,0.02124023,"Cytoplasm, Nucleus",Nucleus
ENSP00000340691,0.20898438,0.6640625,0.4921875,0.0378418,0.31445312,0.10107422,0.00254822,0.05664062,0.08886719,0.08251953,0.0279541,Cytoplasm,"Cytoplasm, Nucleus"
ENSP00000498324,0.09960938,0.37109375,0.45507812,0.81640625,0.02404785,0.36328125,0.03198242,0.29882812,0.05664062,0.07910156,0.01165771,Extracellular,Nucleus
ENSP00000493492,0.08642578,0.44921875,0.5390625,0.22949219,0.03955078,0.37304688,0.03686523,0.24121094,0.21875,0.33984375,0.11914062,Nucleus,"Cytoplasm, Nucleus"
ENSP00000434141,0.15234375,0.38671875,0.34375,0.546875,0.12988281,0.76171875,0.08251953,0.17871094,0.08642578,0.30078125,0.19433594,Mitochondrion,Nucleus
ENSP00000433390,0.2109375,0.71484375,0.38671875,0.01202393,0.14160156,0.21191406,0.00239563,0.05419922,0.08056641,0.16601562,0.01831055,Cytoplasm,Cell membrane
ENSP00000429192,0.42578125,0.30664062,0.51953125,0.06103516,0.25195312,0.359375,0.0088501,0.31640625,0.11132812,0.06542969,0.00128174,None,Nucleus
ENSP00000401748,0.10351562,0.52734375,0.3046875,0.42773438,0.06298828,0.4921875,0.41015625,0.28125,0.36328125,0.31835938,0.03564453,Cytoplasm,Endoplasmic reticulum
ENSP00000399267,0.28320312,0.62890625,0.33398438,0.20703125,0.25195312,0.05834961,0.02893066,0.18945312,0.10986328,0.31835938,0.02478027,Cytoplasm,"Cytoplasm, Cell membrane"
ENSP00000376096,0.19238281,0.26757812,0.22265625,0.74609375,0.19824219,0.12158203,0.0057373,0.4140625,0.19433594,0.09814453,0.06542969,Extracellular,"Cytoplasm, Cell membrane"
ENSP00000463892,0.30273438,0.33007812,0.41210938,0.14257812,0.171875,0.3203125,0.0324707,0.34765625,0.41796875,0.43945312,0.02294922,None,Golgi apparatus
ENSP00000462796,0.07910156,0.61328125,0.36132812,0.48632812,0.07177734,0.265625,0.00096893,0.08154297,0.07373047,0.13085938,0.02514648,Cytoplasm,Cell membrane
ENSP00000459534,0.09814453,0.30078125,0.57421875,0.08740234,0.06176758,0.328125,0.50390625,0.06640625,0.04077148,0.0390625,0.01916504,Nucleus,"Cytoplasm, Cell membrane"
ENSP00000453357,0.16113281,0.34570312,0.39648438,0.51953125,0.23535156,0.70703125,0.0055542,0.14746094,0.12890625,0.4140625,0.19824219,Mitochondrion,"Cytoplasm, Mitochondrion"
ENSP00000453208,0.10253906,0.38476562,0.5625,0.24902344,0.06542969,0.32226562,0.00360107,0.10498047,0.06347656,0.18261719,0.41796875,Nucleus,Nucleus
ENSP00000451718,0.23046875,0.51953125,0.59765625,0.08642578,0.21777344,0.19335938,0.0018692,0.08886719,0.22363281,0.08740234,0.02758789,"Cytoplasm, Nucleus",Cell membrane
ENSP00000451213,0.06347656,0.25,0.8203125,0.02441406,0.02441406,0.06835938,0.00405884,0.02160645,0.02600098,0.01452637,0.00860596,Nucleus,Nucleus
ENSP00000372205,0.12011719,0.39648438,0.4140625,0.78515625,0.10986328,0.41015625,0.04199219,0.01544189,0.03564453,0.12890625,0.00421143,Extracellular,Cytoplasm
ENSP00000343218,0.11279297,0.35546875,0.51953125,0.5546875,0.10253906,0.484375,0.00756836,0.22167969,0.09814453,0.12792969,0.44335938,None,Nucleus
ENSP00000499538,0.12988281,0.53515625,0.64453125,0.07568359,0.05737305,0.32617188,0.02160645,0.09814453,0.15429688,0.18261719,0.04345703,"Cytoplasm, Nucleus",Nucleus
ENSP00000479447,0.05102539,0.42382812,0.41601562,0.8359375,0.0378418,0.734375,0.27148438,0.10693359,0.03613281,0.13183594,0.11572266,"Extracellular, Mitochondrion",Golgi apparatus
ENSP00000475768,0.06347656,0.5234375,0.62890625,0.02893066,0.09277344,0.56640625,0.00198364,0.14453125,0.15136719,0.12792969,0.11767578,"Cytoplasm, Nucleus","Cytoplasm, Nucleus"
ENSP00000466951,0.18164062,0.42773438,0.3984375,0.19433594,0.08642578,0.22167969,0.00085449,0.11279297,0.23828125,0.58203125,0.02258301,None,"Cytoplasm, Nucleus"
ENSP00000463688,0.09521484,0.39257812,0.52734375,0.421875,0.15234375,0.38476562,0.00154877,0.17480469,0.09521484,0.09960938,0.6796875,None,Nucleus
ENSP00000409858,0.17871094,0.390625,0.55859375,0.34765625,0.13574219,0.36132812,0.04345703,0.16992188,0.11425781,0.2265625,0.05737305,Nucleus,Nucleus
ENSP00000505503,0.09960938,0.40234375,0.359375,0.8359375,0.04199219,0.59765625,0.2890625,0.11425781,0.04394531,0.19042969,0.18847656,Extracellular,"Cytoplasm, Nucleus"
ENSP00000493139,0.18261719,0.20019531,0.17480469,0.7734375,0.04467773,0.42773438,0.02929688,0.4140625,0.2421875,0.2265625,0.18261719,Extracellular,Nucleus
ENSP00000482498,0.18164062,0.40429688,0.33789062,0.640625,0.06103516,0.56640625,0.625,0.21972656,0.10253906,0.13183594,0.31835938,None,Cytoplasm
ENSP00000482052,0.21484375,0.45703125,0.43359375,0.58984375,0.11425781,0.23925781,0.00328064,0.0390625,0.15234375,0.07568359,0.00198364,None,Golgi apparatus
ENSP00000454688,0.38867188,0.6796875,0.23632812,0.09277344,0.32617188,0.3828125,0.00075531,0.203125,0.27734375,0.33398438,0.07714844,Cytoplasm,Cell membrane
ENSP00000414661,0.13085938,0.421875,0.41601562,0.56640625,0.05029297,0.48046875,0.09667969,0.11425781,0.21972656,0.40429688,0.01202393,None,Nucleus
ENSP00000407464,0.17871094,0.51171875,0.31054688,0.69140625,0.15527344,0.6171875,0.0324707,0.20898438,0.1484375,0.2890625,0.01452637,"Cytoplasm, Extracellular",Cell membrane
ENSP00000396366,0.22265625,0.47265625,0.5703125,0.12792969,0.30664062,0.15039062,0.0324707,0.14355469,0.12158203,0.40820312,0.00628662,"Cytoplasm, Nucleus",Cell membrane
ENSP00000497786,0.05419922,0.30078125,0.33398438,0.15820312,0.03063965,0.30273438,0.890625,0.03515625,0.0559082,0.08056641,0.34179688,Plastid,Cytoplasm
ENSP00000471518,0.20703125,0.20605469,0.16015625,0.7265625,0.19238281,0.62890625,0.3359375,0.13476562,0.28710938,0.34179688,0.01361084,Extracellular,Cell membrane
ENSP00000470962,0.27734375,0.25195312,0.19824219,0.05175781,0.13964844,0.9609375,0.0480957,0.04467773,0.02124023,0.08251953,0.09277344,Mitochondrion,Mitochondrion
ENSP00000426615,0.03063965,0.28710938,0.91015625,0.21875,0.01544189,0.20605469,0.01202393,0.01794434,0.01452637,0.01361084,0.01940918,Nucleus,Nucleus
ENSP00000420568,0.09033203,0.44921875,0.52734375,0.6484375,0.16601562,0.46679688,0.01281738,0.09667969,0.08398438,0.18554688,0.21875,Extracellular,Nucleus
ENSP00000387794,0.24316406,0.60546875,0.3515625,0.08154297,0.38085938,0.35351562,0.03613281,0.1484375,0.11425781,0.11279297,0.20898438,Cytoplasm,"Cytoplasm, Nucleus"
ENSP00000297983,0.66796875,0.15136719,0.11425781,0.10107422,0.10107422,0.8359375,0.01324463,0.16894531,0.11279297,0.12988281,0.03320312,"Membrane, Mitochondrion",Mitochondrion
ENSP00000499772,0.12011719,0.19238281,0.28320312,0.76171875,0.04394531,0.57421875,0.03173828,0.24902344,0.078125,0.23828125,0.0255127,Extracellular,Nucleus
ENSP00000453703,0.10986328,0.66015625,0.44726562,0.34570312,0.12988281,0.28710938,0.00109863,0.10498047,0.15625,0.25585938,0.02844238,Cytoplasm,Golgi apparatus
ENSP00000453584,0.10839844,0.25585938,0.37109375,0.10498047,0.0480957,0.87890625,0.42773438,0.12402344,0.06738281,0.07177734,0.17089844,Mitochondrion,"Cytoplasm, Endoplasmic reticulum"
ENSP00000453034,0.06445312,0.5234375,0.76953125,0.18261719,0.06445312,0.19726562,0.0022583,0.10351562,0.12988281,0.09814453,0.19824219,"Cytoplasm, Nucleus",Golgi apparatus
ENSP00000263384,0.07275391,0.296875,0.69921875,0.07177734,0.04736328,0.18457031,0.00099945,0.0267334,0.0279541,0.09277344,0.00231934,Nucleus,Nucleus
ENSP00000501275,0.10498047,0.49804688,0.45117188,0.54296875,0.08154297,0.31835938,0.01794434,0.11279297,0.10253906,0.10839844,0.10498047,Cytoplasm,"Cytoplasm, Nucleus"
ENSP00000471042,0.15820312,0.49023438,0.484375,0.14648438,0.07275391,0.47070312,0.02233887,0.15917969,0.04614258,0.1953125,0.39453125,Cytoplasm,Nucleus
ENSP00000462912,0.1953125,0.57421875,0.36523438,0.08154297,0.24609375,0.515625,0.00592041,0.08398438,0.25390625,0.27929688,0.2265625,Cytoplasm,Cell membrane
ENSP00000428370,0.21972656,0.58984375,0.37890625,0.01165771,0.06542969,0.23242188,0.01202393,0.33789062,0.13867188,0.11132812,0.02294922,Cytoplasm,Nucleus
ENSP00000355831,0.06933594,0.36523438,0.42578125,0.796875,0.04736328,0.6171875,0.19921875,0.19433594,0.05834961,0.13378906,0.13085938,Extracellular,"Cytoplasm, Nucleus"
ENSP00000344547,0.06835938,0.24121094,0.85546875,0.77734375,0.12402344,0.11914062,0.00180817,0.05664062,0.00756836,0.03515625,0.00180817,"Nucleus, Extracellular","Cytoplasm, Nucleus"
ENSP00000505087,0.21777344,0.42382812,0.50390625,0.3359375,0.18945312,0.37890625,0.06298828,0.1953125,0.20800781,0.3203125,0.10107422,None,Mitochondrion
ENSP00000503145,0.06640625,0.53125,0.6015625,0.65625,0.11279297,0.62109375,0.02478027,0.07470703,0.09277344,0.16015625,0.390625,"Cytoplasm, Nucleus, Extracellular",Mitochondrion
ENSP00000502095,0.21289062,0.35351562,0.39257812,0.546875,0.12988281,0.51953125,0.19042969,0.2890625,0.27148438,0.41015625,0.19921875,None,"Cytoplasm, Cell membrane, Endoplasmic reticulum"
ENSP00000500895,0.15039062,0.16796875,0.09277344,0.9375,0.13964844,0.16601562,0.00537109,0.18945312,0.1953125,0.26757812,0.03613281,Extracellular,"Cytoplasm, Nucleus"
ENSP00000469135,0.14355469,0.1953125,0.11572266,0.85546875,0.19042969,0.10253906,0.15429688,0.26171875,0.20800781,0.18847656,0.01403809,Extracellular,Cell membrane
ENSP00000464419,0.12011719,0.43554688,0.4765625,0.61328125,0.11279297,0.37304688,0.01831055,0.22265625,0.14550781,0.14648438,0.5,None,Cytoplasm
ENSP00000452417,0.23242188,0.1640625,0.17089844,0.19042969,0.03613281,0.94140625,0.17871094,0.10693359,0.03417969,0.13867188,0.27148438,Mitochondrion,Nucleus
ENSP00000502101,0.14648438,0.51953125,0.31640625,0.12695312,0.08886719,0.37109375,0.01635742,0.2578125,0.13769531,0.14355469,0.0390625,Cytoplasm,Nucleus
ENSP00000478133,0.08398438,0.625,0.6171875,0.14453125,0.10839844,0.47851562,0.01281738,0.04541016,0.08740234,0.140625,0.01879883,"Cytoplasm, Nucleus",Mitochondrion
ENSP00000464089,0.40820312,0.47460938,0.5859375,0.09814453,0.20019531,0.16308594,0.01544189,0.09033203,0.25195312,0.41601562,0.01544189,"Cytoplasm, Nucleus",Golgi apparatus
ENSP00000453629,0.14160156,0.67578125,0.34375,0.01403809,0.31835938,0.09033203,0.00689697,0.01586914,0.02929688,0.01135254,0.01495361,Cytoplasm,"Cytoplasm, Nucleus"
ENSP00000452439,0.11914062,0.67578125,0.37109375,0.32617188,0.10107422,0.3984375,0.08496094,0.12890625,0.14941406,0.15722656,0.12597656,Cytoplasm,"Cytoplasm, Nucleus"
ENSP00000421606,0.10839844,0.6171875,0.51953125,0.11279297,0.09814453,0.30664062,0.0324707,0.06347656,0.15625,0.203125,0.01031494,Cytoplasm,Nucleus
ENSP00000266964,0.32421875,0.6484375,0.23339844,0.09814453,0.11132812,0.1328125,0.00860596,0.04956055,0.58984375,0.09814453,0.0078125,"Cytoplasm, Lysosome/Vacuole",Cytoplasm
ENSP00000453470,0.10351562,0.46679688,0.49609375,0.18261719,0.08056641,0.42578125,0.003479,0.10986328,0.12255859,0.203125,0.859375,Peroxisome,Nucleus
ENSP00000433139,0.11914062,0.49609375,0.62109375,0.42382812,0.09033203,0.12353516,0.01135254,0.39453125,0.09423828,0.07910156,0.00262451,"Cytoplasm, Nucleus","Cytoplasm, Nucleus, Endoplasmic reticulum"
ENSP00000430095,0.3125,0.39648438,0.42578125,0.13574219,0.09423828,0.43359375,0.0402832,0.23046875,0.41992188,0.52734375,0.0255127,None,"Cytoplasm, Nucleus"
ENSP00000421676,0.09423828,0.34765625,0.48242188,0.703125,0.02441406,0.44726562,0.04614258,0.14941406,0.0534668,0.10693359,0.01068115,Extracellular,Nucleus
ENSP00000406980,0.30664062,0.47265625,0.33984375,0.12988281,0.3046875,0.546875,0.07470703,0.23632812,0.14746094,0.29101562,0.05419922,Cytoplasm,Cytoplasm
ENSP00000342895,0.27929688,0.15625,0.10839844,0.06176758,0.13476562,0.95703125,0.01403809,0.05419922,0.03027344,0.09814453,0.06933594,Mitochondrion,Mitochondrion
ENSP00000290079,0.73828125,0.09814453,0.08642578,0.08056641,0.05273438,0.93359375,0.34570312,0.16992188,0.2578125,0.24121094,0.38671875,"Membrane, Mitochondrion",Mitochondrion
ENSP00000480532,0.125,0.47070312,0.46289062,0.515625,0.07275391,0.52734375,0.02514648,0.13574219,0.16699219,0.21972656,0.07275391,Cytoplasm,Nucleus
ENSP00000467027,0.12402344,0.3671875,0.66796875,0.11279297,0.11572266,0.20019531,0.00860596,0.17480469,0.03320312,0.11572266,0.00610352,Nucleus,Nucleus
ENSP00000462899,0.23925781,0.18847656,0.17089844,0.08251953,0.13671875,0.96875,0.02331543,0.04345703,0.06347656,0.11132812,0.18554688,Mitochondrion,Cytoplasm
ENSP00000454124,0.11279297,0.484375,0.55078125,0.48046875,0.12890625,0.39453125,0.05419922,0.19335938,0.24511719,0.19921875,0.17480469,"Cytoplasm, Nucleus",Nucleus
ENSP00000435017,0.6015625,0.13574219,0.15429688,0.08251953,0.03735352,0.91796875,0.09277344,0.16308594,0.171875,0.09033203,0.15039062,"Membrane, Mitochondrion",Mitochondrion
ENSP00000433148,0.6015625,0.12792969,0.15429688,0.14941406,0.48046875,0.21972656,0.00476074,0.28515625,0.34960938,0.21875,0.01586914,Membrane,Cell membrane
ENSP00000421209,0.12255859,0.41601562,0.51171875,0.36132812,0.09814453,0.65625,0.06933594,0.22167969,0.14453125,0.27734375,0.10693359,Mitochondrion,Cytoplasm
ENSP00000404242,0.265625,0.41015625,0.33398438,0.58984375,0.14160156,0.421875,0.1953125,0.2734375,0.10839844,0.18457031,0.01745605,None,Cytoplasm
ENSP00000386519,0.07080078,0.23632812,0.8515625,0.75390625,0.12109375,0.12988281,0.00170135,0.06005859,0.00756836,0.03735352,0.00218201,"Nucleus, Extracellular","Cytoplasm, Nucleus"
ENSP00000362011,0.08496094,0.42773438,0.55859375,0.35742188,0.05737305,0.3515625,0.01495361,0.10253906,0.12988281,0.07373047,0.06347656,Nucleus,Nucleus
ENSP00000453826,0.13867188,0.37109375,0.49023438,0.30273438,0.09667969,0.6171875,0.03564453,0.22949219,0.18945312,0.22949219,0.45898438,None,Nucleus
ENSP00000437094,0.33203125,0.66015625,0.33789062,0.05273438,0.20214844,0.39257812,0.0022583,0.08056641,0.31445312,0.45117188,0.01165771,Cytoplasm,"Cytoplasm, Nucleus, Cell membrane"
ENSP00000422708,0.14550781,0.58203125,0.3125,0.04736328,0.12109375,0.66015625,0.00476074,0.25195312,0.09814453,0.08154297,0.19824219,"Cytoplasm, Mitochondrion",Cytoplasm
ENSP00000388120,0.04077148,0.33789062,0.9375,0.00460815,0.02404785,0.0402832,0.00668335,0.02600098,0.06298828,0.0402832,0.00034523,Nucleus,Nucleus
ENSP00000379634,0.04394531,0.27148438,0.8671875,0.01165771,0.04150391,0.07177734,0.01586914,0.01098633,0.01635742,0.01202393,0.01068115,Nucleus,Nucleus
ENSP00000504953,0.20800781,0.38476562,0.47070312,0.38867188,0.11914062,0.28320312,0.25585938,0.21777344,0.18359375,0.2421875,0.01000977,None,Nucleus
ENSP00000489835,0.10498047,0.5234375,0.59375,0.04736328,0.08056641,0.3359375,0.00860596,0.19335938,0.08251953,0.16601562,0.0071106,"Cytoplasm, Nucleus","Cytoplasm, Nucleus"
ENSP00000483888,0.3125,0.25585938,0.24511719,0.2109375,0.07568359,0.8671875,0.17675781,0.33789062,0.12792969,0.33398438,0.10498047,Mitochondrion,Mitochondrion
ENSP00000456106,0.08740234,0.40429688,0.7265625,0.09130859,0.06298828,0.28710938,0.00421143,0.09130859,0.04394531,0.08251953,0.03027344,Nucleus,Nucleus
ENSP00000432533,0.1875,0.4140625,0.56640625,0.29101562,0.12890625,0.23925781,0.09130859,0.11279297,0.10351562,0.1640625,0.05664062,Nucleus,Nucleus
ENSP00000423727,0.18359375,0.17871094,0.10107422,0.890625,0.12597656,0.203125,0.06738281,0.27734375,0.22265625,0.27929688,0.06445312,Extracellular,"Endoplasmic reticulum, Golgi apparatus"
ENSP00000393552,0.0255127,0.28320312,0.88671875,0.04345703,0.10107422,0.05273438,0.00476074,0.05419922,0.06835938,0.02600098,0.01068115,Nucleus,Nucleus
ENSP00000389559,0.19042969,0.36132812,0.67578125,0.04394531,0.16894531,0.08886719,0.00939941,0.13964844,0.08886719,0.11425781,0.01940918,Nucleus,Nucleus
ENSP00000464232,0.21484375,0.5078125,0.6484375,0.06542969,0.06347656,0.29492188,0.00506592,0.06640625,0.11132812,0.29492188,0.01452637,"Cytoplasm, Nucleus",Nucleus
ENSP00000450740,0.09667969,0.26953125,0.58984375,0.3515625,0.04882812,0.36328125,0.28125,0.22949219,0.03173828,0.05419922,0.07275391,Nucleus,"Cytoplasm, Nucleus"
ENSP00000323414,0.14257812,0.4375,0.4765625,0.31640625,0.19335938,0.5625,0.07910156,0.2734375,0.30078125,0.32421875,0.17578125,None,Cell membrane
ENSP00000503038,0.296875,0.38085938,0.27734375,0.515625,0.09033203,0.6796875,0.12988281,0.3125,0.15625,0.27734375,0.04736328,Mitochondrion,Cytoplasm
ENSP00000486916,0.140625,0.41796875,0.39648438,0.359375,0.14648438,0.4453125,0.01245117,0.20898438,0.24316406,0.15820312,0.87109375,Peroxisome,Nucleus
ENSP00000462962,0.06298828,0.28125,0.42578125,0.734375,0.01940918,0.8046875,0.13183594,0.12695312,0.01696777,0.17285156,0.02404785,"Extracellular, Mitochondrion",Cytoplasm
ENSP00000456998,0.05932617,0.43164062,0.55078125,0.36328125,0.11914062,0.7265625,0.00521851,0.25585938,0.0534668,0.29296875,0.4140625,"Nucleus, Mitochondrion",Nucleus
ENSP00000422701,0.18554688,0.45507812,0.36523438,0.24804688,0.07568359,0.375,0.01696777,0.296875,0.15625,0.19824219,0.00308228,None,"Cytoplasm, Nucleus"
ENSP00000416133,0.09277344,0.5859375,0.6953125,0.06738281,0.04956055,0.09130859,0.01202393,0.07275391,0.09130859,0.17675781,0.02514648,"Cytoplasm, Nucleus",Nucleus
ENSP00000410223,0.87109375,0.08251953,0.08642578,0.09960938,0.67578125,0.15429688,0.06298828,0.5546875,0.66796875,0.26953125,0.00915527,"Membrane, Cell membrane, Lysosome/Vacuole",Nucleus
ENSP00000461696,0.1328125,0.453125,0.61328125,0.16894531,0.1875,0.18554688,0.03735352,0.12988281,0.13085938,0.21484375,0.03686523,Nucleus,Nucleus
ENSP00000429766,0.30078125,0.4921875,0.43359375,0.1953125,0.3046875,0.17089844,0.00915527,0.06103516,0.49609375,0.33203125,0.00370789,Cytoplasm,Cytoplasm
ENSP00000339093,0.3984375,0.33203125,0.30859375,0.42773438,0.15917969,0.46679688,0.02478027,0.48828125,0.21582031,0.32226562,0.0378418,None,Golgi apparatus
ENSP00000471563,0.53125,0.60546875,0.29101562,0.17480469,0.5,0.34765625,0.00026131,0.02929688,0.328125,0.33203125,0.01403809,"Membrane, Cytoplasm","Cytoplasm, Nucleus"
ENSP00000470109,0.0534668,0.3984375,0.6171875,0.86328125,0.04199219,0.33398438,0.01403809,0.06347656,0.04077148,0.01940918,0.12109375,"Nucleus, Extracellular",Mitochondrion
ENSP00000464792,0.11132812,0.32421875,0.54296875,0.13378906,0.09033203,0.734375,0.15722656,0.04541016,0.14453125,0.06835938,0.02893066,"Nucleus, Mitochondrion",Nucleus
ENSP00000453633,0.26953125,0.32421875,0.68359375,0.09277344,0.1640625,0.20703125,0.02758789,0.23242188,0.06640625,0.171875,0.00024605,Nucleus,"Cytoplasm, Cell membrane"
ENSP00000451510,0.16699219,0.41601562,0.45703125,0.4296875,0.13085938,0.47070312,0.19335938,0.14160156,0.16699219,0.23339844,0.04663086,None,Cytoplasm
ENSP00000434474,0.13476562,0.49023438,0.38867188,0.4765625,0.16601562,0.49804688,0.02062988,0.16992188,0.1796875,0.3515625,0.15332031,Cytoplasm,Nucleus
ENSP00000423901,0.08642578,0.39648438,0.578125,0.11132812,0.02160645,0.30664062,0.02124023,0.2890625,0.06933594,0.08886719,0.0057373,Nucleus,Nucleus
ENSP00000404012,0.15625,0.37890625,0.46289062,0.55078125,0.21777344,0.67578125,0.01452637,0.14257812,0.28515625,0.2734375,0.24902344,Mitochondrion,"Cytoplasm, Nucleus"
ENSP00000401872,0.06176758,0.55859375,0.62890625,0.45117188,0.10693359,0.37109375,0.00204468,0.04150391,0.0559082,0.1484375,0.04882812,"Cytoplasm, Nucleus",Cytoplasm
ENSP00000498848,0.17285156,0.3203125,0.31445312,0.7734375,0.07080078,0.53515625,0.21582031,0.25,0.06835938,0.17480469,0.17871094,Extracellular,Nucleus
ENSP00000498788,0.16015625,0.58203125,0.53125,0.01855469,0.10839844,0.29296875,0.00175476,0.11279297,0.18847656,0.20703125,0.19238281,"Cytoplasm, Nucleus","Cytoplasm, Nucleus"
ENSP00000489370,0.16894531,0.40429688,0.40820312,0.59765625,0.12402344,0.5703125,0.08740234,0.21972656,0.19921875,0.25195312,0.1953125,None,Cytoplasm
ENSP00000431095,0.078125,0.40820312,0.53125,0.59765625,0.04663086,0.45117188,0.11767578,0.15429688,0.12011719,0.06347656,0.04272461,Nucleus,Nucleus
ENSP00000402322,0.27734375,0.5234375,0.5078125,0.20019531,0.13574219,0.09667969,0.0324707,0.14355469,0.20019531,0.26953125,0.02331543,Cytoplasm,"Cytoplasm, Cell membrane"
ENSP00000392615,0.06347656,0.484375,0.79296875,0.15722656,0.06835938,0.09130859,0.003479,0.05273438,0.02368164,0.02514648,0.00099945,"Cytoplasm, Nucleus",Nucleus
ENSP00000370125,0.09814453,0.2890625,0.8046875,0.3359375,0.19238281,0.10253906,0.01745605,0.01068115,0.01403809,0.03613281,0.01245117,Nucleus,Nucleus
ENSP00000448545,0.296875,0.23339844,0.19238281,0.04199219,0.08496094,0.94921875,0.01696777,0.18164062,0.03564453,0.06298828,0.03466797,Mitochondrion,Mitochondrion
ENSP00000429976,0.05932617,0.43945312,0.4375,0.65234375,0.04199219,0.609375,0.02514648,0.0559082,0.10253906,0.05175781,0.21191406,Extracellular,Mitochondrion
ENSP00000429873,0.10253906,0.34179688,0.30078125,0.68359375,0.06542969,0.3125,0.05493164,0.11914062,0.34570312,0.140625,0.0402832,Extracellular,Mitochondrion
ENSP00000424181,0.07470703,0.5390625,0.75390625,0.01879883,0.11279297,0.15039062,0.24316406,0.10107422,0.09033203,0.05493164,0.03955078,"Cytoplasm, Nucleus",Nucleus
ENSP00000423066,0.09277344,0.56640625,0.40820312,0.3203125,0.07470703,0.15625,0.01324463,0.04150391,0.09277344,0.02258301,0.02893066,Cytoplasm,Cytoplasm
ENSP00000421897,0.36132812,0.6484375,0.17871094,0.62109375,0.06738281,0.06347656,0.00460815,0.18945312,0.45507812,0.64453125,0.00204468,Cytoplasm,"Cytoplasm, Cell membrane"
ENSP00000395719,0.28515625,0.46289062,0.38671875,0.07910156,0.09521484,0.45703125,0.00175476,0.11767578,0.46679688,0.50390625,0.00592041,None,Nucleus
ENSP00000502954,0.28710938,0.14160156,0.08642578,0.04199219,0.11572266,0.96875,0.06738281,0.04882812,0.05273438,0.10351562,0.08251953,Mitochondrion,Mitochondrion
ENSP00000489587,0.14257812,0.20800781,0.14746094,0.8515625,0.09814453,0.43164062,0.25585938,0.16796875,0.06347656,0.18554688,0.03686523,Extracellular,Nucleus
ENSP00000457536,0.32421875,0.703125,0.3125,0.41210938,0.30859375,0.31640625,0.00537109,0.11572266,0.13867188,0.15820312,0.08056641,Cytoplasm,"Cytoplasm, Cell membrane"
ENSP00000431233,0.12988281,0.23339844,0.23339844,0.87109375,0.0378418,0.75390625,0.16992188,0.24609375,0.08154297,0.39648438,0.03198242,"Extracellular, Mitochondrion",Endoplasmic reticulum
ENSP00000426165,0.05419922,0.54296875,0.65625,0.51171875,0.12109375,0.30078125,0.00915527,0.08154297,0.05029297,0.26757812,0.19726562,"Cytoplasm, Nucleus",Cytoplasm
ENSP00000421839,0.14257812,0.40234375,0.375,0.59375,0.13183594,0.4296875,0.03417969,0.29101562,0.18359375,0.32226562,0.12353516,None,"Cytoplasm, Nucleus"
ENSP00000409990,0.11425781,0.66796875,0.41601562,0.17089844,0.11279297,0.49609375,0.39453125,0.13476562,0.04736328,0.03198242,0.44335938,Cytoplasm,"Cytoplasm, Nucleus"
ENSP00000392767,0.33789062,0.62109375,0.31835938,0.36328125,0.30273438,0.17480469,0.07373047,0.09033203,0.328125,0.14257812,0.00970459,Cytoplasm,Cytoplasm
ENSP00000372656,0.11132812,0.42773438,0.41796875,0.66015625,0.04150391,0.60546875,0.33789062,0.2734375,0.11425781,0.328125,0.15039062,Extracellular,Cell membrane
ENSP00000350398,0.09521484,0.51953125,0.56640625,0.44921875,0.09277344,0.453125,0.13769531,0.10839844,0.14355469,0.203125,0.05737305,"Cytoplasm, Nucleus",Mitochondrion
ENSP00000506567,0.12402344,0.52734375,0.29296875,0.58203125,0.08251953,0.5546875,0.25195312,0.10107422,0.0402832,0.25585938,0.04956055,Cytoplasm,"Cytoplasm, Nucleus"
ENSP00000505535,0.47851562,0.7109375,0.37109375,0.02929688,0.39648438,0.19824219,0.00066757,0.16894531,0.23242188,0.26953125,0.01202393,"Membrane, Cytoplasm",Cytoplasm
ENSP00000482941,0.27929688,0.53125,0.24804688,0.19726562,0.25,0.5703125,0.03173828,0.16308594,0.10253906,0.2734375,0.0480957,Cytoplasm,Mitochondrion
ENSP00000242152,0.12988281,0.11132812,0.09521484,0.9296875,0.13964844,0.078125,0.01586914,0.17089844,0.08056641,0.32421875,0.01745605,Extracellular,Golgi apparatus
ENSP00000476323,0.42382812,0.14257812,0.11767578,0.0480957,0.13183594,0.9609375,0.01135254,0.08056641,0.06298828,0.15136719,0.1640625,Mitochondrion,Mitochondrion
ENSP00000475468,0.18261719,0.37304688,0.42578125,0.2421875,0.10253906,0.4765625,0.20214844,0.25585938,0.11767578,0.2734375,0.15332031,None,Nucleus
ENSP00000463707,0.16699219,0.4765625,0.46679688,0.62890625,0.11572266,0.59375,0.28125,0.1875,0.13574219,0.24804688,0.01586914,Cytoplasm,Cell membrane
ENSP00000453788,0.11767578,0.39648438,0.46875,0.5859375,0.06176758,0.671875,0.2421875,0.20898438,0.14160156,0.30664062,0.02233887,Mitochondrion,"Cytoplasm, Nucleus"
ENSP00000438281,0.171875,0.578125,0.33984375,0.14746094,0.15820312,0.37695312,0.00297546,0.09521484,0.16113281,0.5078125,0.00170135,Cytoplasm,Cytoplasm
ENSP00000436308,0.03063965,0.26367188,0.875,0.05932617,0.07714844,0.12695312,0.0055542,0.0534668,0.06005859,0.02722168,0.00915527,Nucleus,Nucleus
ENSP00000434262,0.17871094,0.41210938,0.33203125,0.32421875,0.11279297,0.53515625,0.02404785,0.10986328,0.10693359,0.12402344,0.00592041,None,Mitochondrion
ENSP00000432792,0.69921875,0.08056641,0.09667969,0.18457031,0.19433594,0.9453125,0.59375,0.50390625,0.37304688,0.17578125,0.06103516,"Membrane, Mitochondrion",Mitochondrion
ENSP00000408717,0.1484375,0.49609375,0.49609375,0.19433594,0.06640625,0.28125,0.00735474,0.10693359,0.09277344,0.13671875,0.04199219,Cytoplasm,Nucleus
ENSP00000453224,0.07373047,0.49414062,0.46289062,0.7890625,0.07275391,0.6015625,0.1953125,0.05664062,0.04541016,0.14746094,0.01068115,"Cytoplasm, Extracellular",Endoplasmic reticulum
ENSP00000443808,0.14941406,0.38085938,0.390625,0.41601562,0.11572266,0.69921875,0.17675781,0.17675781,0.12255859,0.23535156,0.07177734,Mitochondrion,"Nucleus, Golgi apparatus"
ENSP00000431481,0.22558594,0.6015625,0.46679688,0.11132812,0.26367188,0.07275391,0.01031494,0.10107422,0.453125,0.08251953,0.01452637,Cytoplasm,Nucleus
ENSP00000399672,0.09960938,0.41992188,0.6171875,0.15625,0.07177734,0.28320312,0.03063965,0.08056641,0.12158203,0.17578125,0.03027344,Nucleus,Nucleus
ENSP00000399490,0.22265625,0.20703125,0.15234375,0.47851562,0.18164062,0.328125,0.05493164,0.2421875,0.11572266,0.44140625,0.0279541,None,Cell membrane
ENSP00000389994,0.11767578,0.55078125,0.40234375,0.67578125,0.08251953,0.29882812,0.2578125,0.08886719,0.07080078,0.2578125,0.04956055,"Cytoplasm, Extracellular",Cell membrane
ENSP00000502992,0.23242188,0.16015625,0.12353516,0.078125,0.07470703,0.9453125,0.32617188,0.04272461,0.02893066,0.06542969,0.0559082,Mitochondrion,Mitochondrion
ENSP00000464939,0.12988281,0.2890625,0.69921875,0.03320312,0.06640625,0.14941406,0.00175476,0.06005859,0.03735352,0.10498047,0.00360107,Nucleus,Nucleus
ENSP00000458914,0.13378906,0.4296875,0.48828125,0.46679688,0.13769531,0.671875,0.08251953,0.10253906,0.20605469,0.15722656,0.15136719,Mitochondrion,Mitochondrion
ENSP00000434280,0.31445312,0.3359375,0.5078125,0.30664062,0.14160156,0.609375,0.14648438,0.06933594,0.08886719,0.03112793,0.03369141,None,Mitochondrion
ENSP00000501350,0.15234375,0.48828125,0.45898438,0.5078125,0.12988281,0.33203125,0.07080078,0.1328125,0.15039062,0.18847656,0.02197266,Cytoplasm,Nucleus
ENSP00000471320,0.08496094,0.31835938,0.37890625,0.7890625,0.06103516,0.58203125,0.08154297,0.10839844,0.06933594,0.16015625,0.0559082,Extracellular,Cytoplasm
ENSP00000466948,0.23632812,0.3671875,0.45898438,0.14160156,0.07177734,0.5703125,0.13671875,0.26953125,0.12988281,0.171875,0.02636719,None,Cytoplasm
ENSP00000462705,0.10253906,0.58203125,0.42773438,0.23339844,0.12988281,0.32226562,0.00170135,0.09130859,0.13964844,0.19921875,0.22558594,Cytoplasm,"Cytoplasm, Nucleus"
ENSP00000437284,0.78125,0.14550781,0.14257812,0.07080078,0.42382812,0.25390625,0.06445312,0.3671875,0.53125,0.49414062,0.0402832,Membrane,"Endoplasmic reticulum, Golgi apparatus"
ENSP00000437200,0.13476562,0.32421875,0.625,0.5,0.12109375,0.24804688,0.12988281,0.10498047,0.03735352,0.11279297,0.00062561,Nucleus,Cytoplasm
ENSP00000421278,0.14941406,0.40625,0.59765625,0.12158203,0.10839844,0.22558594,0.21191406,0.15429688,0.29101562,0.33398438,0.18554688,Nucleus,Nucleus
ENSP00000404471,0.15429688,0.25390625,0.22167969,0.76953125,0.1875,0.30664062,0.01977539,0.19042969,0.17675781,0.33007812,0.21972656,Extracellular,Cell membrane
ENSP00000246551,0.58984375,0.1640625,0.09814453,0.70703125,0.61328125,0.15039062,0.00592041,0.23242188,0.48242188,0.22167969,0.16699219,"Membrane, Extracellular, Cell membrane",Cell membrane
ENSP00000450530,0.17871094,0.375,0.51953125,0.40429688,0.15429688,0.45507812,0.17871094,0.15820312,0.15429688,0.18945312,0.03613281,None,Cytoplasm
ENSP00000445750,0.09423828,0.4921875,0.48242188,0.60546875,0.08398438,0.46484375,0.09423828,0.12011719,0.04663086,0.12792969,0.18164062,Cytoplasm,Cytoplasm
ENSP00000441344,0.12011719,0.3984375,0.45117188,0.34375,0.05664062,0.40039062,0.21582031,0.28515625,0.12890625,0.1640625,0.06933594,None,Mitochondrion
ENSP00000436643,0.8828125,0.10351562,0.11914062,0.06542969,0.11914062,0.70703125,0.00805664,0.6796875,0.21777344,0.40429688,0.30859375,"Membrane, Mitochondrion, Endoplasmic reticulum",Golgi apparatus
ENSP00000431952,0.11572266,0.42578125,0.30664062,0.91015625,0.06835938,0.35742188,0.05419922,0.0324707,0.03955078,0.10986328,0.30078125,Extracellular,"Cytoplasm, Nucleus"
ENSP00000404200,0.703125,0.20019531,0.04956055,0.01245117,0.10839844,0.89453125,0.04541016,0.23339844,0.19824219,0.08398438,0.8984375,"Membrane, Mitochondrion, Peroxisome",Peroxisome
ENSP00000392945,0.16210938,0.12988281,0.13378906,0.27734375,0.07275391,0.9140625,0.07714844,0.06445312,0.05664062,0.11132812,0.06835938,Mitochondrion,Mitochondrion
ENSP00000477770,0.09667969,0.49804688,0.49414062,0.70703125,0.09667969,0.6953125,0.11572266,0.11425781,0.140625,0.16210938,0.02893066,"Cytoplasm, Extracellular, Mitochondrion",Nucleus
ENSP00000457999,0.09423828,0.45117188,0.50390625,0.17675781,0.07910156,0.3359375,0.15625,0.12695312,0.07275391,0.296875,0.00421143,None,Nucleus
ENSP00000454415,0.19433594,0.11914062,0.11572266,0.07275391,0.06835938,0.9296875,0.09033203,0.04394531,0.03955078,0.07080078,0.19921875,Mitochondrion,Mitochondrion
ENSP00000446893,0.10253906,0.5078125,0.49414062,0.4765625,0.09277344,0.55078125,0.06640625,0.09960938,0.13964844,0.078125,0.11767578,Cytoplasm,"Cytoplasm, Cell membrane"
ENSP00000444859,0.16601562,0.44335938,0.48828125,0.58203125,0.11425781,0.5,0.10839844,0.11572266,0.11425781,0.13671875,0.0378418,None,Cell membrane
ENSP00000437258,0.26367188,0.40625,0.3984375,0.203125,0.18554688,0.328125,0.10498047,0.21289062,0.20898438,0.29101562,0.15429688,None,"Endoplasmic reticulum, Golgi apparatus"
ENSP00000428555,0.15039062,0.62890625,0.60546875,0.5546875,0.03112793,0.08740234,0.16894531,0.03515625,0.09814453,0.0378418,0.00091171,"Cytoplasm, Nucleus",Cell membrane
ENSP00000423846,0.3125,0.640625,0.27539062,0.08740234,0.30078125,0.265625,0.00460815,0.09130859,0.08056641,0.58203125,0.06542969,Cytoplasm,"Cytoplasm, Cell membrane, Endoplasmic reticulum"
ENSP00000406830,0.19433594,0.40820312,0.4921875,0.55859375,0.15917969,0.55078125,0.06445312,0.10498047,0.07373047,0.09033203,0.08251953,None,Nucleus
ENSP00000317413,0.09667969,0.47460938,0.55859375,0.51171875,0.0480957,0.40820312,0.0480957,0.09960938,0.13574219,0.13183594,0.25195312,"Cytoplasm, Nucleus",Nucleus
ENSP00000496807,0.16992188,0.46679688,0.328125,0.53125,0.1796875,0.24511719,0.0078125,0.11425781,0.12890625,0.19042969,0.078125,None,Cell membrane
ENSP00000473656,0.26171875,0.26953125,0.13183594,0.73828125,0.13574219,0.28710938,0.01495361,0.16601562,0.07373047,0.12353516,0.01403809,Extracellular,Nucleus
ENSP00000415158,0.62109375,0.18554688,0.10693359,0.11132812,0.23925781,0.16015625,0.00113678,0.18164062,0.515625,0.35546875,0.30664062,Membrane,Cell membrane
ENSP00000395964,0.15234375,0.51953125,0.48828125,0.58203125,0.10351562,0.17480469,0.00288391,0.12011719,0.16308594,0.09130859,0.9296875,"Cytoplasm, Peroxisome",Mitochondrion
ENSP00000363886,0.15917969,0.5390625,0.5703125,0.59765625,0.04199219,0.12402344,0.0043335,0.19238281,0.20214844,0.28125,0.00280762,"Cytoplasm, Nucleus",Nucleus
ENSP00000357917,0.13183594,0.61328125,0.46875,0.01794434,0.10253906,0.27734375,0.02038574,0.03857422,0.06347656,0.078125,0.64453125,Cytoplasm,"Cytoplasm, Nucleus"
ENSP00000493433,0.12109375,0.42578125,0.31640625,0.46875,0.11914062,0.40039062,0.0480957,0.04345703,0.15527344,0.01940918,0.00537109,None,"Cytoplasm, Cell membrane"
ENSP00000484031,0.14746094,0.41796875,0.33984375,0.5546875,0.09521484,0.39453125,0.0480957,0.08740234,0.28320312,0.11767578,0.484375,None,Nucleus
ENSP00000466596,0.18164062,0.49414062,0.29296875,0.38085938,0.09667969,0.55078125,0.07275391,0.1875,0.08398438,0.15820312,0.03173828,Cytoplasm,Nucleus
ENSP00000464319,0.10253906,0.3203125,0.54296875,0.54296875,0.02758789,0.63671875,0.18261719,0.36132812,0.07568359,0.13574219,0.06542969,Nucleus,"Cytoplasm, Nucleus"
ENSP00000454914,0.06835938,0.23339844,0.2890625,0.6953125,0.04199219,0.80078125,0.06103516,0.22558594,0.07714844,0.23535156,0.02758789,"Extracellular, Mitochondrion",Cytoplasm
ENSP00000453285,0.0378418,0.31054688,0.47851562,0.3203125,0.01696777,0.75,0.40625,0.08251953,0.02368164,0.05273438,0.00735474,Mitochondrion,"Cytoplasm, Endoplasmic reticulum"
ENSP00000432841,0.26757812,0.31835938,0.48242188,0.32226562,0.14355469,0.66796875,0.04956055,0.6796875,0.125,0.34179688,0.12353516,"Mitochondrion, Endoplasmic reticulum",Golgi apparatus
ENSP00000422500,0.03112793,0.28710938,0.90625,0.18847656,0.01635742,0.21972656,0.00830078,0.01855469,0.01361084,0.00860596,0.03173828,Nucleus,Nucleus
ENSP00000416332,0.19335938,0.43164062,0.43164062,0.24609375,0.07373047,0.47070312,0.17871094,0.37109375,0.20703125,0.2421875,0.04394531,None,Cell membrane
ENSP00000387490,0.05273438,0.35546875,0.6015625,0.515625,0.03955078,0.09521484,0.00070953,0.02844238,0.00830078,0.13671875,0.00297546,Nucleus,Nucleus
ENSP00000495146,0.19042969,0.40820312,0.33203125,0.1484375,0.1640625,0.40429688,0.09814453,0.07910156,0.04541016,0.15136719,0.02844238,None,Cytoplasm
ENSP00000473892,0.14160156,0.42773438,0.50390625,0.390625,0.12890625,0.5625,0.20019531,0.140625,0.20214844,0.26367188,0.12792969,None,Mitochondrion
ENSP00000471874,0.12109375,0.44335938,0.515625,0.37890625,0.08398438,0.390625,0.02636719,0.13769531,0.10693359,0.08251953,0.08154297,None,"Cytoplasm, Endoplasmic reticulum"
ENSP00000447669,0.15527344,0.44921875,0.44726562,0.55859375,0.09130859,0.4609375,0.21777344,0.265625,0.15820312,0.23828125,0.04956055,None,Cytoplasm
ENSP00000436328,0.1875,0.2109375,0.1484375,0.8671875,0.15039062,0.31835938,0.04394531,0.3203125,0.17675781,0.296875,0.15332031,Extracellular,"Cytoplasm, Cell membrane"
ENSP00000436205,0.8203125,0.12988281,0.10498047,0.10839844,0.09033203,0.6328125,0.00650024,0.53515625,0.34570312,0.59375,0.24902344,Membrane,Golgi apparatus
ENSP00000432739,0.60546875,0.20800781,0.14648438,0.27539062,0.12597656,0.72265625,0.06176758,0.49609375,0.21972656,0.29492188,0.10839844,"Membrane, Mitochondrion",Mitochondrion
ENSP00000423761,0.09423828,0.68359375,0.53515625,0.06933594,0.13378906,0.21484375,0.0255127,0.0534668,0.09033203,0.14257812,0.00382996,"Cytoplasm, Nucleus",Nucleus
ENSP00000384450,0.07177734,0.43945312,0.6328125,0.42382812,0.09130859,0.34570312,0.00031471,0.05664062,0.15722656,0.0378418,0.77734375,"Nucleus, Peroxisome",Cytoplasm
ENSP00000496153,0.125,0.46289062,0.34765625,0.6484375,0.06738281,0.48828125,0.26171875,0.17871094,0.08740234,0.11914062,0.02197266,Extracellular,Nucleus
ENSP00000475329,0.07470703,0.52734375,0.4921875,0.48242188,0.09130859,0.31835938,0.12988281,0.09277344,0.06298828,0.11279297,0.00939941,Cytoplasm,Nucleus
ENSP00000458264,0.1328125,0.47851562,0.51953125,0.10107422,0.11132812,0.22949219,0.00254822,0.13183594,0.07080078,0.09277344,0.00262451,Cytoplasm,Nucleus
ENSP00000417786,0.140625,0.37304688,0.48828125,0.48046875,0.06738281,0.49023438,0.37890625,0.29101562,0.24609375,0.24316406,0.4296875,None,Nucleus
ENSP00000400596,0.10986328,0.29492188,0.30078125,0.30078125,0.03955078,0.74609375,0.4296875,0.10107422,0.05664062,0.09814453,0.12890625,Mitochondrion,"Cytoplasm, Endoplasmic reticulum"
ENSP00000388413,0.203125,0.22949219,0.14550781,0.09960938,0.06347656,0.9140625,0.17871094,0.04614258,0.01940918,0.06298828,0.12011719,Mitochondrion,Mitochondrion
ENSP00000368383,0.15429688,0.4921875,0.36328125,0.3828125,0.20410156,0.5234375,0.04345703,0.18164062,0.12988281,0.07373047,0.15234375,Cytoplasm,Cytoplasm
ENSP00000279259,0.20410156,0.4140625,0.59765625,0.44140625,0.15625,0.3046875,0.01324463,0.4375,0.10253906,0.20019531,0.01916504,Nucleus,"Cytoplasm, Nucleus, Endoplasmic reticulum"
ENSP00000481472,0.30664062,0.41796875,0.23828125,0.69140625,0.10351562,0.5859375,0.22265625,0.24316406,0.16308594,0.18359375,0.07568359,Extracellular,Mitochondrion
ENSP00000477292,0.39648438,0.15136719,0.11279297,0.05029297,0.11425781,0.96484375,0.01635742,0.07910156,0.06640625,0.14355469,0.16113281,Mitochondrion,Mitochondrion
ENSP00000468125,0.17285156,0.18847656,0.22167969,0.171875,0.10351562,0.96484375,0.03112793,0.05175781,0.04345703,0.15625,0.5546875,Mitochondrion,Mitochondrion
ENSP00000426046,0.28710938,0.38476562,0.45703125,0.11767578,0.14648438,0.41210938,0.10693359,0.34960938,0.52734375,0.29296875,0.02160645,None,"Cytoplasm, Nucleus"
ENSP00000424002,0.29296875,0.5,0.40820312,0.390625,0.20019531,0.29296875,0.11572266,0.19921875,0.19921875,0.64453125,0.00308228,Cytoplasm,Nucleus
ENSP00000409541,0.20703125,0.50390625,0.45117188,0.6171875,0.17285156,0.57421875,0.26171875,0.15917969,0.18847656,0.15429688,0.01202393,Cytoplasm,Golgi apparatus
ENSP00000407410,0.06103516,0.36523438,0.515625,0.47851562,0.04199219,0.31445312,0.16113281,0.15722656,0.01879883,0.18554688,0.19042969,None,"Cytoplasm, Nucleus"
ENSP00000398804,0.6171875,0.47460938,0.33984375,0.15527344,0.34960938,0.45898438,0.07910156,0.45507812,0.58203125,0.5546875,0.0088501,"Membrane, Cytoplasm, Lysosome/Vacuole",Nucleus
ENSP00000504615,0.11132812,0.66015625,0.53515625,0.15527344,0.09960938,0.37109375,0.0057373,0.07714844,0.19042969,0.06542969,0.00668335,"Cytoplasm, Nucleus",Cytoplasm
ENSP00000481423,0.09277344,0.62109375,0.49804688,0.32617188,0.09814453,0.37304688,0.01245117,0.0378418,0.06103516,0.10351562,0.08398438,Cytoplasm,Mitochondrion
ENSP00000443311,0.3828125,0.59375,0.38085938,0.04736328,0.55859375,0.21777344,0.0324707,0.11279297,0.30273438,0.23828125,0.17773438,"Cytoplasm, Cell membrane",Cell membrane
ENSP00000422333,0.25,0.25390625,0.21484375,0.82421875,0.11132812,0.40625,0.25585938,0.38476562,0.17480469,0.25585938,0.19335938,Extracellular,Cell membrane
ENSP00000422150,0.29296875,0.34570312,0.3203125,0.46679688,0.15234375,0.515625,0.27929688,0.296875,0.23242188,0.33984375,0.21875,None,Cell membrane
ENSP00000502397,0.16210938,0.51953125,0.38085938,0.078125,0.18847656,0.46484375,0.12792969,0.20703125,0.10107422,0.19824219,0.3125,Cytoplasm,Nucleus
ENSP00000454489,0.15234375,0.6171875,0.4140625,0.09814453,0.20800781,0.21875,0.00099945,0.02001953,0.04956055,0.07080078,0.0007782,Cytoplasm,Cytoplasm
ENSP00000435912,0.19921875,0.60546875,0.390625,0.44726562,0.09960938,0.46484375,0.18847656,0.09960938,0.09130859,0.19433594,0.01000977,Cytoplasm,Cytoplasm
ENSP00000429426,0.03564453,0.36132812,0.7734375,0.05664062,0.04663086,0.04736328,0.02062988,0.03515625,0.01696777,0.02294922,0.00308228,Nucleus,Nucleus
ENSP00000429313,0.11914062,0.58203125,0.51953125,0.01324463,0.13378906,0.13671875,0.00170135,0.06640625,0.17578125,0.07568359,0.00045776,Cytoplasm,Cytoplasm
ENSP00000421951,0.30859375,0.5703125,0.49804688,0.5,0.21972656,0.10107422,0.0005722,0.00460815,0.21582031,0.06445312,0.00198364,Cytoplasm,Cytoplasm
ENSP00000506128,0.08886719,0.4765625,0.5703125,0.2421875,0.12109375,0.171875,0.03063965,0.01586914,0.08496094,0.12109375,0.00193024,"Cytoplasm, Nucleus","Cytoplasm, Nucleus"
ENSP00000492309,0.23242188,0.15917969,0.13964844,0.05664062,0.140625,0.95703125,0.01855469,0.02331543,0.02294922,0.03369141,0.06445312,Mitochondrion,Mitochondrion
ENSP00000467331,0.51171875,0.25195312,0.11279297,0.44335938,0.39453125,0.37304688,0.01879883,0.203125,0.26367188,0.08496094,0.10498047,Membrane,Endoplasmic reticulum
ENSP00000450910,0.12255859,0.44335938,0.46875,0.6328125,0.09130859,0.40429688,0.14355469,0.21777344,0.13183594,0.08398438,0.20214844,None,Nucleus
ENSP00000401314,0.20214844,0.53515625,0.49609375,0.28125,0.09667969,0.16601562,0.00120544,0.07470703,0.25390625,0.26367188,0.00039291,Cytoplasm,Cell membrane
ENSP00000508170,0.28710938,0.546875,0.43164062,0.05029297,0.16601562,0.12109375,0.00170135,0.11425781,0.19824219,0.15917969,0.0378418,Cytoplasm,"Cytoplasm, Nucleus, Cell membrane"
ENSP00000480290,0.10498047,0.50390625,0.546875,0.13867188,0.07373047,0.375,0.12695312,0.04150391,0.09423828,0.10839844,0.0324707,"Cytoplasm, Nucleus",Golgi apparatus
ENSP00000469123,0.09130859,0.43945312,0.40234375,0.36328125,0.12353516,0.52734375,0.00689697,0.25976562,0.24511719,0.40429688,0.734375,Peroxisome,Cytoplasm
ENSP00000465425,0.13769531,0.515625,0.49023438,0.04882812,0.13476562,0.34570312,0.04077148,0.24804688,0.078125,0.21777344,0.01586914,Cytoplasm,Nucleus
ENSP00000464423,0.15332031,0.39453125,0.44140625,0.4921875,0.14160156,0.37109375,0.08251953,0.21484375,0.15039062,0.27148438,0.08740234,None,Nucleus
ENSP00000462642,0.23535156,0.69921875,0.53125,0.10351562,0.16113281,0.17578125,0.00610352,0.09667969,0.28710938,0.24316406,0.01165771,"Cytoplasm, Nucleus",Cytoplasm
ENSP00000450763,0.06176758,0.58203125,0.546875,0.609375,0.04077148,0.37695312,0.2265625,0.12792969,0.04614258,0.12695312,0.02160645,"Cytoplasm, Nucleus",Nucleus
ENSP00000436412,0.09423828,0.44335938,0.63671875,0.45117188,0.05664062,0.15527344,0.00445557,0.03466797,0.07177734,0.30664062,0.03063965,Nucleus,Nucleus
ENSP00000428662,0.15234375,0.49609375,0.47460938,0.14355469,0.13378906,0.3203125,0.01696777,0.11572266,0.08056641,0.15722656,0.69140625,Cytoplasm,Nucleus
ENSP00000424863,0.18945312,0.5078125,0.47460938,0.2734375,0.11279297,0.3125,0.08886719,0.15625,0.11279297,0.20214844,0.02099609,Cytoplasm,Nucleus
ENSP00000395552,0.10693359,0.41601562,0.75,0.04272461,0.04077148,0.17285156,0.01135254,0.06542969,0.07373047,0.22265625,0.05932617,Nucleus,Nucleus
ENSP00000367939,0.78515625,0.12158203,0.07373047,0.08154297,0.11767578,0.8984375,0.01544189,0.18164062,0.10839844,0.078125,0.09814453,"Membrane, Mitochondrion",Mitochondrion
ENSP00000506647,0.09033203,0.453125,0.6015625,0.20410156,0.10498047,0.17871094,0.0559082,0.01635742,0.08154297,0.09960938,0.00231934,Nucleus,"Cytoplasm, Nucleus"
ENSP00000495572,0.18554688,0.59765625,0.29492188,0.17675781,0.11132812,0.63671875,0.03686523,0.29296875,0.1328125,0.40429688,0.38671875,Cytoplasm,Nucleus
ENSP00000487134,0.23925781,0.375,0.31054688,0.6015625,0.10351562,0.5234375,0.25976562,0.32421875,0.17675781,0.25390625,0.0390625,None,Nucleus
ENSP00000468878,0.11279297,0.49023438,0.484375,0.82421875,0.06103516,0.43945312,0.04541016,0.06445312,0.05029297,0.08496094,0.12109375,"Cytoplasm, Extracellular",Cytoplasm
ENSP00000466687,0.09033203,0.21972656,0.27539062,0.85546875,0.0255127,0.58203125,0.03613281,0.06640625,0.01544189,0.17871094,0.01855469,Extracellular,Cytoplasm
ENSP00000465750,0.08496094,0.3046875,0.546875,0.15136719,0.04077148,0.56640625,0.0088501,0.18164062,0.02258301,0.04150391,0.0324707,Nucleus,Nucleus
ENSP00000464986,0.11767578,0.42578125,0.48242188,0.66015625,0.08251953,0.47460938,0.4140625,0.10839844,0.07177734,0.10498047,0.02514648,Extracellular,Nucleus
ENSP00000461448,0.16796875,0.45898438,0.41796875,0.20800781,0.09960938,0.30664062,0.13085938,0.09814453,0.05834961,0.11572266,0.01940918,None,Cytoplasm
ENSP00000421392,0.08154297,0.39453125,0.58984375,0.25195312,0.06445312,0.29492188,0.21972656,0.21972656,0.16894531,0.2734375,0.02197266,Nucleus,Nucleus
ENSP00000417312,0.11425781,0.56640625,0.48828125,0.30859375,0.08154297,0.3984375,0.03417969,0.13671875,0.14550781,0.12792969,0.13769531,Cytoplasm,Nucleus
ENSP00000506933,0.09667969,0.49609375,0.6171875,0.46875,0.05834961,0.26953125,0.05932617,0.12402344,0.18164062,0.13769531,0.03955078,"Cytoplasm, Nucleus",Nucleus
ENSP00000506074,0.15332031,0.41601562,0.44140625,0.34960938,0.07275391,0.54296875,0.05102539,0.1875,0.2421875,0.20410156,0.5,None,Cytoplasm
ENSP00000501404,0.21777344,0.30664062,0.26171875,0.79296875,0.09277344,0.53125,0.171875,0.24804688,0.11914062,0.20214844,0.01403809,Extracellular,Mitochondrion
ENSP00000484006,0.25390625,0.16601562,0.1484375,0.875,0.33007812,0.15917969,0.01977539,0.171875,0.18457031,0.27734375,0.02294922,Extracellular,Cell membrane
ENSP00000464503,0.10107422,0.515625,0.81640625,0.09814453,0.09667969,0.20214844,0.00128174,0.02331543,0.09521484,0.10498047,0.003479,"Cytoplasm, Nucleus",Nucleus
ENSP00000456237,0.05834961,0.515625,0.62890625,0.22167969,0.03369141,0.15332031,0.01068115,0.04663086,0.06347656,0.08886719,0.02600098,"Cytoplasm, Nucleus",Cytoplasm
ENSP00000444771,0.05664062,0.24316406,0.36132812,0.8203125,0.02478027,0.578125,0.08056641,0.10253906,0.01916504,0.16601562,0.01165771,Extracellular,Mitochondrion
ENSP00000431343,0.02929688,0.29101562,0.875,0.03198242,0.078125,0.08398438,0.00735474,0.03417969,0.0324707,0.01916504,0.00610352,Nucleus,Nucleus
ENSP00000419128,0.13085938,0.58984375,0.34960938,0.12597656,0.10986328,0.44921875,0.00382996,0.10986328,0.04736328,0.05664062,0.06445312,Cytoplasm,Mitochondrion
ENSP00000405084,0.27539062,0.37304688,0.3125,0.40039062,0.09960938,0.5234375,0.15332031,0.42773438,0.30273438,0.359375,0.10839844,None,Cell membrane
ENSP00000475845,0.60546875,0.49023438,0.4296875,0.0057373,0.72265625,0.2890625,0.03955078,0.11132812,0.24316406,0.11132812,0.03686523,"Membrane, Cytoplasm, Cell membrane",Cell membrane
ENSP00000469232,0.09814453,0.4765625,0.5390625,0.62890625,0.05029297,0.43164062,0.02099609,0.06640625,0.11132812,0.1328125,0.18359375,"Cytoplasm, Nucleus",Cytoplasm
ENSP00000431039,0.24902344,0.4296875,0.27148438,0.61328125,0.11572266,0.34765625,0.11279297,0.19335938,0.1796875,0.39453125,0.03735352,None,Mitochondrion
ENSP00000430859,0.14453125,0.44726562,0.51171875,0.46875,0.04882812,0.34375,0.01586914,0.2578125,0.21582031,0.19335938,0.02636719,None,"Cytoplasm, Nucleus"
ENSP00000429288,0.32617188,0.515625,0.4375,0.02844238,0.26367188,0.10839844,0.02636719,0.45117188,0.08056641,0.10253906,0.00939941,Cytoplasm,Cytoplasm
ENSP00000427003,0.1328125,0.453125,0.41015625,0.48828125,0.06445312,0.578125,0.12011719,0.18945312,0.19726562,0.22167969,0.27148438,None,"Cytoplasm, Nucleus"
ENSP00000506015,0.16015625,0.4921875,0.49414062,0.32421875,0.09814453,0.42578125,0.06005859,0.13378906,0.08154297,0.09423828,0.23242188,Cytoplasm,"Cytoplasm, Mitochondrion"
ENSP00000494757,0.15039062,0.4765625,0.578125,0.1796875,0.14746094,0.32617188,0.01324463,0.17675781,0.21972656,0.10498047,0.15820312,"Cytoplasm, Nucleus",Nucleus
ENSP00000467983,0.11767578,0.25390625,0.40820312,0.6953125,0.0402832,0.4609375,0.06738281,0.40234375,0.1640625,0.25390625,0.07470703,Extracellular,Mitochondrion
ENSP00000456776,0.14257812,0.4609375,0.38085938,0.60546875,0.10253906,0.61328125,0.33789062,0.14550781,0.14648438,0.23339844,0.06835938,None,"Cytoplasm, Nucleus"
ENSP00000454184,0.12988281,0.51171875,0.375,0.33203125,0.19238281,0.46289062,0.02441406,0.12695312,0.12109375,0.078125,0.1484375,Cytoplasm,Cytoplasm
ENSP00000417789,0.14941406,0.38085938,0.296875,0.953125,0.04467773,0.45898438,0.04736328,0.01544189,0.003479,0.03515625,0.40625,Extracellular,Cytoplasm
ENSP00000387792,0.04272461,0.41601562,0.76171875,0.6015625,0.01745605,0.13378906,0.01403809,0.14160156,0.11572266,0.04345703,0.32421875,Nucleus,Cytoplasm
ENSP00000468211,0.14941406,0.42382812,0.3671875,0.6875,0.08056641,0.57421875,0.30664062,0.19335938,0.05175781,0.10253906,0.03369141,Extracellular,Nucleus
ENSP00000460358,0.17285156,0.47460938,0.31445312,0.7265625,0.09521484,0.546875,0.31640625,0.09033203,0.08642578,0.14550781,0.40820312,"Cytoplasm, Extracellular",Mitochondrion
ENSP00000460265,0.09277344,0.56640625,0.61328125,0.01098633,0.08740234,0.26757812,0.00029564,0.09033203,0.20605469,0.17871094,0.003479,"Cytoplasm, Nucleus",Nucleus
ENSP00000454718,0.21484375,0.453125,0.38085938,0.46679688,0.09521484,0.70703125,0.36523438,0.20019531,0.17773438,0.22851562,0.02929688,Mitochondrion,Cytoplasm
ENSP00000434812,0.04956055,0.47070312,0.47070312,0.83984375,0.02514648,0.4765625,0.08251953,0.03564453,0.00830078,0.06103516,0.10839844,"Cytoplasm, Extracellular","Cytoplasm, Nucleus, Cell membrane"
ENSP00000433003,0.1796875,0.45507812,0.45898438,0.31835938,0.09130859,0.48828125,0.11425781,0.12890625,0.16894531,0.21875,0.00288391,None,"Nucleus, Mitochondrion"
ENSP00000402829,0.20410156,0.49414062,0.4375,0.36523438,0.14160156,0.484375,0.15332031,0.23535156,0.15429688,0.18554688,0.07080078,Cytoplasm,"Cytoplasm, Nucleus"
ENSP00000397870,0.14453125,0.22851562,0.140625,0.79296875,0.17480469,0.25585938,0.01098633,0.26171875,0.15429688,0.2734375,0.11132812,Extracellular,Cell membrane
ENSP00000384148,0.5703125,0.20410156,0.13476562,0.625,0.22363281,0.39257812,0.55859375,0.62890625,0.31835938,0.31054688,0.26171875,"Membrane, Endoplasmic reticulum",Cell membrane
ENSP00000376243,0.33398438,0.20214844,0.18847656,0.55859375,0.22363281,0.30664062,0.22167969,0.58203125,0.3515625,0.45703125,0.31054688,None,Cell membrane
ENSP00000471943,0.16210938,0.375,0.44140625,0.7265625,0.06176758,0.46289062,0.33007812,0.09814453,0.05834961,0.07080078,0.04614258,Extracellular,Mitochondrion
ENSP00000425172,0.11425781,0.33398438,0.43554688,0.49023438,0.03735352,0.30273438,0.10253906,0.265625,0.17089844,0.11914062,0.09277344,None,"Cytoplasm, Nucleus"
ENSP00000422786,0.15429688,0.49023438,0.5078125,0.53515625,0.12158203,0.5078125,0.22851562,0.12353516,0.08642578,0.32421875,0.03173828,Cytoplasm,Cell membrane
ENSP00000388563,0.6328125,0.20800781,0.12353516,0.02062988,0.15917969,0.8984375,0.04394531,0.38476562,0.11279297,0.11425781,0.375,"Membrane, Mitochondrion",Mitochondrion
ENSP00000361981,0.14160156,0.5703125,0.51953125,0.05175781,0.14160156,0.35351562,0.02062988,0.10839844,0.13378906,0.35742188,0.09814453,Cytoplasm,"Cytoplasm, Nucleus"
ENSP00000315936,0.5703125,0.19042969,0.10986328,0.71484375,0.50390625,0.12353516,0.00370789,0.20703125,0.47070312,0.20800781,0.23925781,"Membrane, Extracellular",Cell membrane
ENSP00000499362,0.15820312,0.47851562,0.34765625,0.74609375,0.09033203,0.56640625,0.5546875,0.11572266,0.12890625,0.21582031,0.07910156,"Cytoplasm, Extracellular",Cytoplasm
ENSP00000497470,0.40429688,0.1640625,0.20214844,0.56640625,0.25,0.11132812,0.00045776,0.44335938,0.23535156,0.49414062,0.04956055,None,Cytoplasm
ENSP00000461183,0.1328125,0.38671875,0.4296875,0.43359375,0.08740234,0.44335938,0.08496094,0.30664062,0.1640625,0.2421875,0.27148438,None,"Mitochondrion, Endoplasmic reticulum"
ENSP00000449615,0.15136719,0.47265625,0.55859375,0.33398438,0.12158203,0.55078125,0.09033203,0.23925781,0.12158203,0.15820312,0.02844238,"Cytoplasm, Nucleus",Cytoplasm
ENSP00000448684,0.12158203,0.4375,0.7265625,0.05664062,0.06738281,0.1875,0.01745605,0.10107422,0.16308594,0.14648438,0.06542969,Nucleus,Nucleus
ENSP00000447582,0.23925781,0.12158203,0.10253906,0.06835938,0.09033203,0.953125,0.05737305,0.04541016,0.02758789,0.08886719,0.06347656,Mitochondrion,Mitochondrion
ENSP00000436906,0.12988281,0.546875,0.53515625,0.10986328,0.18554688,0.53515625,0.01281738,0.02929688,0.02893066,0.00830078,0.27734375,"Cytoplasm, Nucleus",Mitochondrion
ENSP00000431052,0.11279297,0.33398438,0.5234375,0.51171875,0.0088501,0.33007812,0.05029297,0.40234375,0.12353516,0.33984375,0.00073242,None,Nucleus
ENSP00000354879,0.08886719,0.44726562,0.5,0.6484375,0.10498047,0.45507812,0.06542969,0.13671875,0.12988281,0.24804688,0.36132812,Extracellular,Mitochondrion
ENSP00000494699,0.10498047,0.4609375,0.48632812,0.58203125,0.06005859,0.42578125,0.09423828,0.18261719,0.20214844,0.16699219,0.38671875,None,"Cytoplasm, Cell membrane"
ENSP00000468538,0.1796875,0.49804688,0.37890625,0.140625,0.09960938,0.17871094,0.00164795,0.18261719,0.29492188,0.13476562,0.0055542,Cytoplasm,Nucleus
ENSP00000462954,0.33203125,0.453125,0.33203125,0.15722656,0.23828125,0.47460938,0.05834961,0.20410156,0.27734375,0.45507812,0.15820312,None,Golgi apparatus
ENSP00000458946,0.08886719,0.53125,0.4921875,0.66796875,0.12353516,0.51953125,0.09033203,0.14550781,0.11279297,0.26367188,0.09130859,"Cytoplasm, Extracellular","Cytoplasm, Nucleus, Cell membrane"
ENSP00000438955,0.18359375,0.35742188,0.11914062,0.8671875,0.14941406,0.29492188,0.01324463,0.32421875,0.22265625,0.24609375,0.01202393,Extracellular,Golgi apparatus
ENSP00000421829,0.18554688,0.65234375,0.31054688,0.10253906,0.18359375,0.421875,0.00628662,0.11425781,0.09960938,0.1328125,0.24804688,Cytoplasm,Cell membrane
ENSP00000406989,0.09960938,0.34179688,0.36328125,0.6953125,0.06347656,0.52734375,0.04394531,0.19921875,0.03515625,0.20410156,0.00628662,Extracellular,Mitochondrion
ENSP00000389420,0.42773438,0.24121094,0.17675781,0.41015625,0.15820312,0.671875,0.4453125,0.6328125,0.47070312,0.43554688,0.3671875,"Mitochondrion, Endoplasmic reticulum",Cell membrane
ENSP00000330730,0.31835938,0.2734375,0.16308594,0.203125,0.09277344,0.91015625,0.12988281,0.40429688,0.07568359,0.171875,0.00164795,Mitochondrion,Mitochondrion
ENSP00000466064,0.16308594,0.546875,0.44335938,0.30078125,0.11767578,0.43945312,0.01916504,0.17089844,0.10693359,0.20898438,0.09521484,Cytoplasm,Nucleus
ENSP00000452890,0.3984375,0.47070312,0.29882812,0.03417969,0.15527344,0.453125,0.00013161,0.14355469,0.06103516,0.25390625,0.01031494,Cytoplasm,Nucleus
ENSP00000450486,0.08398438,0.31640625,0.703125,0.18847656,0.02600098,0.36328125,0.00154877,0.11572266,0.05834961,0.10839844,0.00099945,Nucleus,Nucleus
ENSP00000430164,0.08056641,0.3984375,0.42773438,0.87890625,0.04736328,0.625,0.11132812,0.18359375,0.05102539,0.28125,0.02844238,Extracellular,Cytoplasm
ENSP00000426926,0.30859375,0.36914062,0.359375,0.359375,0.18457031,0.36523438,0.07910156,0.296875,0.26367188,0.32617188,0.04150391,None,"Cytoplasm, Mitochondrion"
ENSP00000425643,0.078125,0.5390625,0.7109375,0.32226562,0.04541016,0.16601562,0.02722168,0.05419922,0.09814453,0.09130859,0.01165771,"Cytoplasm, Nucleus",Cytoplasm
ENSP00000417908,0.08496094,0.32421875,0.42578125,0.82421875,0.04199219,0.66796875,0.265625,0.27929688,0.08056641,0.20019531,0.07373047,"Extracellular, Mitochondrion",Nucleus
ENSP00000404968,0.5,0.453125,0.21484375,0.34960938,0.23339844,0.5078125,0.04541016,0.45703125,0.55859375,0.28710938,0.11767578,Membrane,Nucleus
ENSP00000404861,0.72265625,0.15625,0.06835938,0.1953125,0.62109375,0.203125,0.02404785,0.34179688,0.19335938,0.20800781,0.02600098,"Membrane, Cell membrane",Cell membrane
ENSP00000392323,0.13574219,0.546875,0.44726562,0.26757812,0.08056641,0.21191406,0.01745605,0.24121094,0.10839844,0.23339844,0.0378418,Cytoplasm,Nucleus
ENSP00000390139,0.08154297,0.41601562,0.5,0.81640625,0.06738281,0.59765625,0.30078125,0.06103516,0.05664062,0.18945312,0.00476074,Extracellular,Cytoplasm
ENSP00000386934,0.3046875,0.265625,0.12597656,0.28320312,0.06445312,0.8828125,0.1328125,0.24804688,0.05493164,0.16894531,0.00297546,Mitochondrion,Mitochondrion
ENSP00000502892,0.11914062,0.33984375,0.40039062,0.66015625,0.02978516,0.4453125,0.078125,0.29101562,0.08154297,0.1328125,0.22949219,Extracellular,Cytoplasm
ENSP00000492948,0.296875,0.35546875,0.31054688,0.38476562,0.09423828,0.42578125,0.16308594,0.01977539,0.16796875,0.4140625,0.00370789,None,"Cytoplasm, Cell membrane"
ENSP00000452648,0.14941406,0.52734375,0.41015625,0.33007812,0.04077148,0.42578125,0.02197266,0.26953125,0.203125,0.203125,0.11425781,Cytoplasm,Nucleus
ENSP00000401988,0.09130859,0.6953125,0.640625,0.30664062,0.11279297,0.08740234,2.587e-05,0.01031494,0.1953125,0.30664062,0.0043335,"Cytoplasm, Nucleus","Cytoplasm, Cell membrane"
ENSP00000396641,0.14746094,0.47070312,0.39453125,0.203125,0.09277344,0.24609375,0.02929688,0.203125,0.16699219,0.31054688,0.15332031,Cytoplasm,Nucleus
ENSP00000497449,0.12353516,0.5390625,0.41210938,0.6875,0.06103516,0.4765625,0.19238281,0.17285156,0.12988281,0.29101562,0.10986328,"Cytoplasm, Extracellular",Golgi apparatus
ENSP00000493739,0.12988281,0.44140625,0.5234375,0.25390625,0.07373047,0.265625,0.01202393,0.18945312,0.09667969,0.12109375,0.08056641,None,"Cytoplasm, Nucleus"
ENSP00000467615,0.0324707,0.5234375,0.64453125,0.4453125,0.02197266,0.65625,0.3125,0.15527344,0.01635742,0.10839844,0.04467773,"Cytoplasm, Nucleus, Mitochondrion",Nucleus
ENSP00000462246,0.1328125,0.47265625,0.5078125,0.56640625,0.09814453,0.5078125,0.23242188,0.15527344,0.06005859,0.06640625,0.01165771,Cytoplasm,Nucleus
ENSP00000457251,0.16210938,0.5546875,0.38671875,0.24902344,0.20605469,0.3359375,0.02404785,0.18554688,0.08740234,0.11572266,0.171875,Cytoplasm,Cytoplasm
ENSP00000453462,0.12158203,0.50390625,0.5546875,0.3125,0.11279297,0.38476562,0.07275391,0.14648438,0.09960938,0.26367188,0.49609375,"Cytoplasm, Nucleus",Nucleus
ENSP00000434072,0.31835938,0.12597656,0.10351562,0.04394531,0.13769531,0.9609375,0.08886719,0.02893066,0.02893066,0.08154297,0.01586914,Mitochondrion,Mitochondrion
ENSP00000432253,0.24902344,0.42382812,0.25585938,0.5703125,0.16894531,0.39648438,0.08251953,0.17578125,0.09814453,0.12353516,0.02038574,None,Mitochondrion
ENSP00000493147,0.24121094,0.5390625,0.37890625,0.58203125,0.13476562,0.62890625,0.13378906,0.14355469,0.14160156,0.14550781,0.00915527,Cytoplasm,"Cytoplasm, Cell membrane"
ENSP00000458340,0.1484375,0.61328125,0.45117188,0.11132812,0.07568359,0.359375,0.00521851,0.10253906,0.11914062,0.11767578,0.4765625,Cytoplasm,Nucleus
ENSP00000427736,0.13769531,0.5859375,0.44726562,0.5546875,0.11425781,0.31835938,0.10498047,0.21582031,0.203125,0.07714844,0.01916504,Cytoplasm,Cytoplasm
ENSP00000394709,0.08154297,0.515625,0.53515625,0.03027344,0.09521484,0.28515625,0.00204468,0.05737305,0.30273438,0.12158203,0.12353516,"Cytoplasm, Nucleus",Nucleus
ENSP00000386477,0.18457031,0.18457031,0.08154297,0.90625,0.20800781,0.18164062,0.02600098,0.28320312,0.18359375,0.2265625,0.01281738,Extracellular,Cell membrane
ENSP00000479464,0.11279297,0.56640625,0.49023438,0.64453125,0.06298828,0.41015625,0.20898438,0.11767578,0.09423828,0.23632812,0.55859375,Cytoplasm,Golgi apparatus
ENSP00000469702,0.10351562,0.4296875,0.3671875,0.7890625,0.04272461,0.44726562,0.2421875,0.10253906,0.03320312,0.08056641,0.19042969,Extracellular,Nucleus
ENSP00000454923,0.16796875,0.43945312,0.38671875,0.44335938,0.14355469,0.36914062,0.21484375,0.14355469,0.09521484,0.10986328,0.02258301,None,Mitochondrion
ENSP00000452630,0.15527344,0.4375,0.40820312,0.62109375,0.09814453,0.45507812,0.09814453,0.17675781,0.2109375,0.13574219,0.02197266,None,Nucleus
ENSP00000451127,0.1953125,0.41601562,0.4765625,0.60546875,0.13671875,0.44335938,0.19335938,0.18359375,0.10986328,0.24316406,0.0378418,None,"Cytoplasm, Nucleus"
ENSP00000435532,0.03955078,0.27539062,0.40429688,0.71484375,0.0279541,0.703125,0.03063965,0.25390625,0.02758789,0.37109375,0.01068115,"Extracellular, Mitochondrion","Cytoplasm, Nucleus"
ENSP00000434221,0.02722168,0.34375,0.85546875,0.04467773,0.03735352,0.09521484,0.00735474,0.04272461,0.02758789,0.02368164,0.00650024,Nucleus,Nucleus
ENSP00000425714,0.08740234,0.39648438,0.31835938,0.84765625,0.05419922,0.58984375,0.05273438,0.23535156,0.02929688,0.39453125,0.04663086,Extracellular,"Cytoplasm, Nucleus"
ENSP00000420469,0.15234375,0.51953125,0.4921875,0.32421875,0.09960938,0.4140625,0.03198242,0.28125,0.13378906,0.23632812,0.02478027,Cytoplasm,Cytoplasm
ENSP00000417714,0.12109375,0.6171875,0.421875,0.11132812,0.12158203,0.375,0.00650024,0.06933594,0.04199219,0.04736328,0.03564453,Cytoplasm,Mitochondrion
ENSP00000375719,0.06298828,0.453125,0.63671875,0.609375,0.05029297,0.2734375,0.00159454,0.11767578,0.11767578,0.04199219,0.93359375,"Nucleus, Peroxisome","Cytoplasm, Nucleus"
ENSP00000489555,0.01544189,0.25,0.859375,0.29492188,0.01068115,0.01916504,0.09277344,0.0279541,0.02331543,0.02197266,0.0007782,Nucleus,Nucleus
ENSP00000468485,0.29492188,0.42382812,0.31445312,0.640625,0.07177734,0.17480469,0.64453125,0.34960938,0.125,0.203125,0.01000977,None,"Cytoplasm, Nucleus"
ENSP00000464865,0.12597656,0.484375,0.45898438,0.59375,0.13964844,0.65625,0.02197266,0.1640625,0.15722656,0.34570312,0.24121094,"Cytoplasm, Mitochondrion",Nucleus
ENSP00000464429,0.14453125,0.46679688,0.4296875,0.515625,0.12011719,0.5,0.08740234,0.10351562,0.13769531,0.12695312,0.07373047,None,Nucleus
ENSP00000454035,0.1484375,0.4921875,0.453125,0.44921875,0.1640625,0.16894531,0.07568359,0.09130859,0.13964844,0.30273438,0.01000977,Cytoplasm,Nucleus
ENSP00000429271,0.15234375,0.65625,0.5,0.41015625,0.15039062,0.2890625,0.0390625,0.16699219,0.16601562,0.09521484,0.0057373,Cytoplasm,Cytoplasm
ENSP00000417446,0.16015625,0.38867188,0.5,0.421875,0.10693359,0.375,0.34375,0.17480469,0.13085938,0.14648438,0.12890625,None,"Cytoplasm, Nucleus"
ENSP00000413612,0.10498047,0.640625,0.609375,0.10351562,0.11914062,0.13769531,0.18359375,0.19335938,0.0402832,0.03686523,0.07910156,"Cytoplasm, Nucleus",Cytoplasm
ENSP00000388905,0.10839844,0.39648438,0.41015625,0.4921875,0.05175781,0.22851562,0.08251953,0.2578125,0.1640625,0.29882812,0.04663086,None,Nucleus
ENSP00000379376,0.19726562,0.515625,0.31445312,0.30078125,0.07373047,0.44726562,0.00939941,0.23046875,0.10351562,0.16113281,0.20605469,Cytoplasm,Nucleus
ENSP00000507709,0.30078125,0.41015625,0.34960938,0.30664062,0.12988281,0.56640625,0.16894531,0.36132812,0.28125,0.44726562,0.03320312,None,Endoplasmic reticulum
ENSP00000498726,0.10986328,0.43359375,0.53515625,0.58203125,0.06176758,0.42578125,0.08056641,0.10107422,0.08740234,0.07080078,0.04394531,Nucleus,Nucleus
ENSP00000498247,0.14453125,0.46875,0.51953125,0.5234375,0.12695312,0.71484375,0.0402832,0.12109375,0.1640625,0.10986328,0.03027344,Mitochondrion,"Cytoplasm, Nucleus"
ENSP00000456297,0.17285156,0.1796875,0.11425781,0.875,0.15722656,0.25585938,0.03735352,0.25585938,0.25976562,0.26171875,0.0279541,Extracellular,Cell membrane
ENSP00000455781,0.2421875,0.421875,0.33789062,0.578125,0.10351562,0.61328125,0.13476562,0.2421875,0.17089844,0.13867188,0.07714844,None,Cell membrane
ENSP00000442380,0.1640625,0.36914062,0.40234375,0.26757812,0.08740234,0.58984375,0.25976562,0.16894531,0.12158203,0.17675781,0.10986328,None,Mitochondrion
ENSP00000430106,0.29882812,0.45703125,0.54296875,0.03369141,0.10839844,0.6328125,0.02978516,0.20410156,0.19433594,0.15527344,0.00193024,Nucleus,Nucleus
ENSP00000429437,0.1953125,0.49609375,0.38867188,0.43554688,0.08056641,0.30859375,0.06103516,0.22851562,0.12597656,0.3203125,0.02160645,Cytoplasm,"Cytoplasm, Cell membrane"
ENSP00000418100,0.1953125,0.4140625,0.62890625,0.09423828,0.06005859,0.27148438,0.01916504,0.10253906,0.2578125,0.44921875,0.07714844,Nucleus,Nucleus
ENSP00000408607,0.09960938,0.5234375,0.5390625,0.10351562,0.13378906,0.32421875,0.02758789,0.078125,0.02038574,0.1640625,0.00317383,"Cytoplasm, Nucleus",Nucleus
ENSP00000404233,0.12255859,0.48632812,0.52734375,0.5,0.09130859,0.44335938,0.09960938,0.10107422,0.12988281,0.14550781,0.04614258,Cytoplasm,Nucleus
ENSP00000398314,0.12988281,0.47265625,0.42578125,0.51953125,0.08740234,0.69140625,0.32421875,0.11279297,0.10986328,0.22167969,0.00860596,"Cytoplasm, Mitochondrion",Nucleus
ENSP00000507486,0.31445312,0.23046875,0.32226562,0.17285156,0.06103516,0.82421875,0.0078125,0.27734375,0.03857422,0.12158203,0.01696777,Mitochondrion,Mitochondrion
ENSP00000491361,0.18847656,0.35546875,0.43554688,0.46289062,0.03417969,0.59765625,0.03320312,0.07714844,0.17480469,0.15429688,0.01031494,None,"Nucleus, Golgi apparatus"
ENSP00000490465,0.08740234,0.453125,0.5390625,0.09277344,0.02893066,0.265625,0.02160645,0.27734375,0.296875,0.33398438,0.27539062,Nucleus,Mitochondrion
ENSP00000485945,0.06640625,0.31445312,0.5,0.80078125,0.01696777,0.37109375,0.01361084,0.06542969,0.06298828,0.17871094,0.01031494,Extracellular,Nucleus
ENSP00000457404,0.20605469,0.453125,0.40234375,0.51171875,0.09667969,0.38867188,0.18457031,0.23632812,0.2890625,0.19238281,0.08056641,None,Cell membrane
ENSP00000456087,0.13085938,0.51171875,0.43554688,0.10693359,0.09033203,0.58203125,0.05102539,0.15039062,0.09521484,0.20800781,0.13769531,Cytoplasm,Nucleus
ENSP00000443642,0.078125,0.51953125,0.6328125,0.09667969,0.07470703,0.25,0.01098633,0.11132812,0.08056641,0.10986328,0.15625,"Cytoplasm, Nucleus",Nucleus
ENSP00000435967,0.23046875,0.48632812,0.2734375,0.6171875,0.14257812,0.44335938,0.07373047,0.13964844,0.11572266,0.11572266,0.04663086,Cytoplasm,Mitochondrion
ENSP00000435145,0.15039062,0.390625,0.44335938,0.65625,0.06640625,0.35351562,0.0255127,0.20019531,0.19921875,0.12158203,0.09277344,Extracellular,Cell membrane
ENSP00000420538,0.24902344,0.15625,0.14941406,0.03564453,0.09960938,0.94921875,0.25585938,0.07470703,0.03198242,0.07275391,0.20019531,Mitochondrion,Mitochondrion
ENSP00000377950,0.28515625,0.52734375,0.32421875,0.25,0.19921875,0.20214844,0.02844238,0.33984375,0.15917969,0.23242188,0.17773438,Cytoplasm,Cell membrane
ENSP00000243040,0.11914062,0.625,0.4375,0.04345703,0.09033203,0.32617188,0.00756836,0.06738281,0.17089844,0.06738281,0.01245117,Cytoplasm,Cytoplasm
ENSP00000502792,0.12158203,0.44921875,0.62109375,0.73046875,0.02478027,0.16210938,0.03198242,0.18847656,0.078125,0.12988281,0.01031494,"Nucleus, Extracellular","Cytoplasm, Nucleus, Cell membrane"
ENSP00000451085,0.2265625,0.2578125,0.515625,0.23535156,0.19824219,0.38867188,0.00150299,0.20214844,0.25390625,0.4609375,0.00805664,None,"Cytoplasm, Nucleus, Cell membrane"
ENSP00000435374,0.14941406,0.47851562,0.42578125,0.62109375,0.11572266,0.6015625,0.16601562,0.10839844,0.19433594,0.18261719,0.04077148,Cytoplasm,Mitochondrion
ENSP00000429629,0.06835938,0.43359375,0.7109375,0.3671875,0.03686523,0.49609375,0.01916504,0.13574219,0.03027344,0.03417969,0.06103516,Nucleus,Nucleus
ENSP00000401344,0.05932617,0.43164062,0.8125,0.1640625,0.06176758,0.19042969,0.00337219,0.05273438,0.05493164,0.05737305,0.01068115,Nucleus,Nucleus
ENSP00000490955,0.14941406,0.48242188,0.44140625,0.5390625,0.09423828,0.43359375,0.09277344,0.19335938,0.15820312,0.18359375,0.01696777,Cytoplasm,Cytoplasm
ENSP00000474497,0.203125,0.44335938,0.44140625,0.41601562,0.13964844,0.421875,0.17480469,0.25390625,0.29492188,0.2734375,0.08398438,None,Nucleus
ENSP00000454419,0.08886719,0.47265625,0.6484375,0.17285156,0.07714844,0.38476562,0.01324463,0.06738281,0.08154297,0.08642578,0.17285156,"Cytoplasm, Nucleus",Cell membrane
ENSP00000414865,0.18261719,0.47851562,0.39453125,0.515625,0.10351562,0.515625,0.23339844,0.15917969,0.10839844,0.11914062,0.07470703,Cytoplasm,Cytoplasm
ENSP00000399816,0.09521484,0.41015625,0.69140625,0.37890625,0.07568359,0.5703125,0.09960938,0.16113281,0.18554688,0.26367188,0.01068115,Nucleus,Cell membrane
ENSP00000376971,0.14453125,0.51953125,0.4375,0.5625,0.07080078,0.30273438,0.01977539,0.15527344,0.15722656,0.22851562,0.19238281,Cytoplasm,Nucleus
ENSP00000361978,0.14648438,0.47265625,0.49023438,0.328125,0.08642578,0.34570312,0.22265625,0.15429688,0.18945312,0.18945312,0.18359375,Cytoplasm,"Cytoplasm, Nucleus"
ENSP00000501354,0.21777344,0.45117188,0.40429688,0.546875,0.08740234,0.43945312,0.07177734,0.27148438,0.18261719,0.26953125,0.06005859,None,"Cytoplasm, Nucleus"
ENSP00000466525,0.07080078,0.2265625,0.31835938,0.72265625,0.02600098,0.75390625,0.09521484,0.11279297,0.03063965,0.11572266,0.02478027,"Extracellular, Mitochondrion",Cytoplasm
ENSP00000451953,0.06176758,0.67578125,0.296875,0.5546875,0.06835938,0.3828125,0.09277344,0.140625,0.05932617,0.03320312,0.01855469,Cytoplasm,Cytoplasm
ENSP00000439003,0.10253906,0.44140625,0.53125,0.51953125,0.06933594,0.46289062,0.20605469,0.1875,0.11132812,0.18359375,0.0324707,Nucleus,Cytoplasm
ENSP00000430847,0.19921875,0.3984375,0.3828125,0.39453125,0.11425781,0.53515625,0.24511719,0.20214844,0.13476562,0.17871094,0.09033203,None,Mitochondrion
ENSP00000413898,0.10693359,0.47070312,0.48046875,0.38476562,0.07177734,0.27539062,0.25195312,0.16699219,0.11132812,0.16308594,0.13671875,Cytoplasm,Nucleus
ENSP00000408797,0.08886719,0.50390625,0.71875,0.48046875,0.05493164,0.34960938,0.03515625,0.01696777,0.13085938,0.07714844,0.00159454,"Cytoplasm, Nucleus",Cytoplasm
ENSP00000401510,0.29882812,0.53125,0.32421875,0.2109375,0.24902344,0.17480469,0.02294922,0.36328125,0.09033203,0.28125,0.06298828,Cytoplasm,Cell membrane
ENSP00000263255,0.74609375,0.14550781,0.06005859,0.00860596,0.17871094,0.91796875,0.1796875,0.37109375,0.16210938,0.13085938,0.69921875,"Membrane, Mitochondrion",Peroxisome
ENSP00000501787,0.16308594,0.40625,0.4453125,0.4453125,0.09423828,0.53515625,0.07568359,0.23828125,0.1796875,0.23828125,0.08642578,None,Nucleus
ENSP00000459305,0.19433594,0.45117188,0.35742188,0.5859375,0.11425781,0.2734375,0.11572266,0.1953125,0.19238281,0.17089844,0.12792969,None,Endoplasmic reticulum
ENSP00000452748,0.17675781,0.46875,0.5234375,0.19433594,0.0480957,0.36914062,0.11132812,0.2734375,0.15039062,0.11279297,0.09130859,None,Mitochondrion
ENSP00000452121,0.16601562,0.3671875,0.515625,0.49023438,0.10986328,0.53515625,0.07080078,0.12109375,0.18261719,0.18945312,0.03515625,None,Cytoplasm
ENSP00000433930,0.23046875,0.4921875,0.36523438,0.5546875,0.16210938,0.50390625,0.25585938,0.15820312,0.37695312,0.16992188,0.3671875,Cytoplasm,"Cytoplasm, Nucleus"
ENSP00000425028,0.07373047,0.55078125,0.4453125,0.72265625,0.0559082,0.43945312,0.16210938,0.14550781,0.05932617,0.15625,0.2109375,"Cytoplasm, Extracellular",Nucleus
ENSP00000417527,0.14160156,0.51171875,0.44726562,0.33789062,0.07080078,0.21289062,0.03735352,0.27929688,0.17675781,0.18359375,0.06933594,Cytoplasm,Golgi apparatus
ENSP00000412744,0.12695312,0.42578125,0.48046875,0.45117188,0.08398438,0.3359375,0.0255127,0.3203125,0.11425781,0.22265625,0.328125,None,Nucleus
ENSP00000463481,0.13476562,0.40625,0.44726562,0.640625,0.0480957,0.41601562,0.1484375,0.20898438,0.15234375,0.171875,0.03320312,None,Mitochondrion
ENSP00000453486,0.11425781,0.5390625,0.7265625,0.06103516,0.10107422,0.26367188,0.05102539,0.07568359,0.14453125,0.20019531,0.01916504,"Cytoplasm, Nucleus",Nucleus
ENSP00000447739,0.1796875,0.48828125,0.43554688,0.421875,0.1328125,0.66796875,0.08251953,0.09814453,0.21777344,0.24511719,0.03112793,"Cytoplasm, Mitochondrion",Nucleus
ENSP00000425452,0.15625,0.47070312,0.45117188,0.5703125,0.11914062,0.49804688,0.19433594,0.10107422,0.078125,0.15136719,0.01544189,Cytoplasm,Mitochondrion
ENSP00000413636,0.11767578,0.44335938,0.54296875,0.453125,0.09521484,0.31835938,0.35351562,0.171875,0.1796875,0.14355469,0.10351562,Nucleus,Nucleus
ENSP00000499306,0.13964844,0.42578125,0.484375,0.36132812,0.06347656,0.4296875,0.38671875,0.17675781,0.23242188,0.27734375,0.00939941,None,Nucleus
ENSP00000469593,0.13574219,0.5078125,0.37304688,0.25585938,0.13867188,0.23632812,0.03320312,0.1796875,0.17773438,0.09277344,0.0480957,Cytoplasm,Endoplasmic reticulum
ENSP00000463843,0.13671875,0.48632812,0.40234375,0.59765625,0.06933594,0.45703125,0.14746094,0.12597656,0.14160156,0.22167969,0.01031494,Cytoplasm,"Cytoplasm, Nucleus"
ENSP00000463823,0.05737305,0.31445312,0.34765625,0.8515625,0.03686523,0.578125,0.04614258,0.10253906,0.05029297,0.19921875,0.01544189,Extracellular,"Cytoplasm, Nucleus"
ENSP00000423844,0.17578125,0.44335938,0.42773438,0.64453125,0.13085938,0.4609375,0.21777344,0.20800781,0.2421875,0.14550781,0.07714844,None,Cell membrane
ENSP00000411573,0.08056641,0.29296875,0.53125,0.75,0.01495361,0.20410156,0.00628662,0.4296875,0.14941406,0.10839844,0.07714844,"Nucleus, Extracellular",Nucleus
ENSP00000394401,0.25,0.3359375,0.46289062,0.16796875,0.10839844,0.47265625,0.13476562,0.33984375,0.06298828,0.04077148,0.00231934,None,Nucleus
ENSP00000503895,0.12890625,0.4765625,0.47851562,0.5546875,0.06738281,0.27148438,0.11279297,0.15234375,0.14941406,0.15917969,0.05834961,Cytoplasm,"Cytoplasm, Nucleus"
ENSP00000501638,0.18164062,0.28710938,0.2890625,0.58984375,0.03320312,0.27539062,0.24511719,0.16894531,0.18261719,0.20703125,0.06835938,None,Cytoplasm
ENSP00000498870,0.22363281,0.66015625,0.21191406,0.25976562,0.10839844,0.3515625,0.00915527,0.15722656,0.14160156,0.31835938,0.00145721,Cytoplasm,Cytoplasm
ENSP00000472504,0.11279297,0.48046875,0.61328125,0.35546875,0.05932617,0.37695312,0.02294922,0.13867188,0.15136719,0.17285156,0.16992188,"Cytoplasm, Nucleus",Endoplasmic reticulum
ENSP00000435644,0.17089844,0.69921875,0.59765625,0.48242188,0.05029297,0.15625,0.00085449,0.11572266,0.37109375,0.13769531,0.00317383,"Cytoplasm, Nucleus","Cytoplasm, Nucleus, Cell membrane"
ENSP00000412823,0.11279297,0.48242188,0.46484375,0.53125,0.04614258,0.38085938,0.13964844,0.21191406,0.11767578,0.13867188,0.04882812,Cytoplasm,Cytoplasm
ENSP00000412769,0.08642578,0.52734375,0.60546875,0.24609375,0.06298828,0.20703125,0.02001953,0.09960938,0.125,0.25,0.01452637,"Cytoplasm, Nucleus","Cytoplasm, Nucleus"
ENSP00000397589,0.15429688,0.40625,0.55859375,0.09814453,0.0378418,0.38867188,0.01000977,0.30859375,0.21191406,0.29101562,0.01831055,Nucleus,Cytoplasm
ENSP00000389322,0.14648438,0.37304688,0.5703125,0.45507812,0.10986328,0.53125,0.07080078,0.08642578,0.05737305,0.12011719,0.01202393,Nucleus,Cytoplasm
ENSP00000493561,0.13964844,0.41796875,0.625,0.515625,0.11279297,0.29101562,0.08886719,0.09960938,0.09130859,0.10351562,0.01879883,Nucleus,Nucleus
ENSP00000450676,0.09960938,0.41601562,0.45898438,0.5625,0.07373047,0.45703125,0.05493164,0.12011719,0.13085938,0.05493164,0.33984375,None,Cytoplasm
ENSP00000449513,0.07275391,0.546875,0.49023438,0.49609375,0.04394531,0.4453125,0.12402344,0.07568359,0.07714844,0.2109375,0.06347656,Cytoplasm,Nucleus
ENSP00000425147,0.41015625,0.32421875,0.23046875,0.33203125,0.19335938,0.4609375,0.13378906,0.4296875,0.3984375,0.3984375,0.11279297,None,Nucleus
ENSP00000410149,0.09521484,0.3984375,0.5546875,0.546875,0.10693359,0.42382812,0.0071106,0.12695312,0.11132812,0.29296875,0.39648438,Nucleus,Cytoplasm
ENSP00000407378,0.2109375,0.44921875,0.39648438,0.47851562,0.12402344,0.43945312,0.16699219,0.20605469,0.16308594,0.22363281,0.06640625,None,Cytoplasm
ENSP00000467134,0.06103516,0.2421875,0.29296875,0.828125,0.02978516,0.49023438,0.26171875,0.07568359,0.01696777,0.06005859,0.02001953,Extracellular,Nucleus
ENSP00000466874,0.12597656,0.44726562,0.58984375,0.33984375,0.08740234,0.23339844,0.12597656,0.07275391,0.10351562,0.10253906,0.0057373,Nucleus,Nucleus
ENSP00000462170,0.14257812,0.34960938,0.421875,0.453125,0.08056641,0.42773438,0.07568359,0.29296875,0.10693359,0.20019531,0.10498047,None,Nucleus
ENSP00000431085,0.42382812,0.58203125,0.30664062,0.09521484,0.56640625,0.44335938,0.05834961,0.25195312,0.13574219,0.1875,0.05029297,"Cytoplasm, Cell membrane","Cytoplasm, Cell membrane"
ENSP00000419183,0.125,0.5078125,0.36132812,0.25585938,0.12158203,0.2890625,0.0534668,0.21191406,0.14550781,0.22949219,0.02099609,Cytoplasm,Nucleus
ENSP00000506523,0.3203125,0.45507812,0.34765625,0.5234375,0.19433594,0.47460938,0.22558594,0.24609375,0.26953125,0.2578125,0.0279541,None,"Cytoplasm, Nucleus"
ENSP00000504510,0.22265625,0.47460938,0.31445312,0.35351562,0.12988281,0.48242188,0.02978516,0.29882812,0.07470703,0.31835938,0.08886719,Cytoplasm,Nucleus
ENSP00000498371,0.203125,0.6328125,0.26367188,0.10498047,0.16210938,0.53515625,0.02514648,0.04467773,0.1640625,0.16894531,0.00610352,Cytoplasm,Nucleus
ENSP00000485723,0.12255859,0.4375,0.41015625,0.66796875,0.04150391,0.37304688,0.15332031,0.18945312,0.03857422,0.11132812,0.17773438,Extracellular,Cell membrane
ENSP00000472858,0.16992188,0.421875,0.41601562,0.66015625,0.09521484,0.45507812,0.08056641,0.1953125,0.22558594,0.12890625,0.21875,Extracellular,Nucleus
ENSP00000462379,0.13378906,0.421875,0.45507812,0.60546875,0.04956055,0.53515625,0.21777344,0.09277344,0.09521484,0.21777344,0.06640625,None,Nucleus
ENSP00000429541,0.14160156,0.23632812,0.453125,0.578125,0.01586914,0.16308594,0.01794434,0.27148438,0.22167969,0.26757812,0.00247192,None,Nucleus
ENSP00000422056,0.22265625,0.41796875,0.38671875,0.52734375,0.10351562,0.35742188,0.125,0.13867188,0.15820312,0.2734375,0.10693359,None,Cytoplasm
ENSP00000416618,0.17480469,0.3984375,0.44335938,0.37890625,0.09667969,0.41601562,0.23632812,0.20800781,0.22265625,0.23242188,0.08642578,None,Peroxisome
ENSP00000397228,0.22949219,0.33007812,0.44726562,0.30664062,0.22167969,0.44140625,0.04272461,0.10693359,0.19042969,0.10351562,0.00915527,None,Cytoplasm
ENSP00000390470,0.09423828,0.42578125,0.58203125,0.171875,0.07275391,0.25585938,0.01745605,0.16894531,0.19921875,0.30078125,0.03564453,Nucleus,"Cytoplasm, Nucleus"
ENSP00000498338,0.07568359,0.26367188,0.73828125,0.43359375,0.11572266,0.16113281,0.05493164,0.0378418,0.01281738,0.01544189,0.05737305,Nucleus,Nucleus
ENSP00000455684,0.21582031,0.39453125,0.3125,0.62109375,0.10498047,0.48632812,0.42578125,0.23242188,0.31835938,0.23242188,0.37109375,None,Cytoplasm
ENSP00000448987,0.13183594,0.515625,0.63671875,0.22363281,0.09423828,0.24511719,0.01098633,0.09814453,0.18847656,0.22558594,0.01831055,"Cytoplasm, Nucleus",Nucleus
ENSP00000448846,0.2109375,0.4453125,0.42773438,0.4296875,0.08251953,0.578125,0.17871094,0.2109375,0.19824219,0.15722656,0.04663086,None,Mitochondrion
ENSP00000433504,0.2109375,0.4140625,0.4609375,0.50390625,0.14453125,0.51171875,0.07568359,0.23242188,0.1484375,0.20800781,0.01068115,None,Cytoplasm
ENSP00000424059,0.2109375,0.52734375,0.31640625,0.20898438,0.19433594,0.31835938,0.02978516,0.04199219,0.11572266,0.15917969,0.01031494,Cytoplasm,Nucleus
ENSP00000418507,0.10351562,0.5859375,0.49414062,0.48828125,0.10693359,0.46484375,0.10107422,0.12988281,0.19824219,0.20800781,0.07080078,Cytoplasm,Nucleus
ENSP00000504330,0.16015625,0.49023438,0.42773438,0.5390625,0.11425781,0.38867188,0.25976562,0.10693359,0.12158203,0.13964844,0.04882812,Cytoplasm,"Cytoplasm, Nucleus"
ENSP00000453067,0.12402344,0.28320312,0.49609375,0.4921875,0.0402832,0.36914062,0.30859375,0.29101562,0.1796875,0.140625,0.07470703,None,"Cytoplasm, Endoplasmic reticulum"
ENSP00000420535,0.58984375,0.20410156,0.24121094,0.328125,0.11914062,0.36328125,0.03857422,0.53125,0.41601562,0.47460938,0.03955078,Membrane,Golgi apparatus
ENSP00000508281,0.16894531,0.4140625,0.42382812,0.49414062,0.07373047,0.39257812,0.11767578,0.25195312,0.26757812,0.24804688,0.03955078,None,Cytoplasm
ENSP00000498123,0.20703125,0.4375,0.41796875,0.47070312,0.13671875,0.6953125,0.22949219,0.18945312,0.30078125,0.25,0.01635742,Mitochondrion,Endoplasmic reticulum
ENSP00000483687,0.11279297,0.33203125,0.51171875,0.6328125,0.0559082,0.43554688,0.0534668,0.28320312,0.14550781,0.22363281,0.078125,None,Nucleus
ENSP00000460001,0.13964844,0.4296875,0.43164062,0.32421875,0.07470703,0.5625,0.21777344,0.27734375,0.06738281,0.1796875,0.00308228,None,"Cytoplasm, Nucleus"
ENSP00000440988,0.08154297,0.45703125,0.72265625,0.04663086,0.07470703,0.12109375,0.00317383,0.07910156,0.02478027,0.01879883,0.00150299,Nucleus,Nucleus
ENSP00000393690,0.18554688,0.40234375,0.45507812,0.48242188,0.12255859,0.515625,0.18164062,0.21972656,0.25585938,0.24609375,0.06835938,None,Cytoplasm
ENSP00000464501,0.10839844,0.47070312,0.59765625,0.5390625,0.078125,0.40234375,0.04882812,0.15332031,0.14746094,0.08740234,0.02893066,"Cytoplasm, Nucleus",Nucleus
ENSP00000463107,0.06445312,0.40234375,0.60546875,0.40039062,0.02844238,0.4609375,0.09814453,0.21875,0.05493164,0.32226562,0.00735474,Nucleus,"Cytoplasm, Cell membrane"
ENSP00000462500,0.12890625,0.46875,0.42578125,0.42578125,0.07910156,0.29882812,0.17675781,0.20605469,0.2734375,0.20605469,0.07470703,None,"Mitochondrion, Endoplasmic reticulum"
ENSP00000456341,0.16894531,0.421875,0.47460938,0.43164062,0.11279297,0.5546875,0.09130859,0.21484375,0.28320312,0.25585938,0.07568359,None,Cell membrane
ENSP00000451809,0.140625,0.4375,0.515625,0.51953125,0.11279297,0.34179688,0.2734375,0.13183594,0.07177734,0.17480469,0.01245117,None,Mitochondrion
ENSP00000430614,0.10498047,0.546875,0.515625,0.51171875,0.08251953,0.33398438,0.10839844,0.04882812,0.12011719,0.08154297,0.06738281,Cytoplasm,Golgi apparatus
ENSP00000390830,0.58203125,0.25976562,0.19042969,0.15625,0.15625,0.58984375,0.11914062,0.72265625,0.40039062,0.453125,0.16796875,"Membrane, Endoplasmic reticulum",Nucleus
ENSP00000499303,0.15722656,0.46484375,0.48828125,0.4375,0.08740234,0.49414062,0.0559082,0.15332031,0.20019531,0.1328125,0.01361084,None,Nucleus
ENSP00000473541,0.17285156,0.37109375,0.34960938,0.63671875,0.08740234,0.5390625,0.2109375,0.20703125,0.10693359,0.2109375,0.02197266,None,"Cytoplasm, Nucleus"
ENSP00000424124,0.14648438,0.47851562,0.47070312,0.46875,0.07568359,0.546875,0.04956055,0.16015625,0.16113281,0.18945312,0.02160645,Cytoplasm,Nucleus
ENSP00000413962,0.32226562,0.37304688,0.24511719,0.45703125,0.10107422,0.36523438,0.05273438,0.41992188,0.16015625,0.421875,0.06298828,None,Cytoplasm
ENSP00000397787,0.24804688,0.42382812,0.38671875,0.51171875,0.09667969,0.51171875,0.16699219,0.30078125,0.15234375,0.23632812,0.05834961,None,Nucleus
ENSP00000494068,0.14746094,0.41015625,0.51953125,0.5859375,0.12890625,0.62109375,0.203125,0.11767578,0.12597656,0.14746094,0.00628662,None,Endoplasmic reticulum
ENSP00000475294,0.140625,0.42382812,0.59765625,0.30664062,0.11572266,0.44921875,0.171875,0.14941406,0.1484375,0.23632812,0.01544189,Nucleus,Cytoplasm
ENSP00000393507,0.23242188,0.60546875,0.4296875,0.13574219,0.10107422,0.44921875,0.21777344,0.11132812,0.21777344,0.15820312,0.00164795,Cytoplasm,Cytoplasm
ENSP00000243893,0.13378906,0.5,0.42578125,0.41796875,0.07568359,0.41796875,0.12597656,0.17089844,0.16601562,0.18554688,0.04150391,Cytoplasm,"Cytoplasm, Cell membrane"
ENSP00000467641,0.09667969,0.40625,0.53515625,0.47265625,0.06176758,0.4765625,0.12011719,0.12597656,0.13378906,0.15234375,0.01879883,Nucleus,Cell membrane
ENSP00000449571,0.16601562,0.4140625,0.38867188,0.41601562,0.07910156,0.5625,0.125,0.24609375,0.2578125,0.16601562,0.03564453,None,Mitochondrion
ENSP00000448045,0.08251953,0.55078125,0.38671875,0.8671875,0.05664062,0.32617188,0.03735352,0.05664062,0.02636719,0.10351562,0.06176758,"Cytoplasm, Extracellular",Cytoplasm
ENSP00000421174,0.16699219,0.39257812,0.2578125,0.84375,0.10498047,0.40429688,0.08740234,0.13964844,0.13867188,0.28125,0.09814453,Extracellular,Cell membrane
ENSP00000410044,0.20019531,0.42578125,0.49609375,0.40039062,0.10693359,0.62109375,0.07910156,0.29492188,0.28320312,0.27734375,0.0402832,None,Nucleus
ENSP00000407096,0.16210938,0.45507812,0.46875,0.24511719,0.04663086,0.33398438,0.29492188,0.50390625,0.23828125,0.20898438,0.37304688,None,Peroxisome
ENSP00000495519,0.1875,0.51171875,0.40625,0.32421875,0.07470703,0.47070312,0.33007812,0.26367188,0.19726562,0.22949219,0.08740234,Cytoplasm,Nucleus
ENSP00000465164,0.06835938,0.5,0.36132812,0.89453125,0.06835938,0.0267334,0.00756836,0.03735352,0.12792969,0.01745605,0.00805664,"Cytoplasm, Extracellular","Cytoplasm, Nucleus"
ENSP00000428255,0.12695312,0.50390625,0.38671875,0.18847656,0.078125,0.2578125,0.04272461,0.14941406,0.11425781,0.19335938,0.01031494,Cytoplasm,Cytoplasm
ENSP00000423072,0.29101562,0.50390625,0.2578125,0.19921875,0.27734375,0.34570312,0.08496094,0.22949219,0.17675781,0.31445312,0.03112793,Cytoplasm,"Cytoplasm, Mitochondrion"
ENSP00000506493,0.12988281,0.39453125,0.44726562,0.484375,0.04199219,0.33789062,0.04956055,0.14257812,0.16699219,0.15429688,0.02001953,None,"Cytoplasm, Cell membrane"
ENSP00000504071,0.203125,0.41015625,0.36523438,0.38085938,0.07373047,0.67578125,0.03466797,0.27148438,0.20898438,0.35351562,0.08398438,Mitochondrion,Mitochondrion
ENSP00000501857,0.11279297,0.41210938,0.5390625,0.46679688,0.06298828,0.5078125,0.11279297,0.16113281,0.12109375,0.19726562,0.07080078,Nucleus,Nucleus
ENSP00000492676,0.16992188,0.4140625,0.47070312,0.61328125,0.10693359,0.43554688,0.10253906,0.14257812,0.12695312,0.09814453,0.04150391,None,"Cytoplasm, Nucleus"
ENSP00000466919,0.21582031,0.46484375,0.4296875,0.46484375,0.12109375,0.546875,0.25976562,0.2109375,0.14355469,0.17285156,0.01916504,None,Cytoplasm
ENSP00000456655,0.16210938,0.52734375,0.45507812,0.16113281,0.06298828,0.578125,0.21289062,0.20703125,0.14648438,0.3125,0.10351562,Cytoplasm,Nucleus
ENSP00000452300,0.06347656,0.51171875,0.484375,0.11914062,0.06738281,0.37109375,0.03063965,0.08740234,0.05932617,0.21582031,0.0324707,Cytoplasm,Cell membrane
ENSP00000450780,0.11425781,0.546875,0.625,0.20410156,0.04541016,0.10498047,0.00405884,0.03857422,0.12109375,0.26367188,0.0022583,"Cytoplasm, Nucleus",Nucleus
ENSP00000418252,0.23339844,0.44921875,0.33984375,0.46679688,0.08496094,0.42382812,0.14453125,0.18164062,0.1640625,0.19726562,0.02844238,None,"Cytoplasm, Cell membrane"
ENSP00000467710,0.16699219,0.45898438,0.54296875,0.23242188,0.140625,0.390625,0.01202393,0.16601562,0.19726562,0.17578125,0.0055542,Nucleus,"Cytoplasm, Cell membrane"
ENSP00000453480,0.25,0.37109375,0.32617188,0.51171875,0.12988281,0.39257812,0.05834961,0.21484375,0.12255859,0.35742188,0.00370789,None,Mitochondrion
ENSP00000452500,0.15722656,0.4765625,0.40625,0.5390625,0.07910156,0.421875,0.13964844,0.15722656,0.25585938,0.25585938,0.03198242,Cytoplasm,Nucleus
ENSP00000435220,0.1796875,0.49804688,0.5234375,0.34375,0.12792969,0.359375,0.11767578,0.10498047,0.11279297,0.12109375,0.00521851,Cytoplasm,Cytoplasm
ENSP00000392049,0.13476562,0.42382812,0.40429688,0.55859375,0.06445312,0.38671875,0.23046875,0.22949219,0.1796875,0.20214844,0.03686523,None,Cytoplasm
ENSP00000387481,0.20605469,0.38671875,0.37109375,0.359375,0.09667969,0.5546875,0.1796875,0.1328125,0.12011719,0.24609375,0.02978516,None,Nucleus
ENSP00000476460,0.16992188,0.48828125,0.359375,0.5078125,0.06640625,0.35351562,0.11279297,0.203125,0.19238281,0.1875,0.03320312,Cytoplasm,Cell membrane
ENSP00000452200,0.12402344,0.375,0.18261719,0.96875,0.04663086,0.26367188,0.01745605,0.00735474,0.00830078,0.11572266,0.12011719,Extracellular,Nucleus
ENSP00000428531,0.23046875,0.5234375,0.6328125,0.24316406,0.07080078,0.41210938,0.07470703,0.3046875,0.22265625,0.18847656,0.02929688,"Cytoplasm, Nucleus",Cytoplasm
ENSP00000408802,0.19824219,0.41015625,0.49023438,0.34960938,0.125,0.60546875,0.09033203,0.24902344,0.14257812,0.17675781,0.02758789,None,Cytoplasm
ENSP00000469760,0.08886719,0.46484375,0.55859375,0.40039062,0.04882812,0.37304688,0.3203125,0.20605469,0.16210938,0.2109375,0.04956055,Nucleus,"Cytoplasm, Nucleus"
ENSP00000466684,0.15625,0.47070312,0.42773438,0.44335938,0.08056641,0.46875,0.15039062,0.27734375,0.13183594,0.1953125,0.10351562,Cytoplasm,Cytoplasm
ENSP00000464530,0.12597656,0.5078125,0.43164062,0.6796875,0.09423828,0.57421875,0.04882812,0.07373047,0.28710938,0.12353516,0.05175781,"Cytoplasm, Extracellular","Cytoplasm, Nucleus"
ENSP00000430805,0.22558594,0.40039062,0.5078125,0.16992188,0.10839844,0.48046875,0.13867188,0.25585938,0.21875,0.19433594,0.10107422,None,"Cytoplasm, Nucleus"
ENSP00000504163,0.21972656,0.453125,0.296875,0.578125,0.09521484,0.453125,0.2109375,0.21289062,0.1484375,0.22851562,0.01916504,None,"Cytoplasm, Nucleus"
ENSP00000502465,0.11767578,0.4296875,0.4921875,0.5546875,0.08251953,0.47851562,0.15917969,0.11914062,0.10839844,0.14550781,0.17578125,None,Nucleus
ENSP00000484996,0.13476562,0.45898438,0.38671875,0.56640625,0.05493164,0.42578125,0.17285156,0.13085938,0.171875,0.359375,0.02722168,None,Nucleus
ENSP00000455953,0.12597656,0.49609375,0.48632812,0.36523438,0.06005859,0.33984375,0.12695312,0.14648438,0.34765625,0.1875,0.24316406,Cytoplasm,Nucleus
ENSP00000448671,0.15722656,0.50390625,0.39453125,0.62890625,0.06933594,0.41796875,0.20605469,0.06738281,0.11767578,0.09960938,0.01031494,Cytoplasm,Cell membrane
ENSP00000426535,0.0559082,0.26953125,0.4296875,0.75390625,0.01831055,0.65234375,0.04956055,0.11572266,0.02038574,0.14453125,0.0378418,"Extracellular, Mitochondrion",Nucleus
ENSP00000426210,0.17675781,0.37695312,0.390625,0.390625,0.08886719,0.5390625,0.08886719,0.16015625,0.21972656,0.30664062,0.0324707,None,Cell membrane
ENSP00000402190,0.12695312,0.48242188,0.5,0.47265625,0.07714844,0.578125,0.0402832,0.1953125,0.13378906,0.15136719,0.01544189,Cytoplasm,Nucleus
ENSP00000395237,0.19921875,0.41601562,0.4765625,0.49609375,0.07568359,0.5625,0.08496094,0.2109375,0.2421875,0.17285156,0.04614258,None,"Cytoplasm, Nucleus"
ENSP00000388688,0.16699219,0.45898438,0.41210938,0.5703125,0.11279297,0.5078125,0.09423828,0.13378906,0.06640625,0.125,0.02294922,None,Cytoplasm
ENSP00000453192,0.2734375,0.43359375,0.3359375,0.51953125,0.12988281,0.5546875,0.21875,0.25,0.25390625,0.27539062,0.01696777,None,Mitochondrion
ENSP00000475450,0.11425781,0.55859375,0.48242188,0.03515625,0.05273438,0.29492188,0.00218201,0.44140625,0.03417969,0.1640625,0.01794434,Cytoplasm,Nucleus
ENSP00000466640,0.27148438,0.44335938,0.30664062,0.38867188,0.13867188,0.671875,0.2265625,0.14160156,0.21777344,0.23242188,0.01068115,Mitochondrion,Nucleus
ENSP00000459602,0.10986328,0.3125,0.34375,0.81640625,0.02331543,0.48242188,0.07080078,0.2265625,0.06835938,0.11132812,0.18359375,Extracellular,Nucleus
ENSP00000349253,0.30859375,0.43945312,0.34179688,0.38085938,0.11914062,0.5546875,0.12695312,0.42773438,0.28710938,0.27929688,0.02758789,None,"Cytoplasm, Cell membrane"
ENSP00000490160,0.13574219,0.38085938,0.40234375,0.58984375,0.05834961,0.59765625,0.11279297,0.3125,0.15917969,0.27734375,0.07080078,None,Mitochondrion
ENSP00000437899,0.13769531,0.44921875,0.52734375,0.31640625,0.04956055,0.35351562,0.06640625,0.26953125,0.25585938,0.23339844,0.0390625,None,"Nucleus, Cell membrane"
ENSP00000415292,0.36132812,0.40429688,0.36523438,0.43164062,0.12792969,0.50390625,0.05029297,0.4296875,0.30664062,0.35742188,0.07275391,None,Golgi apparatus
ENSP00000408534,0.17871094,0.4453125,0.53125,0.5234375,0.12353516,0.36523438,0.08056641,0.15527344,0.11767578,0.21972656,0.02062988,Nucleus,Nucleus
ENSP00000400569,0.30078125,0.40039062,0.36523438,0.5,0.125,0.625,0.17578125,0.3515625,0.25195312,0.2734375,0.04541016,None,Cytoplasm
ENSP00000430424,0.11572266,0.5,0.42773438,0.34960938,0.09033203,0.29101562,0.0390625,0.21191406,0.2734375,0.25976562,0.00830078,Cytoplasm,Cytoplasm
ENSP00000457149,0.17578125,0.296875,0.29296875,0.67578125,0.10693359,0.52734375,0.12695312,0.30664062,0.30078125,0.29492188,0.16113281,Extracellular,Cell membrane
ENSP00000438862,0.19921875,0.53125,0.34765625,0.33984375,0.10107422,0.42382812,0.17578125,0.20019531,0.16992188,0.21191406,0.07080078,Cytoplasm,Nucleus
ENSP00000400271,0.07910156,0.515625,0.6328125,0.33789062,0.03613281,0.34375,0.02099609,0.14257812,0.08886719,0.11279297,0.00537109,"Cytoplasm, Nucleus",Mitochondrion
ENSP00000455184,0.17089844,0.36523438,0.34179688,0.49609375,0.06542969,0.59375,0.05664062,0.23046875,0.16113281,0.18164062,0.09814453,None,Mitochondrion
ENSP00000504110,0.2265625,0.52734375,0.53515625,0.15527344,0.04956055,0.3203125,0.09960938,0.15722656,0.21972656,0.13867188,0.00650024,"Cytoplasm, Nucleus",Cytoplasm
ENSP00000468113,0.22851562,0.40429688,0.41601562,0.51171875,0.12792969,0.515625,0.10693359,0.20214844,0.22167969,0.18457031,0.01135254,None,"Cytoplasm, Nucleus"
ENSP00000387607,0.14746094,0.5234375,0.3515625,0.5625,0.08056641,0.33789062,0.10498047,0.10498047,0.09960938,0.16796875,0.00537109,Cytoplasm,Nucleus
ENSP00000429046,0.19726562,0.33398438,0.3515625,0.18359375,0.09423828,0.53125,0.26367188,0.26367188,0.08154297,0.06005859,0.00537109,None,Cytoplasm
ENSP00000464790,0.32421875,0.36523438,0.43164062,0.25390625,0.14160156,0.51171875,0.06347656,0.33007812,0.328125,0.3125,0.00592041,None,Nucleus
ENSP00000477296,0.18164062,0.3984375,0.46484375,0.42578125,0.0559082,0.44335938,0.13769531,0.390625,0.25390625,0.19433594,0.01940918,None,"Cytoplasm, Nucleus"
