Metric,Value
Subset Accuracy,0.34129295282469424
Jaccard,0.4870898854591342
MicroF1,0.5719136551055057
MacroF1,0.42434715731263034
MCC_Cytoplasm,0.28993142756667056
MCC_Nucleus,0.39837120305078655
MCC_Cell membrane,0.35705342788587296
MCC_Mitochondrion,0.5603170252374731
MCC_Endoplasmic reticulum,0.12513699763741068
MCC_Golgi apparatus,0.17270432006836522
