ACC,Membrane,Cytoplasm,Nucleus,Extracellular,Cell membrane,Mitochondrion,Plastid,Endoplasmic reticulum,Lysosome/Vacuole,Golgi apparatus,Peroxisome,predicted_label,true_label
ENSP00000507895,0.40039062,0.609375,0.47460938,0.64453125,0.359375,0.078125,0.0390625,0.10253906,0.06445312,0.12353516,0.11279297,Cytoplasm,"Cytoplasm, Cell membrane"
ENSP00000505728,0.0559082,0.29296875,0.90625,0.10253906,0.04614258,0.05834961,0.00382996,0.06347656,0.03027344,0.03564453,0.00328064,Nucleus,Nucleus
ENSP00000496878,0.7890625,0.20214844,0.08740234,0.37109375,0.79296875,0.08642578,0.00521851,0.2734375,0.49609375,0.33789062,0.09033203,"Membrane, Cell membrane",Cytoplasm
ENSP00000496254,0.36132812,0.8125,0.22851562,0.078125,0.37695312,0.13769531,0.00328064,0.1640625,0.25390625,0.12792969,0.03320312,Cytoplasm,Nucleus
ENSP00000495099,0.28320312,0.66796875,0.546875,0.10839844,0.14160156,0.17578125,0.03198242,0.27148438,0.38671875,0.41210938,0.01324463,"Cytoplasm, Nucleus",Cytoplasm
ENSP00000493871,0.04150391,0.5625,0.91796875,0.04736328,0.04663086,0.06445312,0.01855469,0.05493164,0.04467773,0.03564453,0.00288391,"Cytoplasm, Nucleus",Nucleus
ENSP00000490913,0.09960938,0.62890625,0.74609375,0.02441406,0.17871094,0.13671875,0.02978516,0.03027344,0.06103516,0.06005859,0.09277344,"Cytoplasm, Nucleus",Nucleus
ENSP00000490728,0.0390625,0.53515625,0.93359375,0.05493164,0.0534668,0.06298828,0.02099609,0.03735352,0.0378418,0.03027344,0.00231934,"Cytoplasm, Nucleus",Nucleus
ENSP00000490116,0.06835938,0.328125,0.92578125,0.26953125,0.09814453,0.06445312,0.00805664,0.03198242,0.01098633,0.02636719,0.00382996,Nucleus,Nucleus
ENSP00000484669,0.14550781,0.26757812,0.89453125,0.04541016,0.05419922,0.07568359,0.00029564,0.16113281,0.09423828,0.26953125,0.00064468,Nucleus,Nucleus
ENSP00000480219,0.04077148,0.23535156,0.93359375,0.15820312,0.02978516,0.09667969,0.00093842,0.03198242,0.02404785,0.04394531,0.00124359,Nucleus,Nucleus
ENSP00000478783,0.5546875,0.484375,0.36914062,0.02038574,0.25585938,0.07080078,0.01586914,0.390625,0.41015625,0.55078125,0.00506592,"Membrane, Cytoplasm",Cytoplasm
ENSP00000466285,0.35546875,0.5390625,0.29492188,0.12353516,0.26367188,0.38476562,0.00254822,0.18261719,0.06542969,0.125,0.00393677,Cytoplasm,Cytoplasm
ENSP00000453443,0.29882812,0.609375,0.4609375,0.04345703,0.37109375,0.21289062,0.00154877,0.13476562,0.12695312,0.10351562,0.02600098,Cytoplasm,"Cytoplasm, Nucleus"
ENSP00000431179,0.28125,0.703125,0.48046875,0.0402832,0.40234375,0.17285156,0.01452637,0.14257812,0.1640625,0.3203125,0.03369141,Cytoplasm,"Cytoplasm, Cell membrane"
ENSP00000431129,0.39257812,0.734375,0.21972656,0.05834961,0.29296875,0.22851562,0.00141144,0.27929688,0.30859375,0.23828125,0.00830078,Cytoplasm,Cytoplasm
ENSP00000418408,0.05493164,0.38085938,0.77734375,0.06738281,0.02978516,0.09423828,0.03613281,0.05664062,0.01586914,0.10253906,0.01068115,Nucleus,Nucleus
ENSP00000417570,0.33398438,0.34765625,0.1875,0.7578125,0.41992188,0.17285156,0.01098633,0.26367188,0.3515625,0.43359375,0.04077148,Extracellular,Cytoplasm
ENSP00000414689,0.3046875,0.26367188,0.30078125,0.76171875,0.34179688,0.12158203,0.00254822,0.2578125,0.17480469,0.20410156,0.00506592,Extracellular,Cell membrane
ENSP00000414510,0.3671875,0.76171875,0.2734375,0.10351562,0.34960938,0.25,0.00939941,0.20410156,0.41015625,0.40039062,0.00271606,Cytoplasm,Nucleus
ENSP00000412763,0.75390625,0.26171875,0.12011719,0.28710938,0.76171875,0.09521484,0.02478027,0.25585938,0.57421875,0.41992188,0.03417969,"Membrane, Cell membrane, Lysosome/Vacuole",Golgi apparatus
ENSP00000410157,0.31640625,0.51171875,0.47460938,0.02893066,0.265625,0.07568359,0.01495361,0.15429688,0.59375,0.29101562,0.00043106,"Cytoplasm, Lysosome/Vacuole",Nucleus
ENSP00000409472,0.18164062,0.5078125,0.46875,0.21484375,0.15527344,0.22558594,0.03466797,0.20019531,0.19921875,0.2421875,0.01831055,Cytoplasm,Cytoplasm
ENSP00000407046,0.75390625,0.26953125,0.21582031,0.03613281,0.54296875,0.06933594,0.00198364,0.32617188,0.26757812,0.5,0.01495361,"Membrane, Cell membrane",Cell membrane
ENSP00000400217,0.28125,0.21777344,0.13574219,0.9453125,0.29882812,0.08251953,0.01245117,0.42578125,0.390625,0.38671875,0.01245117,Extracellular,Cell membrane
ENSP00000395538,0.09667969,0.52734375,0.515625,0.34570312,0.20214844,0.12402344,0.0005722,0.23632812,0.02294922,0.16308594,0.02233887,Cytoplasm,"Cytoplasm, Nucleus, Mitochondrion"
ENSP00000387070,0.15332031,0.65234375,0.58203125,0.00491333,0.09960938,0.15625,0.00382996,0.15917969,0.09814453,0.421875,0.01495361,"Cytoplasm, Nucleus",Cytoplasm
ENSP00000386239,0.08496094,0.515625,0.75390625,0.12695312,0.078125,0.21875,0.00096893,0.12695312,0.08886719,0.08056641,0.0279541,"Cytoplasm, Nucleus",Nucleus
ENSP00000384215,0.02514648,0.16015625,0.953125,0.01000977,0.03173828,0.18164062,0.00668335,0.01855469,0.03112793,0.01452637,0.01745605,Nucleus,Nucleus
ENSP00000382269,0.265625,0.6484375,0.53515625,0.0279541,0.11279297,0.31054688,0.01452637,0.05664062,0.19335938,0.12988281,0.0071106,"Cytoplasm, Nucleus",Nucleus
ENSP00000381170,0.22363281,0.84375,0.58984375,0.02038574,0.23339844,0.09521484,0.00145721,0.10839844,0.10253906,0.19824219,0.00915527,"Cytoplasm, Nucleus",Cell membrane
ENSP00000380888,0.25195312,0.6015625,0.77734375,0.01000977,0.11279297,0.18847656,0.003479,0.15917969,0.29296875,0.10351562,0.01324463,"Cytoplasm, Nucleus",Nucleus
ENSP00000379083,0.45507812,0.64453125,0.37695312,0.5859375,0.421875,0.12890625,0.02758789,0.11425781,0.09814453,0.09667969,0.15820312,"Membrane, Cytoplasm","Cytoplasm, Cell membrane"
ENSP00000377634,0.08056641,0.35546875,0.86328125,0.02233887,0.06542969,0.04663086,0.00113678,0.06933594,0.00939941,0.01361084,0.01361084,Nucleus,Nucleus
ENSP00000374443,0.328125,0.55859375,0.45507812,0.02514648,0.2890625,0.24121094,0.01544189,0.375,0.54296875,0.36132812,0.00592041,Cytoplasm,Nucleus
ENSP00000366757,0.36132812,0.8046875,0.14453125,0.04614258,0.33984375,0.20800781,0.00317383,0.18164062,0.31640625,0.31054688,0.00830078,Cytoplasm,Cytoplasm
ENSP00000364003,0.33789062,0.69140625,0.47851562,0.03027344,0.43164062,0.25585938,0.01000977,0.27929688,0.19238281,0.18261719,0.0324707,Cytoplasm,"Nucleus, Cell membrane"
ENSP00000363891,0.86328125,0.17773438,0.14550781,0.01031494,0.5625,0.13574219,0.00055313,0.28515625,0.37304688,0.31445312,0.02258301,"Membrane, Cell membrane",Golgi apparatus
ENSP00000363642,0.04150391,0.26367188,0.84375,0.01745605,0.04345703,0.13574219,0.0005188,0.15039062,0.02233887,0.05932617,0.00445557,Nucleus,Nucleus
ENSP00000362580,0.2578125,0.77734375,0.39257812,0.03369141,0.4765625,0.21289062,0.00521851,0.11767578,0.14355469,0.12109375,0.02978516,Cytoplasm,Cell membrane
ENSP00000357206,0.18164062,0.72265625,0.41601562,0.19921875,0.13183594,0.39648438,0.0011673,0.16601562,0.18847656,0.44726562,0.04663086,Cytoplasm,Cytoplasm
ENSP00000356716,0.07373047,0.6640625,0.6171875,0.05273438,0.08886719,0.03417969,0.00132751,0.10839844,0.06542969,0.18847656,0.01000977,"Cytoplasm, Nucleus",Cytoplasm
ENSP00000355922,0.09814453,0.46484375,0.87890625,0.06835938,0.06298828,0.04394531,0.00610352,0.04272461,0.04736328,0.08886719,0.01202393,Nucleus,Nucleus
ENSP00000354828,0.18359375,0.41601562,0.80078125,0.05737305,0.14746094,0.29492188,0.0022583,0.10986328,0.09960938,0.08251953,0.01245117,Nucleus,Nucleus
ENSP00000353010,0.47851562,0.36914062,0.40039062,0.03466797,0.23046875,0.4921875,0.01635742,0.26367188,0.40820312,0.55078125,0.00231934,Membrane,Nucleus
ENSP00000352794,0.4609375,0.734375,0.32617188,0.06298828,0.59375,0.18164062,0.04199219,0.45117188,0.16992188,0.31054688,0.00735474,"Membrane, Cytoplasm, Cell membrane","Cytoplasm, Cell membrane"
ENSP00000352413,0.796875,0.22167969,0.22363281,0.02062988,0.75390625,0.13378906,0.003479,0.29296875,0.12792969,0.12890625,0.0088501,"Membrane, Cell membrane",Cytoplasm
ENSP00000351185,0.10498047,0.515625,0.62890625,0.07373047,0.04394531,0.21777344,0.01135254,0.15332031,0.04736328,0.06103516,0.00860596,"Cytoplasm, Nucleus",Mitochondrion
ENSP00000348564,0.20605469,0.6171875,0.47460938,0.09960938,0.13183594,0.20214844,0.00317383,0.28710938,0.23828125,0.43554688,0.19726562,Cytoplasm,"Cytoplasm, Cell membrane"
ENSP00000344383,0.28710938,0.66796875,0.5234375,0.12890625,0.14257812,0.16992188,0.02929688,0.29492188,0.37890625,0.4140625,0.00970459,Cytoplasm,Cytoplasm
ENSP00000328426,0.08398438,0.48632812,0.7578125,0.12890625,0.08740234,0.10253906,0.01403809,0.10693359,0.07177734,0.05029297,0.02160645,"Cytoplasm, Nucleus","Cytoplasm, Nucleus"
ENSP00000321813,0.19433594,0.42773438,0.8203125,0.06176758,0.15332031,0.24316406,0.00102997,0.10986328,0.11132812,0.08642578,0.01000977,Nucleus,Nucleus
ENSP00000313933,0.12402344,0.5078125,0.74609375,0.00537109,0.10839844,0.15429688,0.0078125,0.06347656,0.06835938,0.14257812,0.01696777,"Cytoplasm, Nucleus",Nucleus
ENSP00000301607,0.19726562,0.69921875,0.43945312,0.09814453,0.16894531,0.18457031,0.00610352,0.140625,0.23828125,0.28515625,0.00460815,Cytoplasm,Cytoplasm
ENSP00000300648,0.359375,0.64453125,0.7265625,0.0390625,0.39648438,0.546875,0.07714844,0.23828125,0.1328125,0.15039062,0.15625,"Cytoplasm, Nucleus",Cytoplasm
ENSP00000297268,0.16601562,0.20800781,0.16699219,0.9375,0.17675781,0.07470703,0.01544189,0.24609375,0.06835938,0.08886719,0.00247192,Extracellular,Endoplasmic reticulum
ENSP00000294383,0.20410156,0.66796875,0.609375,0.10253906,0.21582031,0.14160156,0.01324463,0.22851562,0.3125,0.3828125,0.003479,"Cytoplasm, Nucleus","Cytoplasm, Nucleus"
ENSP00000281282,0.19726562,0.71484375,0.44921875,0.01281738,0.20605469,0.07714844,0.0008049,0.15332031,0.19726562,0.37890625,0.0022583,Cytoplasm,Cell membrane
ENSP00000280758,0.31835938,0.5390625,0.55859375,0.0324707,0.1953125,0.05493164,0.00915527,0.17285156,0.703125,0.41210938,0.00062561,"Cytoplasm, Nucleus, Lysosome/Vacuole",Nucleus
ENSP00000271636,0.18457031,0.6875,0.328125,0.03417969,0.12988281,0.11572266,0.0022583,0.12988281,0.2734375,0.23535156,0.01000977,Cytoplasm,Cell membrane
ENSP00000264868,0.84765625,0.1875,0.19433594,0.08886719,0.4375,0.18847656,0.01000977,0.703125,0.44921875,0.41992188,0.08886719,"Membrane, Endoplasmic reticulum",Nucleus
ENSP00000262376,0.06738281,0.30273438,0.8828125,0.12255859,0.04394531,0.06445312,0.0071106,0.06103516,0.06176758,0.06347656,0.00805664,Nucleus,Nucleus
ENSP00000261609,0.21484375,0.62109375,0.59765625,0.03466797,0.08740234,0.30859375,0.01495361,0.15136719,0.17480469,0.2421875,0.01940918,"Cytoplasm, Nucleus",Cytoplasm
ENSP00000253048,0.0324707,0.37109375,0.8828125,0.21777344,0.03198242,0.05102539,0.0043335,0.11914062,0.0559082,0.16601562,0.00037956,Nucleus,"Cytoplasm, Nucleus"
ENSP00000252996,0.04956055,0.43945312,0.8828125,0.09033203,0.06445312,0.04614258,0.0007782,0.02893066,0.08154297,0.15332031,0.00247192,Nucleus,Nucleus
ENSP00000247087,0.06103516,0.42773438,0.89453125,0.03515625,0.06542969,0.0559082,0.00308228,0.05493164,0.03613281,0.06640625,0.00476074,Nucleus,Nucleus
ENSP00000244007,0.42578125,0.625,0.55859375,0.02124023,0.49023438,0.09423828,0.0022583,0.08251953,0.27539062,0.20898438,0.00170135,"Cytoplasm, Nucleus",Cytoplasm
ENSP00000263773,0.23632812,0.328125,0.69140625,0.02404785,0.22949219,0.06933594,0.00141144,0.24902344,0.12255859,0.18847656,0.00073242,Nucleus,Nucleus
ENSP00000416033,0.14257812,0.73828125,0.37695312,0.25976562,0.18554688,0.23046875,0.00689697,0.2265625,0.13867188,0.16308594,0.13476562,Cytoplasm,Nucleus
ENSP00000364042,0.69921875,0.19238281,0.16992188,0.38085938,0.70703125,0.09033203,0.00280762,0.3125,0.48242188,0.37304688,0.01586914,"Membrane, Cell membrane",Cell membrane
ENSP00000355889,0.22363281,0.18164062,0.20898438,0.13769531,0.11914062,0.82421875,0.00939941,0.16113281,0.06835938,0.10351562,0.03613281,Mitochondrion,Mitochondrion
ENSP00000305839,0.55078125,0.37304688,0.5390625,0.17089844,0.73828125,0.203125,0.00628662,0.20019531,0.30273438,0.40625,0.01000977,"Membrane, Nucleus, Cell membrane",Cell membrane
ENSP00000463929,0.87890625,0.16308594,0.08886719,0.0071106,0.65234375,0.09814453,0.003479,0.55859375,0.80859375,0.66796875,0.0008812,"Membrane, Cell membrane, Lysosome/Vacuole, Golgi apparatus",Nucleus
ENSP00000382610,0.29101562,0.60546875,0.36523438,0.17871094,0.328125,0.17480469,0.00460815,0.32421875,0.35351562,0.40039062,0.01452637,Cytoplasm,"Cytoplasm, Nucleus"
ENSP00000496378,0.35742188,0.625,0.29492188,0.04272461,0.18457031,0.40820312,0.00297546,0.27148438,0.67578125,0.86328125,0.00239563,"Cytoplasm, Lysosome/Vacuole, Golgi apparatus",Golgi apparatus
ENSP00000413889,0.3046875,0.55078125,0.5078125,0.02514648,0.171875,0.08496094,0.01586914,0.13085938,0.671875,0.44140625,0.00064468,"Cytoplasm, Lysosome/Vacuole",Nucleus
ENSP00000349439,0.5390625,0.2265625,0.32421875,0.19042969,0.29882812,0.14550781,0.00154877,0.6953125,0.39257812,0.68359375,0.01452637,"Membrane, Endoplasmic reticulum, Golgi apparatus","Cytoplasm, Cell membrane"
ENSP00000313624,0.04882812,0.25585938,0.94140625,0.04467773,0.03466797,0.06005859,0.00328064,0.02514648,0.04394531,0.03063965,0.01000977,Nucleus,Nucleus
ENSP00000468082,0.37109375,0.5703125,0.27734375,0.11279297,0.28320312,0.421875,0.00360107,0.18847656,0.07568359,0.11572266,0.00405884,Cytoplasm,Cytoplasm
ENSP00000416951,0.10839844,0.23632812,0.75390625,0.16796875,0.14550781,0.13574219,0.00064468,0.15332031,0.03515625,0.05932617,0.0018692,Nucleus,Nucleus
ENSP00000346701,0.8125,0.23925781,0.3125,0.07910156,0.44921875,0.13476562,0.00393677,0.66796875,0.49609375,0.7265625,0.04614258,"Membrane, Endoplasmic reticulum, Golgi apparatus",Nucleus
ENSP00000332111,0.10839844,0.6328125,0.44140625,0.38476562,0.12353516,0.17578125,0.22558594,0.12353516,0.10253906,0.11279297,0.28710938,Cytoplasm,"Cytoplasm, Nucleus"
ENSP00000507912,0.11425781,0.23925781,0.81640625,0.03173828,0.08154297,0.03173828,0.00047302,0.23828125,0.02929688,0.05419922,0.0378418,Nucleus,Nucleus
ENSP00000485253,0.06176758,0.328125,0.92578125,0.0324707,0.07177734,0.08251953,0.00382996,0.05273438,0.03466797,0.07470703,0.00141144,Nucleus,Nucleus
ENSP00000312277,0.0534668,0.29882812,0.85546875,0.04882812,0.02160645,0.05664062,0.01635742,0.03613281,0.01940918,0.05419922,0.00521851,Nucleus,"Cytoplasm, Nucleus"
ENSP00000370427,0.07714844,0.20410156,0.92578125,0.07910156,0.10693359,0.0057373,0.00735474,0.11279297,0.03027344,0.04663086,0.00096893,Nucleus,Nucleus
ENSP00000467054,0.29101562,0.55859375,0.38085938,0.09277344,0.09521484,0.14355469,0.00113678,0.26367188,0.53125,0.28320312,0.00668335,Cytoplasm,"Cytoplasm, Nucleus"
ENSP00000458025,0.03686523,0.3515625,0.91796875,0.15429688,0.03515625,0.06347656,0.00027847,0.04394531,0.05273438,0.05493164,0.00421143,Nucleus,Cytoplasm
ENSP00000357460,0.25390625,0.62109375,0.24902344,0.11132812,0.22363281,0.09960938,0.00212097,0.20214844,0.65234375,0.5859375,0.01586914,"Cytoplasm, Lysosome/Vacuole",Golgi apparatus
ENSP00000406490,0.06542969,0.27734375,0.85546875,0.01855469,0.04663086,0.11279297,0.00039291,0.06103516,0.01831055,0.0324707,0.01135254,Nucleus,Nucleus
ENSP00000374552,0.0534668,0.59375,0.7890625,0.12158203,0.06445312,0.07275391,0.00132751,0.19726562,0.05175781,0.04882812,0.00421143,"Cytoplasm, Nucleus",Cytoplasm
ENSP00000505762,0.38671875,0.6875,0.34570312,0.07568359,0.51953125,0.20898438,0.00047302,0.10839844,0.28320312,0.19335938,0.02233887,Cytoplasm,"Cytoplasm, Cell membrane"
ENSP00000391268,0.703125,0.29101562,0.15429688,0.33007812,0.7265625,0.078125,0.00308228,0.31445312,0.546875,0.60546875,0.02722168,"Membrane, Cell membrane",Cell membrane
ENSP00000323191,0.10253906,0.5,0.7265625,0.09033203,0.15820312,0.03857422,0.01068115,0.10498047,0.14257812,0.09423828,0.05419922,"Cytoplasm, Nucleus",Nucleus
ENSP00000359837,0.06298828,0.31054688,0.9296875,0.01495361,0.03466797,0.0480957,0.01495361,0.02978516,0.04272461,0.02636719,0.00405884,Nucleus,Nucleus
ENSP00000469029,0.11132812,0.26757812,0.7890625,0.01635742,0.10253906,0.09033203,0.00170135,0.07373047,0.12402344,0.04272461,0.00650024,Nucleus,Nucleus
ENSP00000416289,0.28320312,0.51171875,0.47851562,0.05932617,0.17675781,0.31640625,0.00689697,0.52734375,0.36523438,0.30859375,0.03027344,Cytoplasm,Nucleus
ENSP00000358904,0.0402832,0.24609375,0.9296875,0.08642578,0.02514648,0.04736328,0.01031494,0.02722168,0.02124023,0.06347656,0.00231934,Nucleus,Nucleus
ENSP00000364372,0.11572266,0.6171875,0.53515625,0.04882812,0.08154297,0.03173828,0.00650024,0.17871094,0.20019531,0.17773438,0.00154877,"Cytoplasm, Nucleus","Cytoplasm, Nucleus"
ENSP00000348828,0.44921875,0.69140625,0.3828125,0.06933594,0.453125,0.12158203,0.00476074,0.1640625,0.49804688,0.22851562,0.00360107,Cytoplasm,Cell membrane
ENSP00000379778,0.34960938,0.73046875,0.453125,0.02368164,0.30078125,0.06835938,0.00050354,0.16113281,0.24121094,0.15039062,0.00537109,Cytoplasm,Cytoplasm
ENSP00000450393,0.13085938,0.43164062,0.52734375,0.14160156,0.06347656,0.22851562,0.00939941,0.16894531,0.03613281,0.05737305,0.00650024,None,Mitochondrion
ENSP00000314914,0.28125,0.6796875,0.41992188,0.06347656,0.3984375,0.22167969,0.00521851,0.28515625,0.16894531,0.16113281,0.12109375,Cytoplasm,Nucleus
ENSP00000412893,0.21191406,0.1875,0.15820312,0.11572266,0.05175781,0.87890625,0.01031494,0.16992188,0.05273438,0.06933594,0.08056641,Mitochondrion,Mitochondrion
ENSP00000405068,0.04614258,0.29492188,0.81640625,0.12158203,0.03198242,0.04394531,0.00193024,0.10498047,0.01031494,0.10498047,0.00360107,Nucleus,Nucleus
ENSP00000500647,0.34960938,0.65234375,0.40039062,0.05273438,0.46289062,0.21191406,0.00231934,0.19921875,0.17871094,0.13574219,0.01879883,Cytoplasm,"Cytoplasm, Nucleus"
ENSP00000383392,0.89453125,0.15820312,0.10107422,0.38085938,0.92578125,0.02844238,0.00650024,0.37109375,0.44140625,0.32617188,0.03173828,"Membrane, Cell membrane",Cell membrane
ENSP00000465377,0.0480957,0.64453125,0.796875,0.04467773,0.03320312,0.06005859,0.00099945,0.05932617,0.05273438,0.0324707,0.03369141,"Cytoplasm, Nucleus","Cytoplasm, Nucleus"
ENSP00000027335,0.859375,0.18945312,0.06738281,0.1640625,0.87109375,0.0255127,0.00628662,0.2890625,0.3671875,0.21777344,0.05737305,"Membrane, Cell membrane",Cell membrane
ENSP00000409731,0.40039062,0.67578125,0.44335938,0.44140625,0.45898438,0.12402344,0.00939941,0.13769531,0.10986328,0.08056641,0.16796875,Cytoplasm,"Cytoplasm, Cell membrane"
ENSP00000314004,0.24804688,0.6484375,0.53125,0.11279297,0.18457031,0.11279297,0.00085449,0.15234375,0.28125,0.50390625,0.00939941,"Cytoplasm, Nucleus",Nucleus
ENSP00000362045,0.06176758,0.29882812,0.89453125,0.171875,0.02722168,0.078125,0.0071106,0.04272461,0.01940918,0.05273438,0.00735474,Nucleus,Nucleus
ENSP00000289746,0.8125,0.23046875,0.09814453,0.16210938,0.82421875,0.04882812,0.00085449,0.21484375,0.41796875,0.30859375,0.12792969,"Membrane, Cell membrane","Cell membrane, Golgi apparatus"
ENSP00000288976,0.08154297,0.7421875,0.47460938,0.08154297,0.26757812,0.07470703,0.00011587,0.18164062,0.14746094,0.19433594,0.02038574,Cytoplasm,Nucleus
ENSP00000486816,0.07910156,0.29492188,0.890625,0.17089844,0.03735352,0.078125,0.00970459,0.04956055,0.02233887,0.05029297,0.0078125,Nucleus,Nucleus
ENSP00000450998,0.4765625,0.65625,0.49609375,0.06738281,0.66015625,0.23925781,0.01281738,0.30664062,0.15039062,0.32617188,0.0055542,"Membrane, Cytoplasm, Cell membrane","Cytoplasm, Cell membrane"
ENSP00000431611,0.859375,0.13476562,0.12255859,0.09130859,0.8515625,0.20898438,0.03686523,0.29882812,0.33398438,0.10693359,0.02368164,"Membrane, Cell membrane",Cell membrane
ENSP00000376504,0.27929688,0.73046875,0.30273438,0.25,0.32617188,0.09130859,0.0055542,0.36328125,0.39257812,0.2421875,0.0378418,Cytoplasm,Nucleus
ENSP00000430048,0.08740234,0.6484375,0.47460938,0.26953125,0.11572266,0.15722656,0.2109375,0.08056641,0.08398438,0.08642578,0.41796875,Cytoplasm,"Cytoplasm, Nucleus"
ENSP00000288439,0.84765625,0.1953125,0.14257812,0.02038574,0.55078125,0.16210938,0.00150299,0.3125,0.41015625,0.359375,0.02441406,"Membrane, Cell membrane",Golgi apparatus
ENSP00000419330,0.33789062,0.56640625,0.45507812,0.33007812,0.19335938,0.36914062,0.00830078,0.47070312,0.21972656,0.43359375,0.01000977,Cytoplasm,Golgi apparatus
ENSP00000401064,0.09960938,0.46289062,0.67578125,0.03857422,0.04345703,0.18554688,0.00610352,0.27148438,0.02514648,0.0480957,0.03735352,Nucleus,Nucleus
ENSP00000387099,0.15429688,0.59765625,0.27539062,0.72265625,0.13085938,0.11914062,0.00254822,0.37695312,0.27148438,0.22167969,0.3359375,"Cytoplasm, Extracellular",Cytoplasm
ENSP00000361964,0.18457031,0.8359375,0.21582031,0.07910156,0.14160156,0.11132812,0.00091171,0.12402344,0.05737305,0.18164062,0.05419922,Cytoplasm,"Cytoplasm, Nucleus"
ENSP00000317992,0.06005859,0.33203125,0.6953125,0.05419922,0.01696777,0.125,0.0007782,0.09130859,0.03686523,0.09130859,0.00592041,Nucleus,Nucleus
ENSP00000380300,0.11132812,0.56640625,0.62109375,0.03955078,0.06176758,0.08056641,0.00106812,0.29492188,0.25585938,0.05175781,0.00830078,"Cytoplasm, Nucleus",Cytoplasm
ENSP00000397869,0.359375,0.62109375,0.37109375,0.03173828,0.38671875,0.10253906,0.00521851,0.37109375,0.6484375,0.5703125,0.00476074,"Cytoplasm, Lysosome/Vacuole",Nucleus
ENSP00000498164,0.06176758,0.51953125,0.671875,0.09033203,0.06738281,0.11425781,0.00062561,0.08056641,0.07470703,0.140625,0.00537109,"Cytoplasm, Nucleus",Cytoplasm
ENSP00000450973,0.26757812,0.8359375,0.23242188,0.11279297,0.26171875,0.2265625,0.00337219,0.18847656,0.13671875,0.23046875,0.12011719,Cytoplasm,"Cytoplasm, Nucleus, Cell membrane"
ENSP00000217159,0.8984375,0.12158203,0.10107422,0.06738281,0.8828125,0.24804688,0.0088501,0.29101562,0.41796875,0.08398438,0.06005859,"Membrane, Cell membrane",Cell membrane
ENSP00000392636,0.08642578,0.58984375,0.86328125,0.01000977,0.04150391,0.53515625,0.00010872,0.10498047,0.20800781,0.25585938,0.04077148,"Cytoplasm, Nucleus",Nucleus
ENSP00000253928,0.0324707,0.3671875,0.859375,0.11279297,0.02978516,0.09033203,0.00328064,0.04199219,0.03027344,0.02368164,0.01495361,Nucleus,Nucleus
ENSP00000371607,0.2421875,0.15625,0.1796875,0.15917969,0.15136719,0.85546875,0.08496094,0.12353516,0.05834961,0.16796875,0.16992188,Mitochondrion,Mitochondrion
ENSP00000390590,0.296875,0.70703125,0.24804688,0.20800781,0.3984375,0.33203125,0.01135254,0.203125,0.23535156,0.24609375,0.60546875,Cytoplasm,"Cytoplasm, Nucleus"
ENSP00000390121,0.12988281,0.23925781,0.62890625,0.00297546,0.10351562,0.01281738,0.00035667,0.02978516,0.03173828,0.0559082,0.00393677,Nucleus,Nucleus
ENSP00000352676,0.30664062,0.76953125,0.58203125,0.01068115,0.09960938,0.07373047,0.00280762,0.47265625,0.34960938,0.62109375,0.00175476,"Cytoplasm, Nucleus","Cytoplasm, Nucleus"
ENSP00000363878,0.359375,0.6640625,0.46875,0.07373047,0.24609375,0.078125,0.00271606,0.1484375,0.46679688,0.79296875,0.00102997,"Cytoplasm, Golgi apparatus",Nucleus
ENSP00000386830,0.09960938,0.4609375,0.79296875,0.01916504,0.01586914,0.14160156,0.02099609,0.20703125,0.09033203,0.13183594,0.0534668,Nucleus,"Cytoplasm, Cell membrane"
ENSP00000484716,0.03955078,0.24316406,0.94921875,0.02124023,0.01794434,0.03564453,0.00093842,0.05834961,0.04345703,0.06298828,0.00537109,Nucleus,Nucleus
ENSP00000423638,0.390625,0.7265625,0.34375,0.09277344,0.5625,0.1484375,0.06347656,0.12353516,0.14453125,0.62890625,0.01855469,"Cytoplasm, Cell membrane","Cytoplasm, Cell membrane, Endoplasmic reticulum"
ENSP00000393856,0.41992188,0.625,0.7578125,0.00218201,0.42578125,0.09423828,0.00915527,0.11767578,0.16601562,0.1328125,0.00370789,"Cytoplasm, Nucleus",Cell membrane
ENSP00000478563,0.5390625,0.60546875,0.15332031,0.01245117,0.43359375,0.07910156,0.00023079,0.13769531,0.71484375,0.57421875,0.00136566,"Membrane, Cytoplasm, Lysosome/Vacuole","Cytoplasm, Nucleus"
ENSP00000299192,0.10107422,0.58984375,0.77734375,0.00650024,0.06640625,0.10351562,0.02978516,0.26171875,0.04467773,0.26367188,0.00650024,"Cytoplasm, Nucleus","Cytoplasm, Nucleus"
ENSP00000215582,0.29296875,0.828125,0.21777344,0.2109375,0.26367188,0.18847656,0.00328064,0.19921875,0.28515625,0.43359375,0.22167969,Cytoplasm,Cell membrane
ENSP00000372434,0.14257812,0.33007812,0.7890625,0.01361084,0.10253906,0.10986328,0.0005722,0.09814453,0.15527344,0.04394531,0.00506592,Nucleus,Nucleus
ENSP00000305557,0.30078125,0.6015625,0.41015625,0.03417969,0.32617188,0.12792969,0.00262451,0.33984375,0.44921875,0.28515625,0.01068115,Cytoplasm,Cell membrane
ENSP00000465742,0.42578125,0.6640625,0.36914062,0.05493164,0.35351562,0.1953125,0.00096893,0.21191406,0.67578125,0.31640625,0.00610352,"Cytoplasm, Lysosome/Vacuole","Cytoplasm, Cell membrane"
ENSP00000426528,0.29882812,0.72265625,0.50390625,0.02722168,0.4453125,0.16992188,0.01000977,0.15917969,0.10986328,0.09814453,0.06176758,Cytoplasm,Cell membrane
ENSP00000408536,0.07568359,0.65234375,0.70703125,0.02294922,0.08642578,0.02844238,0.00031471,0.17285156,0.04199219,0.10351562,0.00239563,"Cytoplasm, Nucleus",Nucleus
ENSP00000269856,0.18457031,0.5859375,0.51171875,0.05419922,0.23242188,0.12158203,0.01403809,0.17675781,0.38671875,0.26171875,0.00689697,Cytoplasm,"Nucleus, Golgi apparatus"
ENSP00000349803,0.03955078,0.22363281,0.828125,0.07470703,0.02124023,0.08056641,0.00044441,0.11425781,0.04345703,0.10986328,0.00141144,Nucleus,Nucleus
ENSP00000508232,0.47265625,0.45117188,0.59375,0.171875,0.32421875,0.06933594,0.01202393,0.2265625,0.17480469,0.06542969,0.01855469,"Membrane, Nucleus",Nucleus
ENSP00000404022,0.7734375,0.11572266,0.09960938,0.03320312,0.61328125,0.18554688,0.00231934,0.23925781,0.26367188,0.0402832,0.02124023,"Membrane, Cell membrane",Golgi apparatus
ENSP00000357352,0.75,0.34960938,0.17285156,0.06835938,0.8203125,0.07080078,0.00317383,0.14453125,0.42773438,0.18164062,0.02404785,"Membrane, Cell membrane",Nucleus
ENSP00000342660,0.90234375,0.18847656,0.11279297,0.04882812,0.90625,0.04882812,0.00198364,0.27148438,0.42773438,0.2578125,0.07373047,"Membrane, Cell membrane",Nucleus
ENSP00000421294,0.34375,0.578125,0.31835938,0.07177734,0.32617188,0.08398438,0.00141144,0.1328125,0.5390625,0.35742188,0.0055542,Cytoplasm,"Nucleus, Cell membrane"
ENSP00000247001,0.19238281,0.67578125,0.66796875,0.20605469,0.15625,0.15722656,0.00141144,0.08398438,0.17480469,0.28515625,0.00212097,"Cytoplasm, Nucleus",Nucleus
ENSP00000358106,0.09130859,0.57421875,0.21582031,0.61328125,0.31445312,0.12353516,0.003479,0.12988281,0.40234375,0.55859375,0.44140625,Cytoplasm,Cytoplasm
ENSP00000159647,0.93359375,0.03198242,0.11767578,0.04345703,0.8515625,0.04956055,0.01916504,0.34375,0.76953125,0.38085938,0.00159454,"Membrane, Cell membrane, Lysosome/Vacuole",Cell membrane
ENSP00000425670,0.32421875,0.7890625,0.27734375,0.17773438,0.5625,0.22363281,0.03564453,0.12597656,0.10253906,0.67578125,0.04394531,"Cytoplasm, Cell membrane, Golgi apparatus","Cytoplasm, Cell membrane, Endoplasmic reticulum"
ENSP00000442992,0.11572266,0.45898438,0.76953125,0.02368164,0.02062988,0.14453125,0.02294922,0.23242188,0.09130859,0.14746094,0.07568359,Nucleus,"Cytoplasm, Cell membrane"
ENSP00000302879,0.46484375,0.59375,0.37304688,0.07714844,0.59765625,0.19042969,0.0559082,0.47460938,0.16894531,0.30664062,0.0324707,"Membrane, Cytoplasm, Cell membrane","Cytoplasm, Cell membrane"
ENSP00000498317,0.1953125,0.21191406,0.20410156,0.06640625,0.06347656,0.94140625,0.04467773,0.05664062,0.0534668,0.06933594,0.09814453,Mitochondrion,Mitochondrion
ENSP00000341247,0.13183594,0.671875,0.4921875,0.02099609,0.10986328,0.11767578,0.0078125,0.20800781,0.171875,0.26953125,0.00370789,Cytoplasm,Cytoplasm
ENSP00000505291,0.8203125,0.5390625,0.20605469,0.01855469,0.42382812,0.03613281,0.00445557,0.3359375,0.8984375,0.66796875,0.0088501,"Membrane, Cytoplasm, Lysosome/Vacuole, Golgi apparatus","Cytoplasm, Cell membrane"
ENSP00000394609,0.5390625,0.77734375,0.31640625,0.01452637,0.63671875,0.09814453,0.0008812,0.16113281,0.35546875,0.3203125,0.00521851,"Membrane, Cytoplasm, Cell membrane",Cytoplasm
ENSP00000362442,0.28125,0.51953125,0.33203125,0.13574219,0.10107422,0.11132812,0.00159454,0.23339844,0.27539062,0.15527344,0.01000977,Cytoplasm,"Cytoplasm, Cell membrane"
ENSP00000434245,0.7734375,0.19238281,0.13183594,0.18554688,0.73828125,0.19042969,0.00650024,0.2421875,0.3046875,0.16699219,0.0279541,"Membrane, Cell membrane",Cell membrane
ENSP00000273963,0.12792969,0.69921875,0.48242188,0.04150391,0.09960938,0.06298828,0.03369141,0.16015625,0.31640625,0.25585938,0.00970459,Cytoplasm,Nucleus
ENSP00000274457,0.16113281,0.5859375,0.47070312,0.03173828,0.22851562,0.11132812,0.01544189,0.15136719,0.33984375,0.21289062,0.00262451,Cytoplasm,Nucleus
ENSP00000293771,0.03466797,0.16308594,0.9375,0.00288391,0.01696777,0.02368164,0.00628662,0.07373047,0.02368164,0.06103516,0.00360107,Nucleus,Nucleus
ENSP00000365931,0.05273438,0.25976562,0.9453125,0.03198242,0.06738281,0.07177734,0.00262451,0.02001953,0.01403809,0.06005859,0.00288391,Nucleus,Nucleus
ENSP00000262056,0.16308594,0.515625,0.3359375,0.0078125,0.16992188,0.19921875,0.00120544,0.06347656,0.20605469,0.36132812,0.00212097,Cytoplasm,Cytoplasm
ENSP00000501797,0.34375,0.77734375,0.27734375,0.17480469,0.5625,0.24511719,0.04150391,0.15039062,0.10498047,0.66015625,0.04345703,"Cytoplasm, Cell membrane","Cytoplasm, Cell membrane, Endoplasmic reticulum"
ENSP00000209884,0.20214844,0.6875,0.5,0.07177734,0.26171875,0.12597656,0.03515625,0.08056641,0.2578125,0.12255859,0.03320312,Cytoplasm,"Cytoplasm, Golgi apparatus"
ENSP00000379843,0.16992188,0.23828125,0.90625,0.00650024,0.22558594,0.07910156,0.00360107,0.06445312,0.08886719,0.03173828,0.0055542,Nucleus,Nucleus
ENSP00000497850,0.90625,0.32421875,0.09130859,0.02929688,0.68359375,0.05664062,0.00043106,0.68359375,0.47851562,0.43554688,0.01098633,"Membrane, Cell membrane, Endoplasmic reticulum",Cell membrane
ENSP00000422784,0.18945312,0.23632812,0.06738281,0.9296875,0.19433594,0.06445312,0.02197266,0.33984375,0.36328125,0.29101562,0.0018692,Extracellular,"Endoplasmic reticulum, Golgi apparatus"
ENSP00000504385,0.04956055,0.28515625,0.80078125,0.33007812,0.02478027,0.05273438,0.00830078,0.03686523,0.0088501,0.07568359,0.00036812,Nucleus,Nucleus
ENSP00000238146,0.05932617,0.12988281,0.85546875,0.12402344,0.02514648,0.08740234,0.00048828,0.07470703,0.01855469,0.08398438,0.00254822,Nucleus,Nucleus
ENSP00000361676,0.09814453,0.46679688,0.80859375,0.14550781,0.0534668,0.04956055,0.00610352,0.08496094,0.08154297,0.15429688,0.00317383,Nucleus,Nucleus
ENSP00000455982,0.06103516,0.16308594,0.9296875,0.02368164,0.0480957,0.08251953,0.0088501,0.0378418,0.04736328,0.00805664,0.01000977,Nucleus,"Nucleus, Golgi apparatus"
ENSP00000452721,0.40820312,0.65234375,0.32226562,0.06298828,0.39453125,0.13183594,0.00141144,0.24902344,0.57421875,0.26367188,0.00180817,"Cytoplasm, Lysosome/Vacuole","Cytoplasm, Cell membrane"
ENSP00000419765,0.06738281,0.08251953,0.94921875,0.21972656,0.04077148,0.0057373,0.00120544,0.02722168,0.11914062,0.10986328,0.00247192,Nucleus,Nucleus
ENSP00000500708,0.11767578,0.5859375,0.5625,0.2421875,0.04467773,0.24804688,0.00297546,0.1328125,0.18261719,0.23925781,0.00592041,"Cytoplasm, Nucleus",Nucleus
ENSP00000362238,0.1796875,0.71484375,0.515625,0.04614258,0.26953125,0.09277344,0.01135254,0.12255859,0.29101562,0.23828125,0.0078125,Cytoplasm,Golgi apparatus
ENSP00000386184,0.06738281,0.52734375,0.80078125,0.0390625,0.03735352,0.18847656,0.00096893,0.03466797,0.04541016,0.0534668,0.09960938,"Cytoplasm, Nucleus",Nucleus
ENSP00000351383,0.03735352,0.15429688,0.984375,0.0534668,0.0267334,0.00460815,0.00093842,0.078125,0.01544189,0.05664062,0.00141144,Nucleus,Nucleus
ENSP00000456908,0.13867188,0.47070312,0.6640625,0.01794434,0.08056641,0.27929688,0.0007782,0.15234375,0.15820312,0.23925781,0.0018692,"Cytoplasm, Nucleus",Mitochondrion
ENSP00000505465,0.44921875,0.49609375,0.29101562,0.04394531,0.39648438,0.21289062,0.00109863,0.3046875,0.45898438,0.11279297,0.32421875,Cytoplasm,Cytoplasm
ENSP00000338235,0.8671875,0.15722656,0.15917969,0.10253906,0.3125,0.06445312,0.003479,0.890625,0.10839844,0.25585938,0.07470703,"Membrane, Endoplasmic reticulum",Endoplasmic reticulum
ENSP00000174618,0.0559082,0.4765625,0.8671875,0.01696777,0.0378418,0.22363281,6.199e-05,0.04199219,0.078125,0.20410156,0.00521851,"Cytoplasm, Nucleus",Nucleus
ENSP00000479078,0.45703125,0.64453125,0.36132812,0.06347656,0.37890625,0.21484375,0.00132751,0.29296875,0.66796875,0.29492188,0.00592041,"Membrane, Cytoplasm, Lysosome/Vacuole","Cytoplasm, Cell membrane"
ENSP00000406144,0.45703125,0.515625,0.32617188,0.03112793,0.40234375,0.203125,0.00124359,0.31445312,0.47460938,0.12402344,0.27734375,"Membrane, Cytoplasm",Cytoplasm
ENSP00000377782,0.078125,0.15625,0.9609375,0.01452637,0.06445312,0.06835938,0.01165771,0.0267334,0.02124023,0.09423828,0.00735474,Nucleus,Nucleus
ENSP00000354034,0.5625,0.30664062,0.30664062,0.16992188,0.62109375,0.16894531,0.01696777,0.1953125,0.37304688,0.44335938,0.01245117,"Membrane, Cell membrane",Cell membrane
ENSP00000392811,0.54296875,0.30273438,0.28710938,0.46875,0.6875,0.05419922,0.01586914,0.21289062,0.30664062,0.31640625,0.00939941,"Membrane, Cell membrane",Cell membrane
ENSP00000506632,0.640625,0.38671875,0.29101562,0.15625,0.14257812,0.25,0.01135254,0.51171875,0.46679688,0.44140625,0.00735474,Membrane,"Cytoplasm, Cell membrane"
ENSP00000505154,0.21777344,0.640625,0.27148438,0.37109375,0.20800781,0.36914062,0.003479,0.16894531,0.28125,0.07568359,0.02099609,Cytoplasm,"Cytoplasm, Nucleus"
ENSP00000445021,0.9296875,0.10107422,0.03417969,0.28125,0.3125,0.04541016,0.00506592,0.84765625,0.47265625,0.921875,0.01696777,"Membrane, Endoplasmic reticulum, Golgi apparatus",Cell membrane
ENSP00000479888,0.45117188,0.6484375,0.37304688,0.05664062,0.36523438,0.18359375,0.00099945,0.21875,0.65625,0.390625,0.00805664,"Cytoplasm, Lysosome/Vacuole","Cytoplasm, Cell membrane"
ENSP00000450036,0.78515625,0.23046875,0.20214844,0.14257812,0.66796875,0.0559082,0.00041771,0.32617188,0.67578125,0.5,0.07373047,"Membrane, Cell membrane, Lysosome/Vacuole","Endoplasmic reticulum, Golgi apparatus"
ENSP00000265537,0.21777344,0.16113281,0.13671875,0.15039062,0.06005859,0.9296875,0.01916504,0.15429688,0.04956055,0.07568359,0.04345703,Mitochondrion,Mitochondrion
ENSP00000380690,0.26367188,0.65625,0.375,0.03466797,0.14941406,0.30078125,0.00132751,0.18457031,0.41015625,0.73046875,0.00668335,"Cytoplasm, Golgi apparatus",Cytoplasm
ENSP00000294409,0.04467773,0.2578125,0.9140625,0.07080078,0.04614258,0.01745605,0.00180817,0.03564453,0.01940918,0.06176758,0.0005188,Nucleus,Nucleus
ENSP00000412530,0.08398438,0.4140625,0.546875,0.00970459,0.04663086,0.140625,0.00460815,0.04345703,0.08154297,0.171875,0.00254822,Nucleus,Cytoplasm
ENSP00000307128,0.7890625,0.34765625,0.16894531,0.07080078,0.82421875,0.06103516,0.00537109,0.203125,0.5234375,0.29101562,0.03173828,"Membrane, Cell membrane",Nucleus
ENSP00000341490,0.22265625,0.25585938,0.15527344,0.90234375,0.26367188,0.10986328,0.00247192,0.22265625,0.23535156,0.34960938,0.01977539,Extracellular,Nucleus
ENSP00000354874,0.328125,0.47460938,0.49609375,0.28515625,0.19433594,0.44921875,0.04663086,0.48828125,0.19335938,0.44140625,0.25976562,Cytoplasm,Nucleus
ENSP00000408858,0.27929688,0.78515625,0.28710938,0.00628662,0.10253906,0.49414062,0.00175476,0.05834961,0.06933594,0.06347656,0.03369141,Cytoplasm,Cytoplasm
ENSP00000446410,0.23925781,0.58984375,0.40039062,0.09277344,0.265625,0.10986328,0.00317383,0.19921875,0.21191406,0.17089844,0.16796875,Cytoplasm,Cytoplasm
ENSP00000290597,0.28125,0.1953125,0.13574219,0.07080078,0.16992188,0.87890625,0.00360107,0.06640625,0.10253906,0.09423828,0.12255859,Mitochondrion,Mitochondrion
ENSP00000337816,0.578125,0.18164062,0.15722656,0.52734375,0.71484375,0.14160156,0.0007782,0.23046875,0.3046875,0.31835938,0.00970459,"Membrane, Cell membrane",Cell membrane
ENSP00000419516,0.6953125,0.15820312,0.31445312,0.08251953,0.1328125,0.46679688,0.01544189,0.7421875,0.20703125,0.44726562,0.12011719,"Membrane, Endoplasmic reticulum",Nucleus
ENSP00000364118,0.02758789,0.29492188,0.94921875,0.06738281,0.02233887,0.11132812,0.00254822,0.0078125,0.06738281,0.05493164,0.01202393,Nucleus,Nucleus
ENSP00000376826,0.40234375,0.72265625,0.25195312,0.20800781,0.33984375,0.09960938,0.00262451,0.09667969,0.22558594,0.35351562,0.02331543,Cytoplasm,"Cytoplasm, Cell membrane"
ENSP00000410707,0.11767578,0.64453125,0.59375,0.02124023,0.10107422,0.03735352,0.00047302,0.37304688,0.32421875,0.35351562,0.0008812,"Cytoplasm, Nucleus","Cytoplasm, Nucleus"
ENSP00000350469,0.31835938,0.68359375,0.53125,0.02758789,0.48632812,0.18554688,0.01098633,0.18554688,0.14355469,0.10351562,0.05932617,"Cytoplasm, Nucleus",Cell membrane
ENSP00000216190,0.23925781,0.36914062,0.4453125,0.09667969,0.05029297,0.03686523,0.01324463,0.15917969,0.07275391,0.29296875,0.00019073,None,Cytoplasm
ENSP00000426451,0.16113281,0.6640625,0.49609375,0.04345703,0.13769531,0.06835938,0.0480957,0.20800781,0.40625,0.29882812,0.01940918,Cytoplasm,Nucleus
ENSP00000260803,0.06005859,0.51953125,0.890625,0.0071106,0.04467773,0.19238281,0.01031494,0.02978516,0.04272461,0.07177734,0.0078125,"Cytoplasm, Nucleus",Nucleus
ENSP00000220751,0.4296875,0.671875,0.44921875,0.02038574,0.5390625,0.10253906,0.00218201,0.17285156,0.25976562,0.21582031,0.00970459,"Cytoplasm, Cell membrane",Cytoplasm
ENSP00000311837,0.6328125,0.546875,0.46875,0.08398438,0.68359375,0.08886719,0.0008049,0.14453125,0.35742188,0.125,0.00247192,"Membrane, Cytoplasm, Cell membrane",Cell membrane
ENSP00000427820,0.15332031,0.55859375,0.53515625,0.26171875,0.16601562,0.39453125,0.02722168,0.19921875,0.17480469,0.34375,0.04394531,"Cytoplasm, Nucleus",Nucleus
ENSP00000361667,0.87890625,0.13183594,0.16113281,0.11279297,0.18457031,0.07373047,0.00860596,0.79296875,0.640625,0.421875,0.00288391,"Membrane, Endoplasmic reticulum, Lysosome/Vacuole",Nucleus
ENSP00000377093,0.79296875,0.11914062,0.33203125,0.04345703,0.10107422,0.47460938,0.01452637,0.83984375,0.21289062,0.44921875,0.140625,"Membrane, Endoplasmic reticulum",Nucleus
ENSP00000307318,0.2265625,0.18554688,0.13671875,0.7734375,0.2109375,0.06347656,0.01586914,0.359375,0.36132812,0.25390625,0.00491333,Extracellular,Endoplasmic reticulum
ENSP00000293404,0.22265625,0.20800781,0.22949219,0.08056641,0.15039062,0.63671875,0.09960938,0.07910156,0.05737305,0.09130859,0.04077148,None,Mitochondrion
ENSP00000264639,0.296875,0.64453125,0.625,0.02893066,0.31640625,0.09423828,0.00254822,0.08642578,0.40820312,0.14746094,0.00668335,"Cytoplasm, Nucleus","Cytoplasm, Nucleus"
ENSP00000393621,0.41015625,0.72265625,0.24609375,0.2109375,0.34179688,0.10253906,0.00288391,0.09277344,0.24511719,0.34375,0.02844238,Cytoplasm,"Cytoplasm, Cell membrane"
ENSP00000498712,0.31445312,0.18847656,0.22851562,0.10693359,0.07275391,0.7421875,0.01745605,0.1953125,0.01495361,0.08056641,0.06640625,Mitochondrion,Mitochondrion
ENSP00000434192,0.18847656,0.27734375,0.21582031,0.11425781,0.08496094,0.9140625,0.02404785,0.08886719,0.05273438,0.06298828,0.28515625,Mitochondrion,Mitochondrion
ENSP00000429826,0.20898438,0.59375,0.4765625,0.32226562,0.20898438,0.2578125,0.00476074,0.37890625,0.26367188,0.265625,0.03027344,Cytoplasm,Golgi apparatus
ENSP00000366460,0.86328125,0.15527344,0.07714844,0.13769531,0.80859375,0.04394531,0.00491333,0.41015625,0.5703125,0.5625,0.03515625,"Membrane, Cell membrane, Lysosome/Vacuole",Nucleus
ENSP00000438276,0.06347656,0.4375,0.83984375,0.04663086,0.08740234,0.0378418,0.0088501,0.11425781,0.09667969,0.06738281,0.0402832,Nucleus,Nucleus
ENSP00000500467,0.04467773,0.41601562,0.83203125,0.10351562,0.04541016,0.06738281,0.00070953,0.03857422,0.01940918,0.06542969,0.00506592,Nucleus,Nucleus
ENSP00000403411,0.10839844,0.13378906,0.87109375,0.01586914,0.04467773,0.25195312,0.00231934,0.01977539,0.09423828,0.02758789,0.00159454,Nucleus,Nucleus
ENSP00000391200,0.04150391,0.203125,0.93359375,0.01635742,0.03173828,0.03063965,0.00060654,0.04150391,0.06542969,0.07714844,0.00610352,Nucleus,Nucleus
ENSP00000262366,0.05175781,0.35351562,0.84765625,0.01245117,0.02331543,0.078125,8.488e-05,0.02368164,0.23632812,0.07470703,0.00082779,Nucleus,Nucleus
ENSP00000309826,0.08154297,0.34765625,0.875,0.01135254,0.06445312,0.11425781,0.02038574,0.08056641,0.03735352,0.08154297,0.00370789,Nucleus,Nucleus
ENSP00000317445,0.28710938,0.15234375,0.11572266,0.94921875,0.29492188,0.14550781,0.00939941,0.21875,0.40039062,0.37890625,0.00650024,Extracellular,Cytoplasm
ENSP00000302993,0.03564453,0.15820312,0.984375,0.04736328,0.0255127,0.00421143,0.00106812,0.08740234,0.01586914,0.05175781,0.00141144,Nucleus,Nucleus
ENSP00000269383,0.06005859,0.7734375,0.55078125,0.01977539,0.02331543,0.09667969,2.277e-05,0.30273438,0.26367188,0.46679688,0.01031494,"Cytoplasm, Nucleus","Cytoplasm, Nucleus"
ENSP00000258385,0.91015625,0.08154297,0.12109375,0.02368164,0.91015625,0.03686523,0.00280762,0.33007812,0.34960938,0.25390625,0.02929688,"Membrane, Cell membrane",Cell membrane
ENSP00000388320,0.16992188,0.47851562,0.66015625,0.01324463,0.09960938,0.25585938,0.00064468,0.13671875,0.16210938,0.22363281,0.00170135,"Cytoplasm, Nucleus",Mitochondrion
ENSP00000257570,0.21972656,0.5234375,0.43359375,0.53125,0.25585938,0.21191406,0.00128174,0.28125,0.38671875,0.15332031,0.01977539,Cytoplasm,Cytoplasm
ENSP00000354499,0.8828125,0.05273438,0.078125,0.01324463,0.52734375,0.10986328,0.01068115,0.43164062,0.546875,0.26171875,0.01794434,"Membrane, Cell membrane",Mitochondrion
ENSP00000499031,0.12158203,0.4140625,0.84375,0.06738281,0.11572266,0.08740234,0.00020313,0.07177734,0.0255127,0.0378418,0.00254822,Nucleus,"Cytoplasm, Nucleus"
ENSP00000356991,0.859375,0.24511719,0.10253906,0.10986328,0.89453125,0.06347656,0.00159454,0.22851562,0.35742188,0.32226562,0.16308594,"Membrane, Cell membrane",Cell membrane
ENSP00000484105,0.11767578,0.55859375,0.609375,0.17089844,0.04272461,0.26757812,0.00405884,0.09960938,0.18164062,0.25585938,0.00610352,"Cytoplasm, Nucleus",Nucleus
ENSP00000366936,0.57421875,0.62890625,0.34960938,0.04199219,0.69921875,0.33203125,0.0055542,0.15332031,0.21972656,0.2734375,0.0480957,"Membrane, Cytoplasm, Cell membrane",Cytoplasm
ENSP00000353971,0.26953125,0.5234375,0.57421875,0.07470703,0.26953125,0.16699219,0.01794434,0.43945312,0.359375,0.390625,0.01068115,"Cytoplasm, Nucleus",Cytoplasm
ENSP00000339532,0.04199219,0.46484375,0.73046875,0.01135254,0.0390625,0.15625,0.14355469,0.1328125,0.04077148,0.10107422,0.00180817,Nucleus,"Cytoplasm, Nucleus"
ENSP00000401823,0.22265625,0.78515625,0.67578125,0.01202393,0.15136719,0.08398438,0.00405884,0.1875,0.12988281,0.18261719,0.04541016,"Cytoplasm, Nucleus",Cytoplasm
ENSP00000329687,0.41015625,0.6015625,0.74609375,0.00262451,0.453125,0.11279297,0.00805664,0.10351562,0.15527344,0.13476562,0.00297546,"Cytoplasm, Nucleus",Cell membrane
ENSP00000368867,0.14355469,0.14453125,0.9609375,0.00592041,0.07568359,0.11132812,0.00476074,0.04736328,0.02160645,0.125,0.02258301,Nucleus,Nucleus
ENSP00000452984,0.296875,0.75390625,0.2421875,0.09423828,0.3125,0.25585938,0.02258301,0.24804688,0.15136719,0.37109375,0.15429688,Cytoplasm,"Cytoplasm, Nucleus"
ENSP00000451621,0.15234375,0.8359375,0.85546875,0.01202393,0.07080078,0.14550781,0.00041771,0.14453125,0.24902344,0.44140625,0.01586914,"Cytoplasm, Nucleus",Nucleus
ENSP00000486501,0.06835938,0.50390625,0.80859375,0.03198242,0.078125,0.12792969,0.0008812,0.08886719,0.02404785,0.06103516,0.01361084,"Cytoplasm, Nucleus",Nucleus
ENSP00000457746,0.03063965,0.37890625,0.8984375,0.17578125,0.01696777,0.11279297,0.01635742,0.22851562,0.01916504,0.11572266,0.0022583,Nucleus,"Cytoplasm, Nucleus"
ENSP00000485289,0.078125,0.7265625,0.65234375,0.0078125,0.11767578,0.47070312,0.05102539,0.0255127,0.02404785,0.02197266,0.53515625,"Cytoplasm, Nucleus",Cytoplasm
ENSP00000355743,0.0402832,0.27539062,0.94140625,0.0279541,0.02124023,0.16210938,0.00317383,0.0402832,0.01879883,0.06933594,0.00113678,Nucleus,Nucleus
ENSP00000481873,0.34765625,0.75390625,0.36523438,0.05834961,0.37695312,0.32421875,0.00735474,0.1796875,0.37109375,0.24804688,0.00150299,Cytoplasm,Nucleus
ENSP00000384695,0.17285156,0.26953125,0.07568359,0.9140625,0.1640625,0.06347656,0.02197266,0.3671875,0.36523438,0.25585938,0.00204468,Extracellular,"Endoplasmic reticulum, Golgi apparatus"
ENSP00000274054,0.01245117,0.59765625,0.76171875,0.04272461,0.01544189,0.01794434,0.00033569,0.17578125,0.01281738,0.07373047,0.00610352,"Cytoplasm, Nucleus","Cytoplasm, Nucleus"
ENSP00000353013,0.7890625,0.23535156,0.11767578,0.26367188,0.84375,0.06640625,0.00610352,0.34570312,0.39257812,0.46875,0.08251953,"Membrane, Cell membrane",Endoplasmic reticulum
ENSP00000386297,0.16308594,0.52734375,0.23632812,0.8515625,0.13671875,0.11279297,0.00218201,0.37109375,0.35546875,0.2734375,0.39648438,"Cytoplasm, Extracellular",Cytoplasm
ENSP00000378228,0.5,0.7109375,0.3125,0.01452637,0.5,0.16308594,0.01098633,0.0324707,0.51171875,0.30859375,0.0007782,"Membrane, Cytoplasm",Golgi apparatus
ENSP00000318883,0.6015625,0.32421875,0.2109375,0.15332031,0.2890625,0.69921875,0.01361084,0.33203125,0.2890625,0.21582031,0.8671875,"Membrane, Mitochondrion, Peroxisome",Mitochondrion
ENSP00000484345,0.48632812,0.66796875,0.40820312,0.03857422,0.359375,0.20898438,0.00393677,0.296875,0.578125,0.3203125,0.00628662,"Membrane, Cytoplasm, Lysosome/Vacuole","Cytoplasm, Cell membrane"
ENSP00000355866,0.18359375,0.640625,0.5703125,0.01831055,0.3828125,0.10693359,0.00154877,0.125,0.11132812,0.11425781,0.00405884,"Cytoplasm, Nucleus","Cytoplasm, Nucleus"
ENSP00000403974,0.09521484,0.46289062,0.81640625,0.1640625,0.0480957,0.05493164,0.01068115,0.09033203,0.09277344,0.19238281,0.00175476,Nucleus,Nucleus
ENSP00000366450,0.86328125,0.15625,0.07568359,0.13867188,0.80078125,0.04345703,0.00628662,0.43359375,0.578125,0.578125,0.03466797,"Membrane, Cell membrane, Lysosome/Vacuole",Nucleus
ENSP00000413029,0.15136719,0.37304688,0.30664062,0.625,0.13671875,0.12792969,0.17285156,0.26367188,0.27734375,0.39648438,0.10253906,None,Nucleus
ENSP00000395942,0.296875,0.5703125,0.46875,0.0534668,0.20800781,0.07373047,0.00476074,0.1640625,0.1484375,0.5390625,0.01245117,Cytoplasm,Golgi apparatus
ENSP00000414379,0.54296875,0.78515625,0.49023438,0.00317383,0.35351562,0.23046875,0.02478027,0.10253906,0.10693359,0.06933594,0.01000977,"Membrane, Cytoplasm",Cytoplasm
ENSP00000484162,0.16308594,0.4921875,0.73828125,0.02978516,0.2109375,0.24511719,0.00247192,0.23535156,0.07373047,0.19921875,0.08251953,"Cytoplasm, Nucleus",Nucleus
ENSP00000355427,0.03857422,0.19824219,0.9296875,0.01745605,0.02929688,0.03063965,0.00064468,0.03686523,0.06103516,0.07910156,0.00491333,Nucleus,Nucleus
ENSP00000311318,0.20019531,0.59375,0.6875,0.06347656,0.07373047,0.16699219,0.00043106,0.30078125,0.32421875,0.65625,0.01452637,"Cytoplasm, Nucleus",Mitochondrion
ENSP00000263102,0.16894531,0.68359375,0.54296875,0.02099609,0.17480469,0.18945312,0.00091171,0.10986328,0.29101562,0.16601562,0.00393677,"Cytoplasm, Nucleus",Cytoplasm
ENSP00000388173,0.08154297,0.25195312,0.95703125,0.08740234,0.12402344,0.03613281,0.00024605,0.01403809,0.01855469,0.03466797,0.00668335,Nucleus,Nucleus
ENSP00000346196,0.24121094,0.2578125,0.21972656,0.04663086,0.10253906,0.8671875,0.00476074,0.08496094,0.02722168,0.11132812,0.03063965,Mitochondrion,Mitochondrion
ENSP00000503886,0.07910156,0.70703125,0.72265625,0.00735474,0.04663086,0.02124023,0.00066757,0.39453125,0.32421875,0.20214844,0.00091171,"Cytoplasm, Nucleus","Cytoplasm, Nucleus"
ENSP00000356046,0.3125,0.80859375,0.34570312,0.01696777,0.3828125,0.17871094,0.0007782,0.09667969,0.3984375,0.1484375,0.01745605,Cytoplasm,Nucleus
ENSP00000481304,0.48046875,0.484375,0.54296875,0.01586914,0.24511719,0.328125,0.00170135,0.44140625,0.30664062,0.7109375,0.07177734,"Membrane, Cytoplasm, Nucleus, Golgi apparatus",Nucleus
ENSP00000358932,0.46679688,0.43164062,0.34765625,0.24511719,0.18945312,0.42578125,0.01324463,0.43945312,0.23925781,0.30273438,0.39257812,Membrane,Nucleus
ENSP00000311486,0.33984375,0.56640625,0.48828125,0.11425781,0.33789062,0.30664062,0.00521851,0.26953125,0.37695312,0.30859375,0.06103516,Cytoplasm,Lysosome/Vacuole
ENSP00000489696,0.19433594,0.5859375,0.6328125,0.0378418,0.17773438,0.23046875,0.0324707,0.05273438,0.05834961,0.0324707,0.18164062,"Cytoplasm, Nucleus",Cytoplasm
ENSP00000403044,0.20703125,0.67578125,0.21484375,0.01031494,0.08056641,0.2578125,0.00041771,0.14453125,0.19433594,0.2734375,0.00405884,Cytoplasm,Nucleus
ENSP00000497587,0.31835938,0.18457031,0.16699219,0.02636719,0.15917969,0.9296875,0.0534668,0.05102539,0.07177734,0.09667969,0.10253906,Mitochondrion,Mitochondrion
ENSP00000357484,0.33789062,0.60546875,0.51953125,0.01245117,0.375,0.10693359,0.00231934,0.19726562,0.25195312,0.1953125,0.003479,Cytoplasm,Golgi apparatus
ENSP00000333049,0.31835938,0.7109375,0.58984375,0.10498047,0.31054688,0.15332031,0.00288391,0.04467773,0.27148438,0.34570312,0.01165771,"Cytoplasm, Nucleus","Cytoplasm, Nucleus"
ENSP00000477967,0.58203125,0.296875,0.28320312,0.16894531,0.27734375,0.70703125,0.00756836,0.375,0.14746094,0.20214844,0.8984375,"Membrane, Mitochondrion, Peroxisome",Mitochondrion
ENSP00000354961,0.7578125,0.12792969,0.421875,0.02929688,0.34570312,0.18554688,0.0279541,0.81640625,0.0390625,0.01696777,0.01098633,"Membrane, Endoplasmic reticulum",Mitochondrion
ENSP00000339530,0.10253906,0.26171875,0.81640625,0.09033203,0.15429688,0.03955078,0.00031471,0.20703125,0.08154297,0.09423828,0.00460815,Nucleus,Nucleus
ENSP00000275227,0.80078125,0.15332031,0.10107422,0.06005859,0.55078125,0.05737305,0.00021648,0.34179688,0.7578125,0.4296875,0.01977539,"Membrane, Cell membrane, Lysosome/Vacuole",Cytoplasm
ENSP00000433771,0.29492188,0.8359375,0.37109375,0.01135254,0.3359375,0.17675781,0.00132751,0.10253906,0.375,0.15917969,0.01635742,Cytoplasm,Nucleus
ENSP00000497847,0.19238281,0.7578125,0.41601562,0.04467773,0.30273438,0.2421875,0.01544189,0.22949219,0.42773438,0.43554688,0.0559082,Cytoplasm,Cytoplasm
ENSP00000438460,0.15625,0.23535156,0.71484375,0.20605469,0.28710938,0.22949219,0.00031471,0.10498047,0.26757812,0.11767578,0.97265625,"Nucleus, Peroxisome",Nucleus
ENSP00000268379,0.33203125,0.18847656,0.07177734,0.08496094,0.09277344,0.86328125,0.11425781,0.05834961,0.10107422,0.10351562,0.078125,Mitochondrion,Mitochondrion
ENSP00000503453,0.19042969,0.27734375,0.7890625,0.20410156,0.06542969,0.12402344,0.00445557,0.31445312,0.2734375,0.08251953,0.01977539,Nucleus,Nucleus
ENSP00000379285,0.28125,0.15917969,0.14160156,0.06640625,0.12109375,0.92578125,0.09033203,0.12255859,0.04467773,0.05834961,0.06835938,Mitochondrion,Mitochondrion
ENSP00000357914,0.04467773,0.21582031,0.95703125,0.16894531,0.0378418,0.01977539,0.00073242,0.04272461,0.01544189,0.02929688,0.0008812,Nucleus,Nucleus
ENSP00000333779,0.80078125,0.19726562,0.11572266,0.08398438,0.7265625,0.11425781,0.01000977,0.26367188,0.59375,0.32226562,0.12890625,"Membrane, Cell membrane, Lysosome/Vacuole",Cell membrane
ENSP00000397759,0.5625,0.73828125,0.3046875,0.01696777,0.36328125,0.11914062,0.0005188,0.453125,0.43554688,0.64453125,0.01098633,"Membrane, Cytoplasm",Golgi apparatus
ENSP00000307260,0.67578125,0.21484375,0.30078125,0.08251953,0.11767578,0.15820312,0.0088501,0.84375,0.23242188,0.26367188,0.11279297,"Membrane, Endoplasmic reticulum",Cytoplasm
ENSP00000423712,0.12988281,0.49414062,0.54296875,0.01879883,0.0402832,0.0559082,0.00019073,0.05029297,0.08154297,0.05102539,0.00280762,"Cytoplasm, Nucleus","Cytoplasm, Cell membrane"
ENSP00000380142,0.21777344,0.51171875,0.66796875,0.01544189,0.11572266,0.20703125,0.00521851,0.18261719,0.22363281,0.09130859,0.02441406,"Cytoplasm, Nucleus",Nucleus
ENSP00000490739,0.29492188,0.60546875,0.47070312,0.76171875,0.21875,0.14355469,0.00756836,0.08056641,0.24902344,0.15039062,0.359375,"Cytoplasm, Extracellular","Cytoplasm, Nucleus, Cell membrane"
ENSP00000429947,0.33984375,0.73046875,0.4765625,0.01281738,0.33789062,0.28710938,0.0378418,0.40625,0.20703125,0.32421875,0.01635742,Cytoplasm,Cytoplasm
ENSP00000276603,0.20898438,0.29296875,0.8359375,0.07080078,0.04736328,0.10986328,0.00476074,0.21289062,0.23339844,0.10351562,0.0078125,Nucleus,Nucleus
ENSP00000383919,0.27929688,0.83203125,0.43164062,0.04956055,0.46679688,0.05493164,0.00041771,0.06835938,0.25976562,0.2265625,0.00628662,Cytoplasm,"Cytoplasm, Nucleus"
ENSP00000497692,0.33007812,0.5078125,0.38085938,0.08398438,0.22265625,0.25976562,0.0071106,0.5,0.55078125,0.55078125,0.00592041,Cytoplasm,Nucleus
ENSP00000438154,0.15722656,0.6484375,0.5234375,0.14746094,0.2265625,0.08398438,0.00915527,0.14453125,0.17285156,0.05175781,0.00650024,Cytoplasm,"Cytoplasm, Nucleus"
ENSP00000408854,0.10986328,0.609375,0.57421875,0.04956055,0.09814453,0.08154297,0.08496094,0.13867188,0.27734375,0.16992188,0.01452637,"Cytoplasm, Nucleus",Nucleus
ENSP00000254928,0.18359375,0.19726562,0.22167969,0.04199219,0.06738281,0.9140625,0.01098633,0.08251953,0.05175781,0.10253906,0.12597656,Mitochondrion,"Cytoplasm, Mitochondrion"
ENSP00000376597,0.31054688,0.28515625,0.7578125,0.04614258,0.08251953,0.15234375,0.00247192,0.10351562,0.69140625,0.24804688,0.00099945,"Nucleus, Lysosome/Vacuole",Nucleus
ENSP00000275072,0.16699219,0.7265625,0.2890625,0.515625,0.296875,0.08740234,0.00735474,0.31640625,0.32226562,0.11132812,0.2109375,Cytoplasm,Nucleus
ENSP00000476746,0.07177734,0.31054688,0.84765625,0.06176758,0.0480957,0.04736328,0.00393677,0.12353516,0.08398438,0.06445312,0.01635742,Nucleus,Nucleus
ENSP00000248450,0.04394531,0.671875,0.87109375,0.00337219,0.06933594,0.0534668,0.00073242,0.02929688,0.05102539,0.03198242,0.01855469,"Cytoplasm, Nucleus",Cytoplasm
ENSP00000435375,0.06298828,0.34765625,0.84375,0.05834961,0.01281738,0.12011719,0.00029564,0.11132812,0.03063965,0.06738281,0.00735474,Nucleus,Nucleus
ENSP00000483972,0.18261719,0.66015625,0.359375,0.08251953,0.12011719,0.42382812,0.00271606,0.12158203,0.1328125,0.28320312,0.04663086,Cytoplasm,Nucleus
ENSP00000417207,0.11425781,0.23046875,0.859375,0.00150299,0.19726562,0.03112793,0.00247192,0.01977539,0.11572266,0.03173828,0.02258301,Nucleus,Nucleus
ENSP00000432878,0.48242188,0.58203125,0.33789062,0.14257812,0.52734375,0.4921875,0.09423828,0.25195312,0.14160156,0.64453125,0.04345703,"Membrane, Cytoplasm, Cell membrane","Cytoplasm, Cell membrane, Endoplasmic reticulum"
ENSP00000355814,0.18945312,0.625,0.44726562,0.06933594,0.20800781,0.33007812,0.01403809,0.19726562,0.078125,0.12695312,0.10253906,Cytoplasm,Cytoplasm
ENSP00000302321,0.37890625,0.19824219,0.10107422,0.03515625,0.23535156,0.9453125,0.00860596,0.09130859,0.06835938,0.1796875,0.05419922,Mitochondrion,Mitochondrion
ENSP00000414103,0.5703125,0.55078125,0.33984375,0.15332031,0.30078125,0.31445312,0.01586914,0.828125,0.41796875,0.59765625,0.07470703,"Membrane, Cytoplasm, Endoplasmic reticulum",Golgi apparatus
ENSP00000367483,0.22949219,0.3203125,0.20898438,0.765625,0.31054688,0.13085938,0.02124023,0.34375,0.21875,0.20019531,0.04199219,Extracellular,Nucleus
ENSP00000331927,0.08740234,0.22265625,0.6640625,0.02233887,0.06835938,0.11279297,0.00145721,0.02258301,0.0480957,0.02368164,0.02258301,Nucleus,Nucleus
ENSP00000507848,0.3671875,0.62109375,0.44726562,0.01452637,0.29101562,0.07177734,0.00045776,0.12988281,0.38671875,0.18554688,0.00421143,Cytoplasm,"Cytoplasm, Nucleus, Cell membrane"
ENSP00000369361,0.14355469,0.7109375,0.28320312,0.09960938,0.20410156,0.19238281,0.0008049,0.05273438,0.10839844,0.27539062,0.00460815,Cytoplasm,Cytoplasm
ENSP00000326194,0.16113281,0.65234375,0.8046875,0.02001953,0.0279541,0.20898438,0.00204468,0.39453125,0.05834961,0.33203125,0.05419922,"Cytoplasm, Nucleus",Nucleus
ENSP00000252115,0.04956055,0.453125,0.76953125,0.03857422,0.06005859,0.07275391,0.00141144,0.02258301,0.04956055,0.06103516,0.00239563,Nucleus,"Cytoplasm, Nucleus"
ENSP00000357881,0.06347656,0.3203125,0.83984375,0.0324707,0.03320312,0.05664062,0.00915527,0.03027344,0.05175781,0.0534668,0.00970459,Nucleus,"Cytoplasm, Nucleus, Cell membrane"
ENSP00000386502,0.21484375,0.5078125,0.515625,0.08251953,0.26367188,0.33398438,0.0088501,0.06738281,0.25585938,0.08056641,0.00066757,Cytoplasm,Nucleus
ENSP00000401820,0.18164062,0.23242188,0.06542969,0.9140625,0.16992188,0.05932617,0.01831055,0.35546875,0.40234375,0.27539062,0.00204468,Extracellular,"Endoplasmic reticulum, Golgi apparatus"
ENSP00000440875,0.84765625,0.22167969,0.09277344,0.21972656,0.859375,0.14648438,0.00159454,0.2421875,0.515625,0.546875,0.04663086,"Membrane, Cell membrane",Golgi apparatus
ENSP00000445928,0.12158203,0.34960938,0.70703125,0.29296875,0.11425781,0.2578125,0.00628662,0.16308594,0.08154297,0.15039062,0.04150391,Nucleus,Nucleus
ENSP00000497268,0.07470703,0.62890625,0.70703125,0.04150391,0.06005859,0.08056641,0.04736328,0.06347656,0.19824219,0.14941406,0.03112793,"Cytoplasm, Nucleus",Nucleus
ENSP00000368686,0.19335938,0.5859375,0.859375,0.0078125,0.23339844,0.21582031,0.00017929,0.02038574,0.11279297,0.16113281,0.21484375,"Cytoplasm, Nucleus",Nucleus
ENSP00000385020,0.5703125,0.58984375,0.51171875,0.10351562,0.6015625,0.09521484,0.00099945,0.09130859,0.40625,0.13574219,0.00262451,"Membrane, Cytoplasm, Cell membrane",Cell membrane
ENSP00000358300,0.03613281,0.27734375,0.84375,0.22363281,0.01916504,0.09667969,0.00136566,0.05737305,0.03320312,0.06176758,0.00337219,Nucleus,Nucleus
ENSP00000470652,0.83984375,0.04541016,0.25195312,0.0267334,0.19824219,0.1953125,0.00034523,0.84765625,0.25976562,0.796875,0.19824219,"Membrane, Endoplasmic reticulum, Golgi apparatus",Golgi apparatus
ENSP00000283921,0.04394531,0.24121094,0.90234375,0.01544189,0.04199219,0.03955078,0.00337219,0.0267334,0.04077148,0.06005859,0.01324463,Nucleus,Nucleus
ENSP00000286234,0.64453125,0.54296875,0.31054688,0.12011719,0.5234375,0.1796875,0.01000977,0.22851562,0.43945312,0.46289062,0.00521851,"Membrane, Cytoplasm","Nucleus, Mitochondrion"
ENSP00000445690,0.38085938,0.6875,0.4296875,0.06738281,0.296875,0.17773438,0.01324463,0.37109375,0.31835938,0.5390625,0.00370789,Cytoplasm,Golgi apparatus
ENSP00000393333,0.875,0.21582031,0.06176758,0.03369141,0.82421875,0.15136719,0.01135254,0.40625,0.33984375,0.296875,0.01245117,"Membrane, Cell membrane",Cell membrane
ENSP00000228741,0.02441406,0.2890625,0.97265625,0.10253906,0.01879883,0.02441406,0.00175476,0.12792969,0.01361084,0.02099609,0.03173828,Nucleus,Nucleus
ENSP00000446242,0.41796875,0.36328125,0.42773438,0.19824219,0.23925781,0.64453125,0.00830078,0.31054688,0.26757812,0.38085938,0.31835938,Mitochondrion,Mitochondrion
ENSP00000357442,0.07568359,0.45703125,0.86328125,0.01324463,0.04272461,0.06542969,0.02038574,0.08740234,0.02258301,0.08154297,0.00109863,Nucleus,Nucleus
ENSP00000502176,0.23632812,0.24902344,0.13867188,0.09960938,0.12011719,0.90625,0.171875,0.05102539,0.05737305,0.15429688,0.01324463,Mitochondrion,Mitochondrion
ENSP00000388506,0.14257812,0.21777344,0.77734375,0.04956055,0.09423828,0.04882812,0.00247192,0.05932617,0.08886719,0.3203125,0.00048828,Nucleus,Nucleus
ENSP00000296839,0.0534668,0.30859375,0.859375,0.00689697,0.05273438,0.08056641,0.00037956,0.01977539,0.02978516,0.03417969,0.00756836,Nucleus,Nucleus
ENSP00000273588,0.16796875,0.26367188,0.19726562,0.06298828,0.11572266,0.9140625,0.00592041,0.06005859,0.06176758,0.08251953,0.06835938,Mitochondrion,Mitochondrion
ENSP00000388357,0.05834961,0.31445312,0.890625,0.14648438,0.03857422,0.05737305,0.00805664,0.02929688,0.01452637,0.06835938,0.00085449,Nucleus,Nucleus
ENSP00000387729,0.09130859,0.84375,0.62890625,0.08154297,0.05273438,0.02636719,0.0071106,0.14648438,0.15234375,0.19824219,0.0057373,"Cytoplasm, Nucleus","Cytoplasm, Cell membrane"
ENSP00000381461,0.20214844,0.55859375,0.41601562,0.08154297,0.10107422,0.08740234,0.01879883,0.11914062,0.37304688,0.33398438,0.01281738,Cytoplasm,Nucleus
ENSP00000315587,0.05737305,0.27929688,0.875,0.0390625,0.02038574,0.11132812,0.00093842,0.05102539,0.02844238,0.09960938,0.00041771,Nucleus,Nucleus
ENSP00000358033,0.28125,0.19921875,0.13574219,0.04541016,0.09423828,0.84765625,0.07910156,0.06298828,0.05664062,0.09277344,0.0559082,Mitochondrion,Cytoplasm
ENSP00000426560,0.03466797,0.28125,0.765625,0.31835938,0.01031494,0.20410156,0.00506592,0.11279297,0.02441406,0.08496094,0.16699219,Nucleus,Nucleus
ENSP00000483421,0.18945312,0.22558594,0.06347656,0.921875,0.17578125,0.06542969,0.01635742,0.35742188,0.37695312,0.26953125,0.00128174,Extracellular,"Endoplasmic reticulum, Golgi apparatus"
ENSP00000438521,0.49804688,0.578125,0.3671875,0.03735352,0.5078125,0.25,0.01831055,0.21875,0.5234375,0.453125,0.01403809,"Membrane, Cytoplasm","Cytoplasm, Nucleus"
ENSP00000420269,0.17773438,0.35351562,0.14550781,0.11914062,0.10253906,0.5703125,0.49414062,0.06445312,0.03112793,0.07080078,0.20019531,None,Cytoplasm
ENSP00000340883,0.09423828,0.52734375,0.91796875,0.13867188,0.07080078,0.02233887,0.00093842,0.07177734,0.15527344,0.10107422,0.00120544,"Cytoplasm, Nucleus",Nucleus
ENSP00000422951,0.20605469,0.58984375,0.7578125,0.03613281,0.203125,0.20703125,0.0559082,0.0480957,0.02160645,0.140625,0.00689697,"Cytoplasm, Nucleus","Cytoplasm, Cell membrane, Endoplasmic reticulum"
ENSP00000445481,0.39453125,0.58984375,0.50390625,0.16601562,0.35351562,0.33203125,0.00628662,0.2421875,0.51171875,0.34960938,0.0324707,Cytoplasm,Lysosome/Vacuole
ENSP00000504470,0.20703125,0.28125,0.83984375,0.05175781,0.04272461,0.12255859,0.00830078,0.20800781,0.20019531,0.08886719,0.00915527,Nucleus,Nucleus
ENSP00000408963,0.01696777,0.57421875,0.7421875,0.04077148,0.01696777,0.02514648,0.00066757,0.22851562,0.01165771,0.05932617,0.01745605,"Cytoplasm, Nucleus","Cytoplasm, Nucleus"
ENSP00000399234,0.19433594,0.55078125,0.73046875,0.02893066,0.171875,0.06347656,0.00506592,0.23242188,0.0390625,0.15429688,0.00628662,"Cytoplasm, Nucleus","Cytoplasm, Nucleus"
ENSP00000317437,0.21582031,0.6328125,0.546875,0.0279541,0.17773438,0.23925781,0.01495361,0.25976562,0.484375,0.30664062,0.01452637,"Cytoplasm, Nucleus","Endoplasmic reticulum, Golgi apparatus"
ENSP00000479512,0.24902344,0.5078125,0.47851562,0.5703125,0.31835938,0.22265625,0.00109863,0.21777344,0.33984375,0.12109375,0.04150391,Cytoplasm,Cytoplasm
ENSP00000246115,0.87109375,0.21875,0.09033203,0.02929688,0.90234375,0.10107422,0.00328064,0.24511719,0.33789062,0.13574219,0.04150391,"Membrane, Cell membrane",Mitochondrion
ENSP00000437207,0.30273438,0.6640625,0.37109375,0.33203125,0.6484375,0.0559082,0.00175476,0.24804688,0.12011719,0.24121094,0.00915527,"Cytoplasm, Cell membrane","Nucleus, Cell membrane"
ENSP00000351040,0.10986328,0.5078125,0.75,0.11914062,0.15625,0.15429688,0.00317383,0.15625,0.11767578,0.06835938,0.05932617,"Cytoplasm, Nucleus",Nucleus
ENSP00000318575,0.17578125,0.74609375,0.29101562,0.01977539,0.15722656,0.1328125,0.01403809,0.08251953,0.20019531,0.09423828,0.06103516,Cytoplasm,Cytoplasm
ENSP00000485288,0.14257812,0.65625,0.734375,0.0088501,0.14257812,0.44726562,0.0255127,0.04345703,0.08154297,0.02478027,0.3515625,"Cytoplasm, Nucleus",Cytoplasm
ENSP00000471403,0.06347656,0.296875,0.85546875,0.05834961,0.04345703,0.16601562,0.00337219,0.14941406,0.0378418,0.08496094,0.01544189,Nucleus,"Nucleus, Cell membrane"
ENSP00000386738,0.08251953,0.81640625,0.73828125,0.03320312,0.07373047,0.07470703,0.00154877,0.05493164,0.08251953,0.02197266,0.01940918,"Cytoplasm, Nucleus",Cytoplasm
ENSP00000320431,0.5546875,0.24902344,0.23925781,0.5234375,0.07568359,0.12695312,0.00193024,0.46679688,0.13183594,0.7578125,0.01745605,"Membrane, Golgi apparatus",Golgi apparatus
ENSP00000260563,0.18359375,0.4453125,0.67578125,0.16601562,0.12695312,0.39648438,0.00328064,0.09130859,0.08056641,0.03515625,0.00521851,Nucleus,Nucleus
ENSP00000401014,0.09277344,0.4140625,0.79296875,0.0390625,0.13378906,0.0534668,0.02636719,0.04199219,0.02600098,0.01281738,0.01940918,Nucleus,Nucleus
ENSP00000243082,0.21777344,0.4296875,0.734375,0.15332031,0.23535156,0.21875,0.00491333,0.2734375,0.09130859,0.13867188,0.0378418,Nucleus,Nucleus
ENSP00000266544,0.34960938,0.21875,0.10351562,0.03686523,0.15332031,0.890625,0.28710938,0.078125,0.08642578,0.09423828,0.01794434,Mitochondrion,Mitochondrion
ENSP00000452454,0.15332031,0.546875,0.6796875,0.01068115,0.10693359,0.078125,0.00058746,0.10498047,0.13867188,0.08251953,0.0057373,"Cytoplasm, Nucleus",Nucleus
ENSP00000426083,0.10839844,0.74609375,0.37109375,0.13867188,0.20605469,0.31054688,0.09960938,0.04956055,0.04150391,0.10253906,0.01879883,Cytoplasm,"Cytoplasm, Cell membrane"
ENSP00000359095,0.0255127,0.41796875,0.80859375,0.10107422,0.05102539,0.34179688,0.00150299,0.02758789,0.02441406,0.09130859,0.00650024,Nucleus,Nucleus
ENSP00000405752,0.6015625,0.703125,0.29101562,0.01202393,0.3359375,0.15234375,0.00029564,0.4921875,0.3359375,0.6484375,0.00939941,"Membrane, Cytoplasm",Golgi apparatus
ENSP00000459933,0.15039062,0.57421875,0.5625,0.13671875,0.0480957,0.21777344,0.00756836,0.8046875,0.21582031,0.15039062,0.00360107,"Cytoplasm, Nucleus, Endoplasmic reticulum",Nucleus
ENSP00000379284,0.28710938,0.51953125,0.21289062,0.04614258,0.3125,0.15429688,0.02636719,0.17871094,0.11572266,0.12597656,0.01031494,Cytoplasm,Mitochondrion
ENSP00000335060,0.34960938,0.7421875,0.10498047,0.12402344,0.21484375,0.78125,0.0011673,0.171875,0.43164062,0.640625,0.25390625,"Cytoplasm, Mitochondrion",Mitochondrion
ENSP00000357215,0.06347656,0.24804688,0.83203125,0.13769531,0.07275391,0.0057373,0.00070953,0.0534668,0.0279541,0.20019531,0.00239563,Nucleus,Nucleus
ENSP00000313822,0.04541016,0.36914062,0.859375,0.02978516,0.01281738,0.07373047,0.00128174,0.02258301,0.02600098,0.11572266,0.00170135,Nucleus,Nucleus
ENSP00000483921,0.12695312,0.44335938,0.75,0.0011673,0.10986328,0.14648438,0.00650024,0.0267334,0.13574219,0.12255859,0.2734375,Nucleus,Nucleus
ENSP00000430121,0.19042969,0.53125,0.703125,0.13378906,0.203125,0.0480957,0.01098633,0.22558594,0.1796875,0.08251953,0.09667969,"Cytoplasm, Nucleus",Nucleus
ENSP00000342699,0.11572266,0.78515625,0.45117188,0.10693359,0.05273438,0.10839844,0.00015831,0.09521484,0.23046875,0.23535156,0.00970459,Cytoplasm,"Cytoplasm, Nucleus"
ENSP00000265732,0.03320312,0.41796875,0.89453125,0.0402832,0.04150391,0.0378418,0.00060654,0.07275391,0.01916504,0.05419922,0.00254822,Nucleus,Nucleus
ENSP00000274031,0.04663086,0.5703125,0.79296875,0.02233887,0.01879883,0.06445312,0.04956055,0.13476562,0.07080078,0.04394531,0.01879883,"Cytoplasm, Nucleus",Nucleus
ENSP00000370532,0.03686523,0.27734375,0.890625,0.00970459,0.04345703,0.05664062,0.00308228,0.05102539,0.03198242,0.03613281,0.0022583,Nucleus,Nucleus
ENSP00000493763,0.12988281,0.6640625,0.11132812,0.05029297,0.0078125,0.13378906,0.00521851,0.62890625,0.84375,0.35742188,0.140625,"Cytoplasm, Endoplasmic reticulum, Lysosome/Vacuole",Nucleus
ENSP00000427300,0.07373047,0.5078125,0.7265625,0.10107422,0.01855469,0.22949219,0.05102539,0.23242188,0.05175781,0.05493164,0.00650024,"Cytoplasm, Nucleus",Nucleus
ENSP00000339524,0.02722168,0.35546875,0.90625,0.02441406,0.01495361,0.15332031,0.00939941,0.12011719,0.03369141,0.02978516,0.0279541,Nucleus,Nucleus
ENSP00000480216,0.10693359,0.62109375,0.65234375,0.02478027,0.08642578,0.29882812,0.00830078,0.09033203,0.18847656,0.19921875,0.00860596,"Cytoplasm, Nucleus","Cytoplasm, Nucleus"
ENSP00000431778,0.04199219,0.28515625,0.88671875,0.04541016,0.01794434,0.08398438,0.00099945,0.03417969,0.02197266,0.08251953,0.00041771,Nucleus,Nucleus
ENSP00000449746,0.11132812,0.45117188,0.515625,0.01635742,0.10107422,0.1875,0.00145721,0.05029297,0.13964844,0.1953125,0.00328064,None,Cytoplasm
ENSP00000410603,0.359375,0.44140625,0.63671875,0.02722168,0.49023438,0.23535156,0.00337219,0.13183594,0.34765625,0.33789062,0.0055542,Nucleus,"Cytoplasm, Nucleus"
ENSP00000385529,0.51171875,0.5078125,0.41601562,0.0071106,0.58984375,0.31054688,0.00650024,0.08642578,0.265625,0.39257812,0.08154297,"Membrane, Cytoplasm, Cell membrane",Cytoplasm
ENSP00000413963,0.24316406,0.59765625,0.640625,0.3671875,0.18164062,0.14453125,0.03198242,0.05029297,0.1953125,0.09277344,0.47265625,"Cytoplasm, Nucleus",Cytoplasm
ENSP00000369411,0.29296875,0.49609375,0.40234375,0.01586914,0.10839844,0.515625,0.01696777,0.32421875,0.05664062,0.16210938,0.03173828,Cytoplasm,Nucleus
ENSP00000355979,0.02404785,0.41992188,0.90625,0.07275391,0.05932617,0.04956055,0.00970459,0.02758789,0.06347656,0.01635742,0.01361084,Nucleus,Nucleus
ENSP00000503956,0.37304688,0.18847656,0.09033203,0.02844238,0.22558594,0.94140625,0.00970459,0.07177734,0.06835938,0.16308594,0.0402832,Mitochondrion,Mitochondrion
ENSP00000489856,0.16796875,0.24902344,0.20019531,0.06347656,0.10839844,0.91796875,0.00506592,0.06542969,0.05834961,0.07714844,0.06542969,Mitochondrion,Mitochondrion
ENSP00000438158,0.16308594,0.62890625,0.60546875,0.24511719,0.10498047,0.359375,0.22167969,0.09667969,0.11425781,0.12988281,0.02160645,"Cytoplasm, Nucleus",Cytoplasm
ENSP00000362685,0.09277344,0.69921875,0.63671875,0.07373047,0.09277344,0.17089844,0.02441406,0.14160156,0.23339844,0.16894531,0.04394531,"Cytoplasm, Nucleus",Nucleus
ENSP00000502859,0.6796875,0.29492188,0.15820312,0.24609375,0.26367188,0.60546875,0.17089844,0.40625,0.14160156,0.20605469,0.23925781,Membrane,Mitochondrion
ENSP00000299163,0.06445312,0.57421875,0.50390625,0.15332031,0.06542969,0.1484375,0.04077148,0.19238281,0.07470703,0.25976562,0.00393677,Cytoplasm,"Cytoplasm, Nucleus"
ENSP00000489758,0.17089844,0.4453125,0.20019531,0.03686523,0.15527344,0.83984375,0.03613281,0.07470703,0.05175781,0.05737305,0.15136719,Mitochondrion,Mitochondrion
ENSP00000453463,0.04882812,0.17578125,0.93359375,0.19042969,0.02636719,0.03735352,0.00096893,0.02929688,0.02038574,0.0534668,0.00085449,Nucleus,Nucleus
ENSP00000345702,0.04882812,0.375,0.828125,0.04150391,0.01696777,0.03173828,0.00024605,0.18554688,0.02331543,0.13574219,0.00091171,Nucleus,Nucleus
ENSP00000303315,0.125,0.24316406,0.890625,0.01696777,0.05834961,0.16015625,0.00159454,0.04345703,0.04272461,0.09814453,0.00050354,Nucleus,Nucleus
ENSP00000463121,0.30273438,0.51953125,0.60546875,0.07080078,0.19824219,0.2578125,0.00271606,0.07373047,0.22949219,0.0480957,0.05175781,"Cytoplasm, Nucleus","Cytoplasm, Nucleus, Mitochondrion"
ENSP00000398124,0.18359375,0.578125,0.8515625,0.00628662,0.203125,0.17871094,0.00015831,0.01452637,0.13085938,0.18457031,0.20410156,"Cytoplasm, Nucleus",Nucleus
ENSP00000243878,0.15234375,0.63671875,0.2734375,0.0480957,0.15429688,0.14746094,0.00014019,0.13378906,0.31835938,0.140625,0.08886719,Cytoplasm,"Cytoplasm, Cell membrane"
ENSP00000361171,0.08251953,0.21875,0.8515625,0.04345703,0.07714844,0.02038574,0.00164795,0.06933594,0.06445312,0.06445312,0.01098633,Nucleus,Nucleus
ENSP00000403660,0.73828125,0.25976562,0.06933594,0.12988281,0.7578125,0.10351562,0.00175476,0.2734375,0.10839844,0.15820312,0.01635742,"Membrane, Cell membrane",Cell membrane
ENSP00000386280,0.51171875,0.31835938,0.41992188,0.07714844,0.21972656,0.4296875,0.00154877,0.13671875,0.08496094,0.10693359,0.26367188,Membrane,Nucleus
ENSP00000269967,0.06835938,0.71875,0.59765625,0.01031494,0.03369141,0.42773438,0.00031471,0.27734375,0.07080078,0.12988281,0.01245117,"Cytoplasm, Nucleus",Nucleus
ENSP00000357920,0.14941406,0.41992188,0.19433594,0.07080078,0.01831055,0.37304688,0.01000977,0.37890625,0.16113281,0.18359375,0.93359375,Peroxisome,Cytoplasm
ENSP00000341843,0.15527344,0.32617188,0.92578125,0.00421143,0.09423828,0.15722656,3.314e-05,0.140625,0.08886719,0.15039062,0.0255127,Nucleus,Nucleus
ENSP00000484534,0.05493164,0.359375,0.90234375,0.02124023,0.02441406,0.43554688,0.00145721,0.02258301,0.09033203,0.01495361,0.00805664,Nucleus,Nucleus
ENSP00000356974,0.30859375,0.23828125,0.17773438,0.90234375,0.44335938,0.12695312,0.00939941,0.31640625,0.23632812,0.48632812,0.04541016,Extracellular,Nucleus
ENSP00000263121,0.09130859,0.49609375,0.92578125,0.26367188,0.06298828,0.01452637,0.00058746,0.05834961,0.11914062,0.08642578,0.0005722,"Cytoplasm, Nucleus",Nucleus
ENSP00000222567,0.03564453,0.24609375,0.921875,0.10107422,0.0390625,0.01068115,0.00170135,0.13378906,0.01831055,0.05175781,0.00308228,Nucleus,Nucleus
ENSP00000204517,0.04394531,0.28515625,0.95703125,0.01586914,0.03173828,0.10107422,0.00021648,0.01794434,0.11767578,0.09033203,0.00735474,Nucleus,Nucleus
ENSP00000438800,0.90234375,0.08886719,0.02514648,0.02893066,0.87109375,0.04199219,0.00337219,0.38867188,0.41015625,0.20898438,0.00830078,"Membrane, Cell membrane",Cell membrane
ENSP00000432382,0.640625,0.76171875,0.26953125,0.01403809,0.4921875,0.11425781,0.00058746,0.40820312,0.38476562,0.5703125,0.01324463,"Membrane, Cytoplasm",Golgi apparatus
ENSP00000319739,0.15527344,0.20898438,0.31054688,0.03320312,0.15136719,0.07275391,0.00280762,0.890625,0.46289062,0.41992188,0.03417969,Endoplasmic reticulum,Endoplasmic reticulum
ENSP00000468290,0.26367188,0.5859375,0.56640625,0.21777344,0.09130859,0.4140625,0.00043106,0.38867188,0.1640625,0.62890625,0.04272461,"Cytoplasm, Nucleus",Mitochondrion
ENSP00000463424,0.30664062,0.72265625,0.49609375,0.02514648,0.23535156,0.03857422,0.00308228,0.16308594,0.11767578,0.09521484,0.04882812,Cytoplasm,Cytoplasm
ENSP00000420802,0.72265625,0.2734375,0.11572266,0.26171875,0.796875,0.07275391,0.00075531,0.34570312,0.55859375,0.2421875,0.13671875,"Membrane, Cell membrane",Cell membrane
ENSP00000360597,0.85546875,0.17871094,0.12597656,0.26757812,0.73828125,0.10498047,0.00150299,0.5546875,0.6484375,0.4765625,0.05834961,"Membrane, Cell membrane, Lysosome/Vacuole",Cell membrane
ENSP00000364119,0.12597656,0.58984375,0.7421875,0.02331543,0.11425781,0.08740234,0.01452637,0.06445312,0.05029297,0.22363281,0.0005188,"Cytoplasm, Nucleus",Endoplasmic reticulum
ENSP00000478061,0.55078125,0.68359375,0.52734375,0.01745605,0.78125,0.06445312,0.00592041,0.22851562,0.26757812,0.23046875,0.00370789,"Membrane, Cytoplasm, Cell membrane",Cell membrane
ENSP00000387119,0.22851562,0.56640625,0.49023438,0.30078125,0.23632812,0.19824219,0.01696777,0.09960938,0.28125,0.12402344,0.515625,Cytoplasm,Cytoplasm
ENSP00000362328,0.91796875,0.10839844,0.13476562,0.11425781,0.84375,0.11425781,0.00491333,0.28515625,0.73046875,0.13183594,0.0043335,"Membrane, Cell membrane, Lysosome/Vacuole",Cell membrane
ENSP00000503132,0.14160156,0.23535156,0.91015625,0.02331543,0.05664062,0.171875,0.00337219,0.05273438,0.06640625,0.22949219,0.00066757,Nucleus,Nucleus
ENSP00000469035,0.19433594,0.45898438,0.39648438,0.09277344,0.19335938,0.06103516,0.00043106,0.20019531,0.53125,0.0324707,0.97265625,Peroxisome,Golgi apparatus
ENSP00000426183,0.14648438,0.43164062,0.71484375,0.00096893,0.13671875,0.17675781,0.00393677,0.02258301,0.12988281,0.10498047,0.29882812,Nucleus,Nucleus
ENSP00000435393,0.35546875,0.515625,0.6953125,0.05737305,0.22265625,0.37890625,0.05102539,0.2265625,0.31445312,0.27539062,0.00735474,"Cytoplasm, Nucleus",Nucleus
ENSP00000332049,0.671875,0.28125,0.15527344,0.16796875,0.7734375,0.06933594,0.00247192,0.32421875,0.34179688,0.36328125,0.04077148,"Membrane, Cell membrane",Cell membrane
ENSP00000392070,0.02197266,0.24121094,0.92578125,0.07373047,0.01452637,0.21582031,0.00288391,0.06738281,0.01098633,0.05737305,0.0008812,Nucleus,Nucleus
ENSP00000468069,0.07177734,0.37109375,0.76953125,0.05737305,0.08056641,0.15136719,0.00068665,0.02600098,0.13769531,0.05102539,0.03063965,Nucleus,Nucleus
ENSP00000374550,0.12158203,0.52734375,0.73828125,0.08056641,0.12890625,0.14453125,0.02160645,0.17089844,0.14550781,0.11572266,0.26367188,"Cytoplasm, Nucleus",Cytoplasm
ENSP00000496837,0.14648438,0.515625,0.5859375,0.02478027,0.14941406,0.17578125,0.00043106,0.18261719,0.06542969,0.16894531,0.0088501,"Cytoplasm, Nucleus","Cytoplasm, Nucleus"
ENSP00000427011,0.8671875,0.2734375,0.13574219,0.07714844,0.85546875,0.03515625,0.003479,0.16992188,0.65234375,0.47070312,0.01452637,"Membrane, Cell membrane, Lysosome/Vacuole",Nucleus
ENSP00000380217,0.7734375,0.2890625,0.09814453,0.23339844,0.8359375,0.09277344,0.00068665,0.35742188,0.5703125,0.24804688,0.22265625,"Membrane, Cell membrane, Lysosome/Vacuole",Cell membrane
ENSP00000473467,0.14941406,0.6640625,0.6875,0.0402832,0.10839844,0.08154297,0.01544189,0.18457031,0.05493164,0.26953125,0.00756836,"Cytoplasm, Nucleus","Cytoplasm, Nucleus"
ENSP00000390152,0.37695312,0.1796875,0.2109375,0.85546875,0.46289062,0.09033203,0.00830078,0.19335938,0.3203125,0.23339844,0.00592041,Extracellular,Cell membrane
ENSP00000480722,0.09277344,0.625,0.5234375,0.11572266,0.11132812,0.5078125,0.00476074,0.08740234,0.04541016,0.06347656,0.3984375,Cytoplasm,"Nucleus, Golgi apparatus"
ENSP00000216807,0.05664062,0.48046875,0.75390625,0.17871094,0.08886719,0.08886719,0.00020313,0.04663086,0.328125,0.06103516,0.00073242,"Cytoplasm, Nucleus",Nucleus
ENSP00000291691,0.13574219,0.5703125,0.53125,0.2890625,0.11767578,0.25585938,0.00136566,0.08398438,0.08056641,0.07373047,0.09277344,"Cytoplasm, Nucleus",Nucleus
ENSP00000504515,0.38085938,0.1875,0.10253906,0.02294922,0.23632812,0.94921875,0.0088501,0.07470703,0.07275391,0.14355469,0.03515625,Mitochondrion,Mitochondrion
ENSP00000339326,0.16699219,0.6328125,0.6640625,0.29492188,0.18554688,0.4375,0.00068665,0.2890625,0.2890625,0.18945312,0.00476074,"Cytoplasm, Nucleus","Cytoplasm, Nucleus, Cell membrane"
ENSP00000442500,0.07470703,0.18945312,0.94140625,0.20019531,0.04467773,0.0324707,0.00062561,0.03735352,0.03173828,0.11132812,0.00023079,Nucleus,Nucleus
ENSP00000437928,0.17480469,0.546875,0.78125,0.03515625,0.12011719,0.14746094,0.00405884,0.13964844,0.19238281,0.13378906,0.03955078,"Cytoplasm, Nucleus",Nucleus
ENSP00000468486,0.19042969,0.625,0.48242188,0.21484375,0.09423828,0.19433594,0.01135254,0.21972656,0.21777344,0.1484375,0.00297546,Cytoplasm,Cytoplasm
ENSP00000326693,0.65234375,0.15820312,0.13085938,0.01635742,0.06103516,0.86328125,0.17480469,0.20214844,0.10839844,0.06176758,0.66015625,"Membrane, Mitochondrion",Mitochondrion
ENSP00000496818,0.32617188,0.52734375,0.35546875,0.34179688,0.32226562,0.37109375,0.2265625,0.38867188,0.15820312,0.27539062,0.22167969,Cytoplasm,Nucleus
ENSP00000268125,0.64453125,0.71875,0.30664062,0.01031494,0.18457031,0.14550781,0.00288391,0.18554688,0.78515625,0.82421875,0.01324463,"Membrane, Cytoplasm, Lysosome/Vacuole, Golgi apparatus",Cytoplasm
ENSP00000499450,0.42578125,0.11425781,0.15527344,0.03613281,0.09033203,0.90234375,0.15625,0.07714844,0.0402832,0.09814453,0.06005859,Mitochondrion,Mitochondrion
ENSP00000359795,0.60546875,0.5859375,0.453125,0.03112793,0.69921875,0.09667969,0.0279541,0.26367188,0.171875,0.25195312,0.00610352,"Membrane, Cytoplasm, Cell membrane",Cytoplasm
ENSP00000486676,0.65234375,0.21582031,0.18945312,0.10986328,0.13476562,0.5703125,0.01940918,0.4765625,0.21972656,0.2109375,0.83984375,"Membrane, Peroxisome",Cytoplasm
ENSP00000440227,0.15332031,0.6796875,0.22265625,0.171875,0.08251953,0.18554688,0.328125,0.24609375,0.12158203,0.14746094,0.22265625,Cytoplasm,Cytoplasm
ENSP00000371408,0.71875,0.3515625,0.45507812,0.00860596,0.66796875,0.24121094,0.0022583,0.24609375,0.55078125,0.75,0.00756836,"Membrane, Cell membrane, Golgi apparatus",Cell membrane
ENSP00000351211,0.859375,0.20800781,0.1796875,0.04077148,0.8125,0.29882812,0.02233887,0.10839844,0.1953125,0.02844238,0.04199219,"Membrane, Cell membrane",Cell membrane
ENSP00000312288,0.25976562,0.19921875,0.10986328,0.01452637,0.0559082,0.96875,0.17578125,0.0378418,0.04150391,0.03173828,0.13476562,Mitochondrion,Mitochondrion
ENSP00000385376,0.11425781,0.79296875,0.44335938,0.08740234,0.05102539,0.12109375,0.00014877,0.08496094,0.25195312,0.25976562,0.0078125,Cytoplasm,"Cytoplasm, Nucleus"
ENSP00000308082,0.8046875,0.20214844,0.18945312,0.06933594,0.8203125,0.27539062,0.01068115,0.08154297,0.23632812,0.04150391,0.04199219,"Membrane, Cell membrane",Cell membrane
ENSP00000006015,0.04394531,0.17675781,0.87109375,0.02038574,0.0255127,0.01165771,0.00650024,0.02514648,0.01916504,0.03417969,0.00939941,Nucleus,Nucleus
ENSP00000427329,0.08496094,0.51953125,0.765625,0.03173828,0.07568359,0.11914062,0.00254822,0.10351562,0.06103516,0.0559082,0.02099609,"Cytoplasm, Nucleus",Nucleus
ENSP00000364525,0.06298828,0.20410156,0.95703125,0.06176758,0.04272461,0.0480957,0.02722168,0.02062988,0.02844238,0.06933594,0.0007782,Nucleus,Nucleus
ENSP00000261245,0.09033203,0.47851562,0.74609375,0.0402832,0.09033203,0.16210938,0.00031471,0.13085938,0.16894531,0.11914062,0.00128174,"Cytoplasm, Nucleus",Nucleus
ENSP00000215742,0.02038574,0.29101562,0.91015625,0.07275391,0.02368164,0.10839844,0.00288391,0.04614258,0.03613281,0.01586914,0.0402832,Nucleus,Nucleus
ENSP00000430457,0.58203125,0.58203125,0.33789062,0.06445312,0.48242188,0.2578125,0.00939941,0.25195312,0.40429688,0.44921875,0.00506592,"Membrane, Cytoplasm","Nucleus, Mitochondrion"
ENSP00000478813,0.25976562,0.15332031,0.16308594,0.07275391,0.08740234,0.90234375,0.0057373,0.10693359,0.0402832,0.11132812,0.23339844,Mitochondrion,Mitochondrion
ENSP00000307695,0.2421875,0.65234375,0.53125,0.06933594,0.27929688,0.17480469,0.00159454,0.18261719,0.1875,0.14257812,0.22167969,"Cytoplasm, Nucleus",Nucleus
ENSP00000225972,0.7578125,0.171875,0.31835938,0.01696777,0.21582031,0.37304688,0.03515625,0.53125,0.37695312,0.28710938,0.07275391,Membrane,Endoplasmic reticulum
ENSP00000380311,0.20410156,0.55859375,0.7890625,0.03417969,0.16699219,0.125,0.003479,0.13671875,0.19335938,0.16894531,0.02124023,"Cytoplasm, Nucleus",Nucleus
ENSP00000329214,0.49023438,0.21777344,0.19921875,0.55859375,0.08056641,0.11425781,0.00308228,0.34375,0.12109375,0.59765625,0.01361084,Membrane,Nucleus
ENSP00000321679,0.21875,0.5390625,0.53515625,0.0559082,0.27929688,0.21972656,0.01361084,0.1953125,0.29492188,0.34375,0.02478027,"Cytoplasm, Nucleus",Nucleus
ENSP00000316042,0.03955078,0.63671875,0.765625,0.00970459,0.02600098,0.06738281,0.00141144,0.02600098,0.04199219,0.03613281,0.00124359,"Cytoplasm, Nucleus",Nucleus
ENSP00000446680,0.04272461,0.20898438,0.8515625,0.01831055,0.02197266,0.01544189,0.0055542,0.03198242,0.01940918,0.03417969,0.02478027,Nucleus,Nucleus
ENSP00000346300,0.38671875,0.65625,0.5234375,0.04663086,0.44335938,0.05932617,0.00175476,0.06640625,0.50390625,0.27148438,0.00297546,Cytoplasm,Nucleus
ENSP00000279206,0.10498047,0.5234375,0.44335938,0.4921875,0.16113281,0.39648438,0.00128174,0.18945312,0.07910156,0.14550781,0.9375,"Cytoplasm, Peroxisome",Nucleus
ENSP00000407646,0.27148438,0.328125,0.421875,0.11132812,0.13378906,0.17480469,0.04077148,0.18945312,0.02514648,0.03027344,0.00154877,None,"Cytoplasm, Nucleus"
ENSP00000352831,0.15234375,0.61328125,0.58984375,0.1953125,0.10986328,0.23535156,0.00445557,0.05834961,0.03515625,0.07910156,0.02197266,"Cytoplasm, Nucleus",Nucleus
ENSP00000274000,0.66796875,0.3984375,0.46289062,0.00970459,0.609375,0.21582031,0.00860596,0.09033203,0.41796875,0.64453125,0.01940918,"Membrane, Cell membrane",Golgi apparatus
ENSP00000457284,0.27539062,0.23339844,0.12353516,0.921875,0.32421875,0.10986328,0.00328064,0.21582031,0.34570312,0.48242188,0.01544189,Extracellular,"Cytoplasm, Cell membrane"
ENSP00000326305,0.8828125,0.24316406,0.15625,0.00805664,0.37304688,0.8828125,0.03369141,0.39648438,0.11279297,0.16210938,0.13378906,"Membrane, Mitochondrion",Mitochondrion
ENSP00000393970,0.29492188,0.609375,0.53515625,0.21191406,0.17285156,0.40820312,0.16210938,0.43164062,0.22265625,0.21289062,0.00970459,"Cytoplasm, Nucleus",Mitochondrion
ENSP00000275766,0.03173828,0.546875,0.6640625,0.41210938,0.04077148,0.06738281,0.00027847,0.078125,0.07177734,0.07910156,0.00136566,"Cytoplasm, Nucleus",Cytoplasm
ENSP00000446662,0.26757812,0.23632812,0.15429688,0.84765625,0.32226562,0.06738281,0.00628662,0.31640625,0.48242188,0.3984375,0.01031494,Extracellular,"Endoplasmic reticulum, Golgi apparatus"
ENSP00000416970,0.20605469,0.18554688,0.17871094,0.08496094,0.12011719,0.85546875,0.00297546,0.08398438,0.12353516,0.10107422,0.06103516,Mitochondrion,Mitochondrion
ENSP00000283429,0.078125,0.5,0.37890625,0.18261719,0.09667969,0.16308594,0.00170135,0.0559082,0.05493164,0.10107422,0.359375,Cytoplasm,Nucleus
ENSP00000503461,0.359375,0.1875,0.09960938,0.02514648,0.203125,0.94921875,0.01361084,0.07080078,0.06298828,0.13867188,0.0378418,Mitochondrion,Mitochondrion
ENSP00000496754,0.06176758,0.35742188,0.7421875,0.43554688,0.04956055,0.11914062,0.00091171,0.125,0.03613281,0.07714844,0.00262451,Nucleus,Nucleus
ENSP00000265523,0.07080078,0.53515625,0.546875,0.26757812,0.02197266,0.19921875,0.05737305,0.19433594,0.09423828,0.32617188,0.03369141,"Cytoplasm, Nucleus",Cytoplasm
ENSP00000408065,0.24121094,0.36914062,0.23925781,0.48828125,0.24511719,0.17675781,0.0267334,0.02258301,0.12988281,0.03613281,0.00460815,None,Nucleus
ENSP00000392629,0.40820312,0.26953125,0.10498047,0.73828125,0.30078125,0.38476562,0.00254822,0.3671875,0.19726562,0.11279297,0.01135254,Extracellular,Cell membrane
ENSP00000371061,0.23632812,0.61328125,0.5625,0.09667969,0.1796875,0.10498047,0.00093842,0.26953125,0.35351562,0.43945312,0.00830078,"Cytoplasm, Nucleus","Cytoplasm, Nucleus"
ENSP00000442224,0.06542969,0.390625,0.83984375,0.11572266,0.08251953,0.02331543,0.00592041,0.10839844,0.04345703,0.16113281,0.00650024,Nucleus,Nucleus
ENSP00000265164,0.20605469,0.78515625,0.5625,0.22851562,0.34765625,0.4296875,0.00128174,0.30273438,0.3515625,0.20019531,0.00370789,"Cytoplasm, Nucleus",Cytoplasm
ENSP00000438605,0.27929688,0.44335938,0.25585938,0.7109375,0.32617188,0.2578125,0.00212097,0.27734375,0.25390625,0.26953125,0.02478027,Extracellular,Golgi apparatus
ENSP00000429225,0.6796875,0.66015625,0.19238281,0.00939941,0.421875,0.84375,0.00212097,0.74609375,0.55078125,0.49609375,0.08740234,"Membrane, Cytoplasm, Mitochondrion, Endoplasmic reticulum",Cytoplasm
ENSP00000420452,0.21484375,0.25585938,0.1796875,0.88671875,0.24511719,0.13085938,0.00297546,0.24609375,0.22265625,0.38671875,0.03686523,Extracellular,Nucleus
ENSP00000370990,0.05932617,0.22949219,0.92578125,0.00506592,0.05175781,0.06835938,0.00915527,0.05273438,0.01068115,0.06103516,0.06103516,Nucleus,Nucleus
ENSP00000413666,0.23535156,0.49804688,0.71484375,0.0559082,0.23925781,0.10986328,0.00212097,0.06347656,0.203125,0.19335938,0.08154297,"Cytoplasm, Nucleus",Cytoplasm
ENSP00000296921,0.08398438,0.16113281,0.9296875,0.00393677,0.04150391,0.04614258,0.00254822,0.04541016,0.01879883,0.04077148,0.01098633,Nucleus,Nucleus
ENSP00000448029,0.80078125,0.26953125,0.15625,0.08496094,0.6484375,0.09667969,0.00070953,0.35742188,0.66796875,0.4609375,0.10351562,"Membrane, Cell membrane, Lysosome/Vacuole","Endoplasmic reticulum, Golgi apparatus"
ENSP00000503416,0.03955078,0.24902344,0.9140625,0.0402832,0.04467773,0.07177734,0.00075531,0.02404785,0.0390625,0.04541016,0.00180817,Nucleus,"Cytoplasm, Nucleus"
ENSP00000452777,0.30664062,0.10498047,0.09667969,0.08642578,0.11132812,0.921875,0.01544189,0.07470703,0.06005859,0.09033203,0.04394531,Mitochondrion,Mitochondrion
ENSP00000361524,0.05664062,0.21875,0.86328125,0.14746094,0.01135254,0.04956055,0.00048828,0.078125,0.01544189,0.03320312,0.01324463,Nucleus,Nucleus
ENSP00000443578,0.21582031,0.48828125,0.38085938,0.1953125,0.08154297,0.3515625,0.0078125,0.33789062,0.05273438,0.10986328,0.01031494,Cytoplasm,"Cytoplasm, Nucleus"
ENSP00000345580,0.828125,0.18164062,0.17480469,0.00970459,0.28320312,0.77734375,0.02404785,0.26757812,0.19726562,0.07714844,0.15039062,"Membrane, Mitochondrion",Mitochondrion
ENSP00000362843,0.12988281,0.33203125,0.91015625,0.00970459,0.09033203,0.19335938,8.488e-05,0.15429688,0.06005859,0.10351562,0.04663086,Nucleus,Nucleus
ENSP00000362691,0.10693359,0.5,0.7265625,0.04467773,0.06347656,0.08251953,0.02099609,0.11279297,0.20703125,0.15917969,0.02233887,"Cytoplasm, Nucleus",Nucleus
ENSP00000262949,0.10986328,0.59765625,0.6640625,0.15429688,0.15429688,0.22265625,0.00113678,0.078125,0.13964844,0.20605469,0.05273438,"Cytoplasm, Nucleus",Nucleus
ENSP00000499274,0.16992188,0.45507812,0.640625,0.2890625,0.13574219,0.21289062,0.04077148,0.3046875,0.15722656,0.44726562,0.00297546,Nucleus,Cell membrane
ENSP00000453021,0.40039062,0.6796875,0.328125,0.03320312,0.3984375,0.26171875,0.02233887,0.21582031,0.27734375,0.09960938,0.04345703,Cytoplasm,Nucleus
ENSP00000356374,0.08056641,0.609375,0.640625,0.00735474,0.11425781,0.04663086,0.00756836,0.14355469,0.09960938,0.18164062,0.21289062,"Cytoplasm, Nucleus",Nucleus
ENSP00000507343,0.30273438,0.73828125,0.5390625,0.01361084,0.16992188,0.13183594,0.00013161,0.515625,0.24609375,0.3671875,0.02001953,"Cytoplasm, Nucleus",Cytoplasm
ENSP00000415689,0.13183594,0.58984375,0.5703125,0.15234375,0.17480469,0.12988281,0.04272461,0.09960938,0.17480469,0.33789062,0.01452637,"Cytoplasm, Nucleus","Cytoplasm, Cell membrane"
ENSP00000377752,0.34960938,0.76171875,0.16308594,0.10693359,0.47460938,0.1875,0.00297546,0.05834961,0.09521484,0.12158203,0.00288391,Cytoplasm,Cytoplasm
ENSP00000481885,0.13964844,0.31640625,0.9140625,0.01361084,0.09033203,0.23535156,0.00011587,0.13867188,0.05932617,0.12402344,0.0390625,Nucleus,Nucleus
ENSP00000435422,0.03173828,0.24609375,0.96875,0.0480957,0.03857422,0.01281738,0.0043335,0.02062988,0.02160645,0.01635742,0.00132751,Nucleus,Nucleus
ENSP00000357919,0.16699219,0.44335938,0.18164062,0.05493164,0.01452637,0.30664062,0.01977539,0.51171875,0.24316406,0.17089844,0.875,Peroxisome,Cytoplasm
ENSP00000393316,0.86328125,0.15820312,0.16113281,0.08642578,0.38671875,0.12109375,0.00491333,0.796875,0.31445312,0.36523438,0.00860596,"Membrane, Endoplasmic reticulum","Nucleus, Endoplasmic reticulum"
ENSP00000430243,0.17089844,0.72265625,0.56640625,0.12792969,0.05664062,0.21582031,0.01696777,0.31445312,0.12695312,0.34765625,0.12988281,"Cytoplasm, Nucleus",Cell membrane
ENSP00000343717,0.29296875,0.46289062,0.1953125,0.18457031,0.09814453,0.76953125,0.07714844,0.5546875,0.32421875,0.21484375,0.8359375,"Mitochondrion, Peroxisome",Cytoplasm
ENSP00000281437,0.03686523,0.19726562,0.90625,0.00668335,0.02197266,0.07177734,0.00175476,0.02478027,0.00970459,0.03369141,0.0088501,Nucleus,Nucleus
ENSP00000370508,0.25195312,0.13574219,0.11132812,0.09277344,0.06347656,0.95703125,0.08056641,0.0480957,0.03955078,0.07275391,0.01068115,Mitochondrion,"Nucleus, Mitochondrion"
ENSP00000401085,0.328125,0.66015625,0.27148438,0.1484375,0.359375,0.36914062,0.0267334,0.33203125,0.21289062,0.22363281,0.6328125,Cytoplasm,Nucleus
ENSP00000363055,0.16015625,0.6953125,0.421875,0.04345703,0.1484375,0.34375,0.00020313,0.16015625,0.19824219,0.24121094,0.01635742,Cytoplasm,"Cytoplasm, Nucleus"
ENSP00000463927,0.84375,0.203125,0.11132812,0.1484375,0.8671875,0.0534668,0.00308228,0.33007812,0.30664062,0.34765625,0.12158203,"Membrane, Cell membrane",Cell membrane
ENSP00000360594,0.0324707,0.21972656,0.96875,0.01281738,0.01281738,0.09130859,0.00506592,0.02258301,0.01361084,0.06298828,0.00198364,Nucleus,Nucleus
ENSP00000225576,0.75390625,0.21777344,0.20898438,0.00735474,0.1796875,0.17871094,0.0279541,0.8359375,0.46484375,0.6015625,0.01544189,"Membrane, Endoplasmic reticulum",Golgi apparatus
ENSP00000450324,0.07470703,0.44335938,0.47851562,0.00860596,0.04467773,0.18945312,0.00271606,0.09667969,0.11425781,0.12011719,0.00280762,None,Cytoplasm
ENSP00000264468,0.33984375,0.26171875,0.171875,0.671875,0.42578125,0.06542969,0.01361084,0.33203125,0.18164062,0.26953125,0.00460815,Extracellular,Cell membrane
ENSP00000292894,0.03955078,0.41601562,0.67578125,0.16992188,0.05493164,0.17480469,0.00136566,0.06933594,0.06347656,0.02978516,0.05029297,Nucleus,Nucleus
ENSP00000504884,0.42578125,0.65234375,0.4140625,0.02368164,0.47070312,0.10253906,0.0011673,0.12158203,0.42382812,0.42773438,0.02758789,Cytoplasm,"Cytoplasm, Cell membrane"
ENSP00000480322,0.765625,0.12011719,0.07568359,0.46679688,0.703125,0.1953125,0.01281738,0.07910156,0.34570312,0.11132812,0.20703125,"Membrane, Cell membrane",Cell membrane
ENSP00000494695,0.12011719,0.42382812,0.8125,0.11767578,0.10693359,0.34960938,0.04956055,0.10107422,0.30078125,0.16699219,0.01745605,Nucleus,Nucleus
ENSP00000423075,0.05029297,0.59765625,0.8203125,0.00537109,0.06176758,0.06542969,0.00280762,0.03320312,0.03369141,0.06835938,0.0088501,"Cytoplasm, Nucleus",Nucleus
ENSP00000361338,0.81640625,0.13476562,0.08886719,0.07177734,0.42382812,0.14648438,0.01544189,0.5390625,0.16113281,0.35351562,0.00830078,Membrane,Nucleus
ENSP00000357932,0.22558594,0.6640625,0.43945312,0.03857422,0.25195312,0.22167969,0.00650024,0.14648438,0.3125,0.33984375,0.10839844,Cytoplasm,Cytoplasm
ENSP00000309973,0.12353516,0.5390625,0.6171875,0.2578125,0.14160156,0.1640625,0.0279541,0.19433594,0.08056641,0.10351562,0.0480957,"Cytoplasm, Nucleus",Mitochondrion
ENSP00000307508,0.49609375,0.578125,0.3203125,0.0378418,0.5625,0.01794434,0.02758789,0.328125,0.3515625,0.12890625,0.00085449,"Membrane, Cytoplasm, Cell membrane",Cytoplasm
ENSP00000280056,0.2890625,0.51171875,0.61328125,0.32226562,0.15039062,0.41210938,0.04663086,0.18945312,0.06347656,0.08154297,0.11572266,"Cytoplasm, Nucleus",Nucleus
ENSP00000436775,0.2265625,0.578125,0.5234375,0.09277344,0.22363281,0.47460938,0.01745605,0.28710938,0.26953125,0.19921875,0.4296875,Cytoplasm,Nucleus
ENSP00000407970,0.11279297,0.58203125,0.31054688,0.33984375,0.14941406,0.3984375,0.00198364,0.27734375,0.11425781,0.15625,0.76171875,"Cytoplasm, Peroxisome",Nucleus
ENSP00000497159,0.04541016,0.40429688,0.6484375,0.07275391,0.02062988,0.20214844,0.00805664,0.10107422,0.08398438,0.22949219,0.07080078,Nucleus,Cytoplasm
ENSP00000427754,0.37109375,0.59765625,0.52734375,0.03735352,0.265625,0.43164062,0.00198364,0.05932617,0.33007812,0.2734375,0.01135254,Cytoplasm,"Cytoplasm, Nucleus"
ENSP00000309023,0.6796875,0.37695312,0.4765625,0.0088501,0.640625,0.18945312,0.00610352,0.08886719,0.46484375,0.6171875,0.02478027,"Membrane, Cell membrane",Golgi apparatus
ENSP00000484054,0.3203125,0.74609375,0.2578125,0.06640625,0.23632812,0.16308594,0.00421143,0.26171875,0.6015625,0.49023438,0.00756836,"Cytoplasm, Lysosome/Vacuole",Golgi apparatus
ENSP00000411565,0.32617188,0.4140625,0.6875,0.328125,0.17773438,0.36523438,0.07080078,0.09960938,0.04394531,0.08740234,0.09277344,Nucleus,Nucleus
ENSP00000366235,0.24804688,0.6015625,0.41992188,0.08398438,0.171875,0.35351562,0.01098633,0.22949219,0.32421875,0.30664062,0.10498047,Cytoplasm,Cytoplasm
ENSP00000311697,0.15429688,0.31835938,0.23535156,0.86328125,0.2265625,0.16796875,0.00337219,0.20410156,0.16894531,0.140625,0.00735474,Extracellular,Nucleus
ENSP00000434982,0.17773438,0.703125,0.56640625,0.00337219,0.328125,0.04882812,0.00170135,0.24804688,0.07080078,0.02514648,0.02600098,"Cytoplasm, Nucleus",Cytoplasm
ENSP00000448952,0.31835938,0.70703125,0.27148438,0.07568359,0.30664062,0.10351562,0.0011673,0.09960938,0.36523438,0.19335938,0.05029297,Cytoplasm,Nucleus
ENSP00000422084,0.12255859,0.765625,0.61328125,0.0378418,0.04736328,0.02929688,0.00360107,0.12988281,0.1484375,0.24804688,0.03063965,"Cytoplasm, Nucleus","Cytoplasm, Cell membrane"
ENSP00000331268,0.23828125,0.6328125,0.53125,0.03613281,0.28125,0.09960938,0.07275391,0.12402344,0.265625,0.3125,0.0078125,"Cytoplasm, Nucleus",Cytoplasm
ENSP00000281703,0.22558594,0.6953125,0.51171875,0.55078125,0.17089844,0.3203125,0.29492188,0.29101562,0.15039062,0.21191406,0.03417969,Cytoplasm,Cytoplasm
ENSP00000482293,0.04541016,0.609375,0.73828125,0.04077148,0.06640625,0.11425781,0.01361084,0.08154297,0.11425781,0.0480957,0.00106812,"Cytoplasm, Nucleus",Nucleus
ENSP00000475617,0.05419922,0.29882812,0.86328125,0.02441406,0.0378418,0.07373047,0.00628662,0.05664062,0.03320312,0.07275391,0.03613281,Nucleus,Nucleus
ENSP00000434049,0.11767578,0.26757812,0.6796875,0.03173828,0.09667969,0.09521484,0.00170135,0.02478027,0.0534668,0.02160645,0.05175781,Nucleus,"Cytoplasm, Nucleus"
ENSP00000412620,0.07275391,0.24511719,0.88671875,0.078125,0.07568359,0.00360107,0.00068665,0.07373047,0.02038574,0.20898438,0.00668335,Nucleus,Nucleus
ENSP00000362842,0.12255859,0.41210938,0.89453125,0.01031494,0.09277344,0.13085938,0.00015831,0.08642578,0.13769531,0.15625,0.01324463,Nucleus,Nucleus
ENSP00000501353,0.16699219,0.65625,0.53515625,0.05102539,0.20019531,0.09521484,0.0005722,0.10253906,0.09423828,0.18359375,0.0324707,"Cytoplasm, Nucleus",Cell membrane
ENSP00000495429,0.03369141,0.36328125,0.87890625,0.12695312,0.01281738,0.08642578,0.00164795,0.06933594,0.02001953,0.03857422,0.00382996,Nucleus,Nucleus
ENSP00000467497,0.10253906,0.35742188,0.91015625,0.05102539,0.09033203,0.15039062,0.00164795,0.10253906,0.12695312,0.09521484,0.0559082,Nucleus,Nucleus
ENSP00000428838,0.23632812,0.58203125,0.75,0.11132812,0.26367188,0.05737305,0.00491333,0.15527344,0.16210938,0.10107422,0.00393677,"Cytoplasm, Nucleus",Nucleus
ENSP00000349709,0.7109375,0.29296875,0.1328125,0.26953125,0.71875,0.10107422,0.0008812,0.609375,0.53515625,0.296875,0.07470703,"Membrane, Cell membrane","Cytoplasm, Cell membrane"
ENSP00000166139,0.26367188,0.24902344,0.12158203,0.90234375,0.26953125,0.16699219,0.00592041,0.21191406,0.57421875,0.58203125,0.01831055,"Extracellular, Lysosome/Vacuole",Nucleus
ENSP00000476193,0.09033203,0.70703125,0.18945312,0.72265625,0.04467773,0.328125,0.06005859,0.15722656,0.11767578,0.19433594,0.01855469,"Cytoplasm, Extracellular",Cytoplasm
ENSP00000467433,0.19335938,0.55859375,0.41992188,0.01031494,0.4375,0.14160156,0.00120544,0.01135254,0.12402344,0.0255127,0.04614258,Cytoplasm,Nucleus
ENSP00000417520,0.23046875,0.20214844,0.12402344,0.859375,0.31835938,0.12353516,0.01031494,0.6015625,0.45703125,0.33789062,0.00212097,Extracellular,"Nucleus, Golgi apparatus"
ENSP00000288757,0.06298828,0.36328125,0.8515625,0.08740234,0.08642578,0.01403809,0.00405884,0.07080078,0.03320312,0.16601562,0.00491333,Nucleus,Nucleus
ENSP00000375397,0.18359375,0.49804688,0.6796875,0.13183594,0.21582031,0.17089844,0.00297546,0.15917969,0.05932617,0.09033203,0.02722168,"Cytoplasm, Nucleus",Nucleus
ENSP00000497242,0.09277344,0.43164062,0.46679688,0.6015625,0.21191406,0.359375,0.01165771,0.03735352,0.13378906,0.15722656,0.07275391,None,Mitochondrion
ENSP00000489907,0.04882812,0.46484375,0.84765625,0.23535156,0.03735352,0.05932617,0.00021648,0.10693359,0.04272461,0.06103516,0.0088501,Nucleus,Nucleus
ENSP00000259699,0.7421875,0.2890625,0.10253906,0.26171875,0.80859375,0.08496094,0.0007782,0.31835938,0.546875,0.23925781,0.18554688,"Membrane, Cell membrane",Cell membrane
ENSP00000158526,0.04956055,0.26953125,0.8828125,0.13769531,0.02368164,0.08740234,0.00048828,0.16796875,0.04956055,0.09277344,0.00075531,Nucleus,Nucleus
ENSP00000468145,0.87890625,0.14257812,0.08886719,0.03369141,0.8359375,0.09521484,0.00628662,0.35742188,0.2734375,0.23535156,0.01361084,"Membrane, Cell membrane",Cell membrane
ENSP00000427883,0.22949219,0.21972656,0.1484375,0.6171875,0.18261719,0.10693359,0.02258301,0.31835938,0.30078125,0.44140625,0.00204468,None,Nucleus
ENSP00000378638,0.29492188,0.50390625,0.46484375,0.30664062,0.22558594,0.59375,0.00970459,0.40625,0.20214844,0.31640625,0.24609375,Cytoplasm,Cytoplasm
ENSP00000364373,0.203125,0.47265625,0.49414062,0.34179688,0.17480469,0.50390625,0.16796875,0.19335938,0.35351562,0.30664062,0.07910156,Cytoplasm,"Cytoplasm, Nucleus"
ENSP00000359668,0.06298828,0.58203125,0.79296875,0.08154297,0.09130859,0.08251953,0.00537109,0.05493164,0.06445312,0.03564453,0.07714844,"Cytoplasm, Nucleus",Nucleus
ENSP00000481920,0.06103516,0.45898438,0.890625,0.20898438,0.04272461,0.12255859,0.00650024,0.16308594,0.04882812,0.08154297,0.01495361,Nucleus,Nucleus
ENSP00000345674,0.15820312,0.44921875,0.42773438,0.10839844,0.13769531,0.03173828,0.00053406,0.21972656,0.3515625,0.02233887,0.984375,Peroxisome,Golgi apparatus
ENSP00000290330,0.24511719,0.60546875,0.40039062,0.0480957,0.07714844,0.04077148,0.00337219,0.21289062,0.46484375,0.38476562,0.00537109,Cytoplasm,"Cytoplasm, Nucleus"
ENSP00000400792,0.22167969,0.73828125,0.81640625,0.01281738,0.09667969,0.07568359,0.00280762,0.26953125,0.16894531,0.78125,0.0255127,"Cytoplasm, Nucleus, Golgi apparatus",Nucleus
ENSP00000361032,0.03515625,0.37109375,0.91015625,0.02514648,0.02758789,0.20800781,0.0088501,0.15429688,0.0324707,0.0324707,0.00254822,Nucleus,Nucleus
ENSP00000343134,0.11279297,0.3046875,0.625,0.01202393,0.07373047,0.03320312,0.00099945,0.16992188,0.37890625,0.02160645,0.85546875,"Nucleus, Peroxisome",Golgi apparatus
ENSP00000313776,0.7265625,0.29296875,0.11132812,0.24316406,0.8125,0.06298828,0.00068665,0.3125,0.5546875,0.21289062,0.1875,"Membrane, Cell membrane",Cell membrane
ENSP00000357375,0.8515625,0.24902344,0.10351562,0.15820312,0.84765625,0.04736328,0.00262451,0.3046875,0.5078125,0.18359375,0.05175781,"Membrane, Cell membrane",Cell membrane
ENSP00000341125,0.21777344,0.48046875,0.41796875,0.53515625,0.26367188,0.27929688,0.0018692,0.1953125,0.32421875,0.08886719,0.04345703,Cytoplasm,Cytoplasm
ENSP00000258301,0.88671875,0.22363281,0.07470703,0.00271606,0.41015625,0.5078125,0.00091171,0.34375,0.70703125,0.76171875,0.15039062,"Membrane, Lysosome/Vacuole, Golgi apparatus","Nucleus, Golgi apparatus"
ENSP00000455091,0.2421875,0.734375,0.6171875,0.07080078,0.16308594,0.22265625,0.01165771,0.15820312,0.02636719,0.17285156,0.00592041,"Cytoplasm, Nucleus",Cytoplasm
ENSP00000420052,0.82421875,0.11425781,0.19433594,0.03735352,0.13671875,0.40429688,0.01245117,0.8515625,0.31445312,0.52734375,0.09521484,"Membrane, Endoplasmic reticulum",Nucleus
ENSP00000373175,0.21582031,0.14550781,0.1796875,0.04956055,0.07568359,0.859375,0.00668335,0.12109375,0.06176758,0.09130859,0.51953125,Mitochondrion,Mitochondrion
ENSP00000383626,0.36523438,0.7265625,0.28515625,0.29492188,0.4765625,0.19921875,0.00085449,0.25390625,0.21289062,0.18847656,0.00592041,Cytoplasm,"Nucleus, Cell membrane"
ENSP00000380612,0.15917969,0.76171875,0.61328125,0.21191406,0.19726562,0.22851562,0.02258301,0.16894531,0.12695312,0.19824219,0.03417969,"Cytoplasm, Nucleus",Nucleus
ENSP00000378580,0.359375,0.53125,0.4140625,0.39453125,0.3359375,0.38476562,0.01977539,0.35351562,0.37304688,0.37109375,0.04663086,Cytoplasm,"Cytoplasm, Nucleus, Cell membrane"
ENSP00000507949,0.19824219,0.5,0.41992188,0.38476562,0.09423828,0.5234375,0.22167969,0.14941406,0.11914062,0.078125,0.17773438,Cytoplasm,Mitochondrion
ENSP00000426075,0.02722168,0.27148438,0.9140625,0.05029297,0.01745605,0.078125,0.003479,0.01831055,0.01361084,0.05102539,0.0078125,Nucleus,Nucleus
ENSP00000327268,0.33007812,0.37695312,0.13378906,0.03369141,0.15820312,0.84375,0.00756836,0.07177734,0.06738281,0.07568359,0.33203125,Mitochondrion,Mitochondrion
ENSP00000489978,0.17675781,0.6484375,0.625,0.25,0.31835938,0.31054688,0.01831055,0.20605469,0.18261719,0.18554688,0.12988281,"Cytoplasm, Nucleus",Nucleus
ENSP00000483433,0.47851562,0.40429688,0.56640625,0.65625,0.12109375,0.140625,0.0071106,0.50390625,0.09277344,0.04272461,0.02478027,"Membrane, Nucleus, Extracellular",Endoplasmic reticulum
ENSP00000480632,0.08642578,0.32226562,0.65625,0.07568359,0.09960938,0.38867188,0.01403809,0.24121094,0.04956055,0.02160645,0.31445312,Nucleus,Nucleus
ENSP00000430870,0.27734375,0.51171875,0.5546875,0.296875,0.30273438,0.25976562,0.01281738,0.3125,0.15820312,0.28320312,0.16992188,"Cytoplasm, Nucleus","Nucleus, Mitochondrion"
ENSP00000466224,0.07373047,0.37109375,0.6015625,0.0480957,0.04345703,0.07275391,0.00308228,0.02233887,0.06445312,0.05493164,0.08398438,Nucleus,Nucleus
ENSP00000383625,0.32617188,0.734375,0.28515625,0.3359375,0.45117188,0.20214844,0.00106812,0.23632812,0.1953125,0.18457031,0.00506592,Cytoplasm,"Nucleus, Cell membrane"
ENSP00000250124,0.94140625,0.10693359,0.13085938,0.01281738,0.33398438,0.18164062,0.00048828,0.76171875,0.38085938,0.640625,0.11767578,"Membrane, Endoplasmic reticulum","Mitochondrion, Endoplasmic reticulum"
ENSP00000388486,0.07080078,0.22265625,0.78515625,0.00805664,0.01635742,0.27734375,0.00247192,0.02722168,0.1484375,0.01135254,0.00382996,Nucleus,Nucleus
ENSP00000301159,0.03198242,0.26367188,0.94140625,0.03320312,0.02404785,0.10253906,0.0008049,0.0402832,0.01831055,0.02600098,0.02844238,Nucleus,Nucleus
ENSP00000300145,0.28710938,0.5390625,0.2578125,0.72265625,0.15332031,0.46289062,0.0255127,0.515625,0.37304688,0.25585938,0.34960938,"Cytoplasm, Extracellular","Cytoplasm, Cell membrane"
ENSP00000259030,0.55859375,0.28125,0.40039062,0.41015625,0.24316406,0.21972656,0.01245117,0.60546875,0.44726562,0.36523438,0.1875,Membrane,Nucleus
ENSP00000507675,0.23046875,0.19335938,0.13671875,0.01544189,0.0480957,0.95703125,0.17285156,0.0402832,0.04272461,0.03198242,0.125,Mitochondrion,Mitochondrion
ENSP00000412024,0.734375,0.13867188,0.09033203,0.0071106,0.09960938,0.84765625,0.05102539,0.08251953,0.03173828,0.01831055,0.546875,"Membrane, Mitochondrion",Mitochondrion
ENSP00000386037,0.04272461,0.2109375,0.8046875,0.01202393,0.03564453,0.2265625,0.00198364,0.02197266,0.01855469,0.11914062,0.00668335,Nucleus,Nucleus
ENSP00000323571,0.36523438,0.359375,0.3046875,0.51171875,0.13085938,0.29101562,0.01940918,0.38867188,0.16699219,0.23925781,0.03515625,None,Cell membrane
ENSP00000239461,0.08496094,0.14160156,0.86328125,0.00040436,0.02636719,0.07910156,0.00521851,0.01495361,0.00939941,0.04394531,0.01586914,Nucleus,Nucleus
ENSP00000389498,0.1484375,0.22363281,0.90625,0.03735352,0.09277344,0.12597656,0.00297546,0.03857422,0.13867188,0.05273438,0.01165771,Nucleus,Nucleus
ENSP00000487380,0.27734375,0.70703125,0.49023438,0.00650024,0.20410156,0.29296875,0.00756836,0.10986328,0.0559082,0.11572266,0.01696777,Cytoplasm,Nucleus
ENSP00000434333,0.01544189,0.43554688,0.80859375,0.03417969,0.01696777,0.04272461,0.00159454,0.07714844,0.0255127,0.08886719,0.00102997,Nucleus,Nucleus
ENSP00000430946,0.15625,0.47460938,0.6484375,0.20605469,0.13964844,0.29296875,0.00610352,0.25390625,0.23339844,0.25195312,0.21777344,"Cytoplasm, Nucleus",Nucleus
ENSP00000499597,0.09277344,0.3203125,0.921875,0.03613281,0.13574219,0.03613281,0.00099945,0.02478027,0.04394531,0.03198242,0.00170135,Nucleus,Nucleus
ENSP00000490251,0.17578125,0.21289062,0.2109375,0.06347656,0.10498047,0.92578125,0.00592041,0.06738281,0.06298828,0.06933594,0.0559082,Mitochondrion,Mitochondrion
ENSP00000479323,0.87890625,0.24804688,0.14453125,0.06933594,0.86328125,0.03369141,0.00317383,0.15722656,0.70703125,0.5234375,0.01031494,"Membrane, Cell membrane, Lysosome/Vacuole",Nucleus
ENSP00000437411,0.37304688,0.609375,0.33007812,0.171875,0.328125,0.15917969,0.00297546,0.1484375,0.44921875,0.6953125,0.00650024,"Cytoplasm, Golgi apparatus",Nucleus
ENSP00000378493,0.36132812,0.5546875,0.421875,0.03857422,0.265625,0.4921875,0.00506592,0.41992188,0.36523438,0.17089844,0.05932617,Cytoplasm,Nucleus
ENSP00000040584,0.06933594,0.29492188,0.8828125,0.01452637,0.04541016,0.05737305,0.00537109,0.04077148,0.09033203,0.02197266,0.01098633,Nucleus,Nucleus
ENSP00000343482,0.859375,0.24121094,0.10107422,0.14746094,0.8671875,0.04394531,0.0022583,0.33984375,0.49023438,0.21972656,0.06103516,"Membrane, Cell membrane",Cell membrane
ENSP00000494088,0.35351562,0.59765625,0.34570312,0.10986328,0.29296875,0.33007812,0.04882812,0.17773438,0.53125,0.4921875,0.20800781,Cytoplasm,Nucleus
ENSP00000358027,0.28515625,0.171875,0.12353516,0.04663086,0.07714844,0.8828125,0.09277344,0.06738281,0.06640625,0.10693359,0.10986328,Mitochondrion,Cytoplasm
ENSP00000389368,0.41015625,0.43164062,0.34375,0.11132812,0.1953125,0.29296875,0.04150391,0.375,0.11767578,0.33984375,0.00154877,None,Nucleus
ENSP00000413595,0.30273438,0.5546875,0.65625,0.03735352,0.22558594,0.26367188,0.03857422,0.20605469,0.35351562,0.29101562,0.00915527,"Cytoplasm, Nucleus",Nucleus
ENSP00000358616,0.12011719,0.5078125,0.6015625,0.0071106,0.08496094,0.09667969,0.0055542,0.11425781,0.13671875,0.05834961,0.00102997,"Cytoplasm, Nucleus",Nucleus
ENSP00000506466,0.31640625,0.59375,0.4140625,0.07568359,0.28710938,0.37890625,0.01696777,0.26367188,0.140625,0.25976562,0.25585938,Cytoplasm,Cytoplasm
ENSP00000494393,0.28515625,0.6015625,0.61328125,0.31835938,0.13867188,0.1953125,0.0559082,0.3359375,0.37695312,0.6484375,0.02478027,"Cytoplasm, Nucleus",Cytoplasm
ENSP00000452319,0.17089844,0.515625,0.6015625,0.07373047,0.17773438,0.55859375,0.00337219,0.09423828,0.02978516,0.08154297,0.0057373,"Cytoplasm, Nucleus",Cytoplasm
ENSP00000436276,0.10839844,0.34960938,0.89453125,0.06738281,0.16113281,0.12158203,0.00070953,0.09814453,0.10498047,0.07080078,0.01977539,Nucleus,Nucleus
ENSP00000408819,0.33007812,0.15722656,0.25585938,0.67578125,0.49609375,0.06640625,0.00145721,0.1953125,0.21289062,0.16894531,0.02331543,Extracellular,Cell membrane
ENSP00000345468,0.88671875,0.20410156,0.13769531,0.06347656,0.78515625,0.16015625,0.03564453,0.4609375,0.6953125,0.76953125,0.00159454,"Membrane, Cell membrane, Lysosome/Vacuole, Golgi apparatus",Nucleus
ENSP00000216027,0.20019531,0.203125,0.29101562,0.10986328,0.15234375,0.859375,0.0018692,0.11914062,0.07470703,0.06445312,0.04736328,Mitochondrion,"Cytoplasm, Mitochondrion"
ENSP00000438355,0.91796875,0.21289062,0.0390625,0.00254822,0.38867188,0.81640625,0.05932617,0.37890625,0.36328125,0.10107422,0.49414062,"Membrane, Mitochondrion",Peroxisome
ENSP00000286317,0.0480957,0.5234375,0.80078125,0.0088501,0.04663086,0.08886719,0.00271606,0.17871094,0.24121094,0.17578125,0.00337219,"Cytoplasm, Nucleus",Nucleus
ENSP00000421252,0.02844238,0.34179688,0.95703125,0.02844238,0.02062988,0.02893066,0.00113678,0.01916504,0.0267334,0.09033203,0.00064468,Nucleus,Nucleus
ENSP00000468681,0.08398438,0.69921875,0.7265625,0.19042969,0.05102539,0.10253906,0.00317383,0.28320312,0.05834961,0.05273438,0.00075531,"Cytoplasm, Nucleus",Cytoplasm
ENSP00000446613,0.15722656,0.48242188,0.375,0.3125,0.05834961,0.40820312,0.1328125,0.25976562,0.08740234,0.07714844,0.1875,Cytoplasm,Cytoplasm
ENSP00000416386,0.30664062,0.17578125,0.21777344,0.7265625,0.3203125,0.18945312,0.01916504,0.16992188,0.26953125,0.21875,0.01281738,Extracellular,Cell membrane
ENSP00000402554,0.18261719,0.5546875,0.63671875,0.30078125,0.1328125,0.19726562,0.01000977,0.44140625,0.05834961,0.06542969,0.02160645,"Cytoplasm, Nucleus",Nucleus
ENSP00000357383,0.84765625,0.2265625,0.10839844,0.13964844,0.859375,0.04199219,0.00180817,0.296875,0.44726562,0.2265625,0.0480957,"Membrane, Cell membrane",Cell membrane
ENSP00000354921,0.17675781,0.640625,0.42773438,0.16796875,0.18945312,0.36132812,0.00337219,0.20898438,0.22949219,0.33398438,0.06933594,Cytoplasm,"Cytoplasm, Nucleus"
ENSP00000482500,0.04150391,0.4296875,0.85546875,0.08740234,0.02893066,0.13085938,0.00271606,0.01696777,0.02600098,0.03198242,0.01696777,Nucleus,"Cytoplasm, Nucleus"
ENSP00000248104,0.34179688,0.56640625,0.27734375,0.09667969,0.20703125,0.09960938,0.00421143,0.21972656,0.79296875,0.37109375,0.01135254,"Cytoplasm, Lysosome/Vacuole",Cytoplasm
ENSP00000467407,0.31054688,0.46875,0.5078125,0.34960938,0.08496094,0.4296875,0.00068665,0.4375,0.13183594,0.4765625,0.01940918,None,Mitochondrion
ENSP00000355815,0.14355469,0.546875,0.49804688,0.171875,0.19726562,0.13378906,0.01495361,0.13964844,0.07080078,0.16796875,0.04077148,Cytoplasm,Cytoplasm
ENSP00000494221,0.11132812,0.52734375,0.7109375,0.078125,0.06103516,0.08056641,0.00096893,0.1640625,0.08886719,0.16210938,0.01403809,"Cytoplasm, Nucleus",Nucleus
ENSP00000461388,0.21289062,0.62890625,0.58203125,0.01098633,0.17480469,0.18945312,0.00099945,0.14160156,0.19726562,0.2109375,0.01031494,"Cytoplasm, Nucleus","Cytoplasm, Nucleus"
ENSP00000357904,0.20410156,0.73046875,0.39648438,0.01794434,0.16992188,0.0402832,0.00262451,0.09521484,0.3046875,0.12158203,0.00939941,Cytoplasm,Nucleus
ENSP00000356332,0.78125,0.29296875,0.09814453,0.3203125,0.7890625,0.13476562,0.00145721,0.62109375,0.6015625,0.33984375,0.09960938,"Membrane, Cell membrane, Lysosome/Vacuole","Cytoplasm, Cell membrane"
ENSP00000398981,0.08154297,0.46875,0.8984375,0.00756836,0.04541016,0.07568359,0.00010252,0.05175781,0.09277344,0.11572266,0.00491333,Nucleus,Nucleus
ENSP00000473501,0.16796875,0.69921875,0.39453125,0.25976562,0.27734375,0.30078125,0.00239563,0.12988281,0.1875,0.20703125,0.4140625,Cytoplasm,"Cytoplasm, Cell membrane"
ENSP00000385303,0.90625,0.26757812,0.04150391,0.0043335,0.35742188,0.69921875,0.0324707,0.44140625,0.21875,0.07910156,0.62109375,"Membrane, Mitochondrion",Peroxisome
ENSP00000507941,0.38671875,0.47460938,0.34179688,0.05102539,0.18554688,0.65234375,0.01324463,0.60546875,0.18457031,0.35351562,0.08251953,"Cytoplasm, Mitochondrion",Cytoplasm
ENSP00000434998,0.23828125,0.62109375,0.32226562,0.15332031,0.34375,0.16992188,0.00113678,0.5,0.11425781,0.21972656,0.04077148,Cytoplasm,"Nucleus, Cell membrane"
ENSP00000323782,0.07470703,0.4921875,0.76953125,0.04956055,0.0534668,0.15039062,0.00317383,0.09521484,0.02844238,0.05737305,0.00337219,"Cytoplasm, Nucleus",Cytoplasm
ENSP00000489757,0.1875,0.47265625,0.375,0.02636719,0.13769531,0.25,0.02722168,0.484375,0.08154297,0.07714844,0.34179688,Cytoplasm,Mitochondrion
ENSP00000440485,0.5390625,0.59375,0.3828125,0.12695312,0.453125,0.15722656,0.0078125,0.17675781,0.08642578,0.23339844,0.01165771,"Membrane, Cytoplasm",Cytoplasm
ENSP00000385972,0.2734375,0.5703125,0.58984375,0.1328125,0.12597656,0.28710938,0.01544189,0.37109375,0.28710938,0.3046875,0.00280762,"Cytoplasm, Nucleus","Cytoplasm, Nucleus"
ENSP00000465413,0.25585938,0.578125,0.56640625,0.09960938,0.17773438,0.41015625,0.00460815,0.31445312,0.2890625,0.36914062,0.06176758,"Cytoplasm, Nucleus",Nucleus
ENSP00000433578,0.20410156,0.55078125,0.71875,0.07470703,0.12792969,0.11279297,0.04956055,0.33203125,0.40234375,0.23242188,0.08886719,"Cytoplasm, Nucleus",Cytoplasm
ENSP00000463053,0.12011719,0.41015625,0.55078125,0.23046875,0.12158203,0.52734375,0.265625,0.11279297,0.19921875,0.13574219,0.09667969,Nucleus,Nucleus
ENSP00000339335,0.30078125,0.6484375,0.33984375,0.44726562,0.27929688,0.19726562,0.00668335,0.17578125,0.39453125,0.28320312,0.0267334,Cytoplasm,"Cytoplasm, Nucleus, Cell membrane"
ENSP00000494836,0.29296875,0.59375,0.5390625,0.03369141,0.25585938,0.671875,0.01281738,0.28710938,0.24609375,0.04272461,0.07910156,"Cytoplasm, Nucleus, Mitochondrion","Cytoplasm, Nucleus, Endoplasmic reticulum"
ENSP00000481736,0.25585938,0.5859375,0.5390625,0.10253906,0.25195312,0.4296875,0.01098633,0.33984375,0.33203125,0.33007812,0.09033203,"Cytoplasm, Nucleus","Cytoplasm, Nucleus"
ENSP00000400978,0.94921875,0.15722656,0.12792969,0.08251953,0.56640625,0.06835938,0.04394531,0.52734375,0.41210938,0.37304688,0.06738281,"Membrane, Cell membrane",Endoplasmic reticulum
ENSP00000321691,0.09960938,0.8671875,0.45703125,0.27148438,0.23632812,0.3125,0.02929688,0.1328125,0.03686523,0.04345703,0.0390625,Cytoplasm,Nucleus
ENSP00000343706,0.06298828,0.5234375,0.90234375,0.05273438,0.05834961,0.27929688,0.0055542,0.0324707,0.09667969,0.07470703,0.02893066,"Cytoplasm, Nucleus",Nucleus
ENSP00000376842,0.06835938,0.50390625,0.90234375,0.00405884,0.03112793,0.06103516,0.00021648,0.04956055,0.11425781,0.15429688,0.00628662,"Cytoplasm, Nucleus",Nucleus
ENSP00000358775,0.20019531,0.12353516,0.23046875,0.05175781,0.12988281,0.859375,0.00288391,0.08642578,0.05102539,0.10839844,0.08642578,Mitochondrion,Mitochondrion
ENSP00000357933,0.13671875,0.58203125,0.6015625,0.04956055,0.14941406,0.34960938,0.01202393,0.14160156,0.1796875,0.23632812,0.13769531,"Cytoplasm, Nucleus",Cytoplasm
ENSP00000420230,0.671875,0.25585938,0.13867188,0.1640625,0.734375,0.10693359,0.00271606,0.28125,0.32226562,0.28125,0.03857422,"Membrane, Cell membrane",Cell membrane
ENSP00000455709,0.25585938,0.6171875,0.43359375,0.30078125,0.27539062,0.34960938,0.00337219,0.13183594,0.34570312,0.44335938,0.140625,Cytoplasm,Cell membrane
ENSP00000402432,0.19042969,0.53125,0.4296875,0.33203125,0.1875,0.55859375,0.0088501,0.24121094,0.3125,0.33203125,0.62109375,Cytoplasm,Cytoplasm
ENSP00000378347,0.15332031,0.21875,0.25195312,0.05737305,0.16796875,0.08056641,0.00154877,0.84765625,0.44335938,0.41601562,0.03735352,Endoplasmic reticulum,Endoplasmic reticulum
ENSP00000410924,0.04199219,0.47460938,0.8515625,0.06835938,0.04150391,0.05932617,0.00154877,0.02844238,0.03857422,0.21484375,0.01977539,"Cytoplasm, Nucleus",Nucleus
ENSP00000507974,0.33398438,0.625,0.4296875,0.07275391,0.37695312,0.04614258,0.00521851,0.06445312,0.19824219,0.04663086,0.04272461,Cytoplasm,"Cytoplasm, Nucleus, Cell membrane"
ENSP00000469165,0.62890625,0.43359375,0.24121094,0.13769531,0.16894531,0.12792969,0.02258301,0.7578125,0.8671875,0.47265625,0.0378418,"Membrane, Endoplasmic reticulum, Lysosome/Vacuole",Cell membrane
ENSP00000390921,0.31640625,0.640625,0.515625,0.03564453,0.20800781,0.05029297,0.0005722,0.20410156,0.3984375,0.23632812,0.00180817,Cytoplasm,"Cytoplasm, Nucleus, Cell membrane"
ENSP00000340836,0.14648438,0.73046875,0.51171875,0.078125,0.13574219,0.06640625,0.01940918,0.04956055,0.29296875,0.3203125,0.003479,Cytoplasm,Cytoplasm
ENSP00000483724,0.18261719,0.38085938,0.60546875,0.07714844,0.12158203,0.1796875,0.12109375,0.09277344,0.0324707,0.10351562,0.03466797,Nucleus,Nucleus
ENSP00000483581,0.81640625,0.23925781,0.09130859,0.24902344,0.83203125,0.03027344,0.00180817,0.31835938,0.45507812,0.2109375,0.06542969,"Membrane, Cell membrane",Cell membrane
ENSP00000465103,0.18261719,0.49804688,0.671875,0.32421875,0.24121094,0.35351562,0.01135254,0.23828125,0.20019531,0.25585938,0.09667969,"Cytoplasm, Nucleus",Endoplasmic reticulum
ENSP00000447690,0.12402344,0.5703125,0.53125,0.12890625,0.11425781,0.11132812,0.00860596,0.06005859,0.05273438,0.33203125,0.00382996,"Cytoplasm, Nucleus",Nucleus
ENSP00000429461,0.30273438,0.4140625,0.24316406,0.37304688,0.18261719,0.7265625,0.19726562,0.23242188,0.19335938,0.11279297,0.10253906,Mitochondrion,"Cytoplasm, Nucleus, Cell membrane"
ENSP00000417697,0.78125,0.10107422,0.07373047,0.453125,0.68359375,0.203125,0.01098633,0.08740234,0.35351562,0.09960938,0.30859375,"Membrane, Cell membrane",Cell membrane
ENSP00000395172,0.10351562,0.37304688,0.76171875,0.04345703,0.07373047,0.23339844,0.00360107,0.15722656,0.09130859,0.08398438,0.11132812,Nucleus,Nucleus
ENSP00000435478,0.31445312,0.72265625,0.22851562,0.04272461,0.21191406,0.26757812,0.00735474,0.15234375,0.15429688,0.09521484,0.20214844,Cytoplasm,"Nucleus, Cell membrane"
ENSP00000364366,0.25585938,0.71484375,0.5703125,0.02844238,0.328125,0.11279297,0.00830078,0.4296875,0.20605469,0.36328125,0.06542969,"Cytoplasm, Nucleus","Cytoplasm, Nucleus"
ENSP00000350101,0.20898438,0.43554688,0.56640625,0.40429688,0.33984375,0.62890625,0.00521851,0.12353516,0.3203125,0.45898438,0.25585938,Nucleus,Nucleus
ENSP00000443330,0.48046875,0.45117188,0.5859375,0.04345703,0.35546875,0.21777344,0.00460815,0.11279297,0.28125,0.55859375,0.003479,"Membrane, Nucleus",Nucleus
ENSP00000359727,0.19726562,0.64453125,0.421875,0.01495361,0.29101562,0.1328125,0.00592041,0.05834961,0.16894531,0.1796875,0.08398438,Cytoplasm,Cytoplasm
ENSP00000354633,0.04956055,0.22851562,0.88671875,0.08740234,0.04467773,0.05273438,0.00193024,0.02099609,0.01068115,0.01635742,0.00198364,Nucleus,Nucleus
ENSP00000402496,0.09277344,0.3515625,0.89453125,0.00805664,0.04150391,0.171875,0.0022583,0.05737305,0.16601562,0.05737305,0.00271606,Nucleus,Nucleus
ENSP00000507540,0.36914062,0.5625,0.41992188,0.01977539,0.23828125,0.07373047,0.00039291,0.24804688,0.45117188,0.42382812,0.00198364,Cytoplasm,"Cytoplasm, Nucleus, Cell membrane"
ENSP00000493494,0.44335938,0.71484375,0.22167969,0.07714844,0.49023438,0.29101562,0.07568359,0.20703125,0.34960938,0.2734375,0.3125,Cytoplasm,Nucleus
ENSP00000482619,0.15039062,0.46679688,0.49609375,0.58203125,0.23339844,0.41015625,0.01135254,0.10986328,0.10498047,0.24902344,0.40625,None,Nucleus
ENSP00000445058,0.5546875,0.58984375,0.36132812,0.10498047,0.37109375,0.13476562,0.01855469,0.30859375,0.09667969,0.26953125,0.05102539,"Membrane, Cytoplasm",Cytoplasm
ENSP00000404402,0.07177734,0.4921875,0.78515625,0.05419922,0.06738281,0.09423828,0.00317383,0.02124023,0.03466797,0.08740234,0.02978516,"Cytoplasm, Nucleus",Nucleus
ENSP00000460273,0.19042969,0.41210938,0.359375,0.2890625,0.18164062,0.27929688,0.05834961,0.29296875,0.29101562,0.31640625,0.11425781,None,"Cytoplasm, Nucleus"
ENSP00000434572,0.06298828,0.28515625,0.89453125,0.04199219,0.04077148,0.12988281,0.00231934,0.01098633,0.04736328,0.06298828,0.01135254,Nucleus,Nucleus
ENSP00000422756,0.13671875,0.6328125,0.4296875,0.00668335,0.03857422,0.1640625,0.0011673,0.08740234,0.05102539,0.06835938,0.13964844,Cytoplasm,Nucleus
ENSP00000381204,0.859375,0.16210938,0.07568359,0.51171875,0.74609375,0.08154297,0.00592041,0.28710938,0.48632812,0.3203125,0.0324707,"Membrane, Cell membrane",Golgi apparatus
ENSP00000301838,0.37109375,0.6796875,0.24804688,0.30078125,0.45898438,0.13183594,0.00175476,0.04467773,0.59375,0.24511719,0.00506592,"Cytoplasm, Lysosome/Vacuole","Cytoplasm, Nucleus"
ENSP00000448051,0.40234375,0.5390625,0.56640625,0.12109375,0.32617188,0.37304688,0.00668335,0.5625,0.5078125,0.33398438,0.04345703,"Cytoplasm, Nucleus",Nucleus
ENSP00000442083,0.3125,0.44921875,0.28515625,0.10351562,0.2421875,0.76171875,0.06738281,0.21875,0.18847656,0.40820312,0.15332031,Mitochondrion,Nucleus
ENSP00000434508,0.18945312,0.55078125,0.58984375,0.15039062,0.13769531,0.07568359,0.00337219,0.05029297,0.08642578,0.22851562,0.07470703,"Cytoplasm, Nucleus",Nucleus
ENSP00000429765,0.5703125,0.38671875,0.38671875,0.25390625,0.50390625,0.67578125,0.09033203,0.37304688,0.60546875,0.58203125,0.10351562,"Membrane, Mitochondrion, Lysosome/Vacuole",Endoplasmic reticulum
ENSP00000428609,0.24609375,0.59765625,0.38085938,0.01635742,0.13476562,0.6875,0.03369141,0.04467773,0.07470703,0.04663086,0.03027344,"Cytoplasm, Mitochondrion",Nucleus
ENSP00000463596,0.17285156,0.47460938,0.61328125,0.41015625,0.15429688,0.08886719,0.00308228,0.07177734,0.1875,0.12988281,0.00106812,"Cytoplasm, Nucleus",Nucleus
ENSP00000321445,0.0402832,0.2890625,0.96484375,0.01135254,0.03735352,0.08398438,0.00053406,0.01635742,0.04736328,0.03564453,0.03173828,Nucleus,Nucleus
ENSP00000479243,0.64453125,0.21289062,0.15234375,0.53515625,0.69140625,0.04882812,0.0011673,0.29492188,0.28125,0.24804688,0.05419922,"Membrane, Cell membrane",Cell membrane
ENSP00000413355,0.78125,0.16308594,0.23632812,0.00328064,0.13867188,0.16601562,0.04882812,0.86328125,0.5234375,0.67578125,0.0071106,"Membrane, Endoplasmic reticulum, Golgi apparatus",Golgi apparatus
ENSP00000397198,0.3359375,0.12402344,0.15722656,0.04614258,0.09277344,0.9609375,0.03112793,0.05737305,0.09667969,0.07470703,0.03320312,Mitochondrion,Cytoplasm
ENSP00000468452,0.23535156,0.1796875,0.19726562,0.05834961,0.125,0.9609375,0.00915527,0.06103516,0.04541016,0.08251953,0.29882812,Mitochondrion,Mitochondrion
ENSP00000359518,0.05102539,0.15527344,0.9609375,0.03063965,0.04077148,0.01635742,0.09277344,0.03112793,0.01916504,0.01281738,0.04394531,Nucleus,Nucleus
ENSP00000348050,0.66015625,0.20605469,0.25195312,0.29296875,0.26367188,0.22558594,0.00085449,0.83203125,0.31835938,0.58203125,0.06005859,"Membrane, Endoplasmic reticulum",Endoplasmic reticulum
ENSP00000285333,0.27929688,0.70703125,0.53515625,0.33984375,0.33203125,0.36132812,0.00082779,0.22363281,0.24609375,0.13378906,0.0071106,"Cytoplasm, Nucleus",Cytoplasm
ENSP00000351380,0.02978516,0.39648438,0.8671875,0.02197266,0.02600098,0.18457031,0.0078125,0.04956055,0.05102539,0.04272461,0.00915527,Nucleus,Nucleus
ENSP00000339690,0.78125,0.24511719,0.09814453,0.28125,0.77734375,0.04541016,0.00735474,0.41015625,0.38867188,0.22363281,0.08056641,"Membrane, Cell membrane",Cell membrane
ENSP00000479619,0.07275391,0.30273438,0.83203125,0.02368164,0.11572266,0.2109375,0.00154877,0.04614258,0.0534668,0.0559082,0.06738281,Nucleus,Nucleus
ENSP00000479128,0.26757812,0.40625,0.62890625,0.55078125,0.11914062,0.43359375,0.0267334,0.44335938,0.03466797,0.10351562,0.00337219,Nucleus,Nucleus
ENSP00000431979,0.13867188,0.41796875,0.7265625,0.27929688,0.10693359,0.73046875,0.06103516,0.23046875,0.14257812,0.16601562,0.07177734,"Nucleus, Mitochondrion",Nucleus
ENSP00000499371,0.22167969,0.44726562,0.73828125,0.10498047,0.11425781,0.20019531,0.02099609,0.3125,0.27929688,0.29882812,0.01202393,Nucleus,Nucleus
ENSP00000493140,0.03320312,0.32421875,0.91015625,0.24609375,0.02929688,0.20605469,0.00039291,0.03063965,0.01495361,0.02478027,0.02893066,Nucleus,Nucleus
ENSP00000428877,0.15332031,0.26953125,0.8203125,0.08642578,0.06445312,0.1875,0.05102539,0.18359375,0.0480957,0.171875,0.00445557,Nucleus,"Nucleus, Cell membrane"
ENSP00000319532,0.25390625,0.53125,0.5625,0.15039062,0.24609375,0.33203125,0.01635742,0.26171875,0.20898438,0.25,0.20410156,"Cytoplasm, Nucleus",Nucleus
ENSP00000497996,0.04882812,0.24804688,0.875,0.13964844,0.02404785,0.078125,0.00193024,0.0559082,0.01361084,0.02600098,0.00262451,Nucleus,Nucleus
ENSP00000384925,0.484375,0.53125,0.28125,0.04394531,0.51953125,0.19726562,0.00247192,0.06640625,0.07910156,0.1328125,0.0279541,"Membrane, Cytoplasm",Cytoplasm
ENSP00000389028,0.17871094,0.24609375,0.13476562,0.9375,0.18945312,0.14550781,0.01977539,0.32421875,0.20410156,0.25390625,0.01452637,Extracellular,Cell membrane
ENSP00000388887,0.4375,0.68359375,0.32226562,0.03198242,0.47460938,0.25585938,0.03515625,0.34960938,0.3046875,0.29101562,0.06103516,Cytoplasm,"Cytoplasm, Nucleus"
ENSP00000398720,0.0534668,0.71875,0.65234375,0.01940918,0.01635742,0.13085938,0.01940918,0.140625,0.01000977,0.01940918,0.10986328,"Cytoplasm, Nucleus",Cytoplasm
ENSP00000361577,0.26171875,0.59765625,0.6015625,0.03735352,0.20800781,0.11425781,0.00027847,0.19433594,0.18261719,0.125,0.06005859,"Cytoplasm, Nucleus",Nucleus
ENSP00000477624,0.796875,0.21582031,0.12402344,0.16601562,0.28125,0.8359375,0.09814453,0.3515625,0.13964844,0.18554688,0.35742188,"Membrane, Mitochondrion",Mitochondrion
ENSP00000455260,0.08740234,0.51953125,0.51953125,0.17480469,0.10986328,0.08496094,0.00021648,0.07470703,0.09423828,0.13085938,0.0007782,Cytoplasm,Nucleus
ENSP00000435383,0.39257812,0.69921875,0.34765625,0.02722168,0.17578125,0.19726562,0.00805664,0.20800781,0.3671875,0.12695312,0.13476562,Cytoplasm,"Nucleus, Cell membrane"
ENSP00000412919,0.09130859,0.37304688,0.82421875,0.05029297,0.04736328,0.19824219,0.0005722,0.19921875,0.13476562,0.18554688,0.00337219,Nucleus,Nucleus
ENSP00000443879,0.3515625,0.6328125,0.34960938,0.09130859,0.43554688,0.2265625,0.00247192,0.23535156,0.40820312,0.5078125,0.00610352,Cytoplasm,Nucleus
ENSP00000414177,0.16015625,0.40429688,0.78125,0.02978516,0.12890625,0.14257812,0.00031471,0.09814453,0.16894531,0.16992188,0.09033203,Nucleus,Nucleus
ENSP00000412141,0.45898438,0.40429688,0.53125,0.28710938,0.578125,0.40234375,0.02038574,0.5234375,0.03857422,0.06640625,0.06005859,"Membrane, Nucleus, Cell membrane",Cell membrane
ENSP00000410912,0.2265625,0.34179688,0.17285156,0.25585938,0.12011719,0.9453125,0.13964844,0.11425781,0.07714844,0.04345703,0.3046875,Mitochondrion,"Cytoplasm, Nucleus, Cell membrane"
ENSP00000404796,0.06933594,0.3203125,0.87109375,0.02514648,0.04077148,0.15234375,0.003479,0.05932617,0.01544189,0.0480957,0.01068115,Nucleus,Nucleus
ENSP00000262396,0.08056641,0.59765625,0.6015625,0.2890625,0.11767578,0.06738281,0.00756836,0.08496094,0.13183594,0.03686523,0.01165771,"Cytoplasm, Nucleus","Cytoplasm, Nucleus"
ENSP00000496136,0.06738281,0.30078125,0.7109375,0.1640625,0.03198242,0.421875,0.0055542,0.11572266,0.02099609,0.05419922,0.01794434,Nucleus,Mitochondrion
ENSP00000461145,0.15429688,0.4140625,0.546875,0.18359375,0.09130859,0.10986328,0.00491333,0.17773438,0.078125,0.14160156,0.00204468,Nucleus,Nucleus
ENSP00000435057,0.40820312,0.55078125,0.40234375,0.08496094,0.33984375,0.515625,0.00592041,0.06445312,0.27148438,0.2734375,0.01361084,Cytoplasm,"Cytoplasm, Nucleus"
ENSP00000337340,0.18261719,0.55078125,0.56640625,0.04272461,0.3515625,0.11425781,0.00491333,0.19824219,0.14550781,0.17089844,0.00628662,"Cytoplasm, Nucleus",Nucleus
ENSP00000464158,0.95703125,0.15136719,0.09423828,0.00970459,0.4609375,0.21972656,0.00060654,0.71484375,0.3046875,0.59375,0.07714844,"Membrane, Endoplasmic reticulum","Mitochondrion, Endoplasmic reticulum"
ENSP00000494697,0.28125,0.7109375,0.61328125,0.01977539,0.40234375,0.578125,0.00382996,0.25585938,0.1953125,0.04345703,0.07177734,"Cytoplasm, Nucleus","Cytoplasm, Nucleus, Endoplasmic reticulum"
ENSP00000385962,0.7890625,0.11767578,0.22363281,0.65234375,0.17285156,0.26367188,0.31445312,0.85546875,0.43164062,0.53515625,0.02758789,"Membrane, Extracellular, Endoplasmic reticulum",Nucleus
ENSP00000379758,0.94921875,0.15625,0.11767578,0.01031494,0.44140625,0.19433594,0.00058746,0.6171875,0.2421875,0.57421875,0.11572266,Membrane,"Mitochondrion, Endoplasmic reticulum"
ENSP00000340294,0.68359375,0.56640625,0.23242188,0.05102539,0.3984375,0.04956055,0.00805664,0.6640625,0.625,0.30664062,0.01324463,"Membrane, Cytoplasm, Endoplasmic reticulum, Lysosome/Vacuole",Cytoplasm
ENSP00000414323,0.1953125,0.609375,0.41796875,0.26367188,0.14550781,0.34960938,0.00180817,0.17773438,0.37890625,0.55078125,0.06640625,Cytoplasm,Cytoplasm
ENSP00000508017,0.24511719,0.5703125,0.57421875,0.05664062,0.12988281,0.29101562,0.00506592,0.453125,0.2421875,0.24804688,0.01031494,"Cytoplasm, Nucleus",Cytoplasm
ENSP00000409315,0.01068115,0.52734375,0.65234375,0.01855469,0.01031494,0.09521484,0.00024605,0.09033203,0.07568359,0.08154297,0.00096893,"Cytoplasm, Nucleus","Cytoplasm, Nucleus"
ENSP00000347275,0.796875,0.09960938,0.08154297,0.49023438,0.67578125,0.16894531,0.01361084,0.09277344,0.34765625,0.09277344,0.26757812,"Membrane, Cell membrane",Cell membrane
ENSP00000483473,0.82421875,0.23339844,0.08496094,0.1953125,0.828125,0.02844238,0.003479,0.37890625,0.34765625,0.22558594,0.08642578,"Membrane, Cell membrane",Cell membrane
ENSP00000481099,0.30273438,0.53125,0.49804688,0.57421875,0.16992188,0.39453125,0.01794434,0.6953125,0.19726562,0.21484375,0.17578125,"Cytoplasm, Endoplasmic reticulum",Nucleus
ENSP00000394858,0.78125,0.10839844,0.078125,0.46679688,0.71875,0.171875,0.0071106,0.10351562,0.359375,0.09521484,0.21777344,"Membrane, Cell membrane",Cell membrane
ENSP00000386688,0.08398438,0.46289062,0.5078125,0.48046875,0.07470703,0.28710938,0.12988281,0.14355469,0.15820312,0.17675781,0.2578125,None,Peroxisome
ENSP00000383710,0.1953125,0.46484375,0.53125,0.453125,0.26367188,0.5390625,0.00970459,0.20410156,0.21972656,0.33203125,0.19433594,Nucleus,Nucleus
ENSP00000355285,0.8515625,0.16894531,0.07910156,0.52734375,0.7421875,0.07910156,0.00592041,0.28125,0.484375,0.31445312,0.0324707,"Membrane, Cell membrane",Golgi apparatus
ENSP00000259037,0.71875,0.13574219,0.09277344,0.01068115,0.17773438,0.9453125,0.04956055,0.14160156,0.0402832,0.08056641,0.02001953,"Membrane, Mitochondrion",Mitochondrion
ENSP00000505459,0.171875,0.51953125,0.37109375,0.26367188,0.04541016,0.33203125,0.09960938,0.25,0.05932617,0.06103516,0.13476562,Cytoplasm,Cytoplasm
ENSP00000493145,0.22167969,0.41601562,0.5546875,0.5,0.25976562,0.48632812,0.01977539,0.16796875,0.14746094,0.24902344,0.06005859,Nucleus,Nucleus
ENSP00000458425,0.24121094,0.48046875,0.47460938,0.39453125,0.10693359,0.16308594,0.03686523,0.08886719,0.18164062,0.10107422,0.07568359,Cytoplasm,Nucleus
ENSP00000441844,0.06347656,0.625,0.73828125,0.0071106,0.0324707,0.2734375,0.01696777,0.265625,0.04199219,0.02514648,0.08154297,"Cytoplasm, Nucleus",Mitochondrion
ENSP00000423100,0.07568359,0.2265625,0.9609375,0.02600098,0.02722168,0.09667969,0.00689697,0.02844238,0.04663086,0.00939941,0.01165771,Nucleus,Nucleus
ENSP00000356372,0.20019531,0.65625,0.52734375,0.04077148,0.0534668,0.26367188,0.09130859,0.18164062,0.6953125,0.8046875,0.0055542,"Cytoplasm, Lysosome/Vacuole, Golgi apparatus",Nucleus
ENSP00000329920,0.875,0.28710938,0.13769531,0.02929688,0.7890625,0.02758789,0.00015831,0.28515625,0.4375,0.5390625,0.03686523,"Membrane, Cell membrane",Cell membrane
ENSP00000497105,0.12011719,0.68359375,0.6015625,0.05493164,0.04614258,0.20019531,0.03466797,0.14746094,0.31835938,0.29296875,0.1328125,"Cytoplasm, Nucleus",Nucleus
ENSP00000478795,0.328125,0.42382812,0.5859375,0.04199219,0.28320312,0.453125,0.00041771,0.0559082,0.09521484,0.01977539,0.0043335,Nucleus,Nucleus
ENSP00000461965,0.11425781,0.7109375,0.6796875,0.04394531,0.09960938,0.18261719,0.00506592,0.17578125,0.25390625,0.1875,0.11425781,"Cytoplasm, Nucleus","Cytoplasm, Nucleus"
ENSP00000442817,0.04663086,0.6875,0.66015625,0.01452637,0.04467773,0.24609375,0.0088501,0.12695312,0.10693359,0.21875,0.02368164,"Cytoplasm, Nucleus",Nucleus
ENSP00000438000,0.10498047,0.38085938,0.79296875,0.04467773,0.05737305,0.22949219,0.00099945,0.16699219,0.078125,0.18554688,0.00650024,Nucleus,Nucleus
ENSP00000433322,0.375,0.578125,0.5234375,0.19238281,0.16699219,0.65234375,0.01068115,0.31640625,0.08398438,0.45898438,0.03613281,"Cytoplasm, Mitochondrion",Nucleus
ENSP00000415044,0.13671875,0.40429688,0.31640625,0.75390625,0.15234375,0.49804688,0.07910156,0.23046875,0.12402344,0.35742188,0.0055542,Extracellular,Nucleus
ENSP00000414071,0.96484375,0.15917969,0.07714844,0.00735474,0.46289062,0.27539062,0.00113678,0.625,0.30664062,0.546875,0.13769531,Membrane,"Mitochondrion, Endoplasmic reticulum"
ENSP00000450791,0.29101562,0.19433594,0.12792969,0.8828125,0.296875,0.14746094,0.00328064,0.38867188,0.20800781,0.4296875,0.02160645,Extracellular,Nucleus
ENSP00000433561,0.29101562,0.63671875,0.49023438,0.08740234,0.15625,0.04614258,0.00756836,0.10839844,0.09667969,0.12353516,0.01745605,Cytoplasm,Cytoplasm
ENSP00000401452,0.26953125,0.89453125,0.07714844,0.13671875,0.3359375,0.14941406,0.00308228,0.078125,0.36132812,0.24511719,0.00231934,Cytoplasm,Cytoplasm
ENSP00000343060,0.10253906,0.53515625,0.58984375,0.15527344,0.06103516,0.17675781,0.00288391,0.05834961,0.0390625,0.10253906,0.03173828,"Cytoplasm, Nucleus","Cytoplasm, Nucleus"
ENSP00000420933,0.06738281,0.453125,0.734375,0.0279541,0.02404785,0.05664062,0.00026131,0.04882812,0.03955078,0.11572266,0.00460815,Nucleus,Nucleus
ENSP00000362463,0.25195312,0.87890625,0.17480469,0.35546875,0.09130859,0.17578125,0.0071106,0.6640625,0.0324707,0.12695312,0.48828125,"Cytoplasm, Endoplasmic reticulum","Cytoplasm, Nucleus, Cell membrane"
ENSP00000346239,0.171875,0.81640625,0.46679688,0.23339844,0.34765625,0.20605469,0.00915527,0.20214844,0.09667969,0.03417969,0.01696777,Cytoplasm,Nucleus
ENSP00000304327,0.12255859,0.61328125,0.6875,0.09960938,0.20605469,0.22167969,0.00297546,0.15234375,0.11572266,0.21972656,0.12402344,"Cytoplasm, Nucleus",Nucleus
ENSP00000500602,0.16699219,0.45898438,0.42382812,0.33203125,0.07470703,0.34375,0.09130859,0.34570312,0.25585938,0.3828125,0.38476562,None,Nucleus
ENSP00000460661,0.1953125,0.46875,0.5078125,0.45507812,0.23632812,0.53515625,0.02258301,0.12988281,0.20214844,0.29296875,0.28125,None,Golgi apparatus
ENSP00000253023,0.40429688,0.5,0.6015625,0.01794434,0.27539062,0.16796875,0.00668335,0.27734375,0.6328125,0.49414062,0.00592041,"Cytoplasm, Nucleus, Lysosome/Vacuole",Nucleus
ENSP00000506294,0.16015625,0.53515625,0.41601562,0.50390625,0.203125,0.48828125,0.00280762,0.07275391,0.23925781,0.078125,0.00650024,Cytoplasm,"Cytoplasm, Nucleus"
ENSP00000501444,0.33789062,0.515625,0.40429688,0.08642578,0.12890625,0.14746094,0.00970459,0.19238281,0.640625,0.4140625,0.02929688,"Cytoplasm, Lysosome/Vacuole",Cytoplasm
ENSP00000437459,0.11572266,0.390625,0.609375,0.03857422,0.05737305,0.09814453,0.08496094,0.08056641,0.01403809,0.13476562,0.01068115,Nucleus,Nucleus
ENSP00000497622,0.29492188,0.51171875,0.359375,0.10693359,0.13867188,0.11767578,0.01281738,0.56640625,0.61328125,0.48632812,0.01324463,"Cytoplasm, Lysosome/Vacuole",Nucleus
ENSP00000464084,0.875,0.18847656,0.11914062,0.04467773,0.90234375,0.06640625,0.00262451,0.1875,0.57421875,0.24511719,0.20410156,"Membrane, Cell membrane, Lysosome/Vacuole",Cell membrane
ENSP00000436575,0.20214844,0.43164062,0.80859375,0.01794434,0.04394531,0.3359375,0.00034523,0.12695312,0.04882812,0.21777344,0.01165771,Nucleus,Nucleus
ENSP00000435798,0.3828125,0.546875,0.49023438,0.09667969,0.33984375,0.41601562,0.00328064,0.18847656,0.1796875,0.22851562,0.04882812,Cytoplasm,"Cytoplasm, Nucleus"
ENSP00000394502,0.10351562,0.5859375,0.76953125,0.07177734,0.16210938,0.16796875,0.00860596,0.16308594,0.24902344,0.07910156,0.25,"Cytoplasm, Nucleus",Nucleus
ENSP00000386623,0.10498047,0.3671875,0.6953125,0.33398438,0.02758789,0.18457031,0.00735474,0.4921875,0.08056641,0.05493164,0.03515625,Nucleus,Nucleus
ENSP00000222968,0.10498047,0.41601562,0.671875,0.0279541,0.07275391,0.07080078,0.0018692,0.09521484,0.04150391,0.0390625,0.00405884,Nucleus,"Cytoplasm, Cell membrane"
ENSP00000452545,0.05932617,0.34960938,0.94140625,0.05175781,0.02758789,0.06738281,0.00445557,0.04541016,0.09423828,0.05029297,0.00212097,Nucleus,Nucleus
ENSP00000450228,0.22949219,0.62109375,0.6328125,0.15527344,0.24804688,0.4453125,0.05737305,0.26367188,0.23046875,0.11914062,0.02331543,"Cytoplasm, Nucleus",Cytoplasm
ENSP00000453631,0.02478027,0.4765625,0.7109375,0.10107422,0.01452637,0.22265625,0.00247192,0.05493164,0.01361084,0.05493164,0.00735474,"Cytoplasm, Nucleus",Nucleus
ENSP00000392425,0.6328125,0.3515625,0.375,0.21972656,0.55078125,0.68359375,0.07177734,0.390625,0.59375,0.6328125,0.14453125,"Membrane, Cell membrane, Mitochondrion, Lysosome/Vacuole",Endoplasmic reticulum
ENSP00000498206,0.25,0.54296875,0.37890625,0.10839844,0.13378906,0.11132812,0.01098633,0.5078125,0.53515625,0.39257812,0.01794434,Cytoplasm,Nucleus
ENSP00000465068,0.06640625,0.40625,0.89453125,0.02258301,0.06542969,0.11425781,0.01495361,0.11279297,0.06005859,0.04956055,0.01324463,Nucleus,Nucleus
ENSP00000454999,0.48046875,0.57421875,0.18554688,0.55078125,0.10839844,0.23242188,0.12988281,0.375,0.26367188,0.04394531,0.03320312,"Membrane, Cytoplasm",Nucleus
ENSP00000453720,0.9296875,0.24316406,0.171875,0.07275391,0.5703125,0.0402832,0.00085449,0.76171875,0.578125,0.90234375,0.01202393,"Membrane, Cell membrane, Endoplasmic reticulum, Lysosome/Vacuole, Golgi apparatus",Golgi apparatus
ENSP00000450934,0.11767578,0.65625,0.50390625,0.09130859,0.16113281,0.14257812,0.03686523,0.16894531,0.11279297,0.25976562,0.14355469,Cytoplasm,Cytoplasm
ENSP00000449299,0.16308594,0.52734375,0.41796875,0.51171875,0.22265625,0.47460938,0.00247192,0.08056641,0.1953125,0.07568359,0.0071106,Cytoplasm,"Cytoplasm, Nucleus"
ENSP00000419248,0.6484375,0.16699219,0.09423828,0.01544189,0.14160156,0.94140625,0.04394531,0.18945312,0.03112793,0.08740234,0.02978516,"Membrane, Mitochondrion",Mitochondrion
ENSP00000344330,0.77734375,0.55859375,0.2890625,0.03417969,0.7265625,0.29296875,0.0055542,0.09960938,0.54296875,0.25,0.01324463,"Membrane, Cytoplasm, Cell membrane",Cytoplasm
ENSP00000491581,0.2265625,0.16113281,0.12109375,0.01281738,0.04956055,0.92578125,0.12158203,0.03564453,0.04614258,0.03369141,0.17089844,Mitochondrion,Mitochondrion
ENSP00000455088,0.23828125,0.22558594,0.06738281,0.07910156,0.07177734,0.8515625,0.36523438,0.10253906,0.0279541,0.0279541,0.05834961,Mitochondrion,Mitochondrion
ENSP00000453201,0.24804688,0.625,0.515625,0.0324707,0.19042969,0.20800781,0.00066757,0.14648438,0.17675781,0.14453125,0.01245117,Cytoplasm,Nucleus
ENSP00000409820,0.84375,0.18847656,0.20800781,0.04077148,0.31640625,0.28320312,0.02368164,0.90625,0.39453125,0.37109375,0.09521484,"Membrane, Endoplasmic reticulum",Cytoplasm
ENSP00000467841,0.13574219,0.37109375,0.65625,0.07080078,0.10107422,0.12109375,0.00360107,0.06835938,0.171875,0.0534668,0.06933594,Nucleus,Nucleus
ENSP00000456491,0.21191406,0.14160156,0.14746094,0.94140625,0.25585938,0.08251953,0.00756836,0.26757812,0.22363281,0.2578125,0.01098633,Extracellular,Cell membrane
ENSP00000390788,0.09667969,0.50390625,0.66796875,0.17773438,0.09521484,0.24804688,0.01068115,0.12792969,0.11425781,0.06298828,0.05932617,"Cytoplasm, Nucleus",Cell membrane
ENSP00000372651,0.13769531,0.484375,0.59765625,0.5546875,0.203125,0.37890625,0.01940918,0.125,0.16992188,0.30078125,0.0559082,"Cytoplasm, Nucleus",Nucleus
ENSP00000498150,0.17675781,0.6171875,0.5859375,0.20898438,0.19433594,0.37890625,0.07568359,0.2734375,0.21289062,0.1875,0.09033203,"Cytoplasm, Nucleus",Nucleus
ENSP00000475146,0.3515625,0.5078125,0.40234375,0.171875,0.3515625,0.38671875,0.02197266,0.37890625,0.3203125,0.48046875,0.10107422,Cytoplasm,Nucleus
ENSP00000452878,0.03173828,0.11572266,0.9765625,0.00106812,0.01403809,0.02844238,0.02514648,0.09667969,0.06176758,0.11572266,0.01544189,Nucleus,Nucleus
ENSP00000414655,0.08886719,0.53515625,0.58984375,0.21191406,0.12402344,0.10693359,0.00756836,0.15332031,0.19921875,0.08740234,0.02636719,"Cytoplasm, Nucleus",Cytoplasm
ENSP00000413925,0.36132812,0.62890625,0.31445312,0.34765625,0.3359375,0.71875,0.01245117,0.36523438,0.5546875,0.51171875,0.09667969,"Cytoplasm, Mitochondrion",Cytoplasm
ENSP00000368745,0.51953125,0.64453125,0.36523438,0.05834961,0.50390625,0.22558594,0.01361084,0.21289062,0.37890625,0.38476562,0.00939941,"Membrane, Cytoplasm","Cytoplasm, Nucleus"
ENSP00000474048,0.12988281,0.40039062,0.46484375,0.5546875,0.23339844,0.40820312,0.00280762,0.11279297,0.15625,0.23632812,0.7421875,Peroxisome,Nucleus
ENSP00000429628,0.09960938,0.32421875,0.68359375,0.10107422,0.13964844,0.07714844,0.00035667,0.01202393,0.09277344,0.06640625,0.11425781,Nucleus,Nucleus
ENSP00000417632,0.140625,0.69921875,0.57421875,0.0255127,0.11132812,0.46484375,0.003479,0.04394531,0.24511719,0.14941406,0.02404785,"Cytoplasm, Nucleus",Mitochondrion
ENSP00000492149,0.10839844,0.6015625,0.71484375,0.09130859,0.12011719,0.17089844,0.00756836,0.19921875,0.2734375,0.21777344,0.09277344,"Cytoplasm, Nucleus",Nucleus
ENSP00000404950,0.359375,0.12890625,0.14257812,0.73828125,0.45507812,0.05419922,0.00756836,0.21289062,0.24511719,0.15625,0.00337219,Extracellular,Cell membrane
ENSP00000367901,0.125,0.609375,0.66015625,0.09277344,0.20214844,0.22167969,0.00297546,0.16210938,0.09814453,0.20410156,0.15917969,"Cytoplasm, Nucleus",Nucleus
ENSP00000498311,0.03857422,0.12695312,0.90625,0.02636719,0.01452637,0.16308594,0.08642578,0.03369141,0.01281738,0.04956055,0.00915527,Nucleus,Nucleus
ENSP00000462446,0.828125,0.16113281,0.16113281,0.11572266,0.49609375,0.23046875,0.0057373,0.45507812,0.31054688,0.18261719,0.08251953,Membrane,Cell membrane
ENSP00000442725,0.5078125,0.44335938,0.44140625,0.01098633,0.22558594,0.265625,0.00109863,0.05932617,0.28710938,0.13378906,0.00668335,Membrane,Cytoplasm
ENSP00000441425,0.21777344,0.56640625,0.30078125,0.31054688,0.21582031,0.19042969,0.00805664,0.20605469,0.11572266,0.14746094,0.00476074,Cytoplasm,"Cytoplasm, Nucleus"
ENSP00000377133,0.11767578,0.34375,0.75,0.05102539,0.05664062,0.11132812,0.01361084,0.12011719,0.02038574,0.06640625,0.02124023,Nucleus,Nucleus
ENSP00000347133,0.1796875,0.50390625,0.52734375,0.09814453,0.17675781,0.26171875,0.00521851,0.14160156,0.2578125,0.30664062,0.32421875,Cytoplasm,Mitochondrion
ENSP00000458596,0.5703125,0.48046875,0.35742188,0.33789062,0.42578125,0.75390625,0.00491333,0.27148438,0.17285156,0.29296875,0.01452637,"Membrane, Cytoplasm, Mitochondrion",Mitochondrion
ENSP00000452763,0.12011719,0.21582031,0.265625,0.07470703,0.06542969,0.921875,0.13574219,0.07714844,0.03613281,0.02331543,0.078125,Mitochondrion,"Cytoplasm, Endoplasmic reticulum"
ENSP00000450519,0.06445312,0.6328125,0.76171875,0.03198242,0.05932617,0.19824219,0.01281738,0.16308594,0.078125,0.06738281,0.03173828,"Cytoplasm, Nucleus",Nucleus
ENSP00000444110,0.22558594,0.6796875,0.49804688,0.07177734,0.30273438,0.26953125,0.00136566,0.07373047,0.10839844,0.21875,0.05273438,Cytoplasm,"Nucleus, Cell membrane"
ENSP00000464646,0.3125,0.53125,0.6015625,0.06933594,0.1796875,0.34179688,0.0088501,0.20800781,0.11279297,0.0534668,0.00445557,"Cytoplasm, Nucleus","Cytoplasm, Cell membrane"
ENSP00000452909,0.16113281,0.18945312,0.18457031,0.06445312,0.06176758,0.92578125,0.18847656,0.08056641,0.03735352,0.03955078,0.04345703,Mitochondrion,"Cytoplasm, Endoplasmic reticulum"
ENSP00000436839,0.12695312,0.828125,0.60546875,0.13964844,0.171875,0.40625,0.00970459,0.07177734,0.33203125,0.03564453,0.85546875,"Cytoplasm, Nucleus, Peroxisome","Cytoplasm, Nucleus, Cell membrane"
ENSP00000469917,0.20410156,0.54296875,0.4375,0.43554688,0.18945312,0.1875,0.01281738,0.16699219,0.28710938,0.28515625,0.05029297,Cytoplasm,"Cytoplasm, Nucleus, Cell membrane"
ENSP00000467566,0.24316406,0.19726562,0.10351562,0.77734375,0.18847656,0.18359375,0.01202393,0.38671875,0.44140625,0.20800781,0.00337219,Extracellular,Endoplasmic reticulum
ENSP00000457082,0.17089844,0.39648438,0.73046875,0.01098633,0.16894531,0.14550781,0.01245117,0.12988281,0.15527344,0.10839844,0.01361084,Nucleus,Nucleus
ENSP00000433033,0.20605469,0.26757812,0.13378906,0.76171875,0.078125,0.48828125,0.01544189,0.24609375,0.01098633,0.390625,0.00805664,Extracellular,"Cytoplasm, Nucleus"
ENSP00000432453,0.609375,0.66015625,0.43945312,0.01831055,0.4765625,0.15917969,0.00288391,0.2890625,0.43945312,0.21972656,0.02404785,"Membrane, Cytoplasm",Cytoplasm
ENSP00000430322,0.20800781,0.296875,0.27539062,0.02758789,0.10839844,0.93359375,0.01977539,0.03955078,0.05273438,0.06103516,0.00262451,Mitochondrion,Mitochondrion
ENSP00000407265,0.06103516,0.37304688,0.703125,0.0480957,0.01586914,0.11425781,0.01098633,0.07568359,0.01977539,0.02844238,0.01586914,Nucleus,Nucleus
ENSP00000394699,0.5234375,0.64453125,0.453125,0.05493164,0.49804688,0.12353516,0.01361084,0.33007812,0.4609375,0.25976562,0.00650024,"Membrane, Cytoplasm",Nucleus
ENSP00000357374,0.33007812,0.20898438,0.18554688,0.6484375,0.30078125,0.11132812,0.03063965,0.359375,0.3515625,0.32421875,0.01281738,Extracellular,Cell membrane
ENSP00000472375,0.14257812,0.78515625,0.32421875,0.20703125,0.10253906,0.25585938,0.10107422,0.21582031,0.28515625,0.13867188,0.15917969,Cytoplasm,Cytoplasm
ENSP00000467651,0.17285156,0.34375,0.6953125,0.16308594,0.17578125,0.3359375,0.04614258,0.09033203,0.03735352,0.03320312,0.01916504,Nucleus,Cytoplasm
ENSP00000460067,0.17089844,0.43359375,0.53125,0.28710938,0.19042969,0.43945312,0.02478027,0.14550781,0.1796875,0.140625,0.12255859,Nucleus,Nucleus
ENSP00000453781,0.16796875,0.4453125,0.47070312,0.24316406,0.15039062,0.6640625,0.13574219,0.13867188,0.10693359,0.13769531,0.03466797,Mitochondrion,Mitochondrion
ENSP00000449287,0.03955078,0.16796875,0.96484375,0.00060654,0.01916504,0.04614258,0.04077148,0.14648438,0.08886719,0.13769531,0.01635742,Nucleus,Nucleus
ENSP00000436824,0.19433594,0.578125,0.38867188,0.04614258,0.14550781,0.1875,0.01202393,0.24902344,0.2734375,0.12695312,0.07080078,Cytoplasm,"Cytoplasm, Nucleus"
ENSP00000429946,0.09423828,0.4609375,0.796875,0.06347656,0.10498047,0.04272461,0.00939941,0.07910156,0.0559082,0.03515625,0.00460815,Nucleus,Nucleus
ENSP00000428991,0.375,0.39257812,0.49414062,0.45898438,0.22265625,0.53515625,0.06176758,0.26757812,0.37304688,0.3984375,0.00421143,None,Cytoplasm
ENSP00000421390,0.21289062,0.54296875,0.51171875,0.08056641,0.09960938,0.20410156,0.0088501,0.19824219,0.24609375,0.22558594,0.00628662,Cytoplasm,"Cytoplasm, Nucleus"
ENSP00000345092,0.04614258,0.4296875,0.7890625,0.03063965,0.0402832,0.13085938,0.00170135,0.08398438,0.01403809,0.0378418,0.01281738,Nucleus,Nucleus
ENSP00000475656,0.02844238,0.33398438,0.94140625,0.390625,0.01794434,0.06835938,0.00328064,0.01068115,0.02294922,0.04882812,0.00154877,Nucleus,Nucleus
ENSP00000411577,0.04077148,0.11572266,0.95703125,0.08251953,0.07714844,0.00970459,0.0005722,0.10498047,0.06835938,0.08886719,0.00805664,Nucleus,"Cytoplasm, Nucleus"
ENSP00000398116,0.02331543,0.42382812,0.73046875,0.03735352,0.03027344,0.03112793,0.00070953,0.08056641,0.0480957,0.01495361,0.00198364,Nucleus,Nucleus
ENSP00000342814,0.8203125,0.2421875,0.08056641,0.23632812,0.84375,0.02844238,0.003479,0.36132812,0.40820312,0.19433594,0.07177734,"Membrane, Cell membrane",Cell membrane
ENSP00000456783,0.5546875,0.73828125,0.23632812,0.09423828,0.55078125,0.17871094,0.00036812,0.13867188,0.47070312,0.67578125,0.03466797,"Membrane, Cytoplasm, Cell membrane, Golgi apparatus",Cell membrane
ENSP00000412265,0.10253906,0.578125,0.47851562,0.28515625,0.11572266,0.4765625,0.04272461,0.07275391,0.14160156,0.28515625,0.04956055,Cytoplasm,"Cytoplasm, Nucleus"
ENSP00000363959,0.10253906,0.3515625,0.7578125,0.20214844,0.05029297,0.20019531,0.00064468,0.15917969,0.06005859,0.02038574,0.4453125,Nucleus,Nucleus
ENSP00000357457,0.34765625,0.6953125,0.32226562,0.14160156,0.3515625,0.34179688,0.00370789,0.2578125,0.5,0.56640625,0.02197266,Cytoplasm,Golgi apparatus
ENSP00000465770,0.2109375,0.15527344,0.12988281,0.0378418,0.06542969,0.96875,0.02258301,0.04956055,0.04199219,0.06445312,0.50390625,Mitochondrion,Mitochondrion
ENSP00000436445,0.10107422,0.38476562,0.765625,0.40039062,0.14746094,0.12988281,0.03613281,0.11572266,0.10693359,0.14550781,0.0008812,Nucleus,Cytoplasm
ENSP00000434444,0.06933594,0.41210938,0.80859375,0.13476562,0.01696777,0.13476562,0.01165771,0.20605469,0.07080078,0.04736328,0.00939941,Nucleus,Nucleus
ENSP00000434386,0.20800781,0.67578125,0.58203125,0.40625,0.16796875,0.13183594,0.00689697,0.03735352,0.34179688,0.10839844,0.43164062,"Cytoplasm, Nucleus",Nucleus
ENSP00000406227,0.06347656,0.453125,0.78515625,0.03369141,0.04736328,0.14355469,0.00328064,0.1328125,0.10253906,0.10107422,0.01324463,Nucleus,Nucleus
ENSP00000258662,0.33984375,0.65234375,0.6015625,0.0324707,0.1796875,0.12353516,0.01135254,0.12402344,0.01495361,0.09423828,0.20800781,"Cytoplasm, Nucleus",Nucleus
ENSP00000497364,0.21289062,0.53515625,0.47460938,0.14453125,0.11279297,0.11279297,0.02368164,0.36914062,0.46875,0.31835938,0.02978516,Cytoplasm,Nucleus
ENSP00000486048,0.51171875,0.66796875,0.51953125,0.01544189,0.4375,0.14550781,0.00021648,0.02978516,0.23046875,0.05932617,0.02844238,"Membrane, Cytoplasm",Cytoplasm
ENSP00000460751,0.15820312,0.4375,0.796875,0.27734375,0.07910156,0.24121094,0.00271606,0.14257812,0.140625,0.08251953,0.10107422,Nucleus,Nucleus
ENSP00000453029,0.18359375,0.20800781,0.23242188,0.06005859,0.09667969,0.92578125,0.12158203,0.06103516,0.05493164,0.03417969,0.03564453,Mitochondrion,"Cytoplasm, Endoplasmic reticulum"
ENSP00000408628,0.21582031,0.15722656,0.10498047,0.9140625,0.14746094,0.09521484,0.03564453,0.62109375,0.38867188,0.48632812,0.00860596,Extracellular,Endoplasmic reticulum
ENSP00000297613,0.15332031,0.58203125,0.546875,0.00231934,0.11425781,0.63671875,0.00180817,0.09521484,0.33398438,0.140625,0.10253906,"Cytoplasm, Nucleus",Nucleus
ENSP00000482839,0.359375,0.4609375,0.41992188,0.26171875,0.3671875,0.55078125,0.01068115,0.30859375,0.48242188,0.4921875,0.2421875,None,"Cytoplasm, Nucleus"
ENSP00000479315,0.30078125,0.41015625,0.42382812,0.48828125,0.27148438,0.6875,0.03320312,0.28710938,0.45898438,0.58984375,0.35546875,Mitochondrion,Nucleus
ENSP00000464899,0.09814453,0.5390625,0.60546875,0.13476562,0.06347656,0.09521484,0.00393677,0.19238281,0.07373047,0.09814453,0.0057373,"Cytoplasm, Nucleus",Cytoplasm
ENSP00000464077,0.29492188,0.56640625,0.4609375,0.16601562,0.21191406,0.7265625,0.09667969,0.25976562,0.515625,0.42578125,0.02514648,"Cytoplasm, Mitochondrion",Nucleus
ENSP00000462344,0.7109375,0.25585938,0.28125,0.15234375,0.43164062,0.37304688,0.01245117,0.640625,0.66015625,0.74609375,0.23828125,"Membrane, Endoplasmic reticulum, Lysosome/Vacuole, Golgi apparatus",Nucleus
ENSP00000431638,0.38476562,0.546875,0.31835938,0.09667969,0.25585938,0.328125,0.06542969,0.8359375,0.77734375,0.515625,0.01403809,"Cytoplasm, Endoplasmic reticulum, Lysosome/Vacuole",Cytoplasm
ENSP00000451256,0.59375,0.65234375,0.17285156,0.03198242,0.6640625,0.11572266,0.00288391,0.11572266,0.43359375,0.20703125,0.19824219,"Membrane, Cytoplasm, Cell membrane","Cytoplasm, Nucleus, Cell membrane"
ENSP00000449144,0.28320312,0.34179688,0.23828125,0.01696777,0.08056641,0.859375,0.01403809,0.37890625,0.06835938,0.10693359,0.02514648,Mitochondrion,Mitochondrion
ENSP00000439269,0.5078125,0.8125,0.27929688,0.14648438,0.31640625,0.1328125,0.04394531,0.2890625,0.20605469,0.515625,0.00159454,"Membrane, Cytoplasm",Cytoplasm
ENSP00000417662,0.16601562,0.55078125,0.46875,0.21484375,0.140625,0.50390625,0.0378418,0.26367188,0.31835938,0.21289062,0.421875,Cytoplasm,Endoplasmic reticulum
ENSP00000403659,0.10351562,0.58203125,0.69921875,0.16308594,0.14453125,0.15820312,0.00537109,0.16308594,0.20605469,0.12988281,0.0324707,"Cytoplasm, Nucleus",Nucleus
ENSP00000335674,0.27734375,0.46875,0.515625,0.12792969,0.23046875,0.546875,0.01324463,0.328125,0.19238281,0.23632812,0.08251953,None,"Cytoplasm, Cell membrane"
ENSP00000301587,0.22363281,0.32421875,0.21777344,0.01794434,0.05175781,0.875,0.00460815,0.05834961,0.01977539,0.10107422,0.00860596,Mitochondrion,Mitochondrion
ENSP00000497176,0.23339844,0.43554688,0.53125,0.53125,0.29296875,0.45507812,0.01245117,0.30078125,0.30078125,0.35742188,0.203125,Nucleus,Nucleus
ENSP00000467906,0.21972656,0.54296875,0.49414062,0.24609375,0.23828125,0.48828125,0.00915527,0.25390625,0.22265625,0.44140625,0.30078125,Cytoplasm,Mitochondrion
ENSP00000455108,0.05029297,0.47851562,0.84375,0.36523438,0.03735352,0.12353516,0.00218201,0.09130859,0.02368164,0.15039062,0.00337219,"Cytoplasm, Nucleus",Nucleus
ENSP00000436668,0.87890625,0.08496094,0.03417969,0.09814453,0.80859375,0.07910156,0.00175476,0.39648438,0.25976562,0.19042969,0.02893066,"Membrane, Cell membrane",Cell membrane
ENSP00000426551,0.14355469,0.60546875,0.546875,0.03027344,0.18359375,0.20800781,0.01000977,0.11132812,0.11914062,0.17773438,0.37304688,"Cytoplasm, Nucleus",Cytoplasm
ENSP00000420273,0.48632812,0.5234375,0.31445312,0.10498047,0.5390625,0.359375,0.06933594,0.24316406,0.30078125,0.484375,0.06347656,"Membrane, Cytoplasm, Cell membrane",Nucleus
ENSP00000378422,0.171875,0.54296875,0.5703125,0.43359375,0.13378906,0.46289062,0.05834961,0.31445312,0.3515625,0.23828125,0.14257812,"Cytoplasm, Nucleus",Endoplasmic reticulum
ENSP00000394340,0.24609375,0.73046875,0.30859375,0.46484375,0.27148438,0.08251953,0.00159454,0.13183594,0.12988281,0.18457031,0.01586914,Cytoplasm,Nucleus
ENSP00000357381,0.32226562,0.15136719,0.15234375,0.78125,0.3203125,0.09814453,0.02600098,0.30273438,0.2890625,0.296875,0.00668335,Extracellular,Cell membrane
ENSP00000300433,0.71484375,0.2578125,0.18164062,0.18847656,0.73828125,0.07080078,0.00308228,0.37304688,0.4296875,0.31445312,0.00610352,"Membrane, Cell membrane",Nucleus
ENSP00000455941,0.21484375,0.29882812,0.5,0.38671875,0.19335938,0.5859375,0.00460815,0.12988281,0.19726562,0.30078125,0.2890625,None,Nucleus
ENSP00000451212,0.09033203,0.37109375,0.74609375,0.15136719,0.07177734,0.21875,0.00193024,0.12109375,0.17285156,0.15429688,0.14746094,Nucleus,Nucleus
ENSP00000445939,0.11279297,0.38867188,0.66796875,0.03320312,0.05273438,0.08496094,0.04345703,0.07275391,0.01245117,0.10107422,0.01165771,Nucleus,Nucleus
ENSP00000420164,0.19824219,0.21289062,0.12792969,0.97265625,0.29101562,0.07373047,0.00170135,0.22558594,0.56640625,0.70703125,0.01403809,"Extracellular, Lysosome/Vacuole, Golgi apparatus",Cell membrane
ENSP00000501630,0.2890625,0.21777344,0.25976562,0.07177734,0.17480469,0.9296875,0.02978516,0.09960938,0.0559082,0.15820312,0.05834961,Mitochondrion,Mitochondrion
ENSP00000440575,0.13671875,0.57421875,0.64453125,0.11279297,0.13867188,0.26757812,0.00360107,0.10986328,0.25195312,0.19042969,0.15039062,"Cytoplasm, Nucleus",Mitochondrion
ENSP00000429166,0.1875,0.578125,0.40039062,0.23535156,0.17871094,0.4609375,0.06640625,0.17773438,0.16210938,0.1953125,0.3984375,Cytoplasm,Cytoplasm
ENSP00000506942,0.06176758,0.22851562,0.859375,0.23339844,0.06835938,0.08496094,0.00014019,0.11425781,0.02929688,0.078125,0.00445557,Nucleus,"Cytoplasm, Nucleus"
ENSP00000455296,0.13867188,0.49804688,0.5078125,0.02514648,0.0534668,0.453125,0.0043335,0.02600098,0.18554688,0.0324707,0.01098633,Cytoplasm,Cytoplasm
ENSP00000454720,0.16015625,0.1640625,0.7578125,0.01403809,0.15039062,0.36328125,0.00860596,0.04394531,0.0078125,0.01745605,0.18359375,Nucleus,"Nucleus, Golgi apparatus"
ENSP00000437580,0.23828125,0.6640625,0.484375,0.09423828,0.26171875,0.33984375,0.34960938,0.22167969,0.41601562,0.3671875,0.03320312,Cytoplasm,Cytoplasm
ENSP00000435888,0.53515625,0.640625,0.37890625,0.00592041,0.14648438,0.22265625,0.00113678,0.85546875,0.42578125,0.6640625,0.00735474,"Membrane, Cytoplasm, Endoplasmic reticulum",Golgi apparatus
ENSP00000427092,0.36914062,0.52734375,0.40039062,0.11132812,0.41210938,0.30859375,0.04467773,0.17675781,0.421875,0.515625,0.02124023,Cytoplasm,"Cytoplasm, Cell membrane, Endoplasmic reticulum"
ENSP00000422831,0.42382812,0.55859375,0.29492188,0.06542969,0.39648438,0.27929688,0.01745605,0.16894531,0.18457031,0.390625,0.00405884,Cytoplasm,"Cytoplasm, Cell membrane, Endoplasmic reticulum"
ENSP00000400637,0.13183594,0.578125,0.68359375,0.10351562,0.0534668,0.30078125,0.01324463,0.16894531,0.2109375,0.25195312,0.05419922,"Cytoplasm, Nucleus","Cytoplasm, Nucleus"
ENSP00000451268,0.37109375,0.51953125,0.44335938,0.06347656,0.26953125,0.31640625,0.03564453,0.39257812,0.27929688,0.26367188,0.01794434,Cytoplasm,"Cytoplasm, Nucleus, Cell membrane"
ENSP00000421647,0.03735352,0.4453125,0.8359375,0.17773438,0.02893066,0.08251953,0.07910156,0.05102539,0.02099609,0.03857422,0.0018692,Nucleus,Nucleus
ENSP00000359346,0.765625,0.10107422,0.27929688,0.00970459,0.09423828,0.83203125,0.04541016,0.2890625,0.08251953,0.14453125,0.00099945,"Membrane, Mitochondrion",Mitochondrion
ENSP00000346473,0.27148438,0.44921875,0.36132812,0.546875,0.19824219,0.34375,0.09521484,0.43554688,0.28710938,0.26757812,0.06933594,None,Nucleus
ENSP00000462839,0.97265625,0.14648438,0.06738281,0.0071106,0.515625,0.26367188,0.00124359,0.68359375,0.328125,0.46484375,0.12988281,"Membrane, Endoplasmic reticulum","Mitochondrion, Endoplasmic reticulum"
ENSP00000408121,0.0480957,0.34375,0.90234375,0.29296875,0.05493164,0.04882812,0.00476074,0.06640625,0.01324463,0.04394531,0.00055313,Nucleus,Nucleus
ENSP00000296121,0.02038574,0.19726562,0.89453125,0.00328064,0.00915527,0.13574219,0.00124359,0.05029297,0.05102539,0.12988281,0.01324463,Nucleus,"Cytoplasm, Nucleus"
ENSP00000435724,0.38085938,0.41796875,0.45117188,0.07470703,0.41015625,0.35351562,0.09033203,0.38085938,0.2890625,0.30859375,0.16210938,None,Nucleus
ENSP00000408251,0.29101562,0.62109375,0.61328125,0.09521484,0.24511719,0.09960938,0.003479,0.37109375,0.38476562,0.17480469,0.01000977,"Cytoplasm, Nucleus",Nucleus
ENSP00000396061,0.24511719,0.83984375,0.1640625,0.06933594,0.12890625,0.18261719,0.01452637,0.18359375,0.359375,0.08496094,0.07910156,Cytoplasm,Cytoplasm
ENSP00000481500,0.30664062,0.45507812,0.42382812,0.20800781,0.21972656,0.32421875,0.02099609,0.48632812,0.35742188,0.34179688,0.24609375,None,"Cytoplasm, Nucleus"
ENSP00000469800,0.24609375,0.734375,0.31054688,0.16699219,0.1796875,0.24902344,0.00830078,0.32617188,0.2109375,0.54296875,0.0255127,Cytoplasm,"Cytoplasm, Cell membrane"
ENSP00000411992,0.23339844,0.5,0.55859375,0.578125,0.05273438,0.62109375,0.10107422,0.46875,0.06640625,0.15527344,0.01098633,"Cytoplasm, Nucleus",Cytoplasm
ENSP00000386558,0.24609375,0.5390625,0.46289062,0.11914062,0.11572266,0.15039062,0.01324463,0.14550781,0.19042969,0.13769531,0.01098633,Cytoplasm,Golgi apparatus
ENSP00000505003,0.28320312,0.54296875,0.29492188,0.2734375,0.1875,0.38671875,0.078125,0.3125,0.2265625,0.3515625,0.20800781,Cytoplasm,"Cytoplasm, Nucleus"
ENSP00000423915,0.04736328,0.24121094,0.91015625,0.05664062,0.03417969,0.19335938,0.00218201,0.04077148,0.08642578,0.03613281,0.20410156,Nucleus,Nucleus
ENSP00000393196,0.25,0.4765625,0.47265625,0.36132812,0.26367188,0.55859375,0.01403809,0.20898438,0.3671875,0.4921875,0.15332031,Cytoplasm,"Cytoplasm, Nucleus"
ENSP00000361966,0.53125,0.18261719,0.14257812,0.02441406,0.15039062,0.96875,0.00805664,0.12255859,0.06176758,0.14160156,0.10693359,"Membrane, Mitochondrion",Mitochondrion
ENSP00000442180,0.21875,0.55078125,0.5859375,0.203125,0.14453125,0.42382812,0.0390625,0.28320312,0.41796875,0.31445312,0.0378418,"Cytoplasm, Nucleus",Cell membrane
ENSP00000422612,0.42382812,0.49414062,0.3671875,0.17871094,0.4453125,0.359375,0.10253906,0.12353516,0.3203125,0.5390625,0.01635742,Cytoplasm,"Cytoplasm, Cell membrane, Endoplasmic reticulum"
ENSP00000389707,0.03198242,0.36132812,0.953125,0.05737305,0.03173828,0.05664062,0.00106812,0.04541016,0.02978516,0.02758789,0.00231934,Nucleus,Nucleus
ENSP00000357089,0.07373047,0.7890625,0.45898438,0.26953125,0.15917969,0.18359375,0.00011587,0.20898438,0.140625,0.1875,0.01000977,Cytoplasm,Nucleus
ENSP00000506592,0.2890625,0.6875,0.65234375,0.02001953,0.3046875,0.41015625,0.01855469,0.05664062,0.08496094,0.02722168,0.29492188,"Cytoplasm, Nucleus",Cytoplasm
ENSP00000484730,0.3203125,0.23242188,0.2265625,0.85546875,0.26367188,0.27734375,0.03112793,0.39453125,0.29101562,0.27539062,0.02844238,Extracellular,Cell membrane
ENSP00000474781,0.609375,0.31835938,0.22558594,0.07568359,0.12792969,0.859375,0.14355469,0.49414062,0.21972656,0.12988281,0.078125,"Membrane, Mitochondrion",Mitochondrion
ENSP00000440305,0.34375,0.3828125,0.28515625,0.20214844,0.19726562,0.55859375,0.63671875,0.39648438,0.25585938,0.18164062,0.04663086,None,Mitochondrion
ENSP00000421230,0.3828125,0.515625,0.36132812,0.16015625,0.44335938,0.31640625,0.05273438,0.17089844,0.38867188,0.53515625,0.01635742,Cytoplasm,"Cytoplasm, Cell membrane, Endoplasmic reticulum"
ENSP00000472057,0.03112793,0.41796875,0.80078125,0.45117188,0.03735352,0.08154297,0.14941406,0.07714844,0.0534668,0.05834961,0.04394531,Nucleus,Nucleus
ENSP00000465618,0.19824219,0.1640625,0.14746094,0.03466797,0.05664062,0.96875,0.02978516,0.05273438,0.0480957,0.06347656,0.453125,Mitochondrion,Mitochondrion
ENSP00000455278,0.25585938,0.33984375,0.62890625,0.04272461,0.09667969,0.04541016,0.00370789,0.10253906,0.29101562,0.2109375,0.01745605,Nucleus,Cytoplasm
ENSP00000437954,0.49414062,0.30664062,0.12597656,0.72265625,0.47265625,0.20410156,0.00288391,0.33398438,0.41992188,0.44140625,0.01977539,"Membrane, Extracellular",Golgi apparatus
ENSP00000435761,0.48046875,0.59375,0.48046875,0.21582031,0.24121094,0.23632812,0.078125,0.3046875,0.828125,0.8203125,0.01135254,"Membrane, Cytoplasm, Lysosome/Vacuole, Golgi apparatus",Nucleus
ENSP00000333624,0.23925781,0.515625,0.38671875,0.31054688,0.18945312,0.453125,0.03320312,0.25585938,0.34570312,0.33007812,0.16015625,Cytoplasm,Nucleus
ENSP00000261267,0.14550781,0.13085938,0.04882812,0.88671875,0.09814453,0.06347656,0.00476074,0.21777344,0.35546875,0.13574219,0.00830078,Extracellular,Golgi apparatus
ENSP00000385226,0.11279297,0.39453125,0.86328125,0.03417969,0.04882812,0.34375,0.06542969,0.06933594,0.3359375,0.26171875,0.00247192,Nucleus,Nucleus
ENSP00000334125,0.1328125,0.39257812,0.23339844,0.87890625,0.20019531,0.47851562,0.05932617,0.20800781,0.06738281,0.4921875,0.0043335,Extracellular,"Cytoplasm, Cell membrane"
ENSP00000472837,0.14746094,0.6640625,0.55078125,0.17675781,0.12695312,0.33203125,0.00610352,0.15332031,0.32421875,0.25585938,0.53125,"Cytoplasm, Nucleus",Cell membrane
ENSP00000471034,0.25,0.12353516,0.33789062,0.6328125,0.04614258,0.5,0.0018692,0.37890625,0.01403809,0.42773438,0.02722168,None,Golgi apparatus
ENSP00000464478,0.14648438,0.79296875,0.51953125,0.203125,0.15625,0.1484375,0.04956055,0.07910156,0.09960938,0.15332031,0.00476074,Cytoplasm,Nucleus
ENSP00000450403,0.31835938,0.13574219,0.09960938,0.03173828,0.11279297,0.96875,0.06298828,0.04663086,0.0324707,0.05175781,0.08886719,Mitochondrion,Mitochondrion
ENSP00000430836,0.18164062,0.54296875,0.5,0.05102539,0.21777344,0.25585938,0.03369141,0.22558594,0.16796875,0.28125,0.51953125,Cytoplasm,Nucleus
ENSP00000416164,0.28710938,0.45898438,0.53125,0.06640625,0.08154297,0.06542969,0.00650024,0.30273438,0.578125,0.37304688,0.00939941,"Nucleus, Lysosome/Vacuole",Cytoplasm
ENSP00000412812,0.58203125,0.6328125,0.4296875,0.04736328,0.5234375,0.1484375,0.01361084,0.36914062,0.46679688,0.29492188,0.00592041,"Membrane, Cytoplasm",Nucleus
ENSP00000406065,0.10351562,0.35546875,0.66015625,0.34375,0.18261719,0.5703125,0.00689697,0.16601562,0.22851562,0.12109375,0.20410156,Nucleus,"Cytoplasm, Cell membrane"
ENSP00000500214,0.02258301,0.25390625,0.9375,0.04882812,0.02478027,0.140625,0.00830078,0.04736328,0.03112793,0.0402832,0.00159454,Nucleus,Nucleus
ENSP00000493305,0.12792969,0.5859375,0.58984375,0.15527344,0.15917969,0.36523438,0.01403809,0.23242188,0.09423828,0.17871094,0.02600098,"Cytoplasm, Nucleus","Cytoplasm, Cell membrane"
ENSP00000489222,0.328125,0.24609375,0.23339844,0.65625,0.20019531,0.25,0.09033203,0.59765625,0.33398438,0.3984375,0.02294922,Extracellular,Cell membrane
ENSP00000469638,0.06176758,0.34570312,0.921875,0.02368164,0.06738281,0.08398438,0.003479,0.04272461,0.01940918,0.03027344,0.00317383,Nucleus,Nucleus
ENSP00000330737,0.33984375,0.29101562,0.16796875,0.02758789,0.09423828,0.90625,0.01745605,0.30078125,0.06542969,0.09667969,0.01495361,Mitochondrion,Mitochondrion
ENSP00000481248,0.09960938,0.41210938,0.796875,0.04541016,0.08740234,0.15429688,0.0071106,0.11132812,0.09423828,0.07177734,0.0390625,Nucleus,"Cytoplasm, Nucleus"
ENSP00000471413,0.8671875,0.33984375,0.15722656,0.05737305,0.66796875,0.03198242,0.00070953,0.5,0.47851562,0.54296875,0.00756836,"Membrane, Cell membrane",Cell membrane
ENSP00000436936,0.31835938,0.55078125,0.46875,0.08886719,0.29296875,0.21972656,0.03173828,0.0324707,0.08251953,0.02233887,0.04345703,Cytoplasm,Mitochondrion
ENSP00000435577,0.10986328,0.6328125,0.47265625,0.14160156,0.15917969,0.22363281,0.0071106,0.14941406,0.18554688,0.20898438,0.0402832,Cytoplasm,Nucleus
ENSP00000433055,0.828125,0.10986328,0.14746094,0.13867188,0.890625,0.04272461,0.00204468,0.3125,0.5859375,0.20605469,0.00193024,"Membrane, Cell membrane, Lysosome/Vacuole",Nucleus
ENSP00000427520,0.8359375,0.20605469,0.171875,0.18164062,0.80859375,0.05664062,0.00382996,0.3046875,0.6328125,0.53515625,0.00668335,"Membrane, Cell membrane, Lysosome/Vacuole",Nucleus
ENSP00000420102,0.12792969,0.39648438,0.6953125,0.08154297,0.11767578,0.07080078,0.01202393,0.11132812,0.09033203,0.04272461,0.01696777,Nucleus,Nucleus
ENSP00000486994,0.03686523,0.29492188,0.859375,0.25976562,0.03613281,0.09033203,0.00288391,0.04345703,0.0402832,0.01879883,0.00537109,Nucleus,Nucleus
ENSP00000444620,0.10107422,0.5234375,0.84765625,0.01855469,0.1875,0.13964844,0.0078125,0.05932617,0.11767578,0.09130859,0.00650024,"Cytoplasm, Nucleus",Nucleus
ENSP00000440181,0.14941406,0.56640625,0.76953125,0.09277344,0.14941406,0.2734375,0.10107422,0.19824219,0.19335938,0.15625,0.03515625,"Cytoplasm, Nucleus",Nucleus
ENSP00000436907,0.35351562,0.27929688,0.45703125,0.21875,0.54296875,0.27734375,0.05737305,0.08886719,0.05932617,0.11279297,0.00537109,Cell membrane,Nucleus
ENSP00000422141,0.09960938,0.28125,0.8515625,0.0255127,0.13964844,0.14257812,0.0057373,0.08056641,0.08496094,0.06640625,0.07714844,Nucleus,Nucleus
ENSP00000294521,0.546875,0.64453125,0.26953125,0.15332031,0.6171875,0.296875,0.04663086,0.3359375,0.40820312,0.31445312,0.15625,"Membrane, Cytoplasm, Cell membrane",Cell membrane
ENSP00000483601,0.22851562,0.6015625,0.44726562,0.15136719,0.1484375,0.36328125,0.00491333,0.4453125,0.07275391,0.15429688,0.06103516,Cytoplasm,Nucleus
ENSP00000464183,0.45117188,0.26953125,0.48242188,0.09521484,0.23046875,0.38867188,0.0088501,0.44726562,0.53515625,0.57421875,0.01586914,None,Golgi apparatus
ENSP00000419914,0.12353516,0.67578125,0.6328125,0.05664062,0.22851562,0.15429688,0.00628662,0.05419922,0.11132812,0.09960938,0.0559082,"Cytoplasm, Nucleus",Nucleus
ENSP00000403920,0.19921875,0.671875,0.37890625,0.01745605,0.28125,0.20214844,0.09033203,0.20898438,0.5546875,0.46289062,0.09033203,Cytoplasm,"Cytoplasm, Nucleus"
ENSP00000463294,0.14941406,0.68359375,0.50390625,0.37109375,0.14257812,0.29882812,0.02197266,0.15429688,0.14941406,0.21875,0.06640625,Cytoplasm,Nucleus
ENSP00000454778,0.28515625,0.609375,0.50390625,0.15722656,0.32421875,0.23632812,0.00170135,0.32421875,0.33203125,0.19921875,0.18554688,Cytoplasm,"Cytoplasm, Nucleus"
ENSP00000451361,0.30664062,0.515625,0.76171875,0.02099609,0.28710938,0.41992188,0.00043106,0.0378418,0.20605469,0.01635742,0.5703125,"Cytoplasm, Nucleus",Nucleus
ENSP00000399432,0.17285156,0.65234375,0.38671875,0.07714844,0.18261719,0.36914062,0.00610352,0.13574219,0.05493164,0.125,0.14355469,Cytoplasm,"Cytoplasm, Nucleus"
ENSP00000392738,0.12988281,0.47851562,0.64453125,0.01202393,0.0534668,0.22167969,0.0088501,0.05932617,0.0279541,0.04541016,0.00204468,"Cytoplasm, Nucleus",Nucleus
ENSP00000487797,0.12988281,0.6640625,0.61328125,0.0402832,0.15039062,0.20410156,0.02978516,0.15917969,0.13867188,0.2734375,0.13574219,"Cytoplasm, Nucleus","Cytoplasm, Cell membrane"
ENSP00000451544,0.2265625,0.46289062,0.30859375,0.10693359,0.06445312,0.4140625,0.19726562,0.14550781,0.41796875,0.5625,0.0055542,None,Cytoplasm
ENSP00000402732,0.7265625,0.11279297,0.1640625,0.04663086,0.5703125,0.09814453,0.00120544,0.43359375,0.46679688,0.2734375,0.00328064,"Membrane, Cell membrane",Cell membrane
ENSP00000392272,0.03857422,0.27148438,0.91796875,0.0534668,0.01940918,0.13476562,0.0071106,0.02978516,0.00491333,0.03466797,0.00405884,Nucleus,Nucleus
ENSP00000482082,0.15429688,0.578125,0.5078125,0.37890625,0.10986328,0.45507812,0.21972656,0.22265625,0.296875,0.2890625,0.0480957,Cytoplasm,"Cytoplasm, Cell membrane"
ENSP00000468298,0.06738281,0.45703125,0.84765625,0.25390625,0.08886719,0.34570312,0.02441406,0.15820312,0.08642578,0.06298828,0.02197266,Nucleus,"Cytoplasm, Cell membrane"
ENSP00000436674,0.71875,0.09521484,0.14355469,0.0480957,0.53125,0.140625,0.00136566,0.5078125,0.4765625,0.29296875,0.0022583,"Membrane, Cell membrane",Cell membrane
ENSP00000433637,0.16601562,0.41015625,0.65625,0.04199219,0.08740234,0.05029297,0.01361084,0.06640625,0.08496094,0.20703125,0.01916504,Nucleus,Nucleus
ENSP00000418261,0.359375,0.4296875,0.18359375,0.13867188,0.11279297,0.671875,0.10839844,0.32421875,0.15234375,0.13671875,0.45507812,Mitochondrion,Mitochondrion
ENSP00000497750,0.21875,0.29101562,0.25585938,0.01745605,0.09667969,0.94921875,0.01495361,0.03613281,0.09667969,0.06738281,0.00337219,Mitochondrion,Mitochondrion
ENSP00000431853,0.16113281,0.578125,0.6015625,0.04077148,0.14257812,0.39648438,0.04394531,0.08642578,0.21777344,0.31640625,0.13769531,"Cytoplasm, Nucleus","Cytoplasm, Cell membrane"
ENSP00000429362,0.27734375,0.44140625,0.48828125,0.17773438,0.23535156,0.21777344,0.07177734,0.33203125,0.30078125,0.36523438,0.18261719,None,Nucleus
ENSP00000498027,0.13769531,0.578125,0.70703125,0.03564453,0.10498047,0.25585938,0.07910156,0.09423828,0.09423828,0.17285156,0.00491333,"Cytoplasm, Nucleus",Nucleus
ENSP00000462831,0.29492188,0.62890625,0.48242188,0.06445312,0.38671875,0.36523438,0.01068115,0.18554688,0.17773438,0.1796875,0.08251953,Cytoplasm,Cell membrane
ENSP00000452443,0.06103516,0.4453125,0.81640625,0.06347656,0.07177734,0.18945312,0.01361084,0.15625,0.09667969,0.03417969,0.10107422,Nucleus,Nucleus
ENSP00000449898,0.15234375,0.15820312,0.078125,0.84765625,0.09667969,0.07275391,0.00628662,0.28125,0.359375,0.12597656,0.00915527,Extracellular,Golgi apparatus
ENSP00000431058,0.33203125,0.359375,0.50390625,0.29296875,0.31054688,0.20019531,0.00099945,0.10107422,0.33203125,0.19335938,0.00159454,None,Cytoplasm
ENSP00000419656,0.40039062,0.21191406,0.13574219,0.01403809,0.22558594,0.9375,0.04394531,0.07080078,0.04736328,0.06005859,0.02758789,Mitochondrion,Mitochondrion
ENSP00000417849,0.06347656,0.31445312,0.8125,0.06445312,0.05493164,0.04882812,0.00262451,0.14550781,0.03564453,0.07080078,0.00124359,Nucleus,Nucleus
ENSP00000344230,0.24804688,0.31054688,0.19433594,0.01361084,0.07373047,0.90625,0.00860596,0.0480957,0.01831055,0.08251953,0.00970459,Mitochondrion,Mitochondrion
ENSP00000342787,0.10498047,0.23632812,0.27148438,0.04956055,0.06005859,0.91796875,0.25195312,0.05102539,0.01916504,0.01745605,0.00610352,Mitochondrion,"Cytoplasm, Endoplasmic reticulum"
ENSP00000504761,0.6171875,0.25585938,0.20898438,0.17675781,0.29882812,0.15625,0.00212097,0.68359375,0.5546875,0.66796875,0.04882812,"Membrane, Endoplasmic reticulum, Golgi apparatus",Golgi apparatus
ENSP00000474618,0.13769531,0.51953125,0.65234375,0.33984375,0.1875,0.33984375,0.00939941,0.21289062,0.13378906,0.35742188,0.26367188,"Cytoplasm, Nucleus",Nucleus
ENSP00000464988,0.15625,0.49414062,0.6640625,0.14453125,0.18359375,0.20703125,0.08251953,0.33984375,0.15917969,0.18359375,0.02893066,"Cytoplasm, Nucleus",Cytoplasm
ENSP00000446554,0.51953125,0.65234375,0.41210938,0.06738281,0.4296875,0.14257812,0.01635742,0.33789062,0.43945312,0.27734375,0.00460815,"Membrane, Cytoplasm",Nucleus
ENSP00000439818,0.34765625,0.4296875,0.38671875,0.1796875,0.20214844,0.375,0.09423828,0.49609375,0.10693359,0.11767578,0.07080078,None,Mitochondrion
ENSP00000428129,0.21875,0.47851562,0.546875,0.43164062,0.296875,0.734375,0.01281738,0.18359375,0.390625,0.37890625,0.33007812,"Cytoplasm, Nucleus, Mitochondrion",Nucleus
ENSP00000420578,0.15820312,0.48828125,0.47070312,0.53515625,0.20898438,0.61328125,0.01977539,0.23242188,0.39257812,0.43554688,0.15625,Cytoplasm,Nucleus
ENSP00000387102,0.05273438,0.23242188,0.91015625,0.7421875,0.07177734,0.10839844,0.00476074,0.06835938,0.00689697,0.0402832,0.00231934,"Nucleus, Extracellular","Cytoplasm, Nucleus"
ENSP00000358111,0.03369141,0.25,0.92578125,0.38085938,0.01281738,0.0534668,0.00175476,0.08398438,0.01324463,0.02978516,0.00141144,Nucleus,"Cytoplasm, Nucleus"
ENSP00000490665,0.37695312,0.67578125,0.46875,0.02099609,0.54296875,0.17285156,0.003479,0.10693359,0.22558594,0.07470703,0.02038574,"Cytoplasm, Cell membrane","Cell membrane, Endoplasmic reticulum"
ENSP00000482852,0.796875,0.13769531,0.15917969,0.6015625,0.76171875,0.10253906,0.02233887,0.4296875,0.44921875,0.2578125,0.09423828,"Membrane, Cell membrane","Cytoplasm, Cell membrane"
ENSP00000481703,0.671875,0.14550781,0.09960938,0.00668335,0.17285156,0.94921875,0.04736328,0.08642578,0.04467773,0.08251953,0.02404785,"Membrane, Mitochondrion",Mitochondrion
ENSP00000480335,0.25,0.26367188,0.29492188,0.78125,0.30859375,0.16796875,0.02258301,0.37890625,0.3125,0.18164062,0.02844238,Extracellular,Cell membrane
ENSP00000479714,0.25585938,0.67578125,0.5078125,0.05834961,0.3671875,0.28125,0.00120544,0.23535156,0.20605469,0.2109375,0.08251953,Cytoplasm,Mitochondrion
ENSP00000458835,0.9140625,0.3125,0.23632812,0.02722168,0.67578125,0.08642578,0.00085449,0.70703125,0.73828125,0.828125,0.04663086,"Membrane, Cell membrane, Endoplasmic reticulum, Lysosome/Vacuole, Golgi apparatus",Cell membrane
ENSP00000431594,0.07275391,0.43359375,0.8359375,0.10107422,0.09277344,0.08398438,0.00247192,0.08398438,0.07080078,0.04077148,0.05029297,Nucleus,Nucleus
ENSP00000425484,0.34960938,0.54296875,0.44140625,0.09521484,0.51953125,0.08642578,0.01202393,0.13769531,0.15917969,0.19824219,0.00271606,Cytoplasm,"Nucleus, Cell membrane"
ENSP00000380435,0.90625,0.1328125,0.09960938,0.04199219,0.47265625,0.0402832,0.00047302,0.38671875,0.7109375,0.45898438,0.06835938,"Membrane, Lysosome/Vacuole",Cell membrane
ENSP00000363197,0.53125,0.18261719,0.13574219,0.68359375,0.3359375,0.23925781,0.15332031,0.59375,0.43359375,0.54296875,0.08740234,"Membrane, Extracellular",Cell membrane
ENSP00000255764,0.19921875,0.6328125,0.43164062,0.00445557,0.13183594,0.12597656,0.00096893,0.13183594,0.37109375,0.11425781,0.00239563,Cytoplasm,Nucleus
ENSP00000487557,0.24316406,0.51171875,0.484375,0.42382812,0.20410156,0.43554688,0.09814453,0.25585938,0.359375,0.24511719,0.0279541,Cytoplasm,Nucleus
ENSP00000470495,0.58984375,0.42773438,0.44335938,0.07714844,0.45703125,0.21484375,0.00066757,0.1640625,0.53125,0.21191406,0.00668335,Membrane,"Cytoplasm, Nucleus"
ENSP00000427425,0.078125,0.29101562,0.88671875,0.02441406,0.08740234,0.13476562,0.00050354,0.0324707,0.01745605,0.09521484,0.00370789,Nucleus,Nucleus
ENSP00000422281,0.76171875,0.58203125,0.4296875,0.33984375,0.44335938,0.20214844,0.09521484,0.05273438,0.78125,0.08056641,0.01324463,"Membrane, Cytoplasm, Lysosome/Vacuole",Cell membrane
ENSP00000407002,0.34375,0.54296875,0.45117188,0.03613281,0.38671875,0.45703125,0.03613281,0.17480469,0.46679688,0.359375,0.00027847,Cytoplasm,"Cytoplasm, Cell membrane"
ENSP00000389518,0.0534668,0.390625,0.828125,0.02294922,0.03564453,0.13867188,0.15136719,0.09521484,0.02404785,0.13574219,0.0088501,Nucleus,Nucleus
ENSP00000217185,0.18261719,0.6015625,0.44921875,0.31445312,0.27539062,0.3515625,0.00337219,0.23632812,0.29882812,0.36914062,0.58203125,Cytoplasm,"Cytoplasm, Nucleus"
ENSP00000469138,0.15527344,0.55078125,0.6640625,0.19921875,0.13769531,0.32226562,0.00370789,0.17578125,0.08154297,0.16699219,0.03027344,"Cytoplasm, Nucleus",Nucleus
ENSP00000506808,0.29101562,0.3359375,0.28710938,0.03735352,0.09521484,0.68359375,0.01361084,0.46679688,0.07470703,0.08886719,0.02600098,Mitochondrion,Mitochondrion
ENSP00000485966,0.296875,0.17578125,0.07910156,0.14648438,0.09033203,0.90234375,0.23828125,0.09130859,0.02758789,0.0480957,0.125,Mitochondrion,Mitochondrion
ENSP00000479486,0.24902344,0.49023438,0.43164062,0.16894531,0.1953125,0.38671875,0.00860596,0.375,0.25390625,0.26757812,0.27148438,Cytoplasm,"Cytoplasm, Cell membrane"
ENSP00000479441,0.51953125,0.45898438,0.31640625,0.125,0.40429688,0.515625,0.00830078,0.5625,0.58984375,0.3984375,0.10693359,"Membrane, Lysosome/Vacuole",Nucleus
ENSP00000465889,0.18945312,0.26171875,0.18457031,0.8125,0.17675781,0.23242188,0.0057373,0.29882812,0.32617188,0.22949219,0.03466797,Extracellular,Endoplasmic reticulum
ENSP00000455277,0.23632812,0.59765625,0.578125,0.18847656,0.15039062,0.21875,0.0057373,0.1953125,0.2890625,0.08496094,0.00075531,"Cytoplasm, Nucleus",Cytoplasm
ENSP00000446944,0.09130859,0.31640625,0.88671875,0.04077148,0.02404785,0.07910156,0.02160645,0.20898438,0.06640625,0.08154297,0.02758789,Nucleus,Nucleus
ENSP00000429741,0.08496094,0.58984375,0.7890625,0.01696777,0.11279297,0.20019531,0.01831055,0.08886719,0.11572266,0.18457031,0.19726562,"Cytoplasm, Nucleus",Nucleus
ENSP00000427935,0.06542969,0.58203125,0.67578125,0.24609375,0.03686523,0.10351562,0.04345703,0.27539062,0.25,0.1953125,0.00124359,"Cytoplasm, Nucleus",Nucleus
ENSP00000390926,0.13671875,0.6796875,0.56640625,0.24902344,0.08496094,0.10693359,0.00029564,0.07470703,0.20410156,0.3671875,0.00521851,"Cytoplasm, Nucleus","Cytoplasm, Cell membrane"
ENSP00000388737,0.04467773,0.40820312,0.85546875,0.12792969,0.03320312,0.14257812,0.00382996,0.16113281,0.02636719,0.04199219,0.05102539,Nucleus,Nucleus
ENSP00000310182,0.94921875,0.15429688,0.09423828,0.08740234,0.6953125,0.08886719,0.00628662,0.62890625,0.640625,0.38867188,0.3125,"Membrane, Cell membrane, Endoplasmic reticulum, Lysosome/Vacuole",Golgi apparatus
ENSP00000485355,0.24511719,0.45507812,0.39257812,0.08886719,0.12402344,0.34960938,0.02001953,0.3203125,0.19824219,0.45117188,0.03369141,None,Endoplasmic reticulum
ENSP00000468584,0.19921875,0.17285156,0.13574219,0.03686523,0.07177734,0.97265625,0.03735352,0.0559082,0.03955078,0.06103516,0.65625,Mitochondrion,Mitochondrion
ENSP00000389278,0.87890625,0.28710938,0.17773438,0.02001953,0.6171875,0.06835938,0.00328064,0.61328125,0.62109375,0.58984375,0.04882812,"Membrane, Cell membrane, Lysosome/Vacuole",Cytoplasm
ENSP00000386645,0.06298828,0.25976562,0.90625,0.6875,0.09033203,0.12011719,0.00382996,0.07080078,0.01031494,0.04394531,0.00175476,"Nucleus, Extracellular","Cytoplasm, Nucleus"
ENSP00000362773,0.13867188,0.44726562,0.4609375,0.14160156,0.17480469,0.38867188,0.05102539,0.01165771,0.08886719,0.21289062,0.00337219,None,Nucleus
ENSP00000430257,0.23828125,0.47265625,0.53125,0.11767578,0.12011719,0.16308594,0.00735474,0.2734375,0.42382812,0.18554688,0.01586914,"Cytoplasm, Nucleus",Nucleus
ENSP00000401109,0.09667969,0.20410156,0.71875,0.02929688,0.02258301,0.12109375,0.00288391,0.078125,0.04882812,0.06835938,0.0071106,Nucleus,Nucleus
ENSP00000382364,0.1953125,0.44726562,0.59375,0.11767578,0.19042969,0.17480469,0.00231934,0.29492188,0.19042969,0.1328125,0.08056641,Nucleus,"Cytoplasm, Nucleus, Mitochondrion"
ENSP00000498993,0.18261719,0.40234375,0.359375,0.26171875,0.19824219,0.79296875,0.02197266,0.15136719,0.16015625,0.30664062,0.578125,Mitochondrion,Mitochondrion
ENSP00000467551,0.13671875,0.38085938,0.77734375,0.12109375,0.16015625,0.14941406,0.00175476,0.06445312,0.15039062,0.03564453,0.01165771,Nucleus,Nucleus
ENSP00000466188,0.20019531,0.64453125,0.49609375,0.12158203,0.2265625,0.21289062,0.00096893,0.13183594,0.12988281,0.30859375,0.02001953,Cytoplasm,Nucleus
ENSP00000439667,0.14648438,0.3671875,0.54296875,0.38671875,0.10498047,0.68359375,0.07080078,0.18554688,0.17773438,0.34375,0.10351562,"Nucleus, Mitochondrion",Nucleus
ENSP00000429102,0.16308594,0.7265625,0.3203125,0.15234375,0.13476562,0.24902344,0.01452637,0.15332031,0.17773438,0.19433594,0.00592041,Cytoplasm,Nucleus
ENSP00000412249,0.38671875,0.52734375,0.49609375,0.28710938,0.328125,0.47460938,0.01586914,0.41210938,0.25976562,0.3984375,0.08740234,Cytoplasm,Cell membrane
ENSP00000306362,0.32617188,0.5390625,0.546875,0.1484375,0.09814453,0.44140625,0.01202393,0.5703125,0.3046875,0.2734375,0.00970459,"Cytoplasm, Nucleus",Cytoplasm
ENSP00000508310,0.328125,0.52734375,0.59765625,0.10351562,0.22167969,0.08251953,0.00033569,0.16113281,0.1875,0.06347656,0.03112793,"Cytoplasm, Nucleus","Cytoplasm, Nucleus, Cell membrane"
ENSP00000496961,0.24609375,0.56640625,0.4453125,0.09277344,0.11767578,0.10986328,0.02233887,0.40820312,0.5234375,0.375,0.02160645,Cytoplasm,Nucleus
ENSP00000495456,0.02893066,0.30273438,0.92578125,0.05419922,0.0088501,0.11767578,0.00939941,0.12988281,0.01031494,0.01635742,0.00145721,Nucleus,Nucleus
ENSP00000474372,0.05273438,0.49804688,0.6484375,0.02233887,0.02893066,0.02929688,0.00175476,0.12353516,0.07910156,0.09033203,0.00198364,"Cytoplasm, Nucleus",Nucleus
ENSP00000467104,0.17675781,0.328125,0.30078125,0.796875,0.11132812,0.10986328,0.03173828,0.01281738,0.01245117,0.10839844,0.05737305,Extracellular,Nucleus
ENSP00000443968,0.15917969,0.5703125,0.71875,0.1875,0.12109375,0.44921875,0.08056641,0.26367188,0.17773438,0.15039062,0.01544189,"Cytoplasm, Nucleus",Cytoplasm
ENSP00000431368,0.26757812,0.55078125,0.61328125,0.24121094,0.16308594,0.64453125,0.04736328,0.31835938,0.3515625,0.24511719,0.07177734,"Cytoplasm, Nucleus, Mitochondrion",Cytoplasm
ENSP00000426331,0.26953125,0.20214844,0.19042969,0.04882812,0.12158203,0.9609375,0.02636719,0.09960938,0.07470703,0.13183594,0.12988281,Mitochondrion,Mitochondrion
ENSP00000369176,0.609375,0.18554688,0.18847656,0.07714844,0.07568359,0.74609375,0.00328064,0.22167969,0.11572266,0.14257812,0.00860596,"Membrane, Mitochondrion",Mitochondrion
ENSP00000338932,0.13671875,0.46679688,0.5859375,0.12890625,0.06835938,0.28125,0.10253906,0.296875,0.24316406,0.28710938,0.25976562,Nucleus,Mitochondrion
ENSP00000259254,0.8359375,0.22265625,0.07275391,0.31445312,0.796875,0.06835938,0.00491333,0.24121094,0.5859375,0.41601562,0.05029297,"Membrane, Cell membrane, Lysosome/Vacuole",Cell membrane
ENSP00000421946,0.05493164,0.44140625,0.85546875,0.19042969,0.06176758,0.03857422,0.0022583,0.06176758,0.05493164,0.08154297,0.00668335,Nucleus,Nucleus
ENSP00000409925,0.30664062,0.78515625,0.2265625,0.02758789,0.31445312,0.30664062,0.01324463,0.07910156,0.0402832,0.06347656,0.10693359,Cytoplasm,"Cytoplasm, Nucleus"
ENSP00000393616,0.17675781,0.69140625,0.50390625,0.10498047,0.34179688,0.13964844,0.06542969,0.11279297,0.0480957,0.06445312,0.0255127,Cytoplasm,"Cytoplasm, Nucleus"
ENSP00000344128,0.07470703,0.34375,0.62890625,0.62109375,0.07275391,0.05664062,0.01855469,0.12792969,0.078125,0.04272461,0.0279541,Nucleus,"Cytoplasm, Nucleus"
ENSP00000295834,0.20800781,0.81640625,0.49023438,0.16601562,0.25585938,0.09277344,0.06738281,0.13183594,0.01165771,0.10986328,0.17675781,Cytoplasm,Cytoplasm
ENSP00000236412,0.08251953,0.37890625,0.89453125,0.01495361,0.06835938,0.06347656,0.0078125,0.16113281,0.06005859,0.07470703,0.00537109,Nucleus,Nucleus
ENSP00000497676,0.16210938,0.625,0.484375,0.390625,0.19042969,0.47460938,0.03063965,0.16113281,0.20019531,0.2109375,0.22167969,Cytoplasm,Cell membrane
ENSP00000469738,0.1484375,0.703125,0.6015625,0.00939941,0.09277344,0.22949219,0.03198242,0.16015625,0.0378418,0.23046875,0.10498047,"Cytoplasm, Nucleus",Nucleus
ENSP00000435800,0.80078125,0.2265625,0.22949219,0.04736328,0.44726562,0.28125,0.03564453,0.60546875,0.5234375,0.5,0.05175781,Membrane,"Endoplasmic reticulum, Golgi apparatus"
ENSP00000431985,0.14160156,0.41992188,0.71875,0.09667969,0.11425781,0.140625,0.16308594,0.30273438,0.18554688,0.10253906,0.03063965,Nucleus,Nucleus
ENSP00000416644,0.21972656,0.5625,0.28125,0.37109375,0.18359375,0.125,0.01745605,0.33789062,0.19726562,0.41992188,0.01361084,Cytoplasm,Cytoplasm
ENSP00000389303,0.24316406,0.53515625,0.40234375,0.17089844,0.19042969,0.62890625,0.02258301,0.32617188,0.45898438,0.23339844,0.8046875,"Cytoplasm, Peroxisome",Cytoplasm
ENSP00000471657,0.07568359,0.53515625,0.66015625,0.578125,0.09667969,0.35351562,0.05273438,0.18554688,0.15722656,0.06103516,0.13476562,"Cytoplasm, Nucleus",Mitochondrion
ENSP00000429672,0.14257812,0.53515625,0.39648438,0.71875,0.16113281,0.44140625,0.18164062,0.125,0.07373047,0.24511719,0.02978516,"Cytoplasm, Extracellular",Endoplasmic reticulum
ENSP00000493744,0.22167969,0.66015625,0.36914062,0.07714844,0.10839844,0.41015625,0.02294922,0.39257812,0.27929688,0.33984375,0.33007812,Cytoplasm,Nucleus
ENSP00000487240,0.12988281,0.5703125,0.66015625,0.09130859,0.18261719,0.18847656,0.07714844,0.19433594,0.23339844,0.24316406,0.07373047,"Cytoplasm, Nucleus",Nucleus
ENSP00000452217,0.07910156,0.30273438,0.87890625,0.17480469,0.02893066,0.12597656,0.00382996,0.07714844,0.03515625,0.01977539,0.04467773,Nucleus,Nucleus
ENSP00000450525,0.21289062,0.55078125,0.40429688,0.25390625,0.29101562,0.18164062,0.04663086,0.12792969,0.20410156,0.296875,0.02978516,Cytoplasm,Nucleus
ENSP00000423982,0.07080078,0.44921875,0.8125,0.04272461,0.09667969,0.06640625,0.003479,0.0255127,0.09423828,0.05175781,0.00212097,Nucleus,"Nucleus, Cell membrane"
ENSP00000391446,0.0390625,0.73828125,0.3046875,0.0071106,0.03198242,0.23828125,0.00521851,0.59375,0.01068115,0.04663086,0.00132751,Cytoplasm,"Cytoplasm, Endoplasmic reticulum"
ENSP00000377351,0.38476562,0.82421875,0.41015625,0.14550781,0.40234375,0.20605469,0.08496094,0.53515625,0.06542969,0.30273438,0.17578125,Cytoplasm,Cytoplasm
ENSP00000492536,0.18261719,0.58984375,0.42382812,0.51171875,0.09423828,0.34960938,0.171875,0.23339844,0.5,0.22167969,0.76171875,"Cytoplasm, Peroxisome",Nucleus
ENSP00000461981,0.11279297,0.72265625,0.6015625,0.16992188,0.12988281,0.36523438,0.08398438,0.16601562,0.13574219,0.11572266,0.10253906,"Cytoplasm, Nucleus","Cytoplasm, Nucleus"
ENSP00000430152,0.40625,0.4296875,0.609375,0.26953125,0.19042969,0.265625,0.00040436,0.10986328,0.36328125,0.51171875,0.00247192,Nucleus,Cytoplasm
ENSP00000505173,0.34960938,0.78125,0.36914062,0.03198242,0.26367188,0.09667969,0.00288391,0.17675781,0.43164062,0.40039062,0.02294922,Cytoplasm,"Cytoplasm, Cell membrane"
ENSP00000494012,0.11425781,0.2421875,0.81640625,0.171875,0.06298828,0.14257812,0.04345703,0.171875,0.07470703,0.12792969,0.02368164,Nucleus,Nucleus
ENSP00000430617,0.12158203,0.484375,0.76953125,0.06176758,0.10693359,0.09423828,0.00668335,0.09521484,0.07568359,0.04736328,0.00460815,"Cytoplasm, Nucleus",Nucleus
ENSP00000427277,0.69921875,0.24804688,0.17285156,0.09130859,0.7109375,0.125,0.0018692,0.26757812,0.62890625,0.32421875,0.18554688,"Membrane, Cell membrane, Lysosome/Vacuole",Cell membrane
ENSP00000411349,0.16113281,0.5625,0.55859375,0.21582031,0.16601562,0.296875,0.03735352,0.07910156,0.34570312,0.49023438,0.05419922,"Cytoplasm, Nucleus",Cell membrane
ENSP00000397302,0.28515625,0.24316406,0.27148438,0.12988281,0.10839844,0.890625,0.01281738,0.21875,0.05834961,0.20898438,0.14355469,Mitochondrion,Mitochondrion
ENSP00000442703,0.15039062,0.24316406,0.34179688,0.0324707,0.08056641,0.67578125,0.04956055,0.10839844,0.04663086,0.03027344,0.21289062,Mitochondrion,Mitochondrion
ENSP00000430889,0.23632812,0.515625,0.5625,0.25585938,0.18261719,0.21191406,0.12890625,0.23925781,0.22363281,0.36132812,0.078125,"Cytoplasm, Nucleus","Nucleus, Cell membrane"
ENSP00000425460,0.58203125,0.26953125,0.25195312,0.19238281,0.11767578,0.45703125,0.0267334,0.73828125,0.11572266,0.546875,0.25585938,"Membrane, Endoplasmic reticulum",Nucleus
ENSP00000393696,0.14160156,0.24316406,0.375,0.8125,0.07177734,0.20800781,0.01855469,0.21484375,0.10253906,0.1640625,0.05029297,Extracellular,Mitochondrion
ENSP00000384474,0.27734375,0.58203125,0.4375,0.07568359,0.20605469,0.12402344,0.01635742,0.37304688,0.06445312,0.13769531,0.0007782,Cytoplasm,Nucleus
ENSP00000467965,0.19433594,0.6171875,0.70703125,0.02404785,0.11132812,0.14941406,0.00068665,0.11132812,0.15039062,0.38085938,0.01452637,"Cytoplasm, Nucleus",Cytoplasm
ENSP00000463450,0.11279297,0.4921875,0.7109375,0.10839844,0.17089844,0.12402344,0.00382996,0.10253906,0.06005859,0.14746094,0.01635742,"Cytoplasm, Nucleus","Cytoplasm, Nucleus"
ENSP00000455767,0.2734375,0.30273438,0.23046875,0.44726562,0.19238281,0.32226562,0.00370789,0.34375,0.16210938,0.28710938,0.08496094,None,"Cytoplasm, Nucleus"
ENSP00000419578,0.69140625,0.078125,0.16601562,0.01696777,0.02160645,0.875,0.04541016,0.26953125,0.09667969,0.10986328,0.01452637,"Membrane, Mitochondrion",Mitochondrion
ENSP00000460301,0.32226562,0.44726562,0.4609375,0.05834961,0.27734375,0.22851562,0.00421143,0.24316406,0.29492188,0.59375,0.01495361,None,"Cytoplasm, Nucleus"
ENSP00000446783,0.140625,0.5546875,0.5859375,0.38085938,0.11914062,0.29101562,0.29492188,0.34375,0.23828125,0.15234375,0.05102539,"Cytoplasm, Nucleus",Nucleus
ENSP00000446665,0.24804688,0.5546875,0.53515625,0.27539062,0.23046875,0.62109375,0.25390625,0.2890625,0.35351562,0.296875,0.27148438,"Cytoplasm, Nucleus",Cytoplasm
ENSP00000392230,0.12158203,0.23242188,0.90625,0.01696777,0.05493164,0.14941406,0.0022583,0.11767578,0.06835938,0.078125,0.02978516,Nucleus,"Cytoplasm, Nucleus"
ENSP00000505534,0.16699219,0.69140625,0.46875,0.08740234,0.19726562,0.16015625,0.0055542,0.15527344,0.1484375,0.29101562,0.05102539,Cytoplasm,Cytoplasm
ENSP00000443772,0.671875,0.48242188,0.36328125,0.1953125,0.47070312,0.2265625,0.00592041,0.2109375,0.21777344,0.27148438,0.03613281,"Membrane, Cytoplasm",Cytoplasm
ENSP00000435556,0.546875,0.52734375,0.43554688,0.06738281,0.5390625,0.3828125,0.0378418,0.53515625,0.34179688,0.43359375,0.06347656,"Membrane, Cytoplasm, Cell membrane","Nucleus, Cell membrane"
ENSP00000424323,0.15820312,0.58203125,0.51171875,0.15234375,0.18359375,0.47460938,0.00860596,0.24121094,0.25,0.33984375,0.6328125,Cytoplasm,"Cytoplasm, Nucleus"
ENSP00000417479,0.359375,0.44726562,0.51953125,0.39648438,0.33984375,0.16113281,0.00317383,0.16601562,0.65234375,0.51171875,0.0018692,Lysosome/Vacuole,Cytoplasm
ENSP00000407711,0.05102539,0.53515625,0.87890625,0.0071106,0.02722168,0.10693359,0.00010872,0.02404785,0.13671875,0.11767578,0.01000977,"Cytoplasm, Nucleus",Nucleus
ENSP00000340691,0.21484375,0.734375,0.546875,0.0255127,0.33007812,0.07373047,0.00308228,0.09667969,0.10253906,0.11279297,0.01098633,"Cytoplasm, Nucleus","Cytoplasm, Nucleus"
ENSP00000498324,0.17089844,0.41015625,0.57421875,0.6171875,0.03515625,0.43164062,0.01696777,0.44921875,0.08642578,0.09277344,0.02368164,Nucleus,Nucleus
ENSP00000493492,0.1484375,0.49023438,0.546875,0.16894531,0.08251953,0.3515625,0.03955078,0.34765625,0.375,0.546875,0.10253906,"Cytoplasm, Nucleus","Cytoplasm, Nucleus"
ENSP00000434141,0.22851562,0.47851562,0.33789062,0.43554688,0.19238281,0.75390625,0.07177734,0.22558594,0.20214844,0.38671875,0.16699219,"Cytoplasm, Mitochondrion",Nucleus
ENSP00000433390,0.22949219,0.796875,0.36132812,0.00328064,0.13574219,0.07373047,0.00124359,0.09960938,0.07910156,0.10498047,0.0078125,Cytoplasm,Cell membrane
ENSP00000429192,0.5390625,0.31835938,0.5625,0.04882812,0.33984375,0.23828125,0.00506592,0.51953125,0.17578125,0.06005859,0.00106812,"Membrane, Nucleus",Nucleus
ENSP00000401748,0.11767578,0.69140625,0.27929688,0.28125,0.10498047,0.42773438,0.15820312,0.35351562,0.55859375,0.20214844,0.0267334,Cytoplasm,Endoplasmic reticulum
ENSP00000399267,0.328125,0.6953125,0.3984375,0.08496094,0.31445312,0.04345703,0.0378418,0.2890625,0.12255859,0.3203125,0.01245117,Cytoplasm,"Cytoplasm, Cell membrane"
ENSP00000376096,0.27929688,0.2734375,0.26367188,0.5546875,0.27148438,0.06640625,0.00421143,0.55078125,0.34570312,0.14453125,0.03613281,None,"Cytoplasm, Cell membrane"
ENSP00000463892,0.38085938,0.3828125,0.5234375,0.12890625,0.2265625,0.28320312,0.01202393,0.36523438,0.4921875,0.5546875,0.01324463,None,Golgi apparatus
ENSP00000462796,0.11425781,0.75,0.39453125,0.22363281,0.11279297,0.13476562,0.00239563,0.16210938,0.10107422,0.15234375,0.03173828,Cytoplasm,Cell membrane
ENSP00000459534,0.07080078,0.26757812,0.71875,0.07910156,0.05029297,0.29882812,0.47851562,0.11914062,0.0480957,0.06005859,0.02441406,Nucleus,"Cytoplasm, Cell membrane"
ENSP00000453357,0.25585938,0.40039062,0.40039062,0.36914062,0.29492188,0.7265625,0.00521851,0.20214844,0.328125,0.54296875,0.203125,Mitochondrion,"Cytoplasm, Mitochondrion"
ENSP00000453208,0.15429688,0.46875,0.625,0.11914062,0.10351562,0.26367188,0.00382996,0.16894531,0.12402344,0.23046875,0.390625,Nucleus,Nucleus
ENSP00000451718,0.29101562,0.5390625,0.69140625,0.05029297,0.26171875,0.18945312,0.00175476,0.125,0.27734375,0.09277344,0.01281738,"Cytoplasm, Nucleus",Cell membrane
ENSP00000451213,0.08251953,0.2109375,0.9140625,0.01281738,0.05737305,0.05419922,0.00491333,0.06933594,0.01940918,0.01586914,0.01135254,Nucleus,Nucleus
ENSP00000372205,0.17675781,0.45703125,0.40820312,0.66015625,0.22851562,0.19042969,0.03857422,0.02331543,0.04199219,0.140625,0.00650024,Extracellular,Cytoplasm
ENSP00000343218,0.18359375,0.42578125,0.5625,0.4609375,0.15625,0.5078125,0.00970459,0.33789062,0.22363281,0.19335938,0.32617188,Nucleus,Nucleus
ENSP00000499538,0.15527344,0.5859375,0.72265625,0.04663086,0.09130859,0.23242188,0.01794434,0.20019531,0.18359375,0.20605469,0.01794434,"Cytoplasm, Nucleus",Nucleus
ENSP00000479447,0.10498047,0.50390625,0.38671875,0.671875,0.07568359,0.46289062,0.15039062,0.16113281,0.09033203,0.21289062,0.13476562,"Cytoplasm, Extracellular",Golgi apparatus
ENSP00000475768,0.07910156,0.62109375,0.7421875,0.0078125,0.08056641,0.34179688,0.00164795,0.2890625,0.10839844,0.09667969,0.04663086,"Cytoplasm, Nucleus","Cytoplasm, Nucleus"
ENSP00000466951,0.21777344,0.48046875,0.49023438,0.11767578,0.11132812,0.16992188,0.00034523,0.16796875,0.45703125,0.8046875,0.01098633,"Cytoplasm, Golgi apparatus","Cytoplasm, Nucleus"
ENSP00000463688,0.16210938,0.47265625,0.5546875,0.3515625,0.23535156,0.38476562,0.00393677,0.27148438,0.24511719,0.18359375,0.49023438,"Cytoplasm, Nucleus",Nucleus
ENSP00000409858,0.23046875,0.51171875,0.65234375,0.17773438,0.20410156,0.28710938,0.0279541,0.24316406,0.12597656,0.25390625,0.04272461,"Cytoplasm, Nucleus",Nucleus
ENSP00000505503,0.17285156,0.4765625,0.34960938,0.71484375,0.09667969,0.41601562,0.16113281,0.19726562,0.09277344,0.31640625,0.203125,"Cytoplasm, Extracellular","Cytoplasm, Nucleus"
ENSP00000493139,0.25585938,0.26367188,0.23046875,0.67578125,0.07275391,0.31835938,0.02258301,0.64453125,0.4140625,0.2890625,0.06103516,"Extracellular, Endoplasmic reticulum",Nucleus
ENSP00000482498,0.26953125,0.43164062,0.390625,0.5625,0.12011719,0.5,0.5,0.31835938,0.140625,0.18554688,0.20800781,None,Cytoplasm
ENSP00000482052,0.16992188,0.2734375,0.56640625,0.546875,0.19238281,0.07568359,0.00231934,0.08154297,0.13574219,0.01165771,0.01068115,Nucleus,Golgi apparatus
ENSP00000454688,0.484375,0.72265625,0.32226562,0.04199219,0.40820312,0.24121094,0.00045776,0.22851562,0.26757812,0.29296875,0.0378418,"Membrane, Cytoplasm",Cell membrane
ENSP00000414661,0.11279297,0.49414062,0.546875,0.640625,0.04614258,0.515625,0.06640625,0.27929688,0.26757812,0.390625,0.05834961,"Cytoplasm, Nucleus",Nucleus
ENSP00000407464,0.2890625,0.59375,0.375,0.38476562,0.2734375,0.453125,0.02514648,0.33007812,0.2421875,0.2890625,0.00650024,Cytoplasm,Cell membrane
ENSP00000396366,0.25976562,0.546875,0.62890625,0.08056641,0.390625,0.09423828,0.02514648,0.26953125,0.12011719,0.37304688,0.00421143,"Cytoplasm, Nucleus",Cell membrane
ENSP00000497786,0.07275391,0.32226562,0.3515625,0.05664062,0.03857422,0.20410156,0.828125,0.0402832,0.09277344,0.08886719,0.30078125,Plastid,Cytoplasm
ENSP00000471518,0.22949219,0.22949219,0.18554688,0.6640625,0.22949219,0.5390625,0.15820312,0.18554688,0.36914062,0.36523438,0.00317383,Extracellular,Cell membrane
ENSP00000470962,0.33984375,0.30273438,0.21972656,0.02038574,0.1484375,0.953125,0.03613281,0.08251953,0.03027344,0.10693359,0.05029297,Mitochondrion,Mitochondrion
ENSP00000426615,0.0324707,0.28710938,0.9609375,0.11914062,0.01403809,0.11767578,0.0071106,0.03320312,0.01202393,0.01495361,0.01324463,Nucleus,Nucleus
ENSP00000420568,0.17089844,0.52734375,0.57421875,0.43554688,0.26953125,0.45898438,0.01135254,0.15332031,0.22363281,0.25585938,0.19824219,"Cytoplasm, Nucleus",Nucleus
ENSP00000387794,0.3125,0.70703125,0.38671875,0.04663086,0.50390625,0.23046875,0.03027344,0.26953125,0.12011719,0.07568359,0.15332031,Cytoplasm,"Cytoplasm, Nucleus"
ENSP00000297983,0.62109375,0.1796875,0.17480469,0.04882812,0.07568359,0.71875,0.00193024,0.21484375,0.12255859,0.11132812,0.00628662,"Membrane, Mitochondrion",Mitochondrion
ENSP00000499772,0.23242188,0.24804688,0.2421875,0.640625,0.09960938,0.20019531,0.00830078,0.33789062,0.08642578,0.23339844,0.02331543,None,Nucleus
ENSP00000453703,0.13671875,0.70703125,0.45117188,0.20703125,0.18359375,0.28125,0.003479,0.15039062,0.27539062,0.3125,0.0267334,Cytoplasm,Golgi apparatus
ENSP00000453584,0.13769531,0.29492188,0.39648438,0.05273438,0.06445312,0.87890625,0.36132812,0.14648438,0.09667969,0.08642578,0.12402344,Mitochondrion,"Cytoplasm, Endoplasmic reticulum"
ENSP00000453034,0.09277344,0.58203125,0.828125,0.05419922,0.10107422,0.15039062,0.00247192,0.12695312,0.15820312,0.125,0.10839844,"Cytoplasm, Nucleus",Golgi apparatus
ENSP00000263384,0.07177734,0.34375,0.8203125,0.04736328,0.06445312,0.07714844,0.00154877,0.06445312,0.01544189,0.06298828,0.00073242,Nucleus,Nucleus
ENSP00000501275,0.17578125,0.5625,0.45117188,0.28125,0.14257812,0.26953125,0.02160645,0.17871094,0.16601562,0.13867188,0.12158203,Cytoplasm,"Cytoplasm, Nucleus"
ENSP00000471042,0.1796875,0.59375,0.5703125,0.07177734,0.09130859,0.39453125,0.01879883,0.23632812,0.06738281,0.24902344,0.21777344,"Cytoplasm, Nucleus",Nucleus
ENSP00000462912,0.21875,0.66015625,0.43945312,0.06103516,0.3203125,0.46679688,0.00805664,0.11572266,0.29101562,0.28320312,0.07080078,Cytoplasm,Cell membrane
ENSP00000428370,0.33007812,0.53515625,0.37304688,0.01202393,0.14160156,0.21191406,0.0078125,0.41015625,0.16015625,0.06835938,0.00970459,Cytoplasm,Nucleus
ENSP00000355831,0.13476562,0.4609375,0.41210938,0.609375,0.09521484,0.37890625,0.10107422,0.26757812,0.10498047,0.16308594,0.14550781,None,"Cytoplasm, Nucleus"
ENSP00000344547,0.05664062,0.25390625,0.92578125,0.6171875,0.07714844,0.07373047,0.00297546,0.08056641,0.00491333,0.03564453,0.00120544,Nucleus,"Cytoplasm, Nucleus"
ENSP00000505087,0.29296875,0.4765625,0.578125,0.203125,0.296875,0.32226562,0.04541016,0.23339844,0.24609375,0.34765625,0.05273438,"Cytoplasm, Nucleus",Mitochondrion
ENSP00000503145,0.12792969,0.58984375,0.60546875,0.51953125,0.16894531,0.69921875,0.0267334,0.140625,0.31445312,0.36523438,0.43164062,"Cytoplasm, Nucleus, Mitochondrion",Mitochondrion
ENSP00000502095,0.296875,0.45703125,0.39453125,0.31054688,0.2109375,0.46679688,0.14746094,0.31835938,0.41015625,0.51953125,0.09521484,None,"Cytoplasm, Cell membrane, Endoplasmic reticulum"
ENSP00000500895,0.21289062,0.18261719,0.11425781,0.88671875,0.19238281,0.09667969,0.003479,0.27539062,0.27929688,0.3515625,0.00939941,Extracellular,"Cytoplasm, Nucleus"
ENSP00000469135,0.18945312,0.17871094,0.11914062,0.81640625,0.27539062,0.05419922,0.11425781,0.39648438,0.36328125,0.22363281,0.0055542,Extracellular,Cell membrane
ENSP00000464419,0.15429688,0.53125,0.54296875,0.40820312,0.18457031,0.40039062,0.02038574,0.28710938,0.25195312,0.21582031,0.546875,"Cytoplasm, Nucleus",Cytoplasm
ENSP00000452417,0.29101562,0.203125,0.19921875,0.07910156,0.04272461,0.921875,0.09277344,0.16699219,0.04882812,0.13769531,0.19433594,Mitochondrion,Nucleus
ENSP00000502101,0.20898438,0.57421875,0.36132812,0.05029297,0.12890625,0.26953125,0.00805664,0.38671875,0.21484375,0.15917969,0.07373047,Cytoplasm,Nucleus
ENSP00000478133,0.11767578,0.6875,0.6484375,0.09423828,0.17480469,0.40625,0.02258301,0.09277344,0.15136719,0.26953125,0.01586914,"Cytoplasm, Nucleus",Mitochondrion
ENSP00000464089,0.39453125,0.578125,0.62890625,0.03320312,0.18847656,0.09814453,0.00939941,0.14160156,0.30078125,0.45898438,0.01361084,"Cytoplasm, Nucleus",Golgi apparatus
ENSP00000453629,0.16894531,0.72265625,0.33984375,0.00756836,0.3203125,0.04541016,0.00830078,0.04077148,0.02233887,0.01068115,0.01831055,Cytoplasm,"Cytoplasm, Nucleus"
ENSP00000452439,0.14453125,0.74609375,0.4296875,0.16796875,0.11572266,0.35351562,0.09423828,0.16210938,0.23339844,0.20703125,0.07275391,Cytoplasm,"Cytoplasm, Nucleus"
ENSP00000421606,0.15820312,0.640625,0.55078125,0.09814453,0.1640625,0.24316406,0.04077148,0.10693359,0.23242188,0.30273438,0.00689697,"Cytoplasm, Nucleus",Nucleus
ENSP00000266964,0.3125,0.64453125,0.34960938,0.03027344,0.11279297,0.12402344,0.00421143,0.05175781,0.32421875,0.0559082,0.02844238,Cytoplasm,Cytoplasm
ENSP00000453470,0.16308594,0.55078125,0.5390625,0.08398438,0.11767578,0.38671875,0.00460815,0.17480469,0.23925781,0.28515625,0.77734375,"Cytoplasm, Nucleus, Peroxisome",Nucleus
ENSP00000433139,0.12402344,0.5703125,0.640625,0.25390625,0.10498047,0.07373047,0.01068115,0.53515625,0.10107422,0.09814453,0.00308228,"Cytoplasm, Nucleus","Cytoplasm, Nucleus, Endoplasmic reticulum"
ENSP00000430095,0.40234375,0.47851562,0.5,0.07080078,0.15039062,0.43359375,0.03417969,0.33984375,0.4609375,0.703125,0.01452637,"Cytoplasm, Golgi apparatus","Cytoplasm, Nucleus"
ENSP00000421676,0.1484375,0.40234375,0.59765625,0.42578125,0.04150391,0.5,0.02636719,0.16796875,0.05664062,0.13964844,0.01452637,Nucleus,Nucleus
ENSP00000406980,0.39453125,0.5078125,0.32226562,0.07275391,0.37304688,0.43359375,0.08251953,0.35546875,0.21484375,0.41210938,0.03515625,Cytoplasm,Cytoplasm
ENSP00000342895,0.38867188,0.19238281,0.13964844,0.02001953,0.16992188,0.953125,0.00939941,0.08886719,0.0390625,0.08642578,0.03320312,Mitochondrion,Mitochondrion
ENSP00000290079,0.80859375,0.09667969,0.08886719,0.03564453,0.0378418,0.9375,0.5390625,0.26953125,0.37109375,0.26757812,0.17089844,"Membrane, Mitochondrion",Mitochondrion
ENSP00000480532,0.17578125,0.53515625,0.49804688,0.32421875,0.11425781,0.49609375,0.02197266,0.203125,0.28320312,0.32226562,0.07714844,Cytoplasm,Nucleus
ENSP00000467027,0.11132812,0.38671875,0.8046875,0.02929688,0.11425781,0.06933594,0.00628662,0.19042969,0.02160645,0.10986328,0.00491333,Nucleus,Nucleus
ENSP00000462899,0.34375,0.22265625,0.203125,0.03857422,0.16699219,0.97265625,0.01696777,0.06542969,0.08251953,0.10107422,0.09130859,Mitochondrion,Cytoplasm
ENSP00000454124,0.17773438,0.578125,0.55859375,0.30078125,0.1953125,0.36523438,0.06103516,0.28125,0.41992188,0.2890625,0.15917969,"Cytoplasm, Nucleus",Nucleus
ENSP00000435017,0.62109375,0.11279297,0.23925781,0.05273438,0.01635742,0.90625,0.10839844,0.30859375,0.17773438,0.08886719,0.08642578,"Membrane, Mitochondrion",Mitochondrion
ENSP00000433148,0.76953125,0.10253906,0.17089844,0.08056641,0.73046875,0.11425781,0.0022583,0.35546875,0.48242188,0.23046875,0.00445557,"Membrane, Cell membrane",Cell membrane
ENSP00000421209,0.1796875,0.5078125,0.5546875,0.26757812,0.12988281,0.5703125,0.03515625,0.25195312,0.23046875,0.31640625,0.10498047,"Cytoplasm, Nucleus",Cytoplasm
ENSP00000404242,0.39453125,0.421875,0.32226562,0.5078125,0.25390625,0.31445312,0.13867188,0.4296875,0.22363281,0.28125,0.02404785,None,Cytoplasm
ENSP00000386519,0.0559082,0.24316406,0.92578125,0.58203125,0.07373047,0.07714844,0.00262451,0.08398438,0.00476074,0.03564453,0.00132751,Nucleus,"Cytoplasm, Nucleus"
ENSP00000362011,0.09277344,0.46875,0.6796875,0.30273438,0.09423828,0.375,0.01281738,0.13769531,0.15429688,0.08642578,0.08496094,Nucleus,Nucleus
ENSP00000453826,0.21972656,0.45507812,0.515625,0.16796875,0.16210938,0.46484375,0.02124023,0.29492188,0.28710938,0.26367188,0.36132812,None,Nucleus
ENSP00000437094,0.38867188,0.74609375,0.34570312,0.02893066,0.25585938,0.3203125,0.00198364,0.11914062,0.36328125,0.49609375,0.00735474,Cytoplasm,"Cytoplasm, Nucleus, Cell membrane"
ENSP00000422708,0.12109375,0.68359375,0.27734375,0.02062988,0.08251953,0.6484375,0.00198364,0.40234375,0.12988281,0.07910156,0.15234375,"Cytoplasm, Mitochondrion",Cytoplasm
ENSP00000388120,0.05419922,0.37304688,0.92578125,0.00939941,0.03564453,0.06445312,0.00491333,0.05834961,0.06738281,0.05932617,0.00064468,Nucleus,Nucleus
ENSP00000379634,0.06298828,0.30859375,0.8671875,0.01403809,0.05493164,0.11279297,0.01324463,0.02197266,0.02062988,0.02233887,0.00460815,Nucleus,Nucleus
ENSP00000504953,0.25195312,0.4375,0.5234375,0.28710938,0.15136719,0.23535156,0.14550781,0.29882812,0.29492188,0.3125,0.00668335,None,Nucleus
ENSP00000489835,0.12158203,0.6171875,0.62890625,0.02929688,0.10351562,0.23632812,0.00735474,0.23828125,0.12988281,0.21582031,0.01031494,"Cytoplasm, Nucleus","Cytoplasm, Nucleus"
ENSP00000483888,0.4609375,0.23046875,0.24804688,0.09130859,0.07373047,0.87890625,0.11279297,0.41015625,0.23828125,0.37109375,0.06738281,"Membrane, Mitochondrion",Mitochondrion
ENSP00000456106,0.10253906,0.44921875,0.78515625,0.03955078,0.07714844,0.21875,0.0057373,0.12988281,0.09277344,0.13867188,0.01324463,Nucleus,Nucleus
ENSP00000432533,0.15722656,0.515625,0.6796875,0.21289062,0.12695312,0.24902344,0.04077148,0.15136719,0.11767578,0.18554688,0.00970459,"Cytoplasm, Nucleus",Nucleus
ENSP00000423727,0.19824219,0.17089844,0.10107422,0.86328125,0.16308594,0.09130859,0.02978516,0.33007812,0.30664062,0.29492188,0.01495361,Extracellular,"Endoplasmic reticulum, Golgi apparatus"
ENSP00000393552,0.0402832,0.3046875,0.91796875,0.0378418,0.08740234,0.0480957,0.01000977,0.13378906,0.09130859,0.06640625,0.0088501,Nucleus,Nucleus
ENSP00000389559,0.2109375,0.38085938,0.74609375,0.02636719,0.18359375,0.04956055,0.00805664,0.30664062,0.09667969,0.1484375,0.01281738,Nucleus,Nucleus
ENSP00000464232,0.22363281,0.51171875,0.734375,0.02978516,0.06835938,0.15039062,0.00262451,0.07080078,0.08740234,0.19824219,0.0055542,"Cytoplasm, Nucleus",Nucleus
ENSP00000450740,0.15820312,0.29882812,0.6015625,0.23046875,0.09521484,0.16699219,0.13769531,0.30078125,0.06103516,0.06103516,0.0559082,Nucleus,"Cytoplasm, Nucleus"
ENSP00000323414,0.23925781,0.5390625,0.48242188,0.20898438,0.27734375,0.56640625,0.08251953,0.34179688,0.55078125,0.41601562,0.19335938,Cytoplasm,Cell membrane
ENSP00000503038,0.37109375,0.44921875,0.38867188,0.40625,0.14355469,0.58984375,0.05493164,0.44726562,0.16699219,0.3125,0.03735352,None,Cytoplasm
ENSP00000486916,0.23535156,0.48046875,0.45507812,0.2578125,0.23339844,0.41015625,0.02001953,0.34570312,0.40234375,0.27734375,0.609375,Cytoplasm,Nucleus
ENSP00000462962,0.10498047,0.3515625,0.45117188,0.61328125,0.04394531,0.4375,0.01696777,0.16113281,0.00970459,0.1484375,0.02758789,None,Cytoplasm
ENSP00000456998,0.13671875,0.5078125,0.5625,0.25585938,0.2265625,0.5546875,0.00231934,0.31445312,0.10693359,0.35742188,0.37695312,"Cytoplasm, Nucleus",Nucleus
ENSP00000422701,0.21582031,0.55078125,0.46484375,0.14453125,0.10986328,0.26367188,0.00805664,0.33398438,0.17773438,0.21972656,0.0043335,Cytoplasm,"Cytoplasm, Nucleus"
ENSP00000416133,0.11767578,0.65625,0.671875,0.07373047,0.08154297,0.10351562,0.01324463,0.17578125,0.14648438,0.29101562,0.01940918,"Cytoplasm, Nucleus",Nucleus
ENSP00000410223,0.94140625,0.06640625,0.11767578,0.08154297,0.82421875,0.13378906,0.04614258,0.77734375,0.8046875,0.34960938,0.00231934,"Membrane, Cell membrane, Endoplasmic reticulum, Lysosome/Vacuole",Nucleus
ENSP00000461696,0.13867188,0.5234375,0.62890625,0.140625,0.2734375,0.15332031,0.03320312,0.14160156,0.26757812,0.28515625,0.03198242,"Cytoplasm, Nucleus",Nucleus
ENSP00000429766,0.36132812,0.6171875,0.53125,0.09960938,0.42578125,0.17480469,0.00689697,0.09521484,0.55078125,0.38671875,0.00239563,"Cytoplasm, Nucleus",Cytoplasm
ENSP00000339093,0.55859375,0.42773438,0.34960938,0.26757812,0.27734375,0.33984375,0.01165771,0.5546875,0.23632812,0.328125,0.05419922,Membrane,Golgi apparatus
ENSP00000471563,0.609375,0.6171875,0.36328125,0.08154297,0.60546875,0.24316406,0.00082779,0.03735352,0.29882812,0.16992188,0.01098633,"Membrane, Cytoplasm, Cell membrane","Cytoplasm, Nucleus"
ENSP00000470109,0.09960938,0.46289062,0.6328125,0.68359375,0.09814453,0.28710938,0.01586914,0.11572266,0.11425781,0.0480957,0.13378906,"Nucleus, Extracellular",Mitochondrion
ENSP00000464792,0.12695312,0.390625,0.66796875,0.09423828,0.12988281,0.65234375,0.12988281,0.06738281,0.16992188,0.08496094,0.02062988,"Nucleus, Mitochondrion",Nucleus
ENSP00000453633,0.29492188,0.37304688,0.7578125,0.08496094,0.17773438,0.15625,0.00970459,0.16894531,0.10693359,0.15332031,0.00044441,Nucleus,"Cytoplasm, Cell membrane"
ENSP00000451510,0.21191406,0.484375,0.45507812,0.32421875,0.20605469,0.37890625,0.12890625,0.18847656,0.28125,0.28320312,0.04272461,Cytoplasm,Cytoplasm
ENSP00000434474,0.17089844,0.609375,0.44726562,0.36132812,0.21972656,0.4453125,0.02404785,0.26367188,0.27539062,0.40625,0.11279297,Cytoplasm,Nucleus
ENSP00000423901,0.09667969,0.41796875,0.7421875,0.06298828,0.0279541,0.25195312,0.01361084,0.36132812,0.09960938,0.08886719,0.00830078,Nucleus,Nucleus
ENSP00000404012,0.23925781,0.45507812,0.48632812,0.42578125,0.2890625,0.67578125,0.01452637,0.2109375,0.5078125,0.37890625,0.23828125,Mitochondrion,"Cytoplasm, Nucleus"
ENSP00000401872,0.09423828,0.62109375,0.62109375,0.24511719,0.18261719,0.390625,0.00360107,0.06835938,0.15722656,0.20898438,0.09130859,"Cytoplasm, Nucleus",Cytoplasm
ENSP00000498848,0.24902344,0.3828125,0.328125,0.6484375,0.11767578,0.33984375,0.12255859,0.31054688,0.08496094,0.21972656,0.1484375,Extracellular,Nucleus
ENSP00000498788,0.16699219,0.65234375,0.5546875,0.01452637,0.09960938,0.1953125,0.00271606,0.15917969,0.17675781,0.24804688,0.08496094,"Cytoplasm, Nucleus","Cytoplasm, Nucleus"
ENSP00000489370,0.27734375,0.5,0.44335938,0.4375,0.20019531,0.546875,0.08056641,0.3203125,0.40039062,0.35546875,0.1875,Cytoplasm,Cytoplasm
ENSP00000431095,0.13574219,0.5078125,0.56640625,0.36328125,0.10107422,0.33203125,0.08154297,0.20019531,0.17675781,0.08886719,0.04882812,"Cytoplasm, Nucleus",Nucleus
ENSP00000402322,0.33007812,0.5625,0.546875,0.08642578,0.21582031,0.07177734,0.0324707,0.20605469,0.21582031,0.24121094,0.02514648,"Cytoplasm, Nucleus","Cytoplasm, Cell membrane"
ENSP00000392615,0.09033203,0.48828125,0.8125,0.09130859,0.09960938,0.09960938,0.003479,0.08056641,0.04199219,0.03686523,0.00218201,"Cytoplasm, Nucleus",Nucleus
ENSP00000370125,0.10839844,0.28710938,0.87109375,0.24902344,0.19433594,0.06176758,0.05029297,0.01495361,0.01000977,0.03466797,0.0057373,Nucleus,Nucleus
ENSP00000448545,0.36523438,0.29101562,0.16308594,0.02636719,0.07910156,0.921875,0.01544189,0.33398438,0.0534668,0.09277344,0.02233887,Mitochondrion,Mitochondrion
ENSP00000429976,0.08398438,0.51953125,0.484375,0.48828125,0.08154297,0.5234375,0.01831055,0.09277344,0.26367188,0.15625,0.328125,Cytoplasm,Mitochondrion
ENSP00000429873,0.12597656,0.39453125,0.37109375,0.53125,0.09521484,0.1953125,0.03466797,0.18164062,0.41601562,0.16796875,0.01635742,None,Mitochondrion
ENSP00000424181,0.08496094,0.57421875,0.8046875,0.01098633,0.13183594,0.13476562,0.14648438,0.13183594,0.07470703,0.06738281,0.03686523,"Cytoplasm, Nucleus",Nucleus
ENSP00000423066,0.13574219,0.63671875,0.50390625,0.2109375,0.1328125,0.12988281,0.00805664,0.078125,0.09033203,0.04345703,0.02258301,Cytoplasm,Cytoplasm
ENSP00000421897,0.41015625,0.72265625,0.2578125,0.4296875,0.11132812,0.08740234,0.0043335,0.27539062,0.6171875,0.734375,0.00262451,"Cytoplasm, Lysosome/Vacuole, Golgi apparatus","Cytoplasm, Cell membrane"
ENSP00000395719,0.33789062,0.50390625,0.47070312,0.06738281,0.15722656,0.375,0.00198364,0.12011719,0.53515625,0.44335938,0.00254822,Cytoplasm,Nucleus
ENSP00000502954,0.39257812,0.17675781,0.11279297,0.01068115,0.14550781,0.96484375,0.04467773,0.07275391,0.05834961,0.09814453,0.04150391,Mitochondrion,Mitochondrion
ENSP00000489587,0.16308594,0.20703125,0.18554688,0.83203125,0.13085938,0.30078125,0.15234375,0.17871094,0.07714844,0.26171875,0.01452637,Extracellular,Nucleus
ENSP00000457536,0.46289062,0.75390625,0.29492188,0.23828125,0.45117188,0.2109375,0.00735474,0.22363281,0.21191406,0.1640625,0.09960938,"Membrane, Cytoplasm","Cytoplasm, Cell membrane"
ENSP00000431233,0.2421875,0.30664062,0.20410156,0.84765625,0.09033203,0.421875,0.04956055,0.38671875,0.11279297,0.5234375,0.03027344,Extracellular,Endoplasmic reticulum
ENSP00000426165,0.09521484,0.6171875,0.69921875,0.29101562,0.16699219,0.28125,0.00915527,0.13867188,0.13769531,0.32617188,0.12011719,"Cytoplasm, Nucleus",Cytoplasm
ENSP00000421839,0.20214844,0.5,0.38867188,0.4140625,0.20019531,0.38867188,0.0279541,0.34179688,0.34179688,0.40039062,0.13378906,Cytoplasm,"Cytoplasm, Nucleus"
ENSP00000409990,0.203125,0.68359375,0.37890625,0.19921875,0.171875,0.53125,0.24511719,0.2734375,0.06640625,0.06835938,0.30859375,Cytoplasm,"Cytoplasm, Nucleus"
ENSP00000392767,0.35546875,0.6875,0.32421875,0.2890625,0.40039062,0.09960938,0.0402832,0.16601562,0.34570312,0.11572266,0.01361084,Cytoplasm,Cytoplasm
ENSP00000372656,0.18164062,0.5078125,0.40625,0.46289062,0.06445312,0.51171875,0.23925781,0.39453125,0.26171875,0.41015625,0.15625,Cytoplasm,Cell membrane
ENSP00000350398,0.1484375,0.60546875,0.5703125,0.30078125,0.16015625,0.38085938,0.12011719,0.17480469,0.27539062,0.28320312,0.06445312,"Cytoplasm, Nucleus",Mitochondrion
ENSP00000506567,0.21875,0.56640625,0.26757812,0.421875,0.19824219,0.36328125,0.16210938,0.19335938,0.08251953,0.3515625,0.05834961,Cytoplasm,"Cytoplasm, Nucleus"
ENSP00000505535,0.53515625,0.7265625,0.41992188,0.01635742,0.34960938,0.09277344,0.00132751,0.1953125,0.20800781,0.24511719,0.00506592,"Membrane, Cytoplasm",Cytoplasm
ENSP00000482941,0.35351562,0.62109375,0.23925781,0.13964844,0.2890625,0.44140625,0.01281738,0.22167969,0.12255859,0.33007812,0.02038574,Cytoplasm,Mitochondrion
ENSP00000242152,0.19726562,0.11572266,0.08251953,0.87890625,0.18847656,0.04345703,0.01000977,0.28515625,0.13769531,0.41796875,0.003479,Extracellular,Golgi apparatus
ENSP00000476323,0.55078125,0.16308594,0.14941406,0.01696777,0.16113281,0.96484375,0.00689697,0.10986328,0.07910156,0.15136719,0.07275391,"Membrane, Mitochondrion",Mitochondrion
ENSP00000475468,0.22851562,0.44921875,0.48046875,0.15917969,0.15136719,0.3984375,0.11279297,0.3515625,0.17871094,0.34375,0.11279297,None,Nucleus
ENSP00000463707,0.23828125,0.5703125,0.515625,0.44726562,0.18554688,0.51953125,0.22265625,0.31640625,0.24804688,0.35742188,0.00915527,Cytoplasm,Cell membrane
ENSP00000453788,0.16796875,0.49414062,0.49414062,0.48632812,0.10839844,0.5,0.12255859,0.3125,0.24121094,0.4375,0.01831055,Cytoplasm,"Cytoplasm, Nucleus"
ENSP00000438281,0.19335938,0.62890625,0.33789062,0.12158203,0.17773438,0.2890625,0.00445557,0.14257812,0.29296875,0.5703125,0.00141144,Cytoplasm,Cytoplasm
ENSP00000436308,0.04467773,0.28710938,0.91015625,0.04467773,0.08496094,0.08154297,0.00915527,0.14257812,0.09130859,0.06738281,0.00592041,Nucleus,Nucleus
ENSP00000434262,0.2109375,0.46289062,0.41601562,0.23242188,0.15136719,0.4296875,0.02001953,0.17285156,0.09521484,0.15136719,0.00476074,None,Mitochondrion
ENSP00000432792,0.7265625,0.09667969,0.13964844,0.0402832,0.19921875,0.96484375,0.6015625,0.58203125,0.40039062,0.19335938,0.02722168,"Membrane, Mitochondrion",Mitochondrion
ENSP00000408717,0.18945312,0.53515625,0.5859375,0.07275391,0.07275391,0.15136719,0.00689697,0.18359375,0.12597656,0.16699219,0.04467773,"Cytoplasm, Nucleus",Nucleus
ENSP00000453224,0.11572266,0.53515625,0.47070312,0.734375,0.13574219,0.43945312,0.17089844,0.09814453,0.09033203,0.21582031,0.02368164,"Cytoplasm, Extracellular",Endoplasmic reticulum
ENSP00000443808,0.23535156,0.46484375,0.40039062,0.26367188,0.16601562,0.6796875,0.12109375,0.23535156,0.28320312,0.33398438,0.06738281,Mitochondrion,"Nucleus, Golgi apparatus"
ENSP00000431481,0.24121094,0.68359375,0.47851562,0.09277344,0.34570312,0.05273438,0.01696777,0.16113281,0.42773438,0.06640625,0.00860596,Cytoplasm,Nucleus
ENSP00000399672,0.12109375,0.4765625,0.703125,0.10498047,0.09814453,0.24121094,0.01977539,0.13671875,0.14941406,0.19238281,0.01135254,"Cytoplasm, Nucleus",Nucleus
ENSP00000399490,0.33984375,0.18945312,0.1640625,0.28515625,0.30078125,0.19726562,0.01831055,0.37109375,0.21972656,0.54296875,0.01000977,None,Cell membrane
ENSP00000389994,0.14160156,0.61328125,0.43359375,0.6171875,0.13183594,0.22851562,0.21777344,0.140625,0.1484375,0.35546875,0.06347656,Cytoplasm,Cell membrane
ENSP00000502992,0.30078125,0.18554688,0.12109375,0.02331543,0.10107422,0.9375,0.18554688,0.04541016,0.03112793,0.05493164,0.04663086,Mitochondrion,Mitochondrion
ENSP00000464939,0.10253906,0.3515625,0.83203125,0.02062988,0.06738281,0.06738281,0.00204468,0.13085938,0.01635742,0.06542969,0.00145721,Nucleus,Nucleus
ENSP00000458914,0.19921875,0.515625,0.515625,0.30859375,0.20898438,0.6484375,0.06176758,0.14648438,0.4296875,0.25585938,0.16015625,"Cytoplasm, Mitochondrion",Mitochondrion
ENSP00000434280,0.37304688,0.39453125,0.67578125,0.14941406,0.18164062,0.71875,0.05834961,0.09130859,0.12597656,0.0402832,0.03955078,"Nucleus, Mitochondrion",Mitochondrion
ENSP00000501350,0.19042969,0.58203125,0.4609375,0.36523438,0.20898438,0.25390625,0.06005859,0.21777344,0.24804688,0.22949219,0.02636719,Cytoplasm,Nucleus
ENSP00000471320,0.15039062,0.38476562,0.37304688,0.703125,0.12792969,0.30664062,0.03417969,0.16699219,0.08740234,0.16113281,0.06640625,Extracellular,Cytoplasm
ENSP00000466948,0.28125,0.45703125,0.5,0.09277344,0.08642578,0.515625,0.13964844,0.34765625,0.1796875,0.24804688,0.01916504,None,Cytoplasm
ENSP00000462705,0.16992188,0.6640625,0.44335938,0.078125,0.24804688,0.26367188,0.00218201,0.15527344,0.25195312,0.2265625,0.19433594,Cytoplasm,"Cytoplasm, Nucleus"
ENSP00000437284,0.90234375,0.09814453,0.14648438,0.02258301,0.53125,0.16894531,0.02331543,0.64453125,0.66015625,0.5234375,0.00405884,"Membrane, Cell membrane, Endoplasmic reticulum, Lysosome/Vacuole","Endoplasmic reticulum, Golgi apparatus"
ENSP00000437200,0.15722656,0.34960938,0.640625,0.484375,0.16113281,0.17773438,0.0559082,0.17871094,0.08642578,0.17773438,0.00102997,Nucleus,Cytoplasm
ENSP00000421278,0.14550781,0.51171875,0.6875,0.06347656,0.12890625,0.1953125,0.17480469,0.20703125,0.34960938,0.38867188,0.14160156,"Cytoplasm, Nucleus",Nucleus
ENSP00000404471,0.22265625,0.29101562,0.24609375,0.66015625,0.28125,0.25390625,0.01361084,0.23535156,0.24511719,0.38671875,0.11767578,Extracellular,Cell membrane
ENSP00000246551,0.7421875,0.171875,0.10253906,0.52734375,0.7578125,0.08642578,0.00393677,0.26757812,0.58203125,0.20800781,0.05102539,"Membrane, Cell membrane, Lysosome/Vacuole",Cell membrane
ENSP00000450530,0.21484375,0.43359375,0.52734375,0.34179688,0.23925781,0.328125,0.09960938,0.21289062,0.24609375,0.22851562,0.03564453,None,Cytoplasm
ENSP00000445750,0.18359375,0.5390625,0.47851562,0.36523438,0.21582031,0.19824219,0.03735352,0.15527344,0.06176758,0.12011719,0.22949219,Cytoplasm,Cytoplasm
ENSP00000441344,0.15332031,0.48828125,0.49414062,0.22558594,0.09423828,0.33398438,0.16601562,0.35351562,0.1953125,0.21484375,0.06933594,Cytoplasm,Mitochondrion
ENSP00000436643,0.9140625,0.10693359,0.2109375,0.02722168,0.10839844,0.59375,0.00170135,0.70703125,0.23535156,0.46484375,0.11572266,"Membrane, Endoplasmic reticulum",Golgi apparatus
ENSP00000431952,0.21875,0.49023438,0.25195312,0.828125,0.16113281,0.13378906,0.04394531,0.05664062,0.06298828,0.1796875,0.28320312,"Cytoplasm, Extracellular","Cytoplasm, Nucleus"
ENSP00000404200,0.83203125,0.20019531,0.0559082,0.00689697,0.12890625,0.90625,0.02978516,0.19726562,0.24609375,0.06933594,0.79296875,"Membrane, Mitochondrion, Peroxisome",Peroxisome
ENSP00000392945,0.2578125,0.14453125,0.16308594,0.13378906,0.08740234,0.89453125,0.03564453,0.10351562,0.09521484,0.11767578,0.03320312,Mitochondrion,Mitochondrion
ENSP00000477770,0.14746094,0.578125,0.55859375,0.5703125,0.15136719,0.67578125,0.08642578,0.19726562,0.3125,0.28710938,0.03466797,"Cytoplasm, Nucleus, Mitochondrion",Nucleus
ENSP00000457999,0.10839844,0.51171875,0.55078125,0.13476562,0.12890625,0.28125,0.09960938,0.16992188,0.09960938,0.34960938,0.00360107,"Cytoplasm, Nucleus",Nucleus
ENSP00000454415,0.2265625,0.13671875,0.14648438,0.02197266,0.07373047,0.9296875,0.06347656,0.05175781,0.04150391,0.05932617,0.08398438,Mitochondrion,Mitochondrion
ENSP00000446893,0.15039062,0.59765625,0.53125,0.27148438,0.15136719,0.51953125,0.06103516,0.15039062,0.24902344,0.12255859,0.140625,"Cytoplasm, Nucleus","Cytoplasm, Cell membrane"
ENSP00000444859,0.20800781,0.51171875,0.5078125,0.5,0.16992188,0.47070312,0.09667969,0.1953125,0.21972656,0.18554688,0.06005859,Cytoplasm,Cell membrane
ENSP00000437258,0.33984375,0.5,0.4375,0.09667969,0.2890625,0.24121094,0.05834961,0.31445312,0.2421875,0.30859375,0.10253906,Cytoplasm,"Endoplasmic reticulum, Golgi apparatus"
ENSP00000428555,0.18164062,0.62890625,0.76171875,0.39453125,0.02929688,0.0534668,0.05932617,0.07275391,0.13769531,0.0402832,0.00297546,"Cytoplasm, Nucleus",Cell membrane
ENSP00000423846,0.328125,0.71875,0.26367188,0.10693359,0.39648438,0.171875,0.00476074,0.12353516,0.09960938,0.55859375,0.03198242,Cytoplasm,"Cytoplasm, Cell membrane, Endoplasmic reticulum"
ENSP00000406830,0.23535156,0.48632812,0.54296875,0.47070312,0.21777344,0.50390625,0.05493164,0.17480469,0.14648438,0.13378906,0.09033203,"Cytoplasm, Nucleus",Nucleus
ENSP00000317413,0.13769531,0.578125,0.578125,0.33007812,0.08496094,0.31835938,0.04150391,0.16308594,0.25976562,0.21191406,0.28515625,"Cytoplasm, Nucleus",Nucleus
ENSP00000496807,0.24804688,0.5234375,0.4296875,0.32617188,0.26953125,0.19238281,0.00628662,0.14648438,0.15722656,0.20800781,0.02099609,Cytoplasm,Cell membrane
ENSP00000473656,0.26953125,0.37304688,0.17089844,0.6953125,0.21484375,0.25585938,0.01495361,0.20019531,0.10498047,0.07714844,0.00506592,Extracellular,Nucleus
ENSP00000415158,0.8046875,0.11279297,0.11425781,0.06738281,0.3515625,0.09423828,0.00124359,0.2578125,0.5546875,0.32617188,0.06933594,Membrane,Cell membrane
ENSP00000395964,0.17773438,0.55078125,0.5625,0.47460938,0.17285156,0.23535156,0.00756836,0.17285156,0.28320312,0.20898438,0.9140625,"Cytoplasm, Nucleus, Peroxisome",Mitochondrion
ENSP00000363886,0.21484375,0.58984375,0.67578125,0.47460938,0.07080078,0.09960938,0.00308228,0.2578125,0.24316406,0.37109375,0.00735474,"Cytoplasm, Nucleus",Nucleus
ENSP00000357917,0.12890625,0.6796875,0.49804688,0.02758789,0.11279297,0.18945312,0.01794434,0.07080078,0.078125,0.09423828,0.32421875,Cytoplasm,"Cytoplasm, Nucleus"
ENSP00000493433,0.1953125,0.53515625,0.37695312,0.3671875,0.21972656,0.40039062,0.03173828,0.07177734,0.18554688,0.03857422,0.01031494,Cytoplasm,"Cytoplasm, Cell membrane"
ENSP00000484031,0.25585938,0.453125,0.35351562,0.3359375,0.19824219,0.34570312,0.04467773,0.11914062,0.48828125,0.26953125,0.41601562,None,Nucleus
ENSP00000466596,0.25390625,0.578125,0.35546875,0.140625,0.1328125,0.5234375,0.04736328,0.24902344,0.14160156,0.21484375,0.01245117,Cytoplasm,Nucleus
ENSP00000464319,0.12988281,0.33789062,0.61328125,0.53515625,0.04736328,0.5234375,0.07910156,0.40820312,0.12988281,0.18847656,0.06835938,Nucleus,"Cytoplasm, Nucleus"
ENSP00000454914,0.14160156,0.33398438,0.26757812,0.62109375,0.11132812,0.47460938,0.01452637,0.31835938,0.10253906,0.2578125,0.02844238,None,Cytoplasm
ENSP00000453285,0.06445312,0.38671875,0.46679688,0.1875,0.03515625,0.546875,0.24511719,0.10693359,0.02978516,0.07177734,0.00970459,None,"Cytoplasm, Endoplasmic reticulum"
ENSP00000432841,0.390625,0.35742188,0.515625,0.22851562,0.20410156,0.5078125,0.01245117,0.6953125,0.21191406,0.29101562,0.13476562,Endoplasmic reticulum,Golgi apparatus
ENSP00000422500,0.03320312,0.29492188,0.953125,0.11132812,0.01495361,0.12109375,0.00610352,0.03564453,0.01403809,0.01165771,0.02062988,Nucleus,Nucleus
ENSP00000416332,0.26367188,0.51171875,0.46484375,0.15429688,0.11572266,0.41210938,0.13574219,0.49023438,0.26757812,0.31445312,0.03369141,Cytoplasm,Cell membrane
ENSP00000387490,0.05932617,0.38671875,0.72265625,0.390625,0.03955078,0.0480957,0.0005722,0.05029297,0.02001953,0.17285156,0.00317383,Nucleus,Nucleus
ENSP00000495146,0.23535156,0.44140625,0.32421875,0.09423828,0.21289062,0.28125,0.12988281,0.16894531,0.06933594,0.265625,0.02124023,None,Cytoplasm
ENSP00000473892,0.22558594,0.49609375,0.52734375,0.296875,0.19335938,0.53125,0.16113281,0.22167969,0.44140625,0.36914062,0.12255859,Cytoplasm,Mitochondrion
ENSP00000471874,0.14355469,0.53125,0.578125,0.20898438,0.12597656,0.34375,0.02001953,0.18457031,0.15722656,0.10693359,0.11279297,"Cytoplasm, Nucleus","Cytoplasm, Endoplasmic reticulum"
ENSP00000447669,0.21972656,0.54296875,0.4765625,0.40039062,0.14160156,0.34570312,0.11425781,0.39453125,0.28515625,0.31054688,0.05175781,Cytoplasm,Cytoplasm
ENSP00000436328,0.22949219,0.22363281,0.14746094,0.81640625,0.19726562,0.23535156,0.03198242,0.41796875,0.3046875,0.40039062,0.07568359,Extracellular,"Cytoplasm, Cell membrane"
ENSP00000436205,0.87109375,0.15332031,0.16699219,0.02758789,0.07177734,0.56640625,0.00120544,0.546875,0.42382812,0.62109375,0.11132812,Membrane,Golgi apparatus
ENSP00000432739,0.703125,0.2265625,0.16894531,0.16699219,0.16113281,0.6875,0.04541016,0.65625,0.21191406,0.33203125,0.05664062,"Membrane, Mitochondrion, Endoplasmic reticulum",Mitochondrion
ENSP00000423761,0.15429688,0.68359375,0.5625,0.07568359,0.21191406,0.1875,0.02929688,0.10107422,0.17578125,0.25585938,0.003479,"Cytoplasm, Nucleus",Nucleus
ENSP00000384450,0.09033203,0.4765625,0.703125,0.23535156,0.15332031,0.47265625,0.0008812,0.08642578,0.23925781,0.09033203,0.6484375,"Cytoplasm, Nucleus",Cytoplasm
ENSP00000496153,0.15527344,0.54296875,0.4296875,0.546875,0.09521484,0.38476562,0.15234375,0.24804688,0.16015625,0.18164062,0.01495361,Cytoplasm,Nucleus
ENSP00000475329,0.11132812,0.6015625,0.546875,0.32226562,0.1640625,0.20898438,0.06176758,0.16699219,0.12597656,0.16210938,0.01031494,"Cytoplasm, Nucleus",Nucleus
ENSP00000458264,0.14746094,0.52734375,0.5703125,0.06542969,0.13378906,0.17480469,0.00271606,0.203125,0.06103516,0.13183594,0.00297546,"Cytoplasm, Nucleus",Nucleus
ENSP00000417786,0.2109375,0.43164062,0.51171875,0.33203125,0.09521484,0.40820312,0.23046875,0.45117188,0.46484375,0.36328125,0.359375,None,Nucleus
ENSP00000400596,0.12792969,0.33203125,0.33984375,0.17285156,0.05419922,0.69921875,0.3359375,0.12011719,0.08056641,0.11572266,0.09521484,Mitochondrion,"Cytoplasm, Endoplasmic reticulum"
ENSP00000388413,0.28125,0.24902344,0.12158203,0.0378418,0.09521484,0.8984375,0.10839844,0.05102539,0.02258301,0.06347656,0.12695312,Mitochondrion,Mitochondrion
ENSP00000368383,0.22265625,0.59375,0.44335938,0.23046875,0.3125,0.48828125,0.02978516,0.25585938,0.23046875,0.10986328,0.16015625,Cytoplasm,Cytoplasm
ENSP00000279259,0.29296875,0.4765625,0.640625,0.36914062,0.2890625,0.20605469,0.00756836,0.5859375,0.21191406,0.1953125,0.00860596,"Cytoplasm, Nucleus","Cytoplasm, Nucleus, Endoplasmic reticulum"
ENSP00000481472,0.40429688,0.53515625,0.25976562,0.5625,0.19433594,0.5078125,0.17773438,0.33984375,0.23632812,0.27929688,0.07373047,Cytoplasm,Mitochondrion
ENSP00000477292,0.54296875,0.17675781,0.13964844,0.01635742,0.14453125,0.96484375,0.00970459,0.10839844,0.08886719,0.14453125,0.08056641,"Membrane, Mitochondrion",Mitochondrion
ENSP00000468125,0.265625,0.2265625,0.22558594,0.08886719,0.140625,0.97265625,0.03173828,0.07714844,0.07910156,0.19042969,0.41210938,Mitochondrion,Mitochondrion
ENSP00000426046,0.33007812,0.41015625,0.52734375,0.10498047,0.18261719,0.4921875,0.04956055,0.48046875,0.54296875,0.27734375,0.01977539,None,"Cytoplasm, Nucleus"
ENSP00000424002,0.265625,0.58984375,0.42773438,0.23925781,0.19238281,0.23925781,0.10986328,0.40820312,0.23535156,0.63671875,0.00628662,Cytoplasm,Nucleus
ENSP00000409541,0.29101562,0.5625,0.49023438,0.5,0.22851562,0.5234375,0.19433594,0.25390625,0.40820312,0.25,0.01635742,Cytoplasm,Golgi apparatus
ENSP00000407410,0.11132812,0.44140625,0.49414062,0.32617188,0.09033203,0.11425781,0.05737305,0.19726562,0.03369141,0.17773438,0.125,None,"Cytoplasm, Nucleus"
ENSP00000398804,0.66015625,0.54296875,0.41992188,0.10839844,0.390625,0.296875,0.01403809,0.546875,0.58203125,0.5078125,0.00491333,"Membrane, Cytoplasm, Lysosome/Vacuole",Nucleus
ENSP00000504615,0.1484375,0.68359375,0.48828125,0.19042969,0.12792969,0.40039062,0.00610352,0.10839844,0.27929688,0.08740234,0.00393677,Cytoplasm,Cytoplasm
ENSP00000481423,0.14648438,0.66796875,0.53125,0.20019531,0.18847656,0.29296875,0.02258301,0.09277344,0.13671875,0.23828125,0.04467773,"Cytoplasm, Nucleus",Mitochondrion
ENSP00000443311,0.45703125,0.64453125,0.37304688,0.0267334,0.67578125,0.14550781,0.0255127,0.18261719,0.33203125,0.31054688,0.08496094,"Membrane, Cytoplasm, Cell membrane",Cell membrane
ENSP00000422333,0.34179688,0.30078125,0.22851562,0.75,0.17773438,0.3203125,0.21191406,0.45898438,0.26953125,0.32617188,0.13671875,Extracellular,Cell membrane
ENSP00000422150,0.46679688,0.34375,0.28710938,0.37109375,0.24804688,0.41015625,0.3125,0.51953125,0.4296875,0.4921875,0.22265625,Membrane,Cell membrane
ENSP00000502397,0.20898438,0.6171875,0.40039062,0.03686523,0.26367188,0.33789062,0.04199219,0.27539062,0.12011719,0.20703125,0.21972656,Cytoplasm,Nucleus
ENSP00000454489,0.16699219,0.6640625,0.43164062,0.06933594,0.21191406,0.16601562,0.00193024,0.04467773,0.06298828,0.08496094,0.00099945,Cytoplasm,Cytoplasm
ENSP00000435912,0.1953125,0.6640625,0.453125,0.3046875,0.15136719,0.3046875,0.05273438,0.12353516,0.08740234,0.22167969,0.01245117,Cytoplasm,Cytoplasm
ENSP00000429426,0.06738281,0.3515625,0.80078125,0.06933594,0.08398438,0.0402832,0.01000977,0.04467773,0.02893066,0.03417969,0.00106812,Nucleus,Nucleus
ENSP00000429313,0.09814453,0.69140625,0.58984375,0.03112793,0.12597656,0.15039062,0.00218201,0.13671875,0.14160156,0.04272461,0.00150299,"Cytoplasm, Nucleus",Cytoplasm
ENSP00000421951,0.44140625,0.59765625,0.48242188,0.17089844,0.36523438,0.10693359,0.00085449,0.01000977,0.25390625,0.04736328,0.02331543,Cytoplasm,Cytoplasm
ENSP00000506128,0.13867188,0.546875,0.5859375,0.14453125,0.17578125,0.13183594,0.02758789,0.04150391,0.11425781,0.16601562,0.00218201,"Cytoplasm, Nucleus","Cytoplasm, Nucleus"
ENSP00000492309,0.29492188,0.1953125,0.19433594,0.02233887,0.16601562,0.95703125,0.01586914,0.03857422,0.0255127,0.0324707,0.02893066,Mitochondrion,Mitochondrion
ENSP00000467331,0.66796875,0.2578125,0.13574219,0.24804688,0.54296875,0.34375,0.01202393,0.34375,0.38476562,0.08740234,0.01745605,"Membrane, Cell membrane",Endoplasmic reticulum
ENSP00000450910,0.19433594,0.52734375,0.54296875,0.4296875,0.16699219,0.34570312,0.10253906,0.296875,0.24121094,0.14355469,0.16308594,"Cytoplasm, Nucleus",Nucleus
ENSP00000401314,0.22167969,0.62890625,0.62109375,0.24316406,0.10986328,0.09667969,0.00150299,0.3359375,0.26953125,0.21777344,0.00058746,"Cytoplasm, Nucleus",Cell membrane
ENSP00000508170,0.27929688,0.6171875,0.5703125,0.03369141,0.19042969,0.04394531,0.00132751,0.09130859,0.25976562,0.10986328,0.01977539,"Cytoplasm, Nucleus","Cytoplasm, Nucleus, Cell membrane"
ENSP00000480290,0.16699219,0.51953125,0.5703125,0.15332031,0.12988281,0.38671875,0.12988281,0.08251953,0.23925781,0.15820312,0.03027344,"Cytoplasm, Nucleus",Golgi apparatus
ENSP00000469123,0.15917969,0.51953125,0.45117188,0.20410156,0.20800781,0.515625,0.00860596,0.3359375,0.41796875,0.59375,0.6328125,Cytoplasm,Cytoplasm
ENSP00000465425,0.1484375,0.5859375,0.5625,0.0255127,0.15917969,0.22363281,0.0534668,0.41992188,0.08740234,0.24804688,0.01165771,"Cytoplasm, Nucleus",Nucleus
ENSP00000464423,0.23535156,0.49023438,0.48046875,0.31835938,0.22167969,0.3515625,0.06542969,0.30078125,0.28515625,0.35351562,0.07080078,Cytoplasm,Nucleus
ENSP00000462642,0.22851562,0.7578125,0.6328125,0.04541016,0.13867188,0.10498047,0.00668335,0.07568359,0.24121094,0.20019531,0.01361084,"Cytoplasm, Nucleus",Cytoplasm
ENSP00000450763,0.10107422,0.64453125,0.5546875,0.47265625,0.08642578,0.16992188,0.14550781,0.16894531,0.08642578,0.14648438,0.03063965,"Cytoplasm, Nucleus",Nucleus
ENSP00000436412,0.13476562,0.546875,0.6953125,0.31054688,0.06640625,0.15917969,0.00521851,0.0279541,0.16601562,0.32226562,0.01000977,"Cytoplasm, Nucleus",Nucleus
ENSP00000428662,0.18359375,0.6015625,0.578125,0.09277344,0.20703125,0.25390625,0.01635742,0.19824219,0.10693359,0.203125,0.3984375,"Cytoplasm, Nucleus",Nucleus
ENSP00000424863,0.21875,0.6015625,0.5078125,0.15527344,0.18457031,0.2421875,0.05834961,0.2109375,0.140625,0.265625,0.02722168,Cytoplasm,Nucleus
ENSP00000395552,0.11132812,0.51171875,0.7890625,0.02929688,0.05419922,0.17773438,0.0078125,0.07910156,0.09277344,0.28320312,0.02160645,"Cytoplasm, Nucleus",Nucleus
ENSP00000367939,0.78515625,0.12988281,0.12890625,0.03686523,0.10351562,0.83203125,0.0043335,0.1953125,0.11132812,0.04882812,0.02404785,"Membrane, Mitochondrion",Mitochondrion
ENSP00000506647,0.12792969,0.51953125,0.63671875,0.12011719,0.14355469,0.13867188,0.04541016,0.0390625,0.08740234,0.12402344,0.00271606,"Cytoplasm, Nucleus","Cytoplasm, Nucleus"
ENSP00000495572,0.24121094,0.6875,0.3125,0.12988281,0.16308594,0.55859375,0.02893066,0.2890625,0.17578125,0.43945312,0.32421875,Cytoplasm,Nucleus
ENSP00000487134,0.32617188,0.44726562,0.37109375,0.49414062,0.15234375,0.5,0.17285156,0.47070312,0.29296875,0.33789062,0.03686523,None,Nucleus
ENSP00000468878,0.16308594,0.56640625,0.50390625,0.72265625,0.10498047,0.30664062,0.04345703,0.13183594,0.10253906,0.171875,0.1484375,"Cytoplasm, Extracellular",Cytoplasm
ENSP00000466687,0.15136719,0.25976562,0.22851562,0.83984375,0.06445312,0.15332031,0.01165771,0.08886719,0.01165771,0.14355469,0.01696777,Extracellular,Cytoplasm
ENSP00000465750,0.14257812,0.36132812,0.61328125,0.09960938,0.08251953,0.30273438,0.00297546,0.31054688,0.02636719,0.0402832,0.0534668,Nucleus,Nucleus
ENSP00000464986,0.18359375,0.48046875,0.48632812,0.61328125,0.13183594,0.40039062,0.25585938,0.19335938,0.16796875,0.18261719,0.0255127,Cytoplasm,Nucleus
ENSP00000461448,0.19335938,0.53125,0.4609375,0.10693359,0.12695312,0.2421875,0.08154297,0.09814453,0.06445312,0.15429688,0.01361084,Cytoplasm,Cytoplasm
ENSP00000421392,0.08496094,0.43164062,0.6796875,0.15527344,0.06445312,0.24316406,0.17480469,0.27539062,0.17871094,0.40234375,0.0071106,Nucleus,Nucleus
ENSP00000417312,0.16796875,0.65625,0.51953125,0.16699219,0.16796875,0.40625,0.0378418,0.20019531,0.19042969,0.16992188,0.14160156,Cytoplasm,Nucleus
ENSP00000506933,0.12890625,0.54296875,0.64453125,0.34765625,0.08056641,0.21289062,0.05932617,0.20800781,0.29101562,0.18164062,0.05029297,"Cytoplasm, Nucleus",Nucleus
ENSP00000506074,0.19824219,0.48242188,0.51953125,0.23339844,0.10253906,0.45507812,0.03857422,0.27148438,0.37109375,0.328125,0.38085938,Cytoplasm,Cytoplasm
ENSP00000501404,0.28125,0.3359375,0.30273438,0.75390625,0.15625,0.421875,0.11132812,0.32421875,0.20605469,0.26367188,0.01281738,Extracellular,Mitochondrion
ENSP00000484006,0.33398438,0.17578125,0.1640625,0.8515625,0.40625,0.09667969,0.01635742,0.29882812,0.25585938,0.26757812,0.00830078,Extracellular,Cell membrane
ENSP00000464503,0.14550781,0.55859375,0.85546875,0.06176758,0.140625,0.18164062,0.00109863,0.05493164,0.14550781,0.16308594,0.00317383,"Cytoplasm, Nucleus",Nucleus
ENSP00000456237,0.07373047,0.5703125,0.6640625,0.13964844,0.0480957,0.10986328,0.01403809,0.07373047,0.08056641,0.16894531,0.01361084,"Cytoplasm, Nucleus",Cytoplasm
ENSP00000444771,0.10107422,0.29492188,0.33984375,0.78515625,0.06298828,0.22167969,0.01794434,0.14257812,0.02600098,0.15527344,0.01495361,Extracellular,Mitochondrion
ENSP00000431343,0.03955078,0.29882812,0.91796875,0.03173828,0.07714844,0.06445312,0.01452637,0.10351562,0.08740234,0.06103516,0.00460815,Nucleus,Nucleus
ENSP00000419128,0.16308594,0.640625,0.36132812,0.07373047,0.11279297,0.29296875,0.00247192,0.1796875,0.04199219,0.09423828,0.03613281,Cytoplasm,Mitochondrion
ENSP00000405084,0.33203125,0.45898438,0.359375,0.28320312,0.1328125,0.4375,0.09667969,0.5234375,0.41796875,0.46484375,0.09130859,None,Cell membrane
ENSP00000475845,0.6015625,0.6015625,0.52734375,0.00113678,0.64453125,0.18945312,0.01068115,0.21484375,0.18554688,0.07275391,0.01245117,"Membrane, Cytoplasm, Cell membrane",Cell membrane
ENSP00000469232,0.12988281,0.53125,0.5859375,0.52734375,0.08886719,0.40039062,0.02197266,0.1328125,0.20605469,0.23632812,0.20214844,"Cytoplasm, Nucleus",Cytoplasm
ENSP00000431039,0.29492188,0.49609375,0.29492188,0.45117188,0.17285156,0.3046875,0.09277344,0.22851562,0.24902344,0.39257812,0.0279541,Cytoplasm,Mitochondrion
ENSP00000430859,0.16796875,0.51953125,0.61328125,0.26953125,0.07275391,0.3125,0.01135254,0.3125,0.26757812,0.30078125,0.01696777,"Cytoplasm, Nucleus","Cytoplasm, Nucleus"
ENSP00000429288,0.3359375,0.6171875,0.47265625,0.02978516,0.33398438,0.13671875,0.01977539,0.42382812,0.11425781,0.06640625,0.01879883,Cytoplasm,Cytoplasm
ENSP00000427003,0.20214844,0.546875,0.4296875,0.33398438,0.11279297,0.49414062,0.12255859,0.26757812,0.3203125,0.33203125,0.33398438,Cytoplasm,"Cytoplasm, Nucleus"
ENSP00000506015,0.18261719,0.56640625,0.5625,0.20898438,0.14355469,0.35546875,0.05029297,0.19921875,0.12011719,0.11425781,0.19042969,"Cytoplasm, Nucleus","Cytoplasm, Mitochondrion"
ENSP00000494757,0.18261719,0.54296875,0.6484375,0.09960938,0.23828125,0.28515625,0.01635742,0.21484375,0.26171875,0.14355469,0.09130859,"Cytoplasm, Nucleus",Nucleus
ENSP00000467983,0.19824219,0.28710938,0.42382812,0.55859375,0.06738281,0.25585938,0.03686523,0.515625,0.23632812,0.30859375,0.07568359,None,Mitochondrion
ENSP00000456776,0.19238281,0.54296875,0.39648438,0.515625,0.13574219,0.5703125,0.25585938,0.21582031,0.31640625,0.35546875,0.07080078,Cytoplasm,"Cytoplasm, Nucleus"
ENSP00000454184,0.17089844,0.61328125,0.45898438,0.21289062,0.28515625,0.41796875,0.01745605,0.15234375,0.1875,0.09960938,0.13476562,Cytoplasm,Cytoplasm
ENSP00000417789,0.23046875,0.40820312,0.25390625,0.90625,0.07714844,0.13964844,0.05102539,0.02404785,0.0055542,0.05493164,0.37109375,Extracellular,Cytoplasm
ENSP00000387792,0.06640625,0.43359375,0.7734375,0.31640625,0.03320312,0.10839844,0.01452637,0.19433594,0.203125,0.09277344,0.25,Nucleus,Cytoplasm
ENSP00000468211,0.19042969,0.49023438,0.41015625,0.62890625,0.12597656,0.515625,0.17773438,0.24609375,0.11914062,0.16796875,0.03417969,Cytoplasm,Nucleus
ENSP00000460358,0.29882812,0.52734375,0.26953125,0.55859375,0.15039062,0.40039062,0.29492188,0.14453125,0.18554688,0.25,0.43945312,Cytoplasm,Mitochondrion
ENSP00000460265,0.08251953,0.59375,0.6796875,0.00915527,0.08056641,0.18945312,0.00031471,0.08056641,0.16992188,0.13867188,0.00132751,"Cytoplasm, Nucleus",Nucleus
ENSP00000454718,0.27929688,0.51171875,0.44335938,0.4140625,0.13867188,0.6796875,0.22265625,0.2734375,0.3828125,0.33984375,0.03613281,"Cytoplasm, Mitochondrion",Cytoplasm
ENSP00000434812,0.08642578,0.5390625,0.41796875,0.6328125,0.05175781,0.19042969,0.06005859,0.05664062,0.01495361,0.08642578,0.15429688,Cytoplasm,"Cytoplasm, Nucleus, Cell membrane"
ENSP00000433003,0.22851562,0.52734375,0.50390625,0.23632812,0.1328125,0.41210938,0.05834961,0.23925781,0.33203125,0.26367188,0.00360107,Cytoplasm,"Nucleus, Mitochondrion"
ENSP00000402829,0.29101562,0.5546875,0.46484375,0.2734375,0.20019531,0.37109375,0.09667969,0.37890625,0.23632812,0.26367188,0.06640625,Cytoplasm,"Cytoplasm, Nucleus"
ENSP00000397870,0.203125,0.21484375,0.13964844,0.7890625,0.24902344,0.15625,0.00628662,0.33398438,0.26367188,0.31445312,0.04077148,Extracellular,Cell membrane
ENSP00000384148,0.6953125,0.21777344,0.15039062,0.5546875,0.36914062,0.29492188,0.50390625,0.71875,0.39648438,0.32226562,0.16699219,"Membrane, Endoplasmic reticulum",Cell membrane
ENSP00000376243,0.44140625,0.23535156,0.22558594,0.45117188,0.33203125,0.20019531,0.13769531,0.70703125,0.55859375,0.56640625,0.16894531,Endoplasmic reticulum,Cell membrane
ENSP00000471943,0.23242188,0.41601562,0.44140625,0.6484375,0.11914062,0.36914062,0.32226562,0.16894531,0.08740234,0.12109375,0.07275391,Extracellular,Mitochondrion
ENSP00000425172,0.16894531,0.34570312,0.51171875,0.375,0.06542969,0.14550781,0.04541016,0.36132812,0.21972656,0.13867188,0.078125,None,"Cytoplasm, Nucleus"
ENSP00000422786,0.203125,0.5546875,0.53125,0.48632812,0.1640625,0.4609375,0.14453125,0.2109375,0.22851562,0.45898438,0.03320312,"Cytoplasm, Nucleus",Cell membrane
ENSP00000388563,0.68359375,0.20214844,0.15039062,0.00970459,0.15039062,0.92578125,0.01403809,0.375,0.07080078,0.07568359,0.22949219,"Membrane, Mitochondrion",Mitochondrion
ENSP00000361981,0.12695312,0.65234375,0.546875,0.06298828,0.1328125,0.23925781,0.02038574,0.13964844,0.20800781,0.41992188,0.04956055,"Cytoplasm, Nucleus","Cytoplasm, Nucleus"
ENSP00000315936,0.70703125,0.21289062,0.12695312,0.46289062,0.65234375,0.04882812,0.00132751,0.26953125,0.58984375,0.20800781,0.08154297,"Membrane, Cell membrane, Lysosome/Vacuole",Cell membrane
ENSP00000499362,0.22851562,0.5390625,0.34570312,0.66015625,0.12988281,0.47460938,0.46289062,0.20410156,0.26953125,0.31835938,0.10107422,"Cytoplasm, Extracellular",Cytoplasm
ENSP00000497470,0.609375,0.1484375,0.16601562,0.375,0.35546875,0.06835938,0.00064468,0.68359375,0.38476562,0.73046875,0.02514648,"Membrane, Endoplasmic reticulum, Golgi apparatus",Cytoplasm
ENSP00000461183,0.20898438,0.5,0.47070312,0.21191406,0.15039062,0.39453125,0.06347656,0.359375,0.26953125,0.29492188,0.20410156,Cytoplasm,"Mitochondrion, Endoplasmic reticulum"
ENSP00000449615,0.17675781,0.51953125,0.625,0.26367188,0.171875,0.50390625,0.07080078,0.26953125,0.26367188,0.21777344,0.04663086,"Cytoplasm, Nucleus",Cytoplasm
ENSP00000448684,0.14550781,0.48632812,0.796875,0.04394531,0.09277344,0.20214844,0.01831055,0.1328125,0.19726562,0.19726562,0.02160645,"Cytoplasm, Nucleus",Nucleus
ENSP00000447582,0.32226562,0.14648438,0.12402344,0.02514648,0.125,0.94921875,0.04077148,0.06542969,0.03417969,0.09667969,0.03112793,Mitochondrion,Mitochondrion
ENSP00000436906,0.13964844,0.62890625,0.60546875,0.02844238,0.14941406,0.33984375,0.0267334,0.05029297,0.03686523,0.01031494,0.18164062,"Cytoplasm, Nucleus",Mitochondrion
ENSP00000431052,0.11425781,0.38867188,0.6484375,0.47265625,0.01281738,0.36523438,0.01879883,0.50390625,0.12988281,0.25585938,0.00262451,Nucleus,Nucleus
ENSP00000354879,0.15136719,0.52734375,0.5,0.46679688,0.17480469,0.47265625,0.06933594,0.20214844,0.28125,0.34765625,0.28710938,Cytoplasm,Mitochondrion
ENSP00000494699,0.16210938,0.55078125,0.51171875,0.41015625,0.11132812,0.39453125,0.10498047,0.25976562,0.37304688,0.26757812,0.359375,Cytoplasm,"Cytoplasm, Cell membrane"
ENSP00000468538,0.29296875,0.5,0.41210938,0.09130859,0.21484375,0.12255859,0.00093842,0.24511719,0.36132812,0.10693359,0.00592041,Cytoplasm,Nucleus
ENSP00000462954,0.39257812,0.52734375,0.33398438,0.07568359,0.31445312,0.37109375,0.03369141,0.24902344,0.31445312,0.515625,0.07470703,Cytoplasm,Golgi apparatus
ENSP00000458946,0.15136719,0.6015625,0.4921875,0.4609375,0.1875,0.48046875,0.06347656,0.18847656,0.2578125,0.33789062,0.12109375,Cytoplasm,"Cytoplasm, Nucleus, Cell membrane"
ENSP00000438955,0.29296875,0.37304688,0.13183594,0.8046875,0.25390625,0.37890625,0.01635742,0.36523438,0.25585938,0.23828125,0.0088501,Extracellular,Golgi apparatus
ENSP00000421829,0.21582031,0.75390625,0.33203125,0.04467773,0.27539062,0.265625,0.00668335,0.17773438,0.08740234,0.12109375,0.1328125,Cytoplasm,Cell membrane
ENSP00000406989,0.203125,0.40429688,0.33789062,0.57421875,0.14941406,0.19335938,0.00860596,0.31054688,0.0534668,0.1953125,0.00735474,None,Mitochondrion
ENSP00000389420,0.5546875,0.28710938,0.2265625,0.34375,0.24609375,0.65625,0.34765625,0.73828125,0.6171875,0.51171875,0.20214844,"Membrane, Mitochondrion, Endoplasmic reticulum, Lysosome/Vacuole",Cell membrane
ENSP00000330730,0.3359375,0.3125,0.23242188,0.16015625,0.12158203,0.86328125,0.10839844,0.50390625,0.10253906,0.14746094,0.00102997,Mitochondrion,Mitochondrion
ENSP00000466064,0.21191406,0.62890625,0.47851562,0.16992188,0.16796875,0.40625,0.01977539,0.20800781,0.20605469,0.27734375,0.09277344,Cytoplasm,Nucleus
ENSP00000452890,0.34375,0.5390625,0.3359375,0.01879883,0.07714844,0.3046875,0.00029564,0.12792969,0.07568359,0.19238281,0.00506592,Cytoplasm,Nucleus
ENSP00000450486,0.08642578,0.33203125,0.8515625,0.03613281,0.03613281,0.27929688,0.0018692,0.1328125,0.06103516,0.11279297,0.00421143,Nucleus,Nucleus
ENSP00000430164,0.11914062,0.49414062,0.41015625,0.828125,0.09130859,0.36523438,0.04736328,0.23242188,0.07714844,0.33398438,0.04882812,"Cytoplasm, Extracellular",Cytoplasm
ENSP00000426926,0.3671875,0.4609375,0.4296875,0.21777344,0.24804688,0.296875,0.0559082,0.48046875,0.28125,0.34179688,0.0402832,None,"Cytoplasm, Mitochondrion"
ENSP00000425643,0.10498047,0.5703125,0.75,0.21289062,0.08886719,0.15917969,0.02636719,0.06542969,0.12402344,0.16601562,0.01202393,"Cytoplasm, Nucleus",Cytoplasm
ENSP00000417908,0.14160156,0.37304688,0.38085938,0.77734375,0.078125,0.36132812,0.11132812,0.34570312,0.12109375,0.22363281,0.07568359,Extracellular,Nucleus
ENSP00000404968,0.50390625,0.52734375,0.29101562,0.20703125,0.24511719,0.296875,0.00970459,0.4921875,0.5546875,0.26367188,0.05737305,"Membrane, Cytoplasm",Nucleus
ENSP00000404861,0.86328125,0.1484375,0.07373047,0.09423828,0.8515625,0.09814453,0.01403809,0.46484375,0.22265625,0.16796875,0.00592041,"Membrane, Cell membrane",Cell membrane
ENSP00000392323,0.11572266,0.609375,0.5546875,0.17578125,0.07275391,0.19042969,0.01696777,0.30859375,0.11425781,0.27148438,0.06347656,"Cytoplasm, Nucleus",Nucleus
ENSP00000390139,0.12695312,0.4609375,0.4765625,0.80078125,0.10839844,0.4765625,0.16015625,0.13671875,0.16210938,0.29882812,0.01281738,Extracellular,Cytoplasm
ENSP00000386934,0.33789062,0.31054688,0.16894531,0.24121094,0.08154297,0.84375,0.12353516,0.34765625,0.06933594,0.1640625,0.00193024,Mitochondrion,Mitochondrion
ENSP00000502892,0.16992188,0.39453125,0.3984375,0.47265625,0.0480957,0.24121094,0.04394531,0.33203125,0.12255859,0.18261719,0.19238281,None,Cytoplasm
ENSP00000492948,0.23632812,0.44726562,0.40039062,0.32617188,0.10839844,0.40625,0.12597656,0.03027344,0.26171875,0.34375,0.00421143,None,"Cytoplasm, Cell membrane"
ENSP00000452648,0.18164062,0.609375,0.47070312,0.23046875,0.06445312,0.375,0.01831055,0.36132812,0.26953125,0.28515625,0.11132812,Cytoplasm,Nucleus
ENSP00000401988,0.07714844,0.7265625,0.73046875,0.19726562,0.06738281,0.04077148,5.484e-05,0.01495361,0.18554688,0.27539062,0.00506592,"Cytoplasm, Nucleus","Cytoplasm, Cell membrane"
ENSP00000396641,0.14648438,0.515625,0.43554688,0.10253906,0.10693359,0.18847656,0.03955078,0.25,0.16894531,0.328125,0.07910156,Cytoplasm,Nucleus
ENSP00000497449,0.18945312,0.62890625,0.41210938,0.5078125,0.10253906,0.41015625,0.15136719,0.24511719,0.27929688,0.40625,0.12988281,Cytoplasm,Golgi apparatus
ENSP00000493739,0.13867188,0.49023438,0.578125,0.22167969,0.11767578,0.171875,0.00970459,0.22265625,0.15625,0.18359375,0.08642578,"Cytoplasm, Nucleus","Cytoplasm, Nucleus"
ENSP00000467615,0.07177734,0.5625,0.68359375,0.359375,0.05932617,0.34179688,0.07910156,0.21582031,0.01916504,0.11425781,0.04345703,"Cytoplasm, Nucleus",Nucleus
ENSP00000462246,0.16894531,0.53515625,0.578125,0.53125,0.14453125,0.484375,0.12402344,0.24316406,0.16796875,0.11132812,0.01696777,"Cytoplasm, Nucleus",Nucleus
ENSP00000457251,0.203125,0.609375,0.44921875,0.1484375,0.26953125,0.24902344,0.02404785,0.27734375,0.10693359,0.15917969,0.09521484,Cytoplasm,Cytoplasm
ENSP00000453462,0.17285156,0.5703125,0.5703125,0.19042969,0.16992188,0.296875,0.04541016,0.203125,0.20019531,0.3359375,0.33398438,"Cytoplasm, Nucleus",Nucleus
ENSP00000434072,0.42382812,0.16015625,0.12353516,0.01361084,0.1640625,0.95703125,0.07470703,0.04882812,0.03320312,0.08251953,0.0071106,Mitochondrion,Mitochondrion
ENSP00000432253,0.3046875,0.48828125,0.30078125,0.49609375,0.25195312,0.3125,0.0559082,0.23046875,0.11914062,0.16699219,0.01495361,Cytoplasm,Mitochondrion
ENSP00000493147,0.32226562,0.609375,0.43164062,0.46484375,0.20605469,0.50390625,0.08056641,0.22167969,0.2734375,0.2578125,0.01165771,Cytoplasm,"Cytoplasm, Cell membrane"
ENSP00000458340,0.15820312,0.71875,0.46484375,0.07177734,0.08642578,0.2734375,0.00689697,0.16699219,0.11572266,0.12353516,0.33789062,Cytoplasm,Nucleus
ENSP00000427736,0.171875,0.640625,0.5390625,0.33984375,0.15820312,0.24316406,0.06176758,0.32617188,0.26953125,0.15917969,0.01544189,"Cytoplasm, Nucleus",Cytoplasm
ENSP00000394709,0.11914062,0.546875,0.68359375,0.02722168,0.13183594,0.06542969,0.00017929,0.11132812,0.50390625,0.18554688,0.11572266,"Cytoplasm, Nucleus",Nucleus
ENSP00000386477,0.25585938,0.16796875,0.09521484,0.8984375,0.26367188,0.08496094,0.01324463,0.453125,0.28125,0.26367188,0.00360107,Extracellular,Cell membrane
ENSP00000479464,0.1875,0.6328125,0.4765625,0.40625,0.11132812,0.23046875,0.18261719,0.171875,0.18261719,0.34960938,0.515625,Cytoplasm,Golgi apparatus
ENSP00000469702,0.16992188,0.5078125,0.3359375,0.58984375,0.078125,0.24316406,0.15527344,0.14648438,0.05737305,0.12011719,0.23925781,Cytoplasm,Nucleus
ENSP00000454923,0.19921875,0.49023438,0.44726562,0.3359375,0.19335938,0.25195312,0.11279297,0.20703125,0.12890625,0.15722656,0.01879883,Cytoplasm,Mitochondrion
ENSP00000452630,0.18554688,0.48632812,0.5,0.5546875,0.13378906,0.37304688,0.05273438,0.22851562,0.24902344,0.15917969,0.02294922,Cytoplasm,Nucleus
ENSP00000451127,0.24804688,0.45898438,0.5078125,0.5390625,0.19042969,0.36132812,0.12353516,0.265625,0.23828125,0.3515625,0.05664062,None,"Cytoplasm, Nucleus"
ENSP00000435532,0.09277344,0.35351562,0.40039062,0.64453125,0.09667969,0.34375,0.00537109,0.30664062,0.04272461,0.390625,0.01495361,None,"Cytoplasm, Nucleus"
ENSP00000434221,0.03613281,0.30273438,0.91015625,0.04077148,0.03955078,0.07080078,0.01245117,0.1484375,0.05102539,0.05175781,0.00491333,Nucleus,Nucleus
ENSP00000425714,0.14648438,0.44921875,0.28125,0.8125,0.10986328,0.26953125,0.01361084,0.32617188,0.03466797,0.43164062,0.0559082,Extracellular,"Cytoplasm, Nucleus"
ENSP00000420469,0.22265625,0.578125,0.55078125,0.20410156,0.1796875,0.33984375,0.02514648,0.265625,0.24121094,0.41015625,0.0255127,"Cytoplasm, Nucleus",Cytoplasm
ENSP00000417714,0.14550781,0.67578125,0.43945312,0.06835938,0.1328125,0.27148438,0.00689697,0.10498047,0.04272461,0.07470703,0.02404785,Cytoplasm,Mitochondrion
ENSP00000375719,0.08740234,0.50390625,0.70703125,0.45898438,0.10351562,0.40429688,0.00460815,0.19433594,0.23242188,0.10693359,0.87890625,"Cytoplasm, Nucleus, Peroxisome","Cytoplasm, Nucleus"
ENSP00000489555,0.02062988,0.21582031,0.91015625,0.17773438,0.01361084,0.01165771,0.07275391,0.06933594,0.02722168,0.03613281,0.00231934,Nucleus,Nucleus
ENSP00000468485,0.36132812,0.421875,0.32226562,0.62890625,0.11132812,0.10693359,0.59765625,0.41601562,0.10498047,0.27734375,0.01855469,None,"Cytoplasm, Nucleus"
ENSP00000464865,0.22558594,0.56640625,0.47070312,0.44726562,0.23828125,0.66015625,0.02600098,0.23925781,0.37695312,0.4765625,0.26953125,"Cytoplasm, Mitochondrion",Nucleus
ENSP00000464429,0.20214844,0.53515625,0.46679688,0.35742188,0.18945312,0.36914062,0.06005859,0.15039062,0.17480469,0.1640625,0.07714844,Cytoplasm,Nucleus
ENSP00000454035,0.15332031,0.57421875,0.46484375,0.31835938,0.19921875,0.12109375,0.07568359,0.12597656,0.19042969,0.33203125,0.01135254,Cytoplasm,Nucleus
ENSP00000429271,0.16796875,0.67578125,0.55078125,0.28125,0.16894531,0.20898438,0.03173828,0.29882812,0.23828125,0.2421875,0.0043335,"Cytoplasm, Nucleus",Cytoplasm
ENSP00000417446,0.22265625,0.4296875,0.52734375,0.31835938,0.16699219,0.26367188,0.20605469,0.25976562,0.21484375,0.20214844,0.10253906,None,"Cytoplasm, Nucleus"
ENSP00000413612,0.15527344,0.68359375,0.59375,0.06445312,0.15820312,0.10839844,0.09423828,0.3515625,0.08886719,0.06640625,0.06298828,"Cytoplasm, Nucleus",Cytoplasm
ENSP00000388905,0.125,0.44335938,0.48242188,0.4453125,0.09130859,0.16601562,0.0402832,0.29101562,0.24121094,0.3515625,0.03686523,None,Nucleus
ENSP00000379376,0.22167969,0.58203125,0.34960938,0.19433594,0.08886719,0.4140625,0.01000977,0.3203125,0.14648438,0.24804688,0.12890625,Cytoplasm,Nucleus
ENSP00000507709,0.39453125,0.5,0.43164062,0.23535156,0.18554688,0.51171875,0.09130859,0.51171875,0.47460938,0.58203125,0.01879883,Cytoplasm,Endoplasmic reticulum
ENSP00000498726,0.15527344,0.49023438,0.5625,0.4296875,0.10986328,0.29882812,0.07080078,0.1484375,0.16796875,0.09667969,0.0534668,"Cytoplasm, Nucleus",Nucleus
ENSP00000498247,0.19238281,0.5390625,0.57421875,0.44921875,0.21777344,0.6484375,0.02893066,0.1640625,0.328125,0.19335938,0.04614258,"Cytoplasm, Nucleus, Mitochondrion","Cytoplasm, Nucleus"
ENSP00000456297,0.23925781,0.16015625,0.11279297,0.86328125,0.22167969,0.15429688,0.02001953,0.36328125,0.39257812,0.30859375,0.00970459,Extracellular,Cell membrane
ENSP00000455781,0.31835938,0.49609375,0.40429688,0.47851562,0.15429688,0.59375,0.10693359,0.35351562,0.30273438,0.20898438,0.07177734,Cytoplasm,Cell membrane
ENSP00000442380,0.21484375,0.41210938,0.44140625,0.16308594,0.12792969,0.5,0.15527344,0.21875,0.19824219,0.22851562,0.12695312,None,Mitochondrion
ENSP00000430106,0.29296875,0.46679688,0.57421875,0.02124023,0.10986328,0.43945312,0.01202393,0.30859375,0.16601562,0.13671875,0.00405884,Nucleus,Nucleus
ENSP00000429437,0.20800781,0.55078125,0.51953125,0.40429688,0.10839844,0.31640625,0.03955078,0.25,0.14648438,0.34375,0.02062988,Cytoplasm,"Cytoplasm, Cell membrane"
ENSP00000418100,0.19238281,0.5,0.734375,0.0559082,0.08251953,0.30078125,0.01361084,0.12695312,0.29882812,0.47460938,0.02478027,"Cytoplasm, Nucleus",Nucleus
ENSP00000408607,0.10351562,0.58203125,0.5390625,0.078125,0.125,0.21972656,0.02294922,0.11279297,0.02929688,0.18359375,0.00421143,"Cytoplasm, Nucleus",Nucleus
ENSP00000404233,0.16601562,0.5546875,0.5546875,0.36328125,0.15917969,0.34179688,0.078125,0.14257812,0.22265625,0.20605469,0.04467773,"Cytoplasm, Nucleus",Nucleus
ENSP00000398314,0.17089844,0.54296875,0.48632812,0.53125,0.13085938,0.6796875,0.203125,0.19433594,0.2578125,0.32617188,0.01452637,"Cytoplasm, Mitochondrion",Nucleus
ENSP00000507486,0.3984375,0.23828125,0.34179688,0.06933594,0.06176758,0.78125,0.00382996,0.41015625,0.04394531,0.11572266,0.02233887,Mitochondrion,Mitochondrion
ENSP00000491361,0.22949219,0.45898438,0.50390625,0.24902344,0.06738281,0.44921875,0.01361084,0.06445312,0.265625,0.29492188,0.01068115,None,"Nucleus, Golgi apparatus"
ENSP00000490465,0.08056641,0.515625,0.67578125,0.06176758,0.02893066,0.23242188,0.01495361,0.27929688,0.28320312,0.39257812,0.21777344,"Cytoplasm, Nucleus",Mitochondrion
ENSP00000485945,0.10498047,0.36523438,0.5234375,0.69140625,0.03955078,0.18164062,0.01098633,0.09667969,0.09667969,0.23339844,0.02258301,Extracellular,Nucleus
ENSP00000457404,0.28125,0.50390625,0.42578125,0.39257812,0.14453125,0.33203125,0.140625,0.33789062,0.44140625,0.26953125,0.07373047,Cytoplasm,Cell membrane
ENSP00000456087,0.14648438,0.578125,0.53515625,0.03613281,0.11132812,0.546875,0.05493164,0.16308594,0.13378906,0.22167969,0.05493164,"Cytoplasm, Nucleus",Nucleus
ENSP00000443642,0.09423828,0.6171875,0.6953125,0.04199219,0.11914062,0.16992188,0.00939941,0.15429688,0.12158203,0.15136719,0.10986328,"Cytoplasm, Nucleus",Nucleus
ENSP00000435967,0.29101562,0.57421875,0.31054688,0.515625,0.22265625,0.37304688,0.05834961,0.22265625,0.16601562,0.18945312,0.04345703,Cytoplasm,Mitochondrion
ENSP00000435145,0.19726562,0.4609375,0.50390625,0.53515625,0.10986328,0.29882812,0.0267334,0.328125,0.28125,0.19824219,0.09667969,None,Cell membrane
ENSP00000420538,0.33398438,0.18164062,0.16992188,0.01324463,0.12597656,0.9453125,0.17285156,0.08496094,0.04614258,0.07373047,0.10107422,Mitochondrion,Mitochondrion
ENSP00000377950,0.30859375,0.58984375,0.32226562,0.18847656,0.22558594,0.13964844,0.02294922,0.390625,0.16796875,0.2734375,0.10498047,Cytoplasm,Cell membrane
ENSP00000243040,0.11572266,0.7109375,0.47265625,0.05273438,0.09960938,0.30664062,0.01135254,0.12792969,0.17675781,0.06738281,0.01098633,Cytoplasm,Cytoplasm
ENSP00000502792,0.13769531,0.453125,0.69140625,0.7265625,0.03955078,0.11914062,0.02233887,0.16796875,0.07275391,0.21777344,0.01361084,"Nucleus, Extracellular","Cytoplasm, Nucleus, Cell membrane"
ENSP00000451085,0.29882812,0.31835938,0.65625,0.15625,0.34375,0.21972656,0.00070953,0.18945312,0.3046875,0.23925781,0.01586914,Nucleus,"Cytoplasm, Nucleus, Cell membrane"
ENSP00000435374,0.22265625,0.54296875,0.45507812,0.52734375,0.1875,0.56640625,0.14355469,0.19824219,0.35742188,0.28125,0.06005859,Cytoplasm,Mitochondrion
ENSP00000429629,0.11572266,0.48632812,0.75390625,0.2109375,0.08398438,0.40039062,0.01245117,0.20605469,0.03466797,0.03369141,0.09423828,"Cytoplasm, Nucleus",Nucleus
ENSP00000401344,0.05932617,0.4296875,0.88671875,0.06738281,0.06103516,0.11279297,0.00328064,0.07714844,0.04663086,0.04663086,0.00756836,Nucleus,Nucleus
ENSP00000490955,0.16894531,0.54296875,0.51953125,0.421875,0.14648438,0.34179688,0.06298828,0.25,0.2265625,0.25390625,0.02404785,Cytoplasm,Cytoplasm
ENSP00000474497,0.296875,0.5234375,0.51171875,0.31054688,0.20898438,0.40429688,0.15625,0.37695312,0.44335938,0.37109375,0.06835938,Cytoplasm,Nucleus
ENSP00000454419,0.09423828,0.546875,0.74609375,0.06347656,0.10253906,0.28515625,0.01031494,0.08398438,0.10839844,0.10839844,0.09033203,"Cytoplasm, Nucleus",Cell membrane
ENSP00000414865,0.24609375,0.56640625,0.41015625,0.38476562,0.15234375,0.421875,0.16699219,0.22558594,0.21289062,0.17285156,0.07714844,Cytoplasm,Cytoplasm
ENSP00000399816,0.12988281,0.4296875,0.71484375,0.37890625,0.10351562,0.5,0.05834961,0.26367188,0.3828125,0.36523438,0.02062988,Nucleus,Cell membrane
ENSP00000376971,0.18261719,0.57421875,0.46679688,0.50390625,0.11914062,0.30664062,0.02514648,0.2734375,0.27929688,0.38085938,0.18261719,Cytoplasm,Nucleus
ENSP00000361978,0.17285156,0.546875,0.54296875,0.28125,0.13183594,0.25390625,0.18945312,0.19238281,0.28710938,0.27148438,0.13574219,"Cytoplasm, Nucleus","Cytoplasm, Nucleus"
ENSP00000501354,0.26367188,0.546875,0.45898438,0.42773438,0.13476562,0.39648438,0.04882812,0.34960938,0.30273438,0.37890625,0.05102539,Cytoplasm,"Cytoplasm, Nucleus"
ENSP00000466525,0.15820312,0.24511719,0.28710938,0.671875,0.06445312,0.359375,0.01635742,0.16601562,0.03027344,0.10498047,0.01361084,Extracellular,Cytoplasm
ENSP00000451953,0.09033203,0.703125,0.3125,0.5234375,0.08740234,0.32421875,0.07568359,0.23242188,0.08886719,0.06445312,0.01031494,Cytoplasm,Cytoplasm
ENSP00000439003,0.14941406,0.52734375,0.55078125,0.36523438,0.12695312,0.37304688,0.12988281,0.25585938,0.21875,0.25,0.03735352,"Cytoplasm, Nucleus",Cytoplasm
ENSP00000430847,0.24609375,0.46484375,0.44921875,0.30859375,0.16796875,0.4609375,0.14160156,0.26171875,0.24316406,0.21875,0.06347656,None,Mitochondrion
ENSP00000413898,0.11914062,0.515625,0.5390625,0.39453125,0.10839844,0.19433594,0.15332031,0.25390625,0.18457031,0.22949219,0.16015625,"Cytoplasm, Nucleus",Nucleus
ENSP00000408797,0.12255859,0.52734375,0.81640625,0.57421875,0.1328125,0.29492188,0.02197266,0.02038574,0.15136719,0.09130859,0.00328064,"Cytoplasm, Nucleus",Cytoplasm
ENSP00000401510,0.31835938,0.58984375,0.34960938,0.17675781,0.25195312,0.12597656,0.01940918,0.49609375,0.09423828,0.32617188,0.03735352,Cytoplasm,Cell membrane
ENSP00000263255,0.8046875,0.14746094,0.078125,0.00668335,0.2109375,0.9296875,0.13769531,0.37304688,0.18847656,0.11425781,0.47460938,"Membrane, Mitochondrion",Peroxisome
ENSP00000501787,0.22851562,0.4765625,0.49804688,0.29101562,0.13574219,0.51953125,0.04956055,0.3125,0.3359375,0.32421875,0.08056641,Cytoplasm,Nucleus
ENSP00000459305,0.23925781,0.51171875,0.359375,0.47460938,0.15917969,0.21582031,0.12011719,0.23925781,0.24609375,0.2265625,0.13964844,Cytoplasm,Endoplasmic reticulum
ENSP00000452748,0.21289062,0.54296875,0.609375,0.13183594,0.08886719,0.33398438,0.07714844,0.20214844,0.18164062,0.16894531,0.0480957,"Cytoplasm, Nucleus",Mitochondrion
ENSP00000452121,0.20898438,0.4296875,0.58203125,0.41992188,0.16601562,0.49414062,0.04614258,0.17773438,0.28320312,0.27734375,0.03173828,Nucleus,Cytoplasm
ENSP00000433930,0.34375,0.54296875,0.375,0.43945312,0.23242188,0.45507812,0.24121094,0.22851562,0.65625,0.32617188,0.29882812,"Cytoplasm, Lysosome/Vacuole","Cytoplasm, Nucleus"
ENSP00000425028,0.11767578,0.6171875,0.43945312,0.515625,0.11279297,0.34179688,0.11767578,0.18164062,0.1484375,0.2109375,0.23925781,Cytoplasm,Nucleus
ENSP00000417527,0.15429688,0.56640625,0.50390625,0.28515625,0.08398438,0.18164062,0.03369141,0.3671875,0.203125,0.23828125,0.0559082,Cytoplasm,Golgi apparatus
ENSP00000412744,0.15332031,0.55078125,0.5859375,0.21875,0.12109375,0.30859375,0.01940918,0.33203125,0.12158203,0.25585938,0.16796875,"Cytoplasm, Nucleus",Nucleus
ENSP00000463481,0.1796875,0.45507812,0.47265625,0.53125,0.07373047,0.28515625,0.08740234,0.25585938,0.23046875,0.24316406,0.03466797,None,Mitochondrion
ENSP00000453486,0.11425781,0.61328125,0.79296875,0.03955078,0.11914062,0.24511719,0.0559082,0.11425781,0.19433594,0.21972656,0.01098633,"Cytoplasm, Nucleus",Nucleus
ENSP00000447739,0.23046875,0.5390625,0.47265625,0.3203125,0.14746094,0.65625,0.07080078,0.14355469,0.3984375,0.3828125,0.03320312,"Cytoplasm, Mitochondrion",Nucleus
ENSP00000425452,0.21191406,0.546875,0.48828125,0.44140625,0.19238281,0.43164062,0.14746094,0.171875,0.16796875,0.21582031,0.02233887,Cytoplasm,Mitochondrion
ENSP00000413636,0.18847656,0.50390625,0.5625,0.33398438,0.15722656,0.27734375,0.31445312,0.26953125,0.375,0.23046875,0.10498047,"Cytoplasm, Nucleus",Nucleus
ENSP00000499306,0.21972656,0.515625,0.51953125,0.22949219,0.14355469,0.3359375,0.27539062,0.22167969,0.26367188,0.32226562,0.00735474,Cytoplasm,Nucleus
ENSP00000469593,0.15820312,0.5859375,0.43945312,0.16210938,0.18554688,0.15332031,0.03027344,0.20019531,0.23535156,0.13183594,0.03735352,Cytoplasm,Endoplasmic reticulum
ENSP00000463843,0.19433594,0.5859375,0.47851562,0.4453125,0.1328125,0.39257812,0.08251953,0.20605469,0.23242188,0.3203125,0.01361084,Cytoplasm,"Cytoplasm, Nucleus"
ENSP00000463823,0.10351562,0.37109375,0.34179688,0.82421875,0.08496094,0.23339844,0.01281738,0.14355469,0.04541016,0.16894531,0.01324463,Extracellular,"Cytoplasm, Nucleus"
ENSP00000423844,0.25195312,0.5,0.4453125,0.5234375,0.19335938,0.40625,0.16601562,0.29492188,0.44335938,0.25,0.09277344,Cytoplasm,Cell membrane
ENSP00000411573,0.12255859,0.31835938,0.5859375,0.609375,0.02844238,0.12695312,0.0055542,0.5,0.16894531,0.15332031,0.06298828,Nucleus,Nucleus
ENSP00000394401,0.30664062,0.37109375,0.55078125,0.13378906,0.15917969,0.40039062,0.06835938,0.52734375,0.09130859,0.06445312,0.00393677,Nucleus,Nucleus
ENSP00000503895,0.16015625,0.54296875,0.5234375,0.44140625,0.09814453,0.19921875,0.06835938,0.19726562,0.24511719,0.23046875,0.05737305,Cytoplasm,"Cytoplasm, Nucleus"
ENSP00000501638,0.21972656,0.30664062,0.30273438,0.43359375,0.0559082,0.22265625,0.31640625,0.15722656,0.21875,0.26367188,0.07275391,None,Cytoplasm
ENSP00000498870,0.28320312,0.6796875,0.296875,0.14355469,0.1796875,0.40234375,0.02258301,0.18261719,0.13085938,0.2109375,0.00180817,Cytoplasm,Cytoplasm
ENSP00000472504,0.13574219,0.5234375,0.6640625,0.27539062,0.09277344,0.3359375,0.03112793,0.171875,0.30078125,0.23242188,0.12695312,"Cytoplasm, Nucleus",Endoplasmic reticulum
ENSP00000435644,0.2578125,0.66015625,0.69921875,0.1328125,0.12402344,0.14355469,0.00044441,0.09814453,0.4140625,0.10693359,0.01831055,"Cytoplasm, Nucleus","Cytoplasm, Nucleus, Cell membrane"
ENSP00000412823,0.13769531,0.546875,0.48632812,0.42382812,0.07910156,0.3046875,0.10107422,0.29296875,0.18554688,0.20410156,0.07568359,Cytoplasm,Cytoplasm
ENSP00000412769,0.09667969,0.61328125,0.59765625,0.17773438,0.08496094,0.15625,0.02514648,0.14355469,0.22363281,0.30273438,0.01696777,"Cytoplasm, Nucleus","Cytoplasm, Nucleus"
ENSP00000397589,0.19042969,0.44140625,0.58203125,0.0534668,0.06933594,0.25585938,0.00689697,0.4453125,0.22851562,0.44921875,0.01586914,Nucleus,Cytoplasm
ENSP00000389322,0.17285156,0.4296875,0.6328125,0.51171875,0.16796875,0.5234375,0.04467773,0.14550781,0.12890625,0.1875,0.01977539,Nucleus,Cytoplasm
ENSP00000493561,0.18164062,0.46875,0.65234375,0.4765625,0.17480469,0.22167969,0.0534668,0.171875,0.17871094,0.13085938,0.02514648,Nucleus,Nucleus
ENSP00000450676,0.12792969,0.43945312,0.5546875,0.34570312,0.12255859,0.43554688,0.03173828,0.16894531,0.23535156,0.09130859,0.5,Nucleus,Cytoplasm
ENSP00000449513,0.10107422,0.63671875,0.48242188,0.36914062,0.07177734,0.26757812,0.10253906,0.10498047,0.14550781,0.30078125,0.07568359,Cytoplasm,Nucleus
ENSP00000425147,0.49804688,0.38085938,0.2734375,0.20898438,0.29882812,0.3984375,0.07568359,0.54296875,0.48242188,0.44726562,0.07373047,Membrane,Nucleus
ENSP00000410149,0.14257812,0.46875,0.59765625,0.41015625,0.18554688,0.46679688,0.00915527,0.1640625,0.23828125,0.3515625,0.36523438,Nucleus,Cytoplasm
ENSP00000407378,0.26367188,0.49609375,0.43164062,0.46484375,0.17773438,0.40429688,0.12792969,0.29492188,0.30273438,0.29882812,0.06835938,Cytoplasm,Cytoplasm
ENSP00000467134,0.10986328,0.27734375,0.33984375,0.83203125,0.08642578,0.16796875,0.06738281,0.10253906,0.01324463,0.04614258,0.01635742,Extracellular,Nucleus
ENSP00000466874,0.17773438,0.484375,0.6171875,0.34570312,0.13671875,0.23828125,0.13476562,0.13574219,0.25585938,0.17578125,0.00521851,"Cytoplasm, Nucleus",Nucleus
ENSP00000462170,0.20703125,0.38476562,0.46484375,0.36914062,0.15136719,0.28515625,0.05102539,0.33398438,0.16601562,0.23925781,0.09423828,None,Nucleus
ENSP00000431085,0.53125,0.625,0.31640625,0.08251953,0.67578125,0.41796875,0.09130859,0.35351562,0.19335938,0.19042969,0.0267334,"Membrane, Cytoplasm, Cell membrane","Cytoplasm, Cell membrane"
ENSP00000419183,0.15039062,0.55859375,0.359375,0.22265625,0.18945312,0.22363281,0.04394531,0.2421875,0.21484375,0.31835938,0.01831055,Cytoplasm,Nucleus
ENSP00000506523,0.39453125,0.51171875,0.39453125,0.44335938,0.27148438,0.375,0.13671875,0.265625,0.40429688,0.33789062,0.02844238,Cytoplasm,"Cytoplasm, Nucleus"
ENSP00000504510,0.22851562,0.546875,0.31054688,0.20898438,0.12353516,0.41796875,0.04882812,0.375,0.08398438,0.3359375,0.09277344,Cytoplasm,Nucleus
ENSP00000498371,0.25,0.71484375,0.23339844,0.07568359,0.25390625,0.38671875,0.02160645,0.0534668,0.13867188,0.11767578,0.0071106,Cytoplasm,Nucleus
ENSP00000485723,0.19433594,0.51171875,0.38867188,0.44921875,0.07080078,0.203125,0.10839844,0.25585938,0.06347656,0.1640625,0.18554688,Cytoplasm,Cell membrane
ENSP00000472858,0.265625,0.49023438,0.45507812,0.515625,0.18359375,0.40820312,0.07177734,0.33984375,0.37890625,0.24511719,0.24121094,Cytoplasm,Nucleus
ENSP00000462379,0.1640625,0.47070312,0.4765625,0.54296875,0.07470703,0.49414062,0.18457031,0.13378906,0.21191406,0.34570312,0.05834961,Cytoplasm,Nucleus
ENSP00000429541,0.18457031,0.171875,0.58203125,0.43554688,0.02233887,0.11132812,0.00370789,0.36132812,0.20410156,0.20019531,0.0088501,Nucleus,Nucleus
ENSP00000422056,0.23828125,0.47851562,0.43164062,0.51171875,0.14941406,0.29882812,0.09521484,0.16308594,0.24316406,0.31835938,0.08398438,Cytoplasm,Cytoplasm
ENSP00000416618,0.21191406,0.47070312,0.48632812,0.2734375,0.14648438,0.3203125,0.17089844,0.23046875,0.34179688,0.30664062,0.06738281,Cytoplasm,Peroxisome
ENSP00000397228,0.27929688,0.37109375,0.51953125,0.3515625,0.3125,0.34375,0.04077148,0.21289062,0.29101562,0.12890625,0.00689697,None,Cytoplasm
ENSP00000390470,0.09960938,0.47460938,0.69921875,0.07373047,0.11279297,0.19824219,0.00915527,0.2421875,0.20800781,0.35546875,0.01696777,"Cytoplasm, Nucleus","Cytoplasm, Nucleus"
ENSP00000498338,0.07568359,0.28125,0.84375,0.22167969,0.13183594,0.11132812,0.06933594,0.03735352,0.01202393,0.01745605,0.02062988,Nucleus,Nucleus
ENSP00000455684,0.30664062,0.45507812,0.32226562,0.4921875,0.16210938,0.4140625,0.39453125,0.30664062,0.54296875,0.36132812,0.37304688,None,Cytoplasm
ENSP00000448987,0.15625,0.5859375,0.671875,0.12695312,0.13769531,0.23632812,0.01855469,0.1328125,0.24121094,0.23535156,0.01696777,"Cytoplasm, Nucleus",Nucleus
ENSP00000448846,0.27539062,0.48632812,0.4765625,0.3515625,0.11914062,0.56640625,0.125,0.27734375,0.33007812,0.21484375,0.0480957,Cytoplasm,Mitochondrion
ENSP00000433504,0.28125,0.49804688,0.51953125,0.43554688,0.23046875,0.49804688,0.0534668,0.3515625,0.25,0.26367188,0.01696777,Cytoplasm,Cytoplasm
ENSP00000424059,0.14160156,0.66796875,0.34570312,0.16015625,0.15039062,0.25,0.01361084,0.03564453,0.11914062,0.22265625,0.00491333,Cytoplasm,Nucleus
ENSP00000418507,0.15625,0.640625,0.48242188,0.44335938,0.14941406,0.44140625,0.10351562,0.22558594,0.40039062,0.38085938,0.11425781,Cytoplasm,Nucleus
ENSP00000504330,0.21289062,0.546875,0.44335938,0.46679688,0.18847656,0.3203125,0.22363281,0.16210938,0.20898438,0.1796875,0.06103516,Cytoplasm,"Cytoplasm, Nucleus"
ENSP00000453067,0.1875,0.3046875,0.546875,0.40625,0.06738281,0.21972656,0.16992188,0.41992188,0.23242188,0.1796875,0.05102539,Nucleus,"Cytoplasm, Endoplasmic reticulum"
ENSP00000420535,0.703125,0.19433594,0.26367188,0.21191406,0.19726562,0.2578125,0.03735352,0.59375,0.3984375,0.47070312,0.01452637,Membrane,Golgi apparatus
ENSP00000508281,0.2109375,0.46875,0.49804688,0.44335938,0.11914062,0.31835938,0.08398438,0.3125,0.3671875,0.31835938,0.03173828,None,Cytoplasm
ENSP00000498123,0.30664062,0.4765625,0.43945312,0.40820312,0.17089844,0.6796875,0.18554688,0.26953125,0.53515625,0.375,0.01452637,"Cytoplasm, Mitochondrion",Endoplasmic reticulum
ENSP00000483687,0.1796875,0.38867188,0.51171875,0.4296875,0.09277344,0.33789062,0.03198242,0.296875,0.22265625,0.24609375,0.06835938,None,Nucleus
ENSP00000460001,0.18945312,0.51171875,0.49414062,0.203125,0.15917969,0.37304688,0.04394531,0.28515625,0.07373047,0.18847656,0.00491333,Cytoplasm,"Cytoplasm, Nucleus"
ENSP00000440988,0.07177734,0.4453125,0.80078125,0.06103516,0.05834961,0.08642578,0.00317383,0.11572266,0.01635742,0.02233887,0.00099945,Nucleus,Nucleus
ENSP00000393690,0.23925781,0.46289062,0.51171875,0.38867188,0.171875,0.46875,0.12158203,0.27148438,0.44140625,0.3515625,0.0534668,None,Cytoplasm
ENSP00000464501,0.1484375,0.546875,0.640625,0.36914062,0.12988281,0.3984375,0.04882812,0.21484375,0.26171875,0.1328125,0.0390625,"Cytoplasm, Nucleus",Nucleus
ENSP00000463107,0.07568359,0.47265625,0.66796875,0.37109375,0.04736328,0.24902344,0.0324707,0.25585938,0.06542969,0.41601562,0.0088501,"Cytoplasm, Nucleus","Cytoplasm, Cell membrane"
ENSP00000462500,0.17773438,0.55078125,0.43945312,0.3125,0.12890625,0.22949219,0.13769531,0.26367188,0.375,0.29882812,0.07275391,Cytoplasm,"Mitochondrion, Endoplasmic reticulum"
ENSP00000456341,0.23046875,0.49804688,0.53125,0.32226562,0.16113281,0.546875,0.06298828,0.26367188,0.4765625,0.35546875,0.09130859,"Cytoplasm, Nucleus",Cell membrane
ENSP00000451809,0.17675781,0.47851562,0.5390625,0.51171875,0.18945312,0.30859375,0.16015625,0.16210938,0.16210938,0.22949219,0.01916504,"Cytoplasm, Nucleus",Mitochondrion
ENSP00000430614,0.14941406,0.59765625,0.57421875,0.42773438,0.15039062,0.2421875,0.08251953,0.08154297,0.19824219,0.12988281,0.06103516,"Cytoplasm, Nucleus",Golgi apparatus
ENSP00000390830,0.69921875,0.28125,0.25195312,0.09521484,0.2578125,0.5703125,0.07910156,0.86328125,0.47460938,0.5078125,0.09423828,"Membrane, Endoplasmic reticulum",Nucleus
ENSP00000499303,0.19824219,0.5625,0.51171875,0.26171875,0.13085938,0.38867188,0.04541016,0.22851562,0.28125,0.17675781,0.01977539,Cytoplasm,Nucleus
ENSP00000473541,0.20410156,0.44335938,0.41796875,0.57421875,0.14648438,0.41601562,0.10498047,0.2578125,0.14453125,0.2734375,0.02124023,None,"Cytoplasm, Nucleus"
ENSP00000424124,0.17285156,0.57421875,0.53125,0.35742188,0.11914062,0.51171875,0.03857422,0.20410156,0.25,0.21875,0.02514648,"Cytoplasm, Nucleus",Nucleus
ENSP00000413962,0.30078125,0.37890625,0.32421875,0.41992188,0.11425781,0.31054688,0.02124023,0.4609375,0.12890625,0.41796875,0.07568359,None,Cytoplasm
ENSP00000397787,0.30273438,0.49609375,0.4609375,0.44921875,0.13476562,0.43359375,0.09033203,0.36132812,0.2421875,0.30078125,0.05664062,Cytoplasm,Nucleus
ENSP00000494068,0.20605469,0.42773438,0.546875,0.61328125,0.16894531,0.58203125,0.11914062,0.17871094,0.32421875,0.22363281,0.00939941,Nucleus,Endoplasmic reticulum
ENSP00000475294,0.17871094,0.49023438,0.640625,0.23632812,0.17480469,0.41210938,0.11279297,0.203125,0.26171875,0.30078125,0.01544189,"Cytoplasm, Nucleus",Cytoplasm
ENSP00000393507,0.2734375,0.6640625,0.4296875,0.12792969,0.13964844,0.38476562,0.19335938,0.14941406,0.23632812,0.16796875,0.00393677,Cytoplasm,Cytoplasm
ENSP00000243893,0.1875,0.578125,0.43945312,0.27148438,0.11425781,0.34765625,0.09814453,0.26367188,0.24609375,0.24316406,0.04956055,Cytoplasm,"Cytoplasm, Cell membrane"
ENSP00000467641,0.13085938,0.48242188,0.5546875,0.30859375,0.10498047,0.33398438,0.0480957,0.11572266,0.22363281,0.20800781,0.01361084,"Cytoplasm, Nucleus",Cell membrane
ENSP00000449571,0.22167969,0.48632812,0.41992188,0.33984375,0.14160156,0.51953125,0.13769531,0.25585938,0.37109375,0.25,0.0402832,Cytoplasm,Mitochondrion
ENSP00000448045,0.12158203,0.63671875,0.38867188,0.78515625,0.10498047,0.20703125,0.03955078,0.09667969,0.05834961,0.20019531,0.11914062,"Cytoplasm, Extracellular",Cytoplasm
ENSP00000421174,0.1875,0.38476562,0.36523438,0.83984375,0.13378906,0.31835938,0.0480957,0.24609375,0.1953125,0.3515625,0.04345703,Extracellular,Cell membrane
ENSP00000410044,0.29492188,0.51171875,0.546875,0.28125,0.16699219,0.55859375,0.05493164,0.3828125,0.4609375,0.375,0.04663086,"Cytoplasm, Nucleus",Nucleus
ENSP00000407096,0.22851562,0.51171875,0.5625,0.16308594,0.07275391,0.328125,0.26171875,0.5625,0.33984375,0.32617188,0.23339844,"Cytoplasm, Nucleus",Peroxisome
ENSP00000495519,0.22949219,0.6015625,0.44921875,0.24902344,0.10498047,0.40234375,0.24804688,0.3984375,0.29296875,0.35351562,0.06298828,Cytoplasm,Nucleus
ENSP00000465164,0.07373047,0.55859375,0.46289062,0.7265625,0.06640625,0.02124023,0.00254822,0.09423828,0.171875,0.04956055,0.0088501,"Cytoplasm, Extracellular","Cytoplasm, Nucleus"
ENSP00000428255,0.12792969,0.59765625,0.48046875,0.10351562,0.10107422,0.20019531,0.02929688,0.18945312,0.10351562,0.22363281,0.01324463,Cytoplasm,Cytoplasm
ENSP00000423072,0.359375,0.59765625,0.26367188,0.12011719,0.43554688,0.27734375,0.04199219,0.37109375,0.26367188,0.34960938,0.03063965,Cytoplasm,"Cytoplasm, Mitochondrion"
ENSP00000506493,0.1875,0.4140625,0.4921875,0.30273438,0.06640625,0.19238281,0.03369141,0.16699219,0.21972656,0.203125,0.01831055,None,"Cytoplasm, Cell membrane"
ENSP00000504071,0.25,0.47265625,0.42578125,0.28515625,0.10839844,0.6484375,0.02441406,0.3359375,0.2890625,0.46679688,0.06005859,"Cytoplasm, Mitochondrion",Mitochondrion
ENSP00000501857,0.13574219,0.5,0.61328125,0.38671875,0.10351562,0.50390625,0.07275391,0.20605469,0.23242188,0.28710938,0.06738281,"Cytoplasm, Nucleus",Nucleus
ENSP00000492676,0.2109375,0.46875,0.56640625,0.54296875,0.16015625,0.36523438,0.05273438,0.20800781,0.20019531,0.15429688,0.03515625,Nucleus,"Cytoplasm, Nucleus"
ENSP00000466919,0.26757812,0.54296875,0.53125,0.41015625,0.1640625,0.49414062,0.17578125,0.26367188,0.22167969,0.23242188,0.01135254,"Cytoplasm, Nucleus",Cytoplasm
ENSP00000456655,0.1953125,0.62890625,0.5859375,0.10253906,0.11572266,0.609375,0.18261719,0.27148438,0.23632812,0.52734375,0.09130859,"Cytoplasm, Nucleus",Nucleus
ENSP00000452300,0.08056641,0.58984375,0.55859375,0.12792969,0.09667969,0.30859375,0.02978516,0.15234375,0.08154297,0.35351562,0.02099609,"Cytoplasm, Nucleus",Cell membrane
ENSP00000450780,0.10839844,0.5703125,0.5625,0.22851562,0.05273438,0.078125,0.00405884,0.05664062,0.12988281,0.23632812,0.00164795,"Cytoplasm, Nucleus",Nucleus
ENSP00000418252,0.26171875,0.515625,0.421875,0.38671875,0.10839844,0.3125,0.06347656,0.21289062,0.24121094,0.29101562,0.01855469,Cytoplasm,"Cytoplasm, Cell membrane"
ENSP00000467710,0.16992188,0.47265625,0.6484375,0.15625,0.16308594,0.328125,0.00970459,0.1796875,0.24902344,0.25585938,0.00247192,"Cytoplasm, Nucleus","Cytoplasm, Cell membrane"
ENSP00000453480,0.20410156,0.37695312,0.38085938,0.4921875,0.10986328,0.2890625,0.03686523,0.23632812,0.12011719,0.40234375,0.00254822,None,Mitochondrion
ENSP00000452500,0.1953125,0.5625,0.453125,0.41210938,0.11572266,0.38867188,0.10253906,0.19824219,0.359375,0.35546875,0.03857422,Cytoplasm,Nucleus
ENSP00000435220,0.21582031,0.55859375,0.56640625,0.33007812,0.19238281,0.28515625,0.07275391,0.15527344,0.18945312,0.17773438,0.0071106,"Cytoplasm, Nucleus",Cytoplasm
ENSP00000392049,0.16210938,0.46484375,0.48046875,0.53125,0.10498047,0.265625,0.12597656,0.25390625,0.26367188,0.2734375,0.02722168,None,Cytoplasm
ENSP00000387481,0.23339844,0.44140625,0.41015625,0.29492188,0.12890625,0.41210938,0.08398438,0.15722656,0.16796875,0.28710938,0.02062988,None,Nucleus
ENSP00000476460,0.19335938,0.59375,0.40625,0.4296875,0.09277344,0.30664062,0.06933594,0.2734375,0.28320312,0.23535156,0.03955078,Cytoplasm,Cell membrane
ENSP00000452200,0.1875,0.37890625,0.140625,0.94921875,0.09521484,0.06347656,0.01281738,0.01361084,0.00939941,0.20410156,0.09130859,Extracellular,Nucleus
ENSP00000428531,0.2421875,0.55859375,0.67578125,0.15039062,0.13476562,0.27734375,0.07080078,0.3046875,0.26367188,0.19824219,0.04663086,"Cytoplasm, Nucleus",Cytoplasm
ENSP00000408802,0.2890625,0.51171875,0.5546875,0.23339844,0.20019531,0.58203125,0.05273438,0.35546875,0.25390625,0.24121094,0.02258301,"Cytoplasm, Nucleus",Cytoplasm
ENSP00000469760,0.12353516,0.53515625,0.58203125,0.28125,0.078125,0.29492188,0.20019531,0.26171875,0.33984375,0.33203125,0.04736328,"Cytoplasm, Nucleus","Cytoplasm, Nucleus"
ENSP00000466684,0.20214844,0.56640625,0.5,0.35546875,0.12597656,0.41796875,0.10839844,0.33984375,0.28320312,0.31835938,0.06738281,Cytoplasm,Cytoplasm
ENSP00000464530,0.15039062,0.58984375,0.5078125,0.578125,0.13476562,0.57421875,0.04199219,0.08740234,0.48632812,0.27929688,0.04614258,Cytoplasm,"Cytoplasm, Nucleus"
ENSP00000430805,0.30273438,0.47265625,0.546875,0.125,0.16308594,0.41992188,0.10107422,0.3359375,0.34765625,0.25195312,0.06298828,"Cytoplasm, Nucleus","Cytoplasm, Nucleus"
ENSP00000504163,0.28710938,0.49804688,0.33789062,0.5078125,0.15429688,0.37304688,0.10693359,0.26953125,0.24804688,0.2890625,0.01977539,Cytoplasm,"Cytoplasm, Nucleus"
ENSP00000502465,0.14746094,0.515625,0.57421875,0.47070312,0.12353516,0.47070312,0.10839844,0.17675781,0.21875,0.23046875,0.13085938,"Cytoplasm, Nucleus",Nucleus
ENSP00000484996,0.17675781,0.52734375,0.40039062,0.5390625,0.09423828,0.36328125,0.11132812,0.18847656,0.36914062,0.578125,0.03613281,Cytoplasm,Nucleus
ENSP00000455953,0.17871094,0.5390625,0.51953125,0.2109375,0.08740234,0.28320312,0.10839844,0.17871094,0.5078125,0.28125,0.15234375,Cytoplasm,Nucleus
ENSP00000448671,0.19335938,0.578125,0.44335938,0.58203125,0.10351562,0.40820312,0.17578125,0.12158203,0.20800781,0.16894531,0.01586914,Cytoplasm,Cell membrane
ENSP00000426535,0.08154297,0.30273438,0.45898438,0.7109375,0.0324707,0.30078125,0.01245117,0.14941406,0.02331543,0.15722656,0.02600098,Extracellular,Nucleus
ENSP00000426210,0.22363281,0.453125,0.48046875,0.28710938,0.17089844,0.4609375,0.0378418,0.19726562,0.27734375,0.44335938,0.01361084,None,Cell membrane
ENSP00000402190,0.1484375,0.578125,0.57421875,0.35351562,0.12402344,0.5390625,0.03686523,0.18457031,0.15722656,0.19238281,0.01245117,"Cytoplasm, Nucleus",Nucleus
ENSP00000395237,0.23242188,0.47265625,0.54296875,0.4296875,0.10351562,0.5625,0.06542969,0.25,0.38085938,0.22167969,0.04150391,"Cytoplasm, Nucleus","Cytoplasm, Nucleus"
ENSP00000388688,0.18945312,0.53125,0.49609375,0.5234375,0.16601562,0.47851562,0.06542969,0.16308594,0.12109375,0.18554688,0.02331543,Cytoplasm,Cytoplasm
ENSP00000453192,0.33984375,0.49023438,0.34960938,0.45703125,0.17480469,0.515625,0.15820312,0.3125,0.453125,0.40429688,0.01940918,Cytoplasm,Mitochondrion
ENSP00000475450,0.15625,0.57421875,0.578125,0.01696777,0.06542969,0.26171875,0.00262451,0.36914062,0.02331543,0.14160156,0.01452637,"Cytoplasm, Nucleus",Nucleus
ENSP00000466640,0.30273438,0.515625,0.38867188,0.37109375,0.20214844,0.62890625,0.12011719,0.17285156,0.32226562,0.30078125,0.01202393,Cytoplasm,Nucleus
ENSP00000459602,0.16699219,0.3828125,0.36523438,0.65234375,0.04541016,0.265625,0.03686523,0.25976562,0.10253906,0.16210938,0.16992188,Extracellular,Nucleus
ENSP00000349253,0.39453125,0.53125,0.4375,0.25195312,0.15039062,0.53125,0.06933594,0.53125,0.453125,0.421875,0.01855469,Cytoplasm,"Cytoplasm, Cell membrane"
ENSP00000490160,0.20605469,0.45117188,0.4453125,0.46679688,0.09033203,0.5625,0.06445312,0.3828125,0.30078125,0.41992188,0.06640625,None,Mitochondrion
ENSP00000437899,0.17285156,0.51953125,0.6015625,0.22265625,0.07568359,0.2734375,0.04077148,0.32226562,0.36328125,0.3203125,0.03515625,"Cytoplasm, Nucleus","Nucleus, Cell membrane"
ENSP00000415292,0.41796875,0.5,0.48242188,0.31835938,0.1640625,0.49609375,0.03369141,0.48242188,0.4609375,0.49804688,0.04614258,Cytoplasm,Golgi apparatus
ENSP00000408534,0.20410156,0.50390625,0.59375,0.42578125,0.18847656,0.31835938,0.0559082,0.15820312,0.20800781,0.28515625,0.02233887,"Cytoplasm, Nucleus",Nucleus
ENSP00000400569,0.40234375,0.46484375,0.42578125,0.39453125,0.17578125,0.6015625,0.10498047,0.4609375,0.44921875,0.3984375,0.03686523,None,Cytoplasm
ENSP00000430424,0.11914062,0.59765625,0.54296875,0.2734375,0.12597656,0.21484375,0.02331543,0.22851562,0.28125,0.29296875,0.00735474,"Cytoplasm, Nucleus",Cytoplasm
ENSP00000457149,0.23925781,0.3515625,0.34179688,0.5625,0.15136719,0.52734375,0.10253906,0.37109375,0.45507812,0.3828125,0.11914062,None,Cell membrane
ENSP00000438862,0.23339844,0.61328125,0.40234375,0.23828125,0.13183594,0.3828125,0.13964844,0.19335938,0.24804688,0.29296875,0.04467773,Cytoplasm,Nucleus
ENSP00000400271,0.09130859,0.57421875,0.6953125,0.2890625,0.06933594,0.33007812,0.01696777,0.17480469,0.11572266,0.14941406,0.00668335,"Cytoplasm, Nucleus",Mitochondrion
ENSP00000455184,0.21875,0.45898438,0.38085938,0.2734375,0.10107422,0.53515625,0.03063965,0.22949219,0.24609375,0.25195312,0.06933594,None,Mitochondrion
ENSP00000504110,0.23828125,0.5625,0.7734375,0.14453125,0.08398438,0.33203125,0.02758789,0.14453125,0.16796875,0.19921875,0.00506592,"Cytoplasm, Nucleus",Cytoplasm
ENSP00000468113,0.25195312,0.49023438,0.52734375,0.37890625,0.16894531,0.4765625,0.05834961,0.25,0.27734375,0.23535156,0.01031494,Cytoplasm,"Cytoplasm, Nucleus"
ENSP00000387607,0.171875,0.625,0.38085938,0.49023438,0.1328125,0.27148438,0.08154297,0.12890625,0.125,0.25390625,0.00970459,Cytoplasm,Nucleus
ENSP00000429046,0.21582031,0.35742188,0.41601562,0.125,0.13183594,0.43554688,0.12988281,0.28710938,0.05029297,0.05273438,0.00491333,None,Cytoplasm
ENSP00000464790,0.39648438,0.4609375,0.53125,0.15039062,0.20605469,0.51953125,0.03198242,0.35351562,0.4140625,0.34179688,0.00360107,Nucleus,Nucleus
ENSP00000477296,0.22363281,0.44921875,0.546875,0.29101562,0.06933594,0.44140625,0.07080078,0.4921875,0.359375,0.23925781,0.01696777,Nucleus,"Cytoplasm, Nucleus"
