ACC,Membrane,Cytoplasm,Nucleus,Extracellular,Cell membrane,Mitochondrion,Plastid,Endoplasmic reticulum,Lysosome/Vacuole,Golgi apparatus,Peroxisome,predicted_label,true_label
ENSP00000507895,0.246484374,0.628125,0.47851562599999997,0.41767578200000005,0.205468748,0.190625,0.029211426000000002,0.13984375,0.048266602000000006,0.193554686,0.016577145999999997,Cytoplasm,"Cytoplasm, Cell membrane"
ENSP00000505728,0.062353514,0.324804686,0.8671875,0.136816406,0.05898437199999999,0.10595703199999999,0.017858886,0.091357422,0.038940428,0.07451171999999999,0.006192016000000001,Nucleus,Nucleus
ENSP00000496878,0.702734374,0.20839844000000002,0.098828124,0.356835938,0.693359374,0.103027346,0.008351136,0.283593752,0.490625,0.324218752,0.10014648200000001,"Membrane, Cell membrane",Cytoplasm
ENSP00000496254,0.34785156,0.72734375,0.281445314,0.06376953199999999,0.354687498,0.13798828000000002,0.005944824,0.182031248,0.266210936,0.22636718599999997,0.052441406,Cytoplasm,Nucleus
ENSP00000495099,0.295507812,0.6734375,0.528515624,0.0765625,0.173632812,0.124707032,0.017773438000000003,0.275195312,0.330468752,0.467578126,0.013449095999999999,"Cytoplasm, Nucleus",Cytoplasm
ENSP00000493871,0.047949218,0.506250002,0.90390625,0.048828126,0.072656252,0.09663086,0.023132324000000003,0.064501952,0.045068356,0.044726562000000004,0.017861938,"Cytoplasm, Nucleus",Nucleus
ENSP00000490913,0.09433594000000001,0.5921875,0.76796875,0.036853027999999996,0.130273438,0.150878904,0.027606202000000003,0.049804688,0.05410156199999999,0.08830566399999999,0.183984376,"Cytoplasm, Nucleus",Nucleus
ENSP00000490728,0.04770508,0.476562498,0.91171875,0.050073242000000004,0.073486328,0.09086914,0.027966308000000002,0.052490234000000004,0.043261718,0.040478516,0.017041014,"Cytoplasm, Nucleus",Nucleus
ENSP00000490116,0.07856445399999999,0.35234375,0.88046875,0.141064454,0.09658203200000001,0.138964842,0.03997192200000001,0.05268554799999999,0.019335938000000004,0.062377930000000005,0.031420898,Nucleus,Nucleus
ENSP00000484669,0.13701172,0.353125,0.85078125,0.083117676,0.066113282,0.09404296999999999,0.0017107000000000001,0.22265625,0.123242188,0.20234375,0.001345444,Nucleus,Nucleus
ENSP00000480219,0.052490234000000004,0.285742188,0.90234375,0.128613282,0.039501954000000006,0.095410154,0.004237364,0.082812498,0.026123048,0.05917968800000001,0.00550232,Nucleus,Nucleus
ENSP00000478783,0.41230468800000003,0.558984376,0.467578124,0.031933592,0.289453124,0.10815429800000001,0.015081784,0.358789062,0.335351564,0.48046875,0.007531737999999999,Cytoplasm,Cytoplasm
ENSP00000466285,0.304296878,0.60078125,0.363671874,0.264062502,0.319140628,0.342578126,0.005802918,0.24355469000000002,0.094335938,0.144433592,0.013641358000000001,Cytoplasm,Cytoplasm
ENSP00000453443,0.278515624,0.69296875,0.41875,0.08603515400000002,0.38828125199999997,0.1734375,0.0034782399999999996,0.274218748,0.11982421800000001,0.188964844,0.042224121999999996,Cytoplasm,"Cytoplasm, Nucleus"
ENSP00000431179,0.241992188,0.63203125,0.417578126,0.09023437399999999,0.28955078,0.14736327999999999,0.020367431999999998,0.161621094,0.24355468600000002,0.429687498,0.082617188,Cytoplasm,"Cytoplasm, Cell membrane"
ENSP00000431129,0.415234376,0.6953125,0.255664064,0.062939452,0.32382812800000005,0.308007812,0.003045656,0.351562498,0.153808592,0.298242186,0.014514160000000002,Cytoplasm,Cytoplasm
ENSP00000418408,0.07133788999999999,0.346874998,0.7640625,0.09638672,0.049414064,0.12353515600000001,0.07382812600000001,0.12675780799999997,0.034545898,0.079101562,0.029028320000000003,Nucleus,Nucleus
ENSP00000417570,0.290429688,0.32109375,0.143847656,0.75859375,0.311523438,0.19042968600000001,0.018060304,0.269335936,0.272851562,0.3734375,0.044384764,Extracellular,Cytoplasm
ENSP00000414689,0.276757812,0.28203125,0.309765624,0.715625,0.364648436,0.145996094,0.010600281999999999,0.16220703,0.135253906,0.24785156000000003,0.011865234,Extracellular,Cell membrane
ENSP00000414510,0.287890624,0.709375,0.28652343999999996,0.23056640600000003,0.292382812,0.160351562,0.014128112000000002,0.20859375,0.241992188,0.481640624,0.013726803999999999,Cytoplasm,Nucleus
ENSP00000412763,0.691796874,0.26171875,0.111132812,0.37812500200000004,0.6546875,0.093994142,0.030603026,0.237890624,0.40703125,0.428125,0.066967776,"Membrane, Cell membrane",Golgi apparatus
ENSP00000410157,0.223828126,0.48671875,0.54453125,0.024023436,0.202539062,0.146582032,0.0063720700000000005,0.198632814,0.362890622,0.288085938,0.002846146,"Cytoplasm, Nucleus",Nucleus
ENSP00000409472,0.26806640800000003,0.513281252,0.40390625199999997,0.181738284,0.194433596,0.19443359200000002,0.052392578,0.218359374,0.18193359199999998,0.272851562,0.12081298999999998,Cytoplasm,Cytoplasm
ENSP00000407046,0.8328125,0.290429686,0.151464846,0.045019532,0.5359375,0.087231444,0.019636534,0.54765625,0.43554687400000003,0.619921874,0.039379882,"Membrane, Cell membrane",Cell membrane
ENSP00000400217,0.21875,0.30566406,0.176367184,0.86328125,0.236523436,0.138867188,0.012600708000000002,0.276953124,0.281835938,0.30742187200000004,0.024548342,Extracellular,Cell membrane
ENSP00000395538,0.054541014,0.432421876,0.7359375,0.19736328,0.083105468,0.12167968600000001,0.004652404,0.11845703199999999,0.024609374,0.06772460799999999,0.010980224,Nucleus,"Cytoplasm, Nucleus, Mitochondrion"
ENSP00000387070,0.16894531200000001,0.74765625,0.5484375,0.03461914000000001,0.136523436,0.09482421999999999,0.013519287999999999,0.176367188,0.11621093600000001,0.292382812,0.008671568000000001,"Cytoplasm, Nucleus",Cytoplasm
ENSP00000386239,0.101953124,0.476953124,0.76171875,0.094335938,0.102685544,0.19785156399999998,0.002053832,0.165332032,0.128320314,0.13916015399999998,0.018896483999999998,"Cytoplasm, Nucleus",Nucleus
ENSP00000384215,0.08334961,0.264257814,0.8859375,0.023107910000000002,0.06791992200000001,0.135351562,0.022705080000000002,0.050537106,0.057226563999999994,0.06496582000000001,0.06824340799999999,Nucleus,Nucleus
ENSP00000382269,0.208398438,0.67734375,0.65078125,0.05937500000000001,0.159960938,0.203710938,0.06975097599999999,0.199804688,0.31796874799999997,0.210644534,0.004537966,"Cytoplasm, Nucleus",Nucleus
ENSP00000381170,0.21601562400000002,0.75625,0.523046874,0.038989258,0.273632812,0.131152342,0.010490418,0.126074218,0.11601562400000001,0.158398438,0.054516600000000005,Cytoplasm,Cell membrane
ENSP00000380888,0.17265625,0.6421875,0.70625,0.012994386,0.08642578000000001,0.273632814,0.014976499999999998,0.158105468,0.259375,0.21162109200000004,0.055534364,"Cytoplasm, Nucleus",Nucleus
ENSP00000379083,0.2953125,0.621875,0.428125002,0.432128906,0.25585937400000003,0.229296872,0.036791991999999996,0.121679688,0.056811524,0.17236328,0.03453369,Cytoplasm,"Cytoplasm, Cell membrane"
ENSP00000377634,0.057080076,0.375390626,0.8765625,0.055859374,0.05766601600000001,0.056396484000000004,0.010089112,0.096875,0.024951172,0.040356446000000004,0.011059572,Nucleus,Nucleus
ENSP00000374443,0.27402344,0.56015625,0.422656252,0.031958007999999996,0.220898436,0.181835938,0.019238282000000002,0.276953124,0.29609375,0.305078126,0.041137696,Cytoplasm,Nucleus
ENSP00000366757,0.368749998,0.7828125,0.24296875,0.035156248,0.418359376,0.19697265400000002,0.00467224,0.23281250199999998,0.195117188,0.280859374,0.011544798,Cytoplasm,Cytoplasm
ENSP00000364003,0.299609376,0.671875,0.471484374,0.053662110000000006,0.40019531199999997,0.21015625400000001,0.011169432,0.207421874,0.18066406200000001,0.17314453000000002,0.032617188,Cytoplasm,"Nucleus, Cell membrane"
ENSP00000363891,0.755078126,0.170312502,0.152539062,0.08001709,0.53828125,0.120019532,0.007855224,0.36445312799999996,0.263476562,0.302929688,0.025903319999999997,"Membrane, Cell membrane",Golgi apparatus
ENSP00000363642,0.042382814000000005,0.26171875,0.83671875,0.029809567999999998,0.054541012,0.11210937399999998,0.004888916,0.12031250199999999,0.029028317999999997,0.05192871,0.004418943999999999,Nucleus,Nucleus
ENSP00000362580,0.36796875,0.67578125,0.350390624,0.08469238400000001,0.55859375,0.1796875,0.011682128,0.17050781,0.240625,0.164648438,0.05390625,"Cytoplasm, Cell membrane",Cell membrane
ENSP00000357206,0.16513671800000002,0.63671875,0.505468752,0.224609374,0.148046874,0.20625,0.0046157839999999995,0.16699218799999999,0.16640625199999998,0.399609376,0.04313965,Cytoplasm,Cytoplasm
ENSP00000356716,0.10502929799999998,0.63046875,0.625,0.074072264,0.09306640399999999,0.053759764,0.012316894,0.119042968,0.06206054800000001,0.16064453199999998,0.01800537,"Cytoplasm, Nucleus",Cytoplasm
ENSP00000355922,0.111035156,0.48320312200000004,0.8125,0.056567382,0.08129882799999999,0.103808594,0.026992796000000003,0.060156248,0.037597656,0.166210936,0.024203492,"Cytoplasm, Nucleus",Nucleus
ENSP00000354828,0.126171876,0.46015625,0.79921875,0.05732422,0.109277344,0.179296874,0.003239444,0.127441406,0.11640624800000002,0.088769532,0.016809081999999996,Nucleus,Nucleus
ENSP00000353010,0.47265625,0.486718752,0.32734375,0.047460938,0.21796875,0.525390626,0.018627930000000004,0.351562498,0.40000000199999997,0.389453124,0.008738708000000001,"Membrane, Cytoplasm",Nucleus
ENSP00000352794,0.288476562,0.64765625,0.37304687599999997,0.24736328200000002,0.350585936,0.130566408,0.028796385999999997,0.312890626,0.17607422,0.366406246,0.033801266,Cytoplasm,"Cytoplasm, Cell membrane"
ENSP00000352413,0.81328125,0.19296874800000002,0.141210936,0.018725586,0.72109375,0.148925782,0.005065918000000001,0.45625,0.288671876,0.154394532,0.019067382,"Membrane, Cell membrane",Cytoplasm
ENSP00000351185,0.146386718,0.53203125,0.5875,0.09362792999999998,0.069238282,0.201171874,0.014038084000000001,0.17304687400000002,0.06220703000000001,0.0782959,0.011938474000000001,"Cytoplasm, Nucleus",Mitochondrion
ENSP00000348564,0.186425782,0.62890625,0.48984375,0.07656250199999999,0.121191406,0.173242188,0.006201174,0.288867188,0.236328126,0.327734376,0.051269529999999994,Cytoplasm,"Cytoplasm, Cell membrane"
ENSP00000344383,0.290234378,0.671875,0.521484376,0.083007812,0.172070312,0.119140626,0.016418456,0.273242184,0.323242186,0.473046874,0.012615966000000001,Cytoplasm,Cytoplasm
ENSP00000328426,0.084765624,0.457812502,0.7796875,0.084716796,0.07792968599999998,0.146484374,0.040185548,0.09726562400000001,0.06391601599999999,0.096777344,0.081445312,Nucleus,"Cytoplasm, Nucleus"
ENSP00000321813,0.136914062,0.478125,0.7828125,0.060595701999999994,0.116308594,0.18798828,0.0024459839999999996,0.128320312,0.140625,0.10537109200000001,0.017895507999999997,"Cytoplasm, Nucleus",Nucleus
ENSP00000313933,0.081347656,0.4734375,0.83828125,0.021582031999999998,0.061425784000000004,0.11416015400000001,0.0070129400000000005,0.078808594,0.05922851600000001,0.09130859399999999,0.050634766,"Cytoplasm, Nucleus",Nucleus
ENSP00000301607,0.211523438,0.65546875,0.409765624,0.14980468600000002,0.157421876,0.13125,0.027120972,0.123242188,0.264257814,0.356640626,0.020825193999999998,Cytoplasm,Cytoplasm
ENSP00000300648,0.307421876,0.54296875,0.6390625,0.032861328,0.2234375,0.32890625,0.11113281400000001,0.291992188,0.206250002,0.344531248,0.018218994,"Cytoplasm, Nucleus",Cytoplasm
ENSP00000297268,0.256640628,0.167480468,0.17265625,0.91640625,0.1859375,0.074462888,0.014178466,0.332031248,0.100097654,0.142773438,0.0022247319999999997,Extracellular,Endoplasmic reticulum
ENSP00000294383,0.16542969000000002,0.646875,0.6296875,0.064624022,0.18046875,0.116503906,0.023138428,0.19257812800000002,0.242773436,0.2875,0.005491640000000001,"Cytoplasm, Nucleus","Cytoplasm, Nucleus"
ENSP00000281282,0.204882814,0.70390625,0.37968750399999995,0.075097656,0.208789062,0.09775390800000001,0.007844543999999998,0.13691406,0.13085937600000003,0.344921876,0.011102296,Cytoplasm,Cell membrane
ENSP00000280758,0.276367188,0.5125,0.57734375,0.04169922,0.274414064,0.110791014,0.007176208000000001,0.23144531200000001,0.324609376,0.338671874,0.0033935560000000003,"Cytoplasm, Nucleus",Nucleus
ENSP00000271636,0.17890625,0.6546875,0.347851562,0.07963867,0.156445314,0.090039064,0.005485534,0.116894532,0.156152342,0.311328124,0.010714722,Cytoplasm,Cell membrane
ENSP00000264868,0.85078125,0.20800781200000001,0.16298828199999998,0.10449219000000001,0.440234374,0.222460938,0.021002196,0.740625,0.45117187400000003,0.4796875,0.13027344,"Membrane, Endoplasmic reticulum",Nucleus
ENSP00000262376,0.05034179600000001,0.3265625,0.89296875,0.07124023399999999,0.036083984,0.071972654,0.013006590000000002,0.093554688,0.05859375,0.05991211,0.012115477999999999,Nucleus,Nucleus
ENSP00000261609,0.165429688,0.6609375,0.58984375,0.05046386599999999,0.11035156399999999,0.220117188,0.046795656000000005,0.21562500199999998,0.301171874,0.295703124,0.048217772000000006,"Cytoplasm, Nucleus",Cytoplasm
ENSP00000253048,0.048779298000000006,0.449609376,0.79609375,0.170703124,0.059155274,0.061328126000000004,0.008270265999999998,0.12226562599999999,0.058691406,0.12675781400000002,0.0012546539999999998,Nucleus,"Cytoplasm, Nucleus"
ENSP00000252996,0.08457031200000001,0.484765626,0.8203125,0.142578126,0.08623046999999999,0.08251953399999998,0.0034790019999999997,0.10625000199999998,0.046777344,0.117578124,0.016394044000000003,"Cytoplasm, Nucleus",Nucleus
ENSP00000247087,0.06303711,0.43164062599999997,0.88515625,0.049951172,0.06767577999999999,0.117480468,0.011318972,0.1109375,0.041162109999999995,0.07177734399999999,0.008047483999999999,Nucleus,Nucleus
ENSP00000244007,0.351953126,0.665625,0.48828125,0.09316405999999999,0.373828124,0.12255859399999999,0.006945799999999999,0.140917968,0.193945314,0.21005859400000002,0.00564575,Cytoplasm,Cytoplasm
ENSP00000263773,0.13007812400000002,0.426171878,0.76015625,0.037091064,0.11376953199999999,0.063085938,0.009529878000000002,0.175781252,0.06933593800000001,0.210546876,0.003916167999999999,Nucleus,Nucleus
ENSP00000416033,0.115136718,0.66484375,0.46289062799999997,0.250781252,0.141015626,0.195507812,0.01710205,0.187109376,0.12871094,0.19804687599999998,0.086035158,Cytoplasm,Nucleus
ENSP00000364042,0.63046875,0.23906250199999998,0.173828126,0.368164062,0.661328126,0.07216797,0.0033355699999999995,0.285742188,0.389257812,0.30517578,0.012997438,"Membrane, Cell membrane",Cell membrane
ENSP00000355889,0.16660156399999998,0.18515625,0.183789064,0.10549316400000001,0.09399413999999999,0.784375,0.01569214,0.108496094,0.086621094,0.08708496000000002,0.064306642,Mitochondrion,Mitochondrion
ENSP00000305839,0.38476562400000003,0.39648437400000003,0.5546875,0.230859374,0.48242187400000003,0.231640626,0.013238523999999998,0.16933593600000002,0.199414064,0.334375,0.021496580000000005,Nucleus,Cell membrane
ENSP00000463929,0.81640625,0.202539064,0.176953128,0.00899658,0.4484375,0.10805664000000001,0.003241728,0.70625,0.594140626,0.580078126,0.004754638,"Membrane, Endoplasmic reticulum, Lysosome/Vacuole",Nucleus
ENSP00000382610,0.276171874,0.609375,0.406249998,0.181445314,0.338867186,0.20507812800000003,0.0068939199999999996,0.242187498,0.246679686,0.395703124,0.023852538,Cytoplasm,"Cytoplasm, Nucleus"
ENSP00000496378,0.27402344,0.665625,0.33320312799999996,0.055322263999999996,0.1671875,0.15625,0.009439086,0.23535156399999999,0.44609375,0.703125,0.016098024,"Cytoplasm, Golgi apparatus",Golgi apparatus
ENSP00000413889,0.222070308,0.530078126,0.54921875,0.027453613999999998,0.19140625,0.150292968,0.007897949999999999,0.175488282,0.33359375,0.323828126,0.004434586,"Cytoplasm, Nucleus",Nucleus
ENSP00000349439,0.48066406199999995,0.25195312599999997,0.243750002,0.255664062,0.275585938,0.168847656,0.01134033,0.657421876,0.258398438,0.6171875,0.011904908000000002,"Membrane, Endoplasmic reticulum","Cytoplasm, Cell membrane"
ENSP00000313624,0.065234376,0.285546876,0.89140625,0.049291989999999994,0.056591798000000006,0.107226562,0.007496642,0.07846679999999999,0.053686524,0.048046876,0.059350586000000004,Nucleus,Nucleus
ENSP00000468082,0.33007812599999997,0.61953125,0.334765626,0.24755859399999997,0.330468752,0.362890624,0.006765747999999999,0.2390625,0.09658203000000001,0.14589843800000002,0.012835692000000001,Cytoplasm,Cytoplasm
ENSP00000416951,0.11904297,0.326953124,0.72890625,0.241699222,0.151171876,0.128808592,0.0027175899999999998,0.12690429799999997,0.035546876000000005,0.07744140599999999,0.0020950319999999997,Nucleus,Nucleus
ENSP00000346701,0.720703126,0.288281248,0.262109374,0.140380862,0.316210938,0.134765626,0.0051681520000000005,0.56875,0.41640625,0.70234375,0.065820314,"Membrane, Golgi apparatus",Nucleus
ENSP00000332111,0.122851562,0.61015625,0.530859374,0.241796874,0.122851564,0.175585938,0.1875,0.131445312,0.073242188,0.13979492200000002,0.348339844,"Cytoplasm, Nucleus","Cytoplasm, Nucleus"
ENSP00000507912,0.108203122,0.287890626,0.78984375,0.08903808799999999,0.065624998,0.084228516,0.008343503999999998,0.251171874,0.052026368,0.12031249800000002,0.032727052,Nucleus,Nucleus
ENSP00000485253,0.064501952,0.34609375,0.90546875,0.056933594,0.06430664,0.08071289000000001,0.008636472,0.07675781199999998,0.043261718,0.10859375199999999,0.00713501,Nucleus,Nucleus
ENSP00000312277,0.040161132,0.337109376,0.8609375,0.053735352,0.02097168,0.068652346,0.012976072,0.06928711000000001,0.034716798,0.074658204,0.031518556,Nucleus,"Cytoplasm, Nucleus"
ENSP00000370427,0.11669921800000001,0.253125,0.90078125,0.083544922,0.10478515799999999,0.033666992,0.018395994,0.08623046599999999,0.03425293,0.05659179599999999,0.003974914,Nucleus,Nucleus
ENSP00000467054,0.320703126,0.5859375,0.453125002,0.10283203199999999,0.272070312,0.15253906,0.002616882,0.215429688,0.48242187599999997,0.383203124,0.0049972540000000005,Cytoplasm,"Cytoplasm, Nucleus"
ENSP00000458025,0.051855468,0.38984375,0.88984375,0.07963867,0.05473633,0.11298828000000001,0.0031219480000000003,0.10683593799999999,0.060400388000000006,0.056396482000000005,0.01602478,Nucleus,Cytoplasm
ENSP00000357460,0.22382812400000002,0.66171875,0.297070312,0.125488282,0.183007814,0.09443359200000001,0.004270172,0.158691406,0.319921876,0.58828125,0.011779786,Cytoplasm,Golgi apparatus
ENSP00000406490,0.10595703199999999,0.29863281399999997,0.8390625,0.050494386,0.07524413999999999,0.1796875,0.0024826059999999996,0.10576171999999999,0.022290038,0.114746092,0.023919678,Nucleus,Nucleus
ENSP00000374552,0.06015625,0.60390625,0.7953125,0.058837890000000004,0.064843752,0.152832032,0.005329896000000001,0.160742188,0.06660155999999999,0.053710938,0.013391112000000002,"Cytoplasm, Nucleus",Cytoplasm
ENSP00000505762,0.383789062,0.62890625,0.32636719000000003,0.097119142,0.39589844,0.16875,0.001532744,0.17812500199999998,0.337109376,0.32558593999999996,0.05209961,Cytoplasm,"Cytoplasm, Cell membrane"
ENSP00000391268,0.7515625,0.29765625,0.12255859399999999,0.28378906000000004,0.76015625,0.07929687599999999,0.005117798,0.360937498,0.48203125,0.54140625,0.058276368,"Membrane, Cell membrane",Cell membrane
ENSP00000323191,0.11660156399999999,0.478125,0.678125,0.24746094000000002,0.12783203199999998,0.09472656199999999,0.008538819999999999,0.09501952999999999,0.156835936,0.144921872,0.06555175799999999,"Cytoplasm, Nucleus",Nucleus
ENSP00000359837,0.06376953199999999,0.36523437599999997,0.90546875,0.018682858,0.059716797999999995,0.07954101599999999,0.012835694,0.072705078,0.047143554000000004,0.038159178,0.020690919999999998,Nucleus,Nucleus
ENSP00000469029,0.075195312,0.28515625,0.7796875,0.099853516,0.070361328,0.100097654,0.004246522000000001,0.098632812,0.091699218,0.103515624,0.009332276,Nucleus,Nucleus
ENSP00000416289,0.23242187800000003,0.5125,0.51953125,0.08876952999999999,0.185156252,0.18251953199999998,0.008035276000000001,0.380078126,0.248632812,0.24902343799999999,0.035009764000000006,Cytoplasm,Nucleus
ENSP00000358904,0.047509765999999995,0.253320312,0.8984375,0.144824216,0.039331054,0.068554688,0.026599121999999996,0.07558594,0.021459962,0.06718749799999998,0.004536438,Nucleus,Nucleus
ENSP00000364372,0.21552734200000004,0.565625,0.53125,0.031640624000000006,0.18964843999999997,0.09799804600000002,0.009463502,0.148730468,0.261523436,0.278906254,0.0010620119999999998,"Cytoplasm, Nucleus","Cytoplasm, Nucleus"
ENSP00000348828,0.395703126,0.66484375,0.356249998,0.10019531,0.41210937599999997,0.129589844,0.010076902,0.169726562,0.21347656600000003,0.234960936,0.00871887,Cytoplasm,Cell membrane
ENSP00000379778,0.251757816,0.7703125,0.504296874,0.064501952,0.24746093600000002,0.052587888000000006,0.0032104480000000003,0.19628906200000001,0.171777346,0.199804686,0.005053712,Cytoplasm,Cytoplasm
ENSP00000450393,0.155664064,0.48828125,0.543359376,0.128222658,0.08027344,0.24921874800000002,0.02019043,0.158398436,0.06040038999999999,0.09106445199999999,0.021752928,"Cytoplasm, Nucleus",Mitochondrion
ENSP00000314914,0.22675780999999998,0.6796875,0.44335937599999997,0.127587892,0.3265625,0.242773438,0.007580566000000001,0.224414062,0.18203125,0.216601562,0.1421875,Cytoplasm,Nucleus
ENSP00000412893,0.176953126,0.180468748,0.136523436,0.14206543,0.055273435999999995,0.8890625,0.030383300000000002,0.140039064,0.075097654,0.07558593599999999,0.15576172,Mitochondrion,Mitochondrion
ENSP00000405068,0.046826174,0.333593748,0.7546875,0.11977539000000001,0.04541015599999999,0.07177734599999999,0.00417328,0.09628906400000001,0.03411865,0.124121094,0.004721068,Nucleus,Nucleus
ENSP00000500647,0.293164062,0.7171875,0.422265628,0.09853515799999998,0.40039062400000003,0.1703125,0.0035919159999999997,0.283007812,0.17480468799999999,0.209179688,0.024230958,Cytoplasm,"Cytoplasm, Nucleus"
ENSP00000383392,0.81328125,0.21113281599999997,0.086035156,0.40078125,0.846875,0.041650391999999994,0.008807372,0.301171878,0.292578124,0.287792968,0.06554565400000001,"Membrane, Cell membrane",Cell membrane
ENSP00000465377,0.08876953000000001,0.568359374,0.78359375,0.042187498,0.08310546799999999,0.20576171800000004,0.006475828,0.08852539,0.076367188,0.120117188,0.04746704,"Cytoplasm, Nucleus","Cytoplasm, Nucleus"
ENSP00000027335,0.80234375,0.266015626,0.100878906,0.173632814,0.83515625,0.029711914,0.010076902000000002,0.215234376,0.343164062,0.26816406000000004,0.053588868,"Membrane, Cell membrane",Cell membrane
ENSP00000409731,0.25566406399999997,0.64453125,0.492968748,0.39555664199999996,0.28125,0.199023436,0.023425292,0.12197265400000001,0.06459961,0.14570312400000002,0.07263183599999999,Cytoplasm,"Cytoplasm, Cell membrane"
ENSP00000314004,0.22734375199999998,0.60625,0.56171875,0.111376952,0.167480468,0.158886718,0.008856201999999999,0.234960936,0.288671876,0.597265626,0.024816894,"Cytoplasm, Nucleus",Nucleus
ENSP00000362045,0.056835936,0.332031248,0.8546875,0.128125,0.038818358000000004,0.14355468600000001,0.020706176,0.08227538999999999,0.022485352,0.072998046,0.019958494,Nucleus,Nucleus
ENSP00000289746,0.77890625,0.262500002,0.12685547,0.1421875,0.8328125,0.05786132799999999,0.0025321959999999996,0.222656252,0.469921874,0.370703128,0.064282228,"Membrane, Cell membrane","Cell membrane, Golgi apparatus"
ENSP00000288976,0.179492186,0.71171875,0.43554687599999997,0.079760744,0.29433594,0.15488281199999998,0.0045387280000000006,0.233496094,0.222265624,0.281445314,0.040979004,Cytoplasm,Nucleus
ENSP00000486816,0.064355468,0.329296874,0.85234375,0.137890624,0.04609375,0.14707030999999998,0.022430422,0.08457031200000001,0.025390624,0.07958984399999999,0.017749024,Nucleus,Nucleus
ENSP00000450998,0.372851562,0.60234375,0.458203126,0.27929687400000003,0.43730468600000005,0.25214843600000003,0.06616210999999998,0.323437498,0.201171874,0.433984376,0.07906494,Cytoplasm,"Cytoplasm, Cell membrane"
ENSP00000431611,0.83359375,0.14570312400000002,0.089941406,0.080029296,0.81640625,0.11669921800000001,0.031274416000000006,0.289843748,0.34140625,0.225,0.026623536000000003,"Membrane, Cell membrane",Cell membrane
ENSP00000376504,0.24433593999999997,0.72421875,0.381640626,0.11713867199999999,0.236914062,0.176660156,0.010377502,0.289648438,0.24472656400000004,0.251757812,0.059448244,Cytoplasm,Nucleus
ENSP00000430048,0.09941406,0.61875,0.57734375,0.17587890399999997,0.107421872,0.16162109200000002,0.17910156400000002,0.11640625,0.07148437599999999,0.11542968599999999,0.361035158,"Cytoplasm, Nucleus","Cytoplasm, Nucleus"
ENSP00000288439,0.753125,0.19218750199999998,0.156738282,0.08845214800000001,0.533203126,0.13125,0.01739502,0.383789064,0.295117186,0.338085938,0.025976561999999998,"Membrane, Cell membrane",Golgi apparatus
ENSP00000419330,0.301367184,0.55625,0.37734374800000003,0.199609374,0.148828126,0.296289064,0.018835449999999997,0.33398437400000003,0.23203125,0.601953126,0.10977783199999999,Cytoplasm,Golgi apparatus
ENSP00000401064,0.10307617200000001,0.44335937599999997,0.74921875,0.07832031199999999,0.040820310000000005,0.290234374,0.009582522,0.236132812,0.037963868,0.11669921799999998,0.11992187400000001,Nucleus,Nucleus
ENSP00000387099,0.11015625,0.60078125,0.303320312,0.6296875,0.09843749999999998,0.20869140599999997,0.006027223999999999,0.301757814,0.178125,0.23066406,0.094555664,Cytoplasm,Cytoplasm
ENSP00000361964,0.202929688,0.77734375,0.26875,0.101806642,0.161816408,0.12490234199999999,0.00249176,0.20605468799999999,0.09267577999999999,0.20507812799999997,0.028332520000000007,Cytoplasm,"Cytoplasm, Nucleus"
ENSP00000317992,0.07636718599999999,0.348437502,0.7375,0.06962890600000002,0.04614258,0.137109376,0.0033844,0.10439453000000001,0.07885742,0.172363284,0.00760498,Nucleus,Nucleus
ENSP00000380300,0.091503906,0.6203125,0.625390626,0.077832032,0.069042968,0.191796874,0.004985046000000001,0.23554687400000002,0.177636718,0.087060548,0.015356446,"Cytoplasm, Nucleus",Cytoplasm
ENSP00000397869,0.2609375,0.578515624,0.44375,0.084643556,0.250292968,0.09316406399999999,0.006903075999999999,0.3359375,0.397265626,0.36015625,0.0064269999999999996,Cytoplasm,Nucleus
ENSP00000498164,0.094482422,0.5921875,0.6234375,0.111230466,0.096777344,0.140527344,0.005888368,0.15488281399999998,0.11362304799999998,0.18857421800000002,0.00444031,"Cytoplasm, Nucleus",Cytoplasm
ENSP00000450973,0.23183593600000002,0.796875,0.300585934,0.088916016,0.266601564,0.190039064,0.007548524000000001,0.212890626,0.224414064,0.251757812,0.06787109399999999,Cytoplasm,"Cytoplasm, Nucleus, Cell membrane"
ENSP00000217159,0.85,0.140820314,0.089160156,0.08466797,0.83359375,0.147167968,0.012725828,0.35390625,0.418359376,0.278515626,0.033569336,"Membrane, Cell membrane",Cell membrane
ENSP00000392636,0.092187498,0.5828125,0.84921875,0.036938476000000005,0.05466308600000001,0.328710938,0.0008954999999999999,0.12421874799999999,0.21464843800000005,0.21875,0.02224121,"Cytoplasm, Nucleus",Nucleus
ENSP00000253928,0.036230468,0.31875,0.8734375,0.138671876,0.024768064,0.152148438,0.015216063999999998,0.072216798,0.06508789,0.070996094,0.023046876,Nucleus,Nucleus
ENSP00000371607,0.252734376,0.148925782,0.13837890400000002,0.145703126,0.20449219,0.809375,0.10960693400000002,0.089648438,0.084228514,0.13808593600000002,0.110058594,Mitochondrion,Mitochondrion
ENSP00000390590,0.233789062,0.65703125,0.355859372,0.16503906399999999,0.3375,0.270507812,0.020599366,0.15966797000000002,0.151074218,0.236523438,0.286132812,Cytoplasm,"Cytoplasm, Nucleus"
ENSP00000390121,0.088867188,0.524609374,0.63828125,0.056274413999999995,0.100634768,0.052612302,0.014358518,0.09101562199999999,0.05020751799999999,0.09379883,0.009933472000000002,"Cytoplasm, Nucleus",Nucleus
ENSP00000352676,0.296875004,0.71640625,0.50234375,0.031225584,0.134179688,0.14960937400000002,0.008917238,0.30058594,0.230078128,0.467968752,0.00411453,Cytoplasm,"Cytoplasm, Nucleus"
ENSP00000363878,0.29746094,0.67578125,0.547265624,0.090673826,0.269726562,0.116308594,0.005545044000000001,0.135839846,0.294140624,0.6703125,0.0075393660000000005,"Cytoplasm, Nucleus, Golgi apparatus",Nucleus
ENSP00000386830,0.159570312,0.495703124,0.67578125,0.017181395999999998,0.071020508,0.210498048,0.036499022000000006,0.309570314,0.16953125,0.155664062,0.24433593599999998,"Cytoplasm, Nucleus","Cytoplasm, Cell membrane"
ENSP00000484716,0.041406250000000006,0.296093752,0.92265625,0.037768553999999996,0.021398926000000002,0.081445314,0.0026290879999999995,0.08520507799999999,0.043896486,0.077539062,0.014801026,Nucleus,Nucleus
ENSP00000423638,0.320898438,0.765625,0.429687498,0.155468748,0.387695314,0.126660158,0.06628418,0.13623046600000002,0.142480468,0.55078125,0.029675294,Cytoplasm,"Cytoplasm, Cell membrane, Endoplasmic reticulum"
ENSP00000393856,0.371875004,0.70078125,0.516796874,0.026354982,0.41992187599999997,0.10888671800000001,0.013000488,0.106445312,0.23515625,0.280468752,0.015510560000000001,Cytoplasm,Cell membrane
ENSP00000478563,0.446875,0.6765625,0.25644531000000004,0.041723632,0.475781252,0.076220702,0.001794048,0.14570312400000002,0.513671874,0.363476562,0.007910156,Cytoplasm,"Cytoplasm, Nucleus"
ENSP00000299192,0.13720703,0.540625,0.7140625,0.026800538000000002,0.11298828400000001,0.149023438,0.02218628,0.146972656,0.062548828,0.23984375,0.00612793,"Cytoplasm, Nucleus","Cytoplasm, Nucleus"
ENSP00000215582,0.235742188,0.8265625,0.26738281,0.10419921800000001,0.25742187600000005,0.19453125,0.013305664,0.171289062,0.269335938,0.350390624,0.130517576,Cytoplasm,Cell membrane
ENSP00000372434,0.145996094,0.359765626,0.7875,0.045800782,0.07377929400000001,0.09335937400000001,0.0016742699999999998,0.13769531200000001,0.215039062,0.10888671600000002,0.009564208000000001,Nucleus,Nucleus
ENSP00000305557,0.382421876,0.65390625,0.35195312,0.06899414000000001,0.313281248,0.138281248,0.005701446000000001,0.2484375,0.3625,0.519921874,0.009857178,Cytoplasm,Cell membrane
ENSP00000465742,0.483984376,0.6421875,0.3828125,0.076464842,0.47890625,0.170019532,0.001259612,0.351953124,0.678125,0.36015625,0.007403564,"Membrane, Cytoplasm, Lysosome/Vacuole","Cytoplasm, Cell membrane"
ENSP00000426528,0.28222656,0.66328125,0.4828125,0.111206056,0.426171876,0.18125000200000002,0.015686032,0.127734374,0.142968748,0.165917968,0.07177734399999999,Cytoplasm,Cell membrane
ENSP00000408536,0.10097656399999999,0.66015625,0.66171875,0.08544921800000001,0.09853515399999999,0.07602539,0.0029769920000000004,0.293750002,0.10205078199999999,0.162695312,0.005429078,"Cytoplasm, Nucleus",Nucleus
ENSP00000269856,0.200390626,0.57578125,0.546484376,0.077539062,0.218164062,0.22744140399999999,0.01279297,0.19628906399999999,0.309179688,0.250195312,0.014196776,"Cytoplasm, Nucleus","Nucleus, Golgi apparatus"
ENSP00000349803,0.07065429999999999,0.252734376,0.86640625,0.057470704000000004,0.042700196,0.080761716,0.0034484860000000006,0.10419922,0.050439453999999995,0.073876952,0.012756348,Nucleus,Nucleus
ENSP00000508232,0.24140625,0.397265626,0.62109375,0.10986328199999999,0.18945312600000003,0.135058594,0.028869628,0.158398438,0.09438476599999998,0.11015625,0.033496092,Nucleus,Nucleus
ENSP00000404022,0.57578125,0.17109375,0.0984375,0.037475586,0.459375,0.14609375200000002,0.012767026,0.302539062,0.254492188,0.09228515799999999,0.019055176,Membrane,Golgi apparatus
ENSP00000357352,0.6234375,0.358203126,0.261328124,0.06958008,0.70390625,0.165332032,0.004264834,0.178222658,0.352343748,0.20156250000000003,0.022924804,"Membrane, Cell membrane",Nucleus
ENSP00000342660,0.796875,0.20683594000000002,0.169628904,0.06166992200000001,0.80078125,0.08457031200000001,0.001996614,0.316601562,0.38359375,0.28749999800000003,0.058529664,"Membrane, Cell membrane",Nucleus
ENSP00000421294,0.28300781399999997,0.58125,0.27402344,0.15859375,0.259375,0.0828125,0.009580996,0.164453126,0.41464843599999995,0.493359374,0.009921266000000002,Cytoplasm,"Nucleus, Cell membrane"
ENSP00000247001,0.129687498,0.62890625,0.709375,0.13818359600000002,0.09218749799999999,0.14531249799999998,0.00348358,0.0953125,0.08720703,0.168359374,0.00642395,"Cytoplasm, Nucleus",Nucleus
ENSP00000358106,0.12001953000000001,0.515625,0.4609375,0.079101562,0.28701172,0.11577148200000001,0.05945282,0.25883789199999996,0.157910158,0.30419921800000005,0.24121093799999999,Cytoplasm,Cytoplasm
ENSP00000159647,0.87734375,0.095556642,0.107568358,0.054101564000000005,0.73359375,0.07480468599999998,0.017504884000000002,0.446484374,0.57421875,0.24785155999999997,0.0060699460000000005,"Membrane, Cell membrane, Lysosome/Vacuole",Cell membrane
ENSP00000425670,0.22910156399999998,0.784375,0.434765624,0.19580078,0.254296874,0.18906249800000002,0.07873535000000001,0.1234375,0.10166015799999999,0.549609374,0.027172851999999997,Cytoplasm,"Cytoplasm, Cell membrane, Endoplasmic reticulum"
ENSP00000442992,0.174218748,0.496093752,0.65078125,0.019519042,0.075463868,0.215136722,0.038421632,0.313281248,0.163378908,0.180175784,0.268359376,"Cytoplasm, Nucleus","Cytoplasm, Cell membrane"
ENSP00000302879,0.469531252,0.590625,0.324609372,0.086718748,0.5625,0.124902344,0.018756106,0.43203124800000003,0.10156249799999999,0.272460936,0.029406736,"Membrane, Cytoplasm, Cell membrane","Cytoplasm, Cell membrane"
ENSP00000498317,0.208984376,0.191406248,0.166308592,0.085742188,0.05175781,0.9578125,0.06676025599999999,0.047827146,0.09794921799999998,0.068505858,0.08491211,Mitochondrion,Mitochondrion
ENSP00000341247,0.13925781399999998,0.6875,0.56953125,0.029528808,0.12138671999999999,0.15537109200000002,0.040820314,0.299023438,0.13388672,0.272265626,0.04165039,"Cytoplasm, Nucleus",Cytoplasm
ENSP00000505291,0.711328124,0.4984375,0.271093748,0.043432618,0.358984372,0.07949218799999999,0.00975952,0.346875002,0.79453125,0.4796875,0.007348252000000001,"Membrane, Cytoplasm, Lysosome/Vacuole","Cytoplasm, Cell membrane"
ENSP00000394609,0.4421875,0.70859375,0.426953124,0.031799314,0.524609376,0.186523436,0.0030746459999999995,0.17285156200000001,0.189453126,0.20761718999999998,0.010256958,"Cytoplasm, Cell membrane",Cytoplasm
ENSP00000362442,0.261425782,0.583984374,0.383203126,0.135742186,0.22109375,0.078271482,0.00227203,0.240625,0.258203126,0.21225585799999996,0.019470214,Cytoplasm,"Cytoplasm, Cell membrane"
ENSP00000434245,0.72578125,0.175390628,0.12021484199999999,0.180273438,0.6609375,0.247265626,0.01800537,0.307226564,0.323046876,0.316796874,0.039221192,"Membrane, Cell membrane",Cell membrane
ENSP00000273963,0.14951172,0.640625,0.56484375,0.047045897999999996,0.09638672,0.08837890799999999,0.026440428,0.140820312,0.288085936,0.2921875,0.048864746,"Cytoplasm, Nucleus",Nucleus
ENSP00000274457,0.186328124,0.57109375,0.5234375,0.055297851999999995,0.214257812,0.213085936,0.015264891999999999,0.190234374,0.22294921799999998,0.20078124800000002,0.012518310000000001,Cytoplasm,Nucleus
ENSP00000293771,0.04250488200000001,0.195117188,0.9140625,0.050561524000000004,0.031103518000000004,0.080615236,0.011401366,0.090527344,0.036425782,0.073925782,0.005541994,Nucleus,Nucleus
ENSP00000365931,0.063134764,0.299609374,0.91328125,0.093017576,0.076660156,0.068017576,0.011968992000000001,0.047460937999999994,0.02290039,0.05112304599999999,0.007046508,Nucleus,Nucleus
ENSP00000262056,0.173535158,0.65234375,0.520703124,0.044396974000000006,0.18916015600000002,0.14189453000000002,0.022586058,0.13598633,0.12856445200000002,0.186914062,0.00135231,Cytoplasm,Cytoplasm
ENSP00000501797,0.25976562400000003,0.77734375,0.420703124,0.177539064,0.277148438,0.199609372,0.075463866,0.142578124,0.099804688,0.554296874,0.030480958000000002,Cytoplasm,"Cytoplasm, Cell membrane, Endoplasmic reticulum"
ENSP00000209884,0.24082031399999998,0.62890625,0.549609376,0.128125,0.192675782,0.16113281399999999,0.022509765999999997,0.156835938,0.262695312,0.262695312,0.079589842,"Cytoplasm, Nucleus","Cytoplasm, Golgi apparatus"
ENSP00000379843,0.125000002,0.30234375199999997,0.8515625,0.051379396,0.14150390799999998,0.119384766,0.006277466,0.06437988399999998,0.092529296,0.075097656,0.008099364000000001,Nucleus,Nucleus
ENSP00000497850,0.7640625,0.384375,0.139746094,0.087353516,0.63828125,0.051904295999999996,0.0019638060000000002,0.5578125,0.42578125,0.471484374,0.028521730000000002,"Membrane, Cell membrane",Cell membrane
ENSP00000422784,0.14199219000000002,0.20703125,0.054003906000000004,0.915625,0.171191406,0.087597656,0.013635254,0.19121094,0.270703126,0.261328126,0.0028228740000000004,Extracellular,"Endoplasmic reticulum, Golgi apparatus"
ENSP00000504385,0.07485351600000001,0.29140625,0.8015625,0.2390625,0.045556638,0.097314452,0.04154052799999999,0.073632812,0.018981934,0.06430664,0.000947572,Nucleus,Nucleus
ENSP00000238146,0.05390625,0.149121094,0.86640625,0.168457032,0.03527832399999999,0.155859376,0.003863526,0.094921874,0.042675779999999996,0.09580078,0.0031951899999999997,Nucleus,Nucleus
ENSP00000361676,0.068701172,0.3609375,0.80390625,0.10585937599999999,0.044238282000000004,0.05961914199999999,0.026513672,0.12294921799999999,0.061816406000000004,0.092138672,0.012908932000000001,Nucleus,Nucleus
ENSP00000455982,0.06328125,0.20273437199999997,0.890625,0.020410158,0.03901367,0.179785154,0.027429198,0.048925782,0.035644529999999994,0.030957032000000002,0.063574218,Nucleus,"Nucleus, Golgi apparatus"
ENSP00000452721,0.514062498,0.66328125,0.33046874800000003,0.06899414000000001,0.4875,0.131152344,0.00175705,0.349414066,0.64375,0.336132814,0.0074005139999999995,"Membrane, Cytoplasm, Lysosome/Vacuole","Cytoplasm, Cell membrane"
ENSP00000419765,0.064160156,0.166796874,0.9234375,0.067529298,0.052514648,0.046264652,0.005804444000000001,0.06552734200000002,0.11923828,0.08579101600000001,0.002925108,Nucleus,Nucleus
ENSP00000500708,0.13144531399999998,0.608203124,0.64609375,0.1109375,0.04633789199999999,0.424609376,0.031030274000000004,0.10859374799999999,0.177734376,0.187695314,0.023303224,"Cytoplasm, Nucleus",Nucleus
ENSP00000362238,0.159472656,0.68828125,0.515234376,0.042419432,0.189257814,0.087402342,0.018774416,0.097753906,0.203515624,0.205273436,0.018118285999999997,Cytoplasm,Golgi apparatus
ENSP00000386184,0.066845704,0.522265624,0.66640625,0.09238281000000001,0.04411621,0.118945312,0.004527282,0.20126953200000003,0.11533202999999999,0.11000976599999998,0.06235351600000001,"Cytoplasm, Nucleus",Nucleus
ENSP00000351383,0.09140625,0.28671875,0.92734375,0.096459958,0.06723632999999998,0.038305662000000004,0.005633544,0.085009764,0.052001952,0.082714844,0.00130348,Nucleus,Nucleus
ENSP00000456908,0.138378906,0.492578124,0.728125,0.05493164199999999,0.098242188,0.371679688,0.0021667459999999998,0.13955078199999998,0.12919922,0.199414064,0.005075072,"Cytoplasm, Nucleus",Mitochondrion
ENSP00000505465,0.455859374,0.459375,0.33007812599999997,0.052062988,0.308789062,0.320312502,0.004289245999999999,0.442968748,0.43945312599999997,0.285937498,0.228320312,Membrane,Cytoplasm
ENSP00000338235,0.8203125,0.173632812,0.19042968799999999,0.07927246,0.40468749800000003,0.110351562,0.004894258,0.8203125,0.222949216,0.39453125,0.126959228,"Membrane, Endoplasmic reticulum",Endoplasmic reticulum
ENSP00000174618,0.090527342,0.411328124,0.8453125,0.06315918000000001,0.063720704,0.164941406,0.001277828,0.069531252,0.06918945400000001,0.15732421800000002,0.010272215999999999,Nucleus,Nucleus
ENSP00000479078,0.5,0.628125,0.37265625,0.080615236,0.5046875,0.177148438,0.0015075680000000001,0.350781248,0.659375,0.34218749800000003,0.007571410000000001,"Membrane, Cytoplasm, Lysosome/Vacuole","Cytoplasm, Cell membrane"
ENSP00000406144,0.444531248,0.49023437599999997,0.340234376,0.034338377999999996,0.333203126,0.281445314,0.004382324,0.45546875,0.462499998,0.29296875,0.195117186,Cytoplasm,Cytoplasm
ENSP00000377782,0.06176758,0.19160156,0.9328125,0.08085937400000001,0.058300781999999995,0.070263672,0.02770996,0.028393553999999998,0.019714354,0.04921875,0.009033202,Nucleus,Nucleus
ENSP00000354034,0.57734375,0.35312500199999997,0.26718750199999997,0.188574218,0.6640625,0.108691406,0.027770996000000003,0.16738281400000002,0.273242186,0.313867188,0.010079955999999998,"Membrane, Cell membrane",Cell membrane
ENSP00000392811,0.584375,0.344531252,0.24609375,0.299902342,0.694921876,0.06210937600000001,0.035107424,0.171679688,0.295117188,0.313671876,0.040283204,"Membrane, Cell membrane",Cell membrane
ENSP00000506632,0.649609376,0.303710938,0.37304687599999997,0.24580078199999997,0.26777344,0.16528320400000002,0.009095765999999998,0.36972656400000004,0.54765625,0.417578126,0.073754884,Membrane,"Cytoplasm, Cell membrane"
ENSP00000505154,0.198632814,0.555859374,0.377734376,0.336523438,0.187988282,0.569921874,0.006097411999999999,0.20800781399999999,0.231640626,0.140039062,0.031994626,Cytoplasm,"Cytoplasm, Nucleus"
ENSP00000445021,0.871875,0.140136722,0.06857910199999999,0.247851562,0.33125,0.152734376,0.016729736000000002,0.8234375,0.363671876,0.88125,0.011181640000000001,"Membrane, Endoplasmic reticulum, Golgi apparatus",Cell membrane
ENSP00000479888,0.471484376,0.61640625,0.40429687599999997,0.06923828000000001,0.4359375,0.17832031399999998,0.0021621720000000004,0.311718748,0.613671876,0.378125002,0.010906982,"Membrane, Cytoplasm, Lysosome/Vacuole","Cytoplasm, Cell membrane"
ENSP00000450036,0.74453125,0.22753906200000001,0.185937504,0.154980468,0.64453125,0.07670898400000001,0.002381898,0.414843748,0.7,0.556640626,0.07919921599999999,"Membrane, Cell membrane, Lysosome/Vacuole","Endoplasmic reticulum, Golgi apparatus"
ENSP00000265537,0.179101564,0.13203124800000002,0.09628906200000001,0.125878906,0.056420899999999996,0.92109375,0.028625486,0.084277344,0.07377929800000001,0.09633789200000001,0.08752441400000001,Mitochondrion,Mitochondrion
ENSP00000380690,0.328320312,0.65546875,0.372656252,0.04987793,0.261328124,0.1625,0.004980466,0.155957032,0.298046876,0.57109375,0.02274475,Cytoplasm,Cytoplasm
ENSP00000294409,0.050878908,0.237695312,0.88203125,0.088232422,0.046728516,0.047387698,0.013478090000000002,0.05053710800000001,0.043603515999999995,0.07729492199999999,0.0032020560000000004,Nucleus,Nucleus
ENSP00000412530,0.12060546800000001,0.5546875019999999,0.63984375,0.040930178,0.07045898400000002,0.12597656,0.035375975999999996,0.12158202999999998,0.07470703,0.09018554599999999,0.001349258,"Cytoplasm, Nucleus",Cytoplasm
ENSP00000307128,0.6265625,0.383984374,0.281250002,0.055541992,0.665625,0.168847656,0.004701235999999999,0.221875,0.403515624,0.288281248,0.02573242,"Membrane, Cell membrane",Nucleus
ENSP00000341490,0.24140625,0.222851564,0.140136718,0.8859375,0.273632814,0.195703124,0.005470273999999999,0.244726562,0.226953126,0.324414064,0.015002442,Extracellular,Nucleus
ENSP00000354874,0.313476564,0.430078124,0.550390624,0.23632812799999997,0.180273436,0.479296876,0.07993164,0.319921872,0.198632812,0.359765626,0.333203128,Nucleus,Nucleus
ENSP00000408858,0.330859374,0.83359375,0.22919922,0.032128906,0.33515625,0.39257812400000003,0.019659422000000003,0.182812498,0.125585938,0.21279296999999997,0.089941406,Cytoplasm,Cytoplasm
ENSP00000446410,0.326757812,0.61015625,0.385937498,0.07475585600000001,0.239453126,0.22246094000000002,0.010238648,0.200878904,0.240234376,0.41171875,0.05079956,Cytoplasm,Cytoplasm
ENSP00000290597,0.23378906600000002,0.176171876,0.08525390399999999,0.08476562400000001,0.140332032,0.9125,0.016726685999999998,0.06547851600000001,0.13457031199999997,0.10869140800000002,0.10668945200000002,Mitochondrion,Mitochondrion
ENSP00000337816,0.540234376,0.17861328,0.137402344,0.610156252,0.68828125,0.154589844,0.0031288139999999997,0.254101562,0.22070312200000003,0.3109375,0.0102417,"Membrane, Cell membrane",Cell membrane
ENSP00000419516,0.615234374,0.191210938,0.32109375,0.08476562400000001,0.16503906399999999,0.433984374,0.01715088,0.6328125,0.208593752,0.34765625,0.166601564,"Membrane, Endoplasmic reticulum",Nucleus
ENSP00000364118,0.041162107999999996,0.281640628,0.91328125,0.044824218000000006,0.04338379,0.126171874,0.011453246,0.035754396,0.05551758,0.047070314,0.027868652,Nucleus,Nucleus
ENSP00000376826,0.283984376,0.673046876,0.381640626,0.216601562,0.250781248,0.1890625,0.011938478,0.141992186,0.10288086,0.268554686,0.044836424,Cytoplasm,"Cytoplasm, Cell membrane"
ENSP00000410707,0.076904296,0.66640625,0.64296875,0.031274414,0.07265625,0.077001952,0.003562928000000001,0.31445312400000003,0.22949218799999999,0.320117188,0.004146194000000001,"Cytoplasm, Nucleus","Cytoplasm, Nucleus"
ENSP00000350469,0.269335936,0.63671875,0.529296876,0.10927734200000001,0.44375,0.181640626,0.014480589999999998,0.15097655999999998,0.16396484399999997,0.15361328000000002,0.08491211000000001,"Cytoplasm, Nucleus",Cell membrane
ENSP00000216190,0.28203125,0.508007812,0.420703126,0.08227539000000002,0.098730468,0.10439453399999998,0.06674652,0.12607421800000002,0.09326171800000001,0.2578125,0.0021862039999999998,Cytoplasm,Cytoplasm
ENSP00000426451,0.177734374,0.62890625,0.534375,0.047753906,0.122851562,0.08959961,0.05616455,0.16513671800000002,0.337304688,0.31464843800000003,0.056616209999999986,"Cytoplasm, Nucleus",Nucleus
ENSP00000260803,0.06547851599999999,0.40234375,0.89921875,0.022454834,0.038842772,0.166210938,0.02347412,0.044628904,0.048242188,0.06762695199999999,0.019763181999999997,Nucleus,Nucleus
ENSP00000220751,0.330859374,0.721875,0.464453124,0.038085936,0.401953124,0.20781250199999998,0.00202637,0.23251953200000003,0.29765624799999996,0.253125,0.016534424,Cytoplasm,Cytoplasm
ENSP00000311837,0.549999998,0.63046875,0.35195312399999995,0.15888671799999998,0.541796874,0.149316406,0.0031417840000000003,0.179687498,0.318164062,0.288476564,0.004865266,"Membrane, Cytoplasm, Cell membrane",Cell membrane
ENSP00000427820,0.17441406399999998,0.6140625,0.484375,0.18085937400000002,0.15722656399999999,0.288085938,0.030249021999999997,0.15078125000000003,0.179492188,0.296875,0.070288088,Cytoplasm,Nucleus
ENSP00000361667,0.85,0.140234374,0.14536132799999998,0.051464843999999996,0.17656250199999998,0.182568358,0.011358644,0.7671875,0.484765626,0.469921876,0.011625672,"Membrane, Endoplasmic reticulum",Nucleus
ENSP00000377093,0.74375,0.152636718,0.317382812,0.06237792599999999,0.15332031399999999,0.48632812599999997,0.028411864,0.77578125,0.209570312,0.3921875,0.1640625,"Membrane, Endoplasmic reticulum",Nucleus
ENSP00000307318,0.24375000200000002,0.210546876,0.09228515799999999,0.7921875,0.220117188,0.0484375,0.022424318,0.398046876,0.30214843999999996,0.318750002,0.006640625999999999,Extracellular,Endoplasmic reticulum
ENSP00000293404,0.176171874,0.158007814,0.1796875,0.12368163800000001,0.13935547,0.68984375,0.16874999799999998,0.056396484000000004,0.048413084,0.08720703199999999,0.04506836,Mitochondrion,Mitochondrion
ENSP00000264639,0.220703126,0.586328124,0.63828125,0.073242188,0.16357422,0.10551757799999999,0.009271239999999998,0.171777346,0.26835937800000004,0.315429688,0.011169433999999999,"Cytoplasm, Nucleus","Cytoplasm, Nucleus"
ENSP00000393621,0.2890625,0.668359376,0.37109375,0.21591796800000002,0.255273436,0.191796876,0.011975099999999999,0.140820312,0.10664062599999999,0.263085936,0.05417480400000001,Cytoplasm,"Cytoplasm, Cell membrane"
ENSP00000498712,0.390820312,0.131152346,0.187890624,0.307617188,0.07491455,0.704296876,0.03854980400000001,0.349023436,0.022436524000000003,0.162011718,0.25214843600000003,Mitochondrion,Mitochondrion
ENSP00000434192,0.197460938,0.24921875,0.17031250199999998,0.13901367199999998,0.082861326,0.9203125,0.054809569999999995,0.066455078,0.061523438,0.07299805,0.19169922,Mitochondrion,Mitochondrion
ENSP00000429826,0.18046875,0.6125,0.44726562400000003,0.279492188,0.13457031199999997,0.196484376,0.006996154,0.22363281399999999,0.212890626,0.362499998,0.046679686000000005,Cytoplasm,Golgi apparatus
ENSP00000366460,0.8109375,0.159375,0.075878908,0.19306640800000002,0.7578125,0.044653318,0.006057738,0.409375,0.519140624,0.545703126,0.041748046,"Membrane, Cell membrane",Nucleus
ENSP00000438276,0.08491211,0.4671875,0.76953125,0.18203125,0.1078125,0.095117188,0.009454345999999999,0.097460936,0.130761718,0.11289062400000001,0.085986328,Nucleus,Nucleus
ENSP00000500467,0.056445314,0.35742187200000003,0.82421875,0.12651367200000002,0.049951174,0.107324216,0.0029403679999999996,0.073876952,0.03354492,0.09697265800000002,0.010357668,Nucleus,Nucleus
ENSP00000403411,0.07885742199999998,0.279101562,0.8890625,0.019104006,0.07773437400000001,0.154003906,0.006906128,0.050927736,0.102636718,0.031713866,0.004850388,Nucleus,Nucleus
ENSP00000391200,0.07416992200000001,0.253320312,0.865625,0.06777343799999999,0.06972656399999999,0.099511718,0.003007508,0.105175782,0.086230468,0.09653320200000001,0.019360350000000002,Nucleus,Nucleus
ENSP00000262366,0.040917968,0.402734376,0.8921875,0.015466305999999999,0.035449218,0.10654296999999999,0.0018363939999999999,0.057885742000000004,0.093457032,0.06357422,0.010498048,Nucleus,Nucleus
ENSP00000309826,0.08071289200000001,0.342578126,0.8375,0.035510254000000005,0.060400390000000005,0.17939453,0.018664551999999997,0.050292970000000006,0.061474610000000006,0.09394530999999999,0.006513977999999999,Nucleus,Nucleus
ENSP00000317445,0.175781248,0.10595703199999999,0.09921875,0.95625,0.134667968,0.17480468799999999,0.007533265999999999,0.150292968,0.348046876,0.295312498,0.029919434,Extracellular,Cytoplasm
ENSP00000302993,0.085546876,0.281054686,0.92421875,0.09045410200000001,0.063330076,0.03560791,0.0050491320000000004,0.088867188,0.054736328,0.075195312,0.0011581419999999998,Nucleus,Nucleus
ENSP00000269383,0.114453124,0.7515625,0.501171874,0.142871094,0.116796878,0.344921874,0.001818846,0.179492188,0.24863281,0.285546876,0.031622316,Cytoplasm,"Cytoplasm, Nucleus"
ENSP00000258385,0.7765625,0.16943359600000002,0.13525390399999998,0.09702148400000002,0.75859375,0.040258788000000004,0.0037063580000000007,0.29453125199999997,0.18945312399999997,0.27792969,0.03231201,"Membrane, Cell membrane",Cell membrane
ENSP00000388320,0.16191406199999997,0.47890625,0.7234375,0.046508789999999994,0.116113282,0.35703125,0.0013500220000000002,0.134765624,0.140136718,0.18378906,0.002984618,"Cytoplasm, Nucleus",Mitochondrion
ENSP00000257570,0.18652343799999999,0.534375,0.465234374,0.401953124,0.23984375,0.300976564,0.002159882,0.346874998,0.294335936,0.14707031399999998,0.017590334,Cytoplasm,Cytoplasm
ENSP00000354499,0.7625,0.07060546999999999,0.103710936,0.012677002000000001,0.467578126,0.07265625,0.022140504,0.587890626,0.326367188,0.226757812,0.016473389999999997,Membrane,Mitochondrion
ENSP00000499031,0.10922851199999999,0.45,0.83046875,0.087451172,0.12197265399999999,0.066064456,0.0009454719999999999,0.123046874,0.0546875,0.08720703199999999,0.0041107159999999995,Nucleus,"Cytoplasm, Nucleus"
ENSP00000356991,0.8015625,0.25996094,0.127050782,0.119042968,0.83671875,0.07143554599999999,0.00281029,0.296874998,0.342773434,0.313281252,0.074694824,"Membrane, Cell membrane",Cell membrane
ENSP00000484105,0.11738281399999999,0.61640625,0.70234375,0.08798828,0.043847656,0.438281252,0.032360839999999995,0.08022461,0.14267578,0.164355466,0.018826294,"Cytoplasm, Nucleus",Nucleus
ENSP00000366936,0.42421875,0.66171875,0.378515626,0.04260254,0.589453124,0.273046876,0.0035476679999999995,0.137402342,0.161425782,0.20234374800000002,0.034729001999999995,"Cytoplasm, Cell membrane",Cytoplasm
ENSP00000353971,0.271289062,0.49140625,0.5828125,0.05283203399999999,0.24492187599999998,0.140234376,0.008743286,0.306835938,0.33125,0.41289062200000004,0.0082489,"Cytoplasm, Nucleus",Cytoplasm
ENSP00000339532,0.065527344,0.4828125,0.68359375,0.08083496,0.08090820200000001,0.28203125,0.10947265800000001,0.07275390799999999,0.039526368,0.13828125,0.006881714,"Cytoplasm, Nucleus","Cytoplasm, Nucleus"
ENSP00000401823,0.16689453,0.76328125,0.69765625,0.02873535,0.097802734,0.20361327999999998,0.010705565999999998,0.14560547000000001,0.11420898399999999,0.180175782,0.112646482,"Cytoplasm, Nucleus",Cytoplasm
ENSP00000329687,0.403125,0.64375,0.59375,0.032629396,0.530859374,0.095117186,0.008563234,0.11972656200000001,0.217578124,0.225976564,0.008174134000000001,"Cytoplasm, Nucleus, Cell membrane",Cell membrane
ENSP00000368867,0.07241211,0.225976562,0.9171875,0.049609376000000004,0.058544922,0.08847656,0.0265625,0.031860352,0.023974608,0.055810545999999996,0.0140625,Nucleus,Nucleus
ENSP00000452984,0.188378906,0.7203125,0.36796875,0.11586913800000001,0.180371094,0.2203125,0.047900388,0.235742188,0.173046876,0.3234375,0.33339843599999996,Cytoplasm,"Cytoplasm, Nucleus"
ENSP00000451621,0.179101562,0.6484375,0.64140625,0.06630859200000001,0.10195312599999999,0.14941406200000001,0.008686830000000001,0.17421874799999998,0.144824218,0.364648438,0.019796754000000003,"Cytoplasm, Nucleus",Nucleus
ENSP00000486501,0.053173828,0.467578124,0.81796875,0.057580565999999986,0.06337890799999998,0.149707032,0.008163452000000002,0.108789062,0.04152832,0.059082027999999995,0.027478027999999998,Nucleus,Nucleus
ENSP00000457746,0.05268554599999999,0.399218752,0.87734375,0.090795898,0.041601562,0.149121094,0.01213684,0.195117188,0.027978516000000002,0.11259765799999999,0.006320189999999999,Nucleus,"Cytoplasm, Nucleus"
ENSP00000485289,0.11699218600000001,0.64375,0.5453125,0.026806642,0.10209961000000001,0.37109375,0.060791014,0.068359376,0.05371093800000001,0.06491699399999999,0.29887695400000003,"Cytoplasm, Nucleus",Cytoplasm
ENSP00000355743,0.052050782,0.30859374799999995,0.90390625,0.101220702,0.053710936,0.106347656,0.016436766,0.091894532,0.024096678,0.063183594,0.0025054920000000002,Nucleus,Nucleus
ENSP00000481873,0.286132812,0.71484375,0.387109374,0.15693359199999998,0.306249998,0.261914064,0.010968018,0.18476562400000002,0.228320314,0.38124999800000003,0.014115908,Cytoplasm,Nucleus
ENSP00000384695,0.126855468,0.235546876,0.06289062599999999,0.88515625,0.161718752,0.090917968,0.016564942,0.227734376,0.282812498,0.212890626,0.0032531739999999997,Extracellular,"Endoplasmic reticulum, Golgi apparatus"
ENSP00000274054,0.018359373999999998,0.53125,0.81015625,0.10422363400000001,0.02072754,0.10454101599999999,0.0030322999999999995,0.210351564,0.030029296,0.0484375,0.014611818000000002,"Cytoplasm, Nucleus","Cytoplasm, Nucleus"
ENSP00000353013,0.73125,0.22031250400000002,0.11220703000000001,0.352148438,0.771875,0.09213867,0.01159668,0.27441406,0.33027344,0.382421876,0.08178711000000001,"Membrane, Cell membrane",Endoplasmic reticulum
ENSP00000386297,0.121191406,0.56171875,0.24433593999999997,0.7484375,0.114355468,0.22402343600000002,0.004882812,0.2921875,0.227148438,0.260351564,0.136523436,"Cytoplasm, Extracellular",Cytoplasm
ENSP00000378228,0.484765626,0.7,0.371874998,0.07751464599999999,0.5,0.141406252,0.004344176,0.197705076,0.59375,0.437499998,0.004975892,"Membrane, Cytoplasm, Lysosome/Vacuole",Golgi apparatus
ENSP00000318883,0.55625,0.371484374,0.2140625,0.23496093999999998,0.301953124,0.6515625,0.04135741999999999,0.320703124,0.298437498,0.305468752,0.72734375,"Membrane, Mitochondrion, Peroxisome",Mitochondrion
ENSP00000484345,0.464453124,0.640625,0.421484374,0.059374998,0.453515626,0.185351564,0.003627014,0.292578126,0.5296875,0.391796876,0.008142090000000001,"Membrane, Cytoplasm","Cytoplasm, Cell membrane"
ENSP00000355866,0.16699218600000001,0.63671875,0.550390624,0.017736816,0.24707030999999996,0.207519532,0.009555054,0.10751953,0.103125,0.196875002,0.037179566,"Cytoplasm, Nucleus","Cytoplasm, Nucleus"
ENSP00000403974,0.05917968600000001,0.332226562,0.83515625,0.132910156,0.040624999999999994,0.060449218000000006,0.031152344,0.111132812,0.059228515999999995,0.09619140400000001,0.008996582,Nucleus,Nucleus
ENSP00000366450,0.8171875,0.16298828,0.07377929800000001,0.168554688,0.759375,0.044165036000000005,0.007424927999999999,0.426171878,0.532421874,0.553515624,0.041015623999999994,"Membrane, Cell membrane",Nucleus
ENSP00000413029,0.132714844,0.336328128,0.295703126,0.5828125,0.13164062599999998,0.133007812,0.181347656,0.18242187599999998,0.192480466,0.387109376,0.167480468,None,Nucleus
ENSP00000395942,0.31640625,0.571484376,0.475781248,0.085058594,0.172753906,0.08237304399999999,0.003974914,0.27519531399999997,0.313085936,0.53671875,0.012182616,Cytoplasm,Golgi apparatus
ENSP00000414379,0.366210936,0.65390625,0.484765624,0.015933226,0.17529297000000002,0.446484374,0.041235350000000004,0.3015625,0.08671875200000001,0.162207032,0.021710204,Cytoplasm,Cytoplasm
ENSP00000484162,0.163574218,0.465624998,0.70546875,0.09509277200000002,0.16875,0.292773438,0.005198672,0.23164062400000002,0.083740234,0.190234376,0.060791015999999996,Nucleus,Nucleus
ENSP00000355427,0.07163085999999999,0.25214844,0.8625,0.07768554600000001,0.06376953199999999,0.093945312,0.003030396,0.104589844,0.08886718600000001,0.106054688,0.022224426,Nucleus,Nucleus
ENSP00000311318,0.225390624,0.64375,0.653125,0.07817383,0.10703125,0.177539062,0.002420806,0.353124998,0.233984376,0.458789062,0.035620116,"Cytoplasm, Nucleus",Mitochondrion
ENSP00000263102,0.169335938,0.6640625,0.55703125,0.039990234,0.149121094,0.152734376,0.002809908,0.17089843799999999,0.17304687400000002,0.25761719,0.005599976,"Cytoplasm, Nucleus",Cytoplasm
ENSP00000388173,0.055810546,0.31835937400000003,0.93359375,0.096093752,0.06767578199999999,0.07456054599999999,0.0038482679999999997,0.048925781999999994,0.035791016,0.051220704000000006,0.009985352000000001,Nucleus,Nucleus
ENSP00000346196,0.21191406200000001,0.21308594000000003,0.17851562599999998,0.107080078,0.09526367200000001,0.87890625,0.018635556,0.07333984200000002,0.028930664000000002,0.119140622,0.048583984,Mitochondrion,Mitochondrion
ENSP00000503886,0.06591796800000001,0.66796875,0.709375,0.021520995999999997,0.059179687999999994,0.06987304600000001,0.004550170000000001,0.284570312,0.19423828199999998,0.287500002,0.007142638,"Cytoplasm, Nucleus","Cytoplasm, Nucleus"
ENSP00000356046,0.22187499800000002,0.68671875,0.501171876,0.062646482,0.184082032,0.25917968599999996,0.009298708,0.18574219,0.22910156399999998,0.23076172,0.036779782,Cytoplasm,Nucleus
ENSP00000481304,0.401953124,0.59140625,0.536328124,0.030859376,0.24306640399999999,0.32226562400000003,0.0040161120000000005,0.36894531399999997,0.356054688,0.49414062599999997,0.0753479,"Cytoplasm, Nucleus",Nucleus
ENSP00000358932,0.43203124800000003,0.44414062200000004,0.32226562400000003,0.154492186,0.2671875,0.550390626,0.020788571999999998,0.465234376,0.22792968600000002,0.361132812,0.341406248,None,Nucleus
ENSP00000311486,0.281445312,0.58828125,0.50390625,0.11191406200000001,0.295898436,0.37773437200000004,0.014147950000000001,0.27929687400000003,0.355859376,0.33789062400000003,0.060131833999999995,Cytoplasm,Lysosome/Vacuole
ENSP00000489696,0.2203125,0.489453126,0.501171876,0.10285644600000002,0.12402343999999998,0.393164062,0.09818115200000001,0.08041992,0.05117187599999999,0.067993164,0.322363282,Cytoplasm,Cytoplasm
ENSP00000403044,0.229882812,0.676953126,0.346484374,0.030078124000000005,0.11826171999999999,0.269921876,0.017399595999999996,0.046166992000000004,0.06210937400000001,0.38125,0.019488524,Cytoplasm,Nucleus
ENSP00000497587,0.269921874,0.150878904,0.117773438,0.034814452,0.123242186,0.928125,0.07355956999999999,0.042260742000000004,0.08886718600000001,0.08662109,0.11484375,Mitochondrion,Mitochondrion
ENSP00000357484,0.280664062,0.7046875,0.410546876,0.047265626000000005,0.23906249599999999,0.13593749800000002,0.0036087019999999997,0.322460938,0.20068359400000002,0.48671875,0.013407897999999998,Cytoplasm,Golgi apparatus
ENSP00000333049,0.26875,0.6453125,0.58046875,0.179589842,0.262304686,0.193359376,0.004563902,0.122509766,0.133300778,0.165820314,0.02011719,"Cytoplasm, Nucleus","Cytoplasm, Nucleus"
ENSP00000477967,0.544531252,0.33828125,0.25078125,0.247656252,0.3046875,0.62578125,0.041290282,0.300781252,0.171093752,0.273828124,0.728125,"Membrane, Peroxisome",Mitochondrion
ENSP00000354961,0.73359375,0.09140625,0.39453125,0.05864258,0.407421874,0.131347656,0.025616454,0.8546875,0.025012208,0.061340333999999996,0.018190764,"Membrane, Endoplasmic reticulum",Mitochondrion
ENSP00000339530,0.11679687400000001,0.31796875,0.78828125,0.10007324399999999,0.142089844,0.125781248,0.01163864,0.16123046800000002,0.08828125,0.098681642,0.012860108,Nucleus,Nucleus
ENSP00000275227,0.69921875,0.195312498,0.10117187400000001,0.089111328,0.421093748,0.10883788999999999,0.004689026,0.32734375,0.6265625,0.520703126,0.008065794,"Membrane, Lysosome/Vacuole",Cytoplasm
ENSP00000433771,0.197265626,0.6859375,0.484765624,0.056689451999999994,0.149609376,0.293554688,0.01652832,0.172363284,0.191992188,0.22373047000000001,0.04539795,Cytoplasm,Nucleus
ENSP00000497847,0.177929688,0.73671875,0.44921875,0.048535155999999996,0.23925781200000001,0.33828125,0.010531618,0.199804686,0.269921874,0.30078125,0.037088012000000004,Cytoplasm,Cytoplasm
ENSP00000438460,0.09101562199999999,0.283007812,0.753125,0.370507812,0.09716796800000001,0.220507814,0.0015096660000000002,0.240234374,0.216992188,0.13105468599999998,0.83359375,"Nucleus, Peroxisome",Nucleus
ENSP00000268379,0.260351564,0.179492186,0.05268554599999999,0.165820312,0.06201171799999999,0.92265625,0.178662108,0.041259765999999996,0.05649413999999999,0.05415039000000001,0.06396484399999999,Mitochondrion,Mitochondrion
ENSP00000503453,0.143847658,0.23886718999999998,0.81640625,0.136816406,0.088085938,0.16113281399999999,0.015447998000000001,0.181835936,0.11572265600000001,0.090429686,0.082836914,Nucleus,Nucleus
ENSP00000379285,0.250585938,0.158007812,0.128320312,0.071044922,0.12421875,0.8765625,0.105273438,0.098730468,0.06362304599999999,0.07314453400000001,0.049243166,Mitochondrion,Mitochondrion
ENSP00000357914,0.059179687999999994,0.288671876,0.92578125,0.098730468,0.052148436,0.053466796000000004,0.005233764,0.07861328199999999,0.0359375,0.05546875,0.003993226000000001,Nucleus,Nucleus
ENSP00000333779,0.75,0.207226562,0.140136718,0.164062502,0.68125,0.116699216,0.016784665999999997,0.22753906200000001,0.514453126,0.3234375,0.109033202,"Membrane, Cell membrane",Cell membrane
ENSP00000397759,0.43164062200000003,0.65625,0.343359372,0.067602538,0.276367188,0.19609375199999998,0.010096740000000002,0.4984375,0.46015625,0.71796875,0.034374998000000004,"Cytoplasm, Golgi apparatus",Golgi apparatus
ENSP00000307260,0.68828125,0.219335938,0.219335936,0.09067382999999998,0.240625,0.26386718600000003,0.022558594,0.7625,0.290820312,0.42773437599999997,0.135253906,"Membrane, Endoplasmic reticulum",Cytoplasm
ENSP00000423712,0.094726562,0.475,0.65,0.036120604,0.057568358,0.07167968599999999,0.003990936,0.05043945400000001,0.038964846000000004,0.091992188,0.028497311999999997,"Cytoplasm, Nucleus","Cytoplasm, Cell membrane"
ENSP00000380142,0.2703125,0.4046875,0.53984375,0.032519532000000004,0.15126953199999998,0.275781248,0.019262694,0.207421876,0.19062500400000001,0.126953124,0.041601564,Nucleus,Nucleus
ENSP00000490739,0.270507812,0.575390626,0.401953128,0.62578125,0.2234375,0.23984375,0.01733093,0.16699218600000001,0.21308593999999997,0.165527344,0.22949218799999999,Cytoplasm,"Cytoplasm, Nucleus, Cell membrane"
ENSP00000429947,0.25976562799999997,0.62578125,0.526171874,0.0265625,0.20488281000000003,0.23554687400000002,0.010675045999999999,0.24584961,0.266796876,0.27480468999999996,0.034869385999999995,Cytoplasm,Cytoplasm
ENSP00000276603,0.09946289,0.238085938,0.8828125,0.072802734,0.058837890000000004,0.10073242199999999,0.013824462,0.12675781,0.07602539,0.075927734,0.059472656,Nucleus,Nucleus
ENSP00000383919,0.225,0.81171875,0.401562498,0.129785156,0.329492188,0.110742186,0.0016941080000000002,0.156249998,0.275781252,0.37304687599999997,0.021453859999999998,Cytoplasm,"Cytoplasm, Nucleus"
ENSP00000497692,0.280859376,0.58359375,0.398437502,0.10375976599999999,0.194921874,0.168554688,0.013659668,0.37890625,0.45507812599999997,0.512109376,0.013995362,Cytoplasm,Nucleus
ENSP00000438154,0.12685547,0.64296875,0.5203125,0.16171875000000002,0.115039064,0.20214844000000004,0.020333862,0.13359375,0.1625,0.138183594,0.017846678,Cytoplasm,"Cytoplasm, Nucleus"
ENSP00000408854,0.146484376,0.516796876,0.603125,0.054833986,0.09140624800000001,0.120019532,0.139990234,0.14609375,0.297070314,0.22949218600000001,0.06315918000000001,"Cytoplasm, Nucleus",Nucleus
ENSP00000254928,0.173242188,0.165527346,0.192578126,0.062622072,0.073876952,0.92734375,0.033752444000000006,0.09052734200000001,0.053271484,0.105664062,0.097558594,Mitochondrion,"Cytoplasm, Mitochondrion"
ENSP00000376597,0.163769532,0.421484376,0.74296875,0.062048337999999995,0.067089844,0.156250002,0.005145264000000001,0.30917969,0.29101562599999997,0.29863281,0.019177244,Nucleus,Nucleus
ENSP00000275072,0.09951172,0.67109375,0.380078126,0.500390626,0.118945314,0.28359374800000003,0.011935424,0.23125,0.277539064,0.158105468,0.101928712,Cytoplasm,Nucleus
ENSP00000476746,0.04963379,0.311328126,0.875,0.06171875,0.034985350000000005,0.099902344,0.006082154,0.087695312,0.06201171800000001,0.07080078000000001,0.053466796,Nucleus,Nucleus
ENSP00000248450,0.09033203000000001,0.535546876,0.75625,0.028704832000000003,0.13613281400000002,0.126464842,0.017755126,0.10883788800000001,0.10683593799999999,0.150439452,0.030261227999999994,"Cytoplasm, Nucleus",Cytoplasm
ENSP00000435375,0.140722656,0.33984375,0.7046875,0.075146482,0.053930666,0.11611327999999999,0.0012348160000000001,0.11787109,0.105517576,0.12597656399999999,0.010180663999999999,Nucleus,Nucleus
ENSP00000483972,0.25390625,0.68203125,0.405468752,0.06346588199999999,0.144921872,0.30859375,0.018347168,0.095507814,0.08076172,0.334375,0.07019043,Cytoplasm,Nucleus
ENSP00000417207,0.12167968600000001,0.285156248,0.834375,0.016674806,0.15722656399999999,0.037036132000000006,0.00784607,0.043090819999999995,0.08471679800000001,0.067529298,0.006652831999999999,Nucleus,Nucleus
ENSP00000432878,0.433203126,0.6625,0.333593748,0.198535154,0.473828126,0.45546874800000003,0.13432617200000002,0.218945314,0.147949218,0.5078125,0.134912106,Cytoplasm,"Cytoplasm, Cell membrane, Endoplasmic reticulum"
ENSP00000355814,0.151855468,0.532421876,0.485156248,0.07524413999999999,0.138867186,0.32187500199999997,0.030068969999999993,0.164062498,0.093261716,0.16904297,0.151269532,Cytoplasm,Cytoplasm
ENSP00000302321,0.331054688,0.174023438,0.08227538999999999,0.092358396,0.20302734399999997,0.93828125,0.034027100000000005,0.07338867199999999,0.058203125999999994,0.11044921999999999,0.096337892,Mitochondrion,Mitochondrion
ENSP00000414103,0.535937498,0.57734375,0.35546875,0.162304688,0.346484376,0.3546875,0.037573242,0.64921875,0.407031252,0.6453125,0.140820312,"Membrane, Cytoplasm, Endoplasmic reticulum",Golgi apparatus
ENSP00000367483,0.247265626,0.294140624,0.19179687599999998,0.81953125,0.278320312,0.20390625200000004,0.034387204000000005,0.264453124,0.125878906,0.196582032,0.033288574,Extracellular,Nucleus
ENSP00000331927,0.06762695199999999,0.21210937199999996,0.77578125,0.100927732,0.055664064,0.110351562,0.0038009639999999996,0.049951174,0.058544922,0.06520996,0.0300293,Nucleus,Nucleus
ENSP00000507848,0.273046872,0.563671876,0.581640624,0.029614258000000004,0.18847656200000001,0.175781248,0.002634716,0.19169921799999998,0.352734378,0.293945314,0.015269470000000002,"Cytoplasm, Nucleus","Cytoplasm, Nucleus, Cell membrane"
ENSP00000369361,0.25156250199999997,0.7,0.27910156399999997,0.18261718799999999,0.249609374,0.168945312,0.010398866000000001,0.095898438,0.15048828,0.275976562,0.0336792,Cytoplasm,Cytoplasm
ENSP00000326194,0.179980468,0.66640625,0.64140625,0.08022461,0.05517578199999999,0.268554688,0.008186342000000001,0.370898436,0.15605469,0.312695314,0.060620118,"Cytoplasm, Nucleus",Nucleus
ENSP00000252115,0.059374998,0.468359374,0.7953125,0.047070312,0.047753906,0.074145506,0.0144104,0.046948242,0.031591798000000004,0.069873046,0.023548888,Nucleus,"Cytoplasm, Nucleus"
ENSP00000357881,0.040112306,0.325,0.8734375,0.030859373999999995,0.037597658,0.063671876,0.013806153999999998,0.052197266,0.045410158,0.048486328,0.027307128000000003,Nucleus,"Cytoplasm, Nucleus, Cell membrane"
ENSP00000386502,0.226953124,0.539453126,0.5640625,0.072998046,0.327539062,0.4296875,0.024926756,0.080957032,0.19863280999999997,0.142382814,0.025372316,"Cytoplasm, Nucleus",Nucleus
ENSP00000401820,0.12460937400000001,0.200390626,0.050976562,0.9078125,0.147070312,0.0890625,0.013439942,0.18867187600000002,0.275585938,0.215625,0.0032760619999999997,Extracellular,"Endoplasmic reticulum, Golgi apparatus"
ENSP00000440875,0.77890625,0.23828125,0.08515624999999999,0.26875,0.7828125,0.23945312400000002,0.003974914,0.252148438,0.383203124,0.438671876,0.052929687999999996,"Membrane, Cell membrane",Golgi apparatus
ENSP00000445928,0.116992188,0.325000002,0.59609375,0.449609374,0.07851562599999999,0.296875,0.02878418,0.201367188,0.052392578,0.208203126,0.156445312,Nucleus,Nucleus
ENSP00000497268,0.10624999800000001,0.61328125,0.621875,0.065722656,0.07675781200000001,0.20537109199999998,0.06646728599999999,0.09584961,0.20029296800000002,0.22841796799999997,0.13139648399999998,"Cytoplasm, Nucleus",Nucleus
ENSP00000368686,0.1140625,0.510546874,0.83828125,0.01574707,0.07043457,0.22626953,0.002276612,0.063085936,0.103808592,0.183691406,0.028747557999999996,"Cytoplasm, Nucleus",Nucleus
ENSP00000385020,0.5109375,0.6328125,0.34570312599999997,0.203515626,0.44296875,0.208398438,0.006611631999999999,0.129003906,0.44140625,0.32011719,0.008581542000000001,"Membrane, Cytoplasm",Cell membrane
ENSP00000358300,0.053466796000000004,0.269531252,0.88125,0.203125,0.037451174,0.136425782,0.008966066,0.102246094,0.063134768,0.09921875,0.003311538,Nucleus,Nucleus
ENSP00000470652,0.771875,0.08081054800000001,0.20302734400000003,0.048925777999999996,0.17392578200000003,0.220507814,0.0040969840000000006,0.64765625,0.196484376,0.790625,0.11423339800000001,"Membrane, Endoplasmic reticulum, Golgi apparatus",Golgi apparatus
ENSP00000283921,0.073193362,0.316796876,0.88828125,0.055517578,0.07944335799999999,0.081640626,0.005894472,0.05625,0.042480468,0.056835936,0.012475586,Nucleus,Nucleus
ENSP00000286234,0.5390625,0.6140625,0.39140625,0.127294922,0.457421876,0.17509765800000002,0.01203003,0.339843748,0.436328124,0.41171875199999997,0.008324432000000001,"Membrane, Cytoplasm","Nucleus, Mitochondrion"
ENSP00000445690,0.275585938,0.7046875,0.4015625,0.060302734000000004,0.19667968600000002,0.17265625,0.010305786,0.329296876,0.21411133000000002,0.49804687599999997,0.013398739999999998,Cytoplasm,Golgi apparatus
ENSP00000393333,0.78984375,0.245703126,0.08432617,0.05573730600000001,0.78125,0.122949218,0.009448241999999999,0.399609376,0.326757814,0.356640622,0.006893921999999999,"Membrane, Cell membrane",Cell membrane
ENSP00000228741,0.039257811999999996,0.319921878,0.93828125,0.095410158,0.025488277999999996,0.069970702,0.006115722,0.07807617399999998,0.039282228,0.047583006,0.013354491999999999,Nucleus,Nucleus
ENSP00000446242,0.360742188,0.38476562599999997,0.39648437599999997,0.24062500199999998,0.16308593799999999,0.665625,0.027868652000000004,0.259374998,0.238476564,0.39238281399999997,0.238085938,Mitochondrion,Mitochondrion
ENSP00000357442,0.049023436000000004,0.43125,0.8953125,0.08862304800000001,0.049609374,0.072900392,0.023937988,0.12167968600000001,0.028759766,0.055908204,0.002966308,Nucleus,Nucleus
ENSP00000502176,0.21992187400000002,0.219140624,0.108789062,0.078344726,0.098046878,0.92734375,0.286328122,0.037280274,0.06328124799999998,0.12177734200000001,0.036950684,Mitochondrion,Mitochondrion
ENSP00000388506,0.11445312599999999,0.25058594,0.80234375,0.074755858,0.089746094,0.076513674,0.005445862000000001,0.0609375,0.061376952,0.23749999800000002,0.00241852,Nucleus,Nucleus
ENSP00000296839,0.061035156000000014,0.33359375199999997,0.83515625,0.065502928,0.083349608,0.130273438,0.002211002,0.056933594,0.040332030000000005,0.050732422,0.013659668,Nucleus,Nucleus
ENSP00000273588,0.136718748,0.23574218600000002,0.152441406,0.11884765400000001,0.09687500199999999,0.93671875,0.024145508000000003,0.057958982000000006,0.068164064,0.10566406000000002,0.092041014,Mitochondrion,Mitochondrion
ENSP00000388357,0.045703124,0.280468748,0.8796875,0.132421876,0.033764648,0.10283203,0.006655886,0.058813475999999996,0.029516602000000003,0.04970703,0.004199222,Nucleus,Nucleus
ENSP00000387729,0.167285156,0.796875,0.60625,0.099999998,0.10336914,0.08090820400000001,0.02684326,0.131152342,0.09497070399999999,0.299609376,0.013372803999999999,"Cytoplasm, Nucleus","Cytoplasm, Cell membrane"
ENSP00000381461,0.17529297,0.4953125,0.40117187200000004,0.09829101200000001,0.111230468,0.09770507799999999,0.05765380999999999,0.078808594,0.200488278,0.217285158,0.03222046,Cytoplasm,Nucleus
ENSP00000315587,0.079833984,0.296484374,0.86875,0.055981444000000005,0.060351562000000004,0.08325195399999999,0.00341797,0.09487304599999999,0.05500488400000001,0.07514648399999999,0.002049254,Nucleus,Nucleus
ENSP00000358033,0.20878906000000003,0.20019531200000001,0.12841797,0.048168946,0.08071289,0.8390625,0.13544922,0.056445314,0.049267578,0.09716796800000001,0.06596679400000001,Mitochondrion,Cytoplasm
ENSP00000426560,0.033032226,0.293164062,0.765625,0.209667972,0.021704102,0.275585938,0.008358761999999999,0.15351562800000002,0.020996092,0.06181640399999999,0.039868164000000005,Nucleus,Nucleus
ENSP00000483421,0.138183596,0.190039062,0.048632812000000004,0.9203125,0.160546874,0.10019531200000001,0.010144044000000001,0.1796875,0.295507812,0.22480469000000003,0.00235443,Extracellular,"Endoplasmic reticulum, Golgi apparatus"
ENSP00000438521,0.51796875,0.58828125,0.38515624800000003,0.065869142,0.525,0.181152342,0.008871460000000001,0.228710938,0.553125,0.389453124,0.013349914000000001,"Membrane, Cytoplasm, Cell membrane","Cytoplasm, Nucleus"
ENSP00000420269,0.19199218399999998,0.28691406399999997,0.12314453,0.158496092,0.105322264,0.6234375,0.605859374,0.065722656,0.075439454,0.11396484200000001,0.407031248,None,Cytoplasm
ENSP00000340883,0.109667968,0.5328125,0.79453125,0.06396484200000001,0.10009765400000001,0.15517577999999999,0.009947206000000002,0.10654296600000002,0.134863282,0.154980468,0.010650636000000002,"Cytoplasm, Nucleus",Nucleus
ENSP00000422951,0.15205078,0.55078125,0.74453125,0.08754882800000001,0.169628906,0.169335938,0.11176757799999999,0.059399412,0.025720212,0.17431640799999998,0.026635742,"Cytoplasm, Nucleus","Cytoplasm, Cell membrane, Endoplasmic reticulum"
ENSP00000445481,0.311328126,0.6125,0.534375,0.129785158,0.27480468999999996,0.398437502,0.01675415,0.262109376,0.456250002,0.390234372,0.038513186,"Cytoplasm, Nucleus",Lysosome/Vacuole
ENSP00000504470,0.102441406,0.249609374,0.88125,0.071923828,0.062353516,0.10322265400000001,0.019830322,0.12617187400000002,0.07546386599999999,0.07988281400000001,0.069018556,Nucleus,Nucleus
ENSP00000408963,0.017236326000000003,0.493359374,0.80703125,0.107177734,0.016058350000000002,0.12182617200000001,0.005731202,0.19042968999999998,0.028295899999999995,0.04182129,0.02960205,"Cytoplasm, Nucleus","Cytoplasm, Nucleus"
ENSP00000399234,0.2640625,0.47890625,0.6296875,0.11601562400000001,0.155761718,0.304101562,0.0066299440000000005,0.263867184,0.08627929599999999,0.21191406200000001,0.067419434,"Cytoplasm, Nucleus","Cytoplasm, Nucleus"
ENSP00000317437,0.21982422000000001,0.542578126,0.446484376,0.05681152199999999,0.152734376,0.205273436,0.020269777999999995,0.35234375,0.320312498,0.34375,0.062023923999999994,Cytoplasm,"Endoplasmic reticulum, Golgi apparatus"
ENSP00000479512,0.183203126,0.536328126,0.484765626,0.4121093780000001,0.24082031,0.376367186,0.002139282,0.312109378,0.25859375,0.11982421800000001,0.029449462,Cytoplasm,Cytoplasm
ENSP00000246115,0.8359375,0.27539062799999997,0.08945312400000001,0.052148438,0.9046875,0.112402344,0.006292724000000001,0.268359376,0.29863281399999997,0.264453126,0.0196167,"Membrane, Cell membrane",Mitochondrion
ENSP00000437207,0.253124998,0.62578125,0.428515626,0.31865234400000003,0.377539064,0.10673828,0.0067535419999999995,0.261718752,0.144140626,0.220507812,0.006268312,Cytoplasm,"Nucleus, Cell membrane"
ENSP00000351040,0.06914062400000001,0.500390626,0.77734375,0.10122070400000001,0.08271484199999998,0.14931640399999999,0.015945434,0.126464842,0.07856445199999999,0.11835937599999999,0.10187988399999999,"Cytoplasm, Nucleus",Nucleus
ENSP00000318575,0.171777344,0.7,0.37011719,0.051135254,0.199414064,0.139746094,0.00475769,0.252539062,0.19609375,0.166210938,0.02960205,Cytoplasm,Cytoplasm
ENSP00000485288,0.151855468,0.59375,0.59609375,0.032733158,0.128320312,0.363085938,0.056454466,0.080810546,0.096679688,0.05439453000000001,0.210351562,"Cytoplasm, Nucleus",Cytoplasm
ENSP00000471403,0.060546871999999995,0.23535156399999999,0.865625,0.088232424,0.035449220000000004,0.172265626,0.018161012,0.134375,0.03715820400000001,0.06459961,0.009344482,Nucleus,"Nucleus, Cell membrane"
ENSP00000386738,0.08320312399999999,0.809375,0.72890625,0.057397461999999996,0.080957032,0.100390626,0.003092958,0.13369140799999998,0.127587892,0.072387696,0.049273684,"Cytoplasm, Nucleus",Cytoplasm
ENSP00000320431,0.66796875,0.23183593600000002,0.22910156399999998,0.395507812,0.136914064,0.17050781,0.004760742,0.502343748,0.175390626,0.834375,0.022399902,"Membrane, Golgi apparatus",Golgi apparatus
ENSP00000260563,0.231835938,0.45507812400000003,0.63125,0.038305664,0.119140624,0.408007814,0.0159729,0.05424804800000001,0.06508789000000001,0.0609375,0.17030029200000002,Nucleus,Nucleus
ENSP00000401014,0.071874998,0.433593748,0.81640625,0.026916504,0.08984375,0.143750002,0.04421387,0.05864258,0.021325682,0.041076658,0.026803590000000006,Nucleus,Nucleus
ENSP00000243082,0.11992187400000001,0.45468750199999997,0.79765625,0.11845703199999999,0.118750002,0.183789062,0.014566039999999999,0.21230468599999996,0.051660156,0.096972656,0.026342774000000003,Nucleus,Nucleus
ENSP00000266544,0.408984374,0.156640626,0.072558594,0.042114258,0.168359376,0.9109375,0.42363281199999997,0.06767578199999999,0.07480469199999999,0.10263671599999999,0.033276368,Mitochondrion,Mitochondrion
ENSP00000452454,0.158886718,0.476953124,0.71875,0.054541016,0.13535156199999998,0.096679688,0.0030868539999999996,0.133496094,0.07138671799999999,0.08999023399999999,0.006520082000000001,"Cytoplasm, Nucleus",Nucleus
ENSP00000426083,0.25195312599999997,0.66953125,0.29140625,0.152734374,0.288281248,0.364062502,0.061376956,0.173535156,0.15751953200000002,0.142675782,0.070751954,Cytoplasm,"Cytoplasm, Cell membrane"
ENSP00000359095,0.04912109,0.34179687799999997,0.825,0.152050784,0.076367188,0.281054688,0.00600281,0.057128906,0.04453125,0.090966798,0.008660888,Nucleus,Nucleus
ENSP00000405752,0.476953126,0.6484375,0.323046876,0.042614746,0.255078126,0.175683592,0.008464049999999999,0.453124998,0.39453125,0.721875,0.020306395999999997,"Membrane, Cytoplasm, Golgi apparatus",Golgi apparatus
ENSP00000459933,0.183203126,0.63046875,0.63203125,0.07817382799999999,0.079003906,0.203320312,0.048376463999999994,0.465234374,0.150390624,0.189941408,0.006677248000000001,"Cytoplasm, Nucleus",Nucleus
ENSP00000379284,0.276562498,0.552734376,0.25566406399999997,0.061840818,0.223046874,0.181445312,0.026190184,0.259179688,0.10595703000000001,0.16923828000000002,0.020501708,Cytoplasm,Mitochondrion
ENSP00000335060,0.23339843999999998,0.7359375,0.23710937599999998,0.19482422,0.13574218600000001,0.6578125,0.0138855,0.21191406000000002,0.308398436,0.452734376,0.23984374800000002,"Cytoplasm, Mitochondrion",Mitochondrion
ENSP00000357215,0.112988282,0.270703124,0.75234375,0.220654298,0.099902344,0.085913088,0.009750366,0.049121092,0.05029296799999999,0.205566408,0.00519104,Nucleus,Nucleus
ENSP00000313822,0.057470702000000005,0.33515625,0.86484375,0.055615234,0.033984376,0.14453125,0.007731628,0.031347656,0.04255371200000001,0.08642578000000001,0.009710694,Nucleus,Nucleus
ENSP00000483921,0.125976562,0.57421875,0.80234375,0.064208984,0.153515626,0.11982421799999998,0.005773924,0.14033203200000002,0.12158203199999999,0.15517578,0.011201477999999999,"Cytoplasm, Nucleus",Nucleus
ENSP00000430121,0.216796874,0.51171875,0.70625,0.139160154,0.17519531,0.091894532,0.05532226600000001,0.2125,0.196093748,0.193359376,0.11972656200000001,"Cytoplasm, Nucleus",Nucleus
ENSP00000342699,0.144140626,0.71015625,0.542578124,0.047692872,0.05546875,0.187792972,0.0051284799999999995,0.143261718,0.16220703399999997,0.29960937800000004,0.061639403999999995,"Cytoplasm, Nucleus","Cytoplasm, Nucleus"
ENSP00000265732,0.046435546,0.521484374,0.84921875,0.049267575999999993,0.069189454,0.062695314,0.008955384,0.080566406,0.021813965999999997,0.06508789200000001,0.007768248,"Cytoplasm, Nucleus",Nucleus
ENSP00000274031,0.061328124,0.61875,0.79609375,0.06054687400000001,0.042285158,0.140527344,0.150170898,0.15126953399999998,0.0890625,0.070837402,0.012365724,"Cytoplasm, Nucleus",Nucleus
ENSP00000370532,0.037011718000000006,0.295312502,0.8640625,0.032275392,0.054638672,0.071044922,0.010357666,0.066552734,0.04296875,0.045678711999999996,0.008349608,Nucleus,Nucleus
ENSP00000493763,0.096533202,0.67734375,0.140234376,0.309375002,0.01148071,0.194824218,0.039230346,0.330078126,0.47285156400000006,0.29345703,0.11718750200000001,Cytoplasm,Nucleus
ENSP00000427300,0.134570314,0.41210937599999997,0.7015625,0.228125,0.024145508000000003,0.580859376,0.131445314,0.301953124,0.0890625,0.14316406399999998,0.038159178,Nucleus,Nucleus
ENSP00000339524,0.065966796,0.328515624,0.8390625,0.06867675799999999,0.079553224,0.16298828199999998,0.00738678,0.129589844,0.10019531200000001,0.08066406200000001,0.023937988,Nucleus,Nucleus
ENSP00000480216,0.17089843799999999,0.590625,0.58984375,0.085009766,0.176367186,0.304101564,0.009143066,0.150390624,0.21835937200000002,0.181054688,0.022521971999999998,"Cytoplasm, Nucleus","Cytoplasm, Nucleus"
ENSP00000431778,0.059765625999999995,0.28710937799999997,0.8796875,0.076342772,0.05698242200000001,0.067822264,0.00460968,0.07211914,0.044213866000000004,0.07329101600000001,0.0028137199999999996,Nucleus,Nucleus
ENSP00000449746,0.13955078199999998,0.58828125,0.6375,0.049572754000000004,0.128906248,0.158886718,0.016122435999999997,0.154003906,0.10791015600000001,0.11650390800000002,0.001289368,"Cytoplasm, Nucleus",Cytoplasm
ENSP00000410603,0.326953126,0.509375,0.607421874,0.042968752,0.367382816,0.18867187600000002,0.012633514000000002,0.20625,0.319335936,0.244140624,0.018896482,"Cytoplasm, Nucleus","Cytoplasm, Nucleus"
ENSP00000385529,0.43828125,0.5125,0.45859375199999997,0.027954102,0.45898437599999997,0.347851564,0.030322265999999997,0.12890625,0.293164066,0.323828128,0.328417968,Cytoplasm,Cytoplasm
ENSP00000413963,0.227148438,0.52734375,0.512109374,0.495703124,0.195898436,0.286914062,0.09521484399999999,0.11904296799999999,0.17265625,0.126367188,0.5123046880000001,Cytoplasm,Cytoplasm
ENSP00000369411,0.13876953,0.491015626,0.317578126,0.063476564,0.055151366,0.21694335799999998,0.03125610399999999,0.39375,0.061779784000000004,0.140478516,0.054003908,Cytoplasm,Nucleus
ENSP00000355979,0.041992188,0.347265626,0.903125,0.047167970000000004,0.068261718,0.075683594,0.023138428000000003,0.08159179999999999,0.06074218799999999,0.04057617,0.05720214999999999,Nucleus,Nucleus
ENSP00000503956,0.32949218999999996,0.152539062,0.063183596,0.065429688,0.20175781399999998,0.946875,0.036950684,0.050927736,0.052148438,0.08984375,0.06503906,Mitochondrion,Mitochondrion
ENSP00000489856,0.138671874,0.21582031200000001,0.15507812599999998,0.114355468,0.098779296,0.93515625,0.020495606,0.05712890799999999,0.065185544,0.094824218,0.08574218799999998,Mitochondrion,Mitochondrion
ENSP00000438158,0.16484375199999998,0.6546875,0.517968748,0.21601562400000002,0.102929686,0.334570312,0.133813476,0.091430664,0.1,0.16962890400000002,0.037316896,Cytoplasm,Cytoplasm
ENSP00000362685,0.117578124,0.65703125,0.53203125,0.12160644400000001,0.10439452999999999,0.232421874,0.023620602,0.10629882799999998,0.204882812,0.20322265599999997,0.07213134800000001,"Cytoplasm, Nucleus",Nucleus
ENSP00000502859,0.64375,0.323632812,0.14951171800000002,0.20859375,0.21640625,0.632421876,0.215917968,0.390429688,0.20234375,0.253320312,0.31826171799999997,Membrane,Mitochondrion
ENSP00000299163,0.080224608,0.5640625,0.527734374,0.13166504,0.07314453000000001,0.21845703,0.12292480399999998,0.2015625,0.10329589800000001,0.155566406,0.034216305999999995,"Cytoplasm, Nucleus","Cytoplasm, Nucleus"
ENSP00000489758,0.139160156,0.390624998,0.163574218,0.14228515800000002,0.11103515800000001,0.89375,0.099780274,0.07500000199999998,0.07944336,0.1078125,0.272656252,Mitochondrion,Mitochondrion
ENSP00000453463,0.07114258,0.270117188,0.890625,0.12841797,0.045507814,0.09692382800000002,0.005924986000000001,0.062109375999999994,0.04470215,0.064208984,0.00280304,Nucleus,Nucleus
ENSP00000345702,0.074267578,0.35078125,0.7734375,0.056079104000000005,0.05578612999999999,0.07084961000000001,0.00187149,0.092041012,0.06640625,0.078027342,0.006112668,Nucleus,Nucleus
ENSP00000303315,0.10810546800000001,0.309179686,0.8765625,0.029882812,0.07636718599999999,0.160156248,0.007897948,0.046118164,0.053808594,0.084228514,0.002704622,Nucleus,Nucleus
ENSP00000463121,0.197070312,0.442578124,0.570703124,0.14443359400000003,0.08193359600000001,0.256054688,0.005102538,0.16142578000000002,0.31640625,0.252539062,0.01904297,Nucleus,"Cytoplasm, Nucleus, Mitochondrion"
ENSP00000398124,0.127636718,0.457421876,0.85078125,0.017932129999999998,0.08125,0.19687500000000002,0.002052308,0.059912110000000005,0.10664062399999999,0.16162109600000002,0.02993164,Nucleus,Nucleus
ENSP00000243878,0.150390622,0.63671875,0.381250002,0.097851562,0.203320312,0.164746096,0.00375595,0.119726564,0.173242188,0.13857422,0.10004882600000001,Cytoplasm,"Cytoplasm, Cell membrane"
ENSP00000361171,0.170117188,0.239648438,0.7671875,0.06374511799999999,0.12412109199999999,0.136816406,0.01982422,0.11083984399999999,0.113183594,0.09633789000000001,0.00777283,Nucleus,Nucleus
ENSP00000403660,0.68828125,0.323437502,0.09467773399999999,0.12299804799999998,0.76640625,0.07309570200000001,0.0034988399999999996,0.3921875,0.193652344,0.245312502,0.013626098,"Membrane, Cell membrane",Cell membrane
ENSP00000386280,0.46289062400000003,0.319921878,0.32617187599999997,0.120800782,0.248828124,0.554296874,0.009709168,0.174511718,0.09506836,0.127441406,0.32314453200000004,Membrane,Nucleus
ENSP00000269967,0.097949218,0.62265625,0.659375,0.056420898,0.076464844,0.389062504,0.0053543079999999995,0.190039062,0.09741210599999998,0.147509766,0.039434814,"Cytoplasm, Nucleus",Nucleus
ENSP00000357920,0.132910156,0.32695312,0.256835938,0.07087402200000001,0.04150390600000001,0.33789062400000003,0.062353516,0.30703125,0.082324218,0.129150392,0.8578125,Peroxisome,Cytoplasm
ENSP00000341843,0.10083007799999999,0.4171875,0.8390625,0.035717771999999995,0.089453126,0.11250000199999999,0.002416992,0.11157226400000002,0.109082032,0.10786132799999999,0.032592774,Nucleus,Nucleus
ENSP00000484534,0.05864257599999999,0.378125,0.878125,0.021337892,0.0423584,0.21347656399999998,0.007867429999999998,0.033740233999999994,0.10273437599999999,0.023449704,0.023880004,Nucleus,Nucleus
ENSP00000356974,0.245898436,0.233789064,0.16679687599999998,0.8640625,0.370312502,0.161816406,0.008172606,0.360546872,0.226953126,0.389257812,0.04279785,Extracellular,Nucleus
ENSP00000263121,0.136523438,0.506640624,0.75,0.168798828,0.119140626,0.180371096,0.005133820000000001,0.08720703,0.09467773399999999,0.15400390599999997,0.004815676,"Cytoplasm, Nucleus",Nucleus
ENSP00000222567,0.054785156,0.25214844,0.88984375,0.115161132,0.032958982,0.057458496000000005,0.007865904,0.106835934,0.024389647999999996,0.09501953199999999,0.004907226,Nucleus,Nucleus
ENSP00000204517,0.060742187999999996,0.337109376,0.9296875,0.037890626,0.047900388,0.10957031399999999,0.0022373199999999997,0.034570312000000006,0.10581054599999999,0.15136718799999999,0.003205872,Nucleus,Nucleus
ENSP00000438800,0.87734375,0.103808594,0.034509276,0.04111328,0.88046875,0.057885742,0.005014039999999999,0.372265626,0.290625,0.21210937199999996,0.027438353999999998,"Membrane, Cell membrane",Cell membrane
ENSP00000432382,0.426562498,0.68984375,0.381250002,0.034387206000000003,0.27265625,0.173242188,0.0037815100000000005,0.382421874,0.379687502,0.6671875,0.018193054,Cytoplasm,Golgi apparatus
ENSP00000319739,0.179394532,0.253125,0.315429688,0.15822754,0.137011716,0.056274413999999995,0.00292816,0.88203125,0.28769531600000003,0.38984375,0.049316403999999994,Endoplasmic reticulum,Endoplasmic reticulum
ENSP00000468290,0.305273438,0.541796876,0.58125,0.306835938,0.14697265799999998,0.38281250200000005,0.0031723000000000003,0.315234376,0.19394531399999998,0.441015626,0.139892578,"Cytoplasm, Nucleus",Mitochondrion
ENSP00000463424,0.270507812,0.65078125,0.383203124,0.084765624,0.14228515800000002,0.09516601599999999,0.022387696000000002,0.18554687600000003,0.137402344,0.18066406200000001,0.124450684,Cytoplasm,Cytoplasm
ENSP00000420802,0.7109375,0.24433593999999997,0.102148438,0.23330077999999999,0.7703125,0.094726562,0.004389954,0.490625,0.61640625,0.3671875,0.150073242,"Membrane, Cell membrane, Lysosome/Vacuole",Cell membrane
ENSP00000360597,0.71953125,0.20566406399999998,0.128320312,0.386523438,0.678125,0.165625,0.0022186279999999994,0.47734375,0.456640624,0.457421874,0.048803712,"Membrane, Cell membrane",Cell membrane
ENSP00000364119,0.146679688,0.62890625,0.721875,0.048461916,0.11689453000000001,0.10458984599999999,0.012454226,0.074365236,0.068310546,0.258203126,0.001745604,"Cytoplasm, Nucleus",Endoplasmic reticulum
ENSP00000478061,0.425781252,0.63359375,0.509375002,0.203662108,0.641015624,0.160449222,0.015130616,0.190039062,0.104589844,0.288085938,0.00727539,"Cytoplasm, Cell membrane",Cell membrane
ENSP00000387119,0.22050781000000003,0.568359374,0.433984374,0.341992188,0.24882812199999998,0.27558594,0.049511718,0.14365234200000002,0.263867188,0.149707032,0.36875,Cytoplasm,Cytoplasm
ENSP00000362328,0.8375,0.11269531399999999,0.16337890400000002,0.139794924,0.80234375,0.19062499800000002,0.003916930000000001,0.318164062,0.603515624,0.18818359199999998,0.018450928000000002,"Membrane, Cell membrane, Lysosome/Vacuole",Cell membrane
ENSP00000503132,0.11933594,0.3265625,0.90078125,0.031518556,0.05913085999999999,0.20146484199999998,0.012796022,0.061181642,0.068554686,0.151464844,0.00326462,Nucleus,Nucleus
ENSP00000469035,0.214453124,0.5953125,0.389062502,0.06683349600000002,0.17626953399999998,0.12685547,0.00408554,0.24638671999999998,0.195214846,0.155664064,0.4078125,Cytoplasm,Golgi apparatus
ENSP00000426183,0.145703126,0.58046875,0.7703125,0.061376954,0.190917968,0.135937498,0.00583496,0.134960936,0.12197265799999998,0.148632814,0.013421632,"Cytoplasm, Nucleus",Nucleus
ENSP00000435393,0.20410156000000002,0.5375,0.65390625,0.075683592,0.137890626,0.344140624,0.018920898,0.183984376,0.151757812,0.24609375,0.018737792000000003,"Cytoplasm, Nucleus",Nucleus
ENSP00000332049,0.68046875,0.26875,0.155078124,0.206640626,0.73359375,0.09521484399999999,0.005662536,0.41171875,0.33027343800000003,0.405468748,0.07133788999999999,"Membrane, Cell membrane",Cell membrane
ENSP00000392070,0.036987304,0.227929688,0.8984375,0.097509764,0.026611328,0.256835936,0.013775638000000002,0.103759766,0.013562012000000002,0.048559568000000004,0.005360412,Nucleus,Nucleus
ENSP00000468069,0.046875002,0.33828125,0.8421875,0.145117188,0.052587890000000005,0.14814453,0.003286744,0.05966797,0.11953125,0.102783204,0.01907959,Nucleus,Nucleus
ENSP00000374550,0.08647461,0.53203125,0.8265625,0.084716796,0.08999023399999999,0.144140626,0.015216064000000001,0.146972656,0.10791015400000001,0.07153320199999999,0.19423828199999998,"Cytoplasm, Nucleus",Cytoplasm
ENSP00000496837,0.128710938,0.496484374,0.56015625,0.027984618,0.1140625,0.18164062200000003,0.0016971579999999996,0.230468748,0.11884765800000001,0.13925781399999998,0.013366699999999999,"Cytoplasm, Nucleus","Cytoplasm, Nucleus"
ENSP00000427011,0.75703125,0.30273437599999997,0.237109374,0.061572266,0.72734375,0.13789062400000002,0.005125428,0.212890624,0.552734376,0.401953122,0.014385986,"Membrane, Cell membrane",Nucleus
ENSP00000380217,0.7484375,0.253125,0.09355468600000001,0.21416015600000002,0.80234375,0.105566406,0.00466156,0.501562502,0.638671874,0.3875,0.190405274,"Membrane, Cell membrane, Lysosome/Vacuole",Cell membrane
ENSP00000473467,0.14277343599999998,0.61796875,0.73671875,0.05034179800000001,0.07465820399999999,0.150097656,0.012292477999999999,0.14423827800000003,0.051757812,0.206835938,0.012022402,"Cytoplasm, Nucleus","Cytoplasm, Nucleus"
ENSP00000390152,0.256445314,0.168359374,0.168066406,0.9125,0.30957031,0.11699218600000001,0.024005128,0.17812499799999998,0.23007812800000002,0.248046874,0.013253786,Extracellular,Cell membrane
ENSP00000480722,0.179003906,0.57578125,0.452343752,0.088134766,0.221289062,0.47070312599999997,0.018041992,0.107226562,0.072021482,0.115136718,0.295117188,Cytoplasm,"Nucleus, Golgi apparatus"
ENSP00000216807,0.051708984,0.405078124,0.8265625,0.130957032,0.08076172,0.090087892,0.001473238,0.06191406000000001,0.178515624,0.06811523400000001,0.002261354,Nucleus,Nucleus
ENSP00000291691,0.135058594,0.520703124,0.539453124,0.2953125,0.099316406,0.128515626,0.002720642,0.12353515600000001,0.111523438,0.130371094,0.13178711199999998,"Cytoplasm, Nucleus",Nucleus
ENSP00000504515,0.323242188,0.153808594,0.07534179799999999,0.058935548000000004,0.21035156600000002,0.9515625,0.033996582000000004,0.050732422,0.052636718000000006,0.078173826,0.054101562000000006,Mitochondrion,Mitochondrion
ENSP00000339326,0.16523437400000002,0.68828125,0.659375,0.28535156,0.18671875,0.35703125199999997,0.003503798,0.22011718600000002,0.160156248,0.22734375,0.010650632,"Cytoplasm, Nucleus","Cytoplasm, Nucleus, Cell membrane"
ENSP00000442500,0.072021486,0.306445312,0.8953125,0.131542968,0.050537108,0.07080078000000001,0.0047081020000000005,0.07133789,0.050122068,0.088867188,0.000976178,Nucleus,Nucleus
ENSP00000437928,0.13637695200000002,0.55625,0.775,0.03129883,0.090136718,0.20078125,0.005604552,0.13359375199999998,0.14990234200000002,0.138183594,0.038378908,"Cytoplasm, Nucleus",Nucleus
ENSP00000468486,0.13310547,0.63359375,0.39765625,0.168359376,0.107519532,0.24765625,0.019104006,0.115234376,0.126123046,0.206835938,0.007901001999999999,Cytoplasm,Cytoplasm
ENSP00000326693,0.746875,0.117773438,0.129394532,0.044726562000000004,0.132128906,0.90546875,0.24824218999999997,0.237890626,0.24423828199999997,0.15576172000000002,0.487890626,"Membrane, Mitochondrion",Mitochondrion
ENSP00000496818,0.252539064,0.528515626,0.347265624,0.204882812,0.23300781,0.475390624,0.281640626,0.31640625,0.16250000199999998,0.281445312,0.45292968800000005,Cytoplasm,Nucleus
ENSP00000268125,0.5796875,0.6109375,0.288085938,0.047003174,0.143457032,0.249902346,0.01005249,0.49140625,0.41816406200000006,0.540234376,0.046745298000000005,"Membrane, Cytoplasm",Cytoplasm
ENSP00000499450,0.4390625,0.083691408,0.136816406,0.041845702,0.083105468,0.91328125,0.280078126,0.056445312000000004,0.04194336,0.09580078,0.061816406000000004,Mitochondrion,Mitochondrion
ENSP00000359795,0.55,0.65625,0.397265624,0.06723632799999998,0.67578125,0.061376954000000004,0.01899414,0.292578126,0.132910156,0.28652343999999996,0.0072814939999999995,"Membrane, Cytoplasm, Cell membrane",Cytoplasm
ENSP00000486676,0.634375,0.2453125,0.23906250199999998,0.12197265800000001,0.184179688,0.6546875,0.057275392,0.59609375,0.253906252,0.30234375,0.419335938,"Membrane, Mitochondrion",Cytoplasm
ENSP00000440227,0.20156250199999998,0.633203124,0.25703125,0.179785158,0.144628906,0.4921875,0.425097656,0.21708984199999998,0.14504394599999998,0.186328124,0.24707031200000001,Cytoplasm,Cytoplasm
ENSP00000371408,0.64921875,0.453515622,0.458203124,0.036798095999999995,0.597265626,0.3703125,0.01293945,0.325390624,0.57109375,0.66875,0.18522949400000002,"Membrane, Cell membrane, Lysosome/Vacuole, Golgi apparatus",Cell membrane
ENSP00000351211,0.8375,0.163671874,0.148632812,0.045690916,0.79609375,0.18515625,0.033911132,0.119189454,0.18188476800000003,0.078564454,0.021185302,"Membrane, Cell membrane",Cell membrane
ENSP00000312288,0.28359375,0.16933593600000002,0.079589842,0.02878418,0.05708008,0.97734375,0.32109375,0.034570314,0.034448242,0.044921873999999994,0.14140624799999998,Mitochondrion,Mitochondrion
ENSP00000385376,0.14609375,0.728125,0.51640625,0.046423342,0.063085938,0.183007814,0.0032485960000000003,0.11806640400000001,0.16484375,0.317578124,0.050408936,Cytoplasm,"Cytoplasm, Nucleus"
ENSP00000308082,0.83359375,0.164160154,0.141894532,0.06655273399999999,0.8640625,0.2578125,0.015036011999999998,0.14619140800000002,0.255175782,0.10319824,0.019958496,"Membrane, Cell membrane",Cell membrane
ENSP00000006015,0.075781248,0.26796875,0.88125,0.03618164,0.06201171800000001,0.06884765600000001,0.009889222,0.072509764,0.027453612,0.054223634,0.018017578,Nucleus,Nucleus
ENSP00000427329,0.077636716,0.49804687400000003,0.76640625,0.030810546,0.08178711,0.11855469,0.00927124,0.097949218,0.08452148400000001,0.061425782,0.026477047999999996,"Cytoplasm, Nucleus",Nucleus
ENSP00000364525,0.067968752,0.25585937599999997,0.9234375,0.090258788,0.06171875,0.09096679599999999,0.057348632,0.04543457,0.049072267999999995,0.083642578,0.0015777579999999999,Nucleus,Nucleus
ENSP00000261245,0.13984375,0.5640625,0.7234375,0.026257324000000005,0.15214844,0.207421876,0.0036018359999999998,0.18124999800000002,0.14736328199999998,0.110058594,0.017503354,"Cytoplasm, Nucleus",Nucleus
ENSP00000215742,0.036132814,0.383984374,0.85234375,0.09658203200000001,0.046923828,0.23710937599999998,0.006979372,0.095800782,0.075878906,0.06455078,0.039038086,Nucleus,Nucleus
ENSP00000430457,0.5234374980000001,0.578125,0.407031248,0.085644532,0.453906248,0.190039062,0.016992188,0.324609378,0.391210936,0.34921875199999997,0.011206053999999998,"Membrane, Cytoplasm","Nucleus, Mitochondrion"
ENSP00000478813,0.222851562,0.140722654,0.132421872,0.07861328199999999,0.090869138,0.91953125,0.023822024,0.089550782,0.063671874,0.103613282,0.107519532,Mitochondrion,Mitochondrion
ENSP00000307695,0.232226562,0.61015625,0.54375,0.061035154,0.23515625,0.20683593399999997,0.005366518,0.172167972,0.1515625,0.15908203199999998,0.18193359199999998,"Cytoplasm, Nucleus",Nucleus
ENSP00000225972,0.71484375,0.22324218800000004,0.35859374600000005,0.05123291,0.230078124,0.340429688,0.04074707000000001,0.472265624,0.242382814,0.4160156219999999,0.09860839799999999,Membrane,Endoplasmic reticulum
ENSP00000380311,0.12333984400000002,0.544531252,0.79296875,0.04633789000000001,0.09785156400000002,0.157617188,0.005279539999999999,0.151464846,0.119433594,0.138476562,0.025061034000000003,"Cytoplasm, Nucleus",Nucleus
ENSP00000329214,0.560156252,0.198046872,0.18769531,0.451953124,0.107324218,0.157910156,0.011450194,0.39921875,0.17783203,0.68359375,0.014193724,"Membrane, Golgi apparatus",Nucleus
ENSP00000321679,0.19843750200000002,0.578125,0.523828126,0.088769532,0.269726564,0.22792968600000002,0.013128659999999997,0.16640625199999998,0.190234374,0.2546875,0.031860352,Cytoplasm,Nucleus
ENSP00000316042,0.055615232,0.665625,0.7765625,0.085351562,0.058740232,0.078125,0.014682008,0.229394532,0.045214844,0.04831542800000001,0.0017211920000000003,"Cytoplasm, Nucleus",Nucleus
ENSP00000446680,0.072607422,0.289453126,0.86796875,0.040112306,0.056152344,0.07260742,0.007403564,0.076074218,0.030712890000000003,0.05354004000000001,0.030957029999999996,Nucleus,Nucleus
ENSP00000346300,0.238867188,0.646875,0.521484374,0.07050781199999999,0.242382814,0.060986328,0.0064285259999999995,0.125488282,0.35888672,0.210351564,0.008746338000000001,Cytoplasm,Nucleus
ENSP00000279206,0.211132812,0.591796874,0.296875,0.18232421800000004,0.31816406399999997,0.51875,0.017041016,0.23359375,0.114843748,0.23339843799999999,0.88828125,"Cytoplasm, Peroxisome",Nucleus
ENSP00000407646,0.15917968799999999,0.467578124,0.64140625,0.149438476,0.13735351599999998,0.23144531200000001,0.01236572,0.093603516,0.046325684,0.084765626,0.001405334,Nucleus,"Cytoplasm, Nucleus"
ENSP00000352831,0.18457031200000001,0.487890626,0.512109376,0.10610351600000001,0.130566406,0.26992187600000006,0.059259034,0.080664064,0.07802734600000001,0.176464844,0.030664062000000002,Cytoplasm,Nucleus
ENSP00000274000,0.60703125,0.40625,0.4453125,0.028912351999999995,0.573046876,0.32109375,0.045507811999999995,0.12705077800000003,0.414062498,0.43945312599999997,0.162548828,"Membrane, Cell membrane",Golgi apparatus
ENSP00000457284,0.25019530999999995,0.265625,0.113671874,0.91875,0.335937502,0.148339846,0.008180238,0.210742186,0.288281252,0.40859375,0.018896483999999998,Extracellular,"Cytoplasm, Cell membrane"
ENSP00000326305,0.8640625,0.216601562,0.14726562599999998,0.024523926,0.351953124,0.86640625,0.036486814,0.371484374,0.177734374,0.24853515600000003,0.183203126,"Membrane, Mitochondrion",Mitochondrion
ENSP00000393970,0.268554688,0.58671875,0.50546875,0.210546878,0.20595703199999998,0.378906248,0.15078125,0.362499998,0.248828124,0.20488281000000003,0.036291502,Cytoplasm,Mitochondrion
ENSP00000275766,0.039648438,0.512109376,0.66484375,0.21679687800000003,0.04899902400000001,0.14516601599999998,0.0029655439999999996,0.11645507799999999,0.08491211,0.08129882800000002,0.01799469,"Cytoplasm, Nucleus",Cytoplasm
ENSP00000446662,0.21396484200000004,0.250390626,0.17031250199999998,0.87109375,0.284375,0.092675782,0.009683227999999999,0.420703124,0.422656252,0.4015625,0.011807252,Extracellular,"Endoplasmic reticulum, Golgi apparatus"
ENSP00000416970,0.20898437799999997,0.128125,0.129101562,0.10551758,0.123144532,0.9125,0.01384888,0.06499023400000001,0.12685547,0.103906248,0.055371093999999996,Mitochondrion,Mitochondrion
ENSP00000283429,0.106152344,0.60234375,0.35742187599999997,0.103320312,0.228320314,0.347265624,0.018267824000000002,0.066186524,0.197656252,0.10146484600000001,0.380273438,Cytoplasm,Nucleus
ENSP00000503461,0.321875,0.153125,0.071142578,0.056811524,0.185253906,0.9515625,0.047021484,0.049047851999999996,0.050244142000000006,0.07719726599999999,0.06210937400000001,Mitochondrion,Mitochondrion
ENSP00000496754,0.065429686,0.3296875,0.7296875,0.34941406399999997,0.064404296,0.138085936,0.002685546,0.149121094,0.054443358,0.107714844,0.004495238,Nucleus,Nucleus
ENSP00000265523,0.089624024,0.558203124,0.512890624,0.202783204,0.050585938,0.31835937400000003,0.061840820000000005,0.13554687599999998,0.12907715,0.33251953199999995,0.08572998,Cytoplasm,Cytoplasm
ENSP00000408065,0.148339846,0.55390625,0.49765625,0.3234375,0.15205078,0.10107421800000001,0.019055176,0.10957031399999999,0.10957031399999999,0.15708008,0.008061217999999998,Cytoplasm,Nucleus
ENSP00000392629,0.387890624,0.229882812,0.10986328000000001,0.81953125,0.42773437599999997,0.508203124,0.007650756,0.228710938,0.22011718600000002,0.177734376,0.023046876,Extracellular,Cell membrane
ENSP00000371061,0.236523438,0.5765625,0.5609375,0.091992186,0.161523438,0.23544922000000001,0.009663392000000002,0.274218748,0.2640625,0.450390626,0.026391601999999997,"Cytoplasm, Nucleus","Cytoplasm, Nucleus"
ENSP00000442224,0.060986326,0.35312500199999997,0.82421875,0.173095704,0.051464842,0.075756834,0.027355957999999996,0.07558593599999999,0.057031248,0.171093752,0.0265625,Nucleus,Nucleus
ENSP00000265164,0.19101562800000002,0.696875,0.6890625,0.206835936,0.278125,0.394140626,0.008581160000000001,0.290625,0.233300784,0.202734374,0.018115234,"Cytoplasm, Nucleus",Cytoplasm
ENSP00000438605,0.247265628,0.40546875,0.216601562,0.65234375,0.282031248,0.351171874,0.004081724,0.218164064,0.134863282,0.196093748,0.035644532,Extracellular,Golgi apparatus
ENSP00000429225,0.42597656399999995,0.69765625,0.42578125,0.022442628000000003,0.256835938,0.47734375,0.014196778000000002,0.389257812,0.39257812400000003,0.512109376,0.12944336,Cytoplasm,Cytoplasm
ENSP00000420452,0.20732422,0.23730468600000001,0.175585938,0.86953125,0.165820312,0.219335938,0.014031981999999998,0.287988282,0.116894532,0.364062502,0.057714844,Extracellular,Nucleus
ENSP00000370990,0.098242184,0.251367188,0.90625,0.013804628000000003,0.08691405999999999,0.086132812,0.01668701,0.057983398,0.046484373999999995,0.076074218,0.034436034000000004,Nucleus,Nucleus
ENSP00000413666,0.151757812,0.508984376,0.7359375,0.069238282,0.127832034,0.153710938,0.017462158,0.07705078000000001,0.165625,0.16132812400000002,0.11708984199999999,"Cytoplasm, Nucleus",Cytoplasm
ENSP00000296921,0.087011718,0.265039062,0.88671875,0.022509766,0.07031249800000001,0.06606445400000001,0.012939451999999999,0.07138672,0.038769529999999996,0.057763672,0.010461427999999998,Nucleus,Nucleus
ENSP00000448029,0.7515625,0.278125002,0.16015625,0.09477539199999999,0.6265625,0.12548828399999998,0.00273361,0.42773437599999997,0.7125,0.523828124,0.10112304800000001,"Membrane, Cell membrane, Lysosome/Vacuole","Endoplasmic reticulum, Golgi apparatus"
ENSP00000503416,0.047387698,0.255273436,0.89296875,0.070825196,0.047583009999999995,0.07382812400000001,0.008105468000000001,0.054296875999999994,0.034057618,0.05805663999999999,0.010559082000000001,Nucleus,"Cytoplasm, Nucleus"
ENSP00000452777,0.252539064,0.09814453199999999,0.065527344,0.0859375,0.08149414,0.959375,0.068212888,0.050146484000000005,0.05078125,0.06821289,0.028088380000000003,Mitochondrion,Mitochondrion
ENSP00000361524,0.061621094,0.286328124,0.87265625,0.05423584,0.04294433599999999,0.088671872,0.004862976,0.063085936,0.023364258000000002,0.06086425799999999,0.006591798,Nucleus,Nucleus
ENSP00000443578,0.210546876,0.4671875,0.448046876,0.202539062,0.09921875,0.371484376,0.007696530000000002,0.167480466,0.061083983999999994,0.125,0.013159178000000002,None,"Cytoplasm, Nucleus"
ENSP00000345580,0.7671875,0.163964846,0.15517578199999998,0.026428222,0.22929687799999998,0.81875,0.056982422,0.290234376,0.22734375,0.149902344,0.10463867,"Membrane, Mitochondrion",Mitochondrion
ENSP00000362843,0.102978516,0.432031252,0.82734375,0.047387694,0.09633789200000001,0.15732422,0.0039245619999999995,0.12617187400000002,0.090869142,0.087890624,0.095458984,Nucleus,Nucleus
ENSP00000362691,0.11953125,0.64140625,0.54921875,0.128271482,0.075366212,0.251757812,0.03428955,0.155957034,0.26484375,0.287890626,0.128088378,"Cytoplasm, Nucleus",Nucleus
ENSP00000262949,0.08276367,0.496093752,0.75625,0.225976562,0.112304688,0.186132812,0.0031875600000000003,0.079150392,0.099902346,0.150878904,0.075976564,"Cytoplasm, Nucleus",Nucleus
ENSP00000499274,0.133496094,0.4625,0.63203125,0.291406252,0.09116211,0.202636718,0.153710938,0.202441406,0.11064453199999999,0.380273436,0.007861325999999998,Nucleus,Cell membrane
ENSP00000453021,0.37421875,0.61484375,0.401171874,0.07429199,0.411328124,0.246484374,0.019885253999999998,0.18183594,0.308984372,0.17480468799999999,0.039282225999999996,Cytoplasm,Nucleus
ENSP00000356374,0.19824218799999999,0.55703125,0.608203126,0.027520748,0.136914062,0.095507812,0.068420408,0.232421876,0.449609378,0.44414062200000004,0.144335936,"Cytoplasm, Nucleus",Nucleus
ENSP00000507343,0.230273438,0.71640625,0.58359375,0.040124514,0.14785156000000002,0.249609376,0.0023364099999999997,0.359960938,0.374609376,0.275585938,0.087402346,"Cytoplasm, Nucleus",Cytoplasm
ENSP00000415689,0.145019532,0.556640624,0.58515625,0.11904296600000001,0.118310544,0.194140624,0.035363768000000004,0.13310547,0.17148437600000002,0.336132814,0.025524902,"Cytoplasm, Nucleus","Cytoplasm, Cell membrane"
ENSP00000377752,0.437500002,0.79140625,0.241796876,0.09111328199999999,0.433203124,0.43515625199999997,0.025640868,0.10908203000000001,0.09755859200000001,0.200976564,0.013436889999999998,Cytoplasm,Cytoplasm
ENSP00000481885,0.10898437400000001,0.4125,0.8328125,0.068774414,0.092138672,0.204003908,0.0041664119999999995,0.10932617199999999,0.08710937199999999,0.09863281000000002,0.09685058599999999,Nucleus,Nucleus
ENSP00000435422,0.050585938,0.25019530999999995,0.9296875,0.08217773399999999,0.046289062000000006,0.03950195199999999,0.011621094,0.043774412,0.032177734,0.026489257999999998,0.0049469,Nucleus,Nucleus
ENSP00000357919,0.14404297,0.334960936,0.25,0.051538084,0.03418579000000001,0.303906252,0.100488282,0.39453125,0.133691408,0.122753906,0.8386718739999999,Peroxisome,Cytoplasm
ENSP00000393316,0.709375,0.19433593799999999,0.160937498,0.099658206,0.29882812400000003,0.128027346,0.0085083,0.77734375,0.24511719000000004,0.407031248,0.023925782,"Membrane, Endoplasmic reticulum","Nucleus, Endoplasmic reticulum"
ENSP00000430243,0.16308593600000001,0.61328125,0.58984375,0.083105468,0.069628908,0.286328124,0.09582519600000002,0.17900390600000002,0.158789064,0.258984376,0.089575194,"Cytoplasm, Nucleus",Cell membrane
ENSP00000343717,0.27558593600000003,0.378906248,0.17929687600000002,0.285400388,0.09008788999999999,0.4375,0.034436035999999996,0.3421875,0.18881835800000002,0.30664062599999997,0.6618591300000001,None,Cytoplasm
ENSP00000281437,0.061425780000000006,0.252734376,0.91328125,0.033972168,0.045996094,0.069335934,0.008139038,0.059179685999999995,0.042321776,0.056298828,0.012475584000000001,Nucleus,Nucleus
ENSP00000370508,0.250390628,0.125488282,0.11123047,0.055957032000000004,0.059619139999999994,0.95390625,0.102050778,0.032299804,0.042675778,0.078222656,0.030371093999999998,Mitochondrion,"Nucleus, Mitochondrion"
ENSP00000401085,0.24746093600000002,0.765625,0.381250002,0.170214844,0.405078126,0.359960936,0.02022705,0.18203125,0.14160156399999999,0.15800781000000003,0.313671876,Cytoplasm,Nucleus
ENSP00000363055,0.176855466,0.6234375,0.44921875,0.13798828,0.201953122,0.268554688,0.0037078840000000003,0.181445312,0.24580078199999997,0.256445314,0.069799804,Cytoplasm,"Cytoplasm, Nucleus"
ENSP00000463927,0.7328125,0.222070312,0.125,0.27558593400000003,0.78203125,0.099755858,0.006542968000000001,0.370312502,0.242578122,0.273828126,0.096923828,"Membrane, Cell membrane",Cell membrane
ENSP00000360594,0.055761719999999994,0.319921876,0.92265625,0.05446777199999999,0.045581054,0.075585936,0.005215454,0.056030274000000005,0.023413084,0.064697262,0.005160521999999999,Nucleus,Nucleus
ENSP00000225576,0.61640625,0.2390625,0.304882814,0.05316162,0.134960936,0.17099609200000002,0.058569333999999994,0.649609376,0.230859374,0.525,0.09470825200000002,"Membrane, Endoplasmic reticulum",Golgi apparatus
ENSP00000450324,0.122167968,0.581640624,0.6015625,0.04981079199999999,0.11254882800000002,0.141796876,0.040191649999999995,0.16162109200000002,0.09663085800000001,0.10888671999999999,0.0007247919999999999,"Cytoplasm, Nucleus",Cytoplasm
ENSP00000264468,0.303320314,0.27070312799999996,0.16874999799999998,0.74609375,0.321679686,0.08847656200000001,0.013934328,0.319140624,0.150488282,0.259570312,0.01105957,Extracellular,Cell membrane
ENSP00000292894,0.052343748,0.418750002,0.72734375,0.22734375199999998,0.06376953199999999,0.24765625,0.007119752,0.11015625,0.090429688,0.09423828000000001,0.085839844,Nucleus,Nucleus
ENSP00000504884,0.266601562,0.671875,0.544140626,0.056213378,0.280273438,0.168554688,0.003507234,0.165332032,0.370507812,0.394921876,0.043408204,"Cytoplasm, Nucleus","Cytoplasm, Cell membrane"
ENSP00000480322,0.6609375,0.08735351599999999,0.097558594,0.442968748,0.569140624,0.187695312,0.019848631999999998,0.130566408,0.315039062,0.132519532,0.115930176,"Membrane, Cell membrane",Cell membrane
ENSP00000494695,0.128125002,0.356640622,0.6984375,0.099707032,0.093798826,0.40234375,0.161621096,0.10380859199999999,0.204492188,0.162988278,0.10596313399999999,Nucleus,Nucleus
ENSP00000423075,0.064794922,0.565625,0.84140625,0.014434816,0.065869142,0.14414062600000002,0.015356446000000001,0.049169922,0.05649413999999999,0.089794922,0.027392578,"Cytoplasm, Nucleus",Nucleus
ENSP00000361338,0.8203125,0.147753906,0.118896484,0.089160156,0.419140626,0.179492186,0.033081058,0.671875,0.12421875199999999,0.351953124,0.03336792,"Membrane, Endoplasmic reticulum",Nucleus
ENSP00000357932,0.20214843600000001,0.68828125,0.47734375,0.039819334,0.187890624,0.299218752,0.022998048,0.134179688,0.280859376,0.335546876,0.11450195199999999,Cytoplasm,Cytoplasm
ENSP00000309973,0.14970703000000002,0.5265625,0.5953125,0.148632814,0.170703124,0.165234376,0.11984863400000001,0.153027344,0.09921874800000001,0.14140625199999998,0.08254394400000001,"Cytoplasm, Nucleus",Mitochondrion
ENSP00000307508,0.49062499800000003,0.63515625,0.366406248,0.267089842,0.394726562,0.0690918,0.017407228000000004,0.265625,0.29262695400000005,0.430859374,0.022360228000000003,"Membrane, Cytoplasm",Cytoplasm
ENSP00000280056,0.326367188,0.480078124,0.46757812200000004,0.28710937400000003,0.14658203200000003,0.51796875,0.042199707999999996,0.160742188,0.08247070199999999,0.13203125,0.383203128,Cytoplasm,Nucleus
ENSP00000436775,0.181250002,0.590625,0.53046875,0.08525390399999999,0.230859374,0.38476562599999997,0.018188476000000002,0.20214843999999998,0.287304688,0.130859378,0.125830078,"Cytoplasm, Nucleus",Nucleus
ENSP00000407970,0.174023438,0.63125,0.310937502,0.142089844,0.214648438,0.445703124,0.026135251999999998,0.27890625199999997,0.12128906400000002,0.204687502,0.6953125,Cytoplasm,Nucleus
ENSP00000497159,0.07680664000000001,0.38476562599999997,0.5203125,0.196386718,0.040380860000000005,0.269531248,0.06676025399999999,0.158398436,0.06499023400000001,0.236523438,0.08574218600000001,None,Cytoplasm
ENSP00000427754,0.402734376,0.62265625,0.44140625,0.07319336000000001,0.316015626,0.444531252,0.009310914,0.23964844000000002,0.413281252,0.23125000199999998,0.013281248,Cytoplasm,"Cytoplasm, Nucleus"
ENSP00000309023,0.60625,0.390625002,0.45,0.028704831999999996,0.584765626,0.291601562,0.03317871,0.130664064,0.453906248,0.42031249800000003,0.17763671800000003,"Membrane, Cell membrane",Golgi apparatus
ENSP00000484054,0.27988281000000004,0.68125,0.29140625,0.070288086,0.21191406200000001,0.183203122,0.004526138000000001,0.128417968,0.338867186,0.5375,0.006207278000000001,Cytoplasm,Golgi apparatus
ENSP00000411565,0.380664062,0.5078124980000001,0.546875,0.211523436,0.181933592,0.471484376,0.05632324200000001,0.182714844,0.107373048,0.15703125199999998,0.238671874,"Cytoplasm, Nucleus",Nucleus
ENSP00000366235,0.15761719000000002,0.589453126,0.42382812400000003,0.08647460800000001,0.153027342,0.194531252,0.011837768,0.158007814,0.386718748,0.22167968799999999,0.079150392,Cytoplasm,Cytoplasm
ENSP00000311697,0.130175782,0.320312498,0.2484375,0.8546875,0.165234376,0.163378906,0.008331298000000001,0.231835938,0.105761718,0.23535156399999999,0.011676026,Extracellular,Nucleus
ENSP00000434982,0.18730469,0.72890625,0.544921876,0.012255858,0.20800781200000001,0.12778320199999998,0.008949278000000001,0.45,0.14658203,0.15815429600000003,0.04133300799999999,"Cytoplasm, Nucleus",Cytoplasm
ENSP00000448952,0.253906248,0.6921875,0.349218748,0.11606445400000001,0.226953126,0.12597656200000001,0.010424804000000001,0.09816894400000001,0.251757812,0.151855468,0.032727049999999994,Cytoplasm,Nucleus
ENSP00000422084,0.129296876,0.73125,0.62578125,0.059545898,0.056884764,0.067333984,0.015008545999999998,0.189453126,0.10820312400000001,0.27402344,0.020581056,"Cytoplasm, Nucleus","Cytoplasm, Cell membrane"
ENSP00000331268,0.22890625,0.6453125,0.56640625,0.08232421799999999,0.315429688,0.19384765599999998,0.12099609200000001,0.11904297,0.20410156399999999,0.21005859400000002,0.013366698,"Cytoplasm, Nucleus",Cytoplasm
ENSP00000281703,0.210351564,0.6375,0.460546872,0.386718752,0.174316406,0.34960937400000003,0.17861328199999998,0.2046875,0.11015625,0.210937502,0.022219850000000003,Cytoplasm,Cytoplasm
ENSP00000482293,0.081640622,0.56796875,0.71796875,0.056933594,0.094824218,0.147167972,0.017437742,0.116894528,0.13671875,0.152050782,0.006118772,"Cytoplasm, Nucleus",Nucleus
ENSP00000475617,0.080175782,0.279687502,0.87109375,0.154418946,0.053955078000000004,0.10610351600000001,0.012762454000000001,0.074853514,0.05402832,0.103222656,0.045703127999999996,Nucleus,Nucleus
ENSP00000434049,0.082666018,0.216992186,0.77734375,0.14609375,0.084033202,0.103125,0.0048614520000000005,0.059716796,0.07861328000000001,0.063500976,0.03752441399999999,Nucleus,"Cytoplasm, Nucleus"
ENSP00000412620,0.106445312,0.29492187599999997,0.82265625,0.163671874,0.099072266,0.05227661,0.007275390000000001,0.050683596,0.040454102,0.22939452999999999,0.007989501999999999,Nucleus,Nucleus
ENSP00000362842,0.10830078000000001,0.4234375,0.82890625,0.036035158,0.10205078199999999,0.1078125,0.002088928,0.10458984200000002,0.137402344,0.106640624,0.01671753,Nucleus,Nucleus
ENSP00000501353,0.150878904,0.609765626,0.501953126,0.06314697,0.159472658,0.169140624,0.0049819980000000005,0.11826171999999999,0.119726564,0.168359376,0.05659179600000001,Cytoplasm,Cell membrane
ENSP00000495429,0.044335936,0.319140628,0.86484375,0.09799804599999999,0.022436524000000003,0.158007812,0.008494568,0.09047851600000001,0.044848634,0.051269529999999994,0.013476559999999999,Nucleus,Nucleus
ENSP00000467497,0.08945312400000001,0.348046876,0.90703125,0.014254760000000002,0.065576174,0.09892577999999999,0.014425659999999998,0.099853514,0.09248046800000001,0.095507814,0.017071532,Nucleus,Nucleus
ENSP00000428838,0.236523438,0.59375,0.7328125,0.11694336000000001,0.20703125,0.10429687400000001,0.03748169,0.170117188,0.23701171800000004,0.22968749800000002,0.01118164,"Cytoplasm, Nucleus",Nucleus
ENSP00000349709,0.61484375,0.298437498,0.15371093600000002,0.324609374,0.6875,0.129003906,0.0034484859999999997,0.5390625,0.487890624,0.284375002,0.05656738400000001,"Membrane, Cell membrane","Cytoplasm, Cell membrane"
ENSP00000166139,0.188085936,0.280273438,0.101757812,0.8921875,0.199511716,0.19414062599999998,0.0064620960000000005,0.26757812400000003,0.4625,0.40703125,0.022216798,Extracellular,Nucleus
ENSP00000476193,0.298242188,0.7,0.30683594000000003,0.250097656,0.29824219,0.346484376,0.052331543999999994,0.397265626,0.171386718,0.25917968999999996,0.092895506,Cytoplasm,Cytoplasm
ENSP00000467433,0.314257812,0.61171875,0.308398436,0.044262696000000004,0.398437502,0.253515624,0.006800842,0.101855468,0.14267578,0.14951171800000002,0.121875,Cytoplasm,Nucleus
ENSP00000417520,0.164257814,0.16699218600000001,0.092578124,0.78984375,0.20996093799999999,0.128222658,0.015710448,0.5375,0.350390624,0.336328124,0.003557586,Extracellular,"Nucleus, Golgi apparatus"
ENSP00000288757,0.05498046599999999,0.335156248,0.83984375,0.162646484,0.04790039,0.06065673800000001,0.025457762000000002,0.05305175799999999,0.04731445199999999,0.17285156399999999,0.018676756000000003,Nucleus,Nucleus
ENSP00000375397,0.22421874799999997,0.528515626,0.6109375,0.07358398399999999,0.24511718600000001,0.2671875,0.015734861999999995,0.227734376,0.149121094,0.167773436,0.050378416,"Cytoplasm, Nucleus",Nucleus
ENSP00000497242,0.069287108,0.409765626,0.503125,0.557421874,0.09462890799999998,0.225878906,0.016012573999999998,0.08857422,0.166455078,0.18300781400000002,0.267968752,None,Mitochondrion
ENSP00000489907,0.072119144,0.375,0.81015625,0.099755858,0.056103516,0.123925782,0.001675032,0.152246092,0.07861328000000001,0.08232421999999999,0.016894529999999998,Nucleus,Nucleus
ENSP00000259699,0.73203125,0.254296874,0.09697265399999999,0.22578125,0.78984375,0.10761718599999999,0.00472565,0.49609375,0.597265624,0.366210938,0.187158204,"Membrane, Cell membrane, Lysosome/Vacuole",Cell membrane
ENSP00000158526,0.101367188,0.362109376,0.72578125,0.076879884,0.063940428,0.092285154,0.001504138,0.198828124,0.11796875,0.138378908,0.00210571,Nucleus,Nucleus
ENSP00000468145,0.75,0.206640624,0.098535156,0.06225586000000001,0.77109375,0.122119142,0.007141114,0.43203124800000003,0.277734374,0.293164064,0.013442994,"Membrane, Cell membrane",Cell membrane
ENSP00000427883,0.22753906200000001,0.218945312,0.12890625,0.77421875,0.1375,0.10107421800000001,0.019726562000000003,0.29765625,0.31875,0.365625,0.006611631999999999,Extracellular,Nucleus
ENSP00000378638,0.2703125,0.49023437400000003,0.42734375,0.275195312,0.139746094,0.65546875,0.015750122,0.29199219000000004,0.20507812799999997,0.37285156,0.389453126,"Cytoplasm, Mitochondrion",Cytoplasm
ENSP00000364373,0.20087890600000002,0.448046874,0.44609375,0.343750002,0.156445312,0.35742187599999997,0.206835936,0.111425782,0.22539062599999998,0.291796874,0.16040039199999997,None,"Cytoplasm, Nucleus"
ENSP00000359668,0.066992188,0.459765626,0.82109375,0.066259768,0.066210938,0.11865234200000001,0.006536866,0.08725585999999999,0.057861326000000005,0.042822266000000005,0.10927734,Nucleus,Nucleus
ENSP00000481920,0.059667967999999995,0.365625002,0.9,0.189257812,0.052539064,0.158398436,0.014666750000000001,0.11113281400000001,0.041625976,0.073291016,0.047509766,Nucleus,Nucleus
ENSP00000345674,0.2015625,0.6390625,0.3390625,0.07993164,0.156445312,0.12104492,0.0038085940000000006,0.315234376,0.156445314,0.16640625,0.42636718800000006,Cytoplasm,Golgi apparatus
ENSP00000290330,0.29824218999999996,0.5671875,0.572265624,0.10498047000000002,0.166210938,0.10668945199999999,0.033459474,0.143652344,0.453124998,0.584375,0.024230956,"Cytoplasm, Nucleus","Cytoplasm, Nucleus"
ENSP00000400792,0.21484375,0.69296875,0.71328125,0.019482422,0.13427734600000002,0.160546876,0.005863954,0.245703124,0.41875,0.584375,0.024328612000000003,"Cytoplasm, Nucleus",Nucleus
ENSP00000361032,0.034033202,0.348828126,0.87578125,0.033935544,0.034570312000000006,0.241992188,0.013421631999999998,0.140234376,0.027050782000000002,0.036987302,0.007366942,Nucleus,Nucleus
ENSP00000343134,0.16298828,0.46328124800000003,0.478906252,0.05212097,0.137499998,0.092993162,0.013885498,0.17626953,0.20341796999999998,0.11723632800000001,0.45800781399999996,None,Golgi apparatus
ENSP00000313776,0.72421875,0.252148438,0.09892578199999999,0.21630859399999997,0.790625,0.088232422,0.004441832,0.478125,0.601953124,0.35253906599999996,0.171289064,"Membrane, Cell membrane, Lysosome/Vacuole",Cell membrane
ENSP00000357375,0.74921875,0.247851564,0.10595703199999999,0.213061524,0.765625,0.04252929600000001,0.0055206280000000005,0.3578125,0.6015625,0.25585937400000003,0.064337158,"Membrane, Cell membrane, Lysosome/Vacuole",Cell membrane
ENSP00000341125,0.19726562600000003,0.48046875,0.46992187799999996,0.392773438,0.22050780999999997,0.467578126,0.0019561759999999996,0.23359375,0.27421875,0.107958986,0.047802736,Cytoplasm,Cytoplasm
ENSP00000258301,0.859375,0.21640624800000002,0.073486328,0.06114807,0.428125002,0.30029297,0.005506898,0.3515625,0.728125,0.65078125,0.14160156200000001,"Membrane, Lysosome/Vacuole","Nucleus, Golgi apparatus"
ENSP00000455091,0.1828125,0.69375,0.58984375,0.094335938,0.20820312400000002,0.181445314,0.014202879999999998,0.168554688,0.08642578000000001,0.188671876,0.008361817999999998,"Cytoplasm, Nucleus",Cytoplasm
ENSP00000420052,0.73046875,0.156835936,0.241601564,0.066516114,0.179882812,0.430859376,0.011761474,0.78046875,0.234570312,0.339843752,0.181640628,"Membrane, Endoplasmic reticulum",Nucleus
ENSP00000373175,0.210351564,0.11367187599999999,0.130859376,0.05390625,0.09628906200000001,0.9203125,0.039538574,0.094433594,0.095898438,0.08125,0.315429688,Mitochondrion,Mitochondrion
ENSP00000383626,0.334765624,0.71953125,0.279687502,0.21459960800000003,0.481250002,0.173046876,0.0037445059999999994,0.23925781000000002,0.284375002,0.24462890599999998,0.00409851,Cytoplasm,"Nucleus, Cell membrane"
ENSP00000380612,0.203320314,0.678125,0.55078125,0.210546876,0.21191406200000001,0.378515626,0.06811523400000001,0.1953125,0.07382812400000001,0.172753906,0.11044921799999999,"Cytoplasm, Nucleus",Nucleus
ENSP00000378580,0.337304688,0.58359375,0.387890626,0.376171874,0.225195312,0.383984374,0.026013184,0.28984375,0.402343748,0.391015624,0.14272461,Cytoplasm,"Cytoplasm, Nucleus, Cell membrane"
ENSP00000507949,0.20107421999999997,0.47421875,0.25527343999999996,0.523828124,0.05866699000000001,0.49765625,0.26826171800000004,0.165332032,0.15419921600000003,0.188378906,0.28125,Cytoplasm,Mitochondrion
ENSP00000426075,0.05844726800000001,0.329101562,0.88515625,0.052844238,0.038305664,0.112573242,0.01408081,0.064111328,0.055102538,0.07558593599999999,0.00555725,Nucleus,Nucleus
ENSP00000327268,0.282226562,0.341210938,0.113085938,0.042773436,0.15078125,0.8625,0.021343994,0.056005862,0.058203125999999994,0.070507812,0.21171875200000004,Mitochondrion,Mitochondrion
ENSP00000489978,0.162011718,0.6296875,0.67734375,0.160449218,0.276757812,0.258984376,0.0265625,0.167480468,0.102636718,0.167578126,0.135595704,"Cytoplasm, Nucleus",Nucleus
ENSP00000483433,0.4375,0.321093752,0.359375,0.70546875,0.06809082,0.35703125,0.014851380000000003,0.40078125,0.044799806,0.197167968,0.12700195200000003,Extracellular,Endoplasmic reticulum
ENSP00000480632,0.18124999999999997,0.462109374,0.49023437400000003,0.362695312,0.11762695199999999,0.514062502,0.017980958000000002,0.49921875,0.152636718,0.099023436,0.309765624,None,Nucleus
ENSP00000430870,0.22050781199999997,0.563671874,0.5453125,0.16542968800000002,0.232617188,0.40078125,0.033703614,0.27929687599999997,0.136621092,0.23457031400000003,0.11982421800000001,"Cytoplasm, Nucleus","Nucleus, Mitochondrion"
ENSP00000466224,0.077246094,0.250781252,0.717578126,0.210449218,0.04108886799999999,0.078955078,0.007803348,0.08857422000000001,0.15458984199999998,0.081250002,0.059143068,Nucleus,Nucleus
ENSP00000383625,0.304296874,0.71796875,0.287695312,0.24404296799999997,0.46796875,0.173632812,0.0041030879999999995,0.210546876,0.250781248,0.22343750199999998,0.003302766,Cytoplasm,"Nucleus, Cell membrane"
ENSP00000250124,0.9140625,0.102441406,0.137304688,0.040698240000000004,0.284570312,0.156054688,0.0027587899999999997,0.7234375,0.35546875,0.619140624,0.05361328,"Membrane, Endoplasmic reticulum","Mitochondrion, Endoplasmic reticulum"
ENSP00000388486,0.051416015999999995,0.307421876,0.8328125,0.013888551999999998,0.032519530000000005,0.149023438,0.013092042000000002,0.04724121199999999,0.142578126,0.028613282,0.020193482,Nucleus,Nucleus
ENSP00000301159,0.043457029999999994,0.30625,0.91640625,0.048120116000000004,0.047070312,0.14316406,0.010662841999999999,0.06777343799999999,0.043847654,0.040649414,0.046728514000000006,Nucleus,Nucleus
ENSP00000300145,0.290625,0.425390626,0.33710937799999996,0.6453125,0.19677734200000002,0.61953125,0.09296875,0.272070314,0.302441406,0.2453125,0.325195312,None,"Cytoplasm, Cell membrane"
ENSP00000259030,0.539453126,0.280859372,0.403124998,0.30488281400000006,0.22363281399999999,0.34375,0.022180174,0.583593748,0.358203126,0.31796875,0.186816406,Membrane,Nucleus
ENSP00000507675,0.25332031400000005,0.15380859400000002,0.104785156,0.037353517999999995,0.04855957,0.97109375,0.328320314,0.037036134,0.036340332,0.047583007999999996,0.160742186,Mitochondrion,Mitochondrion
ENSP00000412024,0.7515625,0.138183596,0.09501953,0.04938965,0.11464843799999999,0.92734375,0.187500002,0.221484374,0.109667968,0.11313476600000001,0.333789064,"Membrane, Mitochondrion",Mitochondrion
ENSP00000386037,0.086035154,0.290625,0.821875,0.052246092,0.08100586000000001,0.09892578199999999,0.010876462,0.070703124,0.08325195199999999,0.098046876,0.023706054,Nucleus,Nucleus
ENSP00000323571,0.352343748,0.323046874,0.341015624,0.387109374,0.142773438,0.358398438,0.083764648,0.331054688,0.159375,0.22363281399999999,0.099121092,None,Cell membrane
ENSP00000239461,0.121484374,0.194921874,0.90625,0.012728882,0.07509765400000001,0.05629882799999999,0.021765135999999997,0.045947266,0.04643555,0.095996096,0.0073165899999999996,Nucleus,Nucleus
ENSP00000389498,0.155761718,0.198046872,0.8546875,0.018469238000000002,0.11245117200000002,0.152734374,0.039624024,0.05661621,0.14560547000000001,0.08454589800000001,0.004965209999999999,Nucleus,Nucleus
ENSP00000487380,0.187500002,0.507421876,0.63828125,0.047338868,0.070678712,0.570703124,0.09929199000000001,0.04338379,0.07407226599999998,0.07368163800000001,0.060681151999999995,"Cytoplasm, Nucleus",Nucleus
ENSP00000434333,0.027441406,0.46679687400000003,0.8390625,0.07299804400000001,0.025842286000000003,0.055566408,0.019750976,0.149902342,0.033227538,0.133105468,0.001268768,Nucleus,Nucleus
ENSP00000430946,0.16679687599999998,0.452734376,0.62734375,0.154638672,0.093847656,0.260742186,0.016607666,0.250781252,0.2,0.21777343799999999,0.13359374799999998,Nucleus,Nucleus
ENSP00000499597,0.08447265600000001,0.350781248,0.88203125,0.05354004,0.11738280999999999,0.07788086,0.0057357779999999995,0.077099608,0.04111328,0.038476562000000006,0.005007934,Nucleus,Nucleus
ENSP00000490251,0.143066406,0.189453126,0.16308593799999999,0.098193358,0.105126952,0.940625,0.022979735999999997,0.050146482000000006,0.068066406,0.06879883,0.076855468,Mitochondrion,Mitochondrion
ENSP00000479323,0.79140625,0.268359374,0.25195312400000003,0.061352538,0.73828125,0.124707032,0.0060317999999999995,0.197265624,0.625,0.45078125,0.013330076000000001,"Membrane, Cell membrane, Lysosome/Vacuole",Nucleus
ENSP00000437411,0.269140622,0.628125,0.320312502,0.19003905999999998,0.211132814,0.12285156000000001,0.007695008000000001,0.179589842,0.457812498,0.6828125,0.00800781,"Cytoplasm, Golgi apparatus",Nucleus
ENSP00000378493,0.259570312,0.500390624,0.512109374,0.09185791,0.16435547,0.409765624,0.0092926,0.3,0.343359374,0.27949219,0.11311645399999999,Cytoplasm,Nucleus
ENSP00000040584,0.08569336,0.31621094,0.85859375,0.048046873999999996,0.068603516,0.097216798,0.007097626,0.075195314,0.07172851599999999,0.0404541,0.012231446,Nucleus,Nucleus
ENSP00000343482,0.75546875,0.24140625400000001,0.111914064,0.21115722399999998,0.78671875,0.044189452000000004,0.005261231999999999,0.373828128,0.565625,0.275585938,0.06624755800000001,"Membrane, Cell membrane, Lysosome/Vacuole",Cell membrane
ENSP00000494088,0.40078125,0.5015625,0.280273438,0.14335937599999998,0.21953125,0.4140625,0.101318358,0.173046876,0.272460936,0.391796874,0.289257812,Cytoplasm,Nucleus
ENSP00000358027,0.210351562,0.16044922,0.111621094,0.051391602,0.065722656,0.8984375,0.213085938,0.054101564000000005,0.06899414000000001,0.109033206,0.11640624799999999,Mitochondrion,Cytoplasm
ENSP00000389368,0.266601562,0.536328126,0.466406248,0.085351566,0.158203126,0.471484374,0.036584472,0.30703125,0.11762695199999999,0.251171876,0.0062133760000000005,Cytoplasm,Nucleus
ENSP00000413595,0.28320312599999997,0.46679687599999997,0.6296875,0.036425782000000004,0.18222656399999998,0.253710936,0.033984372,0.16074219,0.230468752,0.339453126,0.071826172,Nucleus,Nucleus
ENSP00000358616,0.072070312,0.549609376,0.562109376,0.060278319999999996,0.068603514,0.078393556,0.010723876000000002,0.110449222,0.09663086,0.100195314,0.0012481680000000002,"Cytoplasm, Nucleus",Nucleus
ENSP00000506466,0.3,0.583984374,0.471875,0.067285156,0.240234374,0.33398437400000003,0.024902344,0.24375,0.11826171599999999,0.27910156399999997,0.125195312,Cytoplasm,Cytoplasm
ENSP00000494393,0.24335937400000002,0.67578125,0.5390625,0.276367186,0.15097656399999998,0.250195314,0.06962890600000002,0.311523438,0.40820312599999997,0.625390624,0.09838867,"Cytoplasm, Nucleus",Cytoplasm
ENSP00000452319,0.163378904,0.57578125,0.58046875,0.08183593600000001,0.147167968,0.471484376,0.0032424919999999996,0.132910156,0.12197265799999998,0.104394532,0.025073242000000003,"Cytoplasm, Nucleus",Cytoplasm
ENSP00000436276,0.07651367,0.370703126,0.88359375,0.035064698000000005,0.08540038800000001,0.105566406,0.00582733,0.10419922,0.076464844,0.078808592,0.016870117999999996,Nucleus,Nucleus
ENSP00000408819,0.323242188,0.220898436,0.252929686,0.81875,0.404492188,0.107128906,0.002700806,0.241992188,0.207226564,0.18095703000000002,0.028564454,Extracellular,Cell membrane
ENSP00000345468,0.7890625,0.21171875200000004,0.21171875,0.084521486,0.6640625,0.150878906,0.06601562600000001,0.38476562400000003,0.5351562519999999,0.64140625,0.007321168,"Membrane, Cell membrane",Nucleus
ENSP00000216027,0.226953124,0.19394531399999998,0.219140626,0.15683593599999998,0.12597656200000001,0.8125,0.0070648180000000005,0.11113281199999998,0.11928710800000002,0.079541014,0.037023924,Mitochondrion,"Cytoplasm, Mitochondrion"
ENSP00000438355,0.89375,0.168359376,0.06347656399999999,0.033398436000000004,0.324218754,0.859375,0.046118166,0.38476562599999997,0.4453125,0.19296875000000002,0.62734375,"Membrane, Mitochondrion",Peroxisome
ENSP00000286317,0.05756836,0.473828124,0.8140625,0.029003906000000003,0.06479492,0.06484375,0.009230804,0.11904297,0.18203125,0.126953124,0.019918824,"Cytoplasm, Nucleus",Nucleus
ENSP00000421252,0.038696288,0.308203124,0.95234375,0.026257326000000004,0.024279784,0.059326171999999996,0.008483886,0.036791992,0.033154296,0.05004883,0.0053482040000000005,Nucleus,Nucleus
ENSP00000468681,0.08994140599999999,0.5953125,0.603515624,0.151000976,0.08237304599999999,0.351171876,0.019311522,0.20888672000000003,0.050170898,0.10859375,0.002732848,"Cytoplasm, Nucleus",Cytoplasm
ENSP00000446613,0.176171874,0.340624998,0.310156248,0.548828126,0.058081054,0.281250002,0.21835937800000002,0.287792968,0.07319336000000001,0.218847654,0.254248046,None,Cytoplasm
ENSP00000416386,0.270312498,0.22558593600000001,0.165624998,0.8484375,0.19560547,0.293359374,0.035766599999999996,0.215332032,0.16298828199999998,0.31640625,0.06702881000000001,Extracellular,Cell membrane
ENSP00000402554,0.236328126,0.572265626,0.569140624,0.153710938,0.19042968799999999,0.287304686,0.024316406000000002,0.323046876,0.122509766,0.123242186,0.048681640000000005,"Cytoplasm, Nucleus",Nucleus
ENSP00000357383,0.753125,0.242578126,0.119140626,0.19897461,0.78671875,0.04511719,0.004122162,0.328906248,0.54921875,0.284960942,0.05579834,"Membrane, Cell membrane",Cell membrane
ENSP00000354921,0.17119140400000002,0.63515625,0.465624998,0.171874998,0.20605468799999999,0.271289062,0.009490968,0.202734376,0.24921874799999996,0.310937502,0.072534182,Cytoplasm,"Cytoplasm, Nucleus"
ENSP00000482500,0.045312498,0.42265625,0.8265625,0.063085938,0.031079101999999997,0.142773438,0.028613282,0.025415038,0.033374024,0.050659180000000005,0.077575684,Nucleus,"Cytoplasm, Nucleus"
ENSP00000248104,0.27890625,0.5984375,0.375781252,0.101367188,0.19765625,0.281933592,0.018884276,0.221875,0.54453125,0.487500002,0.068200684,Cytoplasm,Cytoplasm
ENSP00000467407,0.37734374800000003,0.342187498,0.41992187599999997,0.52734375,0.132519534,0.420703128,0.003929138,0.4517578139999999,0.11005859199999998,0.436328126,0.08699951000000002,None,Mitochondrion
ENSP00000355815,0.1703125,0.525390626,0.537109374,0.144335938,0.1640625,0.21572265399999999,0.063427736,0.122949216,0.090625,0.238671874,0.06909179400000001,"Cytoplasm, Nucleus",Cytoplasm
ENSP00000494221,0.100683594,0.542187498,0.66171875,0.11279296800000001,0.066503906,0.193164062,0.009915158,0.18232421999999998,0.08276367200000001,0.193066406,0.034350586,"Cytoplasm, Nucleus",Nucleus
ENSP00000461388,0.194921874,0.59609375,0.391796876,0.13403320400000002,0.212890624,0.416796878,0.016809082,0.12563476599999998,0.120898438,0.23398437199999997,0.010614013999999998,Cytoplasm,"Cytoplasm, Nucleus"
ENSP00000357904,0.246289062,0.65625,0.4109375,0.022656248,0.274023438,0.087719728,0.005126952,0.12255859399999999,0.158593748,0.223242188,0.019567872000000004,Cytoplasm,Nucleus
ENSP00000356332,0.67109375,0.295507812,0.125390626,0.3515625,0.73046875,0.168359374,0.004415891999999999,0.551953124,0.503515626,0.289062498,0.067529298,"Membrane, Cell membrane","Cytoplasm, Cell membrane"
ENSP00000398981,0.115527344,0.41640625,0.83671875,0.021179198,0.062792968,0.176367186,0.001662442,0.065722654,0.06752929799999999,0.134179688,0.00829468,Nucleus,Nucleus
ENSP00000473501,0.16933593600000002,0.6703125,0.496875,0.183691408,0.219140622,0.300390624,0.010415648000000001,0.12070312399999998,0.15351562600000002,0.268359376,0.312500002,Cytoplasm,"Cytoplasm, Cell membrane"
ENSP00000385303,0.8765625,0.191796872,0.062573242,0.040820314,0.23710937599999998,0.84453125,0.036010742,0.41640624800000003,0.336328124,0.191308594,0.79921875,"Membrane, Mitochondrion, Peroxisome",Peroxisome
ENSP00000507941,0.370507812,0.546875,0.481249998,0.045397948,0.15078125,0.531640626,0.062719726,0.4703125,0.25,0.43554687400000003,0.19152832,Cytoplasm,Cytoplasm
ENSP00000434998,0.195410156,0.583984376,0.481249998,0.147314454,0.216601564,0.208984376,0.005628965999999999,0.313867186,0.16640625,0.276757814,0.014343262,Cytoplasm,"Nucleus, Cell membrane"
ENSP00000323782,0.09619140600000001,0.578515624,0.72421875,0.05227050799999999,0.076464846,0.132226564,0.006721498000000001,0.07944336,0.050585938,0.14272461,0.005767824,"Cytoplasm, Nucleus",Cytoplasm
ENSP00000489757,0.128417968,0.366992188,0.35351562400000003,0.08930663800000001,0.09169922,0.573046876,0.050585936,0.194628906,0.11708984200000001,0.076220704,0.673046876,None,Mitochondrion
ENSP00000440485,0.309570312,0.6296875,0.485546876,0.502539062,0.200976564,0.168554688,0.013903806,0.225,0.077880858,0.148339842,0.07961425800000002,Cytoplasm,Cytoplasm
ENSP00000385972,0.25234375,0.6,0.5859375,0.135778808,0.10131835999999998,0.25234375,0.013684082,0.30195312799999996,0.23691406399999998,0.313867188,0.028289794,"Cytoplasm, Nucleus","Cytoplasm, Nucleus"
ENSP00000465413,0.181640624,0.583203126,0.6140625,0.08222656199999999,0.122851564,0.32226562400000003,0.01828003,0.22128906399999998,0.191796876,0.319921874,0.13378906200000001,"Cytoplasm, Nucleus",Nucleus
ENSP00000433578,0.154003906,0.583203126,0.70390625,0.095800782,0.12265625200000001,0.171679686,0.058374026,0.162890624,0.323046874,0.278320314,0.145458986,"Cytoplasm, Nucleus",Cytoplasm
ENSP00000463053,0.1125,0.3375,0.442968748,0.286328124,0.111328124,0.499609376,0.345312498,0.082958986,0.170117188,0.17089843799999999,0.252832034,None,Nucleus
ENSP00000339335,0.286523436,0.690625,0.375781252,0.334960936,0.18886718600000002,0.274609376,0.010412598,0.153808596,0.38242187800000005,0.284765628,0.061071776,Cytoplasm,"Cytoplasm, Nucleus, Cell membrane"
ENSP00000494836,0.19765625,0.515625,0.56953125,0.084960936,0.15,0.653125,0.032263184,0.318945314,0.200585938,0.06767578199999999,0.10351562399999999,"Cytoplasm, Nucleus, Mitochondrion","Cytoplasm, Nucleus, Endoplasmic reticulum"
ENSP00000481736,0.204882812,0.61328125,0.5828125,0.091015624,0.17998046799999998,0.358203126,0.017706298,0.264062502,0.25625,0.246875,0.17182617,"Cytoplasm, Nucleus","Cytoplasm, Nucleus"
ENSP00000400978,0.91875,0.10673827999999999,0.207421874,0.038623048,0.526171874,0.111035156,0.02265625,0.64453125,0.409375,0.426171874,0.026113892,"Membrane, Cell membrane, Endoplasmic reticulum",Endoplasmic reticulum
ENSP00000321691,0.159375002,0.73203125,0.5078125,0.18222656399999998,0.236523438,0.383984376,0.148339846,0.163281252,0.050170898,0.107275392,0.131152344,Cytoplasm,Nucleus
ENSP00000343706,0.10551757799999999,0.551953124,0.8546875,0.144238282,0.19375,0.17089843799999999,0.06707763600000001,0.045117187999999996,0.125585938,0.12280273400000001,0.022436522000000004,"Cytoplasm, Nucleus",Nucleus
ENSP00000376842,0.10283203,0.414453126,0.8578125,0.012652588000000001,0.049609376,0.190917968,0.0017787939999999998,0.06611328,0.07275390799999999,0.14941406200000001,0.008456420000000001,Nucleus,Nucleus
ENSP00000358775,0.20976562599999998,0.10673828199999999,0.143066404,0.083984374,0.11611327999999999,0.890625,0.019073488000000003,0.06254882799999999,0.068261716,0.090429686,0.095654296,Mitochondrion,Mitochondrion
ENSP00000357933,0.14277343599999998,0.5796875,0.60546875,0.038500976,0.132617188,0.362890626,0.04350585999999999,0.13027343600000002,0.202734374,0.224023438,0.17041015399999998,"Cytoplasm, Nucleus",Cytoplasm
ENSP00000420230,0.690625,0.245507814,0.148828124,0.206542968,0.73828125,0.119726564,0.00578766,0.380078126,0.34179687400000003,0.355859376,0.068237306,"Membrane, Cell membrane",Cell membrane
ENSP00000455709,0.203125,0.65390625,0.412890624,0.19609375,0.172070314,0.304296876,0.01484375,0.171875002,0.233007812,0.367187498,0.53671875,Cytoplasm,Cell membrane
ENSP00000402432,0.191210938,0.506640624,0.464843748,0.306250004,0.170117186,0.429687502,0.021020506,0.222265624,0.298046874,0.324609374,0.630078124,Cytoplasm,Cytoplasm
ENSP00000378347,0.156347656,0.262695314,0.265234374,0.212133788,0.135253906,0.056469723999999985,0.002497864,0.8609375,0.273046872,0.370898438,0.040771482000000005,Endoplasmic reticulum,Endoplasmic reticulum
ENSP00000410924,0.04838867200000001,0.374609376,0.88203125,0.175292966,0.075976562,0.08657226399999998,0.001255034,0.075927734,0.081445312,0.126171872,0.013989258000000001,Nucleus,Nucleus
ENSP00000507974,0.310351562,0.5421875,0.621875,0.092041014,0.34941406,0.11030273399999999,0.008346558,0.120703126,0.310742188,0.16250000199999998,0.017712402,"Cytoplasm, Nucleus","Cytoplasm, Nucleus, Cell membrane"
ENSP00000469165,0.497265624,0.308203126,0.328710938,0.279785156,0.162597656,0.4140625,0.031231692,0.38486328,0.543749998,0.34912109199999997,0.08537597600000002,Membrane,Cell membrane
ENSP00000390921,0.309570314,0.6671875,0.53125,0.051611328,0.201757812,0.134960938,0.0024356819999999993,0.197753906,0.45507812400000003,0.3875,0.0037883760000000004,"Cytoplasm, Nucleus","Cytoplasm, Nucleus, Cell membrane"
ENSP00000340836,0.1703125,0.73828125,0.566796874,0.16396484400000003,0.169433594,0.138476562,0.034594726000000006,0.103320312,0.284375,0.278515626,0.004039002000000001,"Cytoplasm, Nucleus",Cytoplasm
ENSP00000483724,0.14609375,0.326562496,0.55859375,0.15351562400000002,0.09453125,0.253125002,0.136523436,0.059082029999999994,0.056982422,0.17822265600000003,0.361914062,Nucleus,Nucleus
ENSP00000483581,0.74609375,0.214648438,0.09697265399999999,0.31835937599999997,0.79375,0.052783201999999994,0.005004882,0.314257812,0.49804687599999997,0.25605469000000003,0.065209962,"Membrane, Cell membrane",Cell membrane
ENSP00000465103,0.177441406,0.514453124,0.64140625,0.247460938,0.19023437599999998,0.307617188,0.023126222000000002,0.1796875,0.17871093799999999,0.271679688,0.123046874,"Cytoplasm, Nucleus",Endoplasmic reticulum
ENSP00000447690,0.111230466,0.493359376,0.58515625,0.07070312599999999,0.097412108,0.17421875,0.026641846000000004,0.10332031199999998,0.056542968000000006,0.277734376,0.006371306,"Cytoplasm, Nucleus",Nucleus
ENSP00000429461,0.205078124,0.39375,0.300781252,0.469921874,0.07321777199999999,0.64609375,0.112866214,0.13183593799999999,0.11279296800000001,0.2015625,0.229101562,Mitochondrion,"Cytoplasm, Nucleus, Cell membrane"
ENSP00000417697,0.651953126,0.07602539,0.09726562400000001,0.392968752,0.520312502,0.20566406399999998,0.015643308,0.13857422,0.328515626,0.11777343600000001,0.15435791,Membrane,Cell membrane
ENSP00000395172,0.101171876,0.441015626,0.73046875,0.07153320199999999,0.054516604,0.24980469000000002,0.008941648,0.158496094,0.302148438,0.160595702,0.090087892,Nucleus,Nucleus
ENSP00000435478,0.26621094,0.69921875,0.2953125,0.04321289,0.303710936,0.204882812,0.024310302000000002,0.13359375,0.129296874,0.11972656200000001,0.080786132,Cytoplasm,"Nucleus, Cell membrane"
ENSP00000364366,0.29511718600000003,0.73984375,0.5039062480000001,0.038452148000000005,0.27675781,0.179785156,0.00713196,0.308007814,0.341015626,0.417187498,0.030187986,Cytoplasm,"Cytoplasm, Nucleus"
ENSP00000350101,0.172363278,0.45117187400000003,0.56875,0.415234376,0.16962890400000002,0.46015625,0.017974852,0.14560547,0.29667968599999994,0.47109375,0.31220703,Nucleus,Nucleus
ENSP00000443330,0.417968748,0.583984374,0.40820312599999997,0.11879882800000001,0.39609375199999997,0.21757812599999998,0.008392335999999999,0.18076171800000002,0.248242186,0.364257812,0.008761597999999999,Cytoplasm,Nucleus
ENSP00000359727,0.206250002,0.6125,0.458203126,0.043481444,0.202539062,0.138574216,0.036547852000000006,0.08100586,0.19609375,0.273828126,0.241015622,Cytoplasm,Cytoplasm
ENSP00000354633,0.054394529999999996,0.20810547000000001,0.88046875,0.08315429599999999,0.070947266,0.09296874999999998,0.004223634,0.08852539,0.040917970000000005,0.027441405999999995,0.0022880559999999997,Nucleus,Nucleus
ENSP00000402496,0.090625,0.381250002,0.90703125,0.011355592,0.06723632799999998,0.146777344,0.003771974,0.069238282,0.12714844000000003,0.06020507800000001,0.005931092,Nucleus,Nucleus
ENSP00000507540,0.33359375199999997,0.62421875,0.48046875,0.05886230399999999,0.195312502,0.215576174,0.0022188159999999998,0.27734375,0.477734376,0.521875,0.010050964,Cytoplasm,"Cytoplasm, Nucleus, Cell membrane"
ENSP00000493494,0.38125,0.696875,0.33671875,0.07915038999999999,0.47070312400000003,0.2203125,0.028186038000000004,0.15722656399999999,0.31191406,0.278125,0.167333984,Cytoplasm,Nucleus
ENSP00000482619,0.136523438,0.449609374,0.520703126,0.553125,0.13398437400000002,0.332031248,0.021466066,0.1234375,0.117333986,0.268359374,0.32568359,None,Nucleus
ENSP00000445058,0.390234376,0.551171874,0.453515624,0.371875002,0.21171875199999998,0.12060546800000001,0.04790039,0.303515626,0.062011715999999995,0.223828126,0.10385742199999999,Cytoplasm,Cytoplasm
ENSP00000404402,0.050732422,0.405859374,0.8234375,0.08164062400000001,0.04685058600000001,0.111621094,0.013018798000000002,0.0625,0.05693359199999999,0.076416014,0.021453858,Nucleus,Nucleus
ENSP00000460273,0.219140624,0.45898437599999997,0.391015624,0.246679686,0.197265626,0.315234374,0.05441894599999999,0.266015624,0.258203126,0.28359375,0.09028320199999999,None,"Cytoplasm, Nucleus"
ENSP00000434572,0.08056640400000001,0.245703126,0.82265625,0.064990236,0.06455078,0.214843748,0.017816162000000003,0.036621096000000006,0.033398436,0.05932617,0.05378418,Nucleus,Nucleus
ENSP00000422756,0.223242186,0.484375002,0.424609374,0.17158203,0.08256836199999999,0.352734374,0.0036026,0.2015625,0.164355466,0.177441404,0.071313478,Cytoplasm,Nucleus
ENSP00000381204,0.73125,0.150292968,0.087597656,0.430859376,0.643359376,0.09819335800000001,0.005090334,0.22363281399999999,0.484375,0.27167969000000003,0.055200194,"Membrane, Cell membrane",Golgi apparatus
ENSP00000301838,0.286523438,0.68515625,0.4609375,0.14199218600000002,0.298046874,0.179492188,0.0074432380000000005,0.082128906,0.373828124,0.205078126,0.013693236000000001,Cytoplasm,"Cytoplasm, Nucleus"
ENSP00000448051,0.259179688,0.51640625,0.6734375,0.152832032,0.190234374,0.333398438,0.008740234000000001,0.44453125,0.39257812599999997,0.240234376,0.22929687599999998,"Cytoplasm, Nucleus",Nucleus
ENSP00000442083,0.335156252,0.39257812599999997,0.31875,0.145751952,0.22802734600000002,0.784375,0.11303711000000001,0.191406252,0.150878906,0.37109375,0.246289064,Mitochondrion,Nucleus
ENSP00000434508,0.175585938,0.596875,0.609375,0.088867188,0.09482421999999999,0.27714844000000005,0.023248289999999998,0.08999023399999999,0.083691406,0.293554688,0.181640626,"Cytoplasm, Nucleus",Nucleus
ENSP00000429765,0.530078126,0.556640624,0.37500000200000005,0.272851562,0.598828126,0.568359376,0.113525392,0.258984376,0.405859376,0.526953124,0.195507814,"Membrane, Cytoplasm, Cell membrane",Endoplasmic reticulum
ENSP00000428609,0.27148437599999997,0.5453125,0.425390624,0.053100586000000005,0.17304687400000002,0.6671875,0.046679688000000004,0.072460936,0.087695314,0.07980957,0.059973144,"Cytoplasm, Mitochondrion",Nucleus
ENSP00000463596,0.162011718,0.44726562200000003,0.6,0.30390625,0.097460938,0.182617186,0.04085082999999999,0.095996094,0.129101562,0.129003908,0.00421524,Nucleus,Nucleus
ENSP00000321445,0.07416992199999999,0.28125,0.9046875,0.044689942,0.052441404000000004,0.205371096,0.004835512,0.038061524,0.065698242,0.12055663999999999,0.010583493999999999,Nucleus,Nucleus
ENSP00000479243,0.6046875,0.236328124,0.16132812400000002,0.45527343800000003,0.64375,0.07802734200000001,0.001753996,0.27539062599999997,0.327929686,0.24765625,0.06141357199999999,"Membrane, Cell membrane",Cell membrane
ENSP00000413355,0.76328125,0.15917968600000001,0.232421874,0.018292236,0.16513672,0.146093752,0.11171875,0.7765625,0.282128906,0.65390625,0.030786134,"Membrane, Endoplasmic reticulum",Golgi apparatus
ENSP00000397198,0.3203125,0.09814453199999999,0.11367187599999999,0.065429686,0.09008789000000002,0.96796875,0.11044921600000002,0.03903808599999999,0.083642578,0.065771482,0.049926758,Mitochondrion,Cytoplasm
ENSP00000468452,0.19687499800000002,0.158789062,0.18066406200000001,0.13178710999999999,0.10024413800000001,0.9578125,0.018481446000000002,0.067822264,0.062939454,0.11357421600000002,0.25097656,Mitochondrion,Mitochondrion
ENSP00000359518,0.057373044000000005,0.179882812,0.95234375,0.05395508,0.083789062,0.037988282,0.05653075999999999,0.09291992199999999,0.024816892,0.03305664,0.010156252000000001,Nucleus,Nucleus
ENSP00000348050,0.63984375,0.206445312,0.24042968599999998,0.345996092,0.383984376,0.325195314,0.004161836,0.74375,0.221289062,0.5984375,0.109252928,"Membrane, Endoplasmic reticulum",Endoplasmic reticulum
ENSP00000285333,0.31562500200000004,0.418359376,0.62578125,0.384375,0.24414062199999997,0.305468752,0.002944562,0.13354492,0.119091796,0.184179686,0.10861816399999999,Nucleus,Cytoplasm
ENSP00000351380,0.04797363,0.29882812599999997,0.821875,0.02886963,0.03709717,0.19414062599999998,0.013189696,0.05151367,0.047900389999999994,0.072705078,0.006140138000000001,Nucleus,Nucleus
ENSP00000339690,0.7640625,0.217382812,0.09775390799999999,0.261523436,0.76953125,0.060424804,0.008892820000000001,0.38984375,0.499609376,0.277929688,0.107336426,"Membrane, Cell membrane",Cell membrane
ENSP00000479619,0.062744142,0.330859374,0.77890625,0.12211914000000001,0.06743164,0.184179688,0.007400512000000001,0.079052736,0.06069336000000001,0.08386230400000001,0.074951174,Nucleus,Nucleus
ENSP00000479128,0.29765625,0.42109375,0.519921874,0.361132812,0.144335938,0.428125,0.035498046,0.317773436,0.045092776,0.159375,0.035565186,None,Nucleus
ENSP00000431979,0.127539064,0.40078125,0.7171875,0.25224609600000003,0.116113282,0.5921875,0.049267578000000006,0.172265626,0.10937499799999999,0.180273438,0.14750976200000002,Nucleus,Nucleus
ENSP00000499371,0.18457031399999999,0.370312498,0.618359374,0.230468748,0.067333984,0.3125,0.07534179599999999,0.284375,0.289843752,0.24843750199999998,0.051245118,Nucleus,Nucleus
ENSP00000493140,0.056787109999999995,0.303515624,0.86796875,0.173779298,0.068847656,0.218945312,0.006451418,0.07568359399999999,0.040185548,0.05830078000000001,0.036096192,Nucleus,Nucleus
ENSP00000428877,0.10214843599999998,0.328515624,0.7234375,0.12089843600000001,0.09052734600000001,0.180859374,0.042932125999999994,0.16142578000000002,0.08291015399999999,0.131445312,0.011926268,Nucleus,"Nucleus, Cell membrane"
ENSP00000319532,0.252148438,0.505078126,0.59140625,0.10595702999999998,0.218945312,0.33789062400000003,0.021093748000000002,0.22480469000000003,0.16875,0.226953124,0.239843752,"Cytoplasm, Nucleus",Nucleus
ENSP00000497996,0.05693359200000001,0.232812498,0.84921875,0.09521484399999999,0.044482422,0.14687500199999998,0.005737305999999999,0.104785156,0.047558592,0.04760742,0.0068038940000000004,Nucleus,Nucleus
ENSP00000384925,0.375976562,0.6296875,0.361132812,0.059545898,0.382226562,0.363867188,0.014352416000000002,0.06503906,0.14697265799999998,0.179980468,0.01937256,Cytoplasm,Cytoplasm
ENSP00000389028,0.116210938,0.242578126,0.159960936,0.9390625,0.128710938,0.1890625,0.04050903199999999,0.176953126,0.109375,0.214453124,0.024487304,Extracellular,Cell membrane
ENSP00000388887,0.425,0.603125,0.375390626,0.0640625,0.523046874,0.20859375,0.025402832000000004,0.279687502,0.329296876,0.285546876,0.12553710599999998,Cytoplasm,"Cytoplasm, Nucleus"
ENSP00000398720,0.101123046,0.69375,0.528515624,0.052026366000000004,0.08730468599999999,0.20078124800000002,0.038293456000000003,0.1734375,0.15297851199999998,0.0875,0.162377928,"Cytoplasm, Nucleus",Cytoplasm
ENSP00000361577,0.274804686,0.607421874,0.5765625,0.041406248,0.21875,0.141943358,0.002614592,0.342968752,0.172460938,0.194628906,0.07331543,"Cytoplasm, Nucleus",Nucleus
ENSP00000477624,0.7203125,0.285351562,0.12861328,0.17480468799999999,0.224804686,0.815625,0.139794924,0.38984375,0.19824218600000001,0.22949218799999999,0.5345703119999999,"Membrane, Mitochondrion",Mitochondrion
ENSP00000455260,0.089550782,0.5,0.64375,0.101867674,0.135253906,0.202929688,0.003952025999999999,0.10073242,0.104394532,0.15380859600000002,0.001893614,"Cytoplasm, Nucleus",Nucleus
ENSP00000435383,0.310351562,0.68203125,0.358203124,0.034020998000000004,0.256640626,0.191210938,0.015710448,0.238281252,0.3859375,0.20302734399999997,0.04049072199999999,Cytoplasm,"Nucleus, Cell membrane"
ENSP00000412919,0.05422363,0.374218748,0.84453125,0.035089114000000005,0.035595702,0.193554688,0.0038314819999999998,0.156835938,0.12036132799999999,0.14189453000000002,0.006147768,Nucleus,Nucleus
ENSP00000443879,0.23671875,0.67265625,0.35312500199999997,0.078222656,0.280273438,0.15527343600000001,0.009529114,0.202929688,0.305078124,0.446484376,0.014208984000000003,Cytoplasm,Nucleus
ENSP00000414177,0.118945312,0.43203124800000003,0.80625,0.018887328000000002,0.08520507799999999,0.103417968,0.004663084,0.119531248,0.130664062,0.146972656,0.038366702,Nucleus,Nucleus
ENSP00000412141,0.38457031599999997,0.466015624,0.514843752,0.224414062,0.42246093600000006,0.3109375,0.016085816,0.311328126,0.11767578000000001,0.086572264,0.021337889999999998,None,Cell membrane
ENSP00000410912,0.19921875,0.3296875,0.168359376,0.23740234400000002,0.089746094,0.95078125,0.143652344,0.097167966,0.098535156,0.08203124800000001,0.289550782,Mitochondrion,"Cytoplasm, Nucleus, Cell membrane"
ENSP00000404796,0.10966796599999999,0.363281248,0.8546875,0.043731688000000005,0.097558594,0.16875,0.009069824,0.097021484,0.033715822,0.047753906,0.025390624,Nucleus,Nucleus
ENSP00000262396,0.083984374,0.60078125,0.497265624,0.16123047,0.086816404,0.18466797000000001,0.018820192,0.10146484200000001,0.176660158,0.103759764,0.049975588,Cytoplasm,"Cytoplasm, Nucleus"
ENSP00000496136,0.058789062,0.301367186,0.72890625,0.15693359199999998,0.04252929600000001,0.47578125,0.01762085,0.116796876,0.034960938,0.08251953,0.047827148,Nucleus,Mitochondrion
ENSP00000461145,0.13701172,0.453515624,0.57265625,0.129687498,0.07167968799999999,0.136328126,0.016036988000000002,0.11425781399999999,0.08442382799999999,0.149121096,0.004908752,Nucleus,Nucleus
ENSP00000435057,0.37734374800000003,0.61328125,0.49921875,0.133691406,0.4390625,0.542578124,0.008428954,0.15126953199999998,0.291601562,0.264257812,0.034765626,Cytoplasm,"Cytoplasm, Nucleus"
ENSP00000337340,0.15097655999999998,0.58125,0.59140625,0.081347656,0.20019531399999999,0.14179687200000002,0.05491943199999999,0.13115234199999998,0.111132812,0.1671875,0.019531252,"Cytoplasm, Nucleus",Nucleus
ENSP00000464158,0.946875,0.116796878,0.084423828,0.041345216000000004,0.37304687599999997,0.29628906400000005,0.008509828,0.7078125,0.299609376,0.651171874,0.037825012,"Membrane, Endoplasmic reticulum","Mitochondrion, Endoplasmic reticulum"
ENSP00000494697,0.183886718,0.6234375,0.66484375,0.07763671800000001,0.24492187799999998,0.441796874,0.007077026,0.392968752,0.20644531000000002,0.06621093800000001,0.037408448,"Cytoplasm, Nucleus","Cytoplasm, Nucleus, Endoplasmic reticulum"
ENSP00000385962,0.703125,0.114257812,0.257226562,0.45703125,0.205273438,0.25332031,0.15703125,0.62421875,0.237109374,0.4154296860000001,0.014093016,Membrane,Nucleus
ENSP00000379758,0.87734375,0.15351562600000002,0.132324218,0.11193847799999998,0.274218752,0.304492188,0.00719452,0.60078125,0.27578125,0.6203125,0.096911622,Membrane,"Mitochondrion, Endoplasmic reticulum"
ENSP00000340294,0.622265626,0.532421876,0.236523436,0.09277343600000001,0.34121093999999996,0.09238281000000001,0.009228515999999999,0.62109375,0.4375,0.553515626,0.24235839800000006,"Membrane, Cytoplasm",Cytoplasm
ENSP00000414323,0.172753906,0.60625,0.40429687400000003,0.25683594,0.17421875199999998,0.259375,0.004216004,0.154394532,0.2859375,0.550390624,0.05686034999999999,Cytoplasm,Cytoplasm
ENSP00000508017,0.190722656,0.464843752,0.571484374,0.074609372,0.10024414000000001,0.350585938,0.025305176000000002,0.363281252,0.222851562,0.18144531,0.148095704,Nucleus,Cytoplasm
ENSP00000409315,0.019799806,0.5000000019999999,0.81640625,0.037744137999999997,0.024853516,0.09238281200000001,0.006500244,0.145410156,0.03779297,0.071240234,0.004171754,"Cytoplasm, Nucleus","Cytoplasm, Nucleus"
ENSP00000347275,0.65625,0.080029296,0.10683593799999999,0.384179688,0.4984375,0.19238281200000001,0.019018556,0.146875,0.315625002,0.10791015799999999,0.13794555400000003,Membrane,Cell membrane
ENSP00000483473,0.77734375,0.21406249800000002,0.097070312,0.23242187399999997,0.80078125,0.041015624,0.006097414000000001,0.359375,0.446484376,0.251367188,0.0876709,"Membrane, Cell membrane",Cell membrane
ENSP00000481099,0.212695314,0.498828124,0.5039062480000001,0.445312502,0.128027344,0.426953126,0.04636230399999999,0.377929688,0.111083984,0.323828124,0.11353759599999999,Cytoplasm,Nucleus
ENSP00000394858,0.65390625,0.08061523200000001,0.10527344000000001,0.422656252,0.551171874,0.1765625,0.012054442,0.15175781,0.318164062,0.12382812400000001,0.096710206,"Membrane, Cell membrane",Cell membrane
ENSP00000386688,0.148925782,0.362890624,0.278710938,0.45117187599999997,0.11669921800000001,0.29667968800000005,0.324414062,0.10341797,0.143066406,0.192773438,0.154199218,None,Peroxisome
ENSP00000383710,0.15576172,0.46679687599999997,0.493359374,0.50234375,0.141308592,0.442968748,0.043164064,0.20859375,0.14550781,0.399609376,0.22702636800000003,None,Nucleus
ENSP00000355285,0.723046876,0.15537109200000002,0.09130859399999999,0.450390624,0.63671875,0.09140625,0.0054245000000000005,0.224609376,0.48242187599999997,0.25996094000000003,0.054333496,"Membrane, Cell membrane",Golgi apparatus
ENSP00000259037,0.73203125,0.108398438,0.079296876,0.02199707,0.16777343800000002,0.9515625,0.073706058,0.19648437600000004,0.047607422,0.091601564,0.048864746,"Membrane, Mitochondrion",Mitochondrion
ENSP00000505459,0.199023436,0.325390624,0.286523436,0.561523438,0.04329834,0.307812502,0.1685791,0.293261716,0.06918945200000001,0.208642578,0.322363282,None,Cytoplasm
ENSP00000493145,0.195019532,0.4511718780000001,0.54609375,0.46328125,0.15136718799999999,0.35546875,0.044665526,0.16953125,0.142089844,0.332617188,0.077661132,Nucleus,Nucleus
ENSP00000458425,0.188671876,0.55703125,0.44765624800000003,0.197167968,0.118212888,0.36171875,0.125463868,0.077539062,0.19677734600000002,0.156689454,0.178979494,Cytoplasm,Nucleus
ENSP00000441844,0.135058594,0.65546875,0.6453125,0.031933593999999996,0.087792968,0.254589844,0.035498046000000005,0.19580078199999998,0.155664062,0.058813475999999996,0.16538085800000002,"Cytoplasm, Nucleus",Mitochondrion
ENSP00000423100,0.089160156,0.24726562600000004,0.934375,0.028198239999999996,0.06870116999999999,0.187304686,0.011709594,0.068212892,0.041528319999999994,0.028674316,0.020254516,Nucleus,Nucleus
ENSP00000356372,0.153710938,0.61640625,0.65546875,0.050732422,0.072558594,0.284960938,0.08583984400000001,0.21875,0.529296876,0.48203125199999997,0.076647948,"Cytoplasm, Nucleus",Nucleus
ENSP00000329920,0.81796875,0.296875,0.160742188,0.07438964799999999,0.7828125,0.042431642,0.0007591239999999999,0.25761719000000005,0.353710938,0.538281248,0.068530274,"Membrane, Cell membrane",Cell membrane
ENSP00000497105,0.162402342,0.6578125,0.4984375,0.042089844,0.077136228,0.390820314,0.09799804599999999,0.194140624,0.247851564,0.313476562,0.31303711,Cytoplasm,Nucleus
ENSP00000478795,0.23710937599999998,0.5734375,0.45078125199999997,0.171484374,0.21210937400000002,0.37324218600000003,0.011087036,0.108935546,0.166894528,0.070166016,0.027752686,Cytoplasm,Nucleus
ENSP00000461965,0.09267577999999999,0.71015625,0.696875,0.033398438,0.096435546,0.193359374,0.014685058,0.15253906199999998,0.24101562599999998,0.145703126,0.166503906,"Cytoplasm, Nucleus","Cytoplasm, Nucleus"
ENSP00000442817,0.054370118,0.584765624,0.70234375,0.057177732,0.049194334,0.20214843799999999,0.029663087999999997,0.150683592,0.158691406,0.378320314,0.0388916,"Cytoplasm, Nucleus",Nucleus
ENSP00000438000,0.056933594,0.372656254,0.825,0.03521118399999999,0.031408689999999996,0.19140625,0.004914854000000001,0.147558594,0.09296875,0.130224608,0.007885742,Nucleus,Nucleus
ENSP00000433322,0.276953122,0.430859374,0.434375,0.549609376,0.11586914,0.4578125,0.01833496,0.309960938,0.032373045999999996,0.356054686,0.25847168,None,Nucleus
ENSP00000415044,0.129589844,0.30390625,0.264648438,0.8140625,0.115625,0.308203124,0.145166014,0.283349612,0.075683592,0.328906248,0.052691648,Extracellular,Nucleus
ENSP00000414071,0.89453125,0.15205078,0.114257812,0.044830322,0.297656248,0.36875000199999997,0.005999756,0.63359375,0.327148436,0.483984376,0.144784546,"Membrane, Endoplasmic reticulum","Mitochondrion, Endoplasmic reticulum"
ENSP00000450791,0.264453124,0.18457031200000001,0.127539062,0.89453125,0.274414064,0.188671876,0.00403137,0.30703125,0.16904297,0.389453126,0.020068356,Extracellular,Nucleus
ENSP00000433561,0.351171878,0.596875,0.48515625,0.066308594,0.171875,0.058471680000000005,0.012854006000000001,0.13671875,0.129345706,0.184277342,0.027450562,Cytoplasm,Cytoplasm
ENSP00000401452,0.3515625,0.896875,0.182128906,0.071240236,0.41914062799999996,0.36640625,0.020697022,0.12832031400000002,0.170410156,0.286816408,0.007958983999999999,Cytoplasm,Cytoplasm
ENSP00000343060,0.086035156,0.51328125,0.57421875,0.17646484599999998,0.055322265999999995,0.24755859399999997,0.069946288,0.049121092,0.038952636000000006,0.11850586,0.22167968799999999,"Cytoplasm, Nucleus","Cytoplasm, Nucleus"
ENSP00000420933,0.070312502,0.452343752,0.63828125,0.061596677999999995,0.04584961,0.102148438,0.005466462,0.07983398400000001,0.07871093600000001,0.12524414,0.018719484,Nucleus,Nucleus
ENSP00000362463,0.27148437599999997,0.80625,0.24453125199999998,0.106738284,0.18583984599999998,0.347265624,0.012585447999999999,0.46621094,0.13442382800000002,0.23447265599999997,0.114282226,Cytoplasm,"Cytoplasm, Nucleus, Cell membrane"
ENSP00000346239,0.13603515400000002,0.68984375,0.49140625,0.145703126,0.199804686,0.346875,0.124609376,0.17734375,0.07402343600000001,0.09902343799999999,0.121887206,Cytoplasm,Nucleus
ENSP00000304327,0.14648437799999997,0.59453125,0.65703125,0.12041015400000002,0.19765625,0.2828125,0.018200684,0.180175782,0.1421875,0.19375000199999998,0.110253906,"Cytoplasm, Nucleus",Nucleus
ENSP00000500602,0.145019532,0.47773437799999996,0.418749998,0.309960938,0.056396484000000004,0.412890624,0.13554687599999998,0.19628906200000001,0.227148438,0.332421874,0.31152344000000004,Cytoplasm,Nucleus
ENSP00000460661,0.143066406,0.496875,0.525,0.537890626,0.11123047,0.383203124,0.05517578399999999,0.119238282,0.164746092,0.35253906599999996,0.172827148,Cytoplasm,Golgi apparatus
ENSP00000253023,0.44296875,0.598046876,0.533984376,0.053768922,0.2953125,0.31054687599999997,0.013165284,0.288867188,0.47832031199999997,0.325195314,0.010369109999999999,"Cytoplasm, Nucleus",Nucleus
ENSP00000506294,0.18261718799999999,0.51328125,0.42109375,0.354882814,0.214355466,0.6265625,0.009436036,0.164160156,0.187695314,0.103808592,0.024990846,Cytoplasm,"Cytoplasm, Nucleus"
ENSP00000501444,0.224804688,0.524609374,0.47070312400000003,0.104785156,0.10410156200000001,0.21650390599999997,0.036523438000000005,0.194628906,0.47890624800000003,0.378515626,0.087817382,Cytoplasm,Cytoplasm
ENSP00000437459,0.069580076,0.391796874,0.70625,0.165478518,0.051586914,0.080712892,0.033764647999999994,0.09628906000000001,0.026733398,0.079980468,0.024780272,Nucleus,Nucleus
ENSP00000497622,0.298242188,0.558203124,0.3796875,0.117871094,0.16210937799999997,0.153125,0.018914796,0.51484375,0.48515625,0.43242187200000004,0.01573486,Cytoplasm,Nucleus
ENSP00000464084,0.77890625,0.19609375,0.1515625,0.113037108,0.83515625,0.10029296800000001,0.00532379,0.19140625,0.4234375,0.265234374,0.116015626,"Membrane, Cell membrane",Cell membrane
ENSP00000436575,0.292187502,0.33125,0.59609375,0.05507812599999999,0.069189454,0.46679687400000003,0.003061676,0.10292968799999999,0.084277346,0.237890624,0.042565915999999995,Nucleus,Nucleus
ENSP00000435798,0.362109374,0.5890625,0.56796875,0.13925781399999998,0.391406252,0.496874998,0.009185790000000001,0.214648438,0.17675781200000001,0.279101562,0.08920898399999999,"Cytoplasm, Nucleus","Cytoplasm, Nucleus"
ENSP00000394502,0.13183593799999999,0.491015628,0.71796875,0.089404294,0.1625,0.209570312,0.019781496,0.15332031200000001,0.184082028,0.13164062599999998,0.16123046800000002,"Cytoplasm, Nucleus",Nucleus
ENSP00000386623,0.101757812,0.319140624,0.62578125,0.653125,0.023681642000000003,0.275488284,0.031546018,0.59765625,0.16679687599999998,0.15141601600000001,0.16503906399999999,"Nucleus, Extracellular",Nucleus
ENSP00000222968,0.09423828199999999,0.4234375,0.71953125,0.022998046,0.08840332000000001,0.10800781200000001,0.01061554,0.10034179600000001,0.076416016,0.09975585999999999,0.004115294,Nucleus,"Cytoplasm, Cell membrane"
ENSP00000452545,0.05864258,0.331640624,0.9203125,0.08876953,0.043261720000000004,0.073046876,0.009339905999999999,0.12817383,0.046557618,0.025646974,0.005139162,Nucleus,Nucleus
ENSP00000450228,0.19765625,0.659375,0.62890625,0.15595703,0.20371093999999998,0.260742188,0.044018554,0.222851564,0.110253906,0.14501953,0.02012329,"Cytoplasm, Nucleus",Cytoplasm
ENSP00000453631,0.030493164,0.5296875,0.66484375,0.169335938,0.033374024,0.215234374,0.026727294000000002,0.03671875,0.024328612,0.04005127,0.055358885999999996,"Cytoplasm, Nucleus",Nucleus
ENSP00000392425,0.5703125,0.523046874,0.36875,0.252734376,0.634375,0.576562498,0.108569336,0.2671875,0.425390628,0.5828125,0.203320312,"Membrane, Cytoplasm, Cell membrane",Endoplasmic reticulum
ENSP00000498206,0.253515624,0.56484375,0.41953125199999997,0.12656250200000002,0.13896484599999998,0.15498046999999998,0.013439940000000001,0.47265625,0.399414062,0.36953125,0.018530271999999997,Cytoplasm,Nucleus
ENSP00000465068,0.055761717999999995,0.3625,0.89921875,0.039855958000000004,0.058593752,0.137402344,0.030871581999999998,0.086132814,0.061376954,0.047851562,0.012268067999999998,Nucleus,Nucleus
ENSP00000454999,0.49296875,0.47109375,0.273828124,0.22109375,0.19384765399999998,0.280468748,0.021139527999999998,0.484375,0.202734374,0.191552732,0.011502076,"Membrane, Cytoplasm",Nucleus
ENSP00000453720,0.84609375,0.34531250199999997,0.19648437400000002,0.086560058,0.543359374,0.028588866,0.0017761220000000002,0.65078125,0.343359372,0.83515625,0.011883546,"Membrane, Cell membrane, Endoplasmic reticulum, Golgi apparatus",Golgi apparatus
ENSP00000450934,0.13212890800000002,0.6421875,0.533984376,0.10810546800000001,0.140820314,0.240429688,0.156982424,0.118847654,0.13964843799999999,0.185351562,0.15576172,"Cytoplasm, Nucleus",Cytoplasm
ENSP00000449299,0.183203126,0.4984375,0.421093748,0.351171876,0.21298827999999997,0.6203125,0.013858031999999998,0.174999998,0.17363281000000003,0.10224609399999998,0.015167238,Cytoplasm,"Cytoplasm, Nucleus"
ENSP00000419248,0.64140625,0.144335938,0.087597654,0.028051760000000002,0.107617188,0.94921875,0.07265625,0.21201172000000001,0.052685543999999994,0.100683594,0.035424806,"Membrane, Mitochondrion",Mitochondrion
ENSP00000344330,0.5640625,0.61015625,0.323046876,0.11074218799999999,0.610546876,0.42109375,0.010217288000000001,0.13378906200000001,0.45703125,0.333007814,0.018811036,"Membrane, Cytoplasm, Cell membrane",Cytoplasm
ENSP00000491581,0.24550781600000002,0.13173828,0.082470704,0.031127930000000005,0.05493163999999999,0.95,0.367578124,0.028015134000000004,0.045263672,0.040502928,0.156347656,Mitochondrion,Mitochondrion
ENSP00000455088,0.21777343799999999,0.26269530999999996,0.043896484,0.065356444,0.055273437999999994,0.940625,0.37695312400000003,0.05029296799999999,0.084765622,0.06784667999999999,0.042700194,Mitochondrion,Mitochondrion
ENSP00000453201,0.26796875,0.65703125,0.4796875,0.037695313999999994,0.25312500200000004,0.265527344,0.007232667999999999,0.172460938,0.16494140399999999,0.138574218,0.07011718800000001,Cytoplasm,Nucleus
ENSP00000409820,0.74609375,0.24511718600000001,0.191796872,0.063183592,0.43125,0.416406252,0.032666014,0.76484375,0.365429688,0.49023437599999997,0.14694824,"Membrane, Endoplasmic reticulum",Cytoplasm
ENSP00000467841,0.09550781000000001,0.32187500199999997,0.72890625,0.221289062,0.07109375,0.10966796999999999,0.014587404000000002,0.11210937400000001,0.13818359200000002,0.07727050999999999,0.12541504,Nucleus,Nucleus
ENSP00000456491,0.201953124,0.158203126,0.160546876,0.93359375,0.250585938,0.10888671999999999,0.009027102,0.224414064,0.19003906399999998,0.22910156,0.017773436,Extracellular,Cell membrane
ENSP00000390788,0.071044922,0.4671875,0.72890625,0.14570312400000002,0.058837890000000004,0.134863282,0.017565918000000003,0.08671875,0.143066406,0.093945312,0.05786133,Nucleus,Cell membrane
ENSP00000372651,0.147558594,0.472265626,0.5828125,0.5515625,0.151562498,0.29843750199999997,0.05157470799999999,0.135644532,0.169628906,0.386328126,0.11867676,"Cytoplasm, Nucleus",Nucleus
ENSP00000498150,0.14609374800000002,0.5828125,0.6484375,0.232421874,0.1515625,0.360156248,0.09667968999999998,0.158398436,0.203320312,0.163964844,0.262597654,"Cytoplasm, Nucleus",Nucleus
ENSP00000475146,0.29511718600000003,0.49804687400000003,0.3921875,0.127050782,0.275195312,0.455468752,0.084179688,0.354882812,0.30742188000000004,0.448828124,0.194726564,Cytoplasm,Nucleus
ENSP00000452878,0.05039062600000001,0.128613282,0.934375,0.01040039,0.046484374,0.085668942,0.005004882,0.107617186,0.06157226600000001,0.103710936,0.015057373999999998,Nucleus,Nucleus
ENSP00000414655,0.09511718799999999,0.519140624,0.61328125,0.14775390800000002,0.115234376,0.116503906,0.019885254,0.11650390399999999,0.243945314,0.09316405999999999,0.106347656,"Cytoplasm, Nucleus",Cytoplasm
ENSP00000413925,0.186914064,0.68046875,0.44609375,0.27314453,0.188183594,0.59140625,0.038726805999999996,0.167187502,0.348828124,0.340234378,0.17900390400000002,Cytoplasm,Cytoplasm
ENSP00000368745,0.46015625,0.640625,0.41484375,0.068017578,0.44374999800000003,0.253515624,0.010105896,0.20966797,0.33007812599999997,0.34765625,0.043811036000000005,"Membrane, Cytoplasm","Cytoplasm, Nucleus"
ENSP00000474048,0.103857422,0.421093748,0.509765624,0.559765626,0.107031252,0.387304686,0.01078644,0.138476562,0.17744140800000002,0.234960936,0.66328125,None,Nucleus
ENSP00000429628,0.088330078,0.297265624,0.70078125,0.237695312,0.11464843799999999,0.097070312,0.00232773,0.05751953,0.12392578000000001,0.11357421999999999,0.10098876999999999,Nucleus,Nucleus
ENSP00000417632,0.175683594,0.57890625,0.59453125,0.08322753600000002,0.135253906,0.330859376,0.0311615,0.14394531400000002,0.345507812,0.298632812,0.012704466000000001,"Cytoplasm, Nucleus",Mitochondrion
ENSP00000492149,0.082324218,0.56171875,0.7734375,0.07341308399999999,0.07900390800000001,0.155664062,0.014538576000000001,0.142968748,0.167382814,0.151074218,0.09914551,"Cytoplasm, Nucleus",Nucleus
ENSP00000404950,0.41777343599999994,0.16972656,0.13808593600000002,0.8625,0.501171876,0.070507814,0.012805173999999999,0.309765626,0.27343749799999995,0.263476562,0.00346985,Extracellular,Cell membrane
ENSP00000367901,0.152734376,0.5921875,0.66171875,0.10288085799999999,0.202734376,0.29648437800000005,0.015020754,0.189062502,0.12958984,0.18261719,0.11250000200000002,"Cytoplasm, Nucleus",Nucleus
ENSP00000498311,0.036499024000000005,0.133691406,0.87890625,0.074145506,0.027246094,0.21015625,0.046508788,0.049438477999999994,0.026196288,0.045483395999999995,0.018774414,Nucleus,Nucleus
ENSP00000462446,0.84453125,0.12685546600000003,0.145117186,0.13564453,0.358203124,0.517187502,0.009577939999999998,0.407617188,0.5328125,0.375,0.08981933800000001,Membrane,Cell membrane
ENSP00000442725,0.467968748,0.484375,0.361914064,0.037170408,0.20800780999999996,0.250585938,0.0040954599999999996,0.10878906399999999,0.345898438,0.282226564,0.11379394399999998,"Membrane, Cytoplasm",Cytoplasm
ENSP00000441425,0.167773438,0.607421876,0.451953126,0.184179686,0.172460938,0.268359376,0.011343384000000001,0.15673827999999998,0.11259765400000002,0.127148436,0.009579465999999998,Cytoplasm,"Cytoplasm, Nucleus"
ENSP00000377133,0.099414062,0.36875000399999996,0.778125,0.05004883,0.068164062,0.064355468,0.010708618,0.10859375,0.03601074,0.07309570400000001,0.030078124,Nucleus,Nucleus
ENSP00000347133,0.18457031200000001,0.546875,0.533984376,0.08256836,0.159960938,0.351953126,0.017706298000000002,0.16777344,0.255664062,0.23339843799999999,0.44375,"Cytoplasm, Nucleus",Mitochondrion
ENSP00000458596,0.58984375,0.502734374,0.21826172000000002,0.208251952,0.30253906399999997,0.7421875,0.045639038,0.375,0.419531248,0.55703125,0.11481018000000001,"Membrane, Cytoplasm, Mitochondrion",Mitochondrion
ENSP00000452763,0.102734374,0.18242187599999998,0.26367187400000003,0.09418945199999999,0.054541016,0.92578125,0.142578124,0.054052736000000004,0.04382324,0.029125978000000004,0.177343752,Mitochondrion,"Cytoplasm, Endoplasmic reticulum"
ENSP00000450519,0.07436523399999999,0.5765625,0.78125,0.06240234200000001,0.07080078000000001,0.230859376,0.06119384800000001,0.127929688,0.09736328000000001,0.07871093599999998,0.143847658,"Cytoplasm, Nucleus",Nucleus
ENSP00000444110,0.236523436,0.6328125,0.48125,0.04609375,0.28984375,0.270117186,0.010829162,0.08525390799999999,0.105566406,0.194921876,0.128710938,Cytoplasm,"Nucleus, Cell membrane"
ENSP00000464646,0.248632812,0.457812498,0.479296874,0.09682617200000002,0.149023438,0.309179688,0.011135864,0.194726558,0.150097656,0.08483886599999999,0.017718506000000002,None,"Cytoplasm, Cell membrane"
ENSP00000452909,0.137207034,0.16933594,0.200585938,0.09082031199999999,0.05805663800000001,0.93125,0.19736328,0.050390625999999994,0.03950195199999999,0.041552734,0.14975586000000002,Mitochondrion,"Cytoplasm, Endoplasmic reticulum"
ENSP00000436839,0.08496093600000001,0.8,0.518359374,0.103564452,0.045678711999999996,0.71328125,0.060229491999999996,0.148730468,0.22529296799999998,0.230908202,0.33388671799999997,"Cytoplasm, Mitochondrion","Cytoplasm, Nucleus, Cell membrane"
ENSP00000469917,0.18847656200000001,0.588671874,0.447656252,0.340820312,0.10869140399999999,0.220898438,0.020629882,0.10888671800000001,0.26914062600000005,0.244335938,0.10926513600000001,Cytoplasm,"Cytoplasm, Nucleus, Cell membrane"
ENSP00000467566,0.21347656399999998,0.14814453,0.088867188,0.85625,0.177343748,0.22636719,0.007254028,0.39765625,0.31640625,0.252929688,0.009243774,Extracellular,Endoplasmic reticulum
ENSP00000457082,0.129296874,0.42109375,0.740625,0.022680666,0.11796875,0.132226562,0.08540038999999999,0.12265625,0.124804688,0.11899414,0.21220703200000002,Nucleus,Nucleus
ENSP00000433033,0.215429688,0.253515628,0.167285156,0.8046875,0.1,0.315625,0.045489504,0.334082032,0.014782716000000001,0.403906248,0.063510132,Extracellular,"Cytoplasm, Nucleus"
ENSP00000432453,0.4421875,0.59375,0.409765628,0.087792968,0.313476562,0.386523436,0.005566410000000001,0.4109375,0.54765625,0.444531252,0.061474608,Cytoplasm,Cytoplasm
ENSP00000430322,0.247460938,0.231054688,0.23984375,0.04738769600000001,0.088818362,0.96640625,0.045800782,0.034985352,0.086767576,0.06308593800000001,0.008886717999999998,Mitochondrion,Mitochondrion
ENSP00000407265,0.062597656,0.32968750199999997,0.69140625,0.070458984,0.016107178,0.128906252,0.020629882000000002,0.08515624800000002,0.037719725999999995,0.030664062000000002,0.026379396,Nucleus,Nucleus
ENSP00000394699,0.391796876,0.6734375,0.493359374,0.055834962,0.40351562799999996,0.20292968599999997,0.025415038,0.279101562,0.38515625,0.201367188,0.015570068000000001,Cytoplasm,Nucleus
ENSP00000357374,0.26484375,0.216992188,0.149902346,0.71640625,0.244531248,0.11064453,0.042089844,0.340624998,0.32207031599999997,0.29199219,0.03305664,Extracellular,Cell membrane
ENSP00000472375,0.10878905999999999,0.66171875,0.282421872,0.23212890800000002,0.07514648199999999,0.16640625,0.11949462799999999,0.14951172,0.216601562,0.266601562,0.13935547,Cytoplasm,Cytoplasm
ENSP00000467651,0.162695312,0.30625,0.48515625,0.207373048,0.10771484199999999,0.5171875,0.23203125,0.132128906,0.078955078,0.112841796,0.028271484000000003,None,Cytoplasm
ENSP00000460067,0.09902343799999999,0.402734376,0.659375,0.44824218800000004,0.101757812,0.288671874,0.0083313,0.15097656399999998,0.1890625,0.11464843599999999,0.44726562599999997,Nucleus,Nucleus
ENSP00000453781,0.136523438,0.43828125,0.396875002,0.26757812599999997,0.123144532,0.71171875,0.221875,0.10195312599999999,0.11669921799999998,0.154882812,0.045751952,Mitochondrion,Mitochondrion
ENSP00000449287,0.06088867199999999,0.165820312,0.9421875,0.0048751820000000005,0.05041503599999999,0.073217776,0.008425904000000001,0.095703124,0.077246094,0.109277344,0.012261964,Nucleus,Nucleus
ENSP00000436824,0.16777344,0.554296874,0.519140624,0.07812499799999999,0.077197266,0.305468748,0.027241516,0.22285156400000003,0.365429688,0.20820312400000002,0.10698242,Cytoplasm,"Cytoplasm, Nucleus"
ENSP00000429946,0.08222656199999999,0.41953125199999997,0.80546875,0.048437499999999994,0.088476564,0.09238281200000001,0.012896728,0.16289062599999998,0.038159182,0.038427734,0.007656862,Nucleus,Nucleus
ENSP00000428991,0.326757812,0.38750000399999995,0.50078125,0.388281248,0.14941406399999999,0.5125,0.047216796,0.244335938,0.378906252,0.43671875,0.032159424,None,Cytoplasm
ENSP00000421390,0.21337890399999998,0.546484376,0.62890625,0.086035156,0.14248047,0.231835938,0.023400878,0.11328125,0.225781252,0.255273434,0.014138794000000001,"Cytoplasm, Nucleus","Cytoplasm, Nucleus"
ENSP00000345092,0.053027344,0.4171875,0.8125,0.030041504000000004,0.046752928000000006,0.095410156,0.013668822,0.079882814,0.049145506,0.052001955999999995,0.012341308,Nucleus,Nucleus
ENSP00000475656,0.04536132799999999,0.28769531,0.91953125,0.10329589800000001,0.034106448,0.103955078,0.00378723,0.036279298,0.033544922,0.04317627,0.0069366459999999994,Nucleus,Nucleus
ENSP00000411577,0.0828125,0.189257814,0.90546875,0.17341309,0.111035156,0.026245118,0.002971652,0.09663086000000001,0.084228514,0.09716796800000001,0.00157318,Nucleus,"Cytoplasm, Nucleus"
ENSP00000398116,0.03425293,0.379296874,0.69296875,0.036279297999999995,0.044311522,0.097558594,0.031042478000000002,0.080371092,0.028808592,0.028637696,0.00296936,Nucleus,Nucleus
ENSP00000342814,0.76953125,0.210937502,0.096484372,0.278515626,0.81171875,0.045605469999999995,0.006600952,0.33515625,0.493359376,0.241992186,0.08083496200000001,"Membrane, Cell membrane",Cell membrane
ENSP00000456783,0.282812498,0.76171875,0.375,0.066699218,0.285351562,0.199414064,0.0033248900000000005,0.129296876,0.30097656,0.453124998,0.114257812,Cytoplasm,Cell membrane
ENSP00000412265,0.11582031200000001,0.54375,0.540625,0.403124998,0.088134764,0.327148438,0.090966796,0.09619140400000001,0.167578126,0.248828124,0.148779296,"Cytoplasm, Nucleus","Cytoplasm, Nucleus"
ENSP00000363959,0.127441408,0.313671874,0.64453125,0.62890625,0.051330566,0.374023436,0.008419036000000001,0.26757812200000003,0.19990234199999998,0.08906249799999999,0.5921875,Nucleus,Nucleus
ENSP00000357457,0.30156250399999995,0.6890625,0.377343752,0.15673827999999998,0.306445312,0.328515626,0.011735534,0.179199218,0.29082031199999997,0.5515625,0.08461914,Cytoplasm,Golgi apparatus
ENSP00000465770,0.212304688,0.119140626,0.09101562599999999,0.056518554,0.079150392,0.96875,0.066748046,0.041552731999999995,0.0671875,0.074902346,0.354296876,Mitochondrion,Mitochondrion
ENSP00000436445,0.120410156,0.381640628,0.76171875,0.446484374,0.11875,0.07788085799999998,0.06892090000000001,0.095507812,0.140234374,0.265820314,0.009359741999999999,Nucleus,Cytoplasm
ENSP00000434444,0.07397460999999998,0.352734376,0.74296875,0.31015625399999996,0.020373536,0.14755859200000002,0.049322508,0.13554687599999998,0.058447266,0.10668945199999999,0.24839477799999998,Nucleus,Nucleus
ENSP00000434386,0.222851562,0.56796875,0.499218748,0.60859375,0.241503906,0.234863282,0.025756834,0.11323242,0.284960936,0.133007808,0.41210937400000003,Cytoplasm,Nucleus
ENSP00000406227,0.060253906,0.4421875,0.7796875,0.043041994,0.043847656,0.192285156,0.034570312000000006,0.089941406,0.066162108,0.105566406,0.033691404,Nucleus,Nucleus
ENSP00000258662,0.24921875,0.651953126,0.509765626,0.02854004,0.17158202800000003,0.43164062400000003,0.035546876,0.191015626,0.037683106,0.11699218600000001,0.367382812,Cytoplasm,Nucleus
ENSP00000497364,0.24882812599999998,0.528124998,0.498828126,0.17070312599999998,0.129003906,0.164160156,0.028369144000000002,0.36523437599999997,0.43046875,0.32421875,0.05659179600000001,Cytoplasm,Nucleus
ENSP00000486048,0.454296874,0.66328125,0.53046875,0.11210937800000001,0.45,0.20800781399999999,0.0005001999999999999,0.128125,0.27949219,0.247656252,0.013139344,"Membrane, Cytoplasm, Nucleus",Cytoplasm
ENSP00000460751,0.130566408,0.448046874,0.7453125,0.195312502,0.086108398,0.268750002,0.008082582000000001,0.109570312,0.20410156399999999,0.10078125,0.13613281400000002,Nucleus,Nucleus
ENSP00000453029,0.153515628,0.195117188,0.248046876,0.10122070400000001,0.081933594,0.92421875,0.165869142,0.046874997999999994,0.048193360000000005,0.042651368,0.094628906,Mitochondrion,"Cytoplasm, Endoplasmic reticulum"
ENSP00000408628,0.167089842,0.13955078,0.088085936,0.79765625,0.1125,0.11542968599999999,0.023208618,0.450781248,0.315624998,0.412500002,0.012957764,Extracellular,Endoplasmic reticulum
ENSP00000297613,0.13574218799999999,0.5046875,0.540234376,0.02890625,0.14326171599999998,0.476953126,0.013995364,0.10541992,0.17890625,0.162304686,0.098828124,"Cytoplasm, Nucleus",Nucleus
ENSP00000482839,0.289648436,0.47617187800000005,0.44765625,0.32617187400000003,0.250195312,0.472265626,0.023132324,0.297265624,0.390234374,0.450781248,0.30312499800000003,Cytoplasm,"Cytoplasm, Nucleus"
ENSP00000479315,0.206445312,0.43515625199999997,0.45,0.476171876,0.15068359400000003,0.590625,0.069458008,0.277148438,0.296289064,0.500390624,0.374414064,None,Nucleus
ENSP00000464899,0.12568359599999998,0.497265626,0.56953125,0.184521484,0.11015625,0.308691404,0.05291443,0.181445312,0.061132812,0.085058592,0.053472900000000004,"Cytoplasm, Nucleus",Cytoplasm
ENSP00000464077,0.20322265599999997,0.55859375,0.504296876,0.23554687400000002,0.101611326,0.467578124,0.11301269600000001,0.20996093600000001,0.42890625,0.433984376,0.04373779,Cytoplasm,Nucleus
ENSP00000462344,0.65234375,0.23027344,0.325781254,0.159765624,0.362109374,0.36484375,0.016625976,0.599609376,0.487109376,0.584375,0.175341798,Membrane,Nucleus
ENSP00000431638,0.49765625199999997,0.56015625,0.363476564,0.05664062400000001,0.24287109200000004,0.560546874,0.03563232400000001,0.57265625,0.784375,0.479687502,0.018237304000000003,"Membrane, Cytoplasm, Lysosome/Vacuole",Cytoplasm
ENSP00000451256,0.337109374,0.65546875,0.42382812400000003,0.06010742199999999,0.453125002,0.13378906200000001,0.004025268,0.148535156,0.258203126,0.203515626,0.06909179800000001,Cytoplasm,"Cytoplasm, Nucleus, Cell membrane"
ENSP00000449144,0.383593748,0.232421874,0.230859374,0.040454102000000006,0.10410156200000001,0.8296875,0.052276612,0.25585937599999997,0.093945312,0.09902343799999999,0.060302732000000005,Mitochondrion,Mitochondrion
ENSP00000439269,0.276953126,0.75703125,0.524609374,0.059375001999999996,0.171289062,0.289062498,0.05810546600000001,0.183203126,0.294140626,0.43554687400000003,0.01917114,Cytoplasm,Cytoplasm
ENSP00000417662,0.154101562,0.556640626,0.56015625,0.244140626,0.11333007799999999,0.457031252,0.053930663999999996,0.206445314,0.255078126,0.18984375199999998,0.36269531400000005,"Cytoplasm, Nucleus",Endoplasmic reticulum
ENSP00000403659,0.115527342,0.5578125,0.65859375,0.152929688,0.15546874800000002,0.16533203000000002,0.018151856,0.147070312,0.193164062,0.149804688,0.028540038,"Cytoplasm, Nucleus",Nucleus
ENSP00000335674,0.26855469,0.47421875199999997,0.49609375,0.175,0.23417969000000002,0.5359375,0.030892945999999998,0.238671876,0.175097656,0.219140626,0.14892578,Cytoplasm,"Cytoplasm, Cell membrane"
ENSP00000301587,0.27929687400000003,0.214648436,0.141113282,0.070385742,0.05080566399999999,0.9671875,0.03609619199999999,0.03239746,0.029589844000000004,0.06748046999999999,0.045141602,Mitochondrion,Mitochondrion
ENSP00000497176,0.20703125,0.453125002,0.5171875,0.469140622,0.193457032,0.429687498,0.03312988199999999,0.24902343799999999,0.23261718999999997,0.38515625,0.274218752,None,Nucleus
ENSP00000467906,0.200390626,0.479687502,0.476953126,0.340039062,0.185546874,0.47851562599999997,0.065893552,0.2015625,0.118261718,0.35859375,0.38671875,Cytoplasm,Mitochondrion
ENSP00000455108,0.063989258,0.445703124,0.83203125,0.167675782,0.062719726,0.259179686,0.007106018,0.14453125,0.025415038,0.11376953000000001,0.007637024000000001,Nucleus,Nucleus
ENSP00000436668,0.85859375,0.125292968,0.045922852,0.054418944000000004,0.85625,0.12719726599999998,0.003979491999999999,0.48242187400000003,0.288476562,0.30859375,0.023434448000000004,"Membrane, Cell membrane",Cell membrane
ENSP00000426551,0.141308594,0.61171875,0.63203125,0.044091798,0.17578125,0.210937502,0.029016112,0.11289062400000001,0.12626953,0.16113281000000002,0.4046875,"Cytoplasm, Nucleus",Cytoplasm
ENSP00000420273,0.472656248,0.49023437599999997,0.35390625,0.14179687800000002,0.575390624,0.37890625,0.112304688,0.216796874,0.26328125,0.421484378,0.317187502,"Membrane, Cytoplasm, Cell membrane",Nucleus
ENSP00000378422,0.14375,0.56484375,0.596875,0.4265625,0.085546876,0.29589844000000004,0.05620117200000001,0.2265625,0.277734374,0.266992192,0.22871093999999997,"Cytoplasm, Nucleus",Endoplasmic reticulum
ENSP00000394340,0.186914062,0.71328125,0.366796872,0.23281250199999998,0.225,0.10673828199999999,0.011236572,0.12421875,0.135253906,0.199023438,0.037145996,Cytoplasm,Nucleus
ENSP00000357381,0.276367188,0.144042968,0.117089844,0.83359375,0.256054688,0.08808593599999999,0.035961916,0.33105469,0.260351562,0.289648438,0.014160158,Extracellular,Cell membrane
ENSP00000300433,0.678125,0.240820312,0.186132812,0.2640625,0.6671875,0.12553711,0.004763794,0.300390626,0.412304684,0.31445312400000003,0.01937866,"Membrane, Cell membrane",Nucleus
ENSP00000455941,0.121679688,0.33828125,0.41875000399999995,0.544140626,0.06591797,0.5125,0.04381103399999999,0.147558592,0.161425782,0.355078124,0.334765626,None,Nucleus
ENSP00000451212,0.070947264,0.3515625,0.77109375,0.107714846,0.070410158,0.20957031400000004,0.004925538,0.15791015599999997,0.11796874800000001,0.10664062599999999,0.10986328000000001,Nucleus,Nucleus
ENSP00000445939,0.072265624,0.383203126,0.74765625,0.138769534,0.065429686,0.07099609400000001,0.031311034,0.070312502,0.024926758,0.066406248,0.018658446000000002,Nucleus,Nucleus
ENSP00000420164,0.20097656400000002,0.2015625,0.08945312400000001,0.959375,0.291601562,0.13173828,0.0049263,0.255078126,0.482031248,0.68671875,0.026245116000000002,"Extracellular, Golgi apparatus",Cell membrane
ENSP00000501630,0.214257812,0.206835936,0.250976564,0.10288086,0.125097658,0.90390625,0.054809569999999995,0.074267576,0.05859375,0.139941408,0.074951172,Mitochondrion,Mitochondrion
ENSP00000440575,0.103759764,0.5234375,0.73125,0.10537109199999999,0.108300782,0.229882812,0.007263184000000001,0.16015625,0.197656248,0.146874998,0.242773436,"Cytoplasm, Nucleus",Mitochondrion
ENSP00000429166,0.181835938,0.545703126,0.3171875,0.299218752,0.11586914,0.43593749800000003,0.130908204,0.135449222,0.18906249800000002,0.279882814,0.46582031199999996,Cytoplasm,Cytoplasm
ENSP00000506942,0.06674804599999999,0.30644531,0.84375,0.13100586,0.06484375,0.143261718,0.0017543780000000002,0.144140624,0.06289062599999999,0.109570312,0.005303956,Nucleus,"Cytoplasm, Nucleus"
ENSP00000455296,0.194140624,0.382226562,0.419140622,0.072631836,0.05820312400000001,0.548046874,0.007928468,0.13940429599999998,0.292578124,0.10642089800000001,0.053674316,None,Cytoplasm
ENSP00000454720,0.153027344,0.348046874,0.508203124,0.122924806,0.153710934,0.24902343600000001,0.08212890399999999,0.038427732000000006,0.029577636,0.015661622,0.223730468,None,"Nucleus, Golgi apparatus"
ENSP00000437580,0.20839843599999996,0.5640625,0.628125,0.06689453,0.167480466,0.417578124,0.069726562,0.15292969,0.433984374,0.24492187599999998,0.047924806,"Cytoplasm, Nucleus",Cytoplasm
ENSP00000435888,0.568749998,0.625,0.31406250199999997,0.08503418,0.339062498,0.33125,0.06995392,0.6234375,0.514453126,0.70078125,0.06480102400000001,"Membrane, Cytoplasm, Golgi apparatus",Golgi apparatus
ENSP00000427092,0.32441406,0.524609376,0.371093752,0.174316406,0.350585938,0.26328125,0.08247070399999999,0.144921874,0.291992188,0.480078126,0.182202148,Cytoplasm,"Cytoplasm, Cell membrane, Endoplasmic reticulum"
ENSP00000422831,0.296875,0.653125,0.36640625,0.060717774,0.181445312,0.248242188,0.04752197200000001,0.187890626,0.241796876,0.481640624,0.040734864,Cytoplasm,"Cytoplasm, Cell membrane, Endoplasmic reticulum"
ENSP00000400637,0.08515625,0.55390625,0.6296875,0.140722656,0.042993162,0.371289064,0.014093017999999999,0.15527343799999999,0.159667966,0.1546875,0.10952148199999998,"Cytoplasm, Nucleus","Cytoplasm, Nucleus"
ENSP00000451268,0.30214843399999997,0.523828124,0.353125,0.041137693999999995,0.197070312,0.265625,0.040454102,0.24082031399999998,0.304882814,0.22734375,0.021337892,Cytoplasm,"Cytoplasm, Nucleus, Cell membrane"
ENSP00000421647,0.052099612,0.343750002,0.8375,0.171972658,0.048925782,0.120214844,0.111328126,0.052001954,0.032934569999999996,0.05722656,0.013415526,Nucleus,Nucleus
ENSP00000359346,0.81953125,0.091406248,0.25,0.026757812000000002,0.10957031399999999,0.7953125,0.07148437399999999,0.307421876,0.08632812399999999,0.18769531,0.011338804,"Membrane, Mitochondrion",Mitochondrion
ENSP00000346473,0.304687502,0.4,0.360546874,0.6515625,0.2171875,0.239648438,0.10834961000000001,0.351171874,0.19453125,0.30546875,0.11640624799999999,Extracellular,Nucleus
ENSP00000462839,0.95234375,0.126367188,0.08105468600000001,0.033288573999999994,0.355859374,0.387890624,0.008691406,0.6890625,0.310742188,0.516406248,0.07095641999999999,"Membrane, Endoplasmic reticulum","Mitochondrion, Endoplasmic reticulum"
ENSP00000408121,0.060986328,0.323437502,0.878125,0.16010741999999997,0.075878906,0.09999999799999999,0.011236574000000001,0.099023436,0.033935546,0.053173828,0.0020736699999999997,Nucleus,Nucleus
ENSP00000296121,0.033715822,0.214257814,0.90546875,0.023535156,0.014892578,0.077929688,0.007417298,0.054736326,0.086328126,0.08828125,0.012100218,Nucleus,"Cytoplasm, Nucleus"
ENSP00000435724,0.36484375399999996,0.40507812200000004,0.4921875,0.12802734400000002,0.405078124,0.373046872,0.182226562,0.31835937599999997,0.23710937599999998,0.28125,0.436328124,None,Nucleus
ENSP00000408251,0.216992188,0.60234375,0.6703125,0.07524413799999999,0.195898436,0.148535158,0.006974791999999999,0.250781252,0.326953124,0.15869140600000003,0.019726562,"Cytoplasm, Nucleus",Nucleus
ENSP00000396061,0.168847656,0.77109375,0.3359375,0.05402832,0.122558592,0.168554688,0.0030918139999999996,0.27968749800000003,0.342968752,0.177246094,0.028698731999999994,Cytoplasm,Cytoplasm
ENSP00000481500,0.250195314,0.504296876,0.423046876,0.191796874,0.175,0.397656252,0.032147218,0.383593752,0.35703125,0.33984375,0.24794922000000003,Cytoplasm,"Cytoplasm, Nucleus"
ENSP00000469800,0.141894534,0.73515625,0.371484376,0.192773438,0.1265625,0.247656252,0.019421386000000002,0.148925782,0.136425782,0.50625,0.008679197999999999,Cytoplasm,"Cytoplasm, Cell membrane"
ENSP00000411992,0.197070314,0.40429687400000003,0.50859375,0.547656252,0.05761719,0.647265624,0.09367676,0.24462890399999998,0.05400390399999999,0.24062500199999998,0.05469970999999999,Mitochondrion,Cytoplasm
ENSP00000386558,0.261523438,0.433203124,0.4765625,0.089599608,0.11650390599999998,0.189160156,0.08347168,0.09892577999999999,0.188867188,0.137646486,0.05460205,None,Golgi apparatus
ENSP00000505003,0.218945312,0.515234374,0.347265624,0.258984376,0.138671874,0.437499998,0.20048828,0.23046875,0.187695314,0.300195312,0.133984376,Cytoplasm,"Cytoplasm, Nucleus"
ENSP00000423915,0.050781248,0.259960938,0.89609375,0.05957031199999999,0.047851564,0.19970702999999998,0.010791018,0.054931642,0.071923826,0.042871094000000005,0.181738282,Nucleus,Nucleus
ENSP00000393196,0.22578125,0.47578125,0.492578126,0.40468749800000003,0.191113282,0.453515624,0.035772706,0.226171876,0.29707031,0.476171876,0.238378908,Cytoplasm,"Cytoplasm, Nucleus"
ENSP00000361966,0.528125,0.15390625,0.11484375,0.053027344,0.152050782,0.97265625,0.037683106,0.117382812,0.06767578199999999,0.136328124,0.0796875,"Membrane, Mitochondrion",Mitochondrion
ENSP00000442180,0.162597656,0.55234375,0.61484375,0.26640625,0.09580078,0.3140625,0.05288086000000001,0.216992188,0.3015625,0.316015628,0.18291015800000002,"Cytoplasm, Nucleus",Cell membrane
ENSP00000422612,0.39960937799999996,0.51796875,0.307031252,0.255078124,0.4234375,0.35742187400000003,0.237695312,0.107421876,0.222656252,0.4828125,0.125146484,Cytoplasm,"Cytoplasm, Cell membrane, Endoplasmic reticulum"
ENSP00000389707,0.042333988,0.386328126,0.9375,0.05231933800000001,0.047705078,0.09819336000000001,0.003193666,0.05942383,0.050976560000000004,0.035107422,0.0049682599999999995,Nucleus,Nucleus
ENSP00000357089,0.137304688,0.7515625,0.450390626,0.133105468,0.308398438,0.276660154,0.019737243999999998,0.135595704,0.095996094,0.116894532,0.018432616000000002,Cytoplasm,Nucleus
ENSP00000506592,0.217578124,0.621875,0.5578125,0.094244388,0.16528320200000002,0.390820312,0.025865174,0.10292968599999999,0.07666015600000001,0.060766600000000004,0.147070312,"Cytoplasm, Nucleus",Cytoplasm
ENSP00000484730,0.264257814,0.224609374,0.221289062,0.88046875,0.203320312,0.280664064,0.04494629,0.35703125,0.238867188,0.316015628,0.09702148400000002,Extracellular,Cell membrane
ENSP00000474781,0.6984375,0.198828126,0.136816406,0.090136718,0.118945314,0.93984375,0.09711913800000001,0.370507814,0.172851564,0.15258789,0.20332030999999998,"Membrane, Mitochondrion",Mitochondrion
ENSP00000440305,0.308203124,0.36328125,0.315625,0.180517578,0.16279296799999998,0.456250002,0.60703125,0.308007812,0.242187502,0.16982422000000003,0.15756835600000002,None,Mitochondrion
ENSP00000421230,0.33984375,0.523828126,0.339453124,0.23535156200000001,0.36933594,0.290234374,0.101464844,0.148730468,0.270507814,0.487890626,0.15290527199999998,Cytoplasm,"Cytoplasm, Cell membrane, Endoplasmic reticulum"
ENSP00000472057,0.052001952,0.407421874,0.77890625,0.367187502,0.049804688,0.16220703,0.23251953200000003,0.058447262,0.059912108,0.106542968,0.09584961,Nucleus,Nucleus
ENSP00000465618,0.19804687599999998,0.122656252,0.11093749800000001,0.067456056,0.06752929799999999,0.96796875,0.064160156,0.05053711000000001,0.06987304999999999,0.08481445400000001,0.372265626,Mitochondrion,Mitochondrion
ENSP00000455278,0.144140626,0.300195312,0.60390625,0.085864256,0.061743166,0.118994142,0.004670716,0.104443358,0.293359374,0.30273437599999997,0.002689362,Nucleus,Cytoplasm
ENSP00000437954,0.411328126,0.33789062400000003,0.11723632800000001,0.68828125,0.41640625,0.3828125,0.008027649999999999,0.21328125,0.169628906,0.257421874,0.029510495999999997,Extracellular,Golgi apparatus
ENSP00000435761,0.326953126,0.530468752,0.70625,0.14638672000000003,0.162011718,0.242382812,0.028125,0.34960937599999997,0.526953126,0.57109375,0.006445312,"Cytoplasm, Nucleus",Nucleus
ENSP00000333624,0.214843752,0.498828124,0.45898437400000003,0.33398437400000003,0.168164064,0.4015625,0.0442749,0.218164062,0.258007812,0.27246094200000004,0.32646484400000003,Cytoplasm,Nucleus
ENSP00000261267,0.143359374,0.086914062,0.043603515999999995,0.934375,0.180859376,0.09350585599999998,0.030822754,0.23828125,0.386328126,0.160058594,0.024536129999999996,Extracellular,Golgi apparatus
ENSP00000385226,0.11767578199999999,0.305859376,0.6296875,0.039868164000000005,0.079052734,0.433984374,0.19086914,0.09721679800000001,0.208398438,0.150976566,0.007400512,Nucleus,Nucleus
ENSP00000334125,0.15205078,0.31875,0.24140625,0.865625,0.14453125,0.460937498,0.152294922,0.2609375,0.050805666000000006,0.409375,0.070370486,Extracellular,"Cytoplasm, Cell membrane"
ENSP00000472837,0.11455078,0.69375,0.6984375,0.245214844,0.10205078000000001,0.243945314,0.010882568,0.224804686,0.16713867200000002,0.16591797000000003,0.384082032,"Cytoplasm, Nucleus",Cell membrane
ENSP00000471034,0.272070312,0.123144532,0.22734375,0.84609375,0.05634765599999999,0.43828125,0.018949890000000004,0.406249998,0.028283692,0.477343752,0.302056886,Extracellular,Golgi apparatus
ENSP00000464478,0.151367184,0.7390625,0.54296875,0.067626954,0.181933592,0.14970703000000002,0.03503418,0.078076172,0.15751953000000002,0.221875,0.015502928,"Cytoplasm, Nucleus",Nucleus
ENSP00000450403,0.288867188,0.11777343999999998,0.070068358,0.051342771999999995,0.094335938,0.96171875,0.182714844,0.033862303999999996,0.05083008,0.064111328,0.08461914200000001,Mitochondrion,Mitochondrion
ENSP00000430836,0.19277343600000002,0.561328124,0.557421876,0.046386718,0.201171876,0.307812502,0.048107910000000004,0.18955078,0.16318359600000001,0.23105469000000003,0.423046876,"Cytoplasm, Nucleus",Nucleus
ENSP00000416164,0.26484375,0.522265624,0.539453124,0.08569336,0.16699218999999998,0.09909668,0.005484008,0.35781249600000004,0.347851562,0.317578124,0.005130002,"Cytoplasm, Nucleus",Cytoplasm
ENSP00000412812,0.457031252,0.659375,0.469531252,0.048193360000000005,0.43671875,0.23164062400000002,0.024719238,0.3125,0.40820312400000003,0.21972656200000001,0.016394044,"Membrane, Cytoplasm",Nucleus
ENSP00000406065,0.06660156199999999,0.40039062599999997,0.71328125,0.4375,0.075,0.37695312599999997,0.006604003999999999,0.24589843599999997,0.23925781200000001,0.121289062,0.55859375,Nucleus,"Cytoplasm, Cell membrane"
ENSP00000500214,0.03083496,0.2546875,0.9109375,0.111328124,0.039355468,0.09067383,0.045361328,0.043286132,0.042822264000000006,0.055419923999999995,0.011810304,Nucleus,Nucleus
ENSP00000493305,0.11611327999999999,0.5875,0.6140625,0.15625,0.13193359200000002,0.347656248,0.035742187999999994,0.186425784,0.11074218799999999,0.15537109,0.05700683599999999,"Cytoplasm, Nucleus","Cytoplasm, Cell membrane"
ENSP00000489222,0.261132812,0.220703124,0.23339843600000001,0.72890625,0.139355468,0.268554686,0.09536132800000001,0.46171875,0.20820312200000002,0.381250004,0.1125,Extracellular,Cell membrane
ENSP00000469638,0.059326171999999996,0.30859375,0.91171875,0.057189941999999994,0.05546874799999999,0.10693359399999999,0.012716677999999999,0.053613280000000006,0.027783204,0.056835936,0.008419800000000002,Nucleus,Nucleus
ENSP00000330737,0.4164062540000001,0.205859374,0.174902342,0.05573730400000001,0.122167968,0.878125,0.046514891999999995,0.238671874,0.09526367,0.091015624,0.030450440000000002,Mitochondrion,Mitochondrion
ENSP00000481248,0.096093752,0.4671875,0.6625,0.046191406000000004,0.09775390399999999,0.224609376,0.058850098,0.14736328199999998,0.13261719,0.093359376,0.041729736,Nucleus,"Cytoplasm, Nucleus"
ENSP00000471413,0.84609375,0.34882812799999996,0.181445312,0.096044922,0.68671875,0.044628905999999996,0.001670454,0.444140624,0.415234376,0.6953125,0.01178894,"Membrane, Cell membrane, Golgi apparatus",Cell membrane
ENSP00000436936,0.315234374,0.525390626,0.355859376,0.12211914200000003,0.216210938,0.410546874,0.08963317800000001,0.042895508,0.085058592,0.067041014,0.072216798,Cytoplasm,Mitochondrion
ENSP00000435577,0.121875,0.62890625,0.515234374,0.09521484399999999,0.11357421599999999,0.2796875,0.048864746,0.11455078199999999,0.204882812,0.215234374,0.187988282,Cytoplasm,Nucleus
ENSP00000433055,0.7140625,0.165429688,0.166015624,0.15810547000000003,0.796875,0.130957034,0.029202271999999994,0.298046874,0.423242188,0.18203125,0.006045532,"Membrane, Cell membrane",Nucleus
ENSP00000427520,0.75546875,0.201171874,0.20449219,0.137011722,0.746875,0.15029297,0.015570068000000001,0.252929688,0.52578125,0.40898437200000004,0.014807128,"Membrane, Cell membrane",Nucleus
ENSP00000420102,0.087890624,0.351953124,0.7625,0.12236328199999999,0.078466796,0.09243164200000001,0.017327882,0.069824218,0.113085938,0.065722656,0.032348632,Nucleus,Nucleus
ENSP00000486994,0.076708986,0.277734374,0.83125,0.232617188,0.07470703,0.06503906200000001,0.0096405,0.0828125,0.05,0.04638671799999999,0.028765870000000006,Nucleus,Nucleus
ENSP00000444620,0.09111328399999999,0.536328126,0.8171875,0.031201172,0.13779297,0.144042968,0.011706542,0.083789062,0.0921875,0.09555664,0.046276854,"Cytoplasm, Nucleus",Nucleus
ENSP00000440181,0.132617188,0.575390626,0.775,0.158886718,0.188671876,0.18994140799999998,0.215429688,0.137890626,0.059716796,0.11298828000000001,0.061181642,"Cytoplasm, Nucleus",Nucleus
ENSP00000436907,0.32617187599999997,0.3375,0.528515626,0.11834716599999999,0.341992188,0.426562502,0.105273438,0.093945314,0.08061523200000001,0.143164062,0.013291929999999999,Nucleus,Nucleus
ENSP00000422141,0.08515625,0.28828125,0.778125,0.04689941399999999,0.10068359200000002,0.18261718799999999,0.031542970000000004,0.077929688,0.10478515800000002,0.07290039000000001,0.10825195400000001,Nucleus,Nucleus
ENSP00000294521,0.561328124,0.6515625,0.30273437400000003,0.15966797,0.70546875,0.28515625,0.032019042,0.262695314,0.438671876,0.29296875,0.139599608,"Membrane, Cytoplasm, Cell membrane",Cell membrane
ENSP00000483601,0.14892578,0.458203122,0.578515626,0.199804688,0.065600586,0.33046874800000003,0.013638304,0.23339843600000001,0.066552736,0.20615234400000002,0.21777343600000001,Nucleus,Nucleus
ENSP00000464183,0.403125002,0.351171878,0.41328125,0.13759765799999998,0.164648438,0.3953125,0.03239746,0.494921874,0.608984374,0.58203125,0.022753908,Lysosome/Vacuole,Golgi apparatus
ENSP00000419914,0.103613278,0.6109375,0.6671875,0.060595701999999994,0.164648436,0.172460938,0.02126465,0.057714842,0.073095702,0.09838867200000001,0.21406249800000002,"Cytoplasm, Nucleus",Nucleus
ENSP00000403920,0.240429688,0.63671875,0.390234376,0.057873536,0.19707031400000002,0.072265626,0.03383789399999999,0.205859374,0.45468750399999996,0.477734374,0.18781738199999998,Cytoplasm,"Cytoplasm, Nucleus"
ENSP00000463294,0.184960938,0.60390625,0.448828126,0.21699219000000003,0.13544922,0.3265625,0.024523927999999997,0.180078126,0.214257812,0.302148436,0.18515625200000002,Cytoplasm,Nucleus
ENSP00000454778,0.2421875,0.615625,0.521093748,0.119335938,0.276953126,0.31835937400000003,0.005668640000000001,0.29707031,0.23320312599999998,0.197851562,0.099267578,Cytoplasm,"Cytoplasm, Nucleus"
ENSP00000451361,0.336328126,0.465234376,0.71484375,0.048919678,0.252148438,0.45156249800000003,0.006288146,0.10251465,0.25703125,0.087939452,0.163330078,Nucleus,Nucleus
ENSP00000399432,0.130761718,0.60546875,0.51640625,0.083935546,0.181152342,0.31484375,0.015112304000000002,0.180078124,0.08588867,0.16162109,0.07460937599999999,Cytoplasm,"Cytoplasm, Nucleus"
ENSP00000392738,0.10107421800000001,0.459375,0.740625,0.05319824399999999,0.056005860000000005,0.14160156200000001,0.007891844,0.112597656,0.074511718,0.150292968,0.007690430000000001,Nucleus,Nucleus
ENSP00000487797,0.136132814,0.6640625,0.6453125,0.021191406,0.125195312,0.23339843799999999,0.031884765999999995,0.148144532,0.14814453,0.21386718799999999,0.150292968,"Cytoplasm, Nucleus","Cytoplasm, Cell membrane"
ENSP00000451544,0.1734375,0.494921876,0.258007812,0.193457028,0.0765625,0.378125002,0.24589844,0.12431640399999999,0.319140626,0.315429688,0.067529296,Cytoplasm,Cytoplasm
ENSP00000402732,0.7,0.119921876,0.137499998,0.08330078199999999,0.403515624,0.180468748,0.024127197999999996,0.422656252,0.348046876,0.27128906399999997,0.013574220000000001,Membrane,Cell membrane
ENSP00000392272,0.068359374,0.301953124,0.8578125,0.047583007999999996,0.060546876000000006,0.19765625,0.010577392,0.08618164,0.027246094000000005,0.064111328,0.005622862000000001,Nucleus,Nucleus
ENSP00000482082,0.140527344,0.542578126,0.5515625,0.405859372,0.07675781200000001,0.2859375,0.149853514,0.149121094,0.238281252,0.317187498,0.10800781,"Cytoplasm, Nucleus","Cytoplasm, Cell membrane"
ENSP00000468298,0.07241211,0.417578122,0.78515625,0.268164064,0.10937499799999999,0.315039062,0.059472656,0.117089844,0.07626953,0.089404296,0.049316406,Nucleus,"Cytoplasm, Cell membrane"
ENSP00000436674,0.69140625,0.09355469000000001,0.13984375,0.07949218799999999,0.398828124,0.278906248,0.032324218,0.428515624,0.32226562599999997,0.241796876,0.01463318,Membrane,Cell membrane
ENSP00000433637,0.092871094,0.40703125,0.79375,0.047387691999999995,0.06508789000000001,0.094531252,0.01270752,0.05820312400000001,0.064648438,0.09921875,0.049365231999999995,Nucleus,Nucleus
ENSP00000418261,0.18906249800000002,0.51640625,0.228710936,0.12070312400000001,0.06962890400000002,0.65234375,0.27978515600000003,0.21484375,0.17431640799999998,0.12792968799999999,0.295703124,"Cytoplasm, Mitochondrion",Mitochondrion
ENSP00000497750,0.24863281399999998,0.27109375,0.2640625,0.029077147999999997,0.107226562,0.9609375,0.025048826000000003,0.028247070000000003,0.091406248,0.049047850000000004,0.016979982,Mitochondrion,Mitochondrion
ENSP00000431853,0.178320312,0.5734375,0.6234375,0.031347658,0.136621092,0.312109376,0.068115234,0.13222656400000002,0.167382812,0.205664062,0.50625,"Cytoplasm, Nucleus","Cytoplasm, Cell membrane"
ENSP00000429362,0.25722656400000005,0.45546875,0.483203126,0.19013671799999998,0.199609376,0.30390625,0.081982424,0.23730468999999998,0.2515625,0.29433593999999996,0.280273436,None,Nucleus
ENSP00000498027,0.16279296999999998,0.54375,0.60546875,0.129638674,0.133105468,0.44335937599999997,0.061267092,0.12275390400000001,0.062768556,0.133105466,0.018804932,"Cytoplasm, Nucleus",Nucleus
ENSP00000462831,0.238476562,0.63828125,0.523046874,0.044067384,0.378515624,0.27539062400000003,0.024633789999999996,0.147656252,0.152832032,0.157421876,0.072070312,Cytoplasm,Cell membrane
ENSP00000452443,0.061523438,0.466015624,0.78203125,0.090527346,0.05551758,0.12939453,0.023632811999999996,0.104492188,0.127539062,0.060498048000000006,0.216015626,Nucleus,Nucleus
ENSP00000449898,0.184960934,0.14033203,0.091552732,0.86484375,0.11767578199999999,0.11835937399999999,0.014453124000000001,0.25,0.34980468600000003,0.16142578000000002,0.098791502,Extracellular,Golgi apparatus
ENSP00000431058,0.27714843599999994,0.425390626,0.444531252,0.238281252,0.31015625,0.162158202,0.002175904,0.151660158,0.304296874,0.216601564,0.007583618,None,Cytoplasm
ENSP00000419656,0.3671875,0.18085937600000002,0.11337890400000002,0.029724122000000002,0.17382812600000003,0.9484375,0.105493164,0.08623046599999999,0.047705078,0.072265624,0.041284180000000004,Mitochondrion,Mitochondrion
ENSP00000417849,0.069726564,0.366796876,0.79765625,0.061645506,0.056884765999999996,0.067529298,0.007475279999999999,0.138671876,0.051953125999999995,0.078271484,0.0019546520000000003,Nucleus,Nucleus
ENSP00000344230,0.262109374,0.214257812,0.139941406,0.057592774,0.053784178,0.97265625,0.046716308,0.030932617999999995,0.028247070000000003,0.060791015999999996,0.042346194,Mitochondrion,Mitochondrion
ENSP00000342787,0.10283203199999999,0.184960938,0.230664062,0.071484376,0.057421876000000004,0.9171875,0.23798828,0.03659668,0.029248046,0.023254394,0.043408202,Mitochondrion,"Cytoplasm, Endoplasmic reticulum"
ENSP00000504761,0.59296875,0.25390625,0.261914062,0.20185546599999998,0.306054688,0.243554688,0.004199217999999999,0.6640625,0.44375,0.5625,0.041186523999999995,"Membrane, Endoplasmic reticulum",Golgi apparatus
ENSP00000474618,0.144042966,0.49765625,0.640625,0.318554688,0.1546875,0.31425781399999997,0.02156372,0.155761718,0.170800782,0.307617186,0.260546876,"Cytoplasm, Nucleus",Nucleus
ENSP00000464988,0.136035156,0.50703125,0.67734375,0.14355468600000001,0.16943359399999997,0.243359376,0.102441406,0.155566406,0.10917969000000001,0.164062502,0.074511718,"Cytoplasm, Nucleus",Cytoplasm
ENSP00000446554,0.428125,0.65625,0.459375002,0.056909180000000004,0.374609374,0.216796876,0.03325195599999999,0.28300780999999997,0.415624998,0.207421876,0.016841126,Cytoplasm,Nucleus
ENSP00000439818,0.325390624,0.38671875,0.24453125,0.263867188,0.143945312,0.438671876,0.12321777399999997,0.525390626,0.093115232,0.290039062,0.19692382800000002,None,Mitochondrion
ENSP00000428129,0.15380859200000002,0.522265626,0.572265626,0.49414062599999997,0.13388671800000002,0.5921875,0.03518066399999999,0.174414062,0.317968752,0.41875,0.20908202999999997,"Cytoplasm, Nucleus",Nucleus
ENSP00000420578,0.144335938,0.494921874,0.502734374,0.553515624,0.139941406,0.45898437599999997,0.064916992,0.220117188,0.2875,0.42382812200000003,0.348046874,Cytoplasm,Nucleus
ENSP00000387102,0.09912109200000001,0.355078124,0.815625,0.470605468,0.11333007800000001,0.170507812,0.022601318,0.089892576,0.024084472000000003,0.089990232,0.0027969379999999997,Nucleus,"Cytoplasm, Nucleus"
ENSP00000358111,0.072851564,0.24511718600000001,0.90859375,0.173583986,0.032348634,0.066601564,0.009895326,0.119140626,0.040747072,0.061840822,0.001909636,Nucleus,"Cytoplasm, Nucleus"
ENSP00000490665,0.256640626,0.64765625,0.553125,0.092187498,0.41953125,0.276562498,0.013848878,0.12089843600000001,0.181640624,0.131445312,0.10024414,"Cytoplasm, Nucleus","Cell membrane, Endoplasmic reticulum"
ENSP00000482852,0.6734375,0.179882812,0.11552734599999999,0.6875,0.6984375,0.061914062000000006,0.039440918000000005,0.36171875,0.425781248,0.295703124,0.09301757799999999,"Membrane, Extracellular, Cell membrane","Cytoplasm, Cell membrane"
ENSP00000481703,0.6859375,0.122070312,0.08076172,0.016723634,0.172753906,0.95625,0.11596679600000001,0.131933594,0.04970703,0.079052734,0.06394042999999999,"Membrane, Mitochondrion",Mitochondrion
ENSP00000480335,0.187109376,0.27148437799999997,0.307421876,0.7765625,0.20839843599999996,0.153027344,0.03255615,0.327734376,0.225878906,0.182226562,0.06975097599999999,Extracellular,Cell membrane
ENSP00000479714,0.20546875,0.6703125,0.526562498,0.07421875199999999,0.324804688,0.276953126,0.006719972,0.239648438,0.20400390399999999,0.204687502,0.099023436,Cytoplasm,Mitochondrion
ENSP00000458835,0.84765625,0.36523437400000003,0.318750002,0.04597168,0.7078125,0.08867187400000001,0.002267456,0.603125,0.546484376,0.70703125,0.052819826,"Membrane, Cell membrane, Golgi apparatus",Cell membrane
ENSP00000431594,0.053613280000000006,0.394140622,0.84375,0.117285156,0.055566404,0.105566406,0.006616212000000001,0.108789062,0.071923828,0.046777344,0.037719727999999994,Nucleus,Nucleus
ENSP00000425484,0.261328122,0.551171876,0.43945312400000003,0.08291015399999999,0.33789062599999997,0.118750002,0.065356448,0.125488284,0.11279296800000001,0.221484374,0.0032684339999999997,Cytoplasm,"Nucleus, Cell membrane"
ENSP00000380435,0.89296875,0.08046875,0.09091796999999999,0.067889404,0.55390625,0.02199707,0.007183834,0.417578124,0.398828124,0.261328126,0.031439208,"Membrane, Cell membrane",Cell membrane
ENSP00000363197,0.47070312599999997,0.20058593600000002,0.15107422,0.6140625,0.23554687199999996,0.278515624,0.139160156,0.49296875,0.3953125,0.5484375,0.21777343600000001,Membrane,Cell membrane
ENSP00000255764,0.211328126,0.557421876,0.4875,0.06230468800000001,0.134570314,0.070214844,0.005512235999999999,0.138085934,0.512109374,0.19375000199999998,0.021908571999999998,Cytoplasm,Nucleus
ENSP00000487557,0.20800781399999999,0.511328126,0.526171874,0.41210937400000003,0.142285156,0.34296875,0.095654294,0.204492188,0.2640625,0.290429688,0.12001953000000001,Cytoplasm,Nucleus
ENSP00000470495,0.4,0.5859375,0.3859375,0.171044922,0.409765624,0.246484374,0.0023506160000000007,0.211035158,0.498828124,0.344140626,0.017170714,Cytoplasm,"Cytoplasm, Nucleus"
ENSP00000427425,0.07119140399999999,0.33828125,0.89765625,0.08029785199999999,0.072021484,0.093261716,0.0056304960000000005,0.046533201999999996,0.036352538000000004,0.064208986,0.017272950000000002,Nucleus,Nucleus
ENSP00000422281,0.583203126,0.6375,0.37773437200000004,0.354296874,0.399023438,0.252148438,0.07868652000000001,0.12460937400000001,0.6765625,0.130859374,0.018032836,"Membrane, Cytoplasm, Lysosome/Vacuole",Cell membrane
ENSP00000407002,0.38085937599999997,0.61484375,0.48984375199999997,0.113085938,0.405859376,0.491796876,0.06376953199999999,0.13359375,0.426562498,0.237695314,0.006467436,Cytoplasm,"Cytoplasm, Cell membrane"
ENSP00000389518,0.047558593999999996,0.380078124,0.825,0.090649414,0.03605957,0.137792966,0.225976562,0.077319334,0.033190918,0.144482422,0.024713133999999998,Nucleus,Nucleus
ENSP00000217185,0.147753904,0.5578125,0.50546875,0.44375,0.17734375,0.329492186,0.007598877999999999,0.179980468,0.280078126,0.273828124,0.421093752,Cytoplasm,"Cytoplasm, Nucleus"
ENSP00000469138,0.072460938,0.5296875,0.73671875,0.10927734200000001,0.07822265400000002,0.216601562,0.007937622,0.175585938,0.08720703,0.147460938,0.05268554799999999,"Cytoplasm, Nucleus",Nucleus
ENSP00000506808,0.358203126,0.241992188,0.253515626,0.05893554599999999,0.10327148400000001,0.6953125,0.044854738,0.265820312,0.085253906,0.092895508,0.08947754,Mitochondrion,Mitochondrion
ENSP00000485966,0.2921875,0.174023438,0.04904785,0.14736328199999998,0.067382814,0.95234375,0.40468749800000003,0.045410154,0.039770507999999996,0.052001954,0.053710938,Mitochondrion,Mitochondrion
ENSP00000479486,0.271093748,0.467968748,0.45468750199999997,0.21064453,0.217187498,0.420703124,0.028472902,0.321679688,0.22539062599999998,0.258593752,0.297851564,None,"Cytoplasm, Cell membrane"
ENSP00000479441,0.469921874,0.430859374,0.34921875199999997,0.16152343600000002,0.356249998,0.554296876,0.01378174,0.473437502,0.43164062400000003,0.35078125,0.211376952,Membrane,Nucleus
ENSP00000465889,0.183398436,0.233984374,0.166015624,0.85546875,0.145703126,0.25488280999999996,0.008715822,0.296875,0.330664064,0.298242186,0.043945312,Extracellular,Endoplasmic reticulum
ENSP00000455277,0.225195312,0.60078125,0.523046876,0.147167968,0.21582031399999999,0.24062500199999998,0.016186522000000002,0.127343748,0.23710937599999998,0.194140624,0.00233612,Cytoplasm,Cytoplasm
ENSP00000446944,0.10693359399999999,0.23828125,0.8578125,0.056738281999999994,0.038476564000000005,0.14599609200000002,0.015777588,0.089013672,0.06889648400000001,0.100195314,0.038842776,Nucleus,Nucleus
ENSP00000429741,0.103613282,0.57578125,0.7703125,0.030395507999999998,0.10878906399999999,0.223242186,0.032397464,0.102929686,0.09946289000000001,0.139160156,0.13388671800000002,"Cytoplasm, Nucleus",Nucleus
ENSP00000427935,0.06674805,0.548046876,0.74296875,0.248046876,0.02796631,0.219433594,0.082641604,0.212304688,0.11953125199999999,0.26015624800000003,0.031689452,"Cytoplasm, Nucleus",Nucleus
ENSP00000390926,0.16250000000000003,0.6484375,0.55703125,0.196484372,0.130371094,0.297851562,0.0032775900000000004,0.142871092,0.15546875,0.41015625,0.019311524000000004,"Cytoplasm, Nucleus","Cytoplasm, Cell membrane"
ENSP00000388737,0.049414059999999996,0.3953125,0.88359375,0.08950195200000001,0.04243163999999999,0.16269531,0.008728028,0.13955077999999999,0.06894531400000001,0.053955078000000004,0.03916015800000001,Nucleus,Nucleus
ENSP00000310182,0.86328125,0.22431640600000002,0.165527344,0.086914066,0.482812502,0.112646486,0.024649048,0.71796875,0.433984374,0.446484374,0.24794922000000003,"Membrane, Endoplasmic reticulum",Golgi apparatus
ENSP00000485355,0.199804686,0.5265625,0.41679687200000004,0.073437498,0.12177734200000001,0.420703126,0.05406494199999999,0.223632816,0.195117188,0.32128906,0.030596922000000006,Cytoplasm,Endoplasmic reticulum
ENSP00000468584,0.195507812,0.141992186,0.10126953000000001,0.07866211199999999,0.06635742,0.96484375,0.07397460800000001,0.048291016,0.06376952999999999,0.08925781399999999,0.464453124,Mitochondrion,Mitochondrion
ENSP00000389278,0.81640625,0.31191406400000005,0.257226562,0.040393066000000005,0.5890625,0.09365234599999998,0.006340028,0.59765625,0.46484375,0.548046876,0.057910156000000004,"Membrane, Cell membrane",Cytoplasm
ENSP00000386645,0.143359378,0.347656252,0.81953125,0.39765625,0.164941406,0.23710937599999998,0.007676695999999999,0.10419922,0.027661131999999998,0.097509768,0.003004454,Nucleus,"Cytoplasm, Nucleus"
ENSP00000362773,0.18544922000000003,0.455859376,0.272851564,0.31171875,0.18847656200000001,0.450000002,0.055761718,0.08208007799999999,0.045544434,0.185253904,0.0057708740000000005,None,Nucleus
ENSP00000430257,0.288867188,0.579296876,0.434375002,0.045605468,0.21972656399999999,0.233886718,0.021633911999999998,0.254492188,0.416796874,0.317578124,0.06604004,Cytoplasm,Nucleus
ENSP00000401109,0.06665038999999999,0.24023437799999997,0.7984375,0.030505367999999998,0.026757814,0.121972656,0.004577638,0.08256836,0.061279298,0.08168945200000001,0.02855835,Nucleus,Nucleus
ENSP00000382364,0.152832028,0.441406252,0.61328125,0.141503904,0.10566406400000002,0.25195312599999997,0.009155276,0.3203125,0.15537109200000002,0.14941406200000001,0.11855468799999999,Nucleus,"Cytoplasm, Nucleus, Mitochondrion"
ENSP00000498993,0.168066404,0.39921875,0.3796875,0.29101562599999997,0.147070314,0.784375,0.044995116,0.146093752,0.135546874,0.28281250199999997,0.6203125,Mitochondrion,Mitochondrion
ENSP00000467551,0.089941406,0.38046875,0.7703125,0.15703125,0.11591796800000001,0.159277344,0.00606842,0.0875,0.13203125,0.076464844,0.044213868,Nucleus,Nucleus
ENSP00000466188,0.13417968600000002,0.64296875,0.548828124,0.179687496,0.15263672,0.22402343600000002,0.004753114000000001,0.1734375,0.14033203,0.272460938,0.11210937400000001,"Cytoplasm, Nucleus",Nucleus
ENSP00000439667,0.13564453199999998,0.319140624,0.464843748,0.429296878,0.09062499999999998,0.532421874,0.081347656,0.150976562,0.148535156,0.334570316,0.297558594,None,Nucleus
ENSP00000429102,0.176953126,0.72421875,0.45859375,0.08510742199999999,0.193164062,0.25859375,0.023498536,0.15126953199999998,0.18144531199999997,0.1859375,0.023336792000000002,Cytoplasm,Nucleus
ENSP00000412249,0.373437502,0.546484376,0.4515625,0.304003908,0.35117187399999994,0.361132812,0.016275024,0.29667969,0.12519531,0.306445314,0.08173828200000002,Cytoplasm,Cell membrane
ENSP00000306362,0.325390626,0.5078125,0.46289062400000003,0.209375,0.09472655999999999,0.505468752,0.016696166000000002,0.44335937599999997,0.19023437799999998,0.38515624800000003,0.09008788999999999,Cytoplasm,Cytoplasm
ENSP00000508310,0.32558594,0.530859374,0.53359375,0.122558592,0.159570314,0.315234376,0.001473234,0.18232421999999998,0.24433594000000003,0.20224609400000002,0.10883788999999999,"Cytoplasm, Nucleus","Cytoplasm, Nucleus, Cell membrane"
ENSP00000496961,0.2765625,0.576953124,0.5046875,0.10498046800000001,0.127734374,0.126953124,0.02316284,0.479296874,0.50078125,0.386718752,0.017687987999999998,Cytoplasm,Nucleus
ENSP00000495456,0.044091796,0.281835936,0.875,0.040844726,0.027709961999999998,0.210742186,0.014624024,0.091699218,0.021911622,0.030969236,0.005957032,Nucleus,Nucleus
ENSP00000474372,0.05085449399999999,0.5296875,0.75390625,0.024536132,0.034960936,0.09697265800000002,0.04807129,0.125,0.067993164,0.15400391,0.004992678,"Cytoplasm, Nucleus",Nucleus
ENSP00000467104,0.146679688,0.302539062,0.390820314,0.8046875,0.11572265600000001,0.203686524,0.41601562400000003,0.044763184,0.016931153999999997,0.177832032,0.088293456,Extracellular,Nucleus
ENSP00000443968,0.19365234400000003,0.498828126,0.64375,0.297070312,0.145410156,0.326367188,0.046435546,0.142285156,0.16552734200000002,0.21982422000000001,0.308862304,"Cytoplasm, Nucleus",Cytoplasm
ENSP00000431368,0.1984375,0.54296875,0.6578125,0.226171874,0.130371092,0.58515625,0.053442382,0.215039062,0.25625,0.240234374,0.26718750199999997,"Cytoplasm, Nucleus",Cytoplasm
ENSP00000426331,0.254882814,0.18261718799999999,0.149804688,0.09243164,0.117089844,0.95234375,0.06201171800000001,0.081152344,0.07377929800000001,0.148046874,0.15732422,Mitochondrion,Mitochondrion
ENSP00000369176,0.740625,0.123339846,0.1515625,0.09882812599999999,0.077294922,0.8359375,0.032946776,0.24316406200000001,0.08935546800000001,0.163183594,0.03817139,"Membrane, Mitochondrion",Mitochondrion
ENSP00000338932,0.145410156,0.480078124,0.60078125,0.15654296799999998,0.087109374,0.354296876,0.10585937599999999,0.1828125,0.21757812599999998,0.21875,0.430078128,"Cytoplasm, Nucleus",Mitochondrion
ENSP00000259254,0.749609374,0.22167968799999999,0.09482421599999999,0.222851564,0.74453125,0.10869140799999999,0.01034546,0.220703126,0.49921875,0.30625000199999997,0.094140626,"Membrane, Cell membrane",Cell membrane
ENSP00000421946,0.071875,0.405468752,0.8328125,0.07158203199999999,0.062402344,0.08862305,0.006732178,0.106445312,0.046240232000000006,0.08115234600000001,0.016644288,Nucleus,Nucleus
ENSP00000409925,0.17451171799999998,0.68828125,0.39609375199999997,0.09001465,0.216992188,0.303320312,0.036914062000000004,0.164941406,0.11206054799999998,0.153125,0.037207031999999994,Cytoplasm,"Cytoplasm, Nucleus"
ENSP00000393616,0.15703125199999998,0.65390625,0.6046875,0.107128908,0.290625,0.11650390399999999,0.018041994,0.103808594,0.05234375,0.08852539,0.011247252,"Cytoplasm, Nucleus","Cytoplasm, Nucleus"
ENSP00000344128,0.10537109200000001,0.27128906,0.621875,0.75234375,0.086132812,0.03947754,0.064111328,0.080126952,0.058715819999999995,0.07717285199999999,0.045849608,"Nucleus, Extracellular","Cytoplasm, Nucleus"
ENSP00000295834,0.15185547,0.859375,0.5359375,0.22861327999999997,0.23051758000000003,0.304687502,0.059667969999999994,0.178515624,0.07299804400000001,0.129296876,0.07016601399999998,"Cytoplasm, Nucleus",Cytoplasm
ENSP00000236412,0.072070314,0.35078125,0.89765625,0.043041992,0.052099610000000005,0.081640626,0.03260497999999999,0.10458984200000002,0.059912108,0.07944335799999999,0.010055544,Nucleus,Nucleus
ENSP00000497676,0.143945314,0.6296875,0.531640624,0.403125,0.13574218600000001,0.342382814,0.05341797,0.133398436,0.14208984600000002,0.23300781,0.20227050800000002,"Cytoplasm, Nucleus",Cell membrane
ENSP00000469738,0.111914064,0.7203125,0.73046875,0.007080080000000001,0.07949218799999999,0.24765624800000002,0.012164306,0.138769532,0.129199216,0.19433593600000001,0.087402342,"Cytoplasm, Nucleus",Nucleus
ENSP00000435800,0.69375,0.222460936,0.293359376,0.11054687599999999,0.339843748,0.3796875,0.08940429600000001,0.59296875,0.458203126,0.513671874,0.100463868,Membrane,"Endoplasmic reticulum, Golgi apparatus"
ENSP00000431985,0.13046875,0.43554687599999997,0.67578125,0.17158203,0.095703124,0.1078125,0.248291014,0.124804688,0.179785156,0.166015626,0.11235351599999999,Nucleus,Nucleus
ENSP00000416644,0.2328125,0.6109375,0.308984376,0.2625,0.17861328,0.21464844000000002,0.068603516,0.20810547000000001,0.19609375199999998,0.323046874,0.027838136000000003,Cytoplasm,Cytoplasm
ENSP00000389303,0.18212890599999998,0.5328125,0.466406248,0.212890626,0.13935546999999998,0.51796875,0.039038086,0.21796875,0.29492187599999997,0.262109376,0.683984376,Cytoplasm,Cytoplasm
ENSP00000471657,0.05537109400000001,0.546093752,0.63359375,0.545703124,0.046557614000000004,0.20605468999999998,0.10620117199999998,0.13027343600000002,0.106054688,0.068164064,0.19926758000000003,"Cytoplasm, Nucleus",Mitochondrion
ENSP00000429672,0.126855468,0.51796875,0.460937498,0.60078125,0.10996093600000001,0.31894531000000004,0.17460937599999998,0.102246094,0.055029298000000004,0.245703124,0.058850098,Cytoplasm,Endoplasmic reticulum
ENSP00000493744,0.19375,0.678125,0.421484372,0.076074222,0.07709960800000001,0.43515625,0.05246582000000001,0.288085938,0.344921874,0.281054688,0.385546874,Cytoplasm,Nucleus
ENSP00000487240,0.11855468999999999,0.55859375,0.740625,0.06567382599999999,0.132128906,0.213085936,0.045019529999999995,0.11611328000000001,0.188085936,0.14042968800000002,0.215527344,"Cytoplasm, Nucleus",Nucleus
ENSP00000452217,0.054589842,0.314062498,0.8734375,0.10700683600000001,0.032836914,0.10546875,0.021557617999999997,0.083691406,0.040747071999999995,0.028466797999999998,0.032934571999999995,Nucleus,Nucleus
ENSP00000450525,0.1953125,0.541796876,0.45507812200000003,0.29492187400000003,0.218554688,0.24042969000000003,0.09809570199999999,0.088476562,0.15185546800000002,0.29101562799999997,0.06716308600000001,Cytoplasm,Nucleus
ENSP00000423982,0.071582032,0.407421874,0.78515625,0.06774902199999999,0.10673828,0.141113282,0.022491456,0.049658202,0.06220703200000001,0.049194336,0.013275146000000002,Nucleus,"Nucleus, Cell membrane"
ENSP00000391446,0.06604004,0.71640625,0.272851562,0.042309570000000005,0.11875,0.29609375,0.021990966,0.22851562799999997,0.069787598,0.07216797,0.013281248,Cytoplasm,"Cytoplasm, Endoplasmic reticulum"
ENSP00000377351,0.187500002,0.79765625,0.46953125,0.262109374,0.23647460800000003,0.309375,0.051208496000000006,0.269921876,0.067529296,0.161230468,0.13100586,Cytoplasm,Cytoplasm
ENSP00000492536,0.119042968,0.5875,0.510937498,0.5296875,0.078173826,0.228906248,0.197753906,0.15888671999999998,0.266210936,0.16933594000000002,0.633203124,Cytoplasm,Nucleus
ENSP00000461981,0.13222656,0.6703125,0.63125,0.208984374,0.142382812,0.283984374,0.098596192,0.160351562,0.121679688,0.14091797,0.22636719,"Cytoplasm, Nucleus","Cytoplasm, Nucleus"
ENSP00000430152,0.42773437799999997,0.45507812400000003,0.530859376,0.119921876,0.21015624800000002,0.299023438,0.005245972,0.247949214,0.420703126,0.570703126,0.005056764,Nucleus,Cytoplasm
ENSP00000505173,0.2390625,0.79375,0.417968754,0.036035158,0.21328125199999998,0.131542968,0.010040282,0.15498047,0.32714844,0.37734375,0.12467040999999998,Cytoplasm,"Cytoplasm, Cell membrane"
ENSP00000494012,0.117480468,0.2328125,0.76796875,0.24394531400000002,0.063623044,0.14736328199999998,0.082373046,0.164453124,0.06328124799999998,0.11821289000000001,0.046728516,Nucleus,Nucleus
ENSP00000430617,0.10634765399999999,0.41914062799999996,0.78359375,0.03662109400000001,0.093505858,0.131054688,0.010772704000000001,0.16875,0.054589842,0.045336914000000006,0.014489746000000001,Nucleus,Nucleus
ENSP00000427277,0.68046875,0.235546876,0.166601562,0.223046874,0.68984375,0.182421876,0.007388306,0.23339843600000001,0.587109374,0.430859376,0.12495117,"Membrane, Cell membrane, Lysosome/Vacuole",Cell membrane
ENSP00000411349,0.156835938,0.57265625,0.483203124,0.129199216,0.137304688,0.30390625,0.054174806,0.072607422,0.23945312400000002,0.414453128,0.22529296800000004,Cytoplasm,Cell membrane
ENSP00000397302,0.239843752,0.231835938,0.28183594,0.3796875,0.09868164,0.759375,0.043981934,0.24169921800000002,0.047705078,0.235742188,0.27607422000000004,Mitochondrion,Mitochondrion
ENSP00000442703,0.14423828,0.18476562400000002,0.195117188,0.12878418,0.081396482,0.6890625,0.147558594,0.064062498,0.06513671800000001,0.045898436,0.165820314,Mitochondrion,Mitochondrion
ENSP00000430889,0.17363281400000002,0.527734376,0.57109375,0.305859376,0.127734374,0.18105468600000002,0.14677734599999998,0.14296875,0.179882814,0.31874999800000003,0.103466796,"Cytoplasm, Nucleus","Nucleus, Cell membrane"
ENSP00000425460,0.588671874,0.23789062800000002,0.293750002,0.217968752,0.13076172,0.563671874,0.17480468799999999,0.6640625,0.148535158,0.405859376,0.338281252,"Membrane, Endoplasmic reticulum",Nucleus
ENSP00000393696,0.12158203199999999,0.20996093600000001,0.379296874,0.86484375,0.058325196,0.202929688,0.08927001999999999,0.277050782,0.05234375,0.191308594,0.18271484600000001,Extracellular,Mitochondrion
ENSP00000384474,0.26113281,0.54140625,0.5890625,0.060546873999999994,0.24658203199999998,0.127441408,0.021582031999999998,0.21279296999999997,0.08198242,0.175878904,0.00467529,"Cytoplasm, Nucleus",Nucleus
ENSP00000467965,0.15722656200000001,0.6609375,0.69921875,0.022363280000000003,0.131152344,0.23066405999999998,0.00418396,0.154492186,0.146777344,0.248828124,0.11413574,"Cytoplasm, Nucleus",Cytoplasm
ENSP00000463450,0.096875,0.480078126,0.72578125,0.126953124,0.11689453000000001,0.097949218,0.006011964,0.10205078000000001,0.076220704,0.10332031000000001,0.03272705,"Cytoplasm, Nucleus","Cytoplasm, Nucleus"
ENSP00000455767,0.209179686,0.275976562,0.242187498,0.609375,0.152148438,0.328125002,0.040301514,0.424414062,0.05444336000000001,0.248242188,0.202392576,None,"Cytoplasm, Nucleus"
ENSP00000419578,0.78828125,0.069189452,0.13232422,0.030493162,0.052001954,0.90078125,0.09182129,0.231835938,0.166308594,0.144921874,0.062072751999999995,"Membrane, Mitochondrion",Mitochondrion
ENSP00000460301,0.375781252,0.464453126,0.471874998,0.046508787999999995,0.241992188,0.29667968599999994,0.010000612,0.290234376,0.350195312,0.57109375,0.022424316,None,"Cytoplasm, Nucleus"
ENSP00000446783,0.12958984199999998,0.529296874,0.5578125,0.295703126,0.07470703199999999,0.18867187400000002,0.328417968,0.255664062,0.26875,0.254882812,0.076330568,"Cytoplasm, Nucleus",Nucleus
ENSP00000446665,0.16123046800000002,0.55625,0.530078126,0.326953126,0.107324218,0.434375,0.20439453199999996,0.191601562,0.276171876,0.351953126,0.23349609600000001,"Cytoplasm, Nucleus",Cytoplasm
ENSP00000392230,0.06254882799999999,0.256445312,0.925,0.04437256,0.057519532000000005,0.12246093799999999,0.010234072,0.058056642000000006,0.055957032,0.053955078000000004,0.10646972799999999,Nucleus,"Cytoplasm, Nucleus"
ENSP00000505534,0.187304688,0.6796875,0.464843752,0.097460936,0.196875,0.224414062,0.028173828,0.157519532,0.1296875,0.299609376,0.086157228,Cytoplasm,Cytoplasm
ENSP00000443772,0.340625,0.628125,0.4203125,0.64140625,0.241113282,0.18989258,0.007217406,0.226367186,0.168359374,0.188085938,0.2090332,Cytoplasm,Cytoplasm
ENSP00000435556,0.430468748,0.551171874,0.42773437599999997,0.11472168,0.440625,0.27539062400000003,0.048803712,0.3953125,0.318945314,0.405859374,0.144189452,Cytoplasm,"Nucleus, Cell membrane"
ENSP00000424323,0.158007812,0.57421875,0.54609375,0.16523437400000002,0.166894534,0.38007812799999996,0.032116700000000005,0.207324216,0.2296875,0.2703125,0.56015625,"Cytoplasm, Nucleus","Cytoplasm, Nucleus"
ENSP00000417479,0.253710936,0.45546875,0.39257812599999997,0.365820312,0.32890625,0.136523436,0.0038452140000000004,0.275976562,0.462109376,0.264257814,0.004037476,None,Cytoplasm
ENSP00000407711,0.095507812,0.464453124,0.8296875,0.023193362000000002,0.055810545999999996,0.219921876,0.001056288,0.05390624799999999,0.07578125,0.12373047000000001,0.016601562,Nucleus,Nucleus
ENSP00000340691,0.15849609,0.69453125,0.67265625,0.030737302,0.240625,0.10781250199999999,0.014041138,0.09721679600000001,0.095849608,0.12075195200000002,0.06088867200000001,"Cytoplasm, Nucleus","Cytoplasm, Nucleus"
ENSP00000498324,0.174218748,0.33457031000000004,0.368164062,0.728125,0.052197266,0.68203125,0.016189578,0.328515624,0.051098632,0.16489257799999998,0.38718262000000003,"Extracellular, Mitochondrion",Nucleus
ENSP00000493492,0.14560547,0.541796876,0.543359376,0.18095703000000002,0.08237304599999999,0.514453126,0.048144532000000004,0.218261718,0.257226562,0.42734375,0.052490234000000004,"Cytoplasm, Nucleus","Cytoplasm, Nucleus"
ENSP00000434141,0.208984376,0.460937502,0.41210937400000003,0.444531252,0.14726562599999998,0.6546875,0.09584961,0.190820312,0.17412109400000003,0.371874998,0.24028320399999997,Mitochondrion,Nucleus
ENSP00000433390,0.22412109400000002,0.7703125,0.555859374,0.012487792000000001,0.250781252,0.18603515799999998,0.008959962,0.087011718,0.12021484,0.13183593799999999,0.028735350000000003,"Cytoplasm, Nucleus",Cell membrane
ENSP00000429192,0.323437498,0.399999998,0.592578124,0.057958984000000005,0.193066406,0.287890624,0.026907348000000005,0.22128906,0.14580078000000002,0.148046876,0.003251838,Nucleus,Nucleus
ENSP00000401748,0.091796874,0.634765624,0.433984378,0.176464844,0.07319336,0.43984375,0.31005859399999997,0.268359376,0.38457031399999997,0.230273438,0.142871094,Cytoplasm,Endoplasmic reticulum
ENSP00000399267,0.316406248,0.6609375,0.481250002,0.041210934,0.281445312,0.12451171800000001,0.019201660000000002,0.2484375,0.267480468,0.361523438,0.010139466,Cytoplasm,"Cytoplasm, Cell membrane"
ENSP00000376096,0.2203125,0.263085938,0.22890625,0.625,0.23964843600000002,0.08486328,0.010607910000000002,0.5390625,0.341210936,0.171972656,0.038244628,None,"Cytoplasm, Cell membrane"
ENSP00000463892,0.367382812,0.405859374,0.465234376,0.08759766,0.172851564,0.378906248,0.051843262,0.402734376,0.5765625,0.570703126,0.06704101600000001,Lysosome/Vacuole,Golgi apparatus
ENSP00000462796,0.111230468,0.7,0.43164062400000003,0.115429686,0.11904297,0.127734374,0.016223144000000002,0.12255859399999999,0.083740236,0.143945312,0.093676756,Cytoplasm,Cell membrane
ENSP00000459534,0.02890625,0.17792968599999998,0.82421875,0.105908204,0.030444336,0.1640625,0.112890626,0.07075195199999999,0.05268554799999999,0.046582029999999996,0.036181638,Nucleus,"Cytoplasm, Cell membrane"
ENSP00000453357,0.21171875,0.43945312599999997,0.45234375,0.451953126,0.167871094,0.6,0.019812009999999998,0.238867188,0.292578124,0.483593752,0.254785156,None,"Cytoplasm, Mitochondrion"
ENSP00000453208,0.135839844,0.481640624,0.6875,0.081542966,0.10136718600000001,0.258593752,0.019848631999999998,0.137109374,0.10781250199999999,0.192773438,0.204882812,"Cytoplasm, Nucleus",Nucleus
ENSP00000451718,0.20585937799999998,0.580859376,0.609375,0.056323243999999995,0.22890625,0.2515625,0.007861327999999999,0.09091797,0.20410156200000001,0.15283203,0.01699829,"Cytoplasm, Nucleus",Cell membrane
ENSP00000451213,0.10312499800000001,0.237890626,0.90546875,0.014611818000000002,0.09355469000000001,0.06899414,0.007873534000000001,0.09882812599999999,0.04995117,0.03894043,0.015768433999999998,Nucleus,Nucleus
ENSP00000372205,0.190039062,0.3765625,0.35390625,0.71640625,0.240234374,0.225195312,0.364453126,0.064038086,0.02503662,0.189648438,0.020274352,Extracellular,Cytoplasm
ENSP00000343218,0.15117187599999998,0.5125,0.5734375,0.283984374,0.186621094,0.40761718599999996,0.0122406,0.20576171799999998,0.261718752,0.1765625,0.145739746,"Cytoplasm, Nucleus",Nucleus
ENSP00000499538,0.128710936,0.59453125,0.728125,0.028491212,0.085400392,0.262109376,0.03634033,0.18955077999999997,0.176367188,0.181835938,0.085021974,"Cytoplasm, Nucleus",Nucleus
ENSP00000479447,0.08857422000000001,0.414453124,0.3765625,0.6359375,0.044848634,0.387499998,0.222460938,0.170996094,0.062695316,0.234277346,0.331042482,None,Golgi apparatus
ENSP00000475768,0.08544921800000001,0.550390626,0.7671875,0.047509767999999994,0.078320312,0.187109376,0.016323854,0.193359374,0.145019532,0.136328124,0.029235840000000003,"Cytoplasm, Nucleus","Cytoplasm, Nucleus"
ENSP00000466951,0.300195312,0.453906246,0.426953124,0.080859376,0.14687499799999998,0.13828125200000002,0.007606506000000001,0.324609376,0.46308593800000003,0.7765625,0.014204407999999998,Golgi apparatus,"Cytoplasm, Nucleus"
ENSP00000463688,0.151855468,0.554296874,0.546875,0.24345703200000002,0.24902344000000004,0.376171874,0.006527712,0.176269532,0.258007814,0.156835936,0.171984866,"Cytoplasm, Nucleus",Nucleus
ENSP00000409858,0.228515626,0.505078124,0.678125,0.136621096,0.17314453000000002,0.338671876,0.022766113999999997,0.164648436,0.11796875,0.21796875,0.14316406199999998,"Cytoplasm, Nucleus",Nucleus
ENSP00000505503,0.136132814,0.405859374,0.3828125,0.73125,0.073681638,0.351171874,0.21284179600000003,0.106347656,0.044482422,0.26679687799999996,0.24628905999999998,Extracellular,"Cytoplasm, Nucleus"
ENSP00000493139,0.21484375,0.288281248,0.23554687400000002,0.54140625,0.06313476599999998,0.363671876,0.04744873,0.4359375,0.35527344,0.35390624800000003,0.08837890600000001,None,Nucleus
ENSP00000482498,0.29453125,0.32578125,0.326562502,0.678125,0.134863282,0.436718752,0.24619140599999997,0.256054688,0.132226564,0.232617188,0.3359375,Extracellular,Cytoplasm
ENSP00000482052,0.247851562,0.391406252,0.34140624599999997,0.370507814,0.09880371000000002,0.258984378,0.015600584,0.11103515600000002,0.11298827999999998,0.163476562,0.009893797999999999,None,Golgi apparatus
ENSP00000454688,0.31640625,0.70625,0.39921875,0.05273437400000001,0.30625000199999997,0.28925781199999995,0.0029113760000000002,0.18632812599999998,0.187890626,0.24335937400000002,0.10400390600000001,Cytoplasm,Cell membrane
ENSP00000414661,0.12348632600000002,0.494531252,0.50703125,0.36542969,0.058886720000000004,0.54765625,0.048052978,0.41523437799999996,0.262597658,0.241015622,0.10551758,Cytoplasm,Nucleus
ENSP00000407464,0.34531250199999997,0.5765625,0.37890625,0.260351564,0.365625,0.421093754,0.022253418000000004,0.26738281399999997,0.325585938,0.35566406,0.027514648000000003,Cytoplasm,Cell membrane
ENSP00000396366,0.233984374,0.57734375,0.625,0.099169922,0.29824219,0.177441406,0.021752927999999998,0.168164066,0.1,0.31855468600000003,0.007878114,"Cytoplasm, Nucleus",Cell membrane
ENSP00000497786,0.102539062,0.284375,0.33789062400000003,0.23632812799999997,0.068652344,0.255468748,0.8078125,0.06845703,0.080810544,0.12490234199999999,0.269628906,Plastid,Cytoplasm
ENSP00000471518,0.22558593600000001,0.254492188,0.198828126,0.62109375,0.235253908,0.417187502,0.193115232,0.286035154,0.238671876,0.309765624,0.016864016,None,Cell membrane
ENSP00000470962,0.331640624,0.242578126,0.207226562,0.045825196,0.12578125,0.9609375,0.094091798,0.058300779999999996,0.044116212,0.0890625,0.12490234199999999,Mitochondrion,Mitochondrion
ENSP00000426615,0.053369141999999994,0.311328124,0.92890625,0.070825196,0.053369142,0.127636718,0.016278076000000002,0.055273437999999994,0.024755858,0.030444336,0.027648925999999997,Nucleus,Nucleus
ENSP00000420568,0.14179687800000002,0.530859376,0.541015624,0.487109376,0.16923828000000002,0.35703125199999997,0.027111816,0.15312500199999998,0.20263672000000002,0.32890625,0.20927734400000003,"Cytoplasm, Nucleus",Nucleus
ENSP00000387794,0.259375,0.68984375,0.502734376,0.06372070199999999,0.45507812400000003,0.25078125,0.017425538,0.17734374800000002,0.111621094,0.144335938,0.1078125,Cytoplasm,"Cytoplasm, Nucleus"
ENSP00000297983,0.7328125,0.120410156,0.14677734599999998,0.07929687199999999,0.07856445199999999,0.8171875,0.02434082,0.22558593600000001,0.08515624799999999,0.12861328,0.035339356,"Membrane, Mitochondrion",Mitochondrion
ENSP00000499772,0.22480469000000003,0.21171875199999998,0.22578125,0.73203125,0.09082031399999999,0.27128906399999997,0.049658204,0.43623046800000004,0.045324706000000006,0.31796875,0.12275391,Extracellular,Nucleus
ENSP00000453703,0.132128906,0.69921875,0.44296875,0.220898436,0.19316406000000003,0.20410156399999999,0.006785584,0.12255859399999999,0.19121094,0.27949219200000003,0.055810548,Cytoplasm,Golgi apparatus
ENSP00000453584,0.104980466,0.24902343799999999,0.41015625,0.11850585999999999,0.049121092,0.8578125,0.2890625,0.07465820399999999,0.070776368,0.08828125,0.29375,Mitochondrion,"Cytoplasm, Endoplasmic reticulum"
ENSP00000453034,0.11279296800000001,0.520703124,0.79453125,0.054980468000000005,0.130664062,0.206640624,0.009503174,0.174902344,0.16289062599999998,0.113867188,0.087304686,"Cytoplasm, Nucleus",Golgi apparatus
ENSP00000263384,0.077685546,0.336914062,0.8171875,0.093872072,0.06342773399999999,0.05991211,0.0028503419999999996,0.06533203200000001,0.04682617199999999,0.072460938,0.003396988,Nucleus,Nucleus
ENSP00000501275,0.136328126,0.504687502,0.44335937599999997,0.191796876,0.09287109200000002,0.23144531399999999,0.035571288,0.154589844,0.102539062,0.206640626,0.269921876,Cytoplasm,"Cytoplasm, Nucleus"
ENSP00000471042,0.17109375,0.60390625,0.61640625,0.057666016,0.099316406,0.42031249800000003,0.06130370999999999,0.136816408,0.07387695400000001,0.16494140799999998,0.16142578000000002,"Cytoplasm, Nucleus",Nucleus
ENSP00000462912,0.203710938,0.665625,0.49140625,0.045690916,0.272656248,0.308984372,0.010391236000000002,0.11083984399999999,0.22792968599999996,0.234765624,0.251757812,Cytoplasm,Cell membrane
ENSP00000428370,0.222851562,0.46171875,0.57109375,0.028573606,0.09326171800000001,0.21611328,0.00918274,0.333203126,0.153808594,0.118432618,0.017256926,Nucleus,Nucleus
ENSP00000355831,0.126757812,0.429687498,0.402343752,0.6171875,0.07534179799999999,0.269726562,0.20263671800000002,0.215917968,0.06787109399999999,0.23945312400000002,0.294140626,None,"Cytoplasm, Nucleus"
ENSP00000344547,0.120996094,0.363671876,0.85546875,0.34912109199999997,0.179199222,0.16328125,0.00486145,0.10200195199999999,0.015173338,0.070874022,0.0006870279999999999,Nucleus,"Cytoplasm, Nucleus"
ENSP00000505087,0.300976562,0.46328124800000003,0.54375,0.1890625,0.285351564,0.399218752,0.084179688,0.22128906399999998,0.16503906200000001,0.321484376,0.18520508,Nucleus,Mitochondrion
ENSP00000503145,0.118847654,0.6171875,0.6078125,0.54140625,0.082177734,0.5039062519999999,0.051000975999999996,0.19414062599999998,0.22011718600000002,0.358203124,0.236132812,"Cytoplasm, Nucleus",Mitochondrion
ENSP00000502095,0.24277343999999998,0.45078125,0.380078126,0.413671876,0.164648438,0.40820312599999997,0.195214842,0.25,0.297851564,0.43984374800000003,0.36542968600000003,None,"Cytoplasm, Cell membrane, Endoplasmic reticulum"
ENSP00000500895,0.16308593600000001,0.1890625,0.118847658,0.853125,0.17666015799999998,0.13701172,0.005105594,0.233593752,0.255078126,0.316015626,0.017120362,Extracellular,"Cytoplasm, Nucleus"
ENSP00000469135,0.15810547,0.210742188,0.087402342,0.853125,0.271875,0.05883788799999999,0.08647461,0.340234376,0.298242186,0.220898438,0.007540893999999999,Extracellular,Cell membrane
ENSP00000464419,0.11845703199999999,0.547265626,0.62890625,0.41992187599999997,0.119140624,0.321289066,0.021826171999999998,0.22343750199999998,0.217089846,0.18652343600000001,0.430078124,"Cytoplasm, Nucleus",Cytoplasm
ENSP00000452417,0.20878906000000003,0.207226562,0.282812498,0.14970703000000002,0.04255371,0.88984375,0.123193358,0.108398438,0.037011718,0.109960938,0.320214844,Mitochondrion,Nucleus
ENSP00000502101,0.207031252,0.545703126,0.407421874,0.149121094,0.10888671800000001,0.391015624,0.055908203999999996,0.28984375,0.179589844,0.263476562,0.282666014,Cytoplasm,Nucleus
ENSP00000478133,0.15410156000000003,0.67109375,0.60703125,0.111621094,0.21328125,0.290234374,0.054785154,0.08457031200000001,0.16962890800000002,0.193554686,0.126953124,"Cytoplasm, Nucleus",Mitochondrion
ENSP00000464089,0.31835938,0.6609375,0.5890625,0.081127926,0.23222656000000003,0.24101562599999998,0.021792602,0.12656249800000002,0.346484376,0.42382812599999997,0.07176513799999999,"Cytoplasm, Nucleus",Golgi apparatus
ENSP00000453629,0.14296874799999998,0.63828125,0.512499998,0.01915283,0.20283203199999997,0.088916014,0.00593033,0.070166014,0.089111328,0.053027344,0.021447754,Cytoplasm,"Cytoplasm, Nucleus"
ENSP00000452439,0.15527343799999999,0.70390625,0.40000000199999997,0.202539062,0.125683592,0.25390625,0.32246093600000003,0.171679686,0.21074219,0.207421874,0.07562255999999999,Cytoplasm,"Cytoplasm, Nucleus"
ENSP00000421606,0.11708984199999999,0.6265625,0.61171875,0.09785155999999999,0.173632812,0.27539062400000003,0.044116212,0.122851562,0.125292966,0.215429688,0.040502928,"Cytoplasm, Nucleus",Nucleus
ENSP00000266964,0.351171878,0.48242187400000003,0.327734372,0.040234374,0.079663086,0.432421874,0.010150146,0.153027342,0.42734375,0.19677734600000002,0.086767576,Cytoplasm,Cytoplasm
ENSP00000453470,0.150878904,0.562890626,0.62109375,0.08940429600000001,0.12470703000000001,0.35781249800000003,0.02164917,0.158007812,0.171093752,0.156152344,0.45546875,"Cytoplasm, Nucleus",Nucleus
ENSP00000433139,0.115820314,0.6953125,0.61796875,0.272070312,0.13125,0.130175782,0.034112550000000005,0.296777346,0.068066408,0.11708984600000001,0.0043548580000000005,"Cytoplasm, Nucleus","Cytoplasm, Nucleus, Endoplasmic reticulum"
ENSP00000430095,0.44726562799999997,0.4765625,0.315234374,0.099804686,0.17460937599999998,0.566015624,0.025439451999999994,0.398046874,0.3890625,0.561328126,0.06413574200000001,Cytoplasm,"Cytoplasm, Nucleus"
ENSP00000421676,0.145996094,0.374218752,0.42109375,0.572265624,0.056933594,0.615234374,0.025,0.149316408,0.041723633999999996,0.17695312400000002,0.21660156400000002,None,Nucleus
ENSP00000406980,0.25195312599999997,0.510156252,0.417578124,0.23095703199999998,0.20537109400000003,0.44296875199999997,0.08984375,0.253515626,0.21777343600000001,0.261328126,0.190429684,Cytoplasm,Cytoplasm
ENSP00000342895,0.309570312,0.166601562,0.130859376,0.05246582200000001,0.150683594,0.94921875,0.028259276,0.06787109399999999,0.03562012,0.077148438,0.042089846,Mitochondrion,Mitochondrion
ENSP00000290079,0.88203125,0.04584961,0.08754882800000001,0.038500978,0.05048828400000001,0.91953125,0.511328126,0.30273437400000003,0.34501953,0.252734374,0.23515625,"Membrane, Mitochondrion",Mitochondrion
ENSP00000480532,0.13076172,0.5125,0.5796875,0.38828125,0.09643554800000001,0.45898437599999997,0.046398923999999994,0.147265624,0.209179688,0.280859376,0.16513672000000001,"Cytoplasm, Nucleus",Nucleus
ENSP00000467027,0.08588867200000001,0.375390624,0.80703125,0.11666259999999999,0.08769531,0.060583496,0.014389038000000002,0.12783203,0.046264650000000004,0.128808592,0.015040590000000001,Nucleus,Nucleus
ENSP00000462899,0.296289064,0.202343752,0.19257812400000002,0.07639159999999999,0.139355468,0.96484375,0.046008302,0.062109373999999995,0.070458982,0.10234374799999998,0.14951172,Mitochondrion,Cytoplasm
ENSP00000454124,0.15341797000000001,0.57265625,0.54375,0.2984375,0.12236328200000002,0.29882812400000003,0.078515624,0.221875,0.340625,0.28828125,0.237695314,"Cytoplasm, Nucleus",Nucleus
ENSP00000435017,0.71796875,0.081738282,0.217382812,0.06318359200000001,0.038671876,0.9140625,0.180859376,0.36308593599999994,0.20522460800000003,0.086865234,0.07570800600000001,"Membrane, Mitochondrion",Mitochondrion
ENSP00000433148,0.7140625,0.10498046999999999,0.169238282,0.11411132799999998,0.56328125,0.197656248,0.031005857999999997,0.390234376,0.40273437800000006,0.20068359399999997,0.019329832,"Membrane, Cell membrane",Cell membrane
ENSP00000421209,0.17890625,0.45625,0.5359375,0.30625000199999997,0.126660156,0.4546875,0.06572265399999999,0.20361327999999998,0.226562502,0.325,0.172998044,Nucleus,Cytoplasm
ENSP00000404242,0.371289064,0.34570312400000003,0.329492188,0.59453125,0.291601562,0.21337890599999998,0.11879882599999998,0.403515626,0.15654297,0.268945314,0.045385744,None,Cytoplasm
ENSP00000386519,0.11845703199999999,0.35312500199999997,0.8546875,0.33837890800000003,0.17031250199999998,0.16220703,0.004414368,0.10493163999999999,0.015100094,0.0704834,0.000714872,Nucleus,"Cytoplasm, Nucleus"
ENSP00000362011,0.066064452,0.455859376,0.77109375,0.487890626,0.054443358,0.322460936,0.009381104000000001,0.136621094,0.13769531200000001,0.075292968,0.3703125,Nucleus,Nucleus
ENSP00000453826,0.2,0.426171876,0.560546876,0.218945312,0.152929686,0.383203126,0.05276489400000001,0.213671874,0.186718748,0.268750002,0.305078126,Nucleus,Nucleus
ENSP00000437094,0.263867188,0.7796875,0.389843752,0.029431154000000005,0.14609375,0.223242186,0.006013486,0.13779296800000002,0.4037109360000001,0.46328124800000003,0.044726564,Cytoplasm,"Cytoplasm, Nucleus, Cell membrane"
ENSP00000422708,0.156054686,0.7734375,0.353125,0.06391601599999999,0.10107421800000001,0.461328124,0.013928224,0.191796876,0.19189453,0.108886716,0.316210938,Cytoplasm,Cytoplasm
ENSP00000388120,0.06528320400000001,0.346484374,0.91953125,0.01126709,0.055908202,0.068066404,0.0065887459999999995,0.06953125,0.05415039199999999,0.034082032,0.0036445619999999996,Nucleus,Nucleus
ENSP00000379634,0.05507812399999999,0.355859378,0.86796875,0.028613282,0.06645507799999999,0.107519532,0.013479613999999997,0.04621582,0.026269532,0.026867676,0.016186522000000002,Nucleus,Nucleus
ENSP00000504953,0.25078125,0.389453124,0.60078125,0.35703125,0.12167968999999998,0.172070312,0.09743652200000001,0.17832031599999998,0.25546875,0.38124999800000003,0.027111816,Nucleus,Nucleus
ENSP00000489835,0.137109376,0.6203125,0.63046875,0.04094238199999999,0.11259765400000002,0.24199218599999997,0.032177734,0.17421875,0.220703124,0.22929687599999998,0.17714843600000002,"Cytoplasm, Nucleus","Cytoplasm, Nucleus"
ENSP00000483888,0.541015624,0.18867187199999996,0.18359375,0.146582032,0.061425780000000006,0.84375,0.106640624,0.329101562,0.255664066,0.281835938,0.09335937599999998,"Membrane, Mitochondrion",Mitochondrion
ENSP00000456106,0.079345704,0.49453125,0.83828125,0.0454834,0.094189454,0.182031254,0.01760254,0.06674804599999999,0.08208007800000001,0.09970703,0.022521972,"Cytoplasm, Nucleus",Nucleus
ENSP00000432533,0.11249999799999999,0.487109376,0.68203125,0.191601562,0.100976562,0.253320312,0.031359862,0.20410156200000001,0.08857421800000001,0.13310546799999998,0.036138914,"Cytoplasm, Nucleus",Nucleus
ENSP00000423727,0.16328125,0.1390625,0.10683593799999999,0.90390625,0.141894532,0.142773436,0.036437988,0.231640626,0.213085936,0.237890626,0.026550293999999995,Extracellular,"Endoplasmic reticulum, Golgi apparatus"
ENSP00000393552,0.04877929599999999,0.268164062,0.9203125,0.031396486,0.091601562,0.06340332,0.026074220000000002,0.099609372,0.099414062,0.049072264,0.029061888,Nucleus,Nucleus
ENSP00000389559,0.136230468,0.527734374,0.7234375,0.04393005400000001,0.133203124,0.08076172,0.019042968,0.186621092,0.0765625,0.15234375,0.013793943999999999,"Cytoplasm, Nucleus",Nucleus
ENSP00000464232,0.135839844,0.58203125,0.75234375,0.043139648,0.0703125,0.128515626,0.05202636599999999,0.117871094,0.06977539,0.14375,0.023309326,"Cytoplasm, Nucleus",Nucleus
ENSP00000450740,0.151562498,0.284765626,0.55078125,0.338671876,0.09687500199999999,0.083154296,0.24970703199999997,0.20195312599999998,0.054101564000000005,0.106152344,0.20986328199999998,Nucleus,"Cytoplasm, Nucleus"
ENSP00000323414,0.20048828199999996,0.551171876,0.4734375,0.283789062,0.17041015600000003,0.398437502,0.123144534,0.25078125,0.403125,0.43984375,0.26010742200000003,Cytoplasm,Cell membrane
ENSP00000503038,0.342578128,0.4078125,0.387500002,0.45117187200000003,0.166796874,0.580859376,0.052197264,0.290039062,0.1625,0.294335938,0.272753906,None,Cytoplasm
ENSP00000486916,0.1953125,0.548046874,0.4734375,0.139160154,0.24902344000000004,0.437890628,0.013482668,0.21318359400000003,0.364257814,0.18964843800000003,0.184545898,Cytoplasm,Nucleus
ENSP00000462962,0.165820312,0.272460936,0.33730468999999996,0.721875,0.051379396,0.39785156,0.033044434,0.23413085799999997,0.030029296,0.26455078200000004,0.2267334,Extracellular,Cytoplasm
ENSP00000456998,0.14189453000000002,0.4515625,0.5,0.382226562,0.156640624,0.464843752,0.030722046000000003,0.265332028,0.075195312,0.34453125,0.316162108,None,Nucleus
ENSP00000422701,0.150585938,0.56015625,0.5703125,0.12460937400000001,0.10810547,0.242382812,0.028521730000000002,0.12490234200000001,0.107714844,0.221875,0.022702025999999997,"Cytoplasm, Nucleus","Cytoplasm, Nucleus"
ENSP00000416133,0.11328125199999999,0.61875,0.70078125,0.075781248,0.07763671800000001,0.14951172,0.030273435999999997,0.147656252,0.17089843600000001,0.148046874,0.05095214800000001,"Cytoplasm, Nucleus",Nucleus
ENSP00000410223,0.86328125,0.112890622,0.13828125,0.08154296999999999,0.67265625,0.233593752,0.08466796800000001,0.7875,0.6484375,0.370703124,0.009722902,"Membrane, Cell membrane, Endoplasmic reticulum, Lysosome/Vacuole",Nucleus
ENSP00000461696,0.156835938,0.496875002,0.61015625,0.165820312,0.246484374,0.12373046800000001,0.065429686,0.08984375,0.237695314,0.3484375,0.128271486,"Cytoplasm, Nucleus",Nucleus
ENSP00000429766,0.246875,0.63203125,0.44804687200000004,0.058642578,0.315039064,0.246875,0.019818116000000004,0.05991211,0.259374998,0.19775390600000003,0.021823122,Cytoplasm,Cytoplasm
ENSP00000339093,0.578125,0.401171874,0.301953126,0.37734374800000003,0.295117188,0.46679687400000003,0.04013672,0.445703124,0.18154297000000003,0.353124998,0.43623046800000004,Membrane,Golgi apparatus
ENSP00000471563,0.448046876,0.69140625,0.43984375,0.167578124,0.50859375,0.31054687599999997,0.00165329,0.14741211,0.352539064,0.276953124,0.014785763999999998,Cytoplasm,"Cytoplasm, Nucleus"
ENSP00000470109,0.085839844,0.495703124,0.579296874,0.70703125,0.066870118,0.20888671800000003,0.076831056,0.12119140400000002,0.074414062,0.07109375,0.171386718,"Cytoplasm, Nucleus, Extracellular",Mitochondrion
ENSP00000464792,0.12060546800000001,0.36171874600000004,0.590625,0.226953126,0.096728514,0.75625,0.33046874800000003,0.107714844,0.136523438,0.13964843799999999,0.128381346,"Nucleus, Mitochondrion",Nucleus
ENSP00000453633,0.309374998,0.41875,0.60703125,0.11240234600000001,0.195703126,0.277148438,0.019818114,0.165283204,0.209570312,0.20078125,0.00415039,Nucleus,"Cytoplasm, Cell membrane"
ENSP00000451510,0.182031252,0.463671874,0.517968752,0.38046875,0.147363278,0.315039062,0.137060548,0.13466796600000003,0.227929688,0.335546874,0.12104492199999999,None,Cytoplasm
ENSP00000434474,0.204296876,0.558984374,0.408593752,0.29609375,0.226953126,0.5171875,0.037744139999999995,0.240234376,0.254492188,0.378125002,0.167968752,Cytoplasm,Nucleus
ENSP00000423901,0.07973633,0.357031248,0.6921875,0.028552245999999996,0.045825194,0.25234375200000003,0.009344484,0.119531248,0.083837894,0.08320312599999999,0.0054748539999999995,Nucleus,Nucleus
ENSP00000404012,0.168359376,0.45937499800000003,0.53359375,0.446484376,0.138574218,0.57109375,0.02789917,0.21972656400000004,0.366210936,0.37304687400000003,0.30078125,Nucleus,"Cytoplasm, Nucleus"
ENSP00000401872,0.103173828,0.58359375,0.66640625,0.41171875,0.146191406,0.29062500199999997,0.014251708000000002,0.08466796800000001,0.18095703400000002,0.18867187400000002,0.24560547000000002,"Cytoplasm, Nucleus",Cytoplasm
ENSP00000498848,0.206250002,0.36171875,0.40078124800000003,0.63515625,0.09736327999999998,0.35703125399999996,0.12548828,0.19619140799999998,0.050097656000000004,0.220703126,0.24638671799999998,None,Nucleus
ENSP00000498788,0.07182617,0.609765624,0.6203125,0.034106444,0.034106446,0.17871093600000001,0.015179444,0.10810546800000001,0.150097654,0.143164062,0.297070316,"Cytoplasm, Nucleus","Cytoplasm, Nucleus"
ENSP00000489370,0.24453125199999998,0.5078125,0.475000002,0.438671874,0.13828124800000002,0.4703125,0.116455076,0.25195312799999997,0.281640626,0.3625,0.24902343799999999,Cytoplasm,Cytoplasm
ENSP00000431095,0.106445312,0.50390625,0.522265624,0.398437498,0.069140626,0.234374998,0.15722656200000001,0.12441406199999998,0.103222656,0.135058594,0.206835938,Cytoplasm,Nucleus
ENSP00000402322,0.353710938,0.5328125,0.496875002,0.07299804800000001,0.19023437599999998,0.211083986,0.026989746,0.219921878,0.254882814,0.370117186,0.027722168,Cytoplasm,"Cytoplasm, Cell membrane"
ENSP00000392615,0.11972656200000001,0.43828125,0.80859375,0.06777343799999999,0.13359375,0.12460937400000001,0.011862182000000002,0.124902344,0.048486328,0.05336914,0.007633970000000001,Nucleus,Nucleus
ENSP00000370125,0.135253906,0.3203125,0.79921875,0.350585938,0.257617184,0.22138671799999998,0.048181152,0.054565428000000006,0.009588622000000002,0.05234375,0.002468872,Nucleus,Nucleus
ENSP00000448545,0.454296874,0.207031248,0.16064453,0.059814454,0.10888671999999999,0.88671875,0.039172363999999994,0.242187498,0.08164062400000001,0.0796875,0.048449706,"Membrane, Mitochondrion",Mitochondrion
ENSP00000429976,0.05512695200000001,0.564453124,0.523828126,0.658203126,0.04177246,0.327734376,0.06196289000000001,0.149316408,0.12578124799999998,0.12753906399999998,0.393945312,"Cytoplasm, Extracellular",Mitochondrion
ENSP00000429873,0.129199218,0.38906249800000003,0.312890624,0.518750002,0.115625,0.308984374,0.065454104,0.119628904,0.286523438,0.172460938,0.06646728599999999,None,Mitochondrion
ENSP00000424181,0.09277343600000001,0.494531252,0.80546875,0.019763184,0.11044921999999999,0.225390624,0.19453125,0.11640624799999999,0.089990234,0.08754883000000001,0.23671875,"Cytoplasm, Nucleus",Nucleus
ENSP00000423066,0.210742186,0.55078125,0.481250002,0.09160156000000001,0.19375,0.319140624,0.022808837999999998,0.14560546800000002,0.176464842,0.07927245999999999,0.009234619999999999,Cytoplasm,Cytoplasm
ENSP00000421897,0.284375,0.8046875,0.369921874,0.06821289,0.144921876,0.241992188,0.0028137220000000003,0.255371096,0.556640624,0.623828126,0.009014894,Cytoplasm,"Cytoplasm, Cell membrane"
ENSP00000395719,0.299804688,0.525390626,0.438671874,0.11201171799999998,0.174414062,0.22480468999999997,0.002954102,0.17050781399999998,0.4921875,0.383984374,0.011557008,Cytoplasm,Nucleus
ENSP00000502954,0.321289062,0.147558594,0.08623046999999999,0.035278322,0.129931642,0.959375,0.139746094,0.044042968,0.05708008,0.076904296,0.052612304,Mitochondrion,Mitochondrion
ENSP00000489587,0.19375,0.23183593600000002,0.223828126,0.72578125,0.20498046999999997,0.328320312,0.191796876,0.15332031200000001,0.07836914,0.209375,0.020111083999999998,Extracellular,Nucleus
ENSP00000457536,0.423046874,0.67421875,0.265039064,0.161914064,0.348437502,0.24785155999999997,0.010968016,0.16533203200000002,0.209765624,0.22451172000000003,0.105737306,Cytoplasm,"Cytoplasm, Cell membrane"
ENSP00000431233,0.20058594000000002,0.28730469,0.202734374,0.80859375,0.08330077799999999,0.434960938,0.08397216999999998,0.415527342,0.07270507799999999,0.405468752,0.15787353399999998,Extracellular,Endoplasmic reticulum
ENSP00000426165,0.10673828,0.5859375,0.6140625,0.25605468600000003,0.11777343600000001,0.26757812400000003,0.042639157999999996,0.167578126,0.155859374,0.291992186,0.09814453000000001,"Cytoplasm, Nucleus",Cytoplasm
ENSP00000421839,0.214648438,0.49375,0.410546876,0.43984375,0.16240234599999998,0.367187498,0.043103028,0.280273438,0.303125,0.372265626,0.30292968600000003,Cytoplasm,"Cytoplasm, Nucleus"
ENSP00000409990,0.185546876,0.67890625,0.410937498,0.125927734,0.166503906,0.342968752,0.203515624,0.22109375,0.12578125,0.15673828,0.23925781200000001,Cytoplasm,"Cytoplasm, Nucleus"
ENSP00000392767,0.4171875,0.66484375,0.29316405999999995,0.332226562,0.395703124,0.125195312,0.03522949,0.2390625,0.34824218599999995,0.30390625,0.037927246,Cytoplasm,Cytoplasm
ENSP00000372656,0.166406248,0.494921874,0.381640626,0.515625,0.060522462,0.403320314,0.287890624,0.270703124,0.185449218,0.398046872,0.29794922,Cytoplasm,Cell membrane
ENSP00000350398,0.15488281399999998,0.58828125,0.5421875,0.341406246,0.136816408,0.225976562,0.115380858,0.132714844,0.240234376,0.283007812,0.185253906,"Cytoplasm, Nucleus",Mitochondrion
ENSP00000506567,0.2171875,0.52890625,0.325390626,0.453125,0.193359374,0.319335938,0.35205078199999995,0.11640624799999999,0.07319336000000001,0.328515626,0.14143066399999998,Cytoplasm,"Cytoplasm, Nucleus"
ENSP00000505535,0.317578124,0.7046875,0.453125,0.11936035,0.206640626,0.34462890799999996,0.002360536,0.29101562599999997,0.280664064,0.401953124,0.00827942,Cytoplasm,Cytoplasm
ENSP00000482941,0.314062498,0.63203125,0.290625,0.12705078,0.224609376,0.514062498,0.146215822,0.21777343799999999,0.13359375,0.254296876,0.051513671999999996,Cytoplasm,Mitochondrion
ENSP00000242152,0.185742188,0.113476558,0.077441406,0.88203125,0.15390624800000002,0.066308594,0.005187987999999999,0.284570314,0.15732421600000002,0.417578126,0.009471130000000001,Extracellular,Golgi apparatus
ENSP00000476323,0.48203125,0.13779297000000001,0.144238282,0.038671874,0.132226564,0.971875,0.03742675799999999,0.095507812,0.063916014,0.122070312,0.06870116799999999,"Membrane, Mitochondrion",Mitochondrion
ENSP00000475468,0.21015624800000002,0.401562498,0.49101562200000004,0.21328125,0.12783202999999999,0.45117187799999997,0.11396484199999998,0.223437498,0.150390626,0.288671878,0.16679687399999998,None,Nucleus
ENSP00000463707,0.233593752,0.58984375,0.481249998,0.417968748,0.174121092,0.407421872,0.2515625,0.219335936,0.165625,0.308203124,0.031402587999999995,Cytoplasm,Cell membrane
ENSP00000453788,0.20048828199999996,0.46679687799999997,0.429296874,0.529296874,0.11455078,0.43203124800000003,0.13588867,0.2203125,0.158203124,0.438281248,0.097399904,None,"Cytoplasm, Nucleus"
ENSP00000438281,0.152441406,0.64140625,0.30625000199999997,0.19306640600000002,0.14560546800000002,0.18222656399999998,0.005326844000000001,0.12089843600000001,0.200390626,0.47382812799999996,0.007814026,Cytoplasm,Cytoplasm
ENSP00000436308,0.053222654,0.23710937599999998,0.9109375,0.034912108,0.10029296800000001,0.0888916,0.027062986,0.093554688,0.09853515799999998,0.04831543,0.029864501999999998,Nucleus,Nucleus
ENSP00000434262,0.2671875,0.466406248,0.370703128,0.170117188,0.150292968,0.58671875,0.141479492,0.17470703,0.10820312400000001,0.164453126,0.010946654,None,Mitochondrion
ENSP00000432792,0.646875,0.19453125,0.16484375,0.038903808,0.175097654,0.9328125,0.16972656400000002,0.366015624,0.203808594,0.154199218,0.09909667800000002,"Membrane, Mitochondrion",Mitochondrion
ENSP00000408717,0.18828125,0.49414062400000003,0.558203126,0.170410156,0.06376952999999999,0.24531250200000004,0.010168456,0.154199218,0.1078125,0.23935546800000002,0.134301758,"Cytoplasm, Nucleus",Nucleus
ENSP00000453224,0.11484375,0.508984376,0.493359376,0.6328125,0.097070312,0.317187502,0.18417968999999998,0.085009766,0.07109374799999998,0.25664062800000004,0.057647704,Cytoplasm,Endoplasmic reticulum
ENSP00000443808,0.19697265400000002,0.444140624,0.3953125,0.324414064,0.115185548,0.5671875,0.186035156,0.215624998,0.21162109199999998,0.323437502,0.16689453199999998,None,"Nucleus, Golgi apparatus"
ENSP00000431481,0.242578126,0.65390625,0.44726562599999997,0.22041015599999997,0.265039062,0.162109376,0.039318848,0.157714844,0.41582031199999997,0.18173828000000003,0.014154052,Cytoplasm,Nucleus
ENSP00000399672,0.07890625,0.476171876,0.72734375,0.06743164,0.07036132799999999,0.2015625,0.015020752000000002,0.157421876,0.16474609199999998,0.134863284,0.02906494,"Cytoplasm, Nucleus",Nucleus
ENSP00000399490,0.359179688,0.15820312399999997,0.12373047200000001,0.594921876,0.322656252,0.139160156,0.022796632,0.410156252,0.169238282,0.40078125,0.020544434000000004,None,Cell membrane
ENSP00000389994,0.146875,0.578125,0.51640625,0.564453124,0.12792968600000001,0.22363281399999999,0.21284179600000003,0.111230468,0.133496094,0.268359376,0.09548339800000001,Cytoplasm,Cell membrane
ENSP00000502992,0.280859374,0.185351562,0.13583984200000002,0.08461914,0.08984375,0.87109375,0.391015624,0.060986328,0.024658202,0.073632814,0.041125488,Mitochondrion,Mitochondrion
ENSP00000464939,0.0796875,0.355468748,0.82890625,0.051086426,0.053271484,0.04279784999999999,0.005834196,0.1015625,0.042700194,0.086865234,0.0035041800000000004,Nucleus,Nucleus
ENSP00000458914,0.17861327999999999,0.510546874,0.584375,0.350390624,0.134716794,0.55,0.083813476,0.133691408,0.343164064,0.293945312,0.23833007999999997,"Cytoplasm, Nucleus",Mitochondrion
ENSP00000434280,0.300976564,0.24687500199999998,0.51640625,0.252490236,0.140234374,0.600390626,0.06235351600000001,0.210742188,0.19189453,0.042114256,0.083886718,None,Mitochondrion
ENSP00000501350,0.197265624,0.6078125,0.54609375,0.285156254,0.184179688,0.25546875,0.07436523399999999,0.11962890600000001,0.18906249799999997,0.264453126,0.06730957,"Cytoplasm, Nucleus",Nucleus
ENSP00000471320,0.142285156,0.316796874,0.30703125,0.75546875,0.105810548,0.304296872,0.12036132599999998,0.183398436,0.07087402400000001,0.265039062,0.181323242,Extracellular,Cytoplasm
ENSP00000466948,0.237109374,0.41953125,0.52421875,0.27246094,0.06616211000000001,0.526171874,0.064672852,0.177734376,0.09760742200000001,0.21367187599999998,0.09412841999999999,None,Cytoplasm
ENSP00000462705,0.156835936,0.6390625,0.5117187480000001,0.053125,0.240039064,0.236132812,0.006573484,0.16269530999999998,0.170117188,0.179101562,0.175292966,Cytoplasm,"Cytoplasm, Nucleus"
ENSP00000437284,0.8578125,0.099316406,0.17871093600000001,0.072631836,0.46015625,0.228710938,0.077246094,0.63515625,0.559375,0.533984376,0.011421204,"Membrane, Endoplasmic reticulum","Endoplasmic reticulum, Golgi apparatus"
ENSP00000437200,0.17109375,0.32578125,0.68671875,0.49765625,0.140039062,0.12182617200000001,0.078540038,0.12978515599999998,0.11074218599999999,0.33007812400000003,0.006878661999999999,Nucleus,Cytoplasm
ENSP00000421278,0.141308596,0.518359376,0.68828125,0.064746094,0.108691406,0.229101562,0.10419921800000001,0.14794922,0.287890624,0.230273436,0.225146486,"Cytoplasm, Nucleus",Nucleus
ENSP00000404471,0.239648438,0.2953125,0.23730468600000001,0.64453125,0.274609378,0.35390624600000004,0.02479248,0.250976566,0.191113282,0.36953125,0.21201172000000001,None,Cell membrane
ENSP00000246551,0.73046875,0.16328125,0.09892578,0.543359374,0.74140625,0.146289062,0.011328123999999998,0.281445314,0.53046875,0.195703126,0.07268066200000001,"Membrane, Cell membrane",Cell membrane
ENSP00000450530,0.16904296800000002,0.428515626,0.57421875,0.395703126,0.164550782,0.294531248,0.12290039000000001,0.145410156,0.18867187400000002,0.272070312,0.112402344,Nucleus,Cytoplasm
ENSP00000445750,0.12734375,0.45,0.394921874,0.465625,0.15410156400000002,0.178417968,0.134423826,0.164746094,0.029711915999999998,0.168457034,0.26000976800000003,None,Cytoplasm
ENSP00000441344,0.140332032,0.485156252,0.51171875,0.213671874,0.09047851600000001,0.455859374,0.13925781399999998,0.21015625,0.149902344,0.19238281399999999,0.217578124,Cytoplasm,Mitochondrion
ENSP00000436643,0.88203125,0.13359375,0.29160156,0.073486328,0.191308594,0.465234374,0.012918089999999998,0.496484374,0.405078126,0.46640625199999997,0.106103518,Membrane,Golgi apparatus
ENSP00000431952,0.176171876,0.407421874,0.277343748,0.77421875,0.130468752,0.2296875,0.21279296800000003,0.12377929800000001,0.027783204,0.23544921800000002,0.123736574,Extracellular,"Cytoplasm, Nucleus"
ENSP00000404200,0.828125,0.17363281000000003,0.06298828000000001,0.026501464000000002,0.18984375,0.94921875,0.09616699199999999,0.348828126,0.35957031,0.187792968,0.69921875,"Membrane, Mitochondrion",Peroxisome
ENSP00000392945,0.20957031399999998,0.11992187600000001,0.140527344,0.126953124,0.074560546,0.90390625,0.07446288999999999,0.073339842,0.105078126,0.14355468600000001,0.023046876,Mitochondrion,Mitochondrion
ENSP00000477770,0.14746093600000001,0.5640625,0.59765625,0.563671874,0.110791014,0.5203125,0.099487304,0.185351562,0.238671876,0.330859376,0.130908204,"Cytoplasm, Nucleus",Nucleus
ENSP00000457999,0.12246093800000002,0.55078125,0.53203125,0.21923828199999998,0.121679688,0.295117188,0.191015626,0.10249023399999999,0.07109375,0.29863281399999997,0.040100098,"Cytoplasm, Nucleus",Nucleus
ENSP00000454415,0.2125,0.11201171800000001,0.126367184,0.03791504,0.07631836,0.9375,0.21865234399999997,0.032250978,0.036621092,0.05336914,0.09921875200000001,Mitochondrion,Mitochondrion
ENSP00000446893,0.149023438,0.59765625,0.5515625,0.285546874,0.11621093600000001,0.437499998,0.06711425800000001,0.11611328000000001,0.20498046800000003,0.183886718,0.17609863200000003,"Cytoplasm, Nucleus","Cytoplasm, Cell membrane"
ENSP00000444859,0.15986328,0.526171874,0.61484375,0.471875,0.143847656,0.342382814,0.08863525400000001,0.09609375,0.14589844000000002,0.193945312,0.191455076,"Cytoplasm, Nucleus",Cell membrane
ENSP00000437258,0.37109375,0.462109376,0.462109374,0.11406250200000001,0.277734378,0.285546876,0.06210937200000001,0.263476562,0.230664062,0.326953124,0.22138672,None,"Endoplasmic reticulum, Golgi apparatus"
ENSP00000428555,0.175390624,0.54140625,0.55703125,0.483007812,0.0517334,0.23818359400000003,0.046447751999999995,0.09111328,0.082226562,0.209179686,0.006773376,"Cytoplasm, Nucleus",Cell membrane
ENSP00000423846,0.20058593600000002,0.74140625,0.36523437400000003,0.078320314,0.161914062,0.2078125,0.045019531999999994,0.148339844,0.16552734400000002,0.409765626,0.02352295,Cytoplasm,"Cytoplasm, Cell membrane, Endoplasmic reticulum"
ENSP00000406830,0.21015624800000002,0.46679687599999997,0.6078125,0.430078124,0.164355468,0.358984374,0.06779785199999999,0.11816406000000002,0.11718750199999999,0.205468748,0.093652344,Nucleus,Nucleus
ENSP00000317413,0.136718748,0.559375,0.5875,0.325976562,0.07700195200000001,0.27539062400000003,0.065185546,0.09433593599999998,0.18017578,0.206445314,0.517968752,"Cytoplasm, Nucleus",Nucleus
ENSP00000496807,0.29003906,0.453906252,0.417578126,0.199707032,0.312109376,0.369921874,0.015625004,0.210156252,0.254296876,0.30664062599999997,0.104443358,None,Cell membrane
ENSP00000473656,0.292578122,0.347656248,0.191699216,0.73984375,0.246289064,0.241992188,0.010534667999999999,0.340624998,0.09873046999999999,0.084912108,0.017419434,Extracellular,Nucleus
ENSP00000415158,0.815625,0.079638672,0.118261718,0.11153564600000002,0.431249998,0.06225585600000001,0.015942382,0.357226562,0.45859375,0.20625,0.05209961,Membrane,Cell membrane
ENSP00000395964,0.095507812,0.59921875,0.76953125,0.53359375,0.090966798,0.212890626,0.026370238,0.152441402,0.11508789,0.122753906,0.43388672,"Cytoplasm, Nucleus",Mitochondrion
ENSP00000363886,0.27363281,0.589453124,0.5765625,0.298046876,0.113183594,0.21796875200000004,0.009176637999999999,0.218945312,0.33867187200000004,0.437109376,0.084863282,"Cytoplasm, Nucleus",Nucleus
ENSP00000357917,0.10078125,0.630078126,0.522265626,0.077270506,0.094824218,0.19824218600000001,0.058471680000000005,0.105566406,0.21191406000000002,0.12578125,0.425,Cytoplasm,"Cytoplasm, Nucleus"
ENSP00000493433,0.312109376,0.366210938,0.230273438,0.308789062,0.253124998,0.398046876,0.182958986,0.10751952999999999,0.25253906400000004,0.276220702,0.016886902,None,"Cytoplasm, Cell membrane"
ENSP00000484031,0.172363282,0.49765625,0.42578125,0.420703124,0.13286133,0.3359375,0.069006346,0.18085937400000002,0.26367187599999997,0.251757812,0.381933592,Cytoplasm,Nucleus
ENSP00000466596,0.154003906,0.47851562599999997,0.44335937400000003,0.125195312,0.089990236,0.41796875,0.055517578,0.225976562,0.130078126,0.218359374,0.06272583200000001,Cytoplasm,Nucleus
ENSP00000464319,0.086328124,0.328125002,0.66171875,0.58125,0.037304686,0.46289062200000003,0.092773438,0.16708984600000001,0.112011716,0.178124998,0.143701174,Nucleus,"Cytoplasm, Nucleus"
ENSP00000454914,0.151855468,0.275585938,0.203320314,0.70703125,0.085571288,0.405859374,0.076647948,0.39267578,0.062304688,0.3609375,0.200683592,Extracellular,Cytoplasm
ENSP00000453285,0.082861328,0.292578124,0.387109374,0.265820312,0.03708496,0.461328124,0.294531252,0.077392578,0.040283202000000004,0.09511718799999999,0.045556642,None,"Cytoplasm, Endoplasmic reticulum"
ENSP00000432841,0.32402344,0.32285156000000004,0.429296876,0.37695312599999997,0.17578125,0.4554687459999999,0.072583008,0.465625,0.245605468,0.348632814,0.5251953119999999,None,Golgi apparatus
ENSP00000422500,0.053613282000000005,0.316796878,0.92578125,0.07373046999999999,0.055761718,0.147558594,0.013922122,0.06699219000000001,0.031079100000000005,0.028222658,0.031787108,Nucleus,Nucleus
ENSP00000416332,0.1953125,0.45078125,0.5171875,0.204492188,0.084912108,0.50078125,0.097460938,0.3328125,0.13964843600000001,0.273242188,0.11845703199999999,None,Cell membrane
ENSP00000387490,0.059912108,0.360546874,0.72109375,0.16914062400000002,0.056396486,0.061425784,0.005513,0.05683593800000001,0.034448246,0.152148438,0.00800476,Nucleus,Nucleus
ENSP00000495146,0.20195312599999998,0.48359375,0.378906252,0.11474609599999999,0.16738281000000002,0.300585938,0.23251953000000003,0.12763671999999998,0.10107421800000001,0.181054688,0.030957031999999995,Cytoplasm,Cytoplasm
ENSP00000473892,0.175097656,0.45703125,0.54296875,0.332421876,0.11665038999999999,0.41601562599999997,0.21708984400000003,0.184277346,0.313671874,0.36796875,0.13510742199999998,Nucleus,Mitochondrion
ENSP00000471874,0.11513672,0.526953126,0.703125,0.35332031399999997,0.095654296,0.289648438,0.024340820000000003,0.133007812,0.172460936,0.146289064,0.20039062400000002,"Cytoplasm, Nucleus","Cytoplasm, Endoplasmic reticulum"
ENSP00000447669,0.207421874,0.52578125,0.503515626,0.38359375,0.11806640400000001,0.330859376,0.12563476599999998,0.250390624,0.19921875,0.31406250199999997,0.135693358,Cytoplasm,Cytoplasm
ENSP00000436328,0.18056640399999999,0.22343750199999998,0.148339846,0.8359375,0.138085938,0.27558593600000003,0.030322266000000004,0.334179688,0.25263672000000004,0.4328125,0.091821288,Extracellular,"Cytoplasm, Cell membrane"
ENSP00000436205,0.8609375,0.154101562,0.186914062,0.11159667799999999,0.119677734,0.43339843799999994,0.011387636000000001,0.386328124,0.434765624,0.5859375,0.23681640599999998,Membrane,Golgi apparatus
ENSP00000432739,0.7109375,0.191796874,0.171484376,0.135351562,0.137402344,0.8015625,0.18994140799999998,0.6093749980000001,0.15966797,0.273437498,0.09086913999999999,"Membrane, Mitochondrion",Mitochondrion
ENSP00000423761,0.150585938,0.665625,0.5640625,0.07055663999999999,0.260351564,0.241601562,0.06562499800000002,0.130859374,0.11479491999999998,0.209179686,0.021435546,"Cytoplasm, Nucleus",Nucleus
ENSP00000384450,0.072412108,0.491015626,0.73984375,0.44335937400000003,0.10390625,0.421875,0.006520078,0.16220703,0.20576171800000004,0.09482421999999999,0.598632812,"Cytoplasm, Nucleus",Cytoplasm
ENSP00000496153,0.178125,0.452734374,0.520312502,0.625,0.11499023400000001,0.440234376,0.13310547,0.168164064,0.120703126,0.20859375,0.030969238,None,Nucleus
ENSP00000475329,0.172460936,0.5390625,0.55703125,0.33789062599999997,0.194628906,0.226171876,0.14545898399999999,0.129296876,0.11376953199999999,0.250976564,0.056433107999999996,"Cytoplasm, Nucleus",Nucleus
ENSP00000458264,0.16699218999999998,0.540625,0.55,0.058422852000000004,0.128808592,0.261328124,0.032598874,0.084375,0.04609375,0.12783203199999998,0.007403562,"Cytoplasm, Nucleus",Nucleus
ENSP00000417786,0.18847656200000001,0.425,0.54765625,0.346484374,0.08989257799999999,0.346875,0.244140624,0.289453124,0.299804688,0.275976562,0.498828124,Nucleus,Nucleus
ENSP00000400596,0.1234375,0.288671876,0.366015626,0.24687500199999998,0.06118164,0.675,0.328710938,0.079199218,0.056396486,0.11171875,0.20576171800000004,Mitochondrion,"Cytoplasm, Endoplasmic reticulum"
ENSP00000388413,0.287890622,0.245117184,0.148632812,0.089746094,0.09531249800000001,0.83125,0.352734376,0.072509762,0.01960449,0.08886718600000001,0.07690429800000001,Mitochondrion,Mitochondrion
ENSP00000368383,0.144238282,0.6046875,0.523828126,0.179589844,0.160058596,0.328515626,0.026977537999999995,0.194335936,0.1921875,0.151953126,0.23925781399999999,Cytoplasm,Cytoplasm
ENSP00000279259,0.17675781200000001,0.559375,0.6921875,0.332031252,0.16894531399999999,0.152929684,0.01821289,0.453124998,0.166015626,0.137988282,0.006694030000000001,"Cytoplasm, Nucleus","Cytoplasm, Nucleus, Endoplasmic reticulum"
ENSP00000481472,0.319726564,0.5265625,0.328515626,0.564453126,0.15488281,0.442187498,0.160424804,0.290625,0.163769532,0.30390625,0.100634764,Cytoplasm,Mitochondrion
ENSP00000477292,0.47890625,0.14560547000000001,0.13779297,0.050170898,0.12041015800000002,0.9703125,0.04382324,0.11259765800000002,0.071972656,0.138183596,0.07602539,"Membrane, Mitochondrion",Mitochondrion
ENSP00000468125,0.215625,0.217578124,0.23925781399999999,0.17207031,0.11923828,0.95234375,0.050061036,0.08095703000000001,0.075439454,0.17871093600000001,0.463671874,Mitochondrion,Mitochondrion
ENSP00000426046,0.269140626,0.534765626,0.5296875,0.093896484,0.214257814,0.26464844,0.046838378,0.270117186,0.564453126,0.424609378,0.029052734000000004,"Cytoplasm, Nucleus","Cytoplasm, Nucleus"
ENSP00000424002,0.235742188,0.6203125,0.4375,0.25625000200000003,0.2078125,0.210351562,0.140527344,0.16474609199999998,0.163476562,0.45898437400000003,0.014239502000000001,Cytoplasm,Nucleus
ENSP00000409541,0.199218752,0.526171874,0.538671874,0.52421875,0.10234375,0.33515625,0.23955078,0.15732422,0.330664062,0.344921874,0.015681458000000002,"Cytoplasm, Nucleus",Golgi apparatus
ENSP00000407410,0.139160156,0.371484376,0.468359376,0.441015626,0.10126953400000001,0.15620117,0.22866210799999998,0.159472656,0.027929688,0.18408203000000004,0.25703125,None,"Cytoplasm, Nucleus"
ENSP00000398804,0.571875,0.5328125,0.468359374,0.10415038800000001,0.35859375,0.40234375,0.056121826,0.438281252,0.55703125,0.411328124,0.022189332,"Membrane, Cytoplasm",Nucleus
ENSP00000504615,0.19082030999999997,0.653125,0.386328124,0.147753906,0.155566406,0.304882814,0.022912598,0.12929687799999998,0.24355468400000002,0.24921874800000002,0.014671328,Cytoplasm,Cytoplasm
ENSP00000481423,0.17685546800000002,0.64765625,0.506640624,0.18076171800000002,0.226367186,0.242187502,0.052441408,0.08457031000000001,0.167578124,0.20205077999999999,0.151025388,Cytoplasm,Mitochondrion
ENSP00000443311,0.456640626,0.6171875,0.37109375,0.025756835999999998,0.60546875,0.216601564,0.04128417599999999,0.144921876,0.280273438,0.27597656,0.171093752,"Membrane, Cytoplasm, Cell membrane",Cell membrane
ENSP00000422333,0.266601566,0.33046875,0.2484375,0.790625,0.138574218,0.315625002,0.195068358,0.25644531000000004,0.15917968799999999,0.320312498,0.20273437200000002,Extracellular,Cell membrane
ENSP00000422150,0.370117188,0.387499998,0.3265625,0.40859375,0.155761722,0.398046876,0.331445314,0.385742188,0.355273438,0.503515624,0.249609374,None,Cell membrane
ENSP00000502397,0.199023438,0.64375,0.501562502,0.053271482,0.22421875,0.40781250199999997,0.10825195400000001,0.228320314,0.153710938,0.201171874,0.20439453200000002,Cytoplasm,Nucleus
ENSP00000454489,0.165625,0.6421875,0.458203124,0.10708007800000001,0.191210938,0.16904296999999996,0.017858884,0.04995117,0.084863282,0.10859375,0.0070083620000000015,Cytoplasm,Cytoplasm
ENSP00000435912,0.231640626,0.555078124,0.382812502,0.21972656200000001,0.11972656,0.46679687599999997,0.14990234200000002,0.101660156,0.141406248,0.250585936,0.019470218,Cytoplasm,Cytoplasm
ENSP00000429426,0.103808594,0.40820312599999997,0.7484375,0.07089843600000001,0.107421874,0.10283203,0.020404053999999998,0.08842773400000001,0.04196777399999999,0.043505857999999994,0.009902954,Nucleus,Nucleus
ENSP00000429313,0.14941406200000001,0.6265625,0.44765625,0.10974121,0.10966796599999999,0.20898437800000003,0.0075347899999999995,0.151171876,0.132128906,0.184375002,0.006735228,Cytoplasm,Cytoplasm
ENSP00000421951,0.361132812,0.59609375,0.48984375,0.34140625,0.270507814,0.2421875,0.007700347999999998,0.058544922,0.191113284,0.171386718,0.06674804399999999,Cytoplasm,Cytoplasm
ENSP00000506128,0.13525390399999998,0.505468752,0.5515625,0.275976562,0.175195314,0.17050781399999998,0.06118164,0.04926757999999999,0.076464844,0.11972656200000001,0.014984132,"Cytoplasm, Nucleus","Cytoplasm, Nucleus"
ENSP00000492309,0.241601564,0.184179686,0.1921875,0.042871094,0.116992188,0.96328125,0.028002928,0.036328126,0.029785158,0.040234376,0.05043945400000001,Mitochondrion,Mitochondrion
ENSP00000467331,0.55625,0.21953125,0.13388671800000002,0.17285156399999999,0.604296874,0.452734374,0.013061906000000002,0.266992186,0.312500002,0.18652343799999999,0.046337892,"Membrane, Cell membrane",Endoplasmic reticulum
ENSP00000450910,0.14755859200000002,0.5,0.55625,0.343749998,0.11699218600000001,0.280273438,0.1640625,0.17421875,0.155566408,0.16894531200000001,0.293359376,"Cytoplasm, Nucleus",Nucleus
ENSP00000401314,0.305859374,0.65390625,0.534765626,0.13564453,0.237695312,0.09750976399999998,0.003298952,0.25957031399999997,0.5359375,0.44335937599999997,0.007328032,"Cytoplasm, Nucleus",Cell membrane
ENSP00000508170,0.3171875,0.6171875,0.49921875,0.06166992199999999,0.13017578000000002,0.25083008,0.0019126899999999999,0.206640624,0.490625,0.304101564,0.029052734000000004,Cytoplasm,"Cytoplasm, Nucleus, Cell membrane"
ENSP00000480290,0.119726564,0.428515626,0.62109375,0.26347656399999997,0.07749023399999999,0.2953125,0.10805664400000001,0.086328124,0.22128906399999998,0.189648438,0.050683596,Nucleus,Golgi apparatus
ENSP00000469123,0.192773438,0.546875,0.401953126,0.205078124,0.198828126,0.56953125,0.024194336,0.29570312800000004,0.305664064,0.46875,0.371972656,Cytoplasm,Cytoplasm
ENSP00000465425,0.12763671999999998,0.65546875,0.634375,0.064453128,0.125585938,0.211035158,0.112780762,0.18359375,0.06015624800000001,0.183203126,0.027575681999999997,"Cytoplasm, Nucleus",Nucleus
ENSP00000464423,0.249609376,0.483203126,0.48632812599999997,0.371874998,0.186621094,0.30703125,0.07734374999999999,0.208789064,0.26914062600000005,0.37734375,0.110351562,Cytoplasm,Nucleus
ENSP00000462642,0.355859374,0.6640625,0.483593748,0.06260986199999999,0.197851562,0.367578124,0.01841431,0.170996094,0.358789062,0.285546876,0.03074341,Cytoplasm,Cytoplasm
ENSP00000450763,0.11035155999999999,0.563671874,0.480078124,0.548437502,0.09809570399999999,0.129736328,0.297753908,0.077441404,0.074169922,0.189941406,0.110412596,Cytoplasm,Nucleus
ENSP00000436412,0.130566406,0.6703125,0.66796875,0.270898436,0.12128905999999999,0.309179688,0.017840576000000004,0.064111328,0.14306640399999998,0.25830078399999995,0.014938353999999997,"Cytoplasm, Nucleus",Nucleus
ENSP00000428662,0.179101562,0.575,0.63203125,0.06843262,0.193457034,0.271875002,0.026916506,0.154199218,0.127441406,0.1796875,0.277148438,"Cytoplasm, Nucleus",Nucleus
ENSP00000424863,0.24082031,0.5421875,0.463671874,0.147167968,0.184375,0.409765626,0.06271973,0.14960937400000002,0.13564453199999998,0.27890625,0.09877929799999999,Cytoplasm,Nucleus
ENSP00000395552,0.133691406,0.483203124,0.72265625,0.025952147999999998,0.09296875,0.111230468,0.009542846,0.094433594,0.09604492199999999,0.152734376,0.151757814,"Cytoplasm, Nucleus",Nucleus
ENSP00000367939,0.79375,0.11640624800000002,0.10195312599999999,0.04140625,0.09345702999999998,0.93125,0.044335938000000005,0.184765626,0.11835937599999999,0.07475586,0.12072754,"Membrane, Mitochondrion",Mitochondrion
ENSP00000506647,0.13515625199999998,0.46015625,0.590625,0.251171876,0.16308593799999999,0.19550781,0.085009766,0.0420166,0.064624024,0.09916992,0.01585083,Nucleus,"Cytoplasm, Nucleus"
ENSP00000495572,0.232421876,0.7046875,0.384374998,0.15449218400000003,0.17314453200000002,0.538281248,0.032775878,0.2296875,0.196875,0.341015626,0.392968752,Cytoplasm,Nucleus
ENSP00000487134,0.273046876,0.422265624,0.44687500199999997,0.51953125,0.112890622,0.450000002,0.120507812,0.324414064,0.223046872,0.38359375,0.091015624,None,Nucleus
ENSP00000468878,0.130273436,0.539453124,0.584765624,0.6921875,0.085791016,0.311132812,0.06489257600000001,0.113183594,0.072558592,0.181933592,0.20463867200000002,"Cytoplasm, Nucleus, Extracellular",Cytoplasm
ENSP00000466687,0.155273436,0.220117188,0.22890625,0.86953125,0.09326171999999999,0.20800781200000001,0.107629394,0.22788086000000002,0.009155272,0.166601562,0.08998413,Extracellular,Cytoplasm
ENSP00000465750,0.14296875,0.292773436,0.56328125,0.195800784,0.07675781,0.23046875,0.017388918,0.21582031200000001,0.021142578000000002,0.11069335799999999,0.24428711,Nucleus,Nucleus
ENSP00000464986,0.163378906,0.441015626,0.563671874,0.66015625,0.10024414,0.32558593999999996,0.26865234400000004,0.125195312,0.127148436,0.262304688,0.052905274,"Nucleus, Extracellular",Nucleus
ENSP00000461448,0.151757812,0.47851562599999997,0.374609374,0.2125,0.100683594,0.537109376,0.13500976599999998,0.06796874800000001,0.079833986,0.203515626,0.091625976,Cytoplasm,Cytoplasm
ENSP00000421392,0.08681640799999998,0.450000002,0.6609375,0.270312502,0.08178711000000001,0.277343752,0.22685547,0.17285156399999999,0.16679687599999998,0.29375,0.018969726000000003,Nucleus,Nucleus
ENSP00000417312,0.15683593999999998,0.6515625,0.596875,0.1671875,0.14375,0.399218752,0.036718748,0.11376953399999998,0.168164062,0.17421875,0.25869140599999996,"Cytoplasm, Nucleus",Nucleus
ENSP00000506933,0.12988281200000001,0.5234375,0.6421875,0.39648437400000003,0.06347656399999999,0.224414064,0.09023437200000001,0.12919922,0.24863281399999998,0.221289062,0.06904297000000001,"Cytoplasm, Nucleus",Nucleus
ENSP00000506074,0.163867188,0.501953124,0.5671875,0.193652344,0.095117186,0.5140625,0.040063476,0.14296875,0.26328125,0.280078126,0.3609375,"Cytoplasm, Nucleus",Cytoplasm
ENSP00000501404,0.21386718600000001,0.346484376,0.418749998,0.809375,0.126171872,0.36914062400000003,0.08259277400000001,0.2109375,0.140039062,0.27089843999999996,0.032556152000000005,Extracellular,Mitochondrion
ENSP00000484006,0.268945312,0.171289062,0.132128906,0.90390625,0.31874999800000003,0.130664062,0.03322754,0.26386718600000003,0.22460937200000003,0.289257812,0.019604492,Extracellular,Cell membrane
ENSP00000464503,0.092626952,0.5015625,0.840625,0.071191406,0.08945312400000001,0.143945312,0.008732606,0.095654296,0.063378906,0.08984374799999999,0.011444094000000002,"Cytoplasm, Nucleus",Nucleus
ENSP00000456237,0.129589844,0.548046876,0.5671875,0.185351562,0.08466797000000001,0.198828126,0.10288086,0.07851562599999999,0.10683593799999999,0.222070312,0.019110107999999997,"Cytoplasm, Nucleus",Cytoplasm
ENSP00000444771,0.11777343599999998,0.250976562,0.283984374,0.83828125,0.074365232,0.256103516,0.105664062,0.22338866799999998,0.013946532000000001,0.219335938,0.12045898399999999,Extracellular,Mitochondrion
ENSP00000431343,0.05424804800000001,0.237890624,0.91015625,0.039355468,0.1078125,0.065673828,0.037597656,0.083886718,0.09677734199999999,0.044018554,0.016818236,Nucleus,Nucleus
ENSP00000419128,0.19257812400000002,0.6109375,0.416796874,0.066992188,0.143847658,0.42421875,0.041558836,0.10283203,0.060839844,0.090527344,0.035815429999999995,Cytoplasm,Mitochondrion
ENSP00000405084,0.30019531,0.408984378,0.442578124,0.36640625,0.12373046800000001,0.455859374,0.084716796,0.438671876,0.287304688,0.39765624600000005,0.179101562,None,Cell membrane
ENSP00000475845,0.54140625,0.502734376,0.475390624,0.024945066,0.62109375,0.19033202999999999,0.037097166,0.16591797199999997,0.173535158,0.113378906,0.07722168,"Membrane, Cytoplasm, Cell membrane",Cell membrane
ENSP00000469232,0.09638672,0.532421874,0.70625,0.584765624,0.073583986,0.39609375199999997,0.03734131,0.136914066,0.11669921800000001,0.17548828,0.28930664,"Cytoplasm, Nucleus",Cytoplasm
ENSP00000431039,0.241796874,0.5140625,0.324609374,0.442578124,0.129882814,0.433593752,0.14008789,0.144726564,0.196874998,0.334765626,0.055053712,Cytoplasm,Mitochondrion
ENSP00000430859,0.23535156200000001,0.4734375,0.49375,0.19550781,0.15,0.456640626,0.009698487999999998,0.234179686,0.22421874800000002,0.22949218600000001,0.06987304800000001,Cytoplasm,"Cytoplasm, Nucleus"
ENSP00000429288,0.244140624,0.61875,0.473046874,0.080737304,0.287695312,0.21191406200000001,0.018844604,0.154687498,0.12080078000000001,0.12841797,0.006362914,Cytoplasm,Cytoplasm
ENSP00000427003,0.183105468,0.51484375,0.3890625,0.3484375,0.10107421800000001,0.409375002,0.142871094,0.138281252,0.230273438,0.24589844,0.512109374,Cytoplasm,"Cytoplasm, Nucleus"
ENSP00000506015,0.17070312599999998,0.502734374,0.66484375,0.305273438,0.159667968,0.282421876,0.05480957000000001,0.110449218,0.085351562,0.11249999800000002,0.273632812,"Cytoplasm, Nucleus","Cytoplasm, Mitochondrion"
ENSP00000494757,0.127148436,0.552734376,0.72890625,0.174414062,0.122656248,0.228515626,0.012854003999999999,0.179492188,0.20175781399999998,0.09951172,0.259277344,"Cytoplasm, Nucleus",Nucleus
ENSP00000467983,0.18017578,0.25410155999999995,0.40234375,0.7140625,0.06245117,0.2921875,0.068444824,0.414843748,0.15341796800000002,0.307812502,0.19614257799999998,Extracellular,Mitochondrion
ENSP00000456776,0.16953125,0.50703125,0.473046874,0.5796875,0.09682617,0.4109375,0.202929688,0.14921875,0.23847656600000003,0.34453125,0.125268554,Cytoplasm,"Cytoplasm, Nucleus"
ENSP00000454184,0.13417968600000002,0.6109375,0.505078126,0.175097656,0.151757812,0.31894531,0.02402954,0.171875,0.18339844,0.136816406,0.17402343999999997,Cytoplasm,Cytoplasm
ENSP00000417789,0.17480468999999998,0.382421876,0.330664064,0.790625,0.087939452,0.25830078,0.3546875,0.05070800999999999,0.009582518000000002,0.07529296599999999,0.10314941600000001,Extracellular,Cytoplasm
ENSP00000387792,0.067773438,0.32226562400000003,0.7875,0.508984374,0.029516600000000004,0.07602539,0.033959961999999996,0.161816406,0.156933592,0.10717773599999998,0.24370117200000002,Nucleus,Cytoplasm
ENSP00000468211,0.162597656,0.446093752,0.576953126,0.70859375,0.094824218,0.39375,0.129052734,0.172363282,0.111621094,0.23574218800000005,0.038049316,"Nucleus, Extracellular",Nucleus
ENSP00000460358,0.192578126,0.48632812599999997,0.300195312,0.65234375,0.110742186,0.402734378,0.50234375,0.12192382800000001,0.12207031000000002,0.25937500199999997,0.371044922,"Cytoplasm, Extracellular",Mitochondrion
ENSP00000460265,0.08642578199999999,0.59140625,0.81328125,0.020996092,0.09873047,0.128222656,0.004205324,0.06884765600000001,0.10073242,0.072216796,0.021133422000000002,"Cytoplasm, Nucleus",Nucleus
ENSP00000454718,0.178222654,0.49453125,0.5828125,0.59453125,0.08535156199999999,0.443750002,0.14763183600000002,0.216601564,0.254101562,0.323046876,0.027117918,"Cytoplasm, Nucleus",Cytoplasm
ENSP00000434812,0.10478515399999999,0.450390624,0.35234375,0.67265625,0.087353514,0.21376953199999998,0.36513672,0.059912108,0.019531249999999997,0.16699218799999999,0.18991699,Extracellular,"Cytoplasm, Nucleus, Cell membrane"
ENSP00000433003,0.157519532,0.398046872,0.6609375,0.359179688,0.07421875,0.36484375,0.051538088,0.176367186,0.284765626,0.282617188,0.014456178,Nucleus,"Nucleus, Mitochondrion"
ENSP00000402829,0.249609376,0.504296876,0.47109374800000003,0.33125,0.161328126,0.317578126,0.129589844,0.261914062,0.183398436,0.26757812599999997,0.12268066200000001,Cytoplasm,"Cytoplasm, Nucleus"
ENSP00000397870,0.191992188,0.206835938,0.129003906,0.82734375,0.216796876,0.20078125,0.010940550000000002,0.3296875,0.22939452999999999,0.323828126,0.045214844,Extracellular,Cell membrane
ENSP00000384148,0.51015625,0.31054687599999997,0.17441406,0.563671874,0.234765624,0.41992187400000003,0.30712890600000003,0.512500002,0.24863281399999998,0.340234376,0.114355468,Membrane,Cell membrane
ENSP00000376243,0.41484375,0.27871094,0.266210936,0.40078124800000003,0.28769531400000004,0.272851562,0.124511722,0.673046876,0.355664062,0.50546875,0.258691404,Endoplasmic reticulum,Cell membrane
ENSP00000471943,0.187207032,0.39218750199999997,0.450390624,0.69296875,0.07841796999999999,0.395507812,0.24428710800000003,0.099365234,0.059838866000000004,0.189257814,0.175878906,Extracellular,Mitochondrion
ENSP00000425172,0.198437502,0.261914066,0.509375,0.590625,0.071923828,0.12187500199999998,0.040014648,0.243261718,0.184179688,0.192773438,0.16171874800000002,None,"Cytoplasm, Nucleus"
ENSP00000422786,0.16132812400000002,0.516015624,0.5828125,0.50078125,0.09682617199999999,0.304296876,0.130688476,0.16171875,0.232226562,0.43125000199999997,0.043151854,"Cytoplasm, Nucleus",Cell membrane
ENSP00000388563,0.671875,0.18671875,0.171191408,0.035864258,0.132617188,0.9046875,0.08927002000000002,0.332421874,0.153222656,0.10561523399999999,0.27763672,"Membrane, Mitochondrion",Mitochondrion
ENSP00000361981,0.1609375,0.64375,0.535546876,0.095605468,0.18652343799999999,0.266210938,0.06436767400000001,0.12255859399999999,0.218164062,0.361718752,0.098291014,"Cytoplasm, Nucleus","Cytoplasm, Nucleus"
ENSP00000315936,0.6671875,0.184375002,0.144140626,0.371875,0.67109375,0.122705078,0.006179808,0.258398438,0.498828124,0.182421874,0.09003906399999999,"Membrane, Cell membrane",Cell membrane
ENSP00000499362,0.195117188,0.5125,0.42773437599999997,0.73984375,0.11030273399999999,0.398828124,0.44609375,0.160742188,0.208593752,0.33007812400000003,0.105444338,"Cytoplasm, Extracellular",Cytoplasm
ENSP00000497470,0.521484374,0.196875,0.21015625,0.444531248,0.34238281000000004,0.18837890799999998,0.00411453,0.501171872,0.309960938,0.59140625,0.03476562600000001,Membrane,Cytoplasm
ENSP00000461183,0.221484374,0.506640626,0.448828126,0.228710936,0.13515625,0.41640625,0.07265625,0.316015622,0.27519531399999997,0.289453128,0.24775390599999997,Cytoplasm,"Mitochondrion, Endoplasmic reticulum"
ENSP00000449615,0.16123047,0.47460937599999997,0.66875,0.382421878,0.132666016,0.437890626,0.09226074199999999,0.156542966,0.175488278,0.231835938,0.086767578,"Cytoplasm, Nucleus",Cytoplasm
ENSP00000448684,0.087011718,0.457031248,0.7890625,0.03354492,0.063720704,0.153808594,0.02479248,0.114648434,0.105078126,0.11411132800000001,0.21489258000000003,Nucleus,Nucleus
ENSP00000447582,0.315234374,0.12382812400000001,0.0984375,0.037292482,0.11645507799999999,0.96015625,0.10463867199999999,0.045166015999999996,0.037939452,0.088134766,0.04399414,Mitochondrion,Mitochondrion
ENSP00000436906,0.179980468,0.640625,0.54453125,0.052124024000000005,0.272363282,0.235546876,0.034877014,0.06196289000000001,0.117041014,0.033184816,0.07985839800000001,"Cytoplasm, Nucleus",Mitochondrion
ENSP00000431052,0.12578125,0.34374999999999994,0.612109374,0.459375,0.025610351999999996,0.523828124,0.012299346,0.293164064,0.134570312,0.24228515599999997,0.070935058,Nucleus,Nucleus
ENSP00000354879,0.173730468,0.511328124,0.473828124,0.44375,0.15869140399999998,0.37695312799999997,0.082006836,0.16562499800000002,0.27675781,0.30371093800000004,0.39648437599999997,Cytoplasm,Mitochondrion
ENSP00000494699,0.145214844,0.559765626,0.53671875,0.423046876,0.10644531399999999,0.323828124,0.082763672,0.15576172,0.257226562,0.22949218799999999,0.29296875,"Cytoplasm, Nucleus","Cytoplasm, Cell membrane"
ENSP00000468538,0.300976564,0.4234375,0.273242188,0.31855469,0.16953125,0.184863278,0.0031574260000000005,0.385351562,0.28261718999999996,0.23925781200000001,0.09482421799999999,None,Nucleus
ENSP00000462954,0.352734376,0.5734375,0.345312498,0.136718752,0.2734375,0.47734375,0.096533204,0.155761718,0.301953124,0.364453126,0.253515626,Cytoplasm,Golgi apparatus
ENSP00000458946,0.160449218,0.54921875,0.485546874,0.477734374,0.153417966,0.40078125,0.099633792,0.154785156,0.17421875,0.38437500199999997,0.171533202,Cytoplasm,"Cytoplasm, Nucleus, Cell membrane"
ENSP00000438955,0.407421874,0.281445312,0.07292480399999998,0.834375,0.41933593599999996,0.47890625,0.02619629,0.122949218,0.098193358,0.210058594,0.018530273999999996,Extracellular,Golgi apparatus
ENSP00000421829,0.252734376,0.696875,0.401562498,0.041308595999999996,0.32578125199999997,0.22929687599999998,0.013623050000000001,0.14169921800000002,0.11328124799999999,0.168261716,0.132324218,Cytoplasm,Cell membrane
ENSP00000406989,0.195898436,0.304101564,0.24511718799999999,0.701171874,0.11474609399999999,0.25185547,0.09847412,0.38076171799999997,0.035229491999999994,0.251367188,0.11245727800000001,Extracellular,Mitochondrion
ENSP00000389420,0.47109374800000003,0.2984375,0.276367188,0.37304687400000003,0.206835936,0.64765625,0.20224609400000002,0.62890625,0.46171875,0.517578124,0.30673828200000003,"Membrane, Mitochondrion, Endoplasmic reticulum",Cell membrane
ENSP00000330730,0.334960938,0.438671874,0.243359376,0.13779296800000002,0.27597656600000003,0.7421875,0.011480712,0.165624998,0.13007812200000002,0.084228514,0.009831236000000002,Mitochondrion,Mitochondrion
ENSP00000466064,0.17851562599999998,0.61328125,0.62578125,0.26035156000000004,0.123339844,0.418359374,0.027020265999999998,0.189648436,0.175292968,0.202929688,0.133496096,"Cytoplasm, Nucleus",Nucleus
ENSP00000452890,0.20263671800000002,0.503125,0.381445312,0.021447752000000004,0.072729492,0.343164062,0.000681498,0.14980468600000002,0.255468748,0.21191406200000001,0.04256592,Cytoplasm,Nucleus
ENSP00000450486,0.121386718,0.258398438,0.75078125,0.198437498,0.05659179600000001,0.24355469,0.00838623,0.074926758,0.06381835799999999,0.138916014,0.029425049999999998,Nucleus,Nucleus
ENSP00000430164,0.138867186,0.429296874,0.41992187200000003,0.8109375,0.09692383,0.3390625,0.12062988399999999,0.189648438,0.05510254,0.29746094,0.218749998,Extracellular,Cytoplasm
ENSP00000426926,0.386328124,0.469921876,0.459375,0.305468752,0.22500000199999998,0.464453126,0.05456542999999999,0.312109378,0.261914064,0.3171875,0.142602542,Cytoplasm,"Cytoplasm, Mitochondrion"
ENSP00000425643,0.132910156,0.40039062400000003,0.5546875,0.397265626,0.07954101799999999,0.298437498,0.035437012000000004,0.08505859199999999,0.059790038000000004,0.187011718,0.038586426,Nucleus,Cytoplasm
ENSP00000417908,0.11191406000000001,0.34179687400000003,0.3515625,0.79453125,0.06782226599999999,0.297851562,0.16645508000000003,0.2703125,0.06948242199999999,0.255273436,0.23935547000000001,Extracellular,Nucleus
ENSP00000404968,0.4671875,0.46757812200000004,0.306249998,0.138281252,0.21230468600000002,0.379101564,0.050634764,0.48632812400000003,0.6,0.37734374800000003,0.106103514,"Membrane, Lysosome/Vacuole",Nucleus
ENSP00000404861,0.821875,0.20546875,0.097949218,0.07958984399999999,0.81953125,0.099511718,0.009881594,0.437109374,0.302929688,0.259375,0.00675049,"Membrane, Cell membrane",Cell membrane
ENSP00000392323,0.128125,0.65625,0.54296875,0.191210936,0.10859375,0.289062502,0.026879880000000002,0.17871093799999999,0.108496094,0.212304688,0.046655272000000005,"Cytoplasm, Nucleus",Nucleus
ENSP00000390139,0.10546875,0.42773437599999997,0.5640625,0.7640625,0.07807617,0.373828124,0.206274414,0.10493164000000002,0.12988281,0.336328124,0.06530761599999999,"Nucleus, Extracellular",Cytoplasm
ENSP00000386934,0.365625,0.324804688,0.206835938,0.227929688,0.183203124,0.7609375,0.045190430000000004,0.132128906,0.125488282,0.12158203199999999,0.0327713,Mitochondrion,Mitochondrion
ENSP00000502892,0.163085936,0.353906252,0.441796876,0.587109374,0.068408202,0.27890625199999997,0.06632080199999998,0.24023437199999997,0.074804686,0.169335934,0.39677734600000003,None,Cytoplasm
ENSP00000492948,0.175781252,0.56796875,0.344726564,0.298046874,0.138671874,0.386132814,0.060839844,0.051440427999999996,0.134277344,0.29492187599999997,0.015521240000000002,Cytoplasm,"Cytoplasm, Cell membrane"
ENSP00000452648,0.16679687599999998,0.57890625,0.53125,0.26796875,0.091601562,0.4390625,0.025964353999999995,0.193652344,0.145898438,0.162402344,0.093945314,"Cytoplasm, Nucleus",Nucleus
ENSP00000401988,0.105517576,0.69375,0.7203125,0.15947265800000002,0.10996093600000001,0.21601562400000002,0.001342392,0.04689941399999999,0.129150388,0.343359374,0.008670043999999998,"Cytoplasm, Nucleus","Cytoplasm, Cell membrane"
ENSP00000396641,0.182812502,0.57265625,0.4734375,0.09628906200000001,0.099804688,0.250585938,0.066870118,0.14873047,0.160449218,0.24980469000000002,0.022729492,Cytoplasm,Nucleus
ENSP00000497449,0.166210936,0.5984375,0.407031252,0.5140625,0.09663085800000001,0.32421875,0.20146484199999998,0.154199218,0.181445312,0.319140628,0.21743163999999998,Cytoplasm,Golgi apparatus
ENSP00000493739,0.15722656399999999,0.4875,0.57265625,0.286914062,0.1234375,0.283789064,0.024798582,0.128710938,0.124023438,0.219335938,0.0769043,"Cytoplasm, Nucleus","Cytoplasm, Nucleus"
ENSP00000467615,0.09511718799999999,0.469921876,0.50546875,0.521484376,0.05654296799999999,0.228125,0.152636718,0.21523437199999998,0.022851562000000002,0.195117186,0.09909057800000001,Cytoplasm,Nucleus
ENSP00000462246,0.136328126,0.476953124,0.6953125,0.63515625,0.085351562,0.256054688,0.101855468,0.138769532,0.149804688,0.191406248,0.018582154,"Cytoplasm, Nucleus",Nucleus
ENSP00000457251,0.246484372,0.6703125,0.461328126,0.07368163999999999,0.246484374,0.33359375,0.040893556,0.218945312,0.136035156,0.20234375,0.09096679599999999,Cytoplasm,Cytoplasm
ENSP00000453462,0.16708984400000002,0.559765626,0.60625,0.22949218799999999,0.14384765400000002,0.21777343999999998,0.087231444,0.10566406399999999,0.20556640599999998,0.28710937400000003,0.286523436,"Cytoplasm, Nucleus",Nucleus
ENSP00000434072,0.346875002,0.124902344,0.110253906,0.037622072,0.130273436,0.96484375,0.16196289199999997,0.034179688,0.037280274,0.070068358,0.020391847999999997,Mitochondrion,Mitochondrion
ENSP00000432253,0.278320312,0.502734376,0.363671874,0.40566406399999994,0.194140624,0.391796874,0.10524902200000001,0.172460936,0.108691406,0.183789064,0.021606444,Cytoplasm,Mitochondrion
ENSP00000493147,0.247460938,0.57578125,0.54609375,0.5125,0.142236328,0.3484375,0.073461916,0.187109376,0.18525390800000002,0.267773438,0.033264158,"Cytoplasm, Nucleus","Cytoplasm, Cell membrane"
ENSP00000458340,0.11269531399999999,0.6390625,0.507031252,0.072753904,0.069335936,0.30244140599999997,0.023730468,0.08408203,0.177734376,0.09916992200000001,0.72890625,"Cytoplasm, Peroxisome",Nucleus
ENSP00000427736,0.153710938,0.59375,0.48515625,0.323828128,0.198339844,0.414453128,0.05295409999999999,0.150878906,0.165039064,0.133789066,0.205957032,Cytoplasm,Cytoplasm
ENSP00000394709,0.180175782,0.550390626,0.64140625,0.068933104,0.32988281399999997,0.28422851600000004,0.04684600800000001,0.09116210999999999,0.262304688,0.133300782,0.08947754,"Cytoplasm, Nucleus",Nucleus
ENSP00000386477,0.210156252,0.2046875,0.10029296799999998,0.896875,0.201367188,0.129199218,0.01895447,0.415625,0.397460938,0.2921875,0.009246826,Extracellular,Cell membrane
ENSP00000479464,0.18984375199999998,0.5734375,0.45,0.362109376,0.130273438,0.22744140399999999,0.3,0.161816408,0.11757812599999999,0.284765626,0.23569336000000002,Cytoplasm,Golgi apparatus
ENSP00000469702,0.13935546999999998,0.495703126,0.363281248,0.6375,0.084228516,0.295117188,0.323437498,0.10161132799999999,0.05322265599999999,0.181445312,0.29599609400000004,Cytoplasm,Nucleus
ENSP00000454923,0.19765624799999998,0.49414062799999997,0.41953125,0.3828125,0.172460938,0.313476564,0.229394532,0.14482422,0.13378906200000001,0.19453125200000002,0.045141602,Cytoplasm,Mitochondrion
ENSP00000452630,0.18515625,0.436718748,0.4953125,0.51484375,0.124755858,0.448046876,0.059838868,0.17285156200000001,0.18261718799999999,0.232617188,0.08005371,None,Nucleus
ENSP00000451127,0.197558594,0.458203124,0.565625,0.5078125019999999,0.12260742399999999,0.301171876,0.13139648599999998,0.17470703,0.18203125199999998,0.32890625,0.06582031199999999,Nucleus,"Cytoplasm, Nucleus"
ENSP00000435532,0.131054686,0.29375,0.235449216,0.74453125,0.08873290800000001,0.329492186,0.036334229999999995,0.43652343800000004,0.036132812,0.461328124,0.148825076,Extracellular,"Cytoplasm, Nucleus"
ENSP00000434221,0.045751952,0.24882812599999998,0.9078125,0.030908204,0.06777343799999999,0.087353514,0.027526856,0.092773436,0.07519531399999999,0.035522462,0.012338256,Nucleus,Nucleus
ENSP00000425714,0.136816406,0.35234375,0.31855469,0.8484375,0.085864258,0.324609374,0.04685058599999999,0.424316406,0.024658202,0.333203126,0.222241212,Extracellular,"Cytoplasm, Nucleus"
ENSP00000420469,0.179882812,0.63359375,0.512109376,0.269726564,0.12080078000000001,0.35742187599999997,0.029553222,0.242382812,0.13183593600000001,0.37402343800000004,0.041259765999999996,Cytoplasm,Cytoplasm
ENSP00000417714,0.1875,0.6296875,0.443750002,0.083740232,0.15927734600000001,0.36953124800000003,0.05723877200000001,0.08383789,0.065771482,0.091113282,0.03215332,Cytoplasm,Mitochondrion
ENSP00000375719,0.06787109200000001,0.560156248,0.75546875,0.47421875,0.08217773399999999,0.351757812,0.008874511999999998,0.194726562,0.187109374,0.10756835800000002,0.634375,"Cytoplasm, Nucleus","Cytoplasm, Nucleus"
ENSP00000489555,0.035546878,0.147753908,0.90546875,0.164624024,0.022167968,0.028686522000000002,0.11845703199999999,0.06442871,0.027062988,0.05024413800000001,0.006137083999999999,Nucleus,Nucleus
ENSP00000468485,0.187597656,0.305078126,0.366796874,0.70859375,0.044750974,0.16821289,0.359521486,0.19589843999999998,0.07026366799999999,0.294140624,0.069995118,Extracellular,"Cytoplasm, Nucleus"
ENSP00000464865,0.21972656200000001,0.54921875,0.456640622,0.472656248,0.19658203,0.55859375,0.043139648,0.221875,0.2875,0.407421874,0.335253906,Cytoplasm,Nucleus
ENSP00000464429,0.15419922,0.53203125,0.553125002,0.4609375,0.11445312399999999,0.3140625,0.08864746,0.125097656,0.118359374,0.253124998,0.101831054,"Cytoplasm, Nucleus",Nucleus
ENSP00000454035,0.183789062,0.60234375,0.458203126,0.30664062599999997,0.197070312,0.19248047000000001,0.139843748,0.087890626,0.148632812,0.30332031600000003,0.012469482,Cytoplasm,Nucleus
ENSP00000429271,0.12402343600000001,0.71171875,0.5640625,0.259375,0.225,0.337304688,0.034863279999999996,0.241992188,0.201953122,0.16132812400000002,0.12397461200000001,"Cytoplasm, Nucleus",Cytoplasm
ENSP00000417446,0.21269531000000003,0.403515626,0.55546875,0.3609375,0.156933594,0.248046876,0.21875,0.16171875,0.16455078,0.249804688,0.144531248,Nucleus,"Cytoplasm, Nucleus"
ENSP00000413612,0.11669921800000001,0.68046875,0.65703125,0.045556639999999995,0.117480468,0.15087890799999998,0.164599608,0.287890626,0.114941406,0.086035158,0.135937502,"Cytoplasm, Nucleus",Cytoplasm
ENSP00000388905,0.14111327999999998,0.452343748,0.487890622,0.36523437200000003,0.08740234399999999,0.285546876,0.046069336,0.192578124,0.17812500199999998,0.282617188,0.013119506,None,Nucleus
ENSP00000379376,0.1859375,0.6015625,0.44335937599999997,0.159765626,0.099316406,0.38867187599999997,0.027587892000000003,0.170117188,0.19091797000000002,0.126367188,0.13535156399999998,Cytoplasm,Nucleus
ENSP00000507709,0.32421875,0.423046874,0.5421875,0.34218749800000003,0.134472656,0.505078126,0.06574706999999999,0.421875,0.330859378,0.511328126,0.048498533999999996,Nucleus,Endoplasmic reticulum
ENSP00000498726,0.13125,0.46640625,0.5671875,0.514843748,0.107421874,0.22861328399999997,0.11335449400000001,0.07568359399999999,0.11542968599999999,0.14550781200000001,0.178027344,Nucleus,Nucleus
ENSP00000498247,0.155859376,0.5609375,0.603125,0.457421876,0.155566408,0.44335937599999997,0.03729248,0.187695314,0.15966797,0.208398438,0.146777342,"Cytoplasm, Nucleus","Cytoplasm, Nucleus"
ENSP00000456297,0.21171875,0.14941406200000001,0.10039062400000001,0.8859375,0.210351562,0.17832031,0.011764525999999999,0.327734374,0.3765625,0.31835937200000003,0.020861816,Extracellular,Cell membrane
ENSP00000455781,0.24492187599999998,0.467187502,0.54765625,0.575,0.112060546,0.491406248,0.07910156199999999,0.234179688,0.203710936,0.230468748,0.109570312,Nucleus,Cell membrane
ENSP00000442380,0.157617188,0.36953125,0.42421875,0.21171875,0.09375,0.50703125,0.21694335800000003,0.128808594,0.140429686,0.21738281399999998,0.31054687400000003,None,Mitochondrion
ENSP00000430106,0.251562498,0.441015626,0.55703125,0.032910156,0.115429688,0.44375,0.008927916000000001,0.23105468999999998,0.16894531200000001,0.13945312599999998,0.017712404,Nucleus,Nucleus
ENSP00000429437,0.192578126,0.543749998,0.45468750199999997,0.449218752,0.11679687400000001,0.361523438,0.044506836,0.15488281399999998,0.12548828,0.30273437400000003,0.041491698,Cytoplasm,"Cytoplasm, Cell membrane"
ENSP00000418100,0.20019531399999999,0.513671874,0.653125,0.03881836000000001,0.14345703199999998,0.16894531399999999,0.007965088,0.10166015400000002,0.212304688,0.208984376,0.11811523399999999,"Cytoplasm, Nucleus",Nucleus
ENSP00000408607,0.117871094,0.563671876,0.57265625,0.22080078200000003,0.13544921799999998,0.20859374800000002,0.140307618,0.07080078199999999,0.032934572,0.191015626,0.029815671999999998,"Cytoplasm, Nucleus",Nucleus
ENSP00000404233,0.17841796999999998,0.50703125,0.56484375,0.351171876,0.156347658,0.2453125,0.061108397999999994,0.10205078000000001,0.147656246,0.23925781200000001,0.13139648399999998,"Cytoplasm, Nucleus",Nucleus
ENSP00000398314,0.144531248,0.50703125,0.6171875,0.6359375,0.10200195199999999,0.481250002,0.154956052,0.159667968,0.173828126,0.327734374,0.031060792000000004,"Cytoplasm, Nucleus",Nucleus
ENSP00000507486,0.518359374,0.168652344,0.21611328,0.091748044,0.08828124799999999,0.85546875,0.022236633999999998,0.346289062,0.06911621,0.130859374,0.056579592,"Membrane, Mitochondrion",Mitochondrion
ENSP00000491361,0.171777344,0.387109374,0.398046872,0.64921875,0.041491698,0.467578124,0.021707154,0.204199218,0.105297852,0.368164062,0.14173584,Extracellular,"Nucleus, Golgi apparatus"
ENSP00000490465,0.10058593600000001,0.6,0.58125,0.146777346,0.04846191600000001,0.363281252,0.030700684,0.19667968600000002,0.25898437799999996,0.341992188,0.039099122,"Cytoplasm, Nucleus",Mitochondrion
ENSP00000485945,0.114160156,0.26875,0.54609375,0.84765625,0.043237308,0.151611328,0.027401734,0.15893554599999998,0.056982422,0.21777343600000001,0.105200196,"Nucleus, Extracellular",Nucleus
ENSP00000457404,0.23144531399999999,0.4671875,0.479296876,0.422265624,0.12421875,0.263085936,0.115893556,0.18515625,0.29492187599999997,0.221289062,0.12729492199999998,None,Cell membrane
ENSP00000456087,0.14042968800000002,0.59140625,0.6265625,0.08481445200000001,0.122167968,0.561328124,0.069995116,0.094042968,0.09414062599999999,0.136914062,0.10627441600000001,"Cytoplasm, Nucleus",Nucleus
ENSP00000443642,0.09931640800000001,0.565234374,0.72578125,0.070898438,0.125390626,0.147167968,0.030670164,0.129003908,0.12333984599999999,0.1484375,0.11396484199999998,"Cytoplasm, Nucleus",Nucleus
ENSP00000435967,0.244140624,0.58671875,0.42773437599999997,0.4609375,0.189257814,0.410156248,0.07593994200000001,0.196875,0.14501953,0.208984374,0.06049804799999999,Cytoplasm,Mitochondrion
ENSP00000435145,0.198828126,0.453125,0.54296875,0.510546874,0.10400390600000001,0.33437499800000003,0.031896972,0.242382814,0.22753906399999999,0.231835938,0.21845703,Nucleus,Cell membrane
ENSP00000420538,0.245898436,0.17558594,0.166210936,0.031811524,0.09780273399999999,0.91875,0.309179688,0.06401367,0.041796874000000005,0.071142576,0.083007812,Mitochondrion,Mitochondrion
ENSP00000377950,0.22402343600000002,0.62421875,0.397656252,0.18789062799999998,0.14550781,0.225976562,0.056738279999999995,0.24140625,0.202734376,0.19023437599999998,0.12265625200000001,Cytoplasm,Cell membrane
ENSP00000243040,0.168652344,0.66484375,0.445312498,0.06494140799999999,0.12451171999999999,0.2734375,0.022753908,0.14375000200000002,0.21103515599999997,0.159082028,0.021121216,Cytoplasm,Cytoplasm
ENSP00000502792,0.17216797,0.258789062,0.55546875,0.78515625,0.041210934,0.32080078199999995,0.045056152,0.17041015600000003,0.050146484000000005,0.226269534,0.10942382800000001,"Nucleus, Extracellular","Cytoplasm, Nucleus, Cell membrane"
ENSP00000451085,0.245507812,0.329882812,0.444140624,0.40429687599999997,0.225,0.387500002,0.008409118,0.15966797,0.187402346,0.203124998,0.049475097999999995,None,"Cytoplasm, Nucleus, Cell membrane"
ENSP00000435374,0.16298828199999998,0.514062502,0.488671876,0.59609375,0.119384764,0.441015628,0.145068358,0.12978515200000001,0.229101562,0.270898438,0.103112794,Cytoplasm,Mitochondrion
ENSP00000429629,0.118847658,0.438671876,0.7078125,0.304296874,0.084179688,0.52734375,0.036621094,0.136816406,0.07939453,0.088671876,0.33564453,Nucleus,Nucleus
ENSP00000401344,0.060205078,0.40703125,0.878125,0.08618164199999999,0.062939452,0.10781250199999999,0.013189698,0.07817382800000001,0.053637694,0.06569823999999999,0.044555662,Nucleus,Nucleus
ENSP00000490955,0.174414062,0.512890626,0.5703125,0.42382812599999997,0.14208984200000002,0.44765625,0.07392577800000001,0.141796876,0.164257812,0.290234374,0.065185548,"Cytoplasm, Nucleus",Cytoplasm
ENSP00000474497,0.2515625,0.530078124,0.5453125,0.340039062,0.150585938,0.40390625,0.130761718,0.268359374,0.32421875,0.323046876,0.126171876,"Cytoplasm, Nucleus",Nucleus
ENSP00000454419,0.091699218,0.515234374,0.73125,0.044799806,0.089941406,0.21894531,0.021276858000000003,0.06494140600000001,0.106835934,0.08710937599999999,0.08359375,"Cytoplasm, Nucleus",Cell membrane
ENSP00000414865,0.204882812,0.555859376,0.48828125,0.4109375,0.141894532,0.316601562,0.18515625,0.11972656200000001,0.134375,0.187304686,0.185009766,Cytoplasm,Cytoplasm
ENSP00000399816,0.1140625,0.40390625,0.65859375,0.411328124,0.073242186,0.338671874,0.09678955,0.206445312,0.321289064,0.391015626,0.09912109200000001,Nucleus,Cell membrane
ENSP00000376971,0.12548827999999998,0.58671875,0.68125,0.537109376,0.089746094,0.298046874,0.049316408,0.195117186,0.148730468,0.230859374,0.186572266,"Cytoplasm, Nucleus",Nucleus
ENSP00000361978,0.168554688,0.546875,0.56328125,0.306835936,0.14355468600000001,0.22128906399999998,0.15102538999999998,0.135449218,0.191406248,0.234375,0.146874998,"Cytoplasm, Nucleus","Cytoplasm, Nucleus"
ENSP00000501354,0.24511718799999999,0.49609375,0.5421875,0.417578124,0.137304688,0.464062502,0.040795896,0.255664062,0.18984375,0.29453125,0.14482422,"Cytoplasm, Nucleus","Cytoplasm, Nucleus"
ENSP00000466525,0.185644532,0.184765626,0.199218752,0.71875,0.075048826,0.28242187799999996,0.086462402,0.339648438,0.020288086,0.182714844,0.06875,Extracellular,Cytoplasm
ENSP00000451953,0.152734376,0.70859375,0.38984375,0.23017578200000002,0.148144532,0.278125002,0.141162108,0.150488282,0.176562502,0.14951172,0.062402344,Cytoplasm,Cytoplasm
ENSP00000439003,0.177734374,0.486718752,0.56015625,0.378125002,0.13198242200000002,0.33125,0.108789062,0.166601562,0.170996094,0.288671876,0.16430664,"Cytoplasm, Nucleus",Cytoplasm
ENSP00000430847,0.207421874,0.434374998,0.54765625,0.34570312599999997,0.139453126,0.406249998,0.13461914,0.164257814,0.15917968799999999,0.252148438,0.166064452,Nucleus,Mitochondrion
ENSP00000413898,0.11962890600000001,0.469140624,0.61796875,0.40488281400000004,0.101464844,0.20546875,0.117333986,0.133398438,0.150878906,0.219335938,0.13300781,Nucleus,Nucleus
ENSP00000408797,0.251171874,0.49375,0.54765625,0.514257812,0.23671875199999998,0.40742187799999996,0.04633788999999999,0.08056640799999999,0.10673828,0.215039062,0.007275392,"Cytoplasm, Nucleus",Cytoplasm
ENSP00000401510,0.21367187599999998,0.62890625,0.41875,0.22441406599999997,0.16093750199999998,0.197656248,0.046569824,0.29101562599999997,0.111376952,0.2015625,0.067053222,Cytoplasm,Cell membrane
ENSP00000263255,0.8,0.117382812,0.095117186,0.029406737999999998,0.257031252,0.90390625,0.27011719,0.311914062,0.22890625,0.12734375,0.40439453,"Membrane, Mitochondrion",Peroxisome
ENSP00000501787,0.18154296799999997,0.4546875,0.5609375,0.346875,0.102734374,0.450781248,0.05825195200000001,0.220703126,0.222265626,0.2875,0.280664064,Nucleus,Nucleus
ENSP00000459305,0.23925781399999999,0.49140625,0.405859374,0.546875,0.1421875,0.35390624800000003,0.150390626,0.15253906,0.176367188,0.25625,0.105883788,Cytoplasm,Endoplasmic reticulum
ENSP00000452748,0.17480468600000001,0.575,0.51875,0.33046875,0.07673339800000001,0.355078126,0.07131347399999999,0.147949218,0.080175782,0.169824218,0.07066650199999999,Cytoplasm,Mitochondrion
ENSP00000452121,0.21328125199999998,0.38671875,0.61484375,0.401953122,0.13955077999999999,0.48632812400000003,0.051513671999999996,0.161914064,0.193164062,0.32285156400000004,0.10654296999999999,Nucleus,Cytoplasm
ENSP00000433930,0.20283203,0.580078124,0.4265625,0.50234375,0.118457034,0.425781252,0.27197265600000003,0.201953124,0.39140625,0.351171872,0.22041015599999997,Cytoplasm,"Cytoplasm, Nucleus"
ENSP00000425028,0.131347656,0.570703126,0.414062498,0.4921875,0.132226562,0.24335937199999996,0.11994628799999998,0.09853515400000001,0.13798828000000002,0.22363281399999999,0.366796876,Cytoplasm,Nucleus
ENSP00000417527,0.16953125,0.60703125,0.49414062599999997,0.218359376,0.109863278,0.346875,0.045642089999999996,0.18632812599999998,0.151171876,0.207031252,0.053491211999999996,Cytoplasm,Golgi apparatus
ENSP00000412744,0.188671876,0.514453122,0.578125,0.213085936,0.12353515600000001,0.32187500199999997,0.028662108,0.272851564,0.191992186,0.21328125199999998,0.12397461000000001,"Cytoplasm, Nucleus",Nucleus
ENSP00000463481,0.183398438,0.41484375,0.501562498,0.62265625,0.08051758,0.288476564,0.10773925799999999,0.171875,0.167675782,0.260546876,0.10043945400000001,None,Mitochondrion
ENSP00000453486,0.099804688,0.5953125,0.8171875,0.05786132799999999,0.10791015799999999,0.187890624,0.026708984,0.08242187399999999,0.139160154,0.140625,0.047619626,"Cytoplasm, Nucleus",Nucleus
ENSP00000447739,0.179296876,0.5203125,0.505859376,0.487890626,0.10957031000000002,0.473828124,0.12877197199999998,0.137988282,0.281445312,0.299804686,0.095593262,Cytoplasm,Nucleus
ENSP00000425452,0.180957032,0.490625,0.60078125,0.54296875,0.134472658,0.31503906000000004,0.12851562600000002,0.10654297000000001,0.145117186,0.26425781000000004,0.047705078,"Cytoplasm, Nucleus",Mitochondrion
ENSP00000413636,0.164746094,0.49609375,0.5375,0.33789062599999997,0.11821288999999999,0.197851562,0.266308594,0.145214844,0.311523438,0.293164062,0.163134766,"Cytoplasm, Nucleus",Nucleus
ENSP00000499306,0.209179688,0.450390624,0.435156248,0.363476564,0.138964844,0.327929688,0.216992188,0.147949222,0.12207031399999999,0.361718746,0.08817138399999999,None,Nucleus
ENSP00000469593,0.16650390799999998,0.6421875,0.48125,0.190917968,0.200781252,0.250390626,0.040393066,0.14921875,0.156445312,0.17470703199999998,0.027355955999999997,Cytoplasm,Endoplasmic reticulum
ENSP00000463843,0.195312498,0.55234375,0.525,0.549609374,0.124023438,0.375390626,0.103564454,0.181640624,0.177050782,0.312890626,0.049523926,Cytoplasm,"Cytoplasm, Nucleus"
ENSP00000463823,0.11621093599999999,0.267773438,0.280078126,0.85,0.083691406,0.23730468799999999,0.06380615199999999,0.309423826,0.02026367,0.210742188,0.09246521199999999,Extracellular,"Cytoplasm, Nucleus"
ENSP00000423844,0.21171875,0.49765625,0.480078124,0.489843748,0.141894532,0.335351562,0.16044922,0.179687498,0.30292969000000003,0.288476562,0.20703125,Cytoplasm,Cell membrane
ENSP00000411573,0.146191406,0.23984375,0.55234375,0.7796875,0.031262208,0.144238282,0.005949402,0.42265625,0.116992188,0.147119142,0.198168948,"Nucleus, Extracellular",Nucleus
ENSP00000394401,0.222265624,0.36796875,0.48984375199999997,0.048535156,0.169140622,0.45898437599999997,0.07792968800000001,0.344140624,0.08872070400000001,0.083740232,0.015826418000000002,None,Nucleus
ENSP00000503895,0.181640626,0.507421874,0.521875,0.367578122,0.10791015600000001,0.30253906399999997,0.088549806,0.13359375,0.191601564,0.249609374,0.080224608,Cytoplasm,"Cytoplasm, Nucleus"
ENSP00000501638,0.19042968600000001,0.304492188,0.30234375,0.484765626,0.053125,0.346484376,0.139526368,0.132666016,0.148876952,0.29589844000000004,0.095507814,None,Cytoplasm
ENSP00000498870,0.233593752,0.6734375,0.393359376,0.171582034,0.26738281399999997,0.352343748,0.019641111999999995,0.112109376,0.125439452,0.18046875199999998,0.006703186,Cytoplasm,Cytoplasm
ENSP00000472504,0.141992188,0.553124998,0.721875,0.309179686,0.10205078199999999,0.293164064,0.051135252,0.154492188,0.22734375,0.20048828,0.194921878,"Cytoplasm, Nucleus",Endoplasmic reticulum
ENSP00000435644,0.196484376,0.42773437400000003,0.42871093800000004,0.690234376,0.036657714,0.258984376,0.003002166,0.146435546,0.173242184,0.383105468,0.0725708,Extracellular,"Cytoplasm, Nucleus, Cell membrane"
ENSP00000412823,0.132910156,0.52109375,0.5265625,0.42421874800000003,0.07431640799999999,0.33867187200000004,0.073876954,0.141992188,0.13574218799999999,0.225,0.118115232,Cytoplasm,Cytoplasm
ENSP00000412769,0.115624998,0.58671875,0.603125,0.17460937599999998,0.10283203199999999,0.139453126,0.06595459,0.095898436,0.178515624,0.207226562,0.11918944999999999,"Cytoplasm, Nucleus","Cytoplasm, Nucleus"
ENSP00000397589,0.250390626,0.34609375,0.40898438000000004,0.11010742199999998,0.094384764,0.4349609360000001,0.019836426,0.24492187799999998,0.12597656000000002,0.569140624,0.045983886,None,Cytoplasm
ENSP00000389322,0.14726562599999998,0.424999998,0.73203125,0.54296875,0.120117184,0.31855469,0.041186521999999996,0.13701172,0.095800782,0.22568359600000001,0.036871336,Nucleus,Cytoplasm
ENSP00000493561,0.15048828,0.455859376,0.68046875,0.421484376,0.12241211,0.162304688,0.05168457,0.107226564,0.127050782,0.22539062599999998,0.070581054,Nucleus,Nucleus
ENSP00000450676,0.068408202,0.375976564,0.69375,0.508203124,0.061132812,0.28955078,0.022473146,0.166015624,0.187109376,0.082958986,0.751171876,"Nucleus, Peroxisome",Cytoplasm
ENSP00000449513,0.128808592,0.565625,0.4515625,0.393750002,0.08725585999999999,0.20693359399999997,0.244726562,0.099755858,0.11977539200000001,0.261132812,0.153930666,Cytoplasm,Nucleus
ENSP00000425147,0.47851562599999997,0.367578126,0.27187499800000003,0.166210938,0.238671874,0.47851562200000003,0.069775392,0.4640625,0.384375,0.48671875,0.19824218600000001,Membrane,Nucleus
ENSP00000410149,0.160253908,0.48125,0.62578125,0.413671874,0.175683594,0.39921875,0.016400146,0.166210938,0.224511716,0.307421876,0.316210938,"Cytoplasm, Nucleus",Cytoplasm
ENSP00000407378,0.17216797,0.503515624,0.58359375,0.5171875,0.104785156,0.324999998,0.14204101600000002,0.175,0.207421876,0.281835936,0.040954588,"Cytoplasm, Nucleus",Cytoplasm
ENSP00000467134,0.122070312,0.22753906200000001,0.31484375,0.80703125,0.09770507799999997,0.2328125,0.180175782,0.13737792799999998,0.008673098,0.105664062,0.052444460000000005,Extracellular,Nucleus
ENSP00000466874,0.13398437400000002,0.5953125,0.5109375,0.228027342,0.156933594,0.33789062599999997,0.122851564,0.12988281200000001,0.264648438,0.112109376,0.023229979999999997,Cytoplasm,Nucleus
ENSP00000462170,0.220312502,0.319140626,0.446484376,0.386718752,0.144335938,0.327929688,0.06645507799999999,0.21328125199999998,0.13398437400000002,0.285156252,0.15756835799999996,None,Nucleus
ENSP00000431085,0.5328125,0.6296875,0.342578126,0.112988282,0.638671874,0.40429687599999997,0.105761718,0.22617187200000002,0.2125,0.196289064,0.10395507799999999,"Membrane, Cytoplasm, Cell membrane","Cytoplasm, Cell membrane"
ENSP00000419183,0.197851562,0.54765625,0.339843748,0.2125,0.179980468,0.315625,0.11181640799999999,0.15527343600000001,0.213085938,0.389453128,0.015618895999999998,Cytoplasm,Nucleus
ENSP00000506523,0.265429688,0.49804687599999997,0.471484374,0.581640626,0.151660156,0.31171875,0.161694336,0.19433593999999998,0.252343752,0.312109376,0.04350586,Cytoplasm,"Cytoplasm, Nucleus"
ENSP00000504510,0.246289062,0.60546875,0.40429687400000003,0.224414062,0.16376953,0.4125,0.105712892,0.19824218799999999,0.0875,0.251171876,0.07001953000000001,Cytoplasm,Nucleus
ENSP00000498371,0.23056640599999997,0.6328125,0.27539062599999997,0.235595702,0.218749998,0.304296876,0.020068358,0.0953125,0.254492186,0.289550782,0.025146484000000004,Cytoplasm,Nucleus
ENSP00000485723,0.206835936,0.471484376,0.37656250199999997,0.535546876,0.095410158,0.276562498,0.18505859200000002,0.191503906,0.06494140600000001,0.186621096,0.23671875199999998,Cytoplasm,Cell membrane
ENSP00000472858,0.191992188,0.497265624,0.50234375,0.47421875,0.12939453,0.421484374,0.081396484,0.241992186,0.238867188,0.231054688,0.297070312,Cytoplasm,Nucleus
ENSP00000462379,0.15439453,0.440625,0.519921876,0.59140625,0.082958984,0.35390625,0.14353027000000002,0.09550781,0.17890625,0.27539062599999997,0.181103516,None,Nucleus
ENSP00000429541,0.280664064,0.147436524,0.25673828,0.694140626,0.029516602000000003,0.6203125,0.031597902,0.284375,0.24794921800000003,0.619921874,0.08692627,Extracellular,Nucleus
ENSP00000422056,0.181250002,0.457031248,0.5359375,0.61015625,0.12373047,0.297656248,0.09177245999999999,0.107421874,0.13945312599999998,0.23828125,0.133935546,Nucleus,Cytoplasm
ENSP00000416618,0.20234375,0.41953125199999997,0.498828128,0.337109372,0.145117188,0.3453125,0.140869138,0.16259765799999998,0.26972656,0.286328124,0.119873046,None,Peroxisome
ENSP00000397228,0.208984376,0.495703124,0.5296875,0.24863280999999998,0.258984374,0.42734375,0.034936524000000004,0.21748046799999998,0.302929688,0.09765625,0.018768312000000002,"Cytoplasm, Nucleus",Cytoplasm
ENSP00000390470,0.093359376,0.42617187199999995,0.75078125,0.10571289000000002,0.114648436,0.193164062,0.034936524,0.10976562600000002,0.10209960999999998,0.222070312,0.058532714,Nucleus,"Cytoplasm, Nucleus"
ENSP00000498338,0.09326171800000001,0.304296876,0.80546875,0.296875002,0.199609374,0.242382814,0.09814453199999999,0.052807618,0.011596682,0.039916994,0.0073516860000000005,Nucleus,Nucleus
ENSP00000455684,0.25703125,0.469531252,0.313671874,0.53203125,0.134960938,0.34960937400000003,0.342871092,0.225,0.40703125,0.437890626,0.34121093599999996,Cytoplasm,Cytoplasm
ENSP00000448987,0.15341796800000002,0.557421876,0.63671875,0.15517578199999998,0.130566404,0.190332028,0.023144532000000002,0.11757812599999999,0.223242188,0.171582032,0.126904296,"Cytoplasm, Nucleus",Nucleus
ENSP00000448846,0.213085938,0.449609374,0.56484375,0.423046874,0.10810546600000001,0.48984375,0.08415527399999999,0.143164062,0.199999998,0.20449219,0.06315918,Nucleus,Mitochondrion
ENSP00000433504,0.226562502,0.5109375,0.60078125,0.397265624,0.18593750199999998,0.403515626,0.044055176,0.195996094,0.166015624,0.27109375199999997,0.09504394600000002,"Cytoplasm, Nucleus",Cytoplasm
ENSP00000424059,0.212695314,0.70625,0.290234374,0.166699218,0.208789062,0.24726562400000002,0.021618652,0.14406738199999997,0.161816404,0.174414062,0.025067139999999998,Cytoplasm,Nucleus
ENSP00000418507,0.122753908,0.64453125,0.439843752,0.5359375,0.08862304600000001,0.30273437599999997,0.20517577999999997,0.238085936,0.27539062400000003,0.41601562599999997,0.11318970000000002,Cytoplasm,Nucleus
ENSP00000504330,0.177343752,0.534765626,0.49453125,0.5765625,0.152050782,0.275390628,0.17285156399999999,0.080322266,0.15859375,0.21328125,0.09638672000000001,Cytoplasm,"Cytoplasm, Nucleus"
ENSP00000453067,0.200585938,0.253320312,0.510546874,0.5484375,0.07783203000000001,0.20996093799999999,0.162109376,0.270117188,0.158300782,0.246289064,0.109936522,None,"Cytoplasm, Endoplasmic reticulum"
ENSP00000420535,0.6390625,0.202734376,0.1921875,0.236132812,0.226171874,0.412500002,0.030001832000000006,0.564843748,0.193359376,0.4421875,0.023330689999999998,Membrane,Golgi apparatus
ENSP00000508281,0.203125,0.4671875,0.45507812599999997,0.415234376,0.1203125,0.36132812599999997,0.07185058600000001,0.207421876,0.261914064,0.32109375,0.046557618,None,Cytoplasm
ENSP00000498123,0.26347656399999997,0.451953124,0.485546876,0.492578124,0.12602539199999999,0.6296875,0.181298828,0.241015624,0.4390625,0.4484375,0.029168702,None,Endoplasmic reticulum
ENSP00000483687,0.19052734200000002,0.339062502,0.434765626,0.5109375,0.09414062399999999,0.337109374,0.039807128000000004,0.286523438,0.19189452999999998,0.253320312,0.258447264,None,Nucleus
ENSP00000460001,0.18652343799999999,0.492578124,0.44296875199999997,0.24462890599999998,0.15146484200000002,0.46484375,0.142456056,0.10849609200000002,0.068066406,0.21484375,0.0189209,Cytoplasm,"Cytoplasm, Nucleus"
ENSP00000440988,0.11450195199999999,0.4734375,0.6375,0.070336914,0.194091794,0.192871094,0.012286376,0.0765625,0.019421386,0.03864746200000001,0.002360534,"Cytoplasm, Nucleus",Nucleus
ENSP00000393690,0.218164064,0.440624998,0.5515625,0.37734375,0.13378906,0.389453124,0.101269532,0.171289062,0.311132812,0.364453126,0.133154298,Nucleus,Cytoplasm
ENSP00000464501,0.136816406,0.529687498,0.675,0.408984378,0.123339844,0.30527344,0.052551270000000004,0.119335938,0.175976562,0.158398438,0.183447264,"Cytoplasm, Nucleus",Nucleus
ENSP00000463107,0.12109375,0.366406254,0.575,0.545703126,0.065429686,0.265625,0.05931396600000001,0.1984375,0.047460936,0.327148436,0.071392822,Nucleus,"Cytoplasm, Cell membrane"
ENSP00000462500,0.194726562,0.55078125,0.37773437200000004,0.288671874,0.123632814,0.319921872,0.171289062,0.21347656,0.299609374,0.32421875,0.07495117200000001,Cytoplasm,"Mitochondrion, Endoplasmic reticulum"
ENSP00000456341,0.19433593799999999,0.487109374,0.59765625,0.41640625,0.11293945000000001,0.49296875,0.078466796,0.187890624,0.339843752,0.331250004,0.15957031400000002,"Cytoplasm, Nucleus",Cell membrane
ENSP00000451809,0.17158202800000003,0.459765624,0.5546875,0.469140624,0.17089843999999998,0.24121093799999999,0.164697264,0.110839846,0.135449218,0.280468746,0.038458254000000004,Nucleus,Mitochondrion
ENSP00000430614,0.155957034,0.561328126,0.621875,0.438671876,0.130175782,0.180957028,0.08552246,0.07734375,0.14160156399999999,0.18652343600000001,0.119482422,"Cytoplasm, Nucleus",Golgi apparatus
ENSP00000390830,0.66328125,0.261718748,0.21152343999999998,0.13955078199999998,0.276757812,0.6125,0.07290039200000001,0.7828125,0.346484376,0.512499998,0.161352538,"Membrane, Endoplasmic reticulum",Nucleus
ENSP00000499303,0.187500002,0.555078126,0.51328125,0.312109378,0.13544921999999998,0.37109375,0.052563478,0.12001953400000001,0.194824218,0.207031248,0.071606444,Cytoplasm,Nucleus
ENSP00000473541,0.19765625199999998,0.38515624800000003,0.506640624,0.6265625,0.146777344,0.442187502,0.148046874,0.16484375,0.125683594,0.305468748,0.034802246,None,"Cytoplasm, Nucleus"
ENSP00000424124,0.181445312,0.539453126,0.603125,0.40429687599999997,0.14160156399999999,0.366015624,0.036016846,0.135644528,0.16347656400000002,0.2046875,0.17038574,"Cytoplasm, Nucleus",Nucleus
ENSP00000413962,0.165917968,0.43945312799999997,0.44765625,0.471875,0.08491211,0.378515626,0.014271547999999998,0.288476562,0.097363282,0.33027343600000003,0.084838866,None,Cytoplasm
ENSP00000397787,0.210546876,0.49453125,0.54609375,0.449999998,0.116845702,0.457421876,0.12231445200000002,0.232421876,0.136621094,0.24296875,0.06281738199999999,"Cytoplasm, Nucleus",Nucleus
ENSP00000494068,0.150390626,0.4265625,0.64296875,0.68046875,0.084277344,0.43164062599999997,0.13071289,0.156640624,0.280664062,0.307812502,0.008911131999999999,"Nucleus, Extracellular",Endoplasmic reticulum
ENSP00000475294,0.181445312,0.444140624,0.6703125,0.285742186,0.162304686,0.284570312,0.06767577999999999,0.132226564,0.216308592,0.36816406,0.077905276,Nucleus,Cytoplasm
ENSP00000393507,0.21757812599999998,0.5703125,0.379296876,0.179296874,0.130566406,0.277636718,0.13352050799999998,0.090875244,0.183007812,0.23203124800000002,0.005442808,Cytoplasm,Cytoplasm
ENSP00000243893,0.172265626,0.545703124,0.49296875,0.34609375,0.13007812400000002,0.269335938,0.19755858999999998,0.134570312,0.174804686,0.249609376,0.113671878,Cytoplasm,"Cytoplasm, Cell membrane"
ENSP00000467641,0.167871094,0.40039062400000003,0.5046875,0.389062502,0.12158203000000001,0.31855469,0.10738525400000001,0.093066406,0.17236327999999998,0.230273438,0.12976073999999999,None,Cell membrane
ENSP00000449571,0.21484375,0.47851562599999997,0.426171876,0.358203126,0.158496094,0.47265625,0.096923828,0.153808596,0.261328126,0.25703125,0.087268066,Cytoplasm,Mitochondrion
ENSP00000448045,0.135449218,0.559765626,0.402734376,0.7375,0.09501953,0.24248046799999998,0.098193358,0.09467773400000001,0.052832031999999994,0.260937502,0.18276367,"Cytoplasm, Extracellular",Cytoplasm
ENSP00000421174,0.18320312600000002,0.39218750199999997,0.342968748,0.7953125,0.17294922,0.4625,0.035827638,0.098291016,0.12011718600000001,0.353320314,0.076977538,Extracellular,Cell membrane
ENSP00000410044,0.256835938,0.4921875,0.507421876,0.319140626,0.12192382800000001,0.553125,0.089648438,0.30703125,0.374218748,0.417578126,0.10610351600000001,Cytoplasm,Nucleus
ENSP00000407096,0.21230469,0.446875,0.516406252,0.283984374,0.06098632799999999,0.456250002,0.17763672,0.36113281,0.20410156200000001,0.305468748,0.311914064,None,Peroxisome
ENSP00000495519,0.178320312,0.5265625,0.62578125,0.34960937400000003,0.093066406,0.336718748,0.13969726600000001,0.218945314,0.219531248,0.27910156399999997,0.074291994,"Cytoplasm, Nucleus",Nucleus
ENSP00000465164,0.1140625,0.49492187200000004,0.390624998,0.323046874,0.086914062,0.15258789,0.016033934,0.104589844,0.125244142,0.06762695399999999,0.011108396000000001,Cytoplasm,"Cytoplasm, Nucleus"
ENSP00000428255,0.16503906399999999,0.6078125,0.472265628,0.192578126,0.140234374,0.30058593599999994,0.057250973999999996,0.134960938,0.10751953,0.218554686,0.019555664,Cytoplasm,Cytoplasm
ENSP00000423072,0.38085937599999997,0.52265625,0.31445312599999997,0.1640625,0.383007814,0.39296874800000003,0.095874022,0.29882812400000003,0.23339843799999999,0.39140625,0.179736326,Cytoplasm,"Cytoplasm, Mitochondrion"
ENSP00000506493,0.202734376,0.308984376,0.46289062599999997,0.4734375,0.07739257600000002,0.163476562,0.063800048,0.130664064,0.163867188,0.21376953199999998,0.044750976,None,"Cytoplasm, Cell membrane"
ENSP00000504071,0.20937500199999998,0.48203125,0.452343752,0.2765625,0.10576171999999999,0.6421875,0.040844728,0.24296875,0.199804688,0.34140625,0.086621092,"Cytoplasm, Mitochondrion",Mitochondrion
ENSP00000501857,0.156933594,0.463671876,0.6234375,0.38867187400000003,0.127539062,0.44375,0.06166992199999999,0.137597656,0.166699222,0.248632812,0.25107421999999996,Nucleus,Nucleus
ENSP00000492676,0.199023436,0.420703126,0.62890625,0.545703126,0.13378906200000001,0.325976562,0.060839844,0.137402344,0.13017578200000002,0.21738281399999998,0.079101562,Nucleus,"Cytoplasm, Nucleus"
ENSP00000466919,0.248242186,0.4921875,0.609375,0.5125,0.15029297,0.49023437400000003,0.134814454,0.19375,0.153124998,0.246093752,0.016607666,"Cytoplasm, Nucleus",Cytoplasm
ENSP00000456655,0.19648437400000002,0.58515625,0.64921875,0.14648437200000003,0.11914062200000002,0.58046875,0.067407224,0.16123046800000002,0.136523436,0.35859375,0.175585938,"Cytoplasm, Nucleus",Nucleus
ENSP00000452300,0.134765628,0.634375,0.5140625,0.119042968,0.121386718,0.355078126,0.066015626,0.14003906,0.149999998,0.31171875,0.025805664,Cytoplasm,Cell membrane
ENSP00000450780,0.15332031200000001,0.58125,0.448828124,0.211132814,0.12236328,0.11669921999999999,0.035510254,0.078271484,0.118798828,0.161230468,0.015487672,Cytoplasm,Nucleus
ENSP00000418252,0.207421874,0.461328124,0.519921874,0.52578125,0.094433592,0.34960937599999997,0.079980468,0.16328125,0.157128906,0.285546874,0.045031735999999996,None,"Cytoplasm, Cell membrane"
ENSP00000467710,0.209179688,0.48203125,0.550390626,0.238671876,0.25722656,0.506445312,0.035083008,0.10527343600000001,0.190136718,0.216601564,0.011550904,"Cytoplasm, Nucleus","Cytoplasm, Cell membrane"
ENSP00000453480,0.27500000199999997,0.398046874,0.300781252,0.48359375,0.14951172000000001,0.45332031199999995,0.130981442,0.103320312,0.12656250200000002,0.350390624,0.005324556,None,Mitochondrion
ENSP00000452500,0.188867188,0.530859374,0.495703124,0.429296874,0.113671874,0.3984375,0.09436035200000001,0.120410156,0.23310546800000004,0.33398437599999997,0.156591798,Cytoplasm,Nucleus
ENSP00000435220,0.202734374,0.548828126,0.596875,0.428906252,0.17861328,0.22558593800000004,0.080834962,0.09653320400000001,0.150585936,0.22539062599999998,0.01538086,"Cytoplasm, Nucleus",Cytoplasm
ENSP00000392049,0.167968752,0.41953125199999997,0.500781248,0.5625,0.11533203,0.3015625,0.087329102,0.14980468600000002,0.205859372,0.273828126,0.017193604,None,Cytoplasm
ENSP00000387481,0.197070312,0.39257812400000003,0.453515624,0.484375,0.12109375,0.421484376,0.130810546,0.112988282,0.10981445000000001,0.27929687200000003,0.08238525,None,Nucleus
ENSP00000476460,0.166601562,0.58671875,0.493359376,0.44765625,0.09609375,0.331640622,0.074645994,0.131933596,0.15625,0.183203126,0.11015625,Cytoplasm,Cell membrane
ENSP00000452200,0.191601562,0.34140625,0.22480469000000003,0.88046875,0.13173828199999998,0.146557616,0.14501953,0.061383058000000004,0.014215090000000003,0.183007812,0.04140624799999999,Extracellular,Nucleus
ENSP00000428531,0.205859374,0.468359376,0.528515624,0.34531250199999997,0.115625,0.4953125,0.09821777400000001,0.12412109,0.09748535,0.190234372,0.230957032,Nucleus,Cytoplasm
ENSP00000408802,0.24101562799999998,0.50078125,0.6171875,0.331640622,0.176367188,0.469531252,0.053393555999999995,0.226171874,0.154199218,0.225976562,0.108154296,"Cytoplasm, Nucleus",Cytoplasm
ENSP00000469760,0.134863282,0.460546876,0.571875,0.31796875,0.09604492,0.262304688,0.185156252,0.189257812,0.24082031,0.309179688,0.209179686,Nucleus,"Cytoplasm, Nucleus"
ENSP00000466684,0.21367187599999998,0.51015625,0.5296875,0.36640625,0.136523436,0.415234374,0.120117188,0.255664062,0.176074216,0.33125,0.23164062400000002,"Cytoplasm, Nucleus",Cytoplasm
ENSP00000464530,0.140820314,0.576953126,0.571875,0.5953125,0.12529297,0.56640625,0.057373047999999996,0.10634765799999998,0.2703125,0.280664062,0.181396482,"Cytoplasm, Nucleus","Cytoplasm, Nucleus"
ENSP00000430805,0.243750002,0.43359375,0.5734375,0.19453124800000002,0.15283202999999998,0.355468748,0.08371582199999998,0.206640626,0.252734374,0.21777343600000001,0.16982422,Nucleus,"Cytoplasm, Nucleus"
ENSP00000504163,0.21386718799999999,0.488281252,0.469140626,0.63671875,0.128906254,0.391796876,0.09030761600000001,0.16953125,0.17734374800000002,0.27792969,0.055004882,Cytoplasm,"Cytoplasm, Nucleus"
ENSP00000502465,0.160351562,0.476953126,0.58359375,0.466015624,0.125439454,0.4484375,0.105126952,0.12246093799999999,0.15859374799999998,0.2234375,0.274609376,"Cytoplasm, Nucleus",Nucleus
ENSP00000484996,0.155957032,0.485546876,0.42421875,0.63125,0.094824218,0.360156252,0.11305542199999999,0.170019532,0.16943359600000002,0.41171875,0.15834960800000003,Cytoplasm,Nucleus
ENSP00000455953,0.173144532,0.454687498,0.528125,0.321875,0.08540038800000001,0.312890624,0.181542972,0.168164062,0.34941406,0.25214843600000003,0.160644532,Nucleus,Nucleus
ENSP00000448671,0.155078128,0.537109374,0.57265625,0.63671875,0.092089844,0.346484376,0.14440918,0.070605468,0.138964846,0.21660156000000003,0.06503906,"Cytoplasm, Nucleus",Cell membrane
ENSP00000426535,0.10888671800000001,0.21972655999999996,0.365625002,0.834375,0.06311035000000001,0.26308593999999996,0.06625366199999999,0.232763672,0.014624022,0.14482422,0.24018554600000003,Extracellular,Nucleus
ENSP00000426210,0.227734376,0.525390624,0.405468748,0.221289062,0.18212890599999998,0.553125,0.037109373999999994,0.13212891,0.215039062,0.363281252,0.019641112,Cytoplasm,Cell membrane
ENSP00000402190,0.183789062,0.5390625,0.56640625,0.37656250199999997,0.175683594,0.59375,0.041552733999999994,0.11767578000000001,0.115625,0.182226562,0.04699096800000001,"Cytoplasm, Nucleus",Nucleus
ENSP00000395237,0.17890625,0.471484374,0.609375,0.471875002,0.088037108,0.49023437400000003,0.053149414000000006,0.140722656,0.200976564,0.216601562,0.09938964799999998,"Cytoplasm, Nucleus","Cytoplasm, Nucleus"
ENSP00000388688,0.194531252,0.466015626,0.60859375,0.60703125,0.133300782,0.371093752,0.057714844,0.13388672,0.11572265600000001,0.220312502,0.040771484,Nucleus,Cytoplasm
ENSP00000453192,0.2265625,0.480078126,0.466015624,0.5734375,0.122363284,0.45,0.12028808399999999,0.16953125,0.26367187799999997,0.308203124,0.052648924,Cytoplasm,Mitochondrion
ENSP00000475450,0.15107421999999998,0.578125,0.534765624,0.058764647999999996,0.134960936,0.46015625,0.013157652,0.23964844,0.047558592,0.11660155999999999,0.021252439999999997,"Cytoplasm, Nucleus",Nucleus
ENSP00000466640,0.22167968799999999,0.44296875,0.52734375,0.558984374,0.14375,0.449999998,0.12441406399999999,0.145996094,0.170214842,0.307812498,0.027752684,None,Nucleus
ENSP00000459602,0.15234375,0.344921876,0.382031252,0.709375,0.055981446000000004,0.30234375,0.083166504,0.179882812,0.06972656,0.19013672,0.35244140599999996,Extracellular,Nucleus
ENSP00000349253,0.340039062,0.481640624,0.517578126,0.344140624,0.12421874800000002,0.59375,0.064892578,0.479296876,0.28886719,0.4109375,0.041320800000000005,Cytoplasm,"Cytoplasm, Cell membrane"
ENSP00000490160,0.21083984400000003,0.42031249600000004,0.43164062400000003,0.54375,0.08442383,0.58671875,0.092578126,0.32187500199999997,0.21640625,0.4125,0.24501953000000004,None,Mitochondrion
ENSP00000437899,0.184179688,0.46250000199999997,0.584375,0.318750002,0.105615232,0.287890626,0.035766602,0.163183594,0.257031248,0.25683594000000004,0.070898438,Nucleus,"Nucleus, Cell membrane"
ENSP00000415292,0.33027343600000003,0.478125,0.53984375,0.36875000199999997,0.150195314,0.54296875,0.033959961999999996,0.370703122,0.284179686,0.38984375,0.062573242,"Cytoplasm, Nucleus",Golgi apparatus
ENSP00000408534,0.21230468600000002,0.468750002,0.60546875,0.4078125,0.17744140800000002,0.30683594,0.068701172,0.115820314,0.164550782,0.2796875,0.062548828,Nucleus,Nucleus
ENSP00000400569,0.309960938,0.460546876,0.503515624,0.417578124,0.13750000199999998,0.57734375,0.088623048,0.268359376,0.27968749800000003,0.331640622,0.09367675800000001,None,Cytoplasm
ENSP00000430424,0.177148438,0.5671875,0.55390625,0.271289062,0.15859375,0.358984376,0.042089841999999995,0.170703124,0.21738281399999998,0.266210938,0.007278442,"Cytoplasm, Nucleus",Cytoplasm
ENSP00000457149,0.22060546799999997,0.36640625,0.36210937200000004,0.5984375,0.12446288999999999,0.546875,0.07746582,0.259570312,0.36699219000000005,0.363671874,0.322070312,None,Cell membrane
ENSP00000438862,0.245898438,0.553515626,0.493359376,0.36914062400000003,0.16064453,0.368359376,0.08989257799999999,0.124121094,0.16699218799999999,0.24511718799999999,0.085888674,Cytoplasm,Nucleus
ENSP00000400271,0.135546874,0.42734375,0.547265626,0.369921876,0.09667968600000001,0.536328126,0.04423828,0.096093748,0.071240234,0.226171874,0.041156006,Nucleus,Mitochondrion
ENSP00000455184,0.241796874,0.403515624,0.392968752,0.30859375,0.142773438,0.559375,0.041369628,0.16640625,0.14384765400000002,0.208203126,0.329882814,None,Mitochondrion
ENSP00000504110,0.299804686,0.360156248,0.4453125,0.28769531600000003,0.141210938,0.670703126,0.033911133999999996,0.08466796800000001,0.092089842,0.199218752,0.008920288,Mitochondrion,Cytoplasm
ENSP00000468113,0.220312502,0.4296875,0.590625,0.432421878,0.154394532,0.49765625,0.06979980400000001,0.132128906,0.146679686,0.263476562,0.050836179999999995,Nucleus,"Cytoplasm, Nucleus"
ENSP00000387607,0.21738281400000004,0.566796874,0.469921874,0.54296875,0.16269531,0.26347656399999997,0.124023438,0.08671875,0.10439453000000001,0.25390625,0.040170290000000004,Cytoplasm,Nucleus
ENSP00000429046,0.141406248,0.387890626,0.49023437400000003,0.207421872,0.129492188,0.479296876,0.21110839799999997,0.10156249800000001,0.027539061999999996,0.043090822,0.017578124,None,Cytoplasm
ENSP00000464790,0.382421874,0.440234374,0.5140625,0.18632812599999998,0.239062498,0.507421876,0.026501465999999994,0.248046876,0.243554688,0.320898436,0.025189208,None,Nucleus
ENSP00000477296,0.22363281400000004,0.397265626,0.59765625,0.417187502,0.088916014,0.379296876,0.048120118,0.2203125,0.260742188,0.24921875,0.086047362,Nucleus,"Cytoplasm, Nucleus"
