Metric,Value
Subset Accuracy,0.3418753640069889
Jaccard,0.4858765288293535
MicroF1,0.5729650452212173
MacroF1,0.4360253904990583
MCC_Cytoplasm,0.30438600241372155
MCC_Nucleus,0.40578749368248795
MCC_Cell membrane,0.33420131253351365
MCC_Mitochondrion,0.5902513766014539
MCC_Endoplasmic reticulum,0.17781797681711958
MCC_Golgi apparatus,0.20705703926612418
