Metric,Value
Subset Accuracy,0.28771112405358185
Jaccard,0.4293438167346145
MicroF1,0.4961240310077519
MacroF1,0.23173904114827257
MCC_Membrane,0.0
MCC_Cytoplasm,0.2673567629121456
MCC_Nucleus,0.39686592961373074
MCC_Extracellular,0.0
MCC_Cell membrane,0.3312202916512113
MCC_Mitochondrion,0.5134499523523014
MCC_Plastid,0.0
MCC_Endoplasmic reticulum,0.20398473177019916
MCC_Lysosome/Vacuole,-0.0028649125309673576
MCC_Golgi apparatus,0.23140606870967825
MCC_Peroxisome,-0.006767977750947838
