Metric,Value
Subset Accuracy,0.28538147932440305
Jaccard,0.42429625315472724
MicroF1,0.49975786924939475
MacroF1,0.2213060116857262
MCC_Membrane,0.0
MCC_Cytoplasm,0.27897544467898927
MCC_Nucleus,0.39843415890585443
MCC_Extracellular,0.0
MCC_Cell membrane,0.3326018210283274
MCC_Mitochondrion,0.5742619088440701
MCC_Plastid,0.0
MCC_Endoplasmic reticulum,0.14610033411581674
MCC_Lysosome/Vacuole,-0.00298277034458525
MCC_Golgi apparatus,0.20798316513114856
MCC_Peroxisome,-0.003091735117956854
