ACC,Membrane,Cytoplasm,Nucleus,Extracellular,Cell membrane,Mitochondrion,Plastid,Endoplasmic reticulum,Lysosome/Vacuole,Golgi apparatus,Peroxisome,Predictive_Entropy,Expected_Entropy,Mutual_Information,Uncertainty_Level
ENSP00000505728,"mean: 0.055478, var: 0.000317","mean: 0.262891, var: 0.002481","mean: 0.845313, var: 0.010377","mean: 0.127618, var: 0.002612","mean: 0.053253, var: 0.000606","mean: 0.120392, var: 0.006191","mean: 0.009851, var: 0.000104","mean: 0.085510, var: 0.000421","mean: 0.034566, var: 0.000131","mean: 0.042407, var: 0.000556","mean: 0.012624, var: 0.000199",1.8888078871518414,0.12760680576837155,1.76120108138347,Low
ENSP00000493871,"mean: 0.041309, var: 0.000011","mean: 0.515479, var: 0.003357","mean: 0.896973, var: 0.001412","mean: 0.061675, var: 0.000929","mean: 0.058813, var: 0.000143","mean: 0.116003, var: 0.002045","mean: 0.026569, var: 0.000210","mean: 0.049902, var: 0.000117","mean: 0.028757, var: 0.000091","mean: 0.029449, var: 0.000143","mean: 0.013790, var: 0.000350",1.6700215244940204,0.056671406281704736,1.6133501182123158,Low
ENSP00000490913,"mean: 0.090247, var: 0.000234","mean: 0.598193, var: 0.006972","mean: 0.718359, var: 0.002288","mean: 0.051996, var: 0.001200","mean: 0.130652, var: 0.002450","mean: 0.159961, var: 0.001576","mean: 0.034536, var: 0.001264","mean: 0.034152, var: 0.000149","mean: 0.033496, var: 0.000150","mean: 0.072595, var: 0.001352","mean: 0.108063, var: 0.001879",2.251060129630568,0.11525544333939405,2.135804686291174,Low
ENSP00000490728,"mean: 0.037903, var: 0.000019","mean: 0.491260, var: 0.003630","mean: 0.911621, var: 0.001763","mean: 0.062758, var: 0.000934","mean: 0.060815, var: 0.000211","mean: 0.116394, var: 0.002339","mean: 0.029573, var: 0.000369","mean: 0.035504, var: 0.000051","mean: 0.025073, var: 0.000105","mean: 0.022884, var: 0.000125","mean: 0.012658, var: 0.000335",1.6087444237146553,0.06243320353125274,1.5463112201834026,Low
ENSP00000490116,"mean: 0.068774, var: 0.000097","mean: 0.369189, var: 0.004067","mean: 0.868945, var: 0.002169","mean: 0.165381, var: 0.009053","mean: 0.100256, var: 0.000271","mean: 0.158630, var: 0.003177","mean: 0.026004, var: 0.000601","mean: 0.039844, var: 0.000038","mean: 0.011745, var: 0.000031","mean: 0.035550, var: 0.000106","mean: 0.026196, var: 0.001075",1.9838499888241978,0.11314547148692787,1.87070451733727,Low
ENSP00000484669,"mean: 0.159692, var: 0.003349","mean: 0.360889, var: 0.002472","mean: 0.835645, var: 0.005881","mean: 0.061841, var: 0.000131","mean: 0.058447, var: 0.000798","mean: 0.106543, var: 0.001970","mean: 0.004029, var: 0.000016","mean: 0.220862, var: 0.009310","mean: 0.154712, var: 0.005411","mean: 0.270654, var: 0.010496","mean: 0.009951, var: 0.000183",2.4315511789765356,0.20462613915396705,2.2269250398225684,Low
ENSP00000480219,"mean: 0.037262, var: 0.000074","mean: 0.270020, var: 0.002246","mean: 0.906055, var: 0.003646","mean: 0.127625, var: 0.001749","mean: 0.030438, var: 0.000111","mean: 0.111926, var: 0.001459","mean: 0.005303, var: 0.000035","mean: 0.046771, var: 0.000108","mean: 0.022113, var: 0.000052","mean: 0.031401, var: 0.000355","mean: 0.011374, var: 0.000176",1.5945304202454498,0.06271830675027101,1.5318121134951788,Low
ENSP00000418408,"mean: 0.050043, var: 0.000089","mean: 0.398584, var: 0.002277","mean: 0.760547, var: 0.001556","mean: 0.071655, var: 0.001936","mean: 0.036267, var: 0.000103","mean: 0.107263, var: 0.003051","mean: 0.072040, var: 0.002585","mean: 0.081317, var: 0.000419","mean: 0.015306, var: 0.000058","mean: 0.063702, var: 0.000593","mean: 0.024717, var: 0.000885",1.9977064965582194,0.08531961985693857,1.9123868767012808,Low
ENSP00000384215,"mean: 0.047064, var: 0.000207","mean: 0.182471, var: 0.001504","mean: 0.914551, var: 0.001727","mean: 0.021107, var: 0.000141","mean: 0.037430, var: 0.000118","mean: 0.194055, var: 0.003689","mean: 0.016647, var: 0.000250","mean: 0.034848, var: 0.000045","mean: 0.041486, var: 0.000042","mean: 0.035066, var: 0.000554","mean: 0.071185, var: 0.001994",1.681292968363904,0.06500548086566688,1.6162874874982371,Low
ENSP00000377634,"mean: 0.062030, var: 0.000123","mean: 0.366113, var: 0.002950","mean: 0.862305, var: 0.001199","mean: 0.039783, var: 0.000734","mean: 0.043060, var: 0.000047","mean: 0.069733, var: 0.001801","mean: 0.008156, var: 0.000077","mean: 0.059137, var: 0.000104","mean: 0.013263, var: 0.000026","mean: 0.023698, var: 0.000094","mean: 0.012257, var: 0.000121",1.5239090837402438,0.04742309465905015,1.4764859890811937,Low
ENSP00000363642,"mean: 0.066278, var: 0.000553","mean: 0.257495, var: 0.000921","mean: 0.749219, var: 0.003508","mean: 0.030463, var: 0.000272","mean: 0.071954, var: 0.000547","mean: 0.144800, var: 0.000385","mean: 0.004829, var: 0.000022","mean: 0.140466, var: 0.001389","mean: 0.037280, var: 0.000914","mean: 0.051263, var: 0.000417","mean: 0.007482, var: 0.000092",1.9340760500784533,0.05965348269629645,1.8744225673821568,Low
ENSP00000356716,"mean: 0.104773, var: 0.000282","mean: 0.675098, var: 0.003764","mean: 0.574756, var: 0.005796","mean: 0.073932, var: 0.003109","mean: 0.090436, var: 0.000600","mean: 0.067426, var: 0.000969","mean: 0.012165, var: 0.000162","mean: 0.111682, var: 0.000563","mean: 0.058017, var: 0.000646","mean: 0.187988, var: 0.001839","mean: 0.023601, var: 0.000415",2.277883663476602,0.10748740976273183,2.1703962537138706,Low
ENSP00000355922,"mean: 0.101050, var: 0.000169","mean: 0.469385, var: 0.007404","mean: 0.768262, var: 0.002820","mean: 0.089563, var: 0.000885","mean: 0.071027, var: 0.000174","mean: 0.131061, var: 0.005388","mean: 0.021984, var: 0.000511","mean: 0.056891, var: 0.000410","mean: 0.040063, var: 0.000350","mean: 0.154321, var: 0.000668","mean: 0.025985, var: 0.000366",2.2185714303148236,0.10786089650154845,2.110710533813275,Low
ENSP00000351185,"mean: 0.108203, var: 0.000255","mean: 0.517090, var: 0.008104","mean: 0.557666, var: 0.006810","mean: 0.106848, var: 0.005820","mean: 0.056403, var: 0.000226","mean: 0.304077, var: 0.005625","mean: 0.018132, var: 0.000342","mean: 0.116199, var: 0.000174","mean: 0.059634, var: 0.000595","mean: 0.089435, var: 0.000729","mean: 0.026284, var: 0.000719",2.47297031135997,0.15522814032579582,2.317742171034174,Low
ENSP00000328426,"mean: 0.074585, var: 0.000021","mean: 0.437988, var: 0.003765","mean: 0.731543, var: 0.002497","mean: 0.114703, var: 0.002948","mean: 0.065100, var: 0.000031","mean: 0.164404, var: 0.004795","mean: 0.027702, var: 0.000614","mean: 0.067151, var: 0.000161","mean: 0.048810, var: 0.000098","mean: 0.065887, var: 0.000282","mean: 0.038519, var: 0.001392",2.2396625922188957,0.09761727487784297,2.142045317341053,Low
ENSP00000313933,"mean: 0.101526, var: 0.001451","mean: 0.435254, var: 0.005339","mean: 0.771875, var: 0.008458","mean: 0.025023, var: 0.000678","mean: 0.082498, var: 0.003221","mean: 0.145154, var: 0.004717","mean: 0.009075, var: 0.000073","mean: 0.058270, var: 0.000303","mean: 0.054184, var: 0.000229","mean: 0.089282, var: 0.000196","mean: 0.035295, var: 0.001174",2.0724194746682394,0.14116509636002703,1.9312543783082123,Low
ENSP00000297268,"mean: 0.212183, var: 0.002293","mean: 0.156311, var: 0.000683","mean: 0.129138, var: 0.000516","mean: 0.923828, var: 0.001169","mean: 0.185449, var: 0.001859","mean: 0.071790, var: 0.000811","mean: 0.016885, var: 0.000099","mean: 0.230591, var: 0.005680","mean: 0.085199, var: 0.000986","mean: 0.105719, var: 0.002174","mean: 0.004888, var: 0.000017",2.3387374472168423,0.09878881761058993,2.2399486296062525,Low
ENSP00000262376,"mean: 0.043585, var: 0.000092","mean: 0.271851, var: 0.000539","mean: 0.890039, var: 0.001623","mean: 0.078537, var: 0.002455","mean: 0.031726, var: 0.000030","mean: 0.093217, var: 0.003236","mean: 0.009528, var: 0.000105","mean: 0.051093, var: 0.000113","mean: 0.054568, var: 0.001247","mean: 0.030298, var: 0.000270","mean: 0.016826, var: 0.000364",1.6544663092146312,0.06438731527495109,1.5900789939396802,Low
ENSP00000253048,"mean: 0.037820, var: 0.000257","mean: 0.364844, var: 0.004760","mean: 0.780957, var: 0.010144","mean: 0.291284, var: 0.012562","mean: 0.035414, var: 0.000337","mean: 0.055735, var: 0.001472","mean: 0.010463, var: 0.000046","mean: 0.083112, var: 0.000857","mean: 0.054791, var: 0.000198","mean: 0.096259, var: 0.001829","mean: 0.006867, var: 0.000066",1.996414009682815,0.16179038377850982,1.8346236259043052,Low
ENSP00000252996,"mean: 0.061749, var: 0.001011","mean: 0.441162, var: 0.000603","mean: 0.832910, var: 0.005803","mean: 0.127502, var: 0.002401","mean: 0.067700, var: 0.000571","mean: 0.073022, var: 0.001861","mean: 0.003157, var: 0.000013","mean: 0.052475, var: 0.000883","mean: 0.073076, var: 0.001417","mean: 0.097223, var: 0.001550","mean: 0.015232, var: 0.000368",1.975623572555343,0.10035641631242234,1.8752671562429206,Low
ENSP00000247087,"mean: 0.051758, var: 0.000066","mean: 0.408154, var: 0.002147","mean: 0.882324, var: 0.002272","mean: 0.047303, var: 0.001363","mean: 0.049670, var: 0.000085","mean: 0.128986, var: 0.007373","mean: 0.007251, var: 0.000064","mean: 0.058740, var: 0.000175","mean: 0.022443, var: 0.000054","mean: 0.035802, var: 0.000127","mean: 0.011693, var: 0.000247",1.6457773227578245,0.07948921969693519,1.5662881030608893,Low
ENSP00000313624,"mean: 0.067230, var: 0.000078","mean: 0.237476, var: 0.001325","mean: 0.879492, var: 0.004822","mean: 0.056856, var: 0.001213","mean: 0.044696, var: 0.000099","mean: 0.105756, var: 0.003182","mean: 0.006639, var: 0.000046","mean: 0.046674, var: 0.000335","mean: 0.066577, var: 0.000088","mean: 0.050314, var: 0.000739","mean: 0.034625, var: 0.000711",1.7989459208490037,0.07705194014476721,1.7218939807042366,Low
ENSP00000485253,"mean: 0.063306, var: 0.000037","mean: 0.281396, var: 0.001294","mean: 0.893457, var: 0.002721","mean: 0.059967, var: 0.000517","mean: 0.062494, var: 0.000066","mean: 0.090436, var: 0.001235","mean: 0.005372, var: 0.000022","mean: 0.055975, var: 0.000083","mean: 0.031522, var: 0.000128","mean: 0.081775, var: 0.000431","mean: 0.011155, var: 0.000187",1.74483818102398,0.04496839501709899,1.699869786006881,Low
ENSP00000312277,"mean: 0.034448, var: 0.000018","mean: 0.322998, var: 0.006168","mean: 0.853223, var: 0.001121","mean: 0.044818, var: 0.000129","mean: 0.017477, var: 0.000031","mean: 0.072614, var: 0.002556","mean: 0.012053, var: 0.000124","mean: 0.051636, var: 0.000190","mean: 0.018686, var: 0.000118","mean: 0.056866, var: 0.000138","mean: 0.029223, var: 0.000835",1.5637525061942108,0.06690782421325264,1.4968446819809582,Low
ENSP00000370427,"mean: 0.086865, var: 0.000372","mean: 0.194653, var: 0.004407","mean: 0.881055, var: 0.001295","mean: 0.087036, var: 0.000950","mean: 0.119922, var: 0.002967","mean: 0.024327, var: 0.000696","mean: 0.010758, var: 0.000033","mean: 0.071722, var: 0.000742","mean: 0.031027, var: 0.000157","mean: 0.053558, var: 0.000326","mean: 0.004823, var: 0.000034",1.7276052749504154,0.07441611600088045,1.6531891589495349,Low
ENSP00000458025,"mean: 0.038809, var: 0.000065","mean: 0.359033, var: 0.001564","mean: 0.884961, var: 0.002941","mean: 0.138562, var: 0.002455","mean: 0.041074, var: 0.000510","mean: 0.113538, var: 0.004479","mean: 0.002544, var: 0.000011","mean: 0.072113, var: 0.000326","mean: 0.054724, var: 0.000025","mean: 0.036952, var: 0.000412","mean: 0.014581, var: 0.000266",1.8013597024594665,0.07913387681692621,1.7222258256425402,Low
ENSP00000406490,"mean: 0.135022, var: 0.000491","mean: 0.233862, var: 0.003840","mean: 0.793555, var: 0.005008","mean: 0.052617, var: 0.001357","mean: 0.081482, var: 0.000480","mean: 0.189807, var: 0.004344","mean: 0.005404, var: 0.000040","mean: 0.105933, var: 0.000409","mean: 0.032932, var: 0.000691","mean: 0.127649, var: 0.004317","mean: 0.039578, var: 0.001297",2.237330707567409,0.1286287718581641,2.108701935709245,Low
ENSP00000374552,"mean: 0.069604, var: 0.000137","mean: 0.611328, var: 0.007076","mean: 0.713477, var: 0.003073","mean: 0.119739, var: 0.002658","mean: 0.084949, var: 0.000935","mean: 0.138916, var: 0.002000","mean: 0.006337, var: 0.000017","mean: 0.163770, var: 0.000921","mean: 0.051294, var: 0.000177","mean: 0.056439, var: 0.000408","mean: 0.010558, var: 0.000124",2.1560339294343707,0.10118608662753997,2.0548478428068306,Low
ENSP00000323191,"mean: 0.086462, var: 0.000470","mean: 0.474268, var: 0.007473","mean: 0.711133, var: 0.001365","mean: 0.214258, var: 0.011499","mean: 0.112109, var: 0.000782","mean: 0.071103, var: 0.002878","mean: 0.014096, var: 0.000182","mean: 0.074438, var: 0.000524","mean: 0.080865, var: 0.000635","mean: 0.119049, var: 0.001486","mean: 0.062728, var: 0.002133",2.4551351983905407,0.15597446001720017,2.299160738373341,Low
ENSP00000359837,"mean: 0.057867, var: 0.000062","mean: 0.314136, var: 0.003522","mean: 0.910352, var: 0.001616","mean: 0.024782, var: 0.000074","mean: 0.042853, var: 0.000219","mean: 0.077295, var: 0.000796","mean: 0.024343, var: 0.000562","mean: 0.038654, var: 0.000236","mean: 0.042842, var: 0.000675","mean: 0.043901, var: 0.000759","mean: 0.017817, var: 0.000287",1.5987977445250574,0.0580020891875279,1.5407956553375295,Low
ENSP00000469029,"mean: 0.064331, var: 0.000342","mean: 0.276123, var: 0.004686","mean: 0.802246, var: 0.001292","mean: 0.101108, var: 0.010705","mean: 0.062567, var: 0.000400","mean: 0.108386, var: 0.003417","mean: 0.002851, var: 0.000009","mean: 0.081641, var: 0.000244","mean: 0.056210, var: 0.000697","mean: 0.052835, var: 0.000356","mean: 0.010690, var: 0.000138",1.941506004988537,0.11881363669789292,1.8226923682906442,Low
ENSP00000358904,"mean: 0.038232, var: 0.000030","mean: 0.284766, var: 0.001644","mean: 0.891895, var: 0.003176","mean: 0.114880, var: 0.004123","mean: 0.032791, var: 0.000049","mean: 0.093402, var: 0.004206","mean: 0.009964, var: 0.000070","mean: 0.052823, var: 0.000253","mean: 0.017290, var: 0.000098","mean: 0.066278, var: 0.001076","mean: 0.006781, var: 0.000053",1.6517701512866694,0.08680856065112778,1.5649615906355416,Low
ENSP00000405068,"mean: 0.060519, var: 0.001216","mean: 0.305957, var: 0.001062","mean: 0.665869, var: 0.016680","mean: 0.102203, var: 0.000839","mean: 0.044327, var: 0.000195","mean: 0.087219, var: 0.001609","mean: 0.006250, var: 0.000027","mean: 0.075775, var: 0.001206","mean: 0.028130, var: 0.000543","mean: 0.086621, var: 0.001704","mean: 0.020626, var: 0.000903",2.006484709462716,0.1313440606701904,1.8751406487925257,Low
ENSP00000465377,"mean: 0.068701, var: 0.000247","mean: 0.545996, var: 0.004480","mean: 0.771484, var: 0.008249","mean: 0.061717, var: 0.001005","mean: 0.072034, var: 0.001130","mean: 0.215674, var: 0.008812","mean: 0.005349, var: 0.000031","mean: 0.086835, var: 0.001855","mean: 0.051263, var: 0.000194","mean: 0.064618, var: 0.000798","mean: 0.050162, var: 0.000974",2.126359043744509,0.14825694649512675,1.9781020972493821,Low
ENSP00000362045,"mean: 0.044604, var: 0.000055","mean: 0.294214, var: 0.001548","mean: 0.848437, var: 0.002887","mean: 0.117957, var: 0.002153","mean: 0.027341, var: 0.000019","mean: 0.156195, var: 0.004674","mean: 0.015139, var: 0.000126","mean: 0.065521, var: 0.000299","mean: 0.013859, var: 0.000093","mean: 0.046963, var: 0.000332","mean: 0.020652, var: 0.000535",1.8037256674562625,0.07705974388295098,1.7266659235733115,Low
ENSP00000486816,"mean: 0.058936, var: 0.000042","mean: 0.298193, var: 0.001185","mean: 0.844531, var: 0.002907","mean: 0.117468, var: 0.001894","mean: 0.042078, var: 0.000068","mean: 0.169849, var: 0.004585","mean: 0.016460, var: 0.000111","mean: 0.076245, var: 0.000410","mean: 0.019339, var: 0.000201","mean: 0.061536, var: 0.000248","mean: 0.018866, var: 0.000473",1.9429997894861608,0.07420743641559402,1.8687923530705668,Low
ENSP00000317992,"mean: 0.101196, var: 0.000810","mean: 0.328174, var: 0.000285","mean: 0.650293, var: 0.002989","mean: 0.088477, var: 0.000100","mean: 0.041183, var: 0.000581","mean: 0.140857, var: 0.000424","mean: 0.003708, var: 0.000011","mean: 0.106836, var: 0.000894","mean: 0.059908, var: 0.001071","mean: 0.154334, var: 0.001394","mean: 0.027212, var: 0.001086",2.31410438659483,0.06431655063982106,2.2497878359550088,Low
ENSP00000380300,"mean: 0.081104, var: 0.000981","mean: 0.596973, var: 0.004407","mean: 0.635449, var: 0.004940","mean: 0.079529, var: 0.000679","mean: 0.064978, var: 0.000201","mean: 0.193530, var: 0.005108","mean: 0.009976, var: 0.000115","mean: 0.234717, var: 0.004997","mean: 0.108069, var: 0.004014","mean: 0.067371, var: 0.001670","mean: 0.037775, var: 0.001590",2.428739792174947,0.16115335710005468,2.2675864350748927,Low
ENSP00000498164,"mean: 0.077936, var: 0.000595","mean: 0.561621, var: 0.003006","mean: 0.624512, var: 0.005264","mean: 0.107718, var: 0.005019","mean: 0.072180, var: 0.000400","mean: 0.172839, var: 0.003448","mean: 0.006072, var: 0.000042","mean: 0.122485, var: 0.000612","mean: 0.088293, var: 0.000653","mean: 0.167847, var: 0.000268","mean: 0.015592, var: 0.000325",2.4169739814085656,0.11330259023985677,2.303671391168709,Low
ENSP00000253928,"mean: 0.028342, var: 0.000016","mean: 0.306445, var: 0.002913","mean: 0.885254, var: 0.001915","mean: 0.169537, var: 0.007052","mean: 0.028082, var: 0.000087","mean: 0.128943, var: 0.006015","mean: 0.011025, var: 0.000219","mean: 0.040475, var: 0.000194","mean: 0.037994, var: 0.000161","mean: 0.027885, var: 0.000177","mean: 0.022231, var: 0.000706",1.7248482220349997,0.10723814586879182,1.6176100761662078,Low
ENSP00000390121,"mean: 0.167187, var: 0.005413","mean: 0.459180, var: 0.013762","mean: 0.577441, var: 0.008307","mean: 0.034101, var: 0.001081","mean: 0.248645, var: 0.061238","mean: 0.060524, var: 0.002449","mean: 0.013217, var: 0.000103","mean: 0.050751, var: 0.000231","mean: 0.044095, var: 0.000533","mean: 0.088525, var: 0.000411","mean: 0.019389, var: 0.000357",2.2417068257029324,0.3330990532810619,1.9086077724218706,Low
ENSP00000484716,"mean: 0.033713, var: 0.000138","mean: 0.220020, var: 0.001515","mean: 0.940625, var: 0.001515","mean: 0.041732, var: 0.000919","mean: 0.016559, var: 0.000075","mean: 0.071591, var: 0.001944","mean: 0.001817, var: 0.000004","mean: 0.077969, var: 0.000816","mean: 0.030139, var: 0.000229","mean: 0.052313, var: 0.000022","mean: 0.016868, var: 0.000296",1.4333713699200747,0.05059150461042883,1.382779865309646,Low
ENSP00000372434,"mean: 0.155139, var: 0.000615","mean: 0.262842, var: 0.009656","mean: 0.837109, var: 0.009400","mean: 0.063086, var: 0.001614","mean: 0.076117, var: 0.000157","mean: 0.094910, var: 0.001340","mean: 0.002185, var: 0.000006","mean: 0.096228, var: 0.000301","mean: 0.201392, var: 0.008225","mean: 0.078152, var: 0.001795","mean: 0.014703, var: 0.000283",2.205648103050368,0.16950466779311146,2.0361434352572565,Low
ENSP00000408536,"mean: 0.109534, var: 0.002088","mean: 0.691016, var: 0.002263","mean: 0.602832, var: 0.013554","mean: 0.052435, var: 0.001128","mean: 0.098273, var: 0.000911","mean: 0.061038, var: 0.000699","mean: 0.002937, var: 0.000011","mean: 0.178210, var: 0.001606","mean: 0.090991, var: 0.004149","mean: 0.120630, var: 0.002473","mean: 0.008121, var: 0.000066",2.1928251762495954,0.15277658518366616,2.040048591065929,Low
ENSP00000349803,"mean: 0.073749, var: 0.000327","mean: 0.233398, var: 0.001386","mean: 0.817383, var: 0.001061","mean: 0.065573, var: 0.001927","mean: 0.053461, var: 0.000720","mean: 0.091431, var: 0.000585","mean: 0.003157, var: 0.000011","mean: 0.108008, var: 0.000521","mean: 0.038641, var: 0.000384","mean: 0.061681, var: 0.001536","mean: 0.010574, var: 0.000161",1.8548501809739097,0.05906790335158042,1.7957822776223293,Low
ENSP00000159647,"mean: 0.896191, var: 0.002658","mean: 0.073187, var: 0.000681","mean: 0.085077, var: 0.000326","mean: 0.045929, var: 0.001001","mean: 0.733691, var: 0.016847","mean: 0.082236, var: 0.002083","mean: 0.032568, var: 0.000624","mean: 0.385547, var: 0.000861","mean: 0.526074, var: 0.027050","mean: 0.295044, var: 0.003683","mean: 0.017955, var: 0.000225",2.3225749161648777,0.24277277834325253,2.079802137821625,Low
ENSP00000498317,"mean: 0.253784, var: 0.002034","mean: 0.187744, var: 0.001835","mean: 0.128833, var: 0.001527","mean: 0.113712, var: 0.004173","mean: 0.070734, var: 0.000217","mean: 0.945410, var: 0.000194","mean: 0.082602, var: 0.002190","mean: 0.058484, var: 0.000187","mean: 0.079016, var: 0.000068","mean: 0.082214, var: 0.000333","mean: 0.120215, var: 0.004200",2.4463559433244795,0.10174311036857336,2.344612832955906,Low
ENSP00000293771,"mean: 0.039056, var: 0.000008","mean: 0.183057, var: 0.000773","mean: 0.919238, var: 0.001579","mean: 0.044826, var: 0.001710","mean: 0.028076, var: 0.000039","mean: 0.072946, var: 0.002240","mean: 0.009310, var: 0.000039","mean: 0.076782, var: 0.000977","mean: 0.036353, var: 0.000181","mean: 0.061575, var: 0.000287","mean: 0.009324, var: 0.000118",1.5216963015511393,0.05290422752465981,1.4687920740264795,Low
ENSP00000365931,"mean: 0.043707, var: 0.000114","mean: 0.275269, var: 0.001454","mean: 0.931348, var: 0.001269","mean: 0.072333, var: 0.001752","mean: 0.050903, var: 0.000053","mean: 0.080325, var: 0.001764","mean: 0.007279, var: 0.000065","mean: 0.028154, var: 0.000069","mean: 0.014053, var: 0.000070","mean: 0.031300, var: 0.000135","mean: 0.011723, var: 0.000177",1.4590979328055864,0.04651531749091034,1.412582615314676,Low
ENSP00000379843,"mean: 0.093091, var: 0.000420","mean: 0.279248, var: 0.001897","mean: 0.892188, var: 0.000375","mean: 0.040854, var: 0.000457","mean: 0.112262, var: 0.001140","mean: 0.095752, var: 0.000962","mean: 0.004513, var: 0.000013","mean: 0.059332, var: 0.000071","mean: 0.049261, var: 0.000500","mean: 0.051190, var: 0.001392","mean: 0.015252, var: 0.000255",1.8360199892167157,0.051937496497566155,1.7840824927191496,Low
ENSP00000504385,"mean: 0.064655, var: 0.000262","mean: 0.290137, var: 0.002318","mean: 0.773730, var: 0.006560","mean: 0.252441, var: 0.006248","mean: 0.038501, var: 0.000606","mean: 0.112149, var: 0.005457","mean: 0.043977, var: 0.001617","mean: 0.070227, var: 0.000436","mean: 0.013333, var: 0.000039","mean: 0.047940, var: 0.000273","mean: 0.004934, var: 0.000075",2.006166896571654,0.13095967096362235,1.8752072256080319,Low
ENSP00000238146,"mean: 0.055298, var: 0.000152","mean: 0.152124, var: 0.001745","mean: 0.834473, var: 0.002997","mean: 0.122968, var: 0.004177","mean: 0.032935, var: 0.000056","mean: 0.166199, var: 0.003691","mean: 0.005499, var: 0.000043","mean: 0.051959, var: 0.000271","mean: 0.029895, var: 0.000316","mean: 0.057431, var: 0.000398","mean: 0.011776, var: 0.000233",1.7695398879243167,0.08421330523282751,1.6853265826914892,Low
ENSP00000361676,"mean: 0.087988, var: 0.000628","mean: 0.397656, var: 0.007962","mean: 0.748926, var: 0.010437","mean: 0.126221, var: 0.000894","mean: 0.052087, var: 0.000286","mean: 0.087946, var: 0.003044","mean: 0.009408, var: 0.000065","mean: 0.098267, var: 0.001821","mean: 0.113589, var: 0.003224","mean: 0.139185, var: 0.005099","mean: 0.035409, var: 0.001843",2.3377624124543304,0.1861172873117617,2.1516451251425686,Low
ENSP00000455982,"mean: 0.060492, var: 0.000104","mean: 0.220483, var: 0.001216","mean: 0.842480, var: 0.002307","mean: 0.023201, var: 0.000279","mean: 0.034897, var: 0.000069","mean: 0.160571, var: 0.005752","mean: 0.026175, var: 0.000747","mean: 0.032608, var: 0.000020","mean: 0.032648, var: 0.000264","mean: 0.024409, var: 0.000140","mean: 0.052845, var: 0.001971",1.7102630177532854,0.07703460504737764,1.6332284127059078,Low
ENSP00000419765,"mean: 0.056482, var: 0.000376","mean: 0.118787, var: 0.001968","mean: 0.925879, var: 0.002164","mean: 0.124268, var: 0.013732","mean: 0.036328, var: 0.000131","mean: 0.038324, var: 0.001279","mean: 0.004282, var: 0.000014","mean: 0.036843, var: 0.000446","mean: 0.161035, var: 0.018820","mean: 0.072205, var: 0.000080","mean: 0.010375, var: 0.000130",1.66747398475357,0.1773650905455511,1.490108894208019,Low
ENSP00000351383,"mean: 0.041730, var: 0.000060","mean: 0.226611, var: 0.004496","mean: 0.947754, var: 0.001273","mean: 0.205145, var: 0.016510","mean: 0.035751, var: 0.000218","mean: 0.029155, var: 0.000565","mean: 0.003109, var: 0.000012","mean: 0.069342, var: 0.000548","mean: 0.030827, var: 0.000363","mean: 0.056348, var: 0.000852","mean: 0.004796, var: 0.000034",1.5648837096268349,0.12068437676192047,1.4441993328649143,Low
ENSP00000174618,"mean: 0.104431, var: 0.001118","mean: 0.439258, var: 0.007757","mean: 0.824219, var: 0.001107","mean: 0.041209, var: 0.000581","mean: 0.051642, var: 0.000120","mean: 0.249170, var: 0.002167","mean: 0.001791, var: 0.000005","mean: 0.048575, var: 0.000273","mean: 0.046991, var: 0.000115","mean: 0.152026, var: 0.001661","mean: 0.020205, var: 0.000503",2.0544933098406575,0.08932680944786031,1.9651665003927972,Low
ENSP00000377782,"mean: 0.052722, var: 0.000055","mean: 0.188354, var: 0.001405","mean: 0.947168, var: 0.000579","mean: 0.049292, var: 0.001789","mean: 0.044836, var: 0.000292","mean: 0.081528, var: 0.002032","mean: 0.022803, var: 0.000708","mean: 0.019476, var: 0.000050","mean: 0.014741, var: 0.000051","mean: 0.044620, var: 0.000235","mean: 0.013429, var: 0.000158",1.4346696848754137,0.04985497836022553,1.3848147065151881,Low
ENSP00000265537,"mean: 0.232056, var: 0.000625","mean: 0.145117, var: 0.000439","mean: 0.105713, var: 0.000634","mean: 0.164709, var: 0.003927","mean: 0.068680, var: 0.000433","mean: 0.933984, var: 0.000151","mean: 0.046259, var: 0.001223","mean: 0.100861, var: 0.001167","mean: 0.063898, var: 0.000113","mean: 0.099548, var: 0.000041","mean: 0.129889, var: 0.003485",2.445509261974658,0.07635383988539271,2.369155422089265,Low
ENSP00000294409,"mean: 0.032983, var: 0.000078","mean: 0.214062, var: 0.000623","mean: 0.893164, var: 0.004375","mean: 0.108569, var: 0.001662","mean: 0.025662, var: 0.000013","mean: 0.046112, var: 0.001577","mean: 0.008896, var: 0.000067","mean: 0.025476, var: 0.000037","mean: 0.021505, var: 0.000210","mean: 0.031963, var: 0.000225","mean: 0.007431, var: 0.000089",1.384903361630819,0.055573583543117956,1.3293297780877011,Low
ENSP00000412530,"mean: 0.121118, var: 0.001120","mean: 0.457129, var: 0.005074","mean: 0.537158, var: 0.000738","mean: 0.028551, var: 0.000552","mean: 0.085742, var: 0.000672","mean: 0.083661, var: 0.001207","mean: 0.014735, var: 0.000150","mean: 0.089893, var: 0.000654","mean: 0.103467, var: 0.002127","mean: 0.122321, var: 0.004176","mean: 0.011123, var: 0.000117",2.2875214436169173,0.10003550824294381,2.1874859353739735,Low
ENSP00000364118,"mean: 0.044589, var: 0.000251","mean: 0.302881, var: 0.000591","mean: 0.877734, var: 0.005271","mean: 0.085464, var: 0.003352","mean: 0.043530, var: 0.000197","mean: 0.136694, var: 0.004991","mean: 0.012778, var: 0.000219","mean: 0.030824, var: 0.000360","mean: 0.053802, var: 0.000495","mean: 0.053403, var: 0.000702","mean: 0.035645, var: 0.001375",1.8290983406995425,0.10398564691577875,1.7251126937837638,Low
ENSP00000260803,"mean: 0.086877, var: 0.000620","mean: 0.387939, var: 0.006178","mean: 0.856152, var: 0.004231","mean: 0.025091, var: 0.000202","mean: 0.059122, var: 0.000301","mean: 0.199451, var: 0.003879","mean: 0.021892, var: 0.000395","mean: 0.044867, var: 0.000033","mean: 0.080298, var: 0.000688","mean: 0.063989, var: 0.001386","mean: 0.028453, var: 0.000843",1.9964277664874557,0.10835577098180196,1.8880719955056537,Low
ENSP00000438276,"mean: 0.058649, var: 0.000071","mean: 0.436084, var: 0.003315","mean: 0.785937, var: 0.002262","mean: 0.156888, var: 0.007343","mean: 0.068298, var: 0.000126","mean: 0.075150, var: 0.002892","mean: 0.015463, var: 0.000217","mean: 0.074200, var: 0.000662","mean: 0.062238, var: 0.000301","mean: 0.096216, var: 0.001227","mean: 0.070612, var: 0.003342",2.2286749206183556,0.12390103218015654,2.1047738884381992,Low
ENSP00000500467,"mean: 0.041217, var: 0.000083","mean: 0.344385, var: 0.002357","mean: 0.833691, var: 0.003181","mean: 0.125793, var: 0.001544","mean: 0.047528, var: 0.000191","mean: 0.099554, var: 0.001534","mean: 0.002975, var: 0.000011","mean: 0.044702, var: 0.000227","mean: 0.030433, var: 0.000311","mean: 0.055988, var: 0.000575","mean: 0.009064, var: 0.000097",1.7519769033229378,0.0646474593671976,1.6873294439557402,Low
ENSP00000403411,"mean: 0.115125, var: 0.001848","mean: 0.246790, var: 0.004331","mean: 0.865625, var: 0.002271","mean: 0.012303, var: 0.000037","mean: 0.064905, var: 0.000756","mean: 0.259888, var: 0.003036","mean: 0.007271, var: 0.000070","mean: 0.048199, var: 0.000786","mean: 0.081839, var: 0.001349","mean: 0.043784, var: 0.001109","mean: 0.036809, var: 0.002044",1.9462333746826432,0.1078421978588219,1.8383911768238212,Low
ENSP00000391200,"mean: 0.058521, var: 0.000065","mean: 0.238989, var: 0.002017","mean: 0.872559, var: 0.001956","mean: 0.075555, var: 0.002276","mean: 0.057343, var: 0.000179","mean: 0.119794, var: 0.002811","mean: 0.001773, var: 0.000004","mean: 0.087878, var: 0.000786","mean: 0.071008, var: 0.000564","mean: 0.072882, var: 0.000597","mean: 0.015554, var: 0.000294",1.9087848608705698,0.07396394047565798,1.8348209203949117,Low
ENSP00000262366,"mean: 0.055524, var: 0.000404","mean: 0.373828, var: 0.000860","mean: 0.901855, var: 0.000142","mean: 0.025287, var: 0.000490","mean: 0.039780, var: 0.000271","mean: 0.092349, var: 0.002473","mean: 0.001915, var: 0.000007","mean: 0.048233, var: 0.000704","mean: 0.094122, var: 0.003426","mean: 0.053162, var: 0.000577","mean: 0.018572, var: 0.000384",1.6734236316969773,0.06325436931122982,1.6101692623857475,Low
ENSP00000309826,"mean: 0.062714, var: 0.000317","mean: 0.301074, var: 0.000907","mean: 0.880273, var: 0.001518","mean: 0.031738, var: 0.000878","mean: 0.055902, var: 0.000134","mean: 0.168152, var: 0.005710","mean: 0.024360, var: 0.000356","mean: 0.049304, var: 0.000382","mean: 0.033118, var: 0.000518","mean: 0.057507, var: 0.000478","mean: 0.011577, var: 0.000225",1.7854505083219452,0.07093621060186174,1.7145142977200833,Low
ENSP00000302993,"mean: 0.038199, var: 0.000057","mean: 0.224109, var: 0.004030","mean: 0.948242, var: 0.001175","mean: 0.198669, var: 0.018951","mean: 0.031230, var: 0.000190","mean: 0.026108, var: 0.000494","mean: 0.003177, var: 0.000012","mean: 0.068707, var: 0.000633","mean: 0.030475, var: 0.000372","mean: 0.052853, var: 0.000868","mean: 0.004353, var: 0.000028",1.5225130530638347,0.12539472831263596,1.3971183247511987,Low
ENSP00000499031,"mean: 0.127429, var: 0.000130","mean: 0.428564, var: 0.000130","mean: 0.799023, var: 0.001626","mean: 0.124695, var: 0.001131","mean: 0.166309, var: 0.000557","mean: 0.092181, var: 0.000859","mean: 0.001239, var: 0.000002","mean: 0.083990, var: 0.000774","mean: 0.076135, var: 0.001440","mean: 0.102606, var: 0.000680","mean: 0.008501, var: 0.000096",2.269188556121452,0.051514971769311524,2.2176735843521405,Low
ENSP00000339532,"mean: 0.046161, var: 0.000271","mean: 0.512988, var: 0.007327","mean: 0.680664, var: 0.008199","mean: 0.062012, var: 0.002322","mean: 0.037247, var: 0.000160","mean: 0.205481, var: 0.009958","mean: 0.098256, var: 0.007534","mean: 0.073700, var: 0.001562","mean: 0.037187, var: 0.000239","mean: 0.169287, var: 0.000807","mean: 0.012923, var: 0.000345",2.2658123854905017,0.19641998016682197,2.0693924053236796,Low
ENSP00000368867,"mean: 0.076892, var: 0.000791","mean: 0.217944, var: 0.003515","mean: 0.930664, var: 0.000585","mean: 0.030612, var: 0.000905","mean: 0.040982, var: 0.000074","mean: 0.110321, var: 0.002157","mean: 0.025802, var: 0.001139","mean: 0.031699, var: 0.000075","mean: 0.016619, var: 0.000141","mean: 0.051804, var: 0.000453","mean: 0.025587, var: 0.000507",1.5960196858745048,0.06717184630245857,1.5288478395720462,Low
ENSP00000486501,"mean: 0.051221, var: 0.000093","mean: 0.390088, var: 0.002435","mean: 0.846191, var: 0.006433","mean: 0.050701, var: 0.001443","mean: 0.055243, var: 0.000121","mean: 0.142761, var: 0.005826","mean: 0.007245, var: 0.000090","mean: 0.070361, var: 0.000065","mean: 0.028583, var: 0.000112","mean: 0.031895, var: 0.000310","mean: 0.031125, var: 0.000963",1.7917544312959879,0.10016696842113453,1.6915874628748533,Low
ENSP00000457746,"mean: 0.064069, var: 0.000238","mean: 0.365039, var: 0.003563","mean: 0.851953, var: 0.008716","mean: 0.090985, var: 0.001490","mean: 0.042606, var: 0.000552","mean: 0.155286, var: 0.002956","mean: 0.011219, var: 0.000085","mean: 0.208325, var: 0.002625","mean: 0.043610, var: 0.000076","mean: 0.116919, var: 0.000646","mean: 0.014417, var: 0.000370",2.1480190616865755,0.11924704341213209,2.0287720182744433,Low
ENSP00000355743,"mean: 0.049622, var: 0.000132","mean: 0.252759, var: 0.000257","mean: 0.897168, var: 0.004252","mean: 0.083636, var: 0.002025","mean: 0.045401, var: 0.000280","mean: 0.123193, var: 0.000672","mean: 0.008830, var: 0.000053","mean: 0.057309, var: 0.000613","mean: 0.030794, var: 0.000079","mean: 0.055185, var: 0.000716","mean: 0.004459, var: 0.000036",1.6967030817521715,0.05764058160820739,1.6390625001439643,Low
ENSP00000274054,"mean: 0.021266, var: 0.000122","mean: 0.514258, var: 0.002532","mean: 0.790430, var: 0.004071","mean: 0.171289, var: 0.002581","mean: 0.025649, var: 0.000322","mean: 0.090118, var: 0.001702","mean: 0.005579, var: 0.000038","mean: 0.157043, var: 0.001777","mean: 0.026703, var: 0.000406","mean: 0.075751, var: 0.000363","mean: 0.013176, var: 0.000110",1.891759268320072,0.08615097260831774,1.805608295711754,Low
ENSP00000403974,"mean: 0.087286, var: 0.000864","mean: 0.414209, var: 0.007076","mean: 0.749512, var: 0.008915","mean: 0.123889, var: 0.001180","mean: 0.051758, var: 0.000298","mean: 0.088612, var: 0.002404","mean: 0.010760, var: 0.000050","mean: 0.101660, var: 0.002268","mean: 0.142630, var: 0.005395","mean: 0.165027, var: 0.006729","mean: 0.031046, var: 0.001479",2.384844319791263,0.19385367227778544,2.1909906475134777,Low
ENSP00000355427,"mean: 0.056567, var: 0.000071","mean: 0.238794, var: 0.002603","mean: 0.866797, var: 0.002233","mean: 0.084717, var: 0.002764","mean: 0.055304, var: 0.000190","mean: 0.114276, var: 0.003034","mean: 0.002005, var: 0.000005","mean: 0.085535, var: 0.000877","mean: 0.070636, var: 0.000598","mean: 0.079352, var: 0.000742","mean: 0.018288, var: 0.000453",1.9296945255391056,0.08480746583034376,1.8448870597087619,Low
ENSP00000263102,"mean: 0.122217, var: 0.000554","mean: 0.696875, var: 0.005333","mean: 0.511816, var: 0.003657","mean: 0.037685, var: 0.000414","mean: 0.138391, var: 0.000182","mean: 0.159058, var: 0.003304","mean: 0.002201, var: 0.000004","mean: 0.078064, var: 0.000050","mean: 0.162683, var: 0.003297","mean: 0.183179, var: 0.001500","mean: 0.007893, var: 0.000069",2.398146296388233,0.10606160781030727,2.292084688577926,Low
ENSP00000388173,"mean: 0.066296, var: 0.000314","mean: 0.313306, var: 0.003348","mean: 0.932422, var: 0.001646","mean: 0.070285, var: 0.001614","mean: 0.061926, var: 0.000205","mean: 0.092944, var: 0.003003","mean: 0.006722, var: 0.000065","mean: 0.041730, var: 0.000269","mean: 0.028801, var: 0.000168","mean: 0.030264, var: 0.000122","mean: 0.015624, var: 0.000231",1.627646990806113,0.06906760599189411,1.5585793848142189,Low
ENSP00000346196,"mean: 0.221021, var: 0.001421","mean: 0.189185, var: 0.001061","mean: 0.159265, var: 0.001143","mean: 0.111816, var: 0.004997","mean: 0.084564, var: 0.000728","mean: 0.917871, var: 0.000161","mean: 0.022724, var: 0.000431","mean: 0.064740, var: 0.000369","mean: 0.030176, var: 0.000031","mean: 0.086267, var: 0.000391","mean: 0.064197, var: 0.001283",2.2302633608028146,0.07565877227024319,2.1546045885325715,Low
ENSP00000503886,"mean: 0.111279, var: 0.000423","mean: 0.638672, var: 0.004473","mean: 0.603564, var: 0.019296","mean: 0.030722, var: 0.000865","mean: 0.064130, var: 0.000345","mean: 0.084845, var: 0.001820","mean: 0.006292, var: 0.000039","mean: 0.336450, var: 0.009902","mean: 0.184814, var: 0.002453","mean: 0.346094, var: 0.005933","mean: 0.017014, var: 0.000349",2.47485818100883,0.21802700929440375,2.2568311717144263,Low
ENSP00000497587,"mean: 0.266846, var: 0.001188","mean: 0.159119, var: 0.001098","mean: 0.109314, var: 0.001279","mean: 0.078384, var: 0.003401","mean: 0.099677, var: 0.001084","mean: 0.937500, var: 0.000194","mean: 0.100043, var: 0.003113","mean: 0.044379, var: 0.000032","mean: 0.065552, var: 0.000040","mean: 0.085547, var: 0.000226","mean: 0.129272, var: 0.006101",2.398870408504249,0.10411307226385791,2.2947573362403912,Low
ENSP00000339530,"mean: 0.099939, var: 0.000457","mean: 0.290479, var: 0.000414","mean: 0.779395, var: 0.003362","mean: 0.088733, var: 0.001933","mean: 0.117029, var: 0.001117","mean: 0.164209, var: 0.004673","mean: 0.011565, var: 0.000182","mean: 0.110559, var: 0.000431","mean: 0.124811, var: 0.003193","mean: 0.084607, var: 0.000170","mean: 0.039158, var: 0.002108",2.43679231128138,0.10835906597888634,2.3284332453024934,Low
ENSP00000268379,"mean: 0.293921, var: 0.002849","mean: 0.203296, var: 0.001714","mean: 0.065045, var: 0.000239","mean: 0.128192, var: 0.004072","mean: 0.060657, var: 0.000247","mean: 0.912500, var: 0.000889","mean: 0.204834, var: 0.009402","mean: 0.051715, var: 0.000082","mean: 0.053833, var: 0.000085","mean: 0.075244, var: 0.000094","mean: 0.095801, var: 0.004199",2.432994850897412,0.12961458321227567,2.3033802676851365,Low
ENSP00000379285,"mean: 0.270435, var: 0.001328","mean: 0.138171, var: 0.000407","mean: 0.112756, var: 0.000858","mean: 0.110980, var: 0.002889","mean: 0.110767, var: 0.000662","mean: 0.909277, var: 0.000613","mean: 0.116113, var: 0.002878","mean: 0.087292, var: 0.000604","mean: 0.049115, var: 0.000042","mean: 0.061627, var: 0.000085","mean: 0.072034, var: 0.001413",2.419519240971964,0.07611844122071697,2.343400799751247,Low
ENSP00000357914,"mean: 0.039966, var: 0.000020","mean: 0.280029, var: 0.004469","mean: 0.921191, var: 0.002626","mean: 0.102185, var: 0.000771","mean: 0.035590, var: 0.000038","mean: 0.047621, var: 0.001179","mean: 0.007076, var: 0.000067","mean: 0.050055, var: 0.000348","mean: 0.030447, var: 0.000383","mean: 0.043442, var: 0.000660","mean: 0.012995, var: 0.000241",1.5414438028010058,0.06712177359621822,1.4743220292047876,Low
ENSP00000423712,"mean: 0.108142, var: 0.000482","mean: 0.422900, var: 0.005832","mean: 0.590332, var: 0.002629","mean: 0.035617, var: 0.000560","mean: 0.050305, var: 0.000055","mean: 0.092926, var: 0.001255","mean: 0.004580, var: 0.000028","mean: 0.029575, var: 0.000054","mean: 0.037952, var: 0.000486","mean: 0.072870, var: 0.000328","mean: 0.024658, var: 0.000724",1.9407101055692852,0.07481409174222924,1.865896013827056,Low
ENSP00000276603,"mean: 0.135071, var: 0.001198","mean: 0.290210, var: 0.001619","mean: 0.779980, var: 0.001620","mean: 0.058746, var: 0.000745","mean: 0.049072, var: 0.000195","mean: 0.199304, var: 0.004460","mean: 0.008917, var: 0.000066","mean: 0.123682, var: 0.001544","mean: 0.138647, var: 0.004907","mean: 0.121838, var: 0.000797","mean: 0.061630, var: 0.002415",2.4619062044519358,0.11700576971565169,2.3449004347362843,Low
ENSP00000254928,"mean: 0.198877, var: 0.001649","mean: 0.177002, var: 0.000629","mean: 0.151404, var: 0.000948","mean: 0.094489, var: 0.003056","mean: 0.066083, var: 0.000397","mean: 0.936719, var: 0.000275","mean: 0.040221, var: 0.000799","mean: 0.106702, var: 0.001725","mean: 0.064417, var: 0.000290","mean: 0.106970, var: 0.000315","mean: 0.133234, var: 0.004258",2.4295330804104713,0.08967733497443436,2.339855745436037,Low
ENSP00000476746,"mean: 0.071259, var: 0.001615","mean: 0.312988, var: 0.007183","mean: 0.825293, var: 0.002279","mean: 0.081055, var: 0.002152","mean: 0.047577, var: 0.000831","mean: 0.081232, var: 0.002729","mean: 0.009317, var: 0.000084","mean: 0.111804, var: 0.002435","mean: 0.061313, var: 0.000601","mean: 0.052151, var: 0.000414","mean: 0.038342, var: 0.001679",2.0015144570849186,0.1287786729068321,1.8727357841780865,Low
ENSP00000417207,"mean: 0.176733, var: 0.002485","mean: 0.290210, var: 0.004772","mean: 0.806152, var: 0.003799","mean: 0.013033, var: 0.000096","mean: 0.228223, var: 0.002344","mean: 0.069421, var: 0.002174","mean: 0.002600, var: 0.000006","mean: 0.038577, var: 0.000500","mean: 0.100311, var: 0.002342","mean: 0.054849, var: 0.000853","mean: 0.048648, var: 0.003604",2.09599716394689,0.13435559377279505,1.9616415701740948,Low
ENSP00000331927,"mean: 0.058990, var: 0.000183","mean: 0.165503, var: 0.001472","mean: 0.749219, var: 0.006570","mean: 0.100864, var: 0.007360","mean: 0.042364, var: 0.000084","mean: 0.122485, var: 0.003027","mean: 0.003069, var: 0.000011","mean: 0.035928, var: 0.000131","mean: 0.034265, var: 0.000042","mean: 0.030774, var: 0.000204","mean: 0.017875, var: 0.000358",1.735413157303738,0.10499273182315538,1.6304204254805825,Low
ENSP00000252115,"mean: 0.056134, var: 0.000092","mean: 0.442480, var: 0.003118","mean: 0.731152, var: 0.003537","mean: 0.039987, var: 0.000647","mean: 0.052484, var: 0.000104","mean: 0.075604, var: 0.001660","mean: 0.006540, var: 0.000052","mean: 0.028873, var: 0.000029","mean: 0.031163, var: 0.000221","mean: 0.046933, var: 0.000236","mean: 0.013162, var: 0.000163",1.6739351366286757,0.06120417481911267,1.612730961809563,Low
ENSP00000357881,"mean: 0.046634, var: 0.000161","mean: 0.329590, var: 0.004956","mean: 0.836719, var: 0.001397","mean: 0.052142, var: 0.001229","mean: 0.037408, var: 0.000052","mean: 0.093860, var: 0.001948","mean: 0.014342, var: 0.000152","mean: 0.032007, var: 0.000141","mean: 0.028656, var: 0.000267","mean: 0.032262, var: 0.000184","mean: 0.019057, var: 0.000324",1.6160186630375941,0.06677146636247994,1.5492471966751142,Low
ENSP00000358300,"mean: 0.109741, var: 0.001009","mean: 0.305908, var: 0.001248","mean: 0.786133, var: 0.007457","mean: 0.188257, var: 0.002443","mean: 0.056335, var: 0.000576","mean: 0.139539, var: 0.001526","mean: 0.008829, var: 0.000075","mean: 0.048694, var: 0.000464","mean: 0.128711, var: 0.001909","mean: 0.132654, var: 0.003925","mean: 0.005105, var: 0.000036",2.292932536947473,0.11906611515052694,2.173866421796946,Low
ENSP00000283921,"mean: 0.080469, var: 0.001078","mean: 0.305884, var: 0.006421","mean: 0.878125, var: 0.003475","mean: 0.043080, var: 0.000357","mean: 0.073557, var: 0.000676","mean: 0.106522, var: 0.002091","mean: 0.003712, var: 0.000016","mean: 0.050632, var: 0.000585","mean: 0.045950, var: 0.001036","mean: 0.050700, var: 0.001502","mean: 0.023162, var: 0.000513",1.7969562383021414,0.10542376290185776,1.6915324754002836,Low
ENSP00000228741,"mean: 0.035092, var: 0.000041","mean: 0.361621, var: 0.006376","mean: 0.928613, var: 0.001197","mean: 0.091522, var: 0.001961","mean: 0.019176, var: 0.000036","mean: 0.075565, var: 0.001741","mean: 0.007498, var: 0.000071","mean: 0.093079, var: 0.000378","mean: 0.022826, var: 0.000077","mean: 0.029469, var: 0.000176","mean: 0.021289, var: 0.000306",1.5737643444447793,0.07274153443461928,1.5010228100101601,Low
ENSP00000357442,"mean: 0.075415, var: 0.000557","mean: 0.403564, var: 0.001300","mean: 0.840723, var: 0.004934","mean: 0.053159, var: 0.000788","mean: 0.059000, var: 0.000617","mean: 0.078632, var: 0.001353","mean: 0.021301, var: 0.000091","mean: 0.121448, var: 0.003562","mean: 0.051590, var: 0.000806","mean: 0.091461, var: 0.001010","mean: 0.009279, var: 0.000142",1.9830784015698484,0.09304144899896198,1.8900369525708864,Low
ENSP00000388506,"mean: 0.136157, var: 0.000338","mean: 0.239575, var: 0.001410","mean: 0.752637, var: 0.003271","mean: 0.062518, var: 0.000160","mean: 0.085022, var: 0.000105","mean: 0.086188, var: 0.003311","mean: 0.005861, var: 0.000033","mean: 0.075140, var: 0.000573","mean: 0.067267, var: 0.000288","mean: 0.267896, var: 0.005373","mean: 0.010009, var: 0.000176",2.226963515069843,0.08850845290001476,2.138455062169828,Low
ENSP00000296839,"mean: 0.062769, var: 0.000585","mean: 0.345068, var: 0.003221","mean: 0.829395, var: 0.003466","mean: 0.056287, var: 0.001753","mean: 0.092853, var: 0.001087","mean: 0.168689, var: 0.003765","mean: 0.003722, var: 0.000023","mean: 0.044019, var: 0.000223","mean: 0.028802, var: 0.000088","mean: 0.031110, var: 0.000211","mean: 0.031799, var: 0.001146",1.8569988655931782,0.09452800757784521,1.762470858015333,Low
ENSP00000273588,"mean: 0.157263, var: 0.000803","mean: 0.226392, var: 0.001704","mean: 0.132764, var: 0.001128","mean: 0.154883, var: 0.006842","mean: 0.090955, var: 0.000623","mean: 0.935352, var: 0.000341","mean: 0.023109, var: 0.000361","mean: 0.061353, var: 0.000342","mean: 0.056525, var: 0.000033","mean: 0.088428, var: 0.000201","mean: 0.090344, var: 0.002658",2.317117328752153,0.08908051718088335,2.2280368115712696,Low
ENSP00000388357,"mean: 0.040991, var: 0.000084","mean: 0.310840, var: 0.001738","mean: 0.899902, var: 0.002712","mean: 0.094702, var: 0.000973","mean: 0.026739, var: 0.000062","mean: 0.063312, var: 0.000930","mean: 0.010977, var: 0.000137","mean: 0.032060, var: 0.000210","mean: 0.021272, var: 0.000250","mean: 0.041121, var: 0.000660","mean: 0.007491, var: 0.000079",1.4934486882328444,0.05235222951914861,1.4410964587136958,Low
ENSP00000315587,"mean: 0.070355, var: 0.000635","mean: 0.293213, var: 0.000448","mean: 0.854395, var: 0.004825","mean: 0.073419, var: 0.000587","mean: 0.045773, var: 0.000594","mean: 0.092078, var: 0.000472","mean: 0.004395, var: 0.000018","mean: 0.067163, var: 0.000205","mean: 0.064120, var: 0.001104","mean: 0.079282, var: 0.001649","mean: 0.008002, var: 0.000132",1.854406579536897,0.06746630548230138,1.7869402740545954,Low
ENSP00000426560,"mean: 0.043716, var: 0.000174","mean: 0.286450, var: 0.001513","mean: 0.739844, var: 0.008252","mean: 0.304248, var: 0.010805","mean: 0.030142, var: 0.000167","mean: 0.241260, var: 0.007055","mean: 0.015282, var: 0.000146","mean: 0.095184, var: 0.001138","mean: 0.043463, var: 0.000436","mean: 0.077338, var: 0.001320","mean: 0.079987, var: 0.008627",2.352549787346913,0.19836564387261918,2.1541841434742937,Low
ENSP00000408963,"mean: 0.030106, var: 0.000386","mean: 0.452930, var: 0.001881","mean: 0.768945, var: 0.006233","mean: 0.140967, var: 0.002699","mean: 0.024910, var: 0.000460","mean: 0.144104, var: 0.006108","mean: 0.014041, var: 0.000267","mean: 0.160205, var: 0.001356","mean: 0.032726, var: 0.000981","mean: 0.074719, var: 0.001130","mean: 0.027849, var: 0.000571",2.0722838609538865,0.12701405425834933,1.9452698066955372,Low
ENSP00000246115,"mean: 0.848242, var: 0.005057","mean: 0.212256, var: 0.000814","mean: 0.079163, var: 0.000262","mean: 0.068176, var: 0.001643","mean: 0.882910, var: 0.005112","mean: 0.132922, var: 0.000703","mean: 0.013551, var: 0.000135","mean: 0.237305, var: 0.002993","mean: 0.252734, var: 0.005549","mean: 0.220288, var: 0.002832","mean: 0.039446, var: 0.000713",2.4386821078529226,0.14649379277208377,2.2921883150808386,Low
ENSP00000351040,"mean: 0.061847, var: 0.000292","mean: 0.525586, var: 0.005706","mean: 0.765430, var: 0.000865","mean: 0.148483, var: 0.005570","mean: 0.075555, var: 0.000777","mean: 0.191333, var: 0.003040","mean: 0.009507, var: 0.000091","mean: 0.099774, var: 0.000792","mean: 0.054172, var: 0.000758","mean: 0.078650, var: 0.000580","mean: 0.052603, var: 0.001105",2.2966544408756473,0.11383745950140883,2.1828169813742386,Low
ENSP00000471403,"mean: 0.077063, var: 0.000493","mean: 0.281665, var: 0.000927","mean: 0.799023, var: 0.008981","mean: 0.093143, var: 0.004111","mean: 0.037100, var: 0.000314","mean: 0.242639, var: 0.013139","mean: 0.030532, var: 0.001465","mean: 0.116834, var: 0.000716","mean: 0.052899, var: 0.000300","mean: 0.083099, var: 0.001402","mean: 0.034614, var: 0.001452",2.25660506034786,0.17046167003895177,2.086143390308908,Low
ENSP00000386738,"mean: 0.082166, var: 0.000086","mean: 0.780566, var: 0.006194","mean: 0.632910, var: 0.008368","mean: 0.054936, var: 0.002076","mean: 0.081348, var: 0.001161","mean: 0.117346, var: 0.002638","mean: 0.006986, var: 0.000041","mean: 0.102258, var: 0.001074","mean: 0.109424, var: 0.000423","mean: 0.063733, var: 0.001527","mean: 0.139449, var: 0.012124",2.263289830066462,0.183096941685915,2.080192888380547,Low
ENSP00000401014,"mean: 0.056122, var: 0.000343","mean: 0.404346, var: 0.003742","mean: 0.788867, var: 0.001349","mean: 0.029502, var: 0.000407","mean: 0.084082, var: 0.000400","mean: 0.146545, var: 0.003812","mean: 0.047025, var: 0.002188","mean: 0.029440, var: 0.000025","mean: 0.011589, var: 0.000041","mean: 0.017924, var: 0.000120","mean: 0.022291, var: 0.000282",1.7644935121738659,0.0775754314333123,1.6869180807405535,Low
ENSP00000452454,"mean: 0.114832, var: 0.001464","mean: 0.474854, var: 0.003920","mean: 0.698730, var: 0.003849","mean: 0.037930, var: 0.001016","mean: 0.065216, var: 0.001205","mean: 0.087555, var: 0.000486","mean: 0.002645, var: 0.000005","mean: 0.111292, var: 0.000284","mean: 0.088489, var: 0.001015","mean: 0.124805, var: 0.004553","mean: 0.007006, var: 0.000059",2.1371581598547555,0.10598191925594017,2.0311762405988154,Low
ENSP00000359095,"mean: 0.054736, var: 0.000439","mean: 0.424170, var: 0.000953","mean: 0.778223, var: 0.006197","mean: 0.156348, var: 0.001396","mean: 0.073126, var: 0.000337","mean: 0.313452, var: 0.008979","mean: 0.006992, var: 0.000061","mean: 0.048859, var: 0.000195","mean: 0.048044, var: 0.000526","mean: 0.080444, var: 0.000394","mean: 0.024977, var: 0.000956",2.185901796094419,0.11167138476644897,2.0742304113279704,Low
ENSP00000357215,"mean: 0.080066, var: 0.000891","mean: 0.247070, var: 0.003005","mean: 0.746289, var: 0.003623","mean: 0.372534, var: 0.025893","mean: 0.077124, var: 0.000086","mean: 0.045576, var: 0.001867","mean: 0.005945, var: 0.000023","mean: 0.040440, var: 0.000638","mean: 0.095996, var: 0.009496","mean: 0.314111, var: 0.015378","mean: 0.026153, var: 0.000617",2.31640430241663,0.26912955752078077,2.0472747448958493,Low
ENSP00000313822,"mean: 0.048871, var: 0.000076","mean: 0.318652, var: 0.000594","mean: 0.848340, var: 0.001700","mean: 0.055838, var: 0.001222","mean: 0.026007, var: 0.000033","mean: 0.169885, var: 0.002597","mean: 0.011203, var: 0.000105","mean: 0.028073, var: 0.000079","mean: 0.035825, var: 0.000285","mean: 0.100110, var: 0.000529","mean: 0.014374, var: 0.000378",1.769909320907809,0.05097551717845424,1.7189338037293547,Low
ENSP00000483921,"mean: 0.110516, var: 0.001614","mean: 0.512793, var: 0.004600","mean: 0.819141, var: 0.001020","mean: 0.054897, var: 0.000939","mean: 0.109656, var: 0.002249","mean: 0.082187, var: 0.000981","mean: 0.011042, var: 0.000081","mean: 0.099976, var: 0.003321","mean: 0.098737, var: 0.003642","mean: 0.107959, var: 0.003172","mean: 0.030381, var: 0.001793",2.211457460555383,0.13897388183348341,2.0724835787218994,Low
ENSP00000265732,"mean: 0.039880, var: 0.000051","mean: 0.377393, var: 0.001175","mean: 0.870801, var: 0.001409","mean: 0.050504, var: 0.000500","mean: 0.052332, var: 0.000313","mean: 0.058597, var: 0.001085","mean: 0.004816, var: 0.000026","mean: 0.057153, var: 0.000164","mean: 0.015516, var: 0.000083","mean: 0.047507, var: 0.000328","mean: 0.013370, var: 0.000253",1.5444781428802585,0.038619616635664586,1.505858526244594,Low
ENSP00000274031,"mean: 0.039972, var: 0.000106","mean: 0.597949, var: 0.003188","mean: 0.781250, var: 0.002298","mean: 0.063245, var: 0.001218","mean: 0.031000, var: 0.000094","mean: 0.153735, var: 0.012118","mean: 0.081357, var: 0.002720","mean: 0.123462, var: 0.000535","mean: 0.055511, var: 0.000505","mean: 0.055872, var: 0.000426","mean: 0.027569, var: 0.001469",2.082252572642443,0.13260175250693107,1.9496508201355116,Low
ENSP00000370532,"mean: 0.031357, var: 0.000048","mean: 0.274365, var: 0.000632","mean: 0.879590, var: 0.001875","mean: 0.032159, var: 0.000504","mean: 0.039365, var: 0.000088","mean: 0.078049, var: 0.001925","mean: 0.012038, var: 0.000073","mean: 0.049451, var: 0.000013","mean: 0.022649, var: 0.000101","mean: 0.031944, var: 0.000212","mean: 0.011479, var: 0.000162",1.4621503924746542,0.03857486911710834,1.4235755233575458,Low
ENSP00000339524,"mean: 0.037210, var: 0.000404","mean: 0.303711, var: 0.003309","mean: 0.850977, var: 0.004888","mean: 0.066846, var: 0.001419","mean: 0.033173, var: 0.000669","mean: 0.192834, var: 0.004477","mean: 0.006152, var: 0.000027","mean: 0.137097, var: 0.004483","mean: 0.049100, var: 0.000600","mean: 0.067676, var: 0.000450","mean: 0.029290, var: 0.001813",1.9703181009850075,0.13037000469487633,1.8399480962901311,Low
ENSP00000431778,"mean: 0.051154, var: 0.000348","mean: 0.294775, var: 0.000494","mean: 0.863477, var: 0.003689","mean: 0.099261, var: 0.001278","mean: 0.042911, var: 0.000509","mean: 0.069965, var: 0.000704","mean: 0.005767, var: 0.000035","mean: 0.043256, var: 0.000087","mean: 0.049182, var: 0.000508","mean: 0.067950, var: 0.000908","mean: 0.007618, var: 0.000120",1.722998801779118,0.05715152092592079,1.6658472808531972,Low
ENSP00000355979,"mean: 0.034351, var: 0.000114","mean: 0.404443, var: 0.001576","mean: 0.887598, var: 0.003590","mean: 0.077371, var: 0.001185","mean: 0.044434, var: 0.000092","mean: 0.098285, var: 0.003564","mean: 0.033363, var: 0.001185","mean: 0.064047, var: 0.000810","mean: 0.063562, var: 0.000387","mean: 0.032259, var: 0.000509","mean: 0.054345, var: 0.003416",1.8857882158944712,0.10039463864814993,1.7853935772463212,Low
ENSP00000503956,"mean: 0.351172, var: 0.003011","mean: 0.167639, var: 0.001418","mean: 0.072510, var: 0.000391","mean: 0.112134, var: 0.003673","mean: 0.212341, var: 0.006555","mean: 0.942383, var: 0.000095","mean: 0.048987, var: 0.000997","mean: 0.087012, var: 0.001123","mean: 0.051056, var: 0.000087","mean: 0.093176, var: 0.000833","mean: 0.080377, var: 0.002434",2.423331108245202,0.12016590027309336,2.3031652079721083,Low
ENSP00000489856,"mean: 0.159424, var: 0.000755","mean: 0.217603, var: 0.001900","mean: 0.133411, var: 0.001212","mean: 0.147217, var: 0.006085","mean: 0.090265, var: 0.000548","mean: 0.932910, var: 0.000332","mean: 0.021523, var: 0.000316","mean: 0.064410, var: 0.000399","mean: 0.052692, var: 0.000033","mean: 0.082959, var: 0.000230","mean: 0.082141, var: 0.002655",2.283411278557074,0.08697961648985741,2.1964316620672166,Low
ENSP00000453463,"mean: 0.050140, var: 0.000070","mean: 0.300244, var: 0.005876","mean: 0.883105, var: 0.003021","mean: 0.152686, var: 0.001606","mean: 0.033722, var: 0.000077","mean: 0.093243, var: 0.003521","mean: 0.008516, var: 0.000087","mean: 0.045792, var: 0.000211","mean: 0.036932, var: 0.000449","mean: 0.057480, var: 0.000998","mean: 0.010328, var: 0.000154",1.7585986184268996,0.09364066365674531,1.6649579547701543,Low
ENSP00000345702,"mean: 0.069348, var: 0.000609","mean: 0.326978, var: 0.004072","mean: 0.757617, var: 0.004473","mean: 0.100702, var: 0.001977","mean: 0.045123, var: 0.000475","mean: 0.081146, var: 0.002628","mean: 0.003678, var: 0.000015","mean: 0.119324, var: 0.001127","mean: 0.035896, var: 0.000496","mean: 0.105682, var: 0.001588","mean: 0.006038, var: 0.000028",1.9977282899903877,0.10480170966092817,1.8929265803294595,Low
ENSP00000303315,"mean: 0.110352, var: 0.000915","mean: 0.230957, var: 0.002224","mean: 0.868359, var: 0.001984","mean: 0.026227, var: 0.000051","mean: 0.069855, var: 0.000443","mean: 0.116724, var: 0.001724","mean: 0.006979, var: 0.000087","mean: 0.044092, var: 0.000356","mean: 0.033939, var: 0.000134","mean: 0.049127, var: 0.000038","mean: 0.004501, var: 0.000037",1.69583776241696,0.052829936215240916,1.6430078262017191,Low
ENSP00000361171,"mean: 0.118042, var: 0.000538","mean: 0.252686, var: 0.001652","mean: 0.758398, var: 0.002114","mean: 0.042821, var: 0.000795","mean: 0.069812, var: 0.000987","mean: 0.132880, var: 0.002673","mean: 0.013052, var: 0.000279","mean: 0.069379, var: 0.000207","mean: 0.164929, var: 0.003607","mean: 0.100354, var: 0.000205","mean: 0.026414, var: 0.000527",2.2641883861447623,0.08603794650696546,2.178150439637797,Low
ENSP00000269967,"mean: 0.076794, var: 0.000326","mean: 0.567432, var: 0.008639","mean: 0.601758, var: 0.000086","mean: 0.061812, var: 0.002604","mean: 0.069366, var: 0.000429","mean: 0.391357, var: 0.003311","mean: 0.003998, var: 0.000018","mean: 0.129163, var: 0.003577","mean: 0.092075, var: 0.001342","mean: 0.105249, var: 0.001326","mean: 0.050034, var: 0.002816",2.441424019669385,0.13673243003520172,2.3046915896341833,Low
ENSP00000341843,"mean: 0.113818, var: 0.002865","mean: 0.462646, var: 0.004002","mean: 0.831445, var: 0.001350","mean: 0.065033, var: 0.001942","mean: 0.075464, var: 0.000044","mean: 0.171069, var: 0.001299","mean: 0.002345, var: 0.000007","mean: 0.107245, var: 0.002743","mean: 0.145367, var: 0.006004","mean: 0.155945, var: 0.003330","mean: 0.021521, var: 0.000305",2.338591933046684,0.13743231088048583,2.201159622166198,Low
ENSP00000484534,"mean: 0.037653, var: 0.000032","mean: 0.391064, var: 0.002317","mean: 0.904297, var: 0.002704","mean: 0.020233, var: 0.000046","mean: 0.023424, var: 0.000159","mean: 0.339453, var: 0.018682","mean: 0.006723, var: 0.000065","mean: 0.027652, var: 0.000166","mean: 0.057162, var: 0.000683","mean: 0.018520, var: 0.000236","mean: 0.101027, var: 0.006724",1.717117510999803,0.1492432817769545,1.5678742292228485,Low
ENSP00000222567,"mean: 0.042905, var: 0.000195","mean: 0.233325, var: 0.002593","mean: 0.874512, var: 0.003479","mean: 0.126288, var: 0.002658","mean: 0.027800, var: 0.000147","mean: 0.052664, var: 0.001575","mean: 0.005546, var: 0.000020","mean: 0.103143, var: 0.001621","mean: 0.028754, var: 0.000044","mean: 0.078119, var: 0.000940","mean: 0.012463, var: 0.000225",1.7268469690795138,0.0835366114746598,1.643310357604854,Low
ENSP00000204517,"mean: 0.057697, var: 0.000284","mean: 0.359521, var: 0.008007","mean: 0.922266, var: 0.002008","mean: 0.041406, var: 0.000254","mean: 0.042480, var: 0.000082","mean: 0.128455, var: 0.001000","mean: 0.002596, var: 0.000012","mean: 0.019264, var: 0.000046","mean: 0.078339, var: 0.000143","mean: 0.111536, var: 0.001245","mean: 0.014907, var: 0.000311",1.7350346618997152,0.07593399496770223,1.659100666932013,Low
ENSP00000438800,"mean: 0.852734, var: 0.005380","mean: 0.123254, var: 0.000064","mean: 0.058856, var: 0.000026","mean: 0.066188, var: 0.001773","mean: 0.822754, var: 0.008843","mean: 0.095648, var: 0.002496","mean: 0.012500, var: 0.000059","mean: 0.266675, var: 0.002912","mean: 0.251611, var: 0.011431","mean: 0.193408, var: 0.000347","mean: 0.017955, var: 0.000193",2.269704531633175,0.1701020204887212,2.099602511144454,Low
ENSP00000364119,"mean: 0.139880, var: 0.000478","mean: 0.627148, var: 0.002408","mean: 0.581445, var: 0.005137","mean: 0.056732, var: 0.001143","mean: 0.102704, var: 0.001895","mean: 0.095660, var: 0.001328","mean: 0.011105, var: 0.000020","mean: 0.090881, var: 0.000200","mean: 0.106775, var: 0.002752","mean: 0.359326, var: 0.011805","mean: 0.006375, var: 0.000031",2.410871211406939,0.14453238927359527,2.2663388221333434,Low
ENSP00000503132,"mean: 0.114661, var: 0.001200","mean: 0.239624, var: 0.003626","mean: 0.892969, var: 0.001140","mean: 0.028497, var: 0.000011","mean: 0.053809, var: 0.000618","mean: 0.134521, var: 0.002358","mean: 0.013688, var: 0.000353","mean: 0.050568, var: 0.000281","mean: 0.048059, var: 0.000333","mean: 0.105444, var: 0.001635","mean: 0.005245, var: 0.000037",1.8405294040314537,0.07377081390617939,1.7667585901252743,Low
ENSP00000426183,"mean: 0.130389, var: 0.001576","mean: 0.507324, var: 0.005100","mean: 0.796680, var: 0.001264","mean: 0.049153, var: 0.000830","mean: 0.134619, var: 0.003001","mean: 0.091718, var: 0.001284","mean: 0.009297, var: 0.000056","mean: 0.096771, var: 0.002964","mean: 0.099878, var: 0.003840","mean: 0.106616, var: 0.002832","mean: 0.031397, var: 0.001859",2.275072871415644,0.14485271850410242,2.1302201529115417,Low
ENSP00000392070,"mean: 0.033395, var: 0.000126","mean: 0.260815, var: 0.000690","mean: 0.882715, var: 0.002491","mean: 0.051096, var: 0.000405","mean: 0.022162, var: 0.000169","mean: 0.268823, var: 0.001102","mean: 0.008328, var: 0.000046","mean: 0.083582, var: 0.000567","mean: 0.018095, var: 0.000075","mean: 0.044803, var: 0.000248","mean: 0.009312, var: 0.000207",1.6663024856576172,0.04245315503519869,1.6238493306224184,Low
ENSP00000468069,"mean: 0.044598, var: 0.000235","mean: 0.305957, var: 0.003525","mean: 0.772559, var: 0.004007","mean: 0.143170, var: 0.008601","mean: 0.050323, var: 0.000231","mean: 0.143396, var: 0.004864","mean: 0.001875, var: 0.000004","mean: 0.035858, var: 0.000138","mean: 0.105872, var: 0.000972","mean: 0.043152, var: 0.000416","mean: 0.020727, var: 0.000325",1.992444723322622,0.12660500480729178,1.8658397185153301,Low
ENSP00000216807,"mean: 0.062027, var: 0.000813","mean: 0.461279, var: 0.003674","mean: 0.751660, var: 0.010537","mean: 0.216748, var: 0.003185","mean: 0.089679, var: 0.001300","mean: 0.083545, var: 0.000791","mean: 0.001430, var: 0.000002","mean: 0.042743, var: 0.000443","mean: 0.243823, var: 0.003975","mean: 0.089719, var: 0.003194","mean: 0.009086, var: 0.000126",2.2462642250555733,0.15186390566148972,2.0944003193940834,Low
ENSP00000504515,"mean: 0.349658, var: 0.002622","mean: 0.165295, var: 0.001332","mean: 0.081427, var: 0.000490","mean: 0.097821, var: 0.002908","mean: 0.213330, var: 0.006622","mean: 0.946191, var: 0.000049","mean: 0.045724, var: 0.000865","mean: 0.084491, var: 0.000893","mean: 0.051758, var: 0.000100","mean: 0.083185, var: 0.000581","mean: 0.076587, var: 0.002444",2.3852340076428646,0.11115532224772447,2.27407868539514,Low
ENSP00000442500,"mean: 0.043146, var: 0.000043","mean: 0.310327, var: 0.007310","mean: 0.911426, var: 0.002074","mean: 0.154187, var: 0.001740","mean: 0.033188, var: 0.000012","mean: 0.044934, var: 0.000698","mean: 0.006340, var: 0.000064","mean: 0.036386, var: 0.000125","mean: 0.033316, var: 0.000292","mean: 0.063937, var: 0.000742","mean: 0.004475, var: 0.000030",1.5899770308519097,0.07524709772176105,1.5147299331301487,Low
ENSP00000351211,"mean: 0.858203, var: 0.002167","mean: 0.140955, var: 0.001031","mean: 0.123645, var: 0.000662","mean: 0.046945, var: 0.001067","mean: 0.805566, var: 0.009188","mean: 0.210083, var: 0.001687","mean: 0.035162, var: 0.000676","mean: 0.160437, var: 0.004538","mean: 0.146863, var: 0.000636","mean: 0.079120, var: 0.000642","mean: 0.029647, var: 0.000410",2.30944644937032,0.12841499118250613,2.181031458187814,Low
ENSP00000312288,"mean: 0.288037, var: 0.000366","mean: 0.175659, var: 0.002101","mean: 0.088702, var: 0.000731","mean: 0.047183, var: 0.000912","mean: 0.050052, var: 0.000223","mean: 0.972852, var: 0.000053","mean: 0.330542, var: 0.016958","mean: 0.042395, var: 0.000055","mean: 0.031976, var: 0.000104","mean: 0.040671, var: 0.000086","mean: 0.146191, var: 0.005775",2.220990798838873,0.1311054661395806,2.0898853326992923,Low
ENSP00000308082,"mean: 0.802832, var: 0.005351","mean: 0.154773, var: 0.000702","mean: 0.141858, var: 0.000842","mean: 0.074762, var: 0.001303","mean: 0.809082, var: 0.009668","mean: 0.224756, var: 0.001936","mean: 0.011522, var: 0.000083","mean: 0.144360, var: 0.002489","mean: 0.188843, var: 0.000356","mean: 0.098773, var: 0.000653","mean: 0.027675, var: 0.000289",2.4164546718536544,0.1303180178122765,2.286136654041378,Low
ENSP00000006015,"mean: 0.100775, var: 0.003400","mean: 0.283276, var: 0.006958","mean: 0.826562, var: 0.008284","mean: 0.030191, var: 0.000079","mean: 0.087195, var: 0.001909","mean: 0.154280, var: 0.012343","mean: 0.004450, var: 0.000011","mean: 0.067075, var: 0.001251","mean: 0.044975, var: 0.001561","mean: 0.068617, var: 0.004259","mean: 0.027608, var: 0.001228",1.9805263703222868,0.21059459366361977,1.769931776658667,Low
ENSP00000427329,"mean: 0.074005, var: 0.000273","mean: 0.495508, var: 0.003683","mean: 0.759180, var: 0.003480","mean: 0.040073, var: 0.000975","mean: 0.049823, var: 0.000133","mean: 0.207544, var: 0.002619","mean: 0.008993, var: 0.000073","mean: 0.090143, var: 0.001250","mean: 0.053033, var: 0.000730","mean: 0.062221, var: 0.001136","mean: 0.045372, var: 0.001202",2.0826305091533928,0.09620571568362044,1.9864247934697723,Low
ENSP00000364525,"mean: 0.062701, var: 0.000200","mean: 0.215820, var: 0.001480","mean: 0.923926, var: 0.002483","mean: 0.070190, var: 0.001978","mean: 0.048608, var: 0.000196","mean: 0.080042, var: 0.002311","mean: 0.091212, var: 0.008009","mean: 0.037738, var: 0.000247","mean: 0.038583, var: 0.000240","mean: 0.065643, var: 0.000334","mean: 0.006625, var: 0.000102",1.7929323585994796,0.10058392631714559,1.6923484322823341,Low
ENSP00000261245,"mean: 0.141858, var: 0.005761","mean: 0.523145, var: 0.001228","mean: 0.726367, var: 0.007089","mean: 0.033099, var: 0.000390","mean: 0.112048, var: 0.001995","mean: 0.174194, var: 0.001633","mean: 0.002913, var: 0.000014","mean: 0.159253, var: 0.002791","mean: 0.159082, var: 0.001846","mean: 0.108060, var: 0.004392","mean: 0.022116, var: 0.000609",2.437462922102184,0.1555145879374305,2.2819483341647535,Low
ENSP00000215742,"mean: 0.034149, var: 0.000061","mean: 0.349707, var: 0.001399","mean: 0.843457, var: 0.005153","mean: 0.108435, var: 0.002896","mean: 0.036450, var: 0.000293","mean: 0.234302, var: 0.010803","mean: 0.006632, var: 0.000065","mean: 0.068506, var: 0.000423","mean: 0.066650, var: 0.000343","mean: 0.042242, var: 0.000311","mean: 0.048015, var: 0.001753",2.0048431730819027,0.1254481212665456,1.879395051815357,Low
ENSP00000478813,"mean: 0.245264, var: 0.001537","mean: 0.154456, var: 0.000632","mean: 0.121802, var: 0.000709","mean: 0.112561, var: 0.003579","mean: 0.079865, var: 0.000807","mean: 0.935156, var: 0.000282","mean: 0.034869, var: 0.000820","mean: 0.096252, var: 0.000725","mean: 0.057428, var: 0.000156","mean: 0.085291, var: 0.000223","mean: 0.136389, var: 0.003611",2.3881399301400084,0.0825659209896837,2.3055740091503245,Low
ENSP00000316042,"mean: 0.080212, var: 0.001746","mean: 0.657910, var: 0.002060","mean: 0.729688, var: 0.003164","mean: 0.091957, var: 0.007943","mean: 0.082715, var: 0.001560","mean: 0.063717, var: 0.002622","mean: 0.015935, var: 0.000414","mean: 0.140372, var: 0.011483","mean: 0.043291, var: 0.000463","mean: 0.031174, var: 0.000199","mean: 0.008418, var: 0.000159",1.9346597146250908,0.1672905486720428,1.767369165953048,Low
ENSP00000446680,"mean: 0.101013, var: 0.003499","mean: 0.296387, var: 0.005754","mean: 0.814746, var: 0.006799","mean: 0.030948, var: 0.000124","mean: 0.068423, var: 0.001349","mean: 0.157327, var: 0.011013","mean: 0.003892, var: 0.000009","mean: 0.075731, var: 0.001419","mean: 0.044807, var: 0.001524","mean: 0.069894, var: 0.004605","mean: 0.039648, var: 0.001934",2.0110844016826306,0.19923319571238737,1.8118512059702432,Low
ENSP00000275766,"mean: 0.045825, var: 0.000046","mean: 0.456641, var: 0.002932","mean: 0.605762, var: 0.002383","mean: 0.281763, var: 0.017187","mean: 0.044507, var: 0.000017","mean: 0.205688, var: 0.007187","mean: 0.003874, var: 0.000014","mean: 0.068808, var: 0.000887","mean: 0.054745, var: 0.000787","mean: 0.040494, var: 0.000488","mean: 0.021666, var: 0.000476",2.2011432664751727,0.15682068754608938,2.044322578929083,Low
ENSP00000503461,"mean: 0.336426, var: 0.002178","mean: 0.165466, var: 0.001390","mean: 0.078363, var: 0.000446","mean: 0.103961, var: 0.003315","mean: 0.190100, var: 0.004822","mean: 0.947266, var: 0.000067","mean: 0.058154, var: 0.001303","mean: 0.079749, var: 0.000896","mean: 0.047290, var: 0.000077","mean: 0.079828, var: 0.000598","mean: 0.080054, var: 0.002565",2.381317421315968,0.10664672817807377,2.274670693137894,Low
ENSP00000496754,"mean: 0.047351, var: 0.000065","mean: 0.317432, var: 0.004138","mean: 0.790039, var: 0.008352","mean: 0.377368, var: 0.022232","mean: 0.036581, var: 0.000102","mean: 0.101605, var: 0.001511","mean: 0.002736, var: 0.000009","mean: 0.085852, var: 0.000436","mean: 0.056554, var: 0.002143","mean: 0.075336, var: 0.001279","mean: 0.006983, var: 0.000107",2.034828798148586,0.18482094152767103,1.8500078566209148,Low
ENSP00000442224,"mean: 0.064801, var: 0.000048","mean: 0.350488, var: 0.002333","mean: 0.786914, var: 0.004627","mean: 0.197156, var: 0.007401","mean: 0.052670, var: 0.000182","mean: 0.084540, var: 0.005842","mean: 0.027072, var: 0.000446","mean: 0.098462, var: 0.001291","mean: 0.060608, var: 0.000364","mean: 0.186914, var: 0.003149","mean: 0.038845, var: 0.002286",2.352902917507388,0.1543554629028708,2.198547454604517,Low
ENSP00000370990,"mean: 0.120471, var: 0.000853","mean: 0.206860, var: 0.000855","mean: 0.850879, var: 0.003178","mean: 0.019140, var: 0.000238","mean: 0.072253, var: 0.000620","mean: 0.077112, var: 0.000478","mean: 0.014600, var: 0.000154","mean: 0.050293, var: 0.000565","mean: 0.041000, var: 0.000644","mean: 0.069248, var: 0.001358","mean: 0.055195, var: 0.001981",1.8693152580801564,0.07215988776555889,1.7971553703145975,Low
ENSP00000296921,"mean: 0.112036, var: 0.000646","mean: 0.213647, var: 0.002313","mean: 0.862891, var: 0.003470","mean: 0.017261, var: 0.000123","mean: 0.094458, var: 0.001410","mean: 0.066019, var: 0.000991","mean: 0.007839, var: 0.000105","mean: 0.058917, var: 0.000133","mean: 0.024763, var: 0.000405","mean: 0.042752, var: 0.000818","mean: 0.019529, var: 0.000376",1.6826701028207875,0.06975174930761466,1.6129183535131728,Low
ENSP00000503416,"mean: 0.074615, var: 0.000131","mean: 0.253369, var: 0.000343","mean: 0.847559, var: 0.002701","mean: 0.114767, var: 0.003090","mean: 0.062360, var: 0.000069","mean: 0.110950, var: 0.004579","mean: 0.014426, var: 0.000391","mean: 0.064423, var: 0.000373","mean: 0.050800, var: 0.000036","mean: 0.047766, var: 0.000608","mean: 0.019587, var: 0.000567",1.9586269299914614,0.07819344689613726,1.8804334830953242,Low
ENSP00000452777,"mean: 0.276270, var: 0.001489","mean: 0.127051, var: 0.000575","mean: 0.081049, var: 0.000813","mean: 0.140588, var: 0.005228","mean: 0.092377, var: 0.001644","mean: 0.934863, var: 0.000313","mean: 0.093036, var: 0.005127","mean: 0.060950, var: 0.000150","mean: 0.052203, var: 0.000117","mean: 0.070874, var: 0.000280","mean: 0.060498, var: 0.001028",2.2828795276543157,0.09908245006857594,2.18379707758574,Low
ENSP00000361524,"mean: 0.072003, var: 0.000366","mean: 0.257422, var: 0.001081","mean: 0.814160, var: 0.001327","mean: 0.078671, var: 0.002035","mean: 0.036632, var: 0.000411","mean: 0.101550, var: 0.002467","mean: 0.004017, var: 0.000022","mean: 0.050476, var: 0.000721","mean: 0.028375, var: 0.000224","mean: 0.045807, var: 0.000601","mean: 0.016283, var: 0.000183",1.7418466119599345,0.06306227905145884,1.6787843329084757,Low
ENSP00000435422,"mean: 0.033322, var: 0.000045","mean: 0.265991, var: 0.004072","mean: 0.934082, var: 0.002202","mean: 0.113666, var: 0.008114","mean: 0.032695, var: 0.000123","mean: 0.026494, var: 0.000603","mean: 0.013692, var: 0.000163","mean: 0.029742, var: 0.000091","mean: 0.023735, var: 0.000121","mean: 0.023145, var: 0.000402","mean: 0.009246, var: 0.000096",1.3670455624866986,0.08836209167141189,1.2786834708152868,Low
ENSP00000281437,"mean: 0.066418, var: 0.000259","mean: 0.252759, var: 0.004155","mean: 0.875098, var: 0.003267","mean: 0.023057, var: 0.000279","mean: 0.047116, var: 0.000299","mean: 0.138733, var: 0.001680","mean: 0.004326, var: 0.000027","mean: 0.045172, var: 0.000200","mean: 0.041155, var: 0.000600","mean: 0.048315, var: 0.001184","mean: 0.022380, var: 0.000388",1.6755734638606186,0.07653851822190146,1.5990349456387172,Low
ENSP00000370508,"mean: 0.263257, var: 0.000389","mean: 0.117969, var: 0.000544","mean: 0.094763, var: 0.000533","mean: 0.104511, var: 0.001566","mean: 0.062207, var: 0.000173","mean: 0.962109, var: 0.000067","mean: 0.125909, var: 0.005668","mean: 0.033713, var: 0.000064","mean: 0.033740, var: 0.000049","mean: 0.063776, var: 0.000092","mean: 0.048047, var: 0.001599",2.0836729812115213,0.06497812731014904,2.0186948539013723,Low
ENSP00000360594,"mean: 0.041006, var: 0.000099","mean: 0.241553, var: 0.001273","mean: 0.933105, var: 0.002004","mean: 0.048085, var: 0.000886","mean: 0.028619, var: 0.000109","mean: 0.080115, var: 0.000620","mean: 0.006369, var: 0.000043","mean: 0.039679, var: 0.000195","mean: 0.019527, var: 0.000221","mean: 0.031522, var: 0.000170","mean: 0.006774, var: 0.000059",1.3685176296717105,0.03966548472061986,1.3288521449510906,Low
ENSP00000292894,"mean: 0.048724, var: 0.000168","mean: 0.408740, var: 0.002785","mean: 0.682324, var: 0.003178","mean: 0.226782, var: 0.002792","mean: 0.062921, var: 0.000145","mean: 0.316357, var: 0.011879","mean: 0.003694, var: 0.000019","mean: 0.075012, var: 0.000190","mean: 0.071393, var: 0.000150","mean: 0.053021, var: 0.000282","mean: 0.059445, var: 0.002556",2.3752937698949053,0.12719954226378413,2.248094227631121,Low
ENSP00000423075,"mean: 0.062286, var: 0.000221","mean: 0.568750, var: 0.002621","mean: 0.816895, var: 0.000291","mean: 0.012775, var: 0.000120","mean: 0.058685, var: 0.000900","mean: 0.104028, var: 0.002197","mean: 0.014192, var: 0.000337","mean: 0.059717, var: 0.000614","mean: 0.048206, var: 0.000253","mean: 0.082971, var: 0.002259","mean: 0.041820, var: 0.000731",1.8307478974811542,0.06902463735122936,1.7617232601299249,Low
ENSP00000482293,"mean: 0.077008, var: 0.000226","mean: 0.558887, var: 0.004631","mean: 0.655371, var: 0.006807","mean: 0.068132, var: 0.002458","mean: 0.137939, var: 0.002558","mean: 0.159180, var: 0.003302","mean: 0.018954, var: 0.000102","mean: 0.098413, var: 0.000307","mean: 0.090860, var: 0.002163","mean: 0.089832, var: 0.000654","mean: 0.027810, var: 0.001166",2.385704769785535,0.1390164474098231,2.2466883223757117,Low
ENSP00000475617,"mean: 0.134106, var: 0.005227","mean: 0.269458, var: 0.006326","mean: 0.808789, var: 0.001644","mean: 0.161096, var: 0.002282","mean: 0.091492, var: 0.000619","mean: 0.189221, var: 0.002388","mean: 0.017212, var: 0.000299","mean: 0.058325, var: 0.000224","mean: 0.067316, var: 0.000152","mean: 0.077991, var: 0.000408","mean: 0.062555, var: 0.001794",2.412031035122918,0.12307963613518258,2.2889513989877357,Low
ENSP00000434049,"mean: 0.068732, var: 0.000405","mean: 0.190137, var: 0.002699","mean: 0.741113, var: 0.007003","mean: 0.126306, var: 0.010407","mean: 0.049561, var: 0.000119","mean: 0.104572, var: 0.002465","mean: 0.003236, var: 0.000014","mean: 0.032870, var: 0.000088","mean: 0.039975, var: 0.000100","mean: 0.028217, var: 0.000197","mean: 0.026633, var: 0.000633",1.8247967432304748,0.12550197627148926,1.6992947669589855,Low
ENSP00000412620,"mean: 0.087134, var: 0.000888","mean: 0.245361, var: 0.004845","mean: 0.825391, var: 0.001442","mean: 0.239417, var: 0.026421","mean: 0.081372, var: 0.000105","mean: 0.035653, var: 0.001153","mean: 0.004777, var: 0.000014","mean: 0.054962, var: 0.001535","mean: 0.103644, var: 0.014013","mean: 0.335864, var: 0.021792","mean: 0.028467, var: 0.000794",2.2687038804489355,0.3052188138501383,1.963485066598797,Low
ENSP00000362842,"mean: 0.114111, var: 0.001015","mean: 0.478564, var: 0.002350","mean: 0.808008, var: 0.002082","mean: 0.070654, var: 0.002107","mean: 0.084900, var: 0.000191","mean: 0.167004, var: 0.001092","mean: 0.002753, var: 0.000009","mean: 0.087195, var: 0.001328","mean: 0.173969, var: 0.005789","mean: 0.171484, var: 0.003163","mean: 0.016142, var: 0.000231",2.3703192557006587,0.11502463891556745,2.255294616785091,Low
ENSP00000495429,"mean: 0.049274, var: 0.000050","mean: 0.342920, var: 0.004317","mean: 0.798828, var: 0.003061","mean: 0.137372, var: 0.003668","mean: 0.022733, var: 0.000066","mean: 0.173376, var: 0.003255","mean: 0.014558, var: 0.000186","mean: 0.076837, var: 0.000562","mean: 0.048285, var: 0.000415","mean: 0.055444, var: 0.000081","mean: 0.024421, var: 0.001014",2.0133884652459613,0.09836174090910521,1.915026724336856,Low
ENSP00000467497,"mean: 0.119849, var: 0.001713","mean: 0.331738, var: 0.000805","mean: 0.870996, var: 0.001177","mean: 0.026401, var: 0.000086","mean: 0.084125, var: 0.000543","mean: 0.120459, var: 0.000994","mean: 0.017054, var: 0.000307","mean: 0.105273, var: 0.000218","mean: 0.109766, var: 0.000112","mean: 0.071899, var: 0.000507","mean: 0.048455, var: 0.002337",2.1846391516958916,0.059688842510636636,2.124950309185255,Low
ENSP00000288757,"mean: 0.057080, var: 0.000130","mean: 0.337256, var: 0.001759","mean: 0.807129, var: 0.003846","mean: 0.188098, var: 0.011531","mean: 0.048773, var: 0.000173","mean: 0.055844, var: 0.002849","mean: 0.023858, var: 0.000325","mean: 0.066345, var: 0.000704","mean: 0.051349, var: 0.000676","mean: 0.196240, var: 0.005917","mean: 0.026075, var: 0.001067",2.161891343607108,0.1536802450134881,2.0082110985936197,Low
ENSP00000489907,"mean: 0.063287, var: 0.000143","mean: 0.391943, var: 0.001461","mean: 0.804980, var: 0.004312","mean: 0.165454, var: 0.000738","mean: 0.050458, var: 0.000197","mean: 0.132654, var: 0.003373","mean: 0.002001, var: 0.000006","mean: 0.140247, var: 0.001635","mean: 0.098877, var: 0.000601","mean: 0.071844, var: 0.000814","mean: 0.018423, var: 0.000365",2.2122266125174224,0.08418183765458342,2.128044774862839,Low
ENSP00000158526,"mean: 0.098218, var: 0.001561","mean: 0.303833, var: 0.004153","mean: 0.739258, var: 0.011775","mean: 0.103247, var: 0.002698","mean: 0.066272, var: 0.000832","mean: 0.106036, var: 0.001168","mean: 0.001971, var: 0.000003","mean: 0.135876, var: 0.002469","mean: 0.150793, var: 0.003505","mean: 0.110767, var: 0.001969","mean: 0.004706, var: 0.000037",2.303155010590255,0.16223041677774197,2.140924593812513,Low
ENSP00000359668,"mean: 0.057568, var: 0.000054","mean: 0.501807, var: 0.006748","mean: 0.810059, var: 0.001128","mean: 0.084006, var: 0.002687","mean: 0.060736, var: 0.000135","mean: 0.123639, var: 0.003418","mean: 0.003500, var: 0.000011","mean: 0.043665, var: 0.000152","mean: 0.045142, var: 0.000062","mean: 0.022371, var: 0.000198","mean: 0.051974, var: 0.000759",1.852716916526108,0.08763430386299517,1.7650826126631127,Low
ENSP00000361032,"mean: 0.027731, var: 0.000028","mean: 0.308545, var: 0.004067","mean: 0.893555, var: 0.000996","mean: 0.034673, var: 0.000596","mean: 0.026624, var: 0.000121","mean: 0.254614, var: 0.004167","mean: 0.014232, var: 0.000112","mean: 0.132300, var: 0.004849","mean: 0.024829, var: 0.000156","mean: 0.029114, var: 0.000089","mean: 0.016823, var: 0.000620",1.7157822297069185,0.09154222386609182,1.6242400058408266,Low
ENSP00000426075,"mean: 0.076385, var: 0.002183","mean: 0.309521, var: 0.006634","mean: 0.833789, var: 0.011830","mean: 0.046445, var: 0.000433","mean: 0.037228, var: 0.000240","mean: 0.109753, var: 0.000942","mean: 0.033070, var: 0.002212","mean: 0.038034, var: 0.000193","mean: 0.063013, var: 0.002561","mean: 0.093463, var: 0.002560","mean: 0.011053, var: 0.000167",1.9011744484321111,0.1582411765472317,1.7429332718848793,Low
ENSP00000466224,"mean: 0.072687, var: 0.000400","mean: 0.210474, var: 0.005640","mean: 0.686230, var: 0.008021","mean: 0.175250, var: 0.019958","mean: 0.043480, var: 0.000304","mean: 0.093887, var: 0.002411","mean: 0.009977, var: 0.000166","mean: 0.068488, var: 0.000728","mean: 0.097375, var: 0.002578","mean: 0.055469, var: 0.000463","mean: 0.052296, var: 0.001802",2.211717316139415,0.20316632306199187,2.008550993077423,Low
ENSP00000388486,"mean: 0.058917, var: 0.000285","mean: 0.308276, var: 0.005540","mean: 0.842871, var: 0.003248","mean: 0.012479, var: 0.000076","mean: 0.028604, var: 0.000268","mean: 0.228296, var: 0.001319","mean: 0.008821, var: 0.000062","mean: 0.047220, var: 0.000507","mean: 0.109171, var: 0.002764","mean: 0.034794, var: 0.000864","mean: 0.081764, var: 0.006818",1.9165307710974695,0.122223032107908,1.7943077389895614,Low
ENSP00000301159,"mean: 0.033688, var: 0.000090","mean: 0.212842, var: 0.001222","mean: 0.921094, var: 0.003882","mean: 0.081870, var: 0.002664","mean: 0.027759, var: 0.000089","mean: 0.132275, var: 0.006064","mean: 0.008668, var: 0.000083","mean: 0.030048, var: 0.000024","mean: 0.021190, var: 0.000061","mean: 0.020120, var: 0.000118","mean: 0.037499, var: 0.001069",1.5210581620123576,0.08817945225151304,1.4328787097608444,Low
ENSP00000507675,"mean: 0.260767, var: 0.000316","mean: 0.173584, var: 0.001614","mean: 0.113574, var: 0.000646","mean: 0.052435, var: 0.001287","mean: 0.046835, var: 0.000159","mean: 0.964844, var: 0.000107","mean: 0.336499, var: 0.014443","mean: 0.043268, var: 0.000041","mean: 0.032205, var: 0.000098","mean: 0.042801, var: 0.000235","mean: 0.145691, var: 0.007156",2.2625475090576135,0.12843780386250636,2.1341097051951072,Low
ENSP00000386037,"mean: 0.090576, var: 0.000418","mean: 0.249170, var: 0.001354","mean: 0.796094, var: 0.003874","mean: 0.048117, var: 0.001389","mean: 0.093015, var: 0.001220","mean: 0.141455, var: 0.002826","mean: 0.007646, var: 0.000093","mean: 0.034933, var: 0.000146","mean: 0.054874, var: 0.000938","mean: 0.063452, var: 0.000561","mean: 0.035279, var: 0.001871",1.995552102725762,0.09226317699815405,1.9032889257276078,Low
ENSP00000239461,"mean: 0.133850, var: 0.002991","mean: 0.139929, var: 0.001733","mean: 0.874805, var: 0.002618","mean: 0.016730, var: 0.000177","mean: 0.077231, var: 0.001455","mean: 0.069238, var: 0.000505","mean: 0.018776, var: 0.000749","mean: 0.020587, var: 0.000058","mean: 0.044683, var: 0.001042","mean: 0.050897, var: 0.000549","mean: 0.043225, var: 0.002248",1.6932876667423502,0.08978499154447461,1.6035026751978756,Low
ENSP00000389498,"mean: 0.163257, var: 0.000705","mean: 0.228906, var: 0.000389","mean: 0.825391, var: 0.002695","mean: 0.030939, var: 0.000559","mean: 0.087488, var: 0.000208","mean: 0.185339, var: 0.006158","mean: 0.018449, var: 0.000599","mean: 0.041013, var: 0.000473","mean: 0.170447, var: 0.005956","mean: 0.139844, var: 0.010094","mean: 0.015411, var: 0.000278",2.270507994879809,0.14865755894322233,2.1218504359365866,Low
ENSP00000434333,"mean: 0.030475, var: 0.000145","mean: 0.377588, var: 0.002325","mean: 0.818945, var: 0.004720","mean: 0.064380, var: 0.000631","mean: 0.026180, var: 0.000113","mean: 0.054594, var: 0.001882","mean: 0.025545, var: 0.000422","mean: 0.095056, var: 0.000415","mean: 0.036086, var: 0.000333","mean: 0.072577, var: 0.000946","mean: 0.006321, var: 0.000073",1.7280485242212857,0.07460582268215889,1.6534427015391269,Low
ENSP00000499597,"mean: 0.069757, var: 0.000094","mean: 0.353516, var: 0.001898","mean: 0.897754, var: 0.002400","mean: 0.073053, var: 0.001789","mean: 0.109668, var: 0.000140","mean: 0.065274, var: 0.001172","mean: 0.005288, var: 0.000036","mean: 0.045145, var: 0.000171","mean: 0.029303, var: 0.000142","mean: 0.025951, var: 0.000188","mean: 0.006361, var: 0.000048",1.6598075747462575,0.05292188868038985,1.6068856860658676,Low
ENSP00000490251,"mean: 0.168018, var: 0.000773","mean: 0.198291, var: 0.002166","mean: 0.135754, var: 0.001510","mean: 0.137683, var: 0.005071","mean: 0.093475, var: 0.000403","mean: 0.937109, var: 0.000168","mean: 0.024332, var: 0.000358","mean: 0.065179, var: 0.000511","mean: 0.055585, var: 0.000067","mean: 0.069861, var: 0.000225","mean: 0.079285, var: 0.002719",2.262938518106435,0.08534644157915366,2.1775920765272816,Low
ENSP00000040584,"mean: 0.121106, var: 0.001856","mean: 0.361768, var: 0.004146","mean: 0.830566, var: 0.006012","mean: 0.067343, var: 0.001461","mean: 0.098254, var: 0.001545","mean: 0.176782, var: 0.011425","mean: 0.002828, var: 0.000005","mean: 0.074997, var: 0.000836","mean: 0.089328, var: 0.003900","mean: 0.069003, var: 0.002272","mean: 0.050555, var: 0.004137",2.255682672040141,0.19994251504907412,2.055740156991067,Low
ENSP00000358616,"mean: 0.094385, var: 0.001305","mean: 0.499561, var: 0.001123","mean: 0.612305, var: 0.003354","mean: 0.015161, var: 0.000099","mean: 0.055957, var: 0.000350","mean: 0.094312, var: 0.002722","mean: 0.019774, var: 0.000249","mean: 0.099268, var: 0.001334","mean: 0.107452, var: 0.002594","mean: 0.098520, var: 0.004784","mean: 0.012928, var: 0.000294",2.1484818572529396,0.10947358432162381,2.0390082729313157,Low
ENSP00000436276,"mean: 0.121948, var: 0.002630","mean: 0.348877, var: 0.001250","mean: 0.891406, var: 0.000386","mean: 0.035538, var: 0.000109","mean: 0.126685, var: 0.001742","mean: 0.099280, var: 0.001607","mean: 0.004971, var: 0.000031","mean: 0.078870, var: 0.000227","mean: 0.075818, var: 0.000059","mean: 0.049429, var: 0.000291","mean: 0.043563, var: 0.003025",2.043510182217135,0.07213462652246613,1.971375555694669,Low
ENSP00000216027,"mean: 0.210254, var: 0.002073","mean: 0.166235, var: 0.001187","mean: 0.179797, var: 0.002204","mean: 0.165674, var: 0.003803","mean: 0.109827, var: 0.000632","mean: 0.889746, var: 0.000466","mean: 0.011132, var: 0.000092","mean: 0.112805, var: 0.001572","mean: 0.078308, var: 0.000306","mean: 0.077844, var: 0.000175","mean: 0.057547, var: 0.001397",2.4377759506712713,0.08789242174998871,2.3498835289212825,Low
ENSP00000286317,"mean: 0.065997, var: 0.000551","mean: 0.505811, var: 0.003334","mean: 0.794238, var: 0.003848","mean: 0.026353, var: 0.000414","mean: 0.067804, var: 0.000549","mean: 0.085516, var: 0.001500","mean: 0.011579, var: 0.000131","mean: 0.116718, var: 0.001243","mean: 0.178516, var: 0.001311","mean: 0.116162, var: 0.001829","mean: 0.055264, var: 0.004157",2.215724599919164,0.11415981444404216,2.1015647854751216,Low
ENSP00000421252,"mean: 0.028342, var: 0.000044","mean: 0.318726, var: 0.002529","mean: 0.952051, var: 0.000676","mean: 0.035934, var: 0.000741","mean: 0.019583, var: 0.000043","mean: 0.039134, var: 0.000722","mean: 0.009080, var: 0.000101","mean: 0.024248, var: 0.000068","mean: 0.024957, var: 0.000052","mean: 0.028334, var: 0.000266","mean: 0.006183, var: 0.000052",1.1929851241551552,0.036283607543902564,1.1567015166112526,Low
ENSP00000468681,"mean: 0.060400, var: 0.000505","mean: 0.690723, var: 0.001504","mean: 0.695020, var: 0.007159","mean: 0.093677, var: 0.002781","mean: 0.086694, var: 0.005696","mean: 0.300928, var: 0.009340","mean: 0.018827, var: 0.000516","mean: 0.129468, var: 0.004362","mean: 0.029858, var: 0.000629","mean: 0.091351, var: 0.000782","mean: 0.019013, var: 0.001146",2.211418415275235,0.18403280148047318,2.027385613794762,Low
ENSP00000482500,"mean: 0.043646, var: 0.000052","mean: 0.434229, var: 0.005591","mean: 0.768945, var: 0.002650","mean: 0.063196, var: 0.002229","mean: 0.031018, var: 0.000009","mean: 0.159308, var: 0.005599","mean: 0.017038, var: 0.000339","mean: 0.017932, var: 0.000017","mean: 0.030548, var: 0.000149","mean: 0.035968, var: 0.000148","mean: 0.036774, var: 0.000801",1.7649411135933575,0.09921154816996347,1.6657295654233941,Low
ENSP00000398981,"mean: 0.132391, var: 0.003791","mean: 0.403125, var: 0.002538","mean: 0.822363, var: 0.001328","mean: 0.027747, var: 0.000461","mean: 0.068066, var: 0.000996","mean: 0.232239, var: 0.005194","mean: 0.002936, var: 0.000014","mean: 0.043460, var: 0.000071","mean: 0.049469, var: 0.000344","mean: 0.117310, var: 0.000749","mean: 0.024353, var: 0.000695",2.0601999474288615,0.09686663946657932,1.9633333079622821,Low
ENSP00000323782,"mean: 0.071655, var: 0.000200","mean: 0.469385, var: 0.001589","mean: 0.741113, var: 0.003057","mean: 0.050244, var: 0.000590","mean: 0.081274, var: 0.001100","mean: 0.158411, var: 0.002356","mean: 0.007709, var: 0.000058","mean: 0.068884, var: 0.000601","mean: 0.040558, var: 0.000722","mean: 0.085986, var: 0.001985","mean: 0.023293, var: 0.001005",2.062401785846273,0.08532209006505512,1.9770796957812178,Low
ENSP00000343706,"mean: 0.082501, var: 0.000504","mean: 0.503076, var: 0.001939","mean: 0.787500, var: 0.004186","mean: 0.214551, var: 0.007586","mean: 0.144543, var: 0.014047","mean: 0.216089, var: 0.002966","mean: 0.025173, var: 0.000439","mean: 0.048068, var: 0.000415","mean: 0.076337, var: 0.001429","mean: 0.088428, var: 0.001179","mean: 0.043790, var: 0.001885",2.466899812905281,0.18883222243143533,2.278067590473846,Low
ENSP00000376842,"mean: 0.122388, var: 0.003375","mean: 0.424072, var: 0.004979","mean: 0.853125, var: 0.000862","mean: 0.020477, var: 0.000305","mean: 0.050851, var: 0.000750","mean: 0.209595, var: 0.005574","mean: 0.003345, var: 0.000018","mean: 0.042609, var: 0.000120","mean: 0.056598, var: 0.000438","mean: 0.158679, var: 0.001163","mean: 0.031039, var: 0.001277",2.030958234929648,0.10951920014301082,1.9214390347866375,Low
ENSP00000358775,"mean: 0.237646, var: 0.000987","mean: 0.135461, var: 0.000756","mean: 0.145227, var: 0.001895","mean: 0.110120, var: 0.002936","mean: 0.130298, var: 0.000793","mean: 0.879297, var: 0.000877","mean: 0.024462, var: 0.000437","mean: 0.089966, var: 0.000772","mean: 0.072430, var: 0.000628","mean: 0.081329, var: 0.000356","mean: 0.108466, var: 0.002059",2.4566747252105188,0.08219487185655361,2.3744798533539653,Low
ENSP00000410924,"mean: 0.066455, var: 0.000410","mean: 0.431201, var: 0.003043","mean: 0.822070, var: 0.004078","mean: 0.168408, var: 0.004647","mean: 0.074078, var: 0.000453","mean: 0.139233, var: 0.000397","mean: 0.002897, var: 0.000014","mean: 0.072818, var: 0.001265","mean: 0.110754, var: 0.002076","mean: 0.264185, var: 0.002094","mean: 0.031658, var: 0.000826",2.3836385094833723,0.1150169336829196,2.2686215758004526,Low
ENSP00000447690,"mean: 0.086353, var: 0.000067","mean: 0.540186, var: 0.004105","mean: 0.573730, var: 0.000982","mean: 0.105444, var: 0.001742","mean: 0.058136, var: 0.000389","mean: 0.168555, var: 0.008051","mean: 0.015903, var: 0.000238","mean: 0.097974, var: 0.002002","mean: 0.065381, var: 0.000860","mean: 0.238159, var: 0.006923","mean: 0.025816, var: 0.000644",2.4735487278284074,0.14260169870243414,2.3309470291259733,Low
ENSP00000354633,"mean: 0.045334, var: 0.000125","mean: 0.225903, var: 0.001299","mean: 0.868164, var: 0.004217","mean: 0.061066, var: 0.000554","mean: 0.051566, var: 0.000430","mean: 0.080713, var: 0.001427","mean: 0.004879, var: 0.000020","mean: 0.057050, var: 0.000314","mean: 0.042293, var: 0.000554","mean: 0.024922, var: 0.000270","mean: 0.005015, var: 0.000044",1.5675044882477733,0.059214026475634216,1.508290461772139,Low
ENSP00000402496,"mean: 0.112488, var: 0.001313","mean: 0.410303, var: 0.005893","mean: 0.882910, var: 0.000897","mean: 0.012270, var: 0.000075","mean: 0.085828, var: 0.001110","mean: 0.137433, var: 0.002281","mean: 0.005611, var: 0.000039","mean: 0.063165, var: 0.000491","mean: 0.098926, var: 0.001761","mean: 0.056677, var: 0.000384","mean: 0.013997, var: 0.000187",1.9135717491268112,0.08732411684712553,1.8262476322796857,Low
ENSP00000404402,"mean: 0.058630, var: 0.000022","mean: 0.352563, var: 0.008395","mean: 0.788379, var: 0.004530","mean: 0.120764, var: 0.006248","mean: 0.036487, var: 0.000157","mean: 0.132410, var: 0.003227","mean: 0.011585, var: 0.000152","mean: 0.045901, var: 0.000336","mean: 0.060883, var: 0.000301","mean: 0.053818, var: 0.000417","mean: 0.016669, var: 0.000384",1.95410809445167,0.12913246467274012,1.82497562977893,Low
ENSP00000434572,"mean: 0.138965, var: 0.001187","mean: 0.238501, var: 0.001003","mean: 0.751074, var: 0.002451","mean: 0.092120, var: 0.004398","mean: 0.083801, var: 0.000704","mean: 0.268030, var: 0.012748","mean: 0.024595, var: 0.001074","mean: 0.051868, var: 0.001192","mean: 0.050694, var: 0.000763","mean: 0.098923, var: 0.002712","mean: 0.076108, var: 0.007335",2.4321094037705273,0.1871748171487713,2.244934586621756,Low
ENSP00000321445,"mean: 0.089886, var: 0.002048","mean: 0.311670, var: 0.004100","mean: 0.906641, var: 0.002003","mean: 0.049387, var: 0.000817","mean: 0.060761, var: 0.000366","mean: 0.288794, var: 0.014012","mean: 0.005298, var: 0.000037","mean: 0.025020, var: 0.000046","mean: 0.039908, var: 0.000134","mean: 0.064935, var: 0.000634","mean: 0.025233, var: 0.000495",1.8651875966959564,0.12662832890103234,1.738559267794924,Low
ENSP00000397198,"mean: 0.339160, var: 0.002396","mean: 0.122034, var: 0.000304","mean: 0.113098, var: 0.001194","mean: 0.091010, var: 0.001862","mean: 0.098389, var: 0.000279","mean: 0.954199, var: 0.000097","mean: 0.126630, var: 0.009423","mean: 0.059595, var: 0.000453","mean: 0.065247, var: 0.000127","mean: 0.073871, var: 0.000193","mean: 0.090912, var: 0.003779",2.379234066914896,0.11115893912399229,2.2680751277909037,Low
ENSP00000468452,"mean: 0.215137, var: 0.001472","mean: 0.167749, var: 0.000870","mean: 0.159583, var: 0.000901","mean: 0.133911, var: 0.006234","mean: 0.090564, var: 0.000908","mean: 0.955273, var: 0.000017","mean: 0.025461, var: 0.000411","mean: 0.068896, var: 0.000300","mean: 0.056836, var: 0.000140","mean: 0.083020, var: 0.000186","mean: 0.184900, var: 0.004864",2.4128127920809783,0.09462665772046752,2.318186134360511,Low
ENSP00000359518,"mean: 0.042029, var: 0.000074","mean: 0.163953, var: 0.001509","mean: 0.956836, var: 0.000546","mean: 0.049547, var: 0.000817","mean: 0.044788, var: 0.000071","mean: 0.036102, var: 0.000273","mean: 0.095520, var: 0.003740","mean: 0.107312, var: 0.009587","mean: 0.021375, var: 0.000127","mean: 0.023318, var: 0.000076","mean: 0.032607, var: 0.000834",1.6250755814069084,0.09656162540018062,1.5285139560067278,Low
ENSP00000351380,"mean: 0.038855, var: 0.000401","mean: 0.335449, var: 0.001026","mean: 0.834375, var: 0.002200","mean: 0.031766, var: 0.000211","mean: 0.031674, var: 0.000132","mean: 0.191528, var: 0.005928","mean: 0.011916, var: 0.000103","mean: 0.033356, var: 0.000050","mean: 0.035706, var: 0.000523","mean: 0.029510, var: 0.000223","mean: 0.014552, var: 0.000372",1.629868841281608,0.06723478940081727,1.5626340518807909,Low
ENSP00000479619,"mean: 0.089239, var: 0.000780","mean: 0.311304, var: 0.004943","mean: 0.758984, var: 0.002600","mean: 0.154030, var: 0.012397","mean: 0.089771, var: 0.000082","mean: 0.190234, var: 0.007161","mean: 0.016187, var: 0.000636","mean: 0.123877, var: 0.005844","mean: 0.051126, var: 0.000915","mean: 0.035535, var: 0.000335","mean: 0.068503, var: 0.001102",2.388168113673068,0.18919645770426727,2.198971655968801,Low
ENSP00000493140,"mean: 0.062360, var: 0.000123","mean: 0.309814, var: 0.000362","mean: 0.822852, var: 0.005880","mean: 0.234912, var: 0.004347","mean: 0.059869, var: 0.000295","mean: 0.250708, var: 0.006540","mean: 0.009086, var: 0.000149","mean: 0.073071, var: 0.000252","mean: 0.053287, var: 0.000314","mean: 0.050568, var: 0.000307","mean: 0.055225, var: 0.002617",2.253203788607991,0.11708473998757155,2.1361190486204196,Low
ENSP00000497996,"mean: 0.083856, var: 0.001646","mean: 0.270996, var: 0.002431","mean: 0.799316, var: 0.012235","mean: 0.100555, var: 0.002244","mean: 0.045436, var: 0.000592","mean: 0.176373, var: 0.008587","mean: 0.012719, var: 0.000231","mean: 0.117712, var: 0.001072","mean: 0.065292, var: 0.000708","mean: 0.081276, var: 0.003635","mean: 0.026707, var: 0.001646",2.2044868204390484,0.18337558238043444,2.021111238058614,Low
ENSP00000412919,"mean: 0.081055, var: 0.000742","mean: 0.372314, var: 0.002040","mean: 0.786230, var: 0.003989","mean: 0.038542, var: 0.000490","mean: 0.051489, var: 0.000434","mean: 0.213818, var: 0.000413","mean: 0.005485, var: 0.000025","mean: 0.139417, var: 0.000724","mean: 0.146826, var: 0.007910","mean: 0.093436, var: 0.002466","mean: 0.018430, var: 0.000489",2.248703089303141,0.1126530392700974,2.1360500500330435,Low
ENSP00000404796,"mean: 0.114417, var: 0.000247","mean: 0.347852, var: 0.001237","mean: 0.812500, var: 0.005865","mean: 0.057820, var: 0.001062","mean: 0.076385, var: 0.000461","mean: 0.184302, var: 0.000604","mean: 0.015176, var: 0.000270","mean: 0.081873, var: 0.000115","mean: 0.034583, var: 0.000272","mean: 0.053079, var: 0.000728","mean: 0.024580, var: 0.000539",2.0887658312197646,0.0705724584794375,2.018193372740327,Low
ENSP00000409315,"mean: 0.018277, var: 0.000044","mean: 0.482227, var: 0.001132","mean: 0.774219, var: 0.007900","mean: 0.036784, var: 0.000165","mean: 0.018645, var: 0.000027","mean: 0.095093, var: 0.001217","mean: 0.005405, var: 0.000026","mean: 0.089777, var: 0.000846","mean: 0.029999, var: 0.000429","mean: 0.044274, var: 0.000805","mean: 0.010020, var: 0.000145",1.576409152086339,0.07286181296891638,1.5035473391174226,Low
ENSP00000259037,"mean: 0.640918, var: 0.001800","mean: 0.133130, var: 0.000902","mean: 0.086365, var: 0.000371","mean: 0.028323, var: 0.000325","mean: 0.147363, var: 0.001288","mean: 0.952051, var: 0.000054","mean: 0.098938, var: 0.003494","mean: 0.110791, var: 0.000147","mean: 0.040372, var: 0.000099","mean: 0.077454, var: 0.000213","mean: 0.074796, var: 0.003951",2.189267480375763,0.07798474005637261,2.1112827403193903,Low
ENSP00000423100,"mean: 0.060040, var: 0.000192","mean: 0.243066, var: 0.001162","mean: 0.931543, var: 0.002713","mean: 0.037939, var: 0.000911","mean: 0.037723, var: 0.000248","mean: 0.145142, var: 0.003050","mean: 0.007463, var: 0.000060","mean: 0.039987, var: 0.000192","mean: 0.033197, var: 0.000227","mean: 0.023924, var: 0.000371","mean: 0.014403, var: 0.000289",1.535332585890836,0.06104752039990146,1.4742850654909345,Low
ENSP00000438000,"mean: 0.097424, var: 0.000574","mean: 0.347412, var: 0.001817","mean: 0.729102, var: 0.003095","mean: 0.037683, var: 0.000582","mean: 0.051187, var: 0.000369","mean: 0.230640, var: 0.002823","mean: 0.007037, var: 0.000044","mean: 0.127283, var: 0.000649","mean: 0.105487, var: 0.005763","mean: 0.100711, var: 0.002936","mean: 0.021605, var: 0.000466",2.2870796126099773,0.11307123670092407,2.1740083759090534,Low
ENSP00000420933,"mean: 0.083539, var: 0.000221","mean: 0.423926, var: 0.003624","mean: 0.546289, var: 0.013559","mean: 0.131915, var: 0.005747","mean: 0.041479, var: 0.000178","mean: 0.159814, var: 0.010970","mean: 0.019108, var: 0.000442","mean: 0.092987, var: 0.001029","mean: 0.050049, var: 0.000497","mean: 0.132202, var: 0.002382","mean: 0.058685, var: 0.003389",2.4740425749858352,0.20916313855154767,2.2648794364342875,Low
ENSP00000437459,"mean: 0.065710, var: 0.000668","mean: 0.382959, var: 0.003910","mean: 0.643750, var: 0.003976","mean: 0.080792, var: 0.001831","mean: 0.035098, var: 0.000120","mean: 0.098358, var: 0.003513","mean: 0.067616, var: 0.003590","mean: 0.082385, var: 0.001335","mean: 0.009925, var: 0.000051","mean: 0.045972, var: 0.000802","mean: 0.020401, var: 0.000349",2.0335223989907254,0.11906314455651154,1.9144592544342138,Low
ENSP00000222968,"mean: 0.147168, var: 0.001887","mean: 0.400781, var: 0.001003","mean: 0.639844, var: 0.003532","mean: 0.023695, var: 0.000200","mean: 0.126855, var: 0.000984","mean: 0.140125, var: 0.002247","mean: 0.009143, var: 0.000089","mean: 0.059979, var: 0.000194","mean: 0.070868, var: 0.000881","mean: 0.082385, var: 0.000779","mean: 0.015735, var: 0.000293",2.2303991095664246,0.07757775309122288,2.1528213564752017,Low
ENSP00000452545,"mean: 0.064703, var: 0.000578","mean: 0.331274, var: 0.002476","mean: 0.907617, var: 0.003159","mean: 0.100732, var: 0.004932","mean: 0.036320, var: 0.000245","mean: 0.059389, var: 0.001082","mean: 0.013477, var: 0.000252","mean: 0.070996, var: 0.001022","mean: 0.057220, var: 0.000354","mean: 0.031271, var: 0.000269","mean: 0.014846, var: 0.000382",1.7308393803507303,0.09014189150355534,1.640697488847175,Low
ENSP00000453631,"mean: 0.025119, var: 0.000079","mean: 0.444434, var: 0.001523","mean: 0.627344, var: 0.001785","mean: 0.175452, var: 0.003814","mean: 0.029800, var: 0.000159","mean: 0.303760, var: 0.018135","mean: 0.012477, var: 0.000168","mean: 0.030063, var: 0.000022","mean: 0.017329, var: 0.000119","mean: 0.032779, var: 0.000186","mean: 0.033131, var: 0.001572",1.9727038738193865,0.13178390037816343,1.8409199734412232,Low
ENSP00000465068,"mean: 0.087244, var: 0.000637","mean: 0.366650, var: 0.002479","mean: 0.852441, var: 0.000293","mean: 0.079547, var: 0.003128","mean: 0.075085, var: 0.001296","mean: 0.191138, var: 0.002072","mean: 0.027888, var: 0.000426","mean: 0.093573, var: 0.000874","mean: 0.082507, var: 0.000220","mean: 0.050623, var: 0.000060","mean: 0.027032, var: 0.000592",2.2048014405527296,0.07769467475934565,2.127106765793384,Low
ENSP00000419248,"mean: 0.573438, var: 0.002421","mean: 0.157996, var: 0.001229","mean: 0.093896, var: 0.000339","mean: 0.036214, var: 0.000451","mean: 0.109314, var: 0.000791","mean: 0.940918, var: 0.000084","mean: 0.099506, var: 0.003335","mean: 0.142139, var: 0.000739","mean: 0.043259, var: 0.000072","mean: 0.088745, var: 0.000166","mean: 0.075342, var: 0.004481",2.3045090792074943,0.08615149360119012,2.218357585606304,Low
ENSP00000491581,"mean: 0.268579, var: 0.001075","mean: 0.148950, var: 0.001218","mean: 0.091565, var: 0.000895","mean: 0.053101, var: 0.001313","mean: 0.051233, var: 0.000180","mean: 0.943945, var: 0.000216","mean: 0.305786, var: 0.013329","mean: 0.044055, var: 0.000082","mean: 0.037396, var: 0.000162","mean: 0.041550, var: 0.000140","mean: 0.141907, var: 0.004798",2.250180474427789,0.12048628072469542,2.1296941937030933,Low
ENSP00000455088,"mean: 0.189014, var: 0.002192","mean: 0.265454, var: 0.002427","mean: 0.066931, var: 0.000220","mean: 0.086542, var: 0.002763","mean: 0.040161, var: 0.000503","mean: 0.908301, var: 0.000934","mean: 0.428394, var: 0.017761","mean: 0.080472, var: 0.001091","mean: 0.054425, var: 0.000247","mean: 0.076086, var: 0.000754","mean: 0.099915, var: 0.006303",2.4266950345247453,0.17493437169948922,2.251760662825256,Low
ENSP00000452878,"mean: 0.070663, var: 0.000878","mean: 0.143213, var: 0.001121","mean: 0.902930, var: 0.005121","mean: 0.017910, var: 0.000453","mean: 0.045018, var: 0.000320","mean: 0.199927, var: 0.023780","mean: 0.004915, var: 0.000017","mean: 0.085413, var: 0.002797","mean: 0.051650, var: 0.001194","mean: 0.095187, var: 0.005202","mean: 0.022792, var: 0.000357",1.7906093543271362,0.19062651259565586,1.5999828417314803,Low
ENSP00000429628,"mean: 0.076428, var: 0.000342","mean: 0.265259, var: 0.005237","mean: 0.669922, var: 0.003884","mean: 0.207642, var: 0.010332","mean: 0.082220, var: 0.001547","mean: 0.107941, var: 0.001760","mean: 0.001859, var: 0.000006","mean: 0.038861, var: 0.000274","mean: 0.089642, var: 0.000783","mean: 0.072656, var: 0.000785","mean: 0.046635, var: 0.001583",2.2765877041474885,0.14395693280958585,2.1326307713379027,Low
ENSP00000498311,"mean: 0.048651, var: 0.000119","mean: 0.176392, var: 0.001201","mean: 0.838184, var: 0.004154","mean: 0.083945, var: 0.003402","mean: 0.032449, var: 0.000189","mean: 0.158154, var: 0.003166","mean: 0.036077, var: 0.000593","mean: 0.035867, var: 0.000115","mean: 0.024840, var: 0.000147","mean: 0.043515, var: 0.000982","mean: 0.043212, var: 0.002976",1.815130292568463,0.10197190748587776,1.7131583850825851,Low
ENSP00000377133,"mean: 0.106445, var: 0.001607","mean: 0.346436, var: 0.003344","mean: 0.685742, var: 0.002408","mean: 0.053757, var: 0.000994","mean: 0.062616, var: 0.000468","mean: 0.084821, var: 0.001390","mean: 0.028994, var: 0.000886","mean: 0.103955, var: 0.000457","mean: 0.016765, var: 0.000106","mean: 0.037762, var: 0.000157","mean: 0.029167, var: 0.000516",2.03765738826784,0.0795261683324405,1.9581312199353995,Low
ENSP00000452763,"mean: 0.111108, var: 0.000244","mean: 0.215063, var: 0.001509","mean: 0.250586, var: 0.000771","mean: 0.137848, var: 0.006164","mean: 0.047391, var: 0.000298","mean: 0.920996, var: 0.000252","mean: 0.136749, var: 0.004433","mean: 0.056445, var: 0.000297","mean: 0.029677, var: 0.000177","mean: 0.026060, var: 0.000291","mean: 0.151965, var: 0.012165",2.334994525878251,0.137208570555898,2.1977859553223533,Low
ENSP00000452909,"mean: 0.150903, var: 0.000444","mean: 0.190808, var: 0.001533","mean: 0.180762, var: 0.000546","mean: 0.138635, var: 0.005225","mean: 0.046973, var: 0.000248","mean: 0.928613, var: 0.000276","mean: 0.226978, var: 0.008251","mean: 0.062720, var: 0.000526","mean: 0.030855, var: 0.000147","mean: 0.042604, var: 0.000766","mean: 0.146466, var: 0.012422",2.4304059443296038,0.15409761773993338,2.27630832658967,Low
ENSP00000430322,"mean: 0.197876, var: 0.000899","mean: 0.281445, var: 0.004861","mean: 0.219458, var: 0.003316","mean: 0.066840, var: 0.002753","mean: 0.075800, var: 0.000790","mean: 0.960254, var: 0.000299","mean: 0.046170, var: 0.000754","mean: 0.039285, var: 0.000074","mean: 0.044305, var: 0.000171","mean: 0.051709, var: 0.000585","mean: 0.021471, var: 0.000786",2.068425086900169,0.09302002536394358,1.9754050615362253,Low
ENSP00000407265,"mean: 0.051578, var: 0.000940","mean: 0.309692, var: 0.006436","mean: 0.656348, var: 0.006987","mean: 0.094910, var: 0.006698","mean: 0.012305, var: 0.000057","mean: 0.127164, var: 0.004252","mean: 0.025688, var: 0.000506","mean: 0.051764, var: 0.000383","mean: 0.022607, var: 0.000162","mean: 0.016156, var: 0.000089","mean: 0.019473, var: 0.000441",1.808504390771692,0.14351034510794394,1.664994045663748,Low
ENSP00000449287,"mean: 0.073767, var: 0.001188","mean: 0.173987, var: 0.001768","mean: 0.911035, var: 0.003392","mean: 0.011012, var: 0.000171","mean: 0.050433, var: 0.000585","mean: 0.140958, var: 0.010016","mean: 0.007552, var: 0.000055","mean: 0.061310, var: 0.000196","mean: 0.053681, var: 0.001382","mean: 0.098140, var: 0.004241","mean: 0.021095, var: 0.000245",1.7322086055756598,0.1269563150960983,1.6052522904795614,Low
ENSP00000429946,"mean: 0.072070, var: 0.000527","mean: 0.436670, var: 0.005203","mean: 0.728516, var: 0.003563","mean: 0.109875, var: 0.008616","mean: 0.076474, var: 0.000890","mean: 0.086517, var: 0.002717","mean: 0.016766, var: 0.000266","mean: 0.098456, var: 0.001629","mean: 0.026594, var: 0.000230","mean: 0.024601, var: 0.000276","mean: 0.007619, var: 0.000083",1.9546595399626319,0.13230514996039466,1.8223543900022372,Low
ENSP00000345092,"mean: 0.067072, var: 0.000581","mean: 0.426758, var: 0.000726","mean: 0.751758, var: 0.001263","mean: 0.035912, var: 0.001085","mean: 0.047244, var: 0.000314","mean: 0.114569, var: 0.002331","mean: 0.012509, var: 0.000183","mean: 0.091364, var: 0.001724","mean: 0.046118, var: 0.001070","mean: 0.048026, var: 0.000543","mean: 0.018636, var: 0.000229",1.9063750774658053,0.06794606479629435,1.8384290126695109,Low
ENSP00000475656,"mean: 0.039703, var: 0.000040","mean: 0.282935, var: 0.001649","mean: 0.925195, var: 0.001129","mean: 0.260706, var: 0.015946","mean: 0.028864, var: 0.000008","mean: 0.074997, var: 0.000984","mean: 0.005306, var: 0.000025","mean: 0.024808, var: 0.000058","mean: 0.034534, var: 0.000172","mean: 0.034100, var: 0.000108","mean: 0.008715, var: 0.000159",1.5965940480159542,0.09622410570835119,1.500369942307603,Low
ENSP00000411577,"mean: 0.059381, var: 0.000325","mean: 0.164355, var: 0.003256","mean: 0.880762, var: 0.002745","mean: 0.176819, var: 0.011707","mean: 0.088330, var: 0.000098","mean: 0.026432, var: 0.000543","mean: 0.002871, var: 0.000005","mean: 0.104822, var: 0.002024","mean: 0.100098, var: 0.003377","mean: 0.077631, var: 0.000368","mean: 0.009009, var: 0.000102",1.9174801640005383,0.13018465498889106,1.7872955090116474,Low
ENSP00000398116,"mean: 0.068689, var: 0.001365","mean: 0.357178, var: 0.002805","mean: 0.602637, var: 0.014216","mean: 0.036079, var: 0.000878","mean: 0.066895, var: 0.000795","mean: 0.143399, var: 0.018364","mean: 0.037746, var: 0.001467","mean: 0.060748, var: 0.000309","mean: 0.033331, var: 0.000525","mean: 0.032426, var: 0.000545","mean: 0.012809, var: 0.000341",2.010375129673616,0.19405689291089726,1.8163182367627189,Low
ENSP00000465770,"mean: 0.237061, var: 0.001292","mean: 0.136633, var: 0.000987","mean: 0.094470, var: 0.000666","mean: 0.079791, var: 0.001901","mean: 0.073962, var: 0.000591","mean: 0.964355, var: 0.000039","mean: 0.057330, var: 0.001616","mean: 0.060126, var: 0.000519","mean: 0.048138, var: 0.000040","mean: 0.069061, var: 0.000104","mean: 0.293018, var: 0.007349",2.2886921911836375,0.0887785075892229,2.1999136835944144,Low
ENSP00000406227,"mean: 0.055432, var: 0.000254","mean: 0.444824, var: 0.002107","mean: 0.735840, var: 0.001637","mean: 0.060190, var: 0.001160","mean: 0.039166, var: 0.000066","mean: 0.230762, var: 0.003742","mean: 0.040952, var: 0.001471","mean: 0.073444, var: 0.001131","mean: 0.058081, var: 0.000597","mean: 0.080719, var: 0.000722","mean: 0.047334, var: 0.003524",2.2162984847600784,0.1018098625067642,2.1144886222533144,Low
ENSP00000453029,"mean: 0.164746, var: 0.000547","mean: 0.200439, var: 0.001718","mean: 0.209985, var: 0.001345","mean: 0.129272, var: 0.006199","mean: 0.068201, var: 0.000794","mean: 0.932227, var: 0.000200","mean: 0.156915, var: 0.005107","mean: 0.051233, var: 0.000190","mean: 0.034952, var: 0.000299","mean: 0.035736, var: 0.000367","mean: 0.090677, var: 0.004543",2.3568011930994373,0.12123247045776565,2.2355687226416716,Low
ENSP00000301587,"mean: 0.257812, var: 0.000255","mean: 0.269751, var: 0.010209","mean: 0.162439, var: 0.002696","mean: 0.049042, var: 0.001311","mean: 0.040894, var: 0.000314","mean: 0.946680, var: 0.000664","mean: 0.059452, var: 0.003250","mean: 0.041086, var: 0.000186","mean: 0.018241, var: 0.000109","mean: 0.058286, var: 0.000606","mean: 0.070532, var: 0.005268",2.0533010889770593,0.1342968544157648,1.9190042345612945,Low
ENSP00000455108,"mean: 0.077112, var: 0.000242","mean: 0.426855, var: 0.006544","mean: 0.716699, var: 0.002282","mean: 0.149463, var: 0.007211","mean: 0.058850, var: 0.000259","mean: 0.331885, var: 0.011823","mean: 0.006806, var: 0.000050","mean: 0.151282, var: 0.003373","mean: 0.035921, var: 0.000298","mean: 0.099994, var: 0.002602","mean: 0.013103, var: 0.000165",2.3427852563699716,0.17801531263677986,2.1647699437331918,Low
ENSP00000451212,"mean: 0.060352, var: 0.000244","mean: 0.378564, var: 0.006063","mean: 0.750293, var: 0.001842","mean: 0.194519, var: 0.004228","mean: 0.053775, var: 0.000329","mean: 0.229578, var: 0.006635","mean: 0.007915, var: 0.000106","mean: 0.106726, var: 0.000102","mean: 0.096698, var: 0.000977","mean: 0.084985, var: 0.001965","mean: 0.072594, var: 0.003390",2.4691196120335817,0.14381351116499136,2.3253061008685902,Low
ENSP00000445939,"mean: 0.069910, var: 0.000750","mean: 0.355469, var: 0.003938","mean: 0.679980, var: 0.004370","mean: 0.067856, var: 0.001754","mean: 0.040717, var: 0.000118","mean: 0.086334, var: 0.003125","mean: 0.043708, var: 0.001299","mean: 0.074292, var: 0.001233","mean: 0.008429, var: 0.000046","mean: 0.030753, var: 0.000375","mean: 0.018966, var: 0.000341",1.892793389527972,0.10419773708825414,1.788595652439718,Low
ENSP00000506942,"mean: 0.063098, var: 0.000628","mean: 0.238379, var: 0.004537","mean: 0.827930, var: 0.003124","mean: 0.178296, var: 0.003744","mean: 0.058661, var: 0.000609","mean: 0.126434, var: 0.004141","mean: 0.001867, var: 0.000005","mean: 0.081604, var: 0.000046","mean: 0.053333, var: 0.000407","mean: 0.074695, var: 0.000534","mean: 0.006633, var: 0.000049",2.007359795823236,0.10348874736430924,1.9038710484589267,Low
ENSP00000421647,"mean: 0.033566, var: 0.000285","mean: 0.348975, var: 0.001899","mean: 0.812988, var: 0.003283","mean: 0.234619, var: 0.001592","mean: 0.031998, var: 0.000111","mean: 0.106787, var: 0.002881","mean: 0.047908, var: 0.000674","mean: 0.025989, var: 0.000055","mean: 0.021854, var: 0.000063","mean: 0.026205, var: 0.000087","mean: 0.020948, var: 0.000811",1.839196655124377,0.07379339242877186,1.765403262695605,Low
ENSP00000359346,"mean: 0.801172, var: 0.001158","mean: 0.113245, var: 0.000847","mean: 0.245361, var: 0.009616","mean: 0.021486, var: 0.000346","mean: 0.080310, var: 0.000329","mean: 0.879590, var: 0.000885","mean: 0.100861, var: 0.000910","mean: 0.357373, var: 0.000898","mean: 0.075775, var: 0.001352","mean: 0.141028, var: 0.003563","mean: 0.065205, var: 0.007486",2.4157781726116347,0.14843063293862155,2.2673475396730134,Low
ENSP00000408121,"mean: 0.068207, var: 0.000603","mean: 0.334814, var: 0.000455","mean: 0.826660, var: 0.007774","mean: 0.185840, var: 0.004886","mean: 0.072827, var: 0.000592","mean: 0.097308, var: 0.003421","mean: 0.015271, var: 0.000170","mean: 0.082581, var: 0.000229","mean: 0.027516, var: 0.000297","mean: 0.047836, var: 0.000475","mean: 0.010555, var: 0.000221",1.999241829406696,0.10685005941968302,1.892391769987013,Low
ENSP00000296121,"mean: 0.034341, var: 0.000128","mean: 0.227002, var: 0.000880","mean: 0.858789, var: 0.004478","mean: 0.028744, var: 0.000323","mean: 0.013083, var: 0.000040","mean: 0.102585, var: 0.003821","mean: 0.004597, var: 0.000029","mean: 0.054483, var: 0.000734","mean: 0.109860, var: 0.004653","mean: 0.080255, var: 0.001156","mean: 0.012119, var: 0.000109",1.6572991443164318,0.09523395785536898,1.5620651864610628,Low
ENSP00000423915,"mean: 0.050714, var: 0.000181","mean: 0.253613, var: 0.001189","mean: 0.871387, var: 0.002297","mean: 0.093311, var: 0.003791","mean: 0.031256, var: 0.000083","mean: 0.220020, var: 0.004007","mean: 0.013997, var: 0.000345","mean: 0.044196, var: 0.000019","mean: 0.073993, var: 0.000296","mean: 0.036731, var: 0.000171","mean: 0.184332, var: 0.009215",2.105206421708189,0.11759497345661668,1.9876114482515725,Low
ENSP00000361966,"mean: 0.465723, var: 0.004658","mean: 0.167456, var: 0.000979","mean: 0.122400, var: 0.000724","mean: 0.068201, var: 0.001799","mean: 0.132910, var: 0.000703","mean: 0.963477, var: 0.000040","mean: 0.039903, var: 0.000957","mean: 0.100342, var: 0.000432","mean: 0.059003, var: 0.000109","mean: 0.104517, var: 0.000454","mean: 0.138574, var: 0.003874",2.435589447940284,0.08991336709306479,2.3456760808472192,Low
ENSP00000389707,"mean: 0.026260, var: 0.000026","mean: 0.345068, var: 0.001298","mean: 0.957910, var: 0.000677","mean: 0.056393, var: 0.000310","mean: 0.034695, var: 0.000239","mean: 0.066693, var: 0.001168","mean: 0.002168, var: 0.000006","mean: 0.036172, var: 0.000076","mean: 0.039703, var: 0.000229","mean: 0.016250, var: 0.000109","mean: 0.006554, var: 0.000047",1.324643645373289,0.030414877140058243,1.2942287682332307,Low
ENSP00000465618,"mean: 0.224341, var: 0.001105","mean: 0.144604, var: 0.000964","mean: 0.107336, var: 0.000753","mean: 0.080865, var: 0.002046","mean: 0.062646, var: 0.000355","mean: 0.965039, var: 0.000021","mean: 0.063687, var: 0.001744","mean: 0.062982, var: 0.000496","mean: 0.052802, var: 0.000057","mean: 0.070337, var: 0.000103","mean: 0.322485, var: 0.004204",2.322224017644795,0.07470702328579032,2.2475169943590045,Low
ENSP00000261267,"mean: 0.123596, var: 0.000470","mean: 0.100073, var: 0.000152","mean: 0.056268, var: 0.000094","mean: 0.901660, var: 0.002655","mean: 0.129883, var: 0.000458","mean: 0.073691, var: 0.001132","mean: 0.025812, var: 0.000055","mean: 0.156848, var: 0.001399","mean: 0.304639, var: 0.002723","mean: 0.119556, var: 0.001874","mean: 0.025682, var: 0.000291",2.296332169084518,0.0727124840970949,2.223619684987423,Low
ENSP00000450403,"mean: 0.275854, var: 0.001574","mean: 0.139539, var: 0.000585","mean: 0.085242, var: 0.000606","mean: 0.079041, var: 0.001531","mean: 0.081659, var: 0.000613","mean: 0.953223, var: 0.000066","mean: 0.145569, var: 0.007460","mean: 0.037268, var: 0.000060","mean: 0.034888, var: 0.000048","mean: 0.052832, var: 0.000167","mean: 0.085303, var: 0.002511",2.1763224008272317,0.08818313673153193,2.0881392640957,Low
ENSP00000500214,"mean: 0.027324, var: 0.000142","mean: 0.276587, var: 0.001066","mean: 0.907422, var: 0.002558","mean: 0.122336, var: 0.006758","mean: 0.027586, var: 0.000139","mean: 0.099731, var: 0.001693","mean: 0.033623, var: 0.000456","mean: 0.046936, var: 0.000145","mean: 0.034848, var: 0.000080","mean: 0.043091, var: 0.000062","mean: 0.021105, var: 0.000821",1.7195240842840667,0.08161063222314896,1.6379134520609178,Low
ENSP00000469638,"mean: 0.070819, var: 0.000207","mean: 0.304443, var: 0.001468","mean: 0.870313, var: 0.004393","mean: 0.063846, var: 0.003177","mean: 0.066223, var: 0.000105","mean: 0.115112, var: 0.001654","mean: 0.007773, var: 0.000066","mean: 0.037433, var: 0.000276","mean: 0.030838, var: 0.000008","mean: 0.039384, var: 0.000268","mean: 0.007606, var: 0.000082",1.7072551245195906,0.0709618721295321,1.6362932523900584,Low
ENSP00000420102,"mean: 0.075629, var: 0.000310","mean: 0.317822, var: 0.001307","mean: 0.747070, var: 0.002388","mean: 0.148132, var: 0.006167","mean: 0.057935, var: 0.000130","mean: 0.070386, var: 0.000909","mean: 0.014906, var: 0.000159","mean: 0.059387, var: 0.000104","mean: 0.061047, var: 0.000234","mean: 0.038821, var: 0.000622","mean: 0.028750, var: 0.001024",2.0413453312672156,0.0804607855175676,1.960884545749648,Low
ENSP00000486994,"mean: 0.086658, var: 0.000508","mean: 0.287939, var: 0.000472","mean: 0.805078, var: 0.002829","mean: 0.271716, var: 0.008528","mean: 0.083966, var: 0.000427","mean: 0.089038, var: 0.001388","mean: 0.008502, var: 0.000074","mean: 0.089667, var: 0.001197","mean: 0.047418, var: 0.000056","mean: 0.039787, var: 0.000670","mean: 0.039859, var: 0.001850",2.1804680755265546,0.10298166008054108,2.0774864154460135,Low
ENSP00000444620,"mean: 0.082159, var: 0.000462","mean: 0.520752, var: 0.003623","mean: 0.823340, var: 0.004768","mean: 0.041376, var: 0.000791","mean: 0.118530, var: 0.000687","mean: 0.131824, var: 0.002056","mean: 0.008539, var: 0.000055","mean: 0.066663, var: 0.000223","mean: 0.092218, var: 0.000439","mean: 0.069739, var: 0.000445","mean: 0.038958, var: 0.001335",2.109982169588727,0.0908549516096143,2.0191272179791127,Low
ENSP00000392738,"mean: 0.088177, var: 0.000789","mean: 0.407031, var: 0.000628","mean: 0.710449, var: 0.009203","mean: 0.041347, var: 0.000758","mean: 0.030838, var: 0.000259","mean: 0.123578, var: 0.001817","mean: 0.010828, var: 0.000078","mean: 0.071777, var: 0.000460","mean: 0.052432, var: 0.000928","mean: 0.091901, var: 0.001452","mean: 0.018518, var: 0.000457",2.006166093218884,0.09621909335961859,1.9099469998592655,Low
ENSP00000392272,"mean: 0.044843, var: 0.000083","mean: 0.258545, var: 0.001157","mean: 0.868555, var: 0.006472","mean: 0.091492, var: 0.002087","mean: 0.038132, var: 0.000223","mean: 0.134839, var: 0.001630","mean: 0.011622, var: 0.000138","mean: 0.042355, var: 0.000161","mean: 0.016827, var: 0.000095","mean: 0.036229, var: 0.000229","mean: 0.007306, var: 0.000069",1.6354550354398725,0.07253564439386223,1.5629193910460102,Low
ENSP00000433637,"mean: 0.132764, var: 0.001349","mean: 0.375488, var: 0.010230","mean: 0.712793, var: 0.002774","mean: 0.058450, var: 0.001909","mean: 0.090009, var: 0.003939","mean: 0.085193, var: 0.001361","mean: 0.012324, var: 0.000127","mean: 0.043521, var: 0.000143","mean: 0.052768, var: 0.000561","mean: 0.111340, var: 0.002742","mean: 0.029628, var: 0.000987",2.164219586914744,0.14447539622658553,2.0197441906881584,Low
ENSP00000497750,"mean: 0.204199, var: 0.000914","mean: 0.300610, var: 0.006343","mean: 0.207861, var: 0.003324","mean: 0.041740, var: 0.000886","mean: 0.073022, var: 0.000399","mean: 0.956152, var: 0.000162","mean: 0.028860, var: 0.000303","mean: 0.036877, var: 0.000130","mean: 0.051639, var: 0.000400","mean: 0.052997, var: 0.000683","mean: 0.018758, var: 0.000436",1.9861061666877629,0.08332592529694231,1.9027802413908206,Low
ENSP00000419656,"mean: 0.329712, var: 0.003742","mean: 0.180664, var: 0.001200","mean: 0.123718, var: 0.000686","mean: 0.055231, var: 0.001143","mean: 0.148706, var: 0.001055","mean: 0.946484, var: 0.000048","mean: 0.108276, var: 0.002662","mean: 0.080518, var: 0.000852","mean: 0.042841, var: 0.000037","mean: 0.055579, var: 0.000157","mean: 0.077023, var: 0.003974",2.365516318482484,0.09496210722990799,2.270554211252576,Low
ENSP00000417849,"mean: 0.102002, var: 0.000324","mean: 0.323291, var: 0.001310","mean: 0.654785, var: 0.001988","mean: 0.072995, var: 0.004616","mean: 0.087671, var: 0.000889","mean: 0.118637, var: 0.003755","mean: 0.007012, var: 0.000021","mean: 0.107153, var: 0.002759","mean: 0.073389, var: 0.000824","mean: 0.063840, var: 0.001027","mean: 0.007665, var: 0.000042",2.2113112344157937,0.10553422525768168,2.105777009158112,Low
ENSP00000344230,"mean: 0.243994, var: 0.000367","mean: 0.262500, var: 0.009075","mean: 0.150659, var: 0.001673","mean: 0.045360, var: 0.001260","mean: 0.044345, var: 0.000413","mean: 0.954395, var: 0.000692","mean: 0.073424, var: 0.005316","mean: 0.035831, var: 0.000121","mean: 0.017360, var: 0.000079","mean: 0.048303, var: 0.000345","mean: 0.071568, var: 0.005528",2.0199544535865375,0.13408361184284284,1.8858708417436947,Low
ENSP00000342787,"mean: 0.091833, var: 0.000127","mean: 0.192053, var: 0.001902","mean: 0.211865, var: 0.002373","mean: 0.090344, var: 0.003365","mean: 0.037567, var: 0.000183","mean: 0.937402, var: 0.000097","mean: 0.225769, var: 0.007538","mean: 0.028711, var: 0.000085","mean: 0.018041, var: 0.000057","mean: 0.014797, var: 0.000081","mean: 0.058535, var: 0.004659",2.0048617588471416,0.11298249832654467,1.891879260520597,Low
ENSP00000358111,"mean: 0.052350, var: 0.000108","mean: 0.246973, var: 0.000097","mean: 0.906445, var: 0.001798","mean: 0.248816, var: 0.012686","mean: 0.023207, var: 0.000061","mean: 0.067307, var: 0.001268","mean: 0.007703, var: 0.000079","mean: 0.087146, var: 0.000437","mean: 0.040875, var: 0.000244","mean: 0.043369, var: 0.000223","mean: 0.012484, var: 0.000438",1.775551128314761,0.0891283347618211,1.68642279355294,Low
ENSP00000481703,"mean: 0.603711, var: 0.001726","mean: 0.140955, var: 0.000807","mean: 0.097437, var: 0.000360","mean: 0.025172, var: 0.000285","mean: 0.147290, var: 0.001306","mean: 0.949512, var: 0.000063","mean: 0.133301, var: 0.006064","mean: 0.093262, var: 0.000095","mean: 0.040344, var: 0.000131","mean: 0.072833, var: 0.000284","mean: 0.090393, var: 0.006209",2.2591659627140888,0.09805970694320136,2.1611062557708873,Low
ENSP00000431594,"mean: 0.084210, var: 0.000854","mean: 0.411865, var: 0.005594","mean: 0.797266, var: 0.001316","mean: 0.188037, var: 0.016598","mean: 0.068860, var: 0.000129","mean: 0.123596, var: 0.002436","mean: 0.008623, var: 0.000102","mean: 0.106470, var: 0.000965","mean: 0.072357, var: 0.000522","mean: 0.039058, var: 0.000243","mean: 0.036921, var: 0.000691",2.2291851473920827,0.14625043697972204,2.082934710412361,Low
ENSP00000427425,"mean: 0.081061, var: 0.000537","mean: 0.330542, var: 0.006132","mean: 0.887891, var: 0.001793","mean: 0.071477, var: 0.003061","mean: 0.086780, var: 0.000805","mean: 0.089828, var: 0.002130","mean: 0.004618, var: 0.000032","mean: 0.040002, var: 0.000126","mean: 0.026947, var: 0.000186","mean: 0.047647, var: 0.000376","mean: 0.021624, var: 0.000508",1.7712605182340546,0.09305142263928598,1.6782090955947686,Low
ENSP00000389518,"mean: 0.049524, var: 0.000118","mean: 0.379980, var: 0.002063","mean: 0.794629, var: 0.001282","mean: 0.102997, var: 0.006922","mean: 0.035397, var: 0.000033","mean: 0.150891, var: 0.002992","mean: 0.180176, var: 0.003973","mean: 0.052942, var: 0.000145","mean: 0.032742, var: 0.000236","mean: 0.133398, var: 0.005880","mean: 0.039073, var: 0.002296",2.3086524546294247,0.14388070595079067,2.164771748678634,Low
ENSP00000469138,"mean: 0.087177, var: 0.000319","mean: 0.568262, var: 0.012616","mean: 0.682715, var: 0.003354","mean: 0.102612, var: 0.001594","mean: 0.100092, var: 0.001341","mean: 0.258496, var: 0.001075","mean: 0.006303, var: 0.000065","mean: 0.108685, var: 0.001216","mean: 0.065851, var: 0.000204","mean: 0.121899, var: 0.005331","mean: 0.023704, var: 0.000651",2.4056833216708795,0.1465341936890714,2.259149127981808,Low
ENSP00000485966,"mean: 0.281494, var: 0.001035","mean: 0.187451, var: 0.001577","mean: 0.067755, var: 0.000157","mean: 0.149597, var: 0.004694","mean: 0.064087, var: 0.000447","mean: 0.933691, var: 0.000361","mean: 0.355811, var: 0.006341","mean: 0.070038, var: 0.000515","mean: 0.029660, var: 0.000033","mean: 0.056799, var: 0.000019","mean: 0.094562, var: 0.005163",2.4215751179675697,0.11386512405223784,2.307709993915332,Low
ENSP00000446944,"mean: 0.145093, var: 0.000609","mean: 0.277856, var: 0.004658","mean: 0.759375, var: 0.005448","mean: 0.084468, var: 0.001382","mean: 0.046594, var: 0.000205","mean: 0.215820, var: 0.014117","mean: 0.019528, var: 0.000131","mean: 0.113733, var: 0.001021","mean: 0.079120, var: 0.001012","mean: 0.127832, var: 0.003837","mean: 0.055060, var: 0.001802",2.474895978873171,0.17681801450434106,2.29807796436883,Low
ENSP00000388737,"mean: 0.041626, var: 0.000130","mean: 0.394629, var: 0.002758","mean: 0.868555, var: 0.003736","mean: 0.133374, var: 0.002569","mean: 0.035629, var: 0.000286","mean: 0.155548, var: 0.006276","mean: 0.020590, var: 0.000567","mean: 0.150867, var: 0.002625","mean: 0.063943, var: 0.001285","mean: 0.041408, var: 0.000378","mean: 0.070720, var: 0.003194",2.158925655271973,0.1375013299548728,2.0214243253171005,Low
ENSP00000468584,"mean: 0.228003, var: 0.001079","mean: 0.151355, var: 0.000835","mean: 0.101465, var: 0.000657","mean: 0.088531, var: 0.002387","mean: 0.067822, var: 0.000451","mean: 0.963965, var: 0.000041","mean: 0.068289, var: 0.001995","mean: 0.059491, var: 0.000377","mean: 0.046875, var: 0.000065","mean: 0.071149, var: 0.000061","mean: 0.380029, var: 0.010994",2.3378698429638827,0.10259047156827478,2.235279371395608,Low
ENSP00000401109,"mean: 0.067603, var: 0.000054","mean: 0.275586, var: 0.005339","mean: 0.790039, var: 0.003070","mean: 0.038167, var: 0.000511","mean: 0.030328, var: 0.000092","mean: 0.126697, var: 0.002576","mean: 0.003354, var: 0.000012","mean: 0.062677, var: 0.000524","mean: 0.048013, var: 0.000362","mean: 0.057504, var: 0.000621","mean: 0.019476, var: 0.000357",1.795347144713622,0.08069079424402559,1.7146563504695964,Low
ENSP00000467551,"mean: 0.138696, var: 0.001364","mean: 0.256006, var: 0.002220","mean: 0.707617, var: 0.003366","mean: 0.194006, var: 0.008829","mean: 0.108264, var: 0.000894","mean: 0.131146, var: 0.001543","mean: 0.005182, var: 0.000038","mean: 0.078363, var: 0.000381","mean: 0.105457, var: 0.000520","mean: 0.049612, var: 0.000990","mean: 0.040266, var: 0.002307",2.4351861325453084,0.12792790094448364,2.3072582316008248,Low
ENSP00000495456,"mean: 0.040100, var: 0.000150","mean: 0.239648, var: 0.000196","mean: 0.863086, var: 0.002745","mean: 0.048364, var: 0.000359","mean: 0.024295, var: 0.000247","mean: 0.196191, var: 0.002040","mean: 0.019425, var: 0.000229","mean: 0.079822, var: 0.001439","mean: 0.028074, var: 0.000451","mean: 0.034132, var: 0.000246","mean: 0.010511, var: 0.000146",1.6965713733511434,0.0548581988324056,1.6417131745187379,Low
ENSP00000474372,"mean: 0.082373, var: 0.001042","mean: 0.494238, var: 0.003188","mean: 0.637988, var: 0.001927","mean: 0.036916, var: 0.000867","mean: 0.045483, var: 0.000399","mean: 0.077827, var: 0.003999","mean: 0.051862, var: 0.003871","mean: 0.137732, var: 0.003357","mean: 0.083215, var: 0.004224","mean: 0.187732, var: 0.004129","mean: 0.016293, var: 0.000584",2.3162715858857017,0.1595821127042971,2.156689473181405,Low
ENSP00000369176,"mean: 0.721094, var: 0.000986","mean: 0.124475, var: 0.000656","mean: 0.155579, var: 0.001394","mean: 0.073366, var: 0.001836","mean: 0.067859, var: 0.000451","mean: 0.861621, var: 0.000511","mean: 0.055792, var: 0.002409","mean: 0.235889, var: 0.001490","mean: 0.077002, var: 0.000674","mean: 0.131409, var: 0.001682","mean: 0.079726, var: 0.004592",2.45465800443787,0.10431754246488774,2.350340461972982,Low
ENSP00000421946,"mean: 0.067853, var: 0.000533","mean: 0.439502, var: 0.007417","mean: 0.817676, var: 0.001627","mean: 0.158008, var: 0.006565","mean: 0.053589, var: 0.000093","mean: 0.084906, var: 0.003198","mean: 0.007011, var: 0.000067","mean: 0.074927, var: 0.000891","mean: 0.050098, var: 0.000523","mean: 0.063641, var: 0.000544","mean: 0.011212, var: 0.000184",1.9707862846337816,0.11959603302606234,1.8511902516077192,Low
ENSP00000344128,"mean: 0.083618, var: 0.000721","mean: 0.322583, var: 0.008068","mean: 0.622266, var: 0.009085","mean: 0.665820, var: 0.000830","mean: 0.089294, var: 0.002030","mean: 0.076361, var: 0.001000","mean: 0.043130, var: 0.000941","mean: 0.091980, var: 0.001270","mean: 0.038425, var: 0.000213","mean: 0.050708, var: 0.000145","mean: 0.045853, var: 0.001247",2.3234344373509828,0.13863592680643752,2.184798510544545,Low
ENSP00000236412,"mean: 0.117529, var: 0.000432","mean: 0.354785, var: 0.001327","mean: 0.837891, var: 0.001216","mean: 0.073253, var: 0.003041","mean: 0.077179, var: 0.000510","mean: 0.113696, var: 0.002722","mean: 0.034845, var: 0.000547","mean: 0.150891, var: 0.003043","mean: 0.076013, var: 0.000035","mean: 0.073932, var: 0.000452","mean: 0.032217, var: 0.000939",2.305299290027546,0.08999677647346434,2.215302513554082,Low
ENSP00000452217,"mean: 0.074097, var: 0.000233","mean: 0.312354, var: 0.001959","mean: 0.816699, var: 0.005249","mean: 0.144849, var: 0.014354","mean: 0.032814, var: 0.000165","mean: 0.156213, var: 0.007614","mean: 0.032405, var: 0.001588","mean: 0.057324, var: 0.000461","mean: 0.045578, var: 0.000402","mean: 0.030681, var: 0.000294","mean: 0.076788, var: 0.006709",2.123422287654741,0.1940998829114548,1.9293224047432862,Low
ENSP00000423982,"mean: 0.063943, var: 0.001074","mean: 0.405811, var: 0.005572","mean: 0.778711, var: 0.002274","mean: 0.060115, var: 0.001592","mean: 0.076282, var: 0.000233","mean: 0.138562, var: 0.001600","mean: 0.011329, var: 0.000144","mean: 0.037219, var: 0.000126","mean: 0.064093, var: 0.001161","mean: 0.046420, var: 0.000113","mean: 0.014563, var: 0.000221",1.9291890106058953,0.08575200044286718,1.8434370101630282,Low
ENSP00000391446,"mean: 0.079871, var: 0.000466","mean: 0.720020, var: 0.002664","mean: 0.254028, var: 0.007700","mean: 0.042565, var: 0.001994","mean: 0.083582, var: 0.001395","mean: 0.357764, var: 0.014735","mean: 0.025700, var: 0.000349","mean: 0.244458, var: 0.039387","mean: 0.075002, var: 0.004053","mean: 0.085645, var: 0.001702","mean: 0.012368, var: 0.000371",2.3935607328475816,0.30683525181063265,2.086725481036949,Low
ENSP00000430617,"mean: 0.111499, var: 0.000594","mean: 0.444141, var: 0.004275","mean: 0.686133, var: 0.003902","mean: 0.107256, var: 0.007158","mean: 0.090204, var: 0.000854","mean: 0.123297, var: 0.003256","mean: 0.014363, var: 0.000214","mean: 0.123230, var: 0.000597","mean: 0.044832, var: 0.000560","mean: 0.038119, var: 0.000388","mean: 0.013347, var: 0.000250",2.2183528775518235,0.12496435342527501,2.0933885241265484,Low
ENSP00000419578,"mean: 0.799414, var: 0.000954","mean: 0.081921, var: 0.000746","mean: 0.118677, var: 0.001153","mean: 0.032754, var: 0.000377","mean: 0.051337, var: 0.000271","mean: 0.917871, var: 0.000377","mean: 0.156604, var: 0.005714","mean: 0.269385, var: 0.001849","mean: 0.113733, var: 0.002671","mean: 0.133838, var: 0.003035","mean: 0.152077, var: 0.019529",2.4264557302211256,0.17940563256129655,2.247050097659829,Low
ENSP00000392230,"mean: 0.106458, var: 0.000675","mean: 0.226807, var: 0.000243","mean: 0.892383, var: 0.001552","mean: 0.041949, var: 0.000963","mean: 0.055743, var: 0.000098","mean: 0.155103, var: 0.001419","mean: 0.006939, var: 0.000036","mean: 0.094397, var: 0.001314","mean: 0.060086, var: 0.000602","mean: 0.054565, var: 0.000456","mean: 0.106073, var: 0.006669",2.082536312301561,0.08437358621200068,1.9981627260895605,Low
ENSP00000407711,"mean: 0.114026, var: 0.000796","mean: 0.451514, var: 0.005524","mean: 0.786035, var: 0.001010","mean: 0.038394, var: 0.000554","mean: 0.069617, var: 0.000491","mean: 0.246533, var: 0.004691","mean: 0.002180, var: 0.000006","mean: 0.043018, var: 0.000161","mean: 0.074030, var: 0.001256","mean: 0.129333, var: 0.001556","mean: 0.032903, var: 0.001207",2.170018344485586,0.10244944095442131,2.0675689035311646,Low
ENSP00000340691,"mean: 0.153784, var: 0.000749","mean: 0.679492, var: 0.001322","mean: 0.595703, var: 0.009993","mean: 0.021046, var: 0.000182","mean: 0.207788, var: 0.000901","mean: 0.103503, var: 0.002533","mean: 0.009661, var: 0.000066","mean: 0.069812, var: 0.000086","mean: 0.090802, var: 0.000557","mean: 0.082941, var: 0.000271","mean: 0.050113, var: 0.001360",2.3065688465266616,0.10003727426273037,2.2065315722639314,Low
ENSP00000459534,"mean: 0.045343, var: 0.000112","mean: 0.311377, var: 0.004430","mean: 0.737891, var: 0.003844","mean: 0.109363, var: 0.004391","mean: 0.035516, var: 0.000224","mean: 0.152246, var: 0.004951","mean: 0.109256, var: 0.005861","mean: 0.057965, var: 0.000171","mean: 0.070322, var: 0.002963","mean: 0.066049, var: 0.002049","mean: 0.049697, var: 0.004728",2.2973172378484543,0.18525859445907045,2.1120586433893838,Low
ENSP00000451213,"mean: 0.163574, var: 0.005338","mean: 0.253345, var: 0.000709","mean: 0.828906, var: 0.002169","mean: 0.031549, var: 0.000260","mean: 0.121301, var: 0.004274","mean: 0.066061, var: 0.000640","mean: 0.010841, var: 0.000145","mean: 0.072076, var: 0.000831","mean: 0.071634, var: 0.000911","mean: 0.052142, var: 0.001085","mean: 0.033646, var: 0.000692",2.0395525933480827,0.10255466184456781,1.9369979315035148,Low
ENSP00000426615,"mean: 0.029486, var: 0.000041","mean: 0.300293, var: 0.000131","mean: 0.921289, var: 0.002766","mean: 0.171777, var: 0.004737","mean: 0.030415, var: 0.000185","mean: 0.117896, var: 0.002295","mean: 0.021441, var: 0.000681","mean: 0.032730, var: 0.000056","mean: 0.015729, var: 0.000120","mean: 0.018038, var: 0.000175","mean: 0.028844, var: 0.001442",1.635889122302316,0.07631369217112795,1.559575430131188,Low
ENSP00000297983,"mean: 0.734863, var: 0.001949","mean: 0.120898, var: 0.000603","mean: 0.147302, var: 0.001135","mean: 0.059572, var: 0.001399","mean: 0.077429, var: 0.000799","mean: 0.849414, var: 0.000578","mean: 0.048451, var: 0.001991","mean: 0.225977, var: 0.001882","mean: 0.076434, var: 0.000762","mean: 0.119672, var: 0.001371","mean: 0.070021, var: 0.003413",2.3882560682463443,0.10162008893769353,2.2866359793086506,Low
ENSP00000263384,"mean: 0.052979, var: 0.000294","mean: 0.323511, var: 0.002059","mean: 0.778027, var: 0.004329","mean: 0.083099, var: 0.002367","mean: 0.050040, var: 0.000136","mean: 0.077206, var: 0.001318","mean: 0.002940, var: 0.000007","mean: 0.044058, var: 0.000151","mean: 0.033743, var: 0.000598","mean: 0.054633, var: 0.000380","mean: 0.005233, var: 0.000028",1.7257173751169024,0.07208978589300179,1.6536275892239005,Low
ENSP00000344547,"mean: 0.076111, var: 0.000123","mean: 0.354712, var: 0.009038","mean: 0.900293, var: 0.000701","mean: 0.288593, var: 0.047353","mean: 0.096362, var: 0.000726","mean: 0.119214, var: 0.004558","mean: 0.006598, var: 0.000037","mean: 0.092456, var: 0.002055","mean: 0.021114, var: 0.000440","mean: 0.054291, var: 0.000351","mean: 0.004359, var: 0.000053",2.0124657540876543,0.2427981057577647,1.7696676483298897,Low
ENSP00000342895,"mean: 0.301172, var: 0.002803","mean: 0.160022, var: 0.001357","mean: 0.124268, var: 0.000994","mean: 0.073770, var: 0.002703","mean: 0.115149, var: 0.001434","mean: 0.953809, var: 0.000020","mean: 0.034790, var: 0.000824","mean: 0.063879, var: 0.000457","mean: 0.031174, var: 0.000097","mean: 0.059467, var: 0.000282","mean: 0.064395, var: 0.001934",2.1452319291114454,0.08256070190780423,2.062671227203641,Low
ENSP00000467027,"mean: 0.091058, var: 0.000839","mean: 0.396143, var: 0.004545","mean: 0.760449, var: 0.003098","mean: 0.079572, var: 0.004224","mean: 0.090033, var: 0.000802","mean: 0.078436, var: 0.002221","mean: 0.017528, var: 0.000225","mean: 0.138489, var: 0.002278","mean: 0.049307, var: 0.000584","mean: 0.106714, var: 0.000507","mean: 0.025481, var: 0.000867",2.2364507262648976,0.12078012251271077,2.1156706037521866,Low
ENSP00000386519,"mean: 0.077832, var: 0.000140","mean: 0.348682, var: 0.009776","mean: 0.900391, var: 0.000617","mean: 0.272852, var: 0.044918","mean: 0.092767, var: 0.000593","mean: 0.118738, var: 0.004326","mean: 0.006207, var: 0.000033","mean: 0.096790, var: 0.002296","mean: 0.021990, var: 0.000489","mean: 0.055518, var: 0.000390","mean: 0.004662, var: 0.000060",2.0155740803515756,0.24003489952391982,1.7755391808276557,Low
ENSP00000388120,"mean: 0.085254, var: 0.001225","mean: 0.352002, var: 0.002687","mean: 0.904297, var: 0.000431","mean: 0.018323, var: 0.000286","mean: 0.060657, var: 0.000184","mean: 0.057956, var: 0.000437","mean: 0.005716, var: 0.000024","mean: 0.068597, var: 0.000651","mean: 0.063519, var: 0.000129","mean: 0.032377, var: 0.000182","mean: 0.003882, var: 0.000025",1.5977720383319336,0.0427743822657932,1.5549976560661405,Low
ENSP00000379634,"mean: 0.064172, var: 0.000597","mean: 0.312402, var: 0.003599","mean: 0.851465, var: 0.001948","mean: 0.036462, var: 0.001033","mean: 0.072687, var: 0.000122","mean: 0.100806, var: 0.002391","mean: 0.012922, var: 0.000158","mean: 0.032846, var: 0.000314","mean: 0.022913, var: 0.000214","mean: 0.013557, var: 0.000164","mean: 0.016393, var: 0.000294",1.599826861091936,0.06902866485656194,1.530798196235374,Low
ENSP00000456106,"mean: 0.090076, var: 0.000537","mean: 0.420947, var: 0.000670","mean: 0.812500, var: 0.001118","mean: 0.062474, var: 0.002634","mean: 0.071680, var: 0.000714","mean: 0.189258, var: 0.005039","mean: 0.013960, var: 0.000268","mean: 0.099731, var: 0.000598","mean: 0.075534, var: 0.001153","mean: 0.074927, var: 0.000579","mean: 0.037213, var: 0.001840",2.2282370435968946,0.09436048832406324,2.133876555272831,Low
ENSP00000393552,"mean: 0.058307, var: 0.000234","mean: 0.313721, var: 0.001022","mean: 0.891016, var: 0.001761","mean: 0.054279, var: 0.000794","mean: 0.101038, var: 0.000279","mean: 0.106635, var: 0.002018","mean: 0.012255, var: 0.000120","mean: 0.090674, var: 0.000255","mean: 0.090503, var: 0.000683","mean: 0.042593, var: 0.000271","mean: 0.032980, var: 0.001203",1.9966237494740273,0.059117201213918114,1.9375065482601093,Low
ENSP00000392615,"mean: 0.137378, var: 0.001157","mean: 0.495752, var: 0.008940","mean: 0.746484, var: 0.003297","mean: 0.146301, var: 0.007423","mean: 0.133179, var: 0.001226","mean: 0.114893, var: 0.001223","mean: 0.006422, var: 0.000049","mean: 0.101501, var: 0.000276","mean: 0.052191, var: 0.000101","mean: 0.049580, var: 0.000601","mean: 0.012394, var: 0.000219",2.259210588039754,0.1316330762098378,2.1275775118299163,Low
ENSP00000370125,"mean: 0.104871, var: 0.001020","mean: 0.302856, var: 0.001219","mean: 0.824805, var: 0.005033","mean: 0.377759, var: 0.011697","mean: 0.189453, var: 0.000774","mean: 0.195911, var: 0.017223","mean: 0.034183, var: 0.000323","mean: 0.030365, var: 0.000188","mean: 0.012368, var: 0.000074","mean: 0.055542, var: 0.001040","mean: 0.007374, var: 0.000024",2.2319861598037503,0.1816837661311917,2.0503023936725584,Low
ENSP00000502954,"mean: 0.353809, var: 0.002612","mean: 0.150745, var: 0.001028","mean: 0.088965, var: 0.000440","mean: 0.072922, var: 0.002419","mean: 0.144470, var: 0.001781","mean: 0.950293, var: 0.000008","mean: 0.142224, var: 0.004412","mean: 0.072693, var: 0.000654","mean: 0.048456, var: 0.000068","mean: 0.067462, var: 0.000240","mean: 0.083136, var: 0.001879",2.3902890723391317,0.09511868620255938,2.295170386136572,Low
ENSP00000242152,"mean: 0.192993, var: 0.002416","mean: 0.095093, var: 0.000030","mean: 0.071045, var: 0.000200","mean: 0.885449, var: 0.001621","mean: 0.145789, var: 0.000795","mean: 0.064264, var: 0.001417","mean: 0.008424, var: 0.000014","mean: 0.289868, var: 0.009154","mean: 0.140698, var: 0.001205","mean: 0.269507, var: 0.003492","mean: 0.013808, var: 0.000048",2.3815735330958048,0.11341360621819113,2.2681599268776136,Low
ENSP00000476323,"mean: 0.466895, var: 0.006289","mean: 0.146973, var: 0.000684","mean: 0.141724, var: 0.000723","mean: 0.059534, var: 0.001651","mean: 0.123462, var: 0.000800","mean: 0.961133, var: 0.000067","mean: 0.042242, var: 0.001031","mean: 0.097485, var: 0.000719","mean: 0.056647, var: 0.000160","mean: 0.096106, var: 0.000843","mean: 0.120044, var: 0.002251",2.3815008875392176,0.09239766643550404,2.2891032211037134,Low
ENSP00000436308,"mean: 0.060828, var: 0.000226","mean: 0.281396, var: 0.001341","mean: 0.887207, var: 0.001581","mean: 0.054373, var: 0.000749","mean: 0.103723, var: 0.000394","mean: 0.136731, var: 0.001637","mean: 0.012582, var: 0.000125","mean: 0.087939, var: 0.000437","mean: 0.084656, var: 0.000710","mean: 0.043478, var: 0.000273","mean: 0.030364, var: 0.001115",2.0190170797425004,0.0594178621134313,1.959599217629069,Low
ENSP00000502992,"mean: 0.251245, var: 0.001453","mean: 0.190161, var: 0.001230","mean: 0.144458, var: 0.000385","mean: 0.080630, var: 0.003669","mean: 0.073315, var: 0.000395","mean: 0.911816, var: 0.000857","mean: 0.379346, var: 0.007577","mean: 0.056458, var: 0.000193","mean: 0.024176, var: 0.000076","mean: 0.050250, var: 0.000222","mean: 0.082977, var: 0.003147",2.3977555696759376,0.10985066567238609,2.2879049040035517,Low
ENSP00000464939,"mean: 0.066370, var: 0.000542","mean: 0.341113, var: 0.001979","mean: 0.787207, var: 0.003469","mean: 0.042456, var: 0.001348","mean: 0.049664, var: 0.000116","mean: 0.066052, var: 0.001183","mean: 0.006037, var: 0.000022","mean: 0.077716, var: 0.001057","mean: 0.030571, var: 0.000247","mean: 0.062317, var: 0.000369","mean: 0.008135, var: 0.000070",1.7461048086808917,0.0670883903734539,1.6790164183074379,Low
ENSP00000454415,"mean: 0.226392, var: 0.000555","mean: 0.125171, var: 0.000598","mean: 0.124634, var: 0.000548","mean: 0.065329, var: 0.001581","mean: 0.062347, var: 0.000232","mean: 0.934766, var: 0.000168","mean: 0.180225, var: 0.007959","mean: 0.044873, var: 0.000094","mean: 0.033228, var: 0.000118","mean: 0.050806, var: 0.000170","mean: 0.116919, var: 0.003762",2.2338179134181617,0.0891869905222208,2.144630922895941,Low
ENSP00000422500,"mean: 0.033368, var: 0.000083","mean: 0.315479, var: 0.001529","mean: 0.915625, var: 0.001710","mean: 0.160022, var: 0.004037","mean: 0.033276, var: 0.000293","mean: 0.152405, var: 0.002082","mean: 0.014521, var: 0.000194","mean: 0.055231, var: 0.000961","mean: 0.021913, var: 0.000112","mean: 0.017219, var: 0.000112","mean: 0.025286, var: 0.000951",1.7193659761391962,0.07606764235848222,1.6432983337807139,Low
ENSP00000387490,"mean: 0.067627, var: 0.000057","mean: 0.404834, var: 0.003257","mean: 0.621777, var: 0.002531","mean: 0.172400, var: 0.012492","mean: 0.053986, var: 0.000219","mean: 0.073761, var: 0.002277","mean: 0.003885, var: 0.000017","mean: 0.040988, var: 0.000032","mean: 0.053018, var: 0.000778","mean: 0.183936, var: 0.002925","mean: 0.014429, var: 0.000220",2.177460093313187,0.12980588152634828,2.047654211786839,Low
ENSP00000454489,"mean: 0.135229, var: 0.000669","mean: 0.626172, var: 0.005612","mean: 0.430322, var: 0.000574","mean: 0.135474, var: 0.002534","mean: 0.156250, var: 0.000944","mean: 0.191833, var: 0.002324","mean: 0.021242, var: 0.000296","mean: 0.029164, var: 0.000134","mean: 0.053510, var: 0.001044","mean: 0.071146, var: 0.000797","mean: 0.021204, var: 0.001193",2.41547878598496,0.09856288485419731,2.3169159011307627,Low
ENSP00000429426,"mean: 0.095312, var: 0.000709","mean: 0.395410, var: 0.005665","mean: 0.728613, var: 0.004437","mean: 0.123840, var: 0.008104","mean: 0.080157, var: 0.000415","mean: 0.088855, var: 0.002182","mean: 0.035801, var: 0.001080","mean: 0.113812, var: 0.005981","mean: 0.039247, var: 0.000601","mean: 0.046987, var: 0.001071","mean: 0.025309, var: 0.000936",2.2280265379028372,0.1704241895923593,2.057602348310478,Low
ENSP00000492309,"mean: 0.232495, var: 0.002496","mean: 0.165918, var: 0.001973","mean: 0.164392, var: 0.001892","mean: 0.054953, var: 0.001579","mean: 0.100311, var: 0.002252","mean: 0.966699, var: 0.000037","mean: 0.038051, var: 0.000683","mean: 0.030600, var: 0.000023","mean: 0.021143, var: 0.000045","mean: 0.028674, var: 0.000081","mean: 0.059300, var: 0.002730",1.9388511225043188,0.08595390343395781,1.852897219070361,Low
ENSP00000367939,"mean: 0.796484, var: 0.001215","mean: 0.122327, var: 0.001340","mean: 0.075909, var: 0.000221","mean: 0.054745, var: 0.000388","mean: 0.101379, var: 0.003762","mean: 0.908594, var: 0.000694","mean: 0.076904, var: 0.004933","mean: 0.225610, var: 0.000866","mean: 0.084811, var: 0.001410","mean: 0.091748, var: 0.000678","mean: 0.176059, var: 0.022941",2.379559308159506,0.18109414420185574,2.1984651639576502,Low
ENSP00000464503,"mean: 0.121863, var: 0.002025","mean: 0.523584, var: 0.007623","mean: 0.807715, var: 0.004608","mean: 0.118405, var: 0.010272","mean: 0.117126, var: 0.002131","mean: 0.159155, var: 0.006341","mean: 0.015853, var: 0.000532","mean: 0.074219, var: 0.001356","mean: 0.099115, var: 0.002365","mean: 0.081219, var: 0.000883","mean: 0.022964, var: 0.000757",2.3424965254206143,0.2056595930068312,2.1368369324137833,Low
ENSP00000431343,"mean: 0.067450, var: 0.000402","mean: 0.279248, var: 0.001232","mean: 0.881152, var: 0.001753","mean: 0.045261, var: 0.000515","mean: 0.120264, var: 0.000585","mean: 0.112842, var: 0.001118","mean: 0.019320, var: 0.000213","mean: 0.076343, var: 0.000353","mean: 0.084796, var: 0.000873","mean: 0.041251, var: 0.000235","mean: 0.032488, var: 0.001285",2.0153184183791164,0.05963409773862601,1.9556843206404904,Low
ENSP00000460265,"mean: 0.105139, var: 0.000423","mean: 0.628125, var: 0.003531","mean: 0.717090, var: 0.000575","mean: 0.031631, var: 0.000815","mean: 0.099829, var: 0.000649","mean: 0.176428, var: 0.001254","mean: 0.004397, var: 0.000022","mean: 0.069550, var: 0.000667","mean: 0.116113, var: 0.001737","mean: 0.092535, var: 0.002100","mean: 0.022372, var: 0.000527",2.1772702597274978,0.07953856141800553,2.0977316983094925,Low
ENSP00000447582,"mean: 0.268408, var: 0.001207","mean: 0.130017, var: 0.000428","mean: 0.117957, var: 0.000654","mean: 0.061008, var: 0.001307","mean: 0.078424, var: 0.000562","mean: 0.953027, var: 0.000077","mean: 0.104486, var: 0.003001","mean: 0.047473, var: 0.000126","mean: 0.027159, var: 0.000086","mean: 0.055865, var: 0.000226","mean: 0.065903, var: 0.002663",2.1055148932552914,0.06689429563788885,2.0386205976174026,Low
ENSP00000434072,"mean: 0.354834, var: 0.001298","mean: 0.125330, var: 0.000764","mean: 0.110645, var: 0.000965","mean: 0.056787, var: 0.001636","mean: 0.122229, var: 0.001607","mean: 0.962109, var: 0.000038","mean: 0.137476, var: 0.002513","mean: 0.032813, var: 0.000032","mean: 0.025793, var: 0.000068","mean: 0.053931, var: 0.000190","mean: 0.043237, var: 0.002030",2.1010164187431464,0.07227785960803233,2.028738559135114,Low
ENSP00000434221,"mean: 0.049713, var: 0.000182","mean: 0.307056, var: 0.002580","mean: 0.883887, var: 0.001954","mean: 0.048074, var: 0.000629","mean: 0.067334, var: 0.000391","mean: 0.124792, var: 0.001745","mean: 0.014382, var: 0.000158","mean: 0.074164, var: 0.000558","mean: 0.061377, var: 0.000512","mean: 0.032239, var: 0.000186","mean: 0.025085, var: 0.000757",1.8365449656945962,0.06439885587916455,1.7721461098154316,Low
ENSP00000489555,"mean: 0.037567, var: 0.000179","mean: 0.160291, var: 0.000939","mean: 0.880273, var: 0.003100","mean: 0.215759, var: 0.006916","mean: 0.024420, var: 0.000067","mean: 0.024691, var: 0.000380","mean: 0.103119, var: 0.004385","mean: 0.047119, var: 0.000368","mean: 0.034106, var: 0.000385","mean: 0.035439, var: 0.000235","mean: 0.015970, var: 0.000267",1.7198026302916374,0.09792454550969693,1.6218780847819405,Low
ENSP00000401344,"mean: 0.070251, var: 0.000200","mean: 0.402051, var: 0.002219","mean: 0.839160, var: 0.001333","mean: 0.147949, var: 0.007367","mean: 0.055530, var: 0.000451","mean: 0.111133, var: 0.000940","mean: 0.012716, var: 0.000194","mean: 0.084705, var: 0.000394","mean: 0.054315, var: 0.000125","mean: 0.056512, var: 0.000025","mean: 0.040432, var: 0.000920",2.102367766568147,0.08285348249005359,2.019514284078093,Low
ENSP00000498338,"mean: 0.067358, var: 0.000203","mean: 0.293213, var: 0.000782","mean: 0.823047, var: 0.003945","mean: 0.331006, var: 0.009658","mean: 0.124536, var: 0.000473","mean: 0.170044, var: 0.001348","mean: 0.050143, var: 0.000557","mean: 0.054156, var: 0.000102","mean: 0.014483, var: 0.000086","mean: 0.039252, var: 0.000168","mean: 0.023175, var: 0.000247",2.212040827008347,0.09592310408549393,2.116117722922853,Low
ENSP00000440988,"mean: 0.111804, var: 0.002085","mean: 0.448242, var: 0.001585","mean: 0.607275, var: 0.013514","mean: 0.035027, var: 0.000372","mean: 0.154041, var: 0.001637","mean: 0.164746, var: 0.002628","mean: 0.015093, var: 0.000184","mean: 0.122607, var: 0.000685","mean: 0.024212, var: 0.000512","mean: 0.037567, var: 0.000233","mean: 0.006639, var: 0.000099",2.1774487304778045,0.12361270304973926,2.053836027428065,Low
ENSP00000465164,"mean: 0.085107, var: 0.000523","mean: 0.482617, var: 0.009838","mean: 0.516455, var: 0.003879","mean: 0.378467, var: 0.036913","mean: 0.054980, var: 0.000285","mean: 0.099802, var: 0.006007","mean: 0.018195, var: 0.000425","mean: 0.058569, var: 0.000086","mean: 0.114850, var: 0.001955","mean: 0.052313, var: 0.001305","mean: 0.045231, var: 0.003883",2.4417893586638164,0.272320476044631,2.1694688826191855,Low
