ACC,Predictive_Entropy,Uncertainty_Level,Expected_Entropy,Mutual_Information,Membrane,Cytoplasm,Nucleus,Extracellular,Cell membrane,Mitochondrion,Plastid,Endoplasmic reticulum,Lysosome/Vacuole,Golgi apparatus,Peroxisome,predicted_label,true_label
ENSP00000507895,2.756052782677855,Moderate,0.34287334779455697,2.413179434883298,0.249707,0.625342,0.474219,0.39679,0.220154,0.168896,0.025079,0.078632,0.032325,0.152051,0.017948,Cytoplasm,"Cytoplasm, Cell membrane"
ENSP00000496878,3.055858725332463,Moderate,0.23867748194864663,2.8171812433838164,0.704785,0.231616,0.099146,0.426123,0.670898,0.15144,0.011735,0.23811,0.428467,0.334277,0.079266,"Membrane, Cell membrane",Cytoplasm
ENSP00000496254,2.9936429282305346,Moderate,0.16555748818505076,2.828085440045484,0.406885,0.705371,0.225854,0.083551,0.406592,0.182568,0.007224,0.172571,0.227075,0.244482,0.046127,Cytoplasm,Nucleus
ENSP00000495099,3.184644707154397,Moderate,0.1551510518791045,3.0294936552752922,0.302295,0.627246,0.445898,0.113281,0.207056,0.178638,0.025984,0.297583,0.334082,0.507275,0.037766,Cytoplasm,Cytoplasm
ENSP00000478783,2.9703225667099415,Moderate,0.1506091002459306,2.819713466464011,0.288916,0.436426,0.526758,0.070581,0.139685,0.125732,0.01943,0.201575,0.193781,0.375488,0.029559,None,Cytoplasm
ENSP00000466285,3.0481386122407255,Moderate,0.20553609608933246,2.842602516151393,0.289185,0.56416,0.321289,0.348779,0.269043,0.416309,0.008372,0.203101,0.067725,0.135107,0.027809,Cytoplasm,Cytoplasm
ENSP00000453443,2.9131647197004136,Moderate,0.15551224158333082,2.7576524781170826,0.292871,0.646875,0.383496,0.101776,0.363428,0.181738,0.005099,0.186035,0.125232,0.169165,0.025407,Cytoplasm,"Cytoplasm, Nucleus"
ENSP00000431179,3.1986318737652315,Moderate,0.2529255301943979,2.9457063435708335,0.313062,0.662402,0.360645,0.130927,0.333472,0.170996,0.024564,0.168701,0.214722,0.477979,0.069653,Cytoplasm,"Cytoplasm, Cell membrane"
ENSP00000431129,3.0385738062623173,Moderate,0.12823535612127124,2.910338450141046,0.381641,0.712305,0.231567,0.071393,0.331177,0.262842,0.004204,0.29021,0.207495,0.341797,0.031786,Cytoplasm,Cytoplasm
ENSP00000417570,3.265128637600965,Moderate,0.15051690646394192,3.1146117311370234,0.3354,0.318945,0.162012,0.754395,0.355127,0.253491,0.019782,0.259692,0.270068,0.358545,0.056403,Extracellular,Cytoplasm
ENSP00000414689,3.0001383507625965,Moderate,0.18828609588059117,2.8118522548820053,0.295728,0.280762,0.259277,0.74707,0.384302,0.173389,0.01061,0.236572,0.124207,0.183325,0.022266,Extracellular,Cell membrane
ENSP00000414510,3.141142684865213,Moderate,0.23991038732380687,2.901232297541406,0.279346,0.752539,0.254419,0.270044,0.305615,0.217163,0.017946,0.160083,0.233398,0.462109,0.033385,Cytoplasm,Nucleus
ENSP00000412763,3.1155663909938425,Moderate,0.3685656375879627,2.74700075340588,0.716357,0.240625,0.118518,0.345654,0.664893,0.141394,0.032751,0.22019,0.384473,0.378955,0.06962,"Membrane, Cell membrane",Golgi apparatus
ENSP00000410157,2.9340184973830223,Moderate,0.18288335582816245,2.75113514155486,0.265674,0.527881,0.464648,0.043033,0.272681,0.124329,0.015127,0.208569,0.283936,0.288086,0.006624,Cytoplasm,Nucleus
ENSP00000407046,2.897818280113319,Moderate,0.17492122440657001,2.722897055706749,0.815332,0.317871,0.153882,0.072925,0.528271,0.145227,0.016694,0.452197,0.399463,0.551318,0.049475,"Membrane, Cell membrane",Cell membrane
ENSP00000400217,3.036390723214098,Moderate,0.19517589209517053,2.8412148311189274,0.262305,0.260937,0.146155,0.862793,0.299292,0.169153,0.015447,0.293896,0.26814,0.298999,0.039011,Extracellular,Cell membrane
ENSP00000395538,2.584776677094503,Moderate,0.405380646369253,2.17939603072525,0.085461,0.586182,0.505322,0.264178,0.187341,0.20697,0.012989,0.286902,0.012213,0.062036,0.022087,Cytoplasm,"Cytoplasm, Nucleus, Mitochondrion"
ENSP00000387070,2.5063620545818446,Moderate,0.11766696773212716,2.3886950868497174,0.164819,0.732422,0.497168,0.047496,0.136121,0.11347,0.007542,0.162891,0.090488,0.228491,0.021805,Cytoplasm,Cytoplasm
ENSP00000386239,2.8261815728449045,Moderate,0.16309591834236703,2.663085654502537,0.156628,0.557568,0.608398,0.130194,0.167749,0.361011,0.004023,0.187231,0.101379,0.144202,0.0396,"Cytoplasm, Nucleus",Nucleus
ENSP00000382269,3.059612547403191,Moderate,0.2429382121307388,2.8166743352724524,0.278735,0.665918,0.524609,0.055547,0.195142,0.221582,0.076666,0.201416,0.269934,0.208911,0.020864,Cytoplasm,Nucleus
ENSP00000381170,2.76604657540413,Moderate,0.13816769836184503,2.627878877042285,0.266919,0.76543,0.473779,0.047232,0.303345,0.148657,0.008672,0.124316,0.137769,0.223096,0.053912,Cytoplasm,Cell membrane
ENSP00000380888,2.897550583768178,Moderate,0.2048362111513876,2.6927143726167904,0.195288,0.608789,0.61709,0.029522,0.106531,0.331787,0.021912,0.165137,0.300366,0.204248,0.08071,"Cytoplasm, Nucleus",Nucleus
ENSP00000379083,2.974270384676565,Moderate,0.33108847869828306,2.643181905978282,0.312915,0.629687,0.412109,0.38479,0.305957,0.231665,0.029465,0.09032,0.052625,0.150037,0.038292,Cytoplasm,"Cytoplasm, Cell membrane"
ENSP00000374443,3.2978353998450434,Moderate,0.21822981876251274,3.0796055810825305,0.32085,0.544775,0.40708,0.08107,0.251904,0.20094,0.031117,0.269409,0.301709,0.379932,0.061987,Cytoplasm,Nucleus
ENSP00000366757,2.8438950413537665,Moderate,0.10742340479324393,2.7364716365605224,0.367676,0.798145,0.162231,0.063324,0.411572,0.192114,0.005903,0.208691,0.204883,0.344727,0.025937,Cytoplasm,Cytoplasm
ENSP00000364003,3.1522941066330032,Moderate,0.23102922117569577,2.9212648854573073,0.35022,0.624902,0.399316,0.07381,0.414453,0.255078,0.010527,0.230444,0.223633,0.226611,0.055801,Cytoplasm,"Nucleus, Cell membrane"
ENSP00000363891,2.8194940600486076,Moderate,0.2325368950006539,2.586957165047954,0.85332,0.149683,0.120154,0.073691,0.561133,0.208472,0.023443,0.420752,0.433887,0.438379,0.038742,"Membrane, Cell membrane",Golgi apparatus
ENSP00000362580,2.946847791755678,Moderate,0.19393334852897212,2.7529144432267056,0.360449,0.669336,0.30625,0.101306,0.518848,0.187732,0.007873,0.111243,0.210205,0.177136,0.047449,Cytoplasm,Cell membrane
ENSP00000357206,3.0616531432423058,Moderate,0.28623253085786826,2.7754206123844374,0.189392,0.660742,0.395361,0.242944,0.193982,0.263977,0.005566,0.121033,0.197803,0.353857,0.036031,Cytoplasm,Cytoplasm
ENSP00000354828,2.5624828876056416,Moderate,0.10489783914613633,2.457585048459505,0.150037,0.510449,0.726953,0.064441,0.12666,0.373682,0.004628,0.11908,0.108258,0.112842,0.041204,"Cytoplasm, Nucleus",Nucleus
ENSP00000353010,3.2360414551448162,Moderate,0.20481751653101699,3.0312239386137994,0.520703,0.45166,0.312012,0.069916,0.250464,0.591895,0.031541,0.395459,0.374756,0.520459,0.048659,Membrane,Nucleus
ENSP00000352413,2.594629370685712,Moderate,0.19833880732096648,2.3962905633647456,0.837891,0.204028,0.121838,0.033936,0.70293,0.165894,0.020354,0.41958,0.251514,0.183228,0.029237,"Membrane, Cell membrane",Cytoplasm
ENSP00000348564,3.213543287482083,Moderate,0.22331971115591526,2.990223576326168,0.204858,0.602637,0.441162,0.140503,0.137854,0.237427,0.007655,0.318848,0.199731,0.332471,0.109863,Cytoplasm,"Cytoplasm, Cell membrane"
ENSP00000344383,3.1787203645459416,Moderate,0.16052206136149738,3.018198303184444,0.302783,0.626172,0.4354,0.121021,0.20752,0.173682,0.024191,0.298999,0.332422,0.510938,0.034285,Cytoplasm,Cytoplasm
ENSP00000321813,2.563666660696661,Moderate,0.1233270975235743,2.4403395631730866,0.151367,0.523096,0.721094,0.059729,0.125122,0.383887,0.003599,0.115869,0.118109,0.12124,0.040166,"Cytoplasm, Nucleus",Nucleus
ENSP00000301607,2.966094650023991,Moderate,0.11674261267633224,2.849352037347659,0.209912,0.644824,0.393115,0.151892,0.197168,0.18645,0.02221,0.085193,0.195752,0.276758,0.027851,Cytoplasm,Cytoplasm
ENSP00000300648,3.296660752418045,Moderate,0.28439486319659696,3.012265889221448,0.378809,0.533936,0.586133,0.028284,0.257178,0.437256,0.095331,0.213965,0.21875,0.276904,0.0975,"Cytoplasm, Nucleus",Cytoplasm
ENSP00000294383,2.90393849836007,Moderate,0.17615409975362842,2.7277843986064414,0.208643,0.646973,0.549561,0.083636,0.213062,0.122034,0.025977,0.151416,0.231348,0.322314,0.023578,"Cytoplasm, Nucleus","Cytoplasm, Nucleus"
ENSP00000281282,2.647978476755869,Moderate,0.15586540306818908,2.49211307368768,0.207837,0.722852,0.315405,0.054758,0.203955,0.114075,0.009237,0.112573,0.130371,0.36084,0.017036,Cytoplasm,Cell membrane
ENSP00000280758,2.9323544043759355,Moderate,0.20673531603687836,2.725619088339057,0.261475,0.544727,0.503662,0.056033,0.260449,0.108093,0.015521,0.197559,0.283496,0.322168,0.009874,Cytoplasm,Nucleus
ENSP00000271636,2.779648851039191,Moderate,0.15972125510266544,2.6199275959365256,0.224658,0.667383,0.257275,0.088196,0.163452,0.131012,0.007416,0.118787,0.161072,0.329883,0.027632,Cytoplasm,Cell membrane
ENSP00000264868,3.235240740853204,Moderate,0.1919145681995984,3.0433261726536056,0.796777,0.223145,0.1604,0.143427,0.421387,0.286353,0.041907,0.654883,0.316455,0.448975,0.157849,"Membrane, Endoplasmic reticulum",Nucleus
ENSP00000261609,3.1748885200930985,Moderate,0.1740246853496994,3.000863834743399,0.21748,0.597461,0.547266,0.091333,0.127771,0.278271,0.069102,0.161816,0.254004,0.26936,0.070667,"Cytoplasm, Nucleus",Cytoplasm
ENSP00000244007,2.9269644194073554,Moderate,0.24486659218443846,2.682097827222917,0.437988,0.657129,0.393823,0.07262,0.470459,0.160547,0.00723,0.154736,0.265259,0.265869,0.012571,Cytoplasm,Cytoplasm
ENSP00000263773,2.6006743273326403,Moderate,0.11057013272723591,2.4901041946054043,0.21731,0.388086,0.669141,0.025946,0.200012,0.094861,0.010611,0.205103,0.101209,0.229932,0.011037,Nucleus,Nucleus
ENSP00000416033,2.8681223291235116,Moderate,0.2033411008697401,2.6647812282537715,0.11665,0.69502,0.371826,0.279736,0.156921,0.209814,0.011782,0.148242,0.09447,0.156372,0.062793,Cytoplasm,Nucleus
ENSP00000364042,2.9730057641153205,Moderate,0.2449864268733357,2.7280193372419848,0.686328,0.243433,0.135901,0.517676,0.64917,0.115393,0.007146,0.298267,0.448047,0.414062,0.031138,"Membrane, Cell membrane",Cell membrane
ENSP00000355889,2.5459701852554573,Moderate,0.08464301909207704,2.46132716616338,0.224756,0.172363,0.147375,0.154712,0.112305,0.881055,0.027694,0.10611,0.07597,0.107544,0.082886,Mitochondrion,Mitochondrion
ENSP00000305839,3.158349463778587,Moderate,0.41068392780324436,2.747665535975343,0.403662,0.434912,0.562109,0.190051,0.554419,0.234253,0.010545,0.162463,0.232141,0.314404,0.019782,"Nucleus, Cell membrane",Cell membrane
ENSP00000463929,2.6464862335122445,Moderate,0.3128746133216196,2.333611620190625,0.816504,0.175781,0.159839,0.020482,0.469092,0.181958,0.011262,0.479883,0.581152,0.483691,0.016566,"Membrane, Lysosome/Vacuole",Nucleus
ENSP00000496378,2.982235271548043,Moderate,0.2851699999062738,2.697065271641769,0.334082,0.648145,0.307153,0.065741,0.185205,0.217908,0.019484,0.252783,0.449512,0.739551,0.046235,"Cytoplasm, Golgi apparatus",Golgi apparatus
ENSP00000413889,2.912363969853309,Moderate,0.19633646650135345,2.716027503351955,0.244751,0.561816,0.464307,0.049329,0.231055,0.12417,0.017159,0.178857,0.296191,0.352393,0.00737,Cytoplasm,Nucleus
ENSP00000349439,3.256286276657136,Moderate,0.2916147671741513,2.9646715094829847,0.470752,0.242114,0.245142,0.287231,0.239478,0.232996,0.01527,0.607031,0.233032,0.518115,0.039015,Membrane,"Cytoplasm, Cell membrane"
ENSP00000468082,3.0486923718713332,Moderate,0.2059029269614459,2.8427894449098874,0.302686,0.584912,0.307959,0.325977,0.283765,0.4271,0.010197,0.195142,0.074475,0.131567,0.027368,Cytoplasm,Cytoplasm
ENSP00000416951,2.667962497584743,Moderate,0.4700326282403436,2.1979298693443994,0.16886,0.331445,0.622021,0.208813,0.219702,0.191528,0.002548,0.177979,0.033189,0.122705,0.007534,Nucleus,Nucleus
ENSP00000346701,3.19529870366533,Moderate,0.2287269822473158,2.9665717214180143,0.715723,0.301563,0.237354,0.169836,0.375732,0.166125,0.01339,0.559521,0.364404,0.618359,0.106238,Membrane,Nucleus
ENSP00000332111,3.212272924030577,Moderate,0.3061551377940804,2.9061177862364964,0.131055,0.636914,0.403223,0.283032,0.129553,0.240234,0.124158,0.108264,0.067639,0.155713,0.279504,Cytoplasm,"Cytoplasm, Nucleus"
ENSP00000507912,2.58038997922407,Moderate,0.31120667082304143,2.2691833084010287,0.159302,0.296045,0.68291,0.088586,0.123895,0.109222,0.01061,0.350049,0.055334,0.123022,0.035295,Nucleus,Nucleus
ENSP00000467054,3.13098379915064,Moderate,0.14501993883530748,2.9859638603153327,0.324072,0.598242,0.329419,0.139453,0.222632,0.211548,0.004402,0.212231,0.477734,0.425049,0.022543,Cytoplasm,"Cytoplasm, Nucleus"
ENSP00000357460,2.9846410414337927,Moderate,0.2574160914866378,2.727224949947155,0.223389,0.64502,0.240063,0.145264,0.201636,0.134802,0.008926,0.161816,0.339795,0.544238,0.03464,Cytoplasm,Golgi apparatus
ENSP00000505762,3.1984713778261455,Moderate,0.1478078512815409,3.0506635265446045,0.408789,0.633594,0.281665,0.129712,0.49668,0.221436,0.004043,0.195068,0.375439,0.340845,0.057735,Cytoplasm,"Cytoplasm, Cell membrane"
ENSP00000391268,3.085316186035256,Moderate,0.25176701129297474,2.833549174742281,0.674805,0.242505,0.13855,0.403931,0.674805,0.130676,0.007385,0.312354,0.363672,0.42959,0.063144,"Membrane, Cell membrane",Cell membrane
ENSP00000364372,2.9738837996902125,Moderate,0.26309814163981043,2.710785658050402,0.191113,0.554004,0.535352,0.079712,0.163379,0.137823,0.025191,0.254187,0.279956,0.336621,0.014491,"Cytoplasm, Nucleus","Cytoplasm, Nucleus"
ENSP00000348828,3.0496068854185454,Moderate,0.1314974642111611,2.9181094212073844,0.441504,0.643262,0.312646,0.103418,0.417383,0.154517,0.012848,0.187476,0.250708,0.282959,0.020457,Cytoplasm,Cell membrane
ENSP00000379778,2.602741570590545,Moderate,0.22688928866447997,2.3758522819260652,0.27937,0.745703,0.459375,0.054755,0.257495,0.050711,0.003494,0.166724,0.17265,0.216455,0.013393,Cytoplasm,Cytoplasm
ENSP00000450393,2.6915591340819516,Moderate,0.2010031775960835,2.490555956485868,0.141602,0.46084,0.455566,0.178033,0.075287,0.364233,0.018565,0.123303,0.0599,0.098389,0.028296,None,Mitochondrion
ENSP00000314914,3.227572424492754,Moderate,0.2202353366408839,3.0073370878518704,0.255225,0.650488,0.389258,0.127863,0.326465,0.255957,0.008181,0.202942,0.166272,0.194092,0.140045,Cytoplasm,Nucleus
ENSP00000412893,2.579133831895525,Moderate,0.10762010324844994,2.471513728647075,0.230566,0.174463,0.156628,0.1552,0.066614,0.90791,0.048787,0.122034,0.065747,0.077325,0.17854,Mitochondrion,Mitochondrion
ENSP00000500647,2.98971732963998,Moderate,0.15795616409489013,2.83176116554509,0.311499,0.675977,0.376318,0.132227,0.402734,0.175244,0.00556,0.220312,0.165771,0.200122,0.018189,Cytoplasm,"Cytoplasm, Nucleus"
ENSP00000383392,2.655306970055142,Moderate,0.2080809947667864,2.4472259752883554,0.810254,0.207617,0.094348,0.383252,0.820508,0.047162,0.014332,0.27251,0.342041,0.323633,0.033844,"Membrane, Cell membrane",Cell membrane
ENSP00000027335,2.733150067000067,Moderate,0.2168944636089984,2.516255603391069,0.774707,0.236377,0.109827,0.274658,0.794824,0.059259,0.011238,0.240283,0.308472,0.257471,0.046053,"Membrane, Cell membrane",Cell membrane
ENSP00000409731,2.9784511748278475,Moderate,0.3209075480303214,2.6575436267975263,0.286646,0.664746,0.465137,0.336951,0.351685,0.24082,0.017276,0.103662,0.071417,0.136487,0.050366,Cytoplasm,"Cytoplasm, Cell membrane"
ENSP00000314004,3.0085918996420173,Moderate,0.1795367006104333,2.829055199031584,0.215649,0.607031,0.625488,0.113666,0.143567,0.219043,0.010511,0.185706,0.321533,0.486035,0.048513,"Cytoplasm, Nucleus",Nucleus
ENSP00000289746,2.95409262757948,Moderate,0.19252593271005708,2.761566694869423,0.719434,0.269971,0.14873,0.237915,0.753027,0.098328,0.004092,0.253662,0.383398,0.303711,0.076752,"Membrane, Cell membrane","Cell membrane, Golgi apparatus"
ENSP00000288976,3.0737539860964467,Moderate,0.23310160199987526,2.8406523840965714,0.187256,0.66084,0.371533,0.110925,0.247119,0.224414,0.012719,0.201685,0.227734,0.262207,0.039382,Cytoplasm,Nucleus
ENSP00000431611,2.758860347393874,Moderate,0.1968428411188453,2.5620175062750286,0.801855,0.163599,0.1021,0.139539,0.733203,0.178784,0.032952,0.256152,0.295166,0.216345,0.024111,"Membrane, Cell membrane",Cell membrane
ENSP00000376504,3.2097661295079685,Moderate,0.34521583910351683,2.8645502904044515,0.212677,0.707129,0.347559,0.207971,0.225623,0.222644,0.009397,0.292603,0.213843,0.243127,0.074887,Cytoplasm,Nucleus
ENSP00000430048,3.0425656750986896,Moderate,0.2684699082943477,2.774095766804342,0.101685,0.643652,0.442383,0.219946,0.104297,0.221326,0.118799,0.084851,0.069202,0.116882,0.322778,Cytoplasm,"Cytoplasm, Nucleus"
ENSP00000288439,3.0207340850375126,Moderate,0.21194183625121366,2.808792248786299,0.816113,0.172803,0.134888,0.100177,0.5354,0.236182,0.043333,0.428174,0.415332,0.439893,0.05015,"Membrane, Cell membrane",Golgi apparatus
ENSP00000401064,2.5612526190178992,Moderate,0.2148268262380649,2.346425792779834,0.116541,0.393359,0.61709,0.049757,0.039381,0.232813,0.017073,0.290356,0.045666,0.120679,0.082031,Nucleus,Nucleus
ENSP00000387099,3.2481154470766036,Moderate,0.23849176275352074,3.009623684323083,0.162988,0.574072,0.260156,0.661133,0.167615,0.259448,0.01074,0.261865,0.22439,0.273022,0.135875,"Cytoplasm, Extracellular",Cytoplasm
ENSP00000361964,2.580429795913515,Moderate,0.1484890229876174,2.431940772925898,0.191113,0.780371,0.274634,0.109442,0.161963,0.146722,0.002269,0.097125,0.094556,0.162866,0.044405,Cytoplasm,"Cytoplasm, Nucleus"
ENSP00000397869,3.1372823632186133,Moderate,0.24320968888017325,2.89407267433844,0.291479,0.536816,0.415332,0.095166,0.294336,0.103235,0.00774,0.296216,0.424902,0.313843,0.043052,Cytoplasm,Nucleus
ENSP00000450973,3.0356947949008557,Moderate,0.14174358099474074,2.893951213906115,0.246704,0.787988,0.256128,0.086371,0.251172,0.241675,0.00683,0.197827,0.204199,0.25625,0.095355,Cytoplasm,"Cytoplasm, Nucleus, Cell membrane"
ENSP00000217159,2.6746470215458005,Moderate,0.21602551255867997,2.4586215089871204,0.838379,0.14895,0.089136,0.112878,0.758301,0.206836,0.013016,0.318457,0.380835,0.230664,0.035651,"Membrane, Cell membrane",Cell membrane
ENSP00000392636,2.6971216344884397,Moderate,0.2491417691191595,2.4479798653692804,0.164258,0.570996,0.766309,0.053354,0.071606,0.520459,0.001929,0.17041,0.184662,0.307739,0.080762,"Cytoplasm, Nucleus",Nucleus
ENSP00000371607,2.996918826304806,Moderate,0.11335447722914394,2.883564349075662,0.259814,0.183325,0.123657,0.208081,0.134497,0.835645,0.128479,0.136694,0.084692,0.176855,0.14458,Mitochondrion,Mitochondrion
ENSP00000352676,2.7205823963537425,Moderate,0.28605081267759225,2.4345315836761503,0.358179,0.708105,0.494775,0.025276,0.161267,0.104877,0.00865,0.394849,0.228882,0.528613,0.012289,Cytoplasm,"Cytoplasm, Nucleus"
ENSP00000363878,2.983446694415735,Moderate,0.20594658267309882,2.7775001117426363,0.384717,0.622949,0.514795,0.17207,0.273682,0.105481,0.013235,0.132776,0.347168,0.646631,0.031965,Cytoplasm,Nucleus
ENSP00000386830,3.1166919434595957,Moderate,0.20807176064943358,2.908620182810162,0.178723,0.471777,0.69375,0.037988,0.062054,0.3198,0.081274,0.28479,0.144824,0.216895,0.399951,"Cytoplasm, Nucleus","Cytoplasm, Cell membrane"
ENSP00000423638,3.2128072588051513,Moderate,0.25227971550386885,2.9605275433012825,0.345068,0.730762,0.344922,0.190491,0.39707,0.171436,0.065594,0.151196,0.157538,0.568994,0.07113,Cytoplasm,"Cytoplasm, Cell membrane, Endoplasmic reticulum"
ENSP00000393856,2.854421341092397,Moderate,0.2633209751340515,2.5911003659583454,0.35293,0.634082,0.545166,0.039421,0.433594,0.139795,0.023569,0.107361,0.202972,0.271875,0.026688,"Cytoplasm, Nucleus",Cell membrane
ENSP00000478563,2.773885230702506,Moderate,0.2547429518571176,2.519142278845388,0.509229,0.64834,0.174878,0.072885,0.54917,0.1271,0.002564,0.147876,0.546387,0.406055,0.016586,"Membrane, Cytoplasm, Cell membrane","Cytoplasm, Nucleus"
ENSP00000299192,2.6259701415851184,Moderate,0.1778512787414711,2.448118862843647,0.183679,0.510742,0.663281,0.045898,0.120923,0.177258,0.023262,0.159998,0.062286,0.290698,0.021625,"Cytoplasm, Nucleus","Cytoplasm, Nucleus"
ENSP00000215582,3.1088411735147123,Moderate,0.19203803518693402,2.9168031383277784,0.252002,0.814648,0.240234,0.162549,0.308716,0.224841,0.010007,0.125586,0.230469,0.313574,0.115796,Cytoplasm,Cell membrane
ENSP00000305557,3.0070380809972916,Moderate,0.1490519851173698,2.8579860958799217,0.339893,0.62998,0.318018,0.060602,0.329443,0.135291,0.005717,0.27915,0.399658,0.530127,0.024106,Cytoplasm,Cell membrane
ENSP00000465742,3.0810459465598066,Moderate,0.22454356275755993,2.8565023838022467,0.450391,0.631445,0.372021,0.119757,0.460107,0.211401,0.002184,0.252197,0.573389,0.361523,0.01932,"Cytoplasm, Lysosome/Vacuole","Cytoplasm, Cell membrane"
ENSP00000426528,3.1118353802642664,Moderate,0.2036647447286407,2.9081706355356256,0.344434,0.634473,0.407275,0.083527,0.45542,0.186902,0.012798,0.154333,0.167126,0.209717,0.108064,Cytoplasm,Cell membrane
ENSP00000269856,3.039272378306782,Moderate,0.2329695759771076,2.8063028023296743,0.18291,0.572314,0.50415,0.075427,0.202283,0.247632,0.016568,0.175146,0.305225,0.207666,0.044422,Cytoplasm,"Nucleus, Golgi apparatus"
ENSP00000508232,3.055790002830457,Moderate,0.2893925576280438,2.7663974452024136,0.268774,0.440771,0.572803,0.0992,0.225488,0.176392,0.032002,0.249463,0.124017,0.142371,0.054387,Nucleus,Nucleus
ENSP00000404022,2.6327889038464996,Moderate,0.18439127970481267,2.4483976241416867,0.773633,0.134863,0.079663,0.069984,0.579395,0.177051,0.025259,0.26958,0.247949,0.114722,0.033235,"Membrane, Cell membrane",Golgi apparatus
ENSP00000357352,2.9546525337836487,Moderate,0.22759081925077468,2.727061714532874,0.604932,0.35835,0.21604,0.101532,0.703711,0.207214,0.007401,0.18833,0.266333,0.196436,0.037595,"Membrane, Cell membrane",Nucleus
ENSP00000342660,2.5448532176871796,Moderate,0.186599580282678,2.3582536374045016,0.866895,0.200854,0.134827,0.089389,0.836426,0.09129,0.005695,0.265063,0.352832,0.285718,0.044174,"Membrane, Cell membrane",Nucleus
ENSP00000421294,3.0164076446398327,Moderate,0.1717788215755806,2.844628823064252,0.321045,0.629199,0.298218,0.115356,0.32002,0.11178,0.009478,0.14845,0.330713,0.377295,0.020467,Cytoplasm,"Nucleus, Cell membrane"
ENSP00000247001,2.5947567426005422,Moderate,0.15297311749125003,2.4417836251092924,0.172278,0.605225,0.638379,0.117883,0.13042,0.176758,0.003646,0.091248,0.120361,0.18999,0.016596,"Cytoplasm, Nucleus",Nucleus
ENSP00000425670,3.2149882886711607,Moderate,0.28577391153575754,2.9292143771354033,0.249463,0.793848,0.355298,0.221533,0.298096,0.24082,0.064294,0.143372,0.141772,0.531348,0.08689,Cytoplasm,"Cytoplasm, Cell membrane, Endoplasmic reticulum"
ENSP00000442992,3.2514872610965724,Moderate,0.22598944261774964,3.0254978184788226,0.216968,0.478711,0.64209,0.050148,0.073987,0.322388,0.082269,0.304126,0.157788,0.271777,0.434033,"Cytoplasm, Nucleus","Cytoplasm, Cell membrane"
ENSP00000302879,3.2319238354508864,Moderate,0.2323216201773039,2.9996022152735824,0.404346,0.575684,0.336963,0.124835,0.487451,0.212378,0.027278,0.36355,0.120923,0.300464,0.054956,Cytoplasm,"Cytoplasm, Cell membrane"
ENSP00000341247,2.7812796169507,Moderate,0.15319998063113657,2.6280796363195633,0.1526,0.625195,0.455518,0.04017,0.118787,0.151086,0.034685,0.256055,0.12431,0.284717,0.025118,Cytoplasm,Cytoplasm
ENSP00000505291,2.729552456803224,Moderate,0.201758962234554,2.52779349456867,0.756836,0.508057,0.237769,0.066693,0.407617,0.148108,0.011478,0.415723,0.792969,0.65166,0.038185,"Membrane, Cytoplasm, Lysosome/Vacuole","Cytoplasm, Cell membrane"
ENSP00000394609,2.7945994083837924,Moderate,0.19876390635675154,2.595835502027041,0.512158,0.71377,0.296802,0.043564,0.577344,0.213428,0.004082,0.181128,0.197217,0.222827,0.020879,"Membrane, Cytoplasm, Cell membrane",Cytoplasm
ENSP00000362442,2.9899156100550597,Moderate,0.24415066849681516,2.7457649415582446,0.287183,0.586816,0.296069,0.131131,0.16886,0.121594,0.005064,0.197766,0.243286,0.263794,0.025216,Cytoplasm,"Cytoplasm, Cell membrane"
ENSP00000434245,3.1134606464873307,Moderate,0.21031116834178187,2.903149478145549,0.720703,0.208887,0.130811,0.238525,0.575049,0.311133,0.016953,0.255811,0.285522,0.262061,0.042499,"Membrane, Cell membrane",Cell membrane
ENSP00000273963,2.886949548133005,Moderate,0.13183030516264002,2.7551192429703653,0.162671,0.642383,0.476025,0.086438,0.098267,0.134229,0.033259,0.147693,0.204468,0.274902,0.060378,Cytoplasm,Nucleus
ENSP00000274457,2.8856687370178826,Moderate,0.26625920029352756,2.619409536724355,0.158813,0.57627,0.492529,0.052954,0.175208,0.220422,0.019324,0.146643,0.257214,0.183875,0.033798,Cytoplasm,Nucleus
ENSP00000262056,2.7430493490765007,Moderate,0.17183459837883372,2.571214750697667,0.196338,0.578906,0.397168,0.036853,0.185669,0.110071,0.009269,0.163794,0.205231,0.246936,0.011976,Cytoplasm,Cytoplasm
ENSP00000501797,3.265997207271434,Moderate,0.2848360852661733,2.9811611220052603,0.283716,0.781543,0.3375,0.214355,0.321167,0.258081,0.064673,0.170459,0.128802,0.54082,0.099634,Cytoplasm,"Cytoplasm, Cell membrane, Endoplasmic reticulum"
ENSP00000209884,3.1612473649459982,Moderate,0.15180557640619696,3.0094417885398013,0.239966,0.622461,0.486621,0.136975,0.191113,0.186841,0.025598,0.144739,0.223145,0.25061,0.089548,Cytoplasm,"Cytoplasm, Golgi apparatus"
ENSP00000497850,2.8166187189286602,Moderate,0.22198506399866533,2.594633654929995,0.804199,0.288379,0.126428,0.130573,0.607617,0.09483,0.003719,0.511475,0.380518,0.433301,0.043146,"Membrane, Cell membrane",Cell membrane
ENSP00000422784,2.6518201693441275,Moderate,0.13828347173347533,2.513536697610652,0.186426,0.203125,0.053107,0.91709,0.143274,0.119202,0.049548,0.233508,0.28479,0.291846,0.008916,Extracellular,"Endoplasmic reticulum, Golgi apparatus"
ENSP00000452721,3.00761406845662,Moderate,0.18846825175376677,2.8191458167028536,0.47583,0.647363,0.318799,0.102142,0.460498,0.147668,0.003716,0.289038,0.549023,0.424268,0.015057,"Membrane, Cytoplasm","Cytoplasm, Cell membrane"
ENSP00000500708,2.851694945605209,Moderate,0.1880563451808354,2.6636386004243735,0.139832,0.559375,0.548926,0.12345,0.053418,0.430664,0.02605,0.123462,0.251929,0.188892,0.040318,"Cytoplasm, Nucleus",Nucleus
ENSP00000362238,2.7890503968136686,Moderate,0.16574055109373934,2.623309845719929,0.182764,0.64502,0.492236,0.069354,0.183447,0.139325,0.029536,0.088831,0.190137,0.228113,0.029559,Cytoplasm,Golgi apparatus
ENSP00000386184,2.6229763414861473,Moderate,0.23147704835436128,2.391499293131786,0.101935,0.500537,0.572461,0.099432,0.072919,0.142987,0.007304,0.215656,0.106897,0.092932,0.078241,"Cytoplasm, Nucleus",Nucleus
ENSP00000456908,2.7880860465685293,Moderate,0.16652801474668028,2.621558031821849,0.188525,0.470557,0.625391,0.053546,0.101294,0.343018,0.00497,0.222168,0.155969,0.213953,0.023909,"Cytoplasm, Nucleus",Mitochondrion
ENSP00000338235,2.8828504755550486,Moderate,0.1365632438351425,2.746287231719906,0.852051,0.171948,0.162256,0.10755,0.381152,0.180957,0.0148,0.735547,0.219995,0.462256,0.119397,"Membrane, Endoplasmic reticulum",Endoplasmic reticulum
ENSP00000479078,3.096688513520506,Moderate,0.19819795695105352,2.8984905565694525,0.48457,0.622656,0.36626,0.121643,0.500391,0.222046,0.002846,0.290381,0.567236,0.381104,0.020912,"Membrane, Cytoplasm, Lysosome/Vacuole","Cytoplasm, Cell membrane"
ENSP00000354034,3.181165313454529,Moderate,0.3789382026364059,2.802227110818123,0.564844,0.328174,0.247852,0.238098,0.617969,0.149976,0.021597,0.233813,0.268799,0.324878,0.021459,"Membrane, Cell membrane",Cell membrane
ENSP00000392811,3.106381614809304,Moderate,0.4002552458195787,2.7061263689897253,0.53125,0.301465,0.216333,0.455725,0.650977,0.086664,0.021778,0.197998,0.29502,0.255957,0.034093,"Membrane, Cell membrane",Cell membrane
ENSP00000505154,3.0765041463273977,Moderate,0.2930743764220378,2.78342976990536,0.209399,0.527051,0.323486,0.45542,0.212439,0.448779,0.005885,0.182336,0.205054,0.085297,0.037966,Cytoplasm,"Cytoplasm, Nucleus"
ENSP00000445021,2.6039882337452847,Moderate,0.24437165548012782,2.359616578265157,0.859082,0.128894,0.08493,0.184998,0.37251,0.186743,0.023612,0.736328,0.416309,0.800391,0.049986,"Membrane, Endoplasmic reticulum, Golgi apparatus",Cell membrane
ENSP00000479888,3.1206874482607896,Moderate,0.40840370332734477,2.712283744933445,0.493213,0.550244,0.355127,0.125415,0.439307,0.199585,0.004003,0.233252,0.575586,0.423242,0.023766,"Membrane, Cytoplasm, Lysosome/Vacuole","Cytoplasm, Cell membrane"
ENSP00000450036,3.106679369470533,Moderate,0.23802890326761142,2.8686504662029217,0.690527,0.231665,0.195776,0.312402,0.597314,0.120044,0.005301,0.37998,0.535937,0.466016,0.067285,"Membrane, Cell membrane","Endoplasmic reticulum, Golgi apparatus"
ENSP00000380690,3.041075541860388,Moderate,0.24764817087498547,2.7934273709854023,0.333911,0.638379,0.339624,0.077197,0.231982,0.179334,0.006809,0.17998,0.375488,0.62251,0.061313,Cytoplasm,Cytoplasm
ENSP00000307128,3.102094637081107,Moderate,0.30341016006160776,2.798684477019499,0.556396,0.407324,0.244116,0.097302,0.649365,0.253235,0.008249,0.242017,0.252417,0.211938,0.050964,"Membrane, Cell membrane",Nucleus
ENSP00000341490,2.879880425850864,Moderate,0.15948595128879728,2.7203944745620667,0.240405,0.227734,0.141174,0.881348,0.257593,0.16217,0.006199,0.271875,0.219116,0.306787,0.023228,Extracellular,Nucleus
ENSP00000408858,2.803214703722698,Moderate,0.23180833493283357,2.5714063687898645,0.293896,0.743457,0.230505,0.03811,0.289233,0.428711,0.030722,0.125867,0.114862,0.109943,0.065826,Cytoplasm,Cytoplasm
ENSP00000446410,3.198518122495387,Moderate,0.2688660519884625,2.9296520705069247,0.256763,0.614551,0.356763,0.098499,0.184375,0.253296,0.019925,0.186609,0.215552,0.264575,0.092938,Cytoplasm,Cytoplasm
ENSP00000290597,2.5418924331450423,Moderate,0.0820074754160728,2.4598849577289696,0.260815,0.182056,0.100134,0.138867,0.12959,0.910352,0.023821,0.077014,0.1,0.106104,0.136267,Mitochondrion,Mitochondrion
ENSP00000337816,3.041585867528851,Moderate,0.2918585188006992,2.7497273487281517,0.447119,0.194067,0.138892,0.665137,0.581494,0.209937,0.005095,0.269214,0.247705,0.268433,0.02652,"Extracellular, Cell membrane",Cell membrane
ENSP00000419516,3.2782142569834156,Moderate,0.16562699054775998,3.1125872664356558,0.652832,0.21084,0.269824,0.083881,0.143201,0.495264,0.054175,0.564063,0.189404,0.413281,0.201331,Membrane,Nucleus
ENSP00000376826,3.045719279132085,Moderate,0.1585608242237968,2.8871584549082883,0.315747,0.689355,0.310742,0.173901,0.297095,0.179285,0.007521,0.115308,0.161401,0.356348,0.045801,Cytoplasm,"Cytoplasm, Cell membrane"
ENSP00000410707,2.5336050703066313,Moderate,0.22092820804364077,2.3126768622629905,0.108984,0.636133,0.534082,0.0326,0.086078,0.08667,0.005044,0.320703,0.192664,0.368506,0.013486,"Cytoplasm, Nucleus","Cytoplasm, Nucleus"
ENSP00000350469,3.175516448628588,Moderate,0.20494223358049662,2.9705742150480914,0.355273,0.6125,0.44541,0.090509,0.494775,0.187793,0.011496,0.187549,0.193066,0.211816,0.121585,Cytoplasm,Cell membrane
ENSP00000216190,2.52842453420406,Moderate,0.22686392861250232,2.3015606055915576,0.12189,0.537598,0.492627,0.069611,0.046814,0.103217,0.05423,0.157434,0.094769,0.219971,0.003701,Cytoplasm,Cytoplasm
ENSP00000426451,3.208297884238407,Moderate,0.248837962483357,2.95945992175505,0.224609,0.590723,0.455176,0.079315,0.154553,0.143774,0.069406,0.18855,0.263403,0.283276,0.097345,Cytoplasm,Nucleus
ENSP00000220751,3.0410865628897126,Moderate,0.2778484064557481,2.7632381564339643,0.396436,0.661523,0.441064,0.057962,0.424854,0.22749,0.004268,0.22749,0.316357,0.269629,0.026685,Cytoplasm,Cytoplasm
ENSP00000311837,2.9375972592934145,Moderate,0.23001761746097577,2.7075796418324387,0.52998,0.602246,0.344287,0.090765,0.572412,0.180286,0.002969,0.164944,0.307983,0.302197,0.00936,"Membrane, Cytoplasm, Cell membrane",Cell membrane
ENSP00000427820,3.3225136842657523,Moderate,0.20399654300992515,3.1185171412558272,0.200854,0.530322,0.428906,0.276355,0.155762,0.351074,0.029559,0.18844,0.162451,0.293311,0.088477,Cytoplasm,Nucleus
ENSP00000361667,2.7327698810088026,Moderate,0.2261747955778843,2.5065950854309182,0.827148,0.120532,0.184351,0.083611,0.199292,0.231079,0.024659,0.71377,0.465723,0.438281,0.024982,"Membrane, Endoplasmic reticulum",Nucleus
ENSP00000377093,3.035201928138529,Moderate,0.20925973260731157,2.8259421955312174,0.786914,0.156079,0.24895,0.048904,0.137122,0.533105,0.07868,0.747852,0.209058,0.466211,0.274536,"Membrane, Endoplasmic reticulum",Nucleus
ENSP00000307318,2.8884565029027085,Moderate,0.22689995793683898,2.6615565449658694,0.241455,0.190186,0.088522,0.78584,0.204834,0.097284,0.03165,0.355371,0.310901,0.305688,0.017807,Extracellular,Endoplasmic reticulum
ENSP00000293404,2.9171330352464704,Moderate,0.12088362529687864,2.7962494099495916,0.223779,0.197925,0.140063,0.152148,0.128418,0.701074,0.189844,0.09317,0.08031,0.113672,0.079236,Mitochondrion,Mitochondrion
ENSP00000264639,2.935922935513628,Moderate,0.16319431419454883,2.772728621319079,0.307617,0.584326,0.542676,0.048404,0.223486,0.141638,0.016349,0.146875,0.33125,0.313452,0.024443,"Cytoplasm, Nucleus","Cytoplasm, Nucleus"
ENSP00000393621,3.071878184373608,Moderate,0.1630514032015252,2.9088267811720825,0.323047,0.686719,0.304346,0.175171,0.301953,0.180444,0.008106,0.116687,0.169141,0.35498,0.051663,Cytoplasm,"Cytoplasm, Cell membrane"
ENSP00000498712,2.868503405240588,Moderate,0.22146523309852742,2.6470381721420604,0.262891,0.214722,0.215234,0.156262,0.082251,0.886426,0.081641,0.171692,0.069553,0.127795,0.166583,Mitochondrion,Mitochondrion
ENSP00000434192,2.6945789185705267,Moderate,0.13818287941913243,2.5563960391513945,0.219653,0.266357,0.169189,0.179706,0.094061,0.908398,0.06286,0.081641,0.059613,0.083063,0.228601,Mitochondrion,Mitochondrion
ENSP00000366460,2.7226355968455658,Moderate,0.16864795759661247,2.553987639248953,0.797168,0.17229,0.073938,0.303662,0.72373,0.073724,0.01466,0.35332,0.485645,0.517725,0.043854,"Membrane, Cell membrane",Nucleus
ENSP00000317445,2.8474965349299968,Moderate,0.2132861225966218,2.634210412333375,0.244849,0.142322,0.098584,0.946777,0.212183,0.253601,0.020777,0.180444,0.291577,0.292944,0.05521,Extracellular,Cytoplasm
ENSP00000269383,2.804469923088093,Moderate,0.3963640322609915,2.408105890827102,0.095142,0.70791,0.487842,0.13002,0.071768,0.416919,0.001264,0.172717,0.330005,0.248901,0.046735,Cytoplasm,"Cytoplasm, Nucleus"
ENSP00000258385,2.550823288606651,Moderate,0.25007933537033467,2.3007439532363163,0.800391,0.147717,0.127869,0.127338,0.795898,0.065973,0.010503,0.257739,0.228052,0.213831,0.044928,"Membrane, Cell membrane",Cell membrane
ENSP00000388320,2.7971887406580502,Moderate,0.16859638922431885,2.6285923514337313,0.228833,0.467187,0.622852,0.037885,0.12627,0.314282,0.00356,0.220166,0.182104,0.210675,0.01681,Nucleus,Mitochondrion
ENSP00000257570,3.057111805342999,Moderate,0.21787407428984487,2.839237731053154,0.156238,0.545264,0.4375,0.461816,0.217468,0.331152,0.002326,0.282104,0.220361,0.089496,0.027856,Cytoplasm,Cytoplasm
ENSP00000354499,2.606348555955559,Moderate,0.32927260086073534,2.2770759550948236,0.869629,0.075037,0.099109,0.026439,0.596387,0.119092,0.098364,0.531494,0.399585,0.345654,0.030297,"Membrane, Cell membrane",Mitochondrion
ENSP00000356991,2.7350041754202117,Moderate,0.16810209839200796,2.5669020770282036,0.792969,0.262231,0.119788,0.179761,0.812109,0.092255,0.004612,0.235962,0.31792,0.288306,0.05527,"Membrane, Cell membrane",Cell membrane
ENSP00000484105,2.6367577936518707,Moderate,0.1349988429208828,2.501758950730988,0.122107,0.554443,0.612695,0.076129,0.04473,0.435254,0.020333,0.092236,0.235999,0.176392,0.03189,"Cytoplasm, Nucleus",Nucleus
ENSP00000366936,2.917638886313509,Moderate,0.2443154164662567,2.673323469847252,0.499658,0.640527,0.319922,0.069409,0.638623,0.237817,0.0052,0.138892,0.198584,0.258838,0.043103,"Membrane, Cytoplasm, Cell membrane",Cytoplasm
ENSP00000353971,3.1081062751099457,Moderate,0.2337835543151788,2.874322720794767,0.312354,0.480127,0.578906,0.055798,0.255908,0.154334,0.010431,0.313965,0.340869,0.368848,0.04132,"Cytoplasm, Nucleus",Cytoplasm
ENSP00000401823,2.5773574707416933,Moderate,0.14299356618808526,2.434363904553608,0.171814,0.729102,0.634375,0.026327,0.102332,0.139636,0.017063,0.150928,0.123938,0.156519,0.114229,"Cytoplasm, Nucleus",Cytoplasm
ENSP00000329687,2.7731632866091305,Moderate,0.21915431860475393,2.5540089680043767,0.359277,0.592187,0.58584,0.049594,0.49248,0.126025,0.017438,0.098804,0.202045,0.248096,0.012501,"Cytoplasm, Nucleus",Cell membrane
ENSP00000451621,2.874487833542912,Moderate,0.44007725906394335,2.4344105744789686,0.31228,0.656543,0.583789,0.048453,0.109119,0.214478,0.026023,0.2,0.173169,0.49126,0.041617,"Cytoplasm, Nucleus",Nucleus
ENSP00000485289,2.7246118493818647,Moderate,0.2792993749391593,2.4453124744427055,0.125854,0.699219,0.493262,0.023001,0.126221,0.48833,0.150018,0.052802,0.07381,0.072665,0.507568,Cytoplasm,Cytoplasm
ENSP00000481873,3.1529134447930542,Moderate,0.17411142782125894,2.9788020169717955,0.274243,0.705273,0.366553,0.16134,0.301001,0.277734,0.015169,0.164368,0.226758,0.378516,0.031096,Cytoplasm,Nucleus
ENSP00000384695,2.6637156777707416,Moderate,0.14963568914087216,2.5140799886298693,0.173486,0.213452,0.053815,0.907129,0.128174,0.122375,0.052051,0.270142,0.291333,0.265625,0.00979,Extracellular,"Endoplasmic reticulum, Golgi apparatus"
ENSP00000353013,2.98559615090376,Moderate,0.29726147669737724,2.6883346742063825,0.714844,0.220532,0.120715,0.398413,0.73418,0.111377,0.011657,0.258911,0.280664,0.392529,0.074591,"Membrane, Cell membrane",Endoplasmic reticulum
ENSP00000386297,3.2693419094665104,Moderate,0.3170667941090877,2.9522751153574225,0.188147,0.496143,0.212476,0.795703,0.177148,0.281567,0.009834,0.258765,0.292358,0.329663,0.185147,"Cytoplasm, Extracellular",Cytoplasm
ENSP00000378228,2.851020330461351,Moderate,0.27459845096176116,2.5764218794995895,0.485498,0.694922,0.264233,0.119156,0.468799,0.117322,0.009879,0.144226,0.542334,0.546875,0.010767,"Membrane, Cytoplasm",Golgi apparatus
ENSP00000484345,3.155882269460412,Moderate,0.22192760370613063,2.933954665754281,0.444678,0.639648,0.402197,0.112213,0.457764,0.218408,0.006767,0.260718,0.411572,0.433887,0.026412,Cytoplasm,"Cytoplasm, Cell membrane"
ENSP00000355866,2.7400048141324556,Moderate,0.19597838588262456,2.544026428249831,0.17041,0.614648,0.497803,0.032759,0.246899,0.210278,0.009541,0.162366,0.14176,0.174377,0.022643,Cytoplasm,"Cytoplasm, Nucleus"
ENSP00000366450,2.732792295941791,Moderate,0.17088084066796838,2.5619114552738225,0.795605,0.174683,0.073181,0.298828,0.72168,0.072498,0.017568,0.366455,0.489551,0.52085,0.045142,"Membrane, Cell membrane",Nucleus
ENSP00000395942,2.9899962244634497,Moderate,0.17287805636602369,2.817118168097426,0.387842,0.53042,0.445996,0.08219,0.221484,0.076862,0.006455,0.285474,0.332886,0.586816,0.036302,Cytoplasm,Golgi apparatus
ENSP00000414379,3.0445010114141446,Moderate,0.33903007969622095,2.7054709317179237,0.361621,0.682422,0.354102,0.012911,0.260254,0.4021,0.090437,0.3005,0.113336,0.104773,0.087887,Cytoplasm,Cytoplasm
ENSP00000484162,2.970720081720369,Moderate,0.2425630505811137,2.7281570311392556,0.142249,0.494727,0.648828,0.114349,0.137122,0.377808,0.008635,0.280469,0.109045,0.217456,0.082138,"Cytoplasm, Nucleus",Nucleus
ENSP00000311318,3.040734783256811,Moderate,0.2628694910668796,2.777865292189931,0.24021,0.538379,0.557129,0.083298,0.114868,0.203516,0.004034,0.324365,0.310278,0.439404,0.04881,"Cytoplasm, Nucleus",Mitochondrion
ENSP00000356046,3.0944667798869823,Moderate,0.27653551977688506,2.817931260110097,0.269629,0.705078,0.409766,0.04841,0.275842,0.267236,0.011012,0.193188,0.347827,0.248462,0.074845,Cytoplasm,Nucleus
ENSP00000481304,3.2423464076723922,Moderate,0.2912720732474736,2.9510743344249186,0.378711,0.543408,0.538379,0.032246,0.244019,0.383789,0.006193,0.33645,0.381348,0.486963,0.136011,"Cytoplasm, Nucleus",Nucleus
ENSP00000489696,3.323710692933038,Moderate,0.4081431515879831,2.915567541345055,0.276514,0.482031,0.468652,0.174731,0.14928,0.409253,0.115878,0.091187,0.079364,0.14527,0.283923,Cytoplasm,Cytoplasm
ENSP00000403044,2.5747036388725877,Moderate,0.15847697907356176,2.416226659799026,0.23667,0.590137,0.260254,0.024388,0.14635,0.327808,0.029431,0.045805,0.073178,0.209497,0.017514,Cytoplasm,Nucleus
ENSP00000357484,2.9516304975265713,Moderate,0.18740979352899909,2.764220703997572,0.373047,0.60918,0.401611,0.039763,0.333862,0.175354,0.004181,0.198193,0.190869,0.335156,0.02401,Cytoplasm,Golgi apparatus
ENSP00000333049,2.976953822963351,Moderate,0.21211327343608272,2.7648405495272685,0.320312,0.652832,0.497803,0.095062,0.252222,0.238245,0.007633,0.12041,0.233032,0.238452,0.028113,Cytoplasm,"Cytoplasm, Nucleus"
ENSP00000354961,2.4870709980059145,Moderate,0.2922621438607256,2.194808854145189,0.60498,0.127942,0.397266,0.058252,0.337329,0.199438,0.029068,0.694189,0.020269,0.061789,0.025,"Membrane, Endoplasmic reticulum",Mitochondrion
ENSP00000275227,2.635703968518071,Moderate,0.21314092008725408,2.422563048430817,0.791699,0.171838,0.085083,0.07749,0.569092,0.171985,0.011877,0.415381,0.666553,0.463623,0.018026,"Membrane, Cell membrane, Lysosome/Vacuole",Cytoplasm
ENSP00000433771,3.0375607638579645,Moderate,0.24643960704322868,2.791121156814736,0.254565,0.728516,0.448486,0.042172,0.236523,0.238135,0.013197,0.215771,0.339819,0.23252,0.071536,Cytoplasm,Nucleus
ENSP00000497847,3.1399687997770536,Moderate,0.23519412894877703,2.9047746708282767,0.177832,0.737695,0.370068,0.073938,0.253442,0.346924,0.020172,0.189111,0.323047,0.323096,0.084698,Cytoplasm,Cytoplasm
ENSP00000438460,3.0216130050623047,Moderate,0.5859879897929574,2.4356250152693475,0.148193,0.263281,0.743359,0.527148,0.206958,0.322778,0.007891,0.350317,0.162683,0.064046,0.681641,Nucleus,Nucleus
ENSP00000503453,2.764390684256095,Moderate,0.1402532392331384,2.6241374450229564,0.141553,0.284692,0.733203,0.133228,0.069226,0.209216,0.012052,0.181885,0.158105,0.116943,0.089413,Nucleus,Nucleus
ENSP00000333779,3.018305683987248,Moderate,0.2745689988101651,2.743736685177083,0.752832,0.165894,0.128711,0.283325,0.644043,0.116248,0.017619,0.239209,0.409961,0.302246,0.0862,"Membrane, Cell membrane",Cell membrane
ENSP00000397759,3.0571034793006024,Moderate,0.2258281148935361,2.8312753644070665,0.514355,0.649121,0.321924,0.063449,0.341602,0.256421,0.016649,0.415771,0.515771,0.746094,0.069791,"Membrane, Cytoplasm, Golgi apparatus",Golgi apparatus
ENSP00000307260,3.2842643384575214,Moderate,0.2793476693445541,3.0049166691129674,0.688379,0.243921,0.256104,0.100073,0.274292,0.294263,0.043524,0.679199,0.267236,0.367822,0.134045,"Membrane, Endoplasmic reticulum",Cytoplasm
ENSP00000380142,3.0497954106204865,Moderate,0.15077053778308347,2.899024872837403,0.238916,0.444287,0.556836,0.049182,0.150928,0.278125,0.023248,0.195386,0.232739,0.163452,0.072356,Nucleus,Nucleus
ENSP00000490739,3.2381611491895086,Moderate,0.3167024846108921,2.9214586645786165,0.252856,0.52124,0.397021,0.632861,0.197009,0.254248,0.011273,0.104211,0.193188,0.123877,0.314636,Cytoplasm,"Cytoplasm, Nucleus, Cell membrane"
ENSP00000429947,2.9028328433948194,Moderate,0.17346235266483298,2.7293704907299863,0.229883,0.690137,0.55249,0.030397,0.223047,0.184692,0.016725,0.291113,0.184827,0.251929,0.045829,"Cytoplasm, Nucleus",Cytoplasm
ENSP00000383919,2.77507357098432,Moderate,0.15604567394349245,2.619027897040828,0.216553,0.77168,0.346826,0.106433,0.322437,0.093829,0.001698,0.126819,0.224976,0.331836,0.019475,Cytoplasm,"Cytoplasm, Nucleus"
ENSP00000497692,3.3175644810690916,Moderate,0.2477666579889109,3.069797823080181,0.298975,0.515039,0.446436,0.145837,0.200073,0.237109,0.018414,0.344873,0.356812,0.403467,0.043433,Cytoplasm,Nucleus
ENSP00000438154,2.903363557768328,Moderate,0.21598972987817144,2.6873738278901564,0.160034,0.566943,0.412207,0.167059,0.233667,0.155469,0.023821,0.151355,0.123657,0.10213,0.040001,Cytoplasm,"Cytoplasm, Nucleus"
ENSP00000408854,3.096862549832872,Moderate,0.23106354504772303,2.8657990047851487,0.157971,0.523486,0.541895,0.075116,0.104236,0.153467,0.113321,0.153284,0.214648,0.175623,0.113293,"Cytoplasm, Nucleus",Nucleus
ENSP00000376597,2.899119224003937,Moderate,0.24376737760313216,2.655351846400805,0.251953,0.411182,0.612793,0.130472,0.104126,0.15448,0.009731,0.118738,0.361353,0.201929,0.030932,Nucleus,Nucleus
ENSP00000248450,2.602946564196782,Moderate,0.2522402350849665,2.3507063291118153,0.124719,0.552588,0.714355,0.021561,0.161987,0.134705,0.031027,0.079907,0.152966,0.159204,0.106266,"Cytoplasm, Nucleus",Cytoplasm
ENSP00000435375,2.583568978395301,Moderate,0.22651686124908285,2.357052117146218,0.170947,0.328125,0.619971,0.08017,0.058165,0.190039,0.002159,0.134607,0.129193,0.121326,0.041816,Nucleus,Nucleus
ENSP00000483972,2.8806800596968225,Moderate,0.1504384214189875,2.730241638277835,0.243018,0.637598,0.323364,0.068198,0.169751,0.39585,0.028099,0.086255,0.095459,0.256958,0.049471,Cytoplasm,Nucleus
ENSP00000355814,3.036768143597445,Moderate,0.18540491787434069,2.8513632257231043,0.166492,0.58125,0.437012,0.089331,0.122937,0.408936,0.053355,0.171826,0.078745,0.173621,0.124048,Cytoplasm,Cytoplasm
ENSP00000302321,2.5835130467321026,Moderate,0.12892418243798578,2.454588864294117,0.355127,0.183032,0.084656,0.138232,0.217969,0.936035,0.047458,0.107153,0.057599,0.112097,0.103589,Mitochondrion,Mitochondrion
ENSP00000367483,3.0853429374100148,Moderate,0.13807802519995133,2.9472649122100636,0.215991,0.302148,0.214893,0.765723,0.267236,0.178882,0.036937,0.311938,0.136169,0.179907,0.041496,Extracellular,Nucleus
ENSP00000507848,2.9672081752910526,Moderate,0.27609054310282416,2.6911176321882286,0.313745,0.49126,0.501758,0.038016,0.20647,0.214343,0.007505,0.165088,0.3229,0.208044,0.028905,Cytoplasm,"Cytoplasm, Nucleus, Cell membrane"
ENSP00000369361,2.8290905915821822,Moderate,0.15363209347580814,2.6754584981063743,0.203394,0.716309,0.254883,0.191357,0.218188,0.171692,0.009369,0.074725,0.157104,0.231445,0.027786,Cytoplasm,Cytoplasm
ENSP00000326194,3.0185043339228885,Moderate,0.1954223686651419,2.823081965257747,0.254565,0.60625,0.62334,0.062073,0.092566,0.288745,0.017213,0.300708,0.164185,0.385596,0.096259,"Cytoplasm, Nucleus",Nucleus
ENSP00000386502,2.956162780697685,Moderate,0.21541486280597744,2.740747917891708,0.249048,0.490723,0.463086,0.115369,0.300317,0.420801,0.021854,0.06134,0.179382,0.120288,0.032647,Cytoplasm,Nucleus
ENSP00000401820,2.6282122669661336,Moderate,0.1635817998505635,2.4646304671155703,0.178467,0.194043,0.047977,0.907617,0.126038,0.114465,0.051807,0.258606,0.295728,0.271899,0.008934,Extracellular,"Endoplasmic reticulum, Golgi apparatus"
ENSP00000440875,2.8014852906206396,Moderate,0.20940245168370683,2.592082838936933,0.816504,0.220898,0.089819,0.264478,0.818262,0.197412,0.007127,0.247461,0.416846,0.474121,0.050287,"Membrane, Cell membrane",Golgi apparatus
ENSP00000445928,3.081864935878756,Moderate,0.2409192672953378,2.8409456685834185,0.141321,0.36958,0.595801,0.310254,0.128223,0.412402,0.02797,0.204028,0.077838,0.156946,0.094876,Nucleus,Nucleus
ENSP00000497268,2.71090870910363,Moderate,0.19546149995030088,2.515447209153329,0.10097,0.616504,0.626953,0.060944,0.078577,0.202563,0.057001,0.095691,0.21615,0.134387,0.082617,"Cytoplasm, Nucleus",Nucleus
ENSP00000368686,2.5432572166275644,Moderate,0.2351897456499833,2.3080674709775812,0.170752,0.505615,0.860742,0.027718,0.121667,0.246802,0.006212,0.075955,0.136835,0.205396,0.109293,"Cytoplasm, Nucleus",Nucleus
ENSP00000385020,3.01480830257898,Moderate,0.22208539005066344,2.7927229125283164,0.483154,0.633887,0.34082,0.10499,0.47207,0.209277,0.005972,0.1311,0.387988,0.315063,0.014386,"Membrane, Cytoplasm",Cell membrane
ENSP00000470652,2.7287470767878537,Moderate,0.23449907950641635,2.4942479972814375,0.73125,0.102954,0.308325,0.051172,0.155603,0.304346,0.005679,0.72168,0.241406,0.671777,0.095477,"Membrane, Endoplasmic reticulum, Golgi apparatus",Golgi apparatus
ENSP00000286234,3.0523535348348974,Moderate,0.22061580381417686,2.8317377310207204,0.491309,0.600586,0.340674,0.070822,0.426514,0.20531,0.01629,0.184375,0.375146,0.435303,0.009839,"Membrane, Cytoplasm","Nucleus, Mitochondrion"
ENSP00000445690,3.067770812593293,Moderate,0.27197975655740464,2.7957910560358883,0.353027,0.64502,0.38667,0.061922,0.290747,0.197083,0.011512,0.244824,0.223621,0.413477,0.028908,Cytoplasm,Golgi apparatus
ENSP00000393333,2.5838316374776262,Moderate,0.14622322441556201,2.437608413062064,0.843262,0.208447,0.077106,0.066092,0.78252,0.157336,0.017827,0.362939,0.312598,0.317383,0.02266,"Membrane, Cell membrane",Cell membrane
ENSP00000502176,2.6127816337439262,Moderate,0.12465344686341844,2.4881281868805076,0.238135,0.213428,0.106519,0.146643,0.093347,0.916797,0.26748,0.049982,0.059967,0.113574,0.080026,Mitochondrion,Mitochondrion
ENSP00000387729,2.5631114392899605,Moderate,0.21478679954403831,2.3483246397459223,0.132361,0.77334,0.555127,0.084656,0.101758,0.063858,0.031554,0.141309,0.158258,0.285571,0.035067,"Cytoplasm, Nucleus","Cytoplasm, Cell membrane"
ENSP00000381461,3.157391080980769,Moderate,0.24756717367636416,2.9098239073044048,0.212793,0.444238,0.389648,0.11969,0.125769,0.154016,0.079265,0.116101,0.194702,0.25376,0.066312,None,Nucleus
ENSP00000358033,2.579094577469557,Moderate,0.06029926656600632,2.518795310903551,0.269653,0.198999,0.133618,0.084894,0.086292,0.87002,0.155164,0.074384,0.063068,0.104907,0.078857,Mitochondrion,Cytoplasm
ENSP00000483421,2.614597138445745,Moderate,0.15861848490421215,2.455978653541533,0.183862,0.199634,0.049161,0.919043,0.135217,0.119855,0.048882,0.23717,0.285864,0.259937,0.006822,Extracellular,"Endoplasmic reticulum, Golgi apparatus"
ENSP00000438521,3.2110919100745394,Moderate,0.15461437329261174,3.0564775367819275,0.480957,0.60498,0.296777,0.101746,0.518994,0.235864,0.015542,0.270361,0.417822,0.424658,0.04248,"Membrane, Cytoplasm","Cytoplasm, Nucleus"
ENSP00000420269,3.065087961442555,Moderate,0.30761375511678957,2.7574742063257656,0.208936,0.266528,0.12959,0.206299,0.094373,0.698828,0.507666,0.090186,0.055927,0.101978,0.338525,Mitochondrion,Cytoplasm
ENSP00000340883,2.503914974513111,Moderate,0.1722764337126765,2.3316385408004345,0.135571,0.513037,0.797656,0.096738,0.100842,0.134213,0.008941,0.112146,0.210376,0.158679,0.019175,"Cytoplasm, Nucleus",Nucleus
ENSP00000422951,2.505454639908269,Moderate,0.13155971950120535,2.3738949204070634,0.155249,0.565283,0.670996,0.069708,0.179675,0.200757,0.062189,0.057843,0.029597,0.130164,0.028923,"Cytoplasm, Nucleus","Cytoplasm, Cell membrane, Endoplasmic reticulum"
ENSP00000504470,2.498957653379011,Moderate,0.12593050729958805,2.373027146079423,0.139636,0.293506,0.777539,0.055542,0.050177,0.220203,0.011258,0.121777,0.125305,0.129993,0.073773,Nucleus,Nucleus
ENSP00000399234,3.0258247548369055,Moderate,0.15601133531756795,2.8698134195193377,0.270557,0.503027,0.609766,0.063333,0.185486,0.259766,0.017323,0.242578,0.121271,0.241528,0.063233,"Cytoplasm, Nucleus","Cytoplasm, Nucleus"
ENSP00000317437,3.0741216511849005,Moderate,0.2046561740753992,2.869465477109501,0.196753,0.511328,0.584668,0.068008,0.135907,0.201953,0.029595,0.305127,0.296411,0.202161,0.060852,"Cytoplasm, Nucleus","Endoplasmic reticulum, Golgi apparatus"
ENSP00000479512,3.0680053048850366,Moderate,0.2155701375083425,2.852435167376694,0.170654,0.526025,0.456104,0.476367,0.246362,0.375732,0.002314,0.241992,0.22854,0.077411,0.032475,Cytoplasm,Cytoplasm
ENSP00000437207,3.002130223842118,Moderate,0.2882106685542177,2.7139195552879003,0.258228,0.68916,0.45249,0.252271,0.449805,0.098083,0.005411,0.193268,0.218201,0.257495,0.018944,Cytoplasm,"Nucleus, Cell membrane"
ENSP00000318575,2.984781417013751,Moderate,0.25216486072127864,2.7326165562924722,0.227612,0.659082,0.317578,0.06935,0.198877,0.152539,0.021724,0.184094,0.277075,0.190723,0.049799,Cytoplasm,Cytoplasm
ENSP00000485288,2.81272085720987,Moderate,0.22564988513552017,2.5870709720743497,0.162402,0.594824,0.546289,0.038715,0.117786,0.489111,0.068495,0.055627,0.123816,0.069751,0.30354,"Cytoplasm, Nucleus",Cytoplasm
ENSP00000320431,3.0130787419931493,Moderate,0.22750284606663462,2.785575895926515,0.596143,0.221118,0.202222,0.444849,0.127478,0.235156,0.008745,0.455273,0.16925,0.699219,0.042389,"Membrane, Golgi apparatus",Golgi apparatus
ENSP00000260563,2.799100221567665,Moderate,0.46632719277106693,2.332773028796598,0.287402,0.427539,0.537939,0.057627,0.181934,0.44165,0.027314,0.031094,0.087573,0.056311,0.208673,Nucleus,Nucleus
ENSP00000243082,2.986800755171585,Moderate,0.26145722108478314,2.725343534086802,0.185083,0.434424,0.678223,0.184186,0.171686,0.296118,0.022984,0.295435,0.096863,0.136026,0.040611,Nucleus,Nucleus
ENSP00000266544,2.634149163075618,Moderate,0.1075729897727627,2.5265761733028556,0.381348,0.174146,0.086255,0.076935,0.155041,0.908789,0.459473,0.074432,0.073206,0.10166,0.08064,Mitochondrion,Mitochondrion
ENSP00000426083,3.120911237505785,Moderate,0.32301068703853797,2.7979005504672467,0.236841,0.617773,0.206372,0.167364,0.253687,0.462158,0.080658,0.092932,0.157513,0.108899,0.076254,Cytoplasm,"Cytoplasm, Cell membrane"
ENSP00000405752,3.035046691936654,Moderate,0.287674445318762,2.7473722466178923,0.567676,0.624219,0.294214,0.051671,0.330664,0.287549,0.014129,0.395703,0.496094,0.731738,0.065627,"Membrane, Cytoplasm, Golgi apparatus",Golgi apparatus
ENSP00000459933,2.9765473422822346,Moderate,0.5155536097797011,2.4609937325025335,0.257935,0.533984,0.48855,0.057831,0.100366,0.212622,0.028705,0.481738,0.225159,0.306714,0.015744,Cytoplasm,Nucleus
ENSP00000379284,3.025779475885713,Moderate,0.22862315005440922,2.797156325831304,0.333521,0.495898,0.309424,0.07919,0.314575,0.181763,0.030902,0.250757,0.109445,0.138293,0.0296,Cytoplasm,Mitochondrion
ENSP00000335060,3.3019237142873417,Moderate,0.39649633476169394,2.905427379525648,0.273462,0.700977,0.22594,0.144647,0.23103,0.623975,0.014884,0.17428,0.287939,0.37019,0.279492,Cytoplasm,Mitochondrion
ENSP00000430121,3.199053295684631,Moderate,0.18473601733921946,3.0143172783454117,0.191626,0.491699,0.651074,0.166809,0.140173,0.124817,0.071982,0.198267,0.162744,0.172217,0.183984,"Cytoplasm, Nucleus",Nucleus
ENSP00000342699,2.696878899601865,Moderate,0.13936634866207168,2.5575125509397933,0.145447,0.669727,0.476514,0.073889,0.078754,0.179858,0.00491,0.107019,0.177405,0.293286,0.056182,Cytoplasm,"Cytoplasm, Nucleus"
ENSP00000493763,3.209624017899277,Moderate,0.5366606487918798,2.6729633691073973,0.233777,0.601074,0.135498,0.349902,0.053937,0.254358,0.057417,0.156653,0.344873,0.168668,0.166016,Cytoplasm,Nucleus
ENSP00000427300,3.0563370907315073,Moderate,0.33159127312348147,2.7247458176080257,0.123328,0.424951,0.645605,0.217407,0.046713,0.451221,0.117853,0.201758,0.095941,0.16438,0.093415,Nucleus,Nucleus
ENSP00000480216,2.9201641487902155,Moderate,0.2631974765442576,2.6569666722459577,0.169727,0.605371,0.557617,0.077231,0.207642,0.350781,0.007883,0.185901,0.202869,0.151245,0.044117,"Cytoplasm, Nucleus","Cytoplasm, Nucleus"
ENSP00000449746,2.638792392948379,Moderate,0.17651373467032988,2.4622786582780494,0.171509,0.495654,0.506787,0.039967,0.124792,0.128992,0.008993,0.141834,0.19248,0.160654,0.014443,Cytoplasm,Cytoplasm
ENSP00000410603,3.092535189575738,Moderate,0.22934578685688345,2.8631894027188545,0.352881,0.485986,0.612305,0.049341,0.4146,0.262744,0.01469,0.160242,0.306885,0.310352,0.039752,"Cytoplasm, Nucleus","Cytoplasm, Nucleus"
ENSP00000413963,3.2994210475275816,Moderate,0.4801655685705648,2.819255478957017,0.186597,0.471436,0.517041,0.459082,0.120459,0.310815,0.070433,0.075128,0.205493,0.126208,0.497577,Cytoplasm,Cytoplasm
ENSP00000369411,2.9220946658528697,Moderate,0.31078409518298783,2.611310570669882,0.332471,0.51333,0.332166,0.020176,0.151001,0.235413,0.026421,0.296851,0.122275,0.173969,0.038377,Cytoplasm,Nucleus
ENSP00000438158,3.270668137112202,Moderate,0.32442585120050005,2.946242285911702,0.186426,0.696875,0.485547,0.240457,0.150012,0.354712,0.072552,0.168536,0.176575,0.229248,0.096652,Cytoplasm,Cytoplasm
ENSP00000362685,2.8893250221031392,Moderate,0.19087025037665092,2.6984547717264884,0.118933,0.648633,0.487158,0.08548,0.122363,0.221143,0.034091,0.13197,0.240735,0.143445,0.078766,Cytoplasm,Nucleus
ENSP00000299163,2.951322628051809,Moderate,0.30904078712981414,2.642281840921995,0.082245,0.597559,0.364648,0.144458,0.053378,0.249524,0.092862,0.252991,0.117126,0.234839,0.039744,Cytoplasm,"Cytoplasm, Nucleus"
ENSP00000489758,2.685470187961932,Moderate,0.14271214795742876,2.542758040004503,0.155762,0.334766,0.131055,0.206274,0.105548,0.903223,0.065173,0.060059,0.070477,0.093677,0.267261,Mitochondrion,Mitochondrion
ENSP00000463121,2.891837348177676,Moderate,0.21778493380222094,2.674052414375455,0.298218,0.397803,0.574316,0.088141,0.140735,0.238922,0.010838,0.142029,0.163025,0.155103,0.029021,Nucleus,"Cytoplasm, Nucleus, Mitochondrion"
ENSP00000398124,2.587858331085668,Moderate,0.29443366495534223,2.293424666130326,0.188196,0.485449,0.872656,0.029814,0.127802,0.19552,0.004161,0.074948,0.174524,0.23833,0.119272,"Cytoplasm, Nucleus",Nucleus
ENSP00000243878,2.8617331704226707,Moderate,0.16741543705725628,2.6943177333654145,0.158521,0.613623,0.316748,0.096497,0.178076,0.232324,0.004224,0.09978,0.181641,0.109711,0.098712,Cytoplasm,"Cytoplasm, Cell membrane"
ENSP00000403660,2.6584689885811597,Moderate,0.16708725722237866,2.491381731358781,0.727637,0.270947,0.082355,0.131903,0.739062,0.101392,0.008291,0.293677,0.186108,0.242603,0.023759,"Membrane, Cell membrane",Cell membrane
ENSP00000386280,3.182541565670773,Moderate,0.20484019964937294,2.9777013660214,0.484131,0.290015,0.301099,0.136646,0.225513,0.555322,0.011537,0.190552,0.095654,0.094116,0.304932,Membrane,Nucleus
ENSP00000357920,3.1919489663826415,Moderate,0.43316314334759737,2.758785823035044,0.198401,0.268286,0.227161,0.131049,0.051779,0.461035,0.131403,0.488672,0.165588,0.289136,0.857715,Peroxisome,Cytoplasm
ENSP00000356974,3.049502050908468,Moderate,0.2673309242314914,2.7821711266769764,0.283667,0.244019,0.165833,0.843555,0.395117,0.174109,0.010718,0.318604,0.192749,0.34541,0.044089,Extracellular,Nucleus
ENSP00000263121,2.587012454855122,Moderate,0.14698671059336832,2.440025744261754,0.182129,0.475391,0.789648,0.153882,0.13634,0.121503,0.005583,0.095618,0.17699,0.176904,0.012488,"Cytoplasm, Nucleus",Nucleus
ENSP00000432382,3.038184672275897,Moderate,0.27238572472235456,2.7657989475535425,0.551514,0.664551,0.327295,0.043092,0.376074,0.300439,0.009857,0.316406,0.478223,0.645898,0.057146,"Membrane, Cytoplasm",Golgi apparatus
ENSP00000319739,3.1785388660136737,Moderate,0.19820324720296134,2.980335618810712,0.268848,0.218774,0.178662,0.333252,0.237695,0.11665,0.007833,0.631836,0.316626,0.372168,0.058899,Endoplasmic reticulum,Endoplasmic reticulum
ENSP00000463424,3.139593915622039,Moderate,0.3129779512973459,2.8266159643246933,0.263525,0.628906,0.39458,0.105963,0.160413,0.159723,0.031107,0.218848,0.177625,0.207007,0.101122,Cytoplasm,Cytoplasm
ENSP00000420802,3.027074250165678,Moderate,0.24651540003621356,2.7805588501294647,0.642285,0.264478,0.114392,0.394873,0.708105,0.120215,0.004654,0.367383,0.446875,0.293066,0.057617,"Membrane, Cell membrane",Cell membrane
ENSP00000360597,3.129188648180622,Moderate,0.362982915287293,2.7662057328933294,0.711621,0.204663,0.120398,0.33429,0.644043,0.215906,0.005189,0.385937,0.410498,0.360449,0.077917,"Membrane, Cell membrane",Cell membrane
ENSP00000478061,2.9041585820024167,Moderate,0.18230696865032345,2.721851613352093,0.514404,0.645703,0.460742,0.096671,0.702246,0.101038,0.016475,0.234741,0.220679,0.370605,0.031072,"Membrane, Cytoplasm, Cell membrane",Cell membrane
ENSP00000362328,2.6665838589222726,Moderate,0.1597135088308245,2.506870350091448,0.835449,0.131262,0.14386,0.161584,0.759375,0.213538,0.006425,0.321631,0.508008,0.182678,0.02265,"Membrane, Cell membrane",Cell membrane
ENSP00000469035,3.25047623007282,Moderate,0.5644559252925107,2.686020304780309,0.271289,0.528955,0.376611,0.113159,0.291895,0.185382,0.011748,0.145703,0.210278,0.14953,0.550543,Cytoplasm,Golgi apparatus
ENSP00000435393,3.1883141332101306,Moderate,0.17843858282787114,3.0098755503822594,0.310352,0.466602,0.588281,0.10354,0.185669,0.292505,0.031302,0.204456,0.23667,0.302344,0.03388,Nucleus,Nucleus
ENSP00000332049,2.9781814244714777,Moderate,0.17413243754071345,2.804048986930764,0.689063,0.249561,0.151831,0.271338,0.732324,0.106433,0.008323,0.33457,0.321875,0.372168,0.040353,"Membrane, Cell membrane",Cell membrane
ENSP00000374550,2.890160044822225,Moderate,0.1319665456852376,2.758193499136987,0.115515,0.484229,0.754199,0.152185,0.099481,0.220166,0.032658,0.181006,0.116895,0.101575,0.202332,"Cytoplasm, Nucleus",Cytoplasm
ENSP00000496837,2.7711170503224403,Moderate,0.17105104855210665,2.6000660017703336,0.162512,0.500928,0.51084,0.056808,0.143884,0.260669,0.002899,0.177417,0.175317,0.15686,0.018727,Cytoplasm,"Cytoplasm, Nucleus"
ENSP00000427011,2.804995625094622,Moderate,0.20184640935082193,2.6031492157438003,0.75957,0.26123,0.201685,0.098022,0.748145,0.180951,0.0086,0.186255,0.461279,0.377393,0.024126,"Membrane, Cell membrane",Nucleus
ENSP00000380217,3.012363142438578,Moderate,0.27862986058844014,2.733733281850138,0.700195,0.283789,0.105811,0.35166,0.750977,0.139185,0.004665,0.366455,0.469238,0.311914,0.078217,"Membrane, Cell membrane",Cell membrane
ENSP00000473467,2.5680685060813153,Moderate,0.1892420052589348,2.3788265008223806,0.142737,0.602246,0.665918,0.065459,0.10744,0.131549,0.035262,0.136975,0.078134,0.278906,0.021836,"Cytoplasm, Nucleus","Cytoplasm, Nucleus"
ENSP00000390152,2.8491383259332284,Moderate,0.17405361860708687,2.6750847073261417,0.327393,0.165503,0.150452,0.873242,0.414062,0.119519,0.022218,0.188062,0.21438,0.302075,0.018218,Extracellular,Cell membrane
ENSP00000480722,2.8439447215480325,Moderate,0.3304171603961088,2.513527561151924,0.104187,0.617188,0.474805,0.106244,0.132605,0.526563,0.015707,0.113416,0.085541,0.094745,0.346808,Cytoplasm,"Nucleus, Golgi apparatus"
ENSP00000291691,2.853761432576197,Moderate,0.15521286716620167,2.6985485654099954,0.154651,0.504199,0.575586,0.327856,0.11167,0.234253,0.005157,0.098022,0.074408,0.128284,0.107617,"Cytoplasm, Nucleus",Nucleus
ENSP00000339326,2.93599246415813,Moderate,0.19242376666294372,2.7435686974951863,0.187329,0.620508,0.62334,0.284387,0.187793,0.351611,0.003927,0.149939,0.156396,0.204834,0.017599,"Cytoplasm, Nucleus","Cytoplasm, Nucleus, Cell membrane"
ENSP00000437928,2.5077314015977534,Moderate,0.08662265656873826,2.421108745029015,0.142664,0.505225,0.757324,0.060898,0.105359,0.197461,0.007039,0.147266,0.136108,0.106421,0.036049,"Cytoplasm, Nucleus",Nucleus
ENSP00000468486,2.85915202037739,Moderate,0.1811836538825383,2.6779683664948517,0.135803,0.582422,0.452246,0.230737,0.0836,0.303809,0.027106,0.095972,0.132361,0.191931,0.027695,Cytoplasm,Cytoplasm
ENSP00000326693,2.9459743723213077,Moderate,0.3213358823909437,2.624638489930364,0.705566,0.117151,0.153101,0.041223,0.107654,0.874219,0.275903,0.213916,0.209033,0.169586,0.450684,"Membrane, Mitochondrion",Mitochondrion
ENSP00000268125,3.2410047450343904,Moderate,0.3607645390826071,2.8802402059517833,0.408643,0.661914,0.383008,0.108228,0.16189,0.263354,0.022724,0.387109,0.308765,0.339038,0.057846,Cytoplasm,Cytoplasm
ENSP00000499450,2.536739111778606,Moderate,0.11017826396465508,2.426560847813951,0.449951,0.099829,0.134814,0.059137,0.087848,0.908691,0.287744,0.078162,0.051886,0.107617,0.123438,Mitochondrion,Mitochondrion
ENSP00000359795,2.816651140416854,Moderate,0.21468214907661057,2.6019689913402435,0.480713,0.61084,0.404736,0.081165,0.62041,0.089526,0.018977,0.213354,0.117651,0.275049,0.017131,"Membrane, Cytoplasm, Cell membrane",Cytoplasm
ENSP00000440227,3.2545364150502616,Moderate,0.3360287072477973,2.918507707802464,0.185803,0.645703,0.2302,0.090594,0.07406,0.468677,0.190756,0.211584,0.163428,0.164807,0.193665,Cytoplasm,Cytoplasm
ENSP00000371408,3.14354837993895,Moderate,0.3855950886552832,2.757953291283667,0.656055,0.43252,0.35874,0.04216,0.615869,0.324512,0.016234,0.253198,0.519922,0.686914,0.208325,"Membrane, Cell membrane, Golgi apparatus",Cell membrane
ENSP00000385376,2.591076254823232,Moderate,0.13808611085636488,2.452990143966867,0.133765,0.69541,0.467822,0.059882,0.077124,0.178967,0.002865,0.089172,0.180798,0.283765,0.045631,Cytoplasm,"Cytoplasm, Nucleus"
ENSP00000430457,3.0874087466829407,Moderate,0.19091317420481702,2.896495572478124,0.455908,0.58252,0.356494,0.05947,0.395361,0.214771,0.020055,0.185718,0.334766,0.399268,0.013393,"Membrane, Cytoplasm","Nucleus, Mitochondrion"
ENSP00000307695,3.133388042625779,Moderate,0.2059638622061064,2.9274241804196723,0.2625,0.592187,0.471631,0.095209,0.246558,0.234692,0.007939,0.182825,0.170557,0.153821,0.134271,Cytoplasm,Nucleus
ENSP00000225972,3.2447686146469423,Moderate,0.21727534069420593,3.0274932739527363,0.769336,0.179517,0.316968,0.091708,0.282446,0.36377,0.039911,0.579785,0.284644,0.408545,0.123694,Membrane,Endoplasmic reticulum
ENSP00000380311,2.575656689319188,Moderate,0.09754339957597005,2.478113289743218,0.175195,0.516895,0.747949,0.062979,0.130762,0.165308,0.006894,0.161145,0.135815,0.140613,0.027567,"Cytoplasm, Nucleus",Nucleus
ENSP00000329214,3.0167129804811688,Moderate,0.18816525822369512,2.8285477222574738,0.550293,0.199023,0.171191,0.478662,0.115527,0.212744,0.016333,0.420605,0.169885,0.613281,0.02829,Membrane,Nucleus
ENSP00000321679,3.069558513006569,Moderate,0.20537201852680043,2.8641864944797684,0.204834,0.601172,0.472754,0.113855,0.268262,0.218933,0.011915,0.168408,0.174927,0.254834,0.047935,Cytoplasm,Nucleus
ENSP00000346300,2.845825558292085,Moderate,0.2968277049454333,2.548997853346652,0.367212,0.640625,0.432422,0.08064,0.31582,0.092975,0.011045,0.088196,0.294012,0.301001,0.013171,Cytoplasm,Nucleus
ENSP00000279206,3.1851944566452057,Moderate,0.45370637921473855,2.731488077430467,0.200073,0.598975,0.347266,0.168384,0.284692,0.478174,0.011047,0.259058,0.144348,0.195679,0.797754,"Cytoplasm, Peroxisome",Nucleus
ENSP00000407646,2.8967216209228335,Moderate,0.3726441769416685,2.524077443981165,0.264941,0.404102,0.471924,0.193427,0.159912,0.304639,0.023235,0.14162,0.057867,0.116943,0.017623,None,"Cytoplasm, Nucleus"
ENSP00000352831,2.6578429214646246,Moderate,0.23438284301356954,2.423460078451055,0.177661,0.48916,0.541016,0.098395,0.128711,0.292065,0.05593,0.072269,0.053052,0.047205,0.058551,"Cytoplasm, Nucleus",Nucleus
ENSP00000274000,3.223301648458273,Moderate,0.32127833550551826,2.9020233129527546,0.619336,0.422607,0.396729,0.028116,0.55874,0.292334,0.054745,0.112122,0.391504,0.464062,0.148084,"Membrane, Cell membrane",Golgi apparatus
ENSP00000457284,2.870566707876114,Moderate,0.18820240345735392,2.68236430441876,0.244604,0.237939,0.126245,0.903613,0.343359,0.146265,0.008333,0.215405,0.264722,0.343701,0.025649,Extracellular,"Cytoplasm, Cell membrane"
ENSP00000326305,2.811805594254606,Moderate,0.18692621952780042,2.6248793747268055,0.879199,0.178223,0.116467,0.027301,0.327197,0.918555,0.077795,0.329395,0.19209,0.274341,0.308081,"Membrane, Mitochondrion",Mitochondrion
ENSP00000446662,2.9799210682560617,Moderate,0.1364033879016533,2.8435176803544087,0.259399,0.225464,0.150061,0.820117,0.331787,0.110046,0.00985,0.362695,0.428271,0.348633,0.025659,Extracellular,"Endoplasmic reticulum, Golgi apparatus"
ENSP00000416970,2.5030779977683757,Moderate,0.07873138434686242,2.4243466134215135,0.227734,0.154211,0.123938,0.169971,0.121216,0.89707,0.024067,0.072986,0.108203,0.1047,0.083282,Mitochondrion,Mitochondrion
ENSP00000283429,3.25215036517874,Moderate,0.41739378495561474,2.834756580223125,0.217297,0.464795,0.216943,0.116339,0.247119,0.299561,0.035619,0.140186,0.158057,0.157874,0.615381,None,Nucleus
ENSP00000265523,2.693585634986271,Moderate,0.30022264635348944,2.393362988632781,0.065265,0.599219,0.48374,0.098322,0.024202,0.405859,0.061955,0.129077,0.075552,0.279077,0.069474,Cytoplasm,Cytoplasm
ENSP00000408065,2.8054910832407156,Moderate,0.35245682382198346,2.453034259418732,0.195471,0.555859,0.453662,0.303125,0.223718,0.128699,0.038193,0.067429,0.098038,0.107434,0.016221,Cytoplasm,Nucleus
ENSP00000392629,3.0949284173112437,Moderate,0.17714278649274456,2.917785630818499,0.395605,0.259399,0.133691,0.773438,0.310962,0.366553,0.009396,0.26665,0.192334,0.229321,0.039714,Extracellular,Cell membrane
ENSP00000371061,3.1605190926721027,Moderate,0.2273749377953812,2.9331441548767216,0.210828,0.571094,0.551367,0.117963,0.175891,0.227393,0.011402,0.265088,0.259912,0.274512,0.067223,"Cytoplasm, Nucleus","Cytoplasm, Nucleus"
ENSP00000265164,3.119366121416244,Moderate,0.23656528077716,2.882800840639084,0.196924,0.675586,0.560205,0.265625,0.243848,0.416406,0.012814,0.180371,0.289111,0.21228,0.026503,"Cytoplasm, Nucleus",Cytoplasm
ENSP00000438605,3.1730544278303374,Moderate,0.20303144665624484,2.9700229811740924,0.270288,0.427832,0.208276,0.722168,0.316187,0.307935,0.004567,0.225488,0.199072,0.319922,0.036664,Extracellular,Golgi apparatus
ENSP00000429225,3.073682284554879,Moderate,0.38694207946152237,2.686740205093357,0.570703,0.663867,0.256958,0.033411,0.372412,0.719141,0.029188,0.524902,0.506494,0.67334,0.437805,"Membrane, Cytoplasm, Mitochondrion, Golgi apparatus",Cytoplasm
ENSP00000420452,3.024739103576429,Moderate,0.19239137486559604,2.832347728710833,0.197681,0.242383,0.183923,0.824316,0.218091,0.204309,0.015276,0.255249,0.187756,0.288599,0.049298,Extracellular,Nucleus
ENSP00000413666,2.801456034059887,Moderate,0.15840145464609778,2.643054579413789,0.208569,0.429883,0.660547,0.106348,0.149731,0.187872,0.015195,0.066949,0.139136,0.132471,0.088138,Nucleus,Cytoplasm
ENSP00000448029,3.091546199592015,Moderate,0.17029258662167776,2.9212536129703373,0.743555,0.255786,0.150464,0.230493,0.648926,0.174243,0.007568,0.397803,0.547559,0.44209,0.092261,"Membrane, Cell membrane","Endoplasmic reticulum, Golgi apparatus"
ENSP00000443578,3.1256223802023806,Moderate,0.24028416652003112,2.8853382136823496,0.232446,0.439795,0.396729,0.228088,0.107031,0.425342,0.021271,0.223633,0.087091,0.222021,0.052624,None,"Cytoplasm, Nucleus"
ENSP00000345580,2.709616829178799,Moderate,0.11659282916926941,2.5930240000095295,0.812988,0.147498,0.152661,0.022479,0.253906,0.855078,0.06962,0.241919,0.212939,0.123669,0.154041,"Membrane, Mitochondrion",Mitochondrion
ENSP00000362843,2.4783395453836685,Moderate,0.15463434121884367,2.323705204164825,0.123889,0.433252,0.796582,0.086719,0.086572,0.254419,0.006523,0.132654,0.087628,0.099854,0.055125,Nucleus,Nucleus
ENSP00000362691,3.114144405166796,Moderate,0.3098756232603105,2.8042687819064858,0.174072,0.549072,0.477832,0.071478,0.141797,0.203235,0.050043,0.149536,0.275708,0.159155,0.121951,Cytoplasm,Nucleus
ENSP00000262949,2.6736882369588355,Moderate,0.13873937618009027,2.534948860778745,0.112598,0.560107,0.644727,0.15481,0.140662,0.226453,0.006028,0.066492,0.109924,0.141376,0.071593,"Cytoplasm, Nucleus",Nucleus
ENSP00000453021,3.191245997447528,Moderate,0.17982121051798672,3.0114247869295414,0.4,0.614844,0.318604,0.09873,0.429102,0.258813,0.013082,0.175537,0.285425,0.177307,0.074243,Cytoplasm,Nucleus
ENSP00000356374,3.1662415107483524,Moderate,0.3908443731429219,2.7753971376054305,0.170459,0.574951,0.578467,0.039005,0.12699,0.119766,0.076658,0.176697,0.331665,0.349341,0.260562,"Cytoplasm, Nucleus",Nucleus
ENSP00000507343,3.196539521635426,Moderate,0.28675281100439565,2.9097867106310304,0.288208,0.63916,0.498584,0.069293,0.173901,0.272559,0.004651,0.308423,0.34917,0.25459,0.12318,Cytoplasm,Cytoplasm
ENSP00000415689,2.9170238708922236,Moderate,0.20580160634744427,2.711222264544779,0.13103,0.548877,0.550684,0.179675,0.124158,0.130988,0.037071,0.135498,0.17251,0.319482,0.027396,"Cytoplasm, Nucleus","Cytoplasm, Cell membrane"
ENSP00000377752,2.7371516619828573,Moderate,0.38025972468064223,2.356891937302215,0.469971,0.783496,0.178098,0.101437,0.519141,0.288306,0.019382,0.088251,0.094092,0.253345,0.024879,"Membrane, Cytoplasm",Cytoplasm
ENSP00000481885,2.5279771025592357,Moderate,0.1574791637679148,2.370497938791321,0.135291,0.397705,0.806348,0.11972,0.082642,0.305762,0.006711,0.121545,0.088922,0.1172,0.044469,Nucleus,Nucleus
ENSP00000357919,3.273284098790815,Moderate,0.4966665592862785,2.7766175395045365,0.228406,0.268896,0.230847,0.098691,0.048361,0.424268,0.198807,0.5875,0.228125,0.283032,0.801172,Peroxisome,Cytoplasm
ENSP00000393316,2.784969801823933,Moderate,0.11441431833401088,2.670555483489922,0.824902,0.17019,0.116858,0.107025,0.411914,0.191858,0.024097,0.765039,0.361182,0.426611,0.039101,"Membrane, Endoplasmic reticulum","Nucleus, Endoplasmic reticulum"
ENSP00000430243,3.1378779758306354,Moderate,0.32418998233208307,2.8136879934985526,0.150989,0.647656,0.562939,0.12793,0.061682,0.270081,0.096866,0.212598,0.153931,0.260584,0.130174,"Cytoplasm, Nucleus",Cell membrane
ENSP00000401085,3.152606939608706,Moderate,0.4340492234364098,2.7185577161722962,0.280371,0.734766,0.427051,0.128072,0.361377,0.340796,0.008434,0.151721,0.130974,0.152441,0.212311,Cytoplasm,Nucleus
ENSP00000363055,2.982398745414462,Moderate,0.16599128617096132,2.816407459243501,0.144116,0.605469,0.438574,0.154334,0.154749,0.366553,0.003459,0.143225,0.17998,0.196606,0.058761,Cytoplasm,"Cytoplasm, Nucleus"
ENSP00000463927,2.86471346075892,Moderate,0.21012811152688624,2.654585349232034,0.755762,0.214185,0.124524,0.304297,0.778516,0.107098,0.008156,0.303174,0.26001,0.304419,0.052167,"Membrane, Cell membrane",Cell membrane
ENSP00000450324,2.588683675954205,Moderate,0.21178806127443137,2.376895614679774,0.147339,0.540527,0.448047,0.032591,0.096478,0.103528,0.029504,0.251392,0.132626,0.129114,0.013766,Cytoplasm,Cytoplasm
ENSP00000264468,2.9906872254790193,Moderate,0.17034915771376619,2.820338067765253,0.312842,0.245435,0.160278,0.715234,0.368555,0.109253,0.015602,0.276294,0.169702,0.242383,0.018774,Extracellular,Cell membrane
ENSP00000504884,3.155057312310568,Moderate,0.2087993035585534,2.9462580087520145,0.289258,0.694141,0.441895,0.11546,0.299658,0.196985,0.003893,0.208545,0.379395,0.4104,0.060556,Cytoplasm,"Cytoplasm, Cell membrane"
ENSP00000480322,2.8880694901564525,Moderate,0.19075596902204173,2.6973135211344106,0.753418,0.10553,0.094495,0.357324,0.644922,0.223901,0.0319,0.12843,0.332153,0.142493,0.086423,"Membrane, Cell membrane",Cell membrane
ENSP00000494695,3.065842638572037,Moderate,0.23998402994537427,2.8258586086266626,0.121399,0.389404,0.723047,0.158136,0.086938,0.40835,0.077481,0.144385,0.226257,0.160547,0.100481,Nucleus,Nucleus
ENSP00000361338,2.8763745436299435,Moderate,0.24514979037041712,2.6312247532595263,0.826367,0.142749,0.102356,0.104434,0.447314,0.251001,0.036188,0.643359,0.173169,0.367041,0.072001,"Membrane, Endoplasmic reticulum",Nucleus
ENSP00000357932,3.167472549783999,Moderate,0.2297528956602049,2.9377196541237938,0.203149,0.64375,0.44585,0.091931,0.175049,0.355176,0.031389,0.110229,0.271875,0.291504,0.10994,Cytoplasm,Cytoplasm
ENSP00000309973,3.256752259867064,Moderate,0.21318029316443046,3.0435719667026335,0.167944,0.53584,0.515674,0.235913,0.173657,0.223193,0.118958,0.183118,0.107007,0.134546,0.098776,Cytoplasm,Mitochondrion
ENSP00000307508,3.0090372274053028,Moderate,0.2888118882933828,2.72022533911192,0.509131,0.546777,0.386084,0.063193,0.50083,0.076547,0.030396,0.233704,0.203113,0.253882,0.041725,"Membrane, Cytoplasm",Cytoplasm
ENSP00000436775,3.3187137121592496,Moderate,0.2398740579864581,3.0788396541727914,0.214502,0.530371,0.497119,0.102563,0.205786,0.480127,0.018189,0.240601,0.233447,0.156653,0.253439,Cytoplasm,Nucleus
ENSP00000497159,3.0736943200693636,Moderate,0.29811101609609136,2.7755833039732725,0.097034,0.414648,0.511768,0.176208,0.044653,0.331494,0.070546,0.176392,0.107007,0.289526,0.105783,None,Cytoplasm
ENSP00000427754,3.197555656570181,Moderate,0.27732686905464954,2.9202287875155313,0.402002,0.608643,0.386377,0.113406,0.321973,0.43584,0.016357,0.171899,0.399438,0.258325,0.028617,Cytoplasm,"Cytoplasm, Nucleus"
ENSP00000309023,3.185976212529206,Moderate,0.31574464494403576,2.8702315675851704,0.621729,0.406543,0.398779,0.027576,0.574463,0.261621,0.040004,0.113831,0.425244,0.43418,0.153577,"Membrane, Cell membrane",Golgi apparatus
ENSP00000484054,2.94515012639255,Moderate,0.15550298978137855,2.7896471366111717,0.336719,0.697656,0.204895,0.115564,0.272754,0.159851,0.010534,0.170947,0.40498,0.61582,0.024648,Cytoplasm,Golgi apparatus
ENSP00000366235,3.1804852956129577,Moderate,0.22842497519140498,2.9520603204215528,0.228955,0.564746,0.399414,0.092236,0.157092,0.262305,0.011164,0.190393,0.290918,0.225659,0.100528,Cytoplasm,Cytoplasm
ENSP00000311697,2.7731577953563398,Moderate,0.13796756438970983,2.63519023096663,0.137183,0.290039,0.187061,0.831836,0.167664,0.238794,0.015086,0.209937,0.126489,0.177881,0.018525,Extracellular,Nucleus
ENSP00000434982,3.0266150987613454,Moderate,0.4145835852560211,2.6120315135053245,0.227954,0.65625,0.572217,0.015247,0.299951,0.190833,0.019666,0.413379,0.169934,0.181018,0.167957,"Cytoplasm, Nucleus",Cytoplasm
ENSP00000448952,2.986034298214068,Moderate,0.20200556570416137,2.7840287325099067,0.273462,0.72959,0.341333,0.150977,0.259619,0.148828,0.006637,0.108142,0.368994,0.254565,0.03854,Cytoplasm,Nucleus
ENSP00000422084,2.5283193536090702,Moderate,0.1362716728218157,2.3920476807872544,0.142908,0.70625,0.582568,0.074561,0.054407,0.088675,0.016302,0.194897,0.140271,0.268652,0.031393,"Cytoplasm, Nucleus","Cytoplasm, Cell membrane"
ENSP00000331268,2.9293018731864318,Moderate,0.1643781176195804,2.7649237555668513,0.198145,0.649023,0.541602,0.069714,0.25354,0.186731,0.054431,0.128284,0.140588,0.194263,0.041899,"Cytoplasm, Nucleus",Cytoplasm
ENSP00000501353,2.823779385578975,Moderate,0.1451039337342918,2.678675451844683,0.177747,0.588867,0.491748,0.067706,0.16272,0.175684,0.005814,0.117444,0.139966,0.195776,0.076489,Cytoplasm,Cell membrane
ENSP00000428838,2.847569712052553,Moderate,0.13125184314733898,2.716317868905214,0.18667,0.551758,0.727539,0.129968,0.154114,0.115332,0.059782,0.140906,0.143445,0.166809,0.050314,"Cytoplasm, Nucleus",Nucleus
ENSP00000349709,3.1452624838136565,Moderate,0.18450188259722697,2.9607606012164296,0.581787,0.285083,0.144336,0.399121,0.622363,0.157739,0.003943,0.473145,0.349829,0.241577,0.05184,"Membrane, Cell membrane","Cytoplasm, Cell membrane"
ENSP00000166139,2.9354715921958525,Moderate,0.17128670859365733,2.764184883602195,0.25979,0.242163,0.122021,0.902637,0.306567,0.209375,0.007179,0.239697,0.380518,0.377051,0.024049,Extracellular,Nucleus
ENSP00000467433,2.9159753174761938,Moderate,0.5341904099592455,2.3817849075169484,0.313672,0.572021,0.370483,0.047059,0.504858,0.25835,0.021039,0.071188,0.162817,0.120935,0.082613,Cytoplasm,Nucleus
ENSP00000417520,2.892627714933811,Moderate,0.19563504940247353,2.6969926655313374,0.192773,0.176733,0.109277,0.755566,0.23667,0.151526,0.020412,0.506689,0.310059,0.291064,0.00891,Extracellular,"Nucleus, Golgi apparatus"
ENSP00000375397,2.961844608213375,Moderate,0.10249243242811416,2.859352175785261,0.185229,0.481299,0.611328,0.128113,0.201782,0.277417,0.017439,0.162329,0.129419,0.133533,0.052933,"Cytoplasm, Nucleus",Nucleus
ENSP00000497242,3.006611291813969,Moderate,0.21197434669184986,2.794636945122119,0.120642,0.460156,0.369531,0.733594,0.190967,0.306714,0.059829,0.113031,0.091376,0.125269,0.097308,Extracellular,Mitochondrion
ENSP00000259699,3.0250902342777928,Moderate,0.22979928415668235,2.7952909501211103,0.677246,0.273242,0.104883,0.378955,0.744531,0.136963,0.00478,0.364502,0.438135,0.297314,0.075403,"Membrane, Cell membrane",Cell membrane
ENSP00000468145,2.7295177487136266,Moderate,0.20832622381697397,2.5211915248966528,0.784375,0.186963,0.106549,0.083548,0.717285,0.178345,0.019957,0.38667,0.23479,0.265942,0.026321,"Membrane, Cell membrane",Cell membrane
ENSP00000427883,2.9827222319661706,Moderate,0.19090548767883606,2.7918167442873347,0.24436,0.211792,0.146606,0.773438,0.175,0.139465,0.035806,0.279712,0.249561,0.340576,0.014348,Extracellular,Nucleus
ENSP00000481920,2.55025913872902,Moderate,0.16479413453792013,2.3854650041911,0.087994,0.418506,0.832227,0.195709,0.066327,0.192212,0.018438,0.143726,0.08338,0.117041,0.073691,Nucleus,Nucleus
ENSP00000345674,3.1547119641148713,Moderate,0.5765660163647579,2.578145947750113,0.247119,0.54375,0.362671,0.114813,0.229126,0.160071,0.014115,0.171118,0.163678,0.142967,0.62417,Cytoplasm,Golgi apparatus
ENSP00000290330,2.8951507925800164,Moderate,0.25328342849195135,2.641867364088065,0.284302,0.539111,0.448389,0.07464,0.102057,0.111993,0.022622,0.149646,0.397314,0.53999,0.029369,Cytoplasm,"Cytoplasm, Nucleus"
ENSP00000400792,2.7747747858604526,Moderate,0.2058058004891675,2.568968985371285,0.231714,0.668652,0.702539,0.033609,0.107104,0.162402,0.017872,0.271802,0.35498,0.578467,0.055256,"Cytoplasm, Nucleus",Nucleus
ENSP00000343134,3.167223783782185,Moderate,0.6041062859112528,2.563117497870932,0.199487,0.399463,0.509106,0.056981,0.17041,0.167059,0.045609,0.139709,0.201135,0.153903,0.50423,None,Golgi apparatus
ENSP00000313776,2.994541839480314,Moderate,0.233767742898588,2.7607740965817262,0.669043,0.274951,0.110706,0.360596,0.744824,0.113245,0.004796,0.344385,0.449121,0.277563,0.069373,"Membrane, Cell membrane",Cell membrane
ENSP00000357375,2.7886935312327568,Moderate,0.1931194220751217,2.595574109157635,0.736426,0.210938,0.090479,0.367725,0.721875,0.052448,0.010566,0.340479,0.501953,0.248889,0.051606,"Membrane, Cell membrane",Cell membrane
ENSP00000341125,3.138803509238355,Moderate,0.25683871299805866,2.8819647962402963,0.216174,0.421777,0.461279,0.427173,0.230469,0.398389,0.003466,0.20376,0.199805,0.086169,0.046005,None,Cytoplasm
ENSP00000258301,2.9551852098671225,Moderate,0.18167114235830936,2.7735140675088132,0.847852,0.202637,0.12356,0.064822,0.443506,0.279468,0.014671,0.322778,0.593262,0.587012,0.155933,"Membrane, Lysosome/Vacuole","Nucleus, Golgi apparatus"
ENSP00000455091,2.8464694706548133,Moderate,0.280165358042528,2.5663041126122854,0.279541,0.63418,0.519824,0.039359,0.23667,0.217432,0.012764,0.202246,0.098257,0.226099,0.0353,Cytoplasm,Cytoplasm
ENSP00000420052,3.0185735343900344,Moderate,0.2100671159158855,2.808506418474149,0.758496,0.171948,0.200439,0.05813,0.146338,0.470703,0.034898,0.708203,0.236597,0.450635,0.198633,"Membrane, Endoplasmic reticulum",Nucleus
ENSP00000373175,2.5638960284124916,Moderate,0.1259756740197785,2.437920354392713,0.238745,0.143274,0.132751,0.092969,0.075677,0.916895,0.057172,0.116052,0.088531,0.075189,0.282056,Mitochondrion,Mitochondrion
ENSP00000383626,3.075222182057812,Moderate,0.16292712136382834,2.912295060693984,0.371973,0.708496,0.253784,0.211621,0.523682,0.207764,0.007379,0.196191,0.263916,0.277393,0.013558,"Cytoplasm, Cell membrane","Nucleus, Cell membrane"
ENSP00000380612,3.2874170985491364,Moderate,0.3693446787288707,2.9180724198202657,0.224658,0.646436,0.505225,0.229297,0.199426,0.410864,0.062438,0.212085,0.092401,0.240405,0.104074,Cytoplasm,Nucleus
ENSP00000327268,2.570593795485918,Moderate,0.11311226527804746,2.4574815302078705,0.329932,0.294458,0.110718,0.064984,0.167224,0.900195,0.05838,0.070099,0.047134,0.083984,0.206128,Mitochondrion,Mitochondrion
ENSP00000489978,3.0794292340167755,Moderate,0.12830176702483723,2.951127466991938,0.169324,0.572168,0.610449,0.259424,0.264136,0.344141,0.028477,0.171021,0.085626,0.112482,0.099512,"Cytoplasm, Nucleus",Nucleus
ENSP00000383625,3.0684818303370767,Moderate,0.16651320728934493,2.9019686230477317,0.342529,0.713086,0.263477,0.234875,0.506104,0.203589,0.008844,0.175977,0.244312,0.265039,0.012913,Cytoplasm,"Nucleus, Cell membrane"
ENSP00000250124,2.637588899183335,Moderate,0.2192778670891744,2.4183110320941603,0.901172,0.115454,0.108868,0.069206,0.299243,0.256445,0.012035,0.673047,0.379736,0.683984,0.086093,"Membrane, Endoplasmic reticulum, Golgi apparatus","Mitochondrion, Endoplasmic reticulum"
ENSP00000412024,2.632273754609679,Moderate,0.18346555529099012,2.4488081993186888,0.79082,0.139966,0.095789,0.03356,0.143518,0.908398,0.221985,0.151184,0.097934,0.117966,0.352393,"Membrane, Mitochondrion",Mitochondrion
ENSP00000487380,2.9481344077318488,Moderate,0.24754462779989228,2.7005897799319563,0.381543,0.564404,0.464062,0.011556,0.21084,0.497363,0.068312,0.123486,0.10293,0.161853,0.081199,Cytoplasm,Nucleus
ENSP00000430946,3.3124449058025327,Moderate,0.2594735611065792,3.0529713446959534,0.17666,0.431445,0.539941,0.252466,0.122607,0.295435,0.027986,0.232227,0.211011,0.233594,0.10654,Nucleus,Nucleus
ENSP00000479323,2.6665876868627634,Moderate,0.16753366405916484,2.4990540228035987,0.807324,0.213306,0.225439,0.086176,0.763965,0.165173,0.008558,0.165906,0.566504,0.428369,0.024242,"Membrane, Cell membrane, Lysosome/Vacuole",Nucleus
ENSP00000437411,3.1092395485322966,Moderate,0.19754399371782866,2.911695554814468,0.302979,0.627344,0.278394,0.222815,0.247241,0.216821,0.010268,0.13894,0.342407,0.616016,0.028272,Cytoplasm,Nucleus
ENSP00000343482,2.824977566348102,Moderate,0.19034173762266082,2.634635828725441,0.742676,0.215381,0.09397,0.36626,0.739453,0.058173,0.01258,0.354199,0.481934,0.26875,0.059015,"Membrane, Cell membrane",Cell membrane
ENSP00000358027,2.6940723078154805,Moderate,0.0826613045590838,2.611411003256397,0.282642,0.176563,0.123718,0.09068,0.080457,0.886035,0.223047,0.077551,0.08042,0.123145,0.117004,Mitochondrion,Cytoplasm
ENSP00000389368,3.1844339661833363,Moderate,0.21893443403120483,2.9654995321521316,0.306738,0.528369,0.45918,0.101056,0.19834,0.463281,0.04164,0.322607,0.146606,0.231909,0.028263,Cytoplasm,Nucleus
ENSP00000413595,3.304991441670714,Moderate,0.18957126534463822,3.115420176326076,0.296631,0.454541,0.561523,0.073343,0.171899,0.277905,0.057324,0.172876,0.283252,0.283179,0.099805,Nucleus,Nucleus
ENSP00000452319,2.617151651643724,Moderate,0.16410542629916505,2.453046225344559,0.132324,0.617676,0.50415,0.104163,0.105072,0.488867,0.004729,0.12854,0.083661,0.124011,0.040116,Cytoplasm,Cytoplasm
ENSP00000408819,3.1007112782628723,Moderate,0.26139343859537734,2.839317839667495,0.367114,0.243896,0.192017,0.601562,0.437061,0.142651,0.004844,0.239819,0.185486,0.208057,0.035785,None,Cell membrane
ENSP00000345468,2.8685328617955395,Moderate,0.2907999106943665,2.577732951101173,0.83418,0.183984,0.188013,0.108472,0.705859,0.217944,0.061981,0.378247,0.476709,0.604297,0.01893,"Membrane, Cell membrane",Nucleus
ENSP00000438355,2.802541271687211,Moderate,0.24546048127667713,2.557080790410534,0.877832,0.15481,0.066888,0.03394,0.322559,0.878027,0.08338,0.319702,0.34375,0.193445,0.364087,"Membrane, Mitochondrion",Peroxisome
ENSP00000402554,3.0930230284906526,Moderate,0.169979444835376,2.9230435836552764,0.207104,0.528711,0.538379,0.183948,0.180444,0.370654,0.026628,0.314868,0.109216,0.136938,0.042302,"Cytoplasm, Nucleus",Nucleus
ENSP00000357383,2.7886530594711205,Moderate,0.20529384620506685,2.5833592132660534,0.731445,0.200464,0.0909,0.400781,0.73457,0.058035,0.010363,0.313135,0.468408,0.28938,0.043552,"Membrane, Cell membrane",Cell membrane
ENSP00000354921,3.1047293237131424,Moderate,0.1965805070429809,2.9081488166701615,0.14071,0.62334,0.47002,0.231482,0.172314,0.303442,0.009183,0.180713,0.173242,0.241089,0.064494,Cytoplasm,"Cytoplasm, Nucleus"
ENSP00000248104,3.327856225057724,Moderate,0.2687481219972323,3.059108103060492,0.315894,0.607324,0.322998,0.144385,0.205566,0.246143,0.02764,0.199536,0.547314,0.51958,0.120871,Cytoplasm,Cytoplasm
ENSP00000355815,3.1169124532103814,Moderate,0.15672092006489852,2.960191533145483,0.171582,0.511377,0.469238,0.193835,0.147351,0.272803,0.065292,0.124573,0.092065,0.207031,0.065536,Cytoplasm,Cytoplasm
ENSP00000494221,2.8306848702947813,Moderate,0.24292846771902568,2.5877564025757556,0.122595,0.483936,0.585156,0.146204,0.070111,0.213074,0.017673,0.163892,0.08446,0.229028,0.077137,"Cytoplasm, Nucleus",Nucleus
ENSP00000461388,2.979737829702123,Moderate,0.23520812765996343,2.7445297020421595,0.177917,0.568066,0.37373,0.114227,0.186243,0.399561,0.010722,0.133435,0.176709,0.199182,0.032368,Cytoplasm,"Cytoplasm, Nucleus"
ENSP00000357904,2.8129582864655607,Moderate,0.18798896116479216,2.6249693253007687,0.273218,0.644434,0.4271,0.02299,0.241089,0.118262,0.007338,0.185559,0.243433,0.171912,0.042636,Cytoplasm,Nucleus
ENSP00000356332,3.1293665942161155,Moderate,0.21600464191246624,2.9133619523036494,0.643115,0.290063,0.124536,0.409375,0.670801,0.193701,0.005178,0.466992,0.364307,0.261157,0.063071,"Membrane, Cell membrane","Cytoplasm, Cell membrane"
ENSP00000473501,3.0984501941884446,Moderate,0.30561594364209616,2.7928342505463486,0.170056,0.65166,0.404126,0.2125,0.237744,0.295496,0.010001,0.093323,0.118579,0.156085,0.183228,Cytoplasm,"Cytoplasm, Cell membrane"
ENSP00000385303,2.8879330371223073,Moderate,0.30825049634659935,2.579682540775708,0.83584,0.210767,0.079077,0.037358,0.229248,0.793848,0.058969,0.35061,0.32959,0.183374,0.472485,"Membrane, Mitochondrion",Peroxisome
ENSP00000434998,3.1176140045162644,Moderate,0.18415901744215085,2.9334549870741133,0.212061,0.608691,0.401318,0.146216,0.257886,0.185034,0.006143,0.274951,0.191162,0.270105,0.036655,Cytoplasm,"Nucleus, Cell membrane"
ENSP00000489757,3.2087310910526483,Moderate,0.42873083490502883,2.7800002561476194,0.204639,0.332324,0.342725,0.095575,0.118518,0.521191,0.059159,0.237036,0.110217,0.096667,0.461963,None,Mitochondrion
ENSP00000440485,3.1522031957995647,Moderate,0.26006453591021406,2.8921386598893504,0.377539,0.57583,0.398975,0.251855,0.306274,0.219824,0.014568,0.149463,0.107709,0.171143,0.060385,Cytoplasm,Cytoplasm
ENSP00000385972,3.2514322513799074,Moderate,0.12350991656243719,3.12792233481747,0.252954,0.502246,0.520947,0.153247,0.110046,0.292773,0.019391,0.335791,0.287427,0.327393,0.055987,Cytoplasm,"Cytoplasm, Nucleus"
ENSP00000465413,3.191087785572841,Moderate,0.17060353110390353,3.0204842544689376,0.193066,0.525928,0.545801,0.110736,0.12583,0.354517,0.023943,0.215137,0.233496,0.284473,0.089349,"Cytoplasm, Nucleus",Nucleus
ENSP00000433578,3.26858059180886,Moderate,0.19644458463743902,3.072136007171421,0.198242,0.52002,0.661328,0.103552,0.12489,0.235303,0.060765,0.207422,0.344873,0.327148,0.134708,"Cytoplasm, Nucleus",Cytoplasm
ENSP00000339335,3.3014952430450366,Moderate,0.2070636666479794,3.0944315763970573,0.272095,0.596729,0.37002,0.378076,0.171753,0.370215,0.014363,0.125891,0.323291,0.279858,0.072284,Cytoplasm,"Cytoplasm, Nucleus, Cell membrane"
ENSP00000494836,3.118207592355365,Moderate,0.27750816075355406,2.840699431601811,0.201733,0.516113,0.489063,0.101941,0.133429,0.700488,0.044932,0.241565,0.236182,0.099939,0.167914,"Cytoplasm, Mitochondrion","Cytoplasm, Nucleus, Endoplasmic reticulum"
ENSP00000400978,3.0806431295668353,Moderate,0.2178940354794638,2.8627490940873717,0.838379,0.169873,0.159888,0.150745,0.415918,0.169617,0.050434,0.582568,0.33999,0.450537,0.07617,Membrane,Endoplasmic reticulum
ENSP00000321691,3.0023110398261394,Moderate,0.47326991837566773,2.5290411214504718,0.104895,0.754102,0.415015,0.190634,0.170459,0.421069,0.158926,0.134241,0.052618,0.064905,0.184607,Cytoplasm,Nucleus
ENSP00000357933,3.090442812281872,Moderate,0.18320702767362984,2.907235784608242,0.13446,0.55459,0.595313,0.098114,0.117004,0.360596,0.044931,0.114893,0.209155,0.181897,0.186261,"Cytoplasm, Nucleus",Cytoplasm
ENSP00000420230,3.021887544492228,Moderate,0.18276036878066682,2.8391271757115613,0.695312,0.242505,0.134766,0.28999,0.702832,0.1297,0.010018,0.295239,0.332959,0.343579,0.047281,"Membrane, Cell membrane",Cell membrane
ENSP00000378347,3.142308619561028,Moderate,0.19784616517668513,2.944462454384343,0.260254,0.210376,0.143591,0.423047,0.256763,0.123407,0.005029,0.60293,0.325659,0.359863,0.049759,None,Endoplasmic reticulum
ENSP00000507974,3.0443297780238487,Moderate,0.22873532181862988,2.815594456205219,0.352295,0.46875,0.506494,0.181519,0.336914,0.120892,0.019398,0.13573,0.261963,0.092853,0.038869,None,"Cytoplasm, Nucleus, Cell membrane"
ENSP00000390921,2.93840577031466,Moderate,0.14360478585467024,2.79480098445999,0.263062,0.61084,0.554248,0.109338,0.174512,0.122827,0.009468,0.182275,0.378613,0.279248,0.019363,"Cytoplasm, Nucleus","Cytoplasm, Nucleus, Cell membrane"
ENSP00000340836,2.6460888205486124,Moderate,0.11434146824252651,2.531747352306086,0.141943,0.679395,0.591602,0.130896,0.140332,0.119604,0.025587,0.06377,0.203601,0.223853,0.017783,"Cytoplasm, Nucleus",Cytoplasm
ENSP00000483724,3.135436771898254,Moderate,0.26155993257039856,2.8738768393278553,0.184521,0.323413,0.508398,0.209937,0.085211,0.259619,0.155438,0.072382,0.050385,0.162207,0.170929,None,Nucleus
ENSP00000483581,2.7936303124946242,Moderate,0.23398137913224945,2.5596489333623746,0.683203,0.181299,0.100488,0.52666,0.705469,0.06333,0.009628,0.238159,0.380176,0.243237,0.04348,"Membrane, Cell membrane",Cell membrane
ENSP00000465103,3.2516057766170845,Moderate,0.19152144240391858,3.060084334213166,0.190015,0.462109,0.616211,0.31687,0.20603,0.349463,0.021392,0.216431,0.137305,0.209668,0.085501,Nucleus,Endoplasmic reticulum
ENSP00000417697,2.9234697724432706,Moderate,0.20966138851805635,2.713808383925214,0.768262,0.094959,0.089569,0.32644,0.618652,0.23125,0.029021,0.14082,0.372729,0.153381,0.112625,"Membrane, Cell membrane",Cell membrane
ENSP00000395172,2.8512877245486257,Moderate,0.1717617822797474,2.6795259422688784,0.110352,0.411621,0.713379,0.105823,0.055853,0.233936,0.011376,0.23811,0.224707,0.172522,0.101219,Nucleus,Nucleus
ENSP00000435478,3.1434840573801237,Moderate,0.264848248171554,2.8786358092085695,0.302832,0.686914,0.24386,0.079956,0.269287,0.279932,0.037257,0.156006,0.138818,0.157324,0.156725,Cytoplasm,"Nucleus, Cell membrane"
ENSP00000364366,3.122589874811215,Moderate,0.19937491938170568,2.9232149554295095,0.321777,0.667676,0.495947,0.04343,0.260339,0.222168,0.013419,0.331714,0.270801,0.388477,0.063162,Cytoplasm,"Cytoplasm, Nucleus"
ENSP00000443330,3.173175237654918,Moderate,0.27297753158188237,2.9001977060730355,0.397314,0.503418,0.424268,0.150369,0.344873,0.2349,0.018536,0.111151,0.259351,0.394556,0.017171,Cytoplasm,Nucleus
ENSP00000359727,3.1641572244887732,Moderate,0.25302432097887007,2.911132903509903,0.221143,0.58252,0.400879,0.095575,0.221606,0.217737,0.040842,0.066431,0.164648,0.218738,0.194971,Cytoplasm,Cytoplasm
ENSP00000507540,3.2518193767344057,Moderate,0.27925656985827463,2.972562806876131,0.307617,0.572656,0.474072,0.129913,0.19812,0.342554,0.010021,0.314453,0.396167,0.421191,0.037135,Cytoplasm,"Cytoplasm, Nucleus, Cell membrane"
ENSP00000482619,3.2084601753627973,Moderate,0.2238614083669791,2.984598766995818,0.175818,0.444482,0.432666,0.646582,0.171936,0.408691,0.032177,0.145862,0.081439,0.230396,0.163098,Extracellular,Nucleus
ENSP00000445058,3.227819193576117,Moderate,0.22274202570016513,3.005077167875952,0.436963,0.573145,0.403369,0.137085,0.301489,0.185681,0.038102,0.232153,0.107782,0.298682,0.060513,Cytoplasm,Cytoplasm
ENSP00000422756,3.091217091268427,Moderate,0.18539984991087954,2.905817241357547,0.214111,0.465527,0.458057,0.147485,0.0888,0.223486,0.012919,0.202588,0.195874,0.274438,0.056123,None,Nucleus
ENSP00000381204,2.757697264904764,Moderate,0.21492254362084007,2.5427747212839242,0.741016,0.141235,0.082373,0.653174,0.668652,0.119336,0.011716,0.266577,0.392822,0.362207,0.033206,"Membrane, Extracellular, Cell membrane",Golgi apparatus
ENSP00000301838,2.8710379207249344,Moderate,0.1424996147862726,2.728538305938662,0.23125,0.670508,0.421777,0.165332,0.248779,0.162378,0.007469,0.059882,0.309741,0.185938,0.020769,Cytoplasm,"Cytoplasm, Nucleus"
ENSP00000434508,3.0250963887787625,Moderate,0.2082827337460983,2.8168136550326643,0.19458,0.509277,0.537891,0.135333,0.117651,0.292236,0.029852,0.09978,0.099225,0.298755,0.094153,"Cytoplasm, Nucleus",Nucleus
ENSP00000428609,2.899049466726035,Moderate,0.14733024416736246,2.7517192225586724,0.28479,0.52334,0.354346,0.052446,0.155115,0.585791,0.040399,0.085022,0.141296,0.131445,0.075752,Cytoplasm,Nucleus
ENSP00000463596,2.763134998946345,Moderate,0.1901632400320253,2.5729717589143197,0.159985,0.396436,0.553906,0.406909,0.116785,0.189697,0.019132,0.09906,0.113098,0.096985,0.016076,Nucleus,Nucleus
ENSP00000479243,2.885095990824051,Moderate,0.15290210053601538,2.732193890288036,0.558594,0.198242,0.134485,0.640039,0.618604,0.08728,0.005261,0.218018,0.251123,0.259717,0.03477,"Membrane, Cell membrane",Cell membrane
ENSP00000413355,2.7810455554125895,Moderate,0.23058717004094664,2.550458385371643,0.779883,0.158289,0.193262,0.015619,0.178345,0.154114,0.139301,0.744629,0.427393,0.669141,0.07283,"Membrane, Endoplasmic reticulum, Golgi apparatus",Golgi apparatus
ENSP00000348050,3.3208531198122495,Moderate,0.287779983559173,3.0330731362530763,0.617285,0.228638,0.255371,0.264185,0.288013,0.345801,0.008608,0.686963,0.192395,0.446533,0.149072,"Membrane, Endoplasmic reticulum",Endoplasmic reticulum
ENSP00000285333,3.299784257406076,Moderate,0.27678944224816177,3.0229948151579142,0.376514,0.496191,0.55293,0.293835,0.313477,0.29491,0.011048,0.163562,0.201392,0.242114,0.05577,"Cytoplasm, Nucleus",Cytoplasm
ENSP00000339690,2.98758111907429,Moderate,0.18226410496951778,2.805317014104772,0.707031,0.2052,0.099744,0.479004,0.688477,0.090961,0.02321,0.331519,0.387646,0.268335,0.070038,"Membrane, Cell membrane",Cell membrane
ENSP00000479128,3.2397007169220307,Moderate,0.27647719747826005,2.963223519443771,0.266064,0.45498,0.485254,0.324707,0.143591,0.558643,0.047464,0.373071,0.082661,0.221509,0.053476,None,Nucleus
ENSP00000431979,3.094902662086384,Moderate,0.15314034597353512,2.941762316112849,0.12998,0.373193,0.640039,0.352783,0.094824,0.657617,0.049553,0.210791,0.112329,0.162659,0.158093,"Nucleus, Mitochondrion",Nucleus
ENSP00000428877,2.703635406693332,Moderate,0.15990718455879271,2.5437282221345394,0.208252,0.293359,0.625781,0.081775,0.119116,0.167859,0.034018,0.150842,0.08302,0.157129,0.016685,Nucleus,"Nucleus, Cell membrane"
ENSP00000384925,2.9859625184734644,Moderate,0.2468932012204234,2.739069317253041,0.397241,0.585986,0.315186,0.05226,0.3479,0.312354,0.019374,0.077182,0.135974,0.245581,0.058924,Cytoplasm,Cytoplasm
ENSP00000389028,2.6841085530876883,Moderate,0.09986377223518887,2.5842447808524995,0.158081,0.207837,0.111267,0.940234,0.180127,0.182397,0.034047,0.230444,0.130579,0.197192,0.030046,Extracellular,Cell membrane
ENSP00000398720,2.7101633765000854,Moderate,0.46416145821996835,2.246001918280117,0.067938,0.682715,0.492871,0.040347,0.037885,0.222552,0.145734,0.147467,0.095973,0.063705,0.394348,Cytoplasm,Cytoplasm
ENSP00000361577,3.043346782407285,Moderate,0.21958470523568752,2.8237620771715974,0.304468,0.575488,0.484229,0.05874,0.224341,0.197412,0.005924,0.296631,0.16062,0.191394,0.071724,Cytoplasm,Nucleus
ENSP00000477624,3.294851874409202,Moderate,0.17634135841580997,3.118510515993392,0.706836,0.25752,0.110742,0.147156,0.196387,0.795312,0.1854,0.33999,0.200684,0.201294,0.493408,"Membrane, Mitochondrion",Mitochondrion
ENSP00000455260,2.762525983097493,Moderate,0.19075696061243952,2.5717690224850536,0.132959,0.468848,0.475391,0.140759,0.168799,0.169202,0.005898,0.112531,0.15116,0.169043,0.010126,None,Nucleus
ENSP00000435383,3.252030245438034,Moderate,0.2887950436486775,2.9632352017893564,0.362598,0.654492,0.30249,0.049228,0.279785,0.211133,0.032447,0.237793,0.319336,0.275903,0.107284,Cytoplasm,"Nucleus, Cell membrane"
ENSP00000443879,3.07360684445701,Moderate,0.26117459514599156,2.8124322493110183,0.278271,0.643555,0.280713,0.107367,0.334595,0.23186,0.010219,0.123145,0.338428,0.458154,0.029344,Cytoplasm,Nucleus
ENSP00000414177,2.495997970083226,Moderate,0.11939050666059352,2.3766074634226326,0.141626,0.399951,0.744531,0.022992,0.090228,0.1224,0.005299,0.128125,0.164832,0.137939,0.085803,Nucleus,Nucleus
ENSP00000412141,3.18508556918985,Moderate,0.24834993649366052,2.9367356326961893,0.442334,0.431934,0.438574,0.147018,0.478516,0.335889,0.016416,0.306812,0.106067,0.141125,0.052596,None,Cell membrane
ENSP00000410912,2.7856705494026373,Moderate,0.205630622343581,2.5800399270590564,0.173853,0.286133,0.163037,0.297949,0.059689,0.952539,0.176709,0.089026,0.070734,0.067871,0.298438,Mitochondrion,"Cytoplasm, Nucleus, Cell membrane"
ENSP00000262396,2.7412319003881978,Moderate,0.2713085230412028,2.469923377346995,0.105615,0.538477,0.520752,0.195105,0.098682,0.196082,0.029668,0.067764,0.131262,0.07825,0.086143,Cytoplasm,"Cytoplasm, Nucleus"
ENSP00000496136,2.586138276823596,Moderate,0.1551533096441554,2.4309849671794406,0.112695,0.351611,0.619336,0.126941,0.053235,0.589746,0.019955,0.138586,0.06037,0.128552,0.055843,Nucleus,Mitochondrion
ENSP00000461145,2.587854957281262,Moderate,0.11524026984358358,2.4726146874376784,0.149805,0.411768,0.519482,0.093842,0.102704,0.153748,0.011245,0.13595,0.091083,0.111414,0.017152,None,Nucleus
ENSP00000435057,3.162103599061103,Moderate,0.245258007038607,2.9168455920224963,0.308813,0.581836,0.391895,0.213165,0.347998,0.474707,0.007939,0.106567,0.22085,0.200024,0.042434,Cytoplasm,"Cytoplasm, Nucleus"
ENSP00000337340,2.9295856496405768,Moderate,0.19111993840021949,2.7384657112403574,0.17124,0.526025,0.52417,0.137689,0.252759,0.194165,0.040601,0.137305,0.100684,0.12276,0.036432,Cytoplasm,Nucleus
ENSP00000464158,2.71216702669388,Moderate,0.23390388650557092,2.478263140188309,0.944629,0.142566,0.075885,0.070023,0.418115,0.344531,0.034519,0.652539,0.340088,0.631055,0.088785,"Membrane, Endoplasmic reticulum","Mitochondrion, Endoplasmic reticulum"
ENSP00000494697,2.8805545044316543,Moderate,0.38318171056581823,2.497372793865836,0.168311,0.673438,0.611133,0.069763,0.264697,0.578613,0.010728,0.292749,0.229333,0.076872,0.089544,"Cytoplasm, Nucleus","Cytoplasm, Nucleus, Endoplasmic reticulum"
ENSP00000379758,2.9471513811345034,Moderate,0.3034404847391318,2.6437108963953717,0.891992,0.164648,0.106702,0.110791,0.358813,0.398047,0.029252,0.60376,0.331689,0.623926,0.127783,Membrane,"Mitochondrion, Endoplasmic reticulum"
ENSP00000414323,3.2119510009478818,Moderate,0.29059918547775077,2.921351815470131,0.171631,0.608154,0.39126,0.285693,0.154224,0.291406,0.005709,0.132129,0.295386,0.475684,0.095102,Cytoplasm,Cytoplasm
ENSP00000347275,2.935828922149344,Moderate,0.21672712185544432,2.7191018002938994,0.790137,0.092603,0.090027,0.306372,0.632227,0.220825,0.037894,0.162292,0.3875,0.150952,0.12039,"Membrane, Cell membrane",Cell membrane
ENSP00000483473,2.7741411691917413,Moderate,0.17281053413725558,2.601330635054486,0.770215,0.187524,0.086108,0.385791,0.756152,0.056314,0.012247,0.327246,0.382715,0.263892,0.059883,"Membrane, Cell membrane",Cell membrane
ENSP00000394858,2.8446376420645367,Moderate,0.18897103320047767,2.6556666088640593,0.762012,0.097534,0.091791,0.335205,0.648145,0.207446,0.023114,0.144641,0.360596,0.149329,0.078042,"Membrane, Cell membrane",Cell membrane
ENSP00000355285,2.7534068154172857,Moderate,0.20776482495108645,2.545641990466199,0.731152,0.14447,0.084802,0.662598,0.671191,0.116992,0.011441,0.256616,0.390381,0.35459,0.031668,"Membrane, Extracellular, Cell membrane",Golgi apparatus
ENSP00000493145,3.2563545715109203,Moderate,0.2263778157115883,3.029976755799332,0.213281,0.396582,0.457813,0.553467,0.177649,0.426904,0.044032,0.183813,0.099274,0.27605,0.061267,None,Nucleus
ENSP00000458425,3.277444276316459,Moderate,0.42627639989428173,2.8511678764221773,0.172778,0.443848,0.354687,0.479395,0.083496,0.368982,0.089377,0.081042,0.187463,0.140454,0.180817,None,Nucleus
ENSP00000441844,2.760692300419645,Moderate,0.30832339670945763,2.4523689037101875,0.113843,0.581494,0.567383,0.021077,0.068799,0.362793,0.030264,0.276172,0.117511,0.066278,0.260669,"Cytoplasm, Nucleus",Mitochondrion
ENSP00000356372,3.1848414242269745,Moderate,0.3925233318180575,2.792318092408917,0.20249,0.618164,0.497754,0.070038,0.074536,0.296777,0.074426,0.218384,0.557813,0.566992,0.173157,Cytoplasm,Nucleus
ENSP00000329920,2.824662286926834,Moderate,0.2397900927241581,2.5848721942026756,0.765723,0.240234,0.144922,0.169025,0.657617,0.061285,0.002017,0.212158,0.310791,0.468311,0.072702,"Membrane, Cell membrane",Cell membrane
ENSP00000497105,3.2526600963783086,Moderate,0.3423816519488547,2.910278444429454,0.183362,0.547363,0.441504,0.073242,0.086377,0.27207,0.070335,0.154602,0.296875,0.250513,0.183331,Cytoplasm,Nucleus
ENSP00000478795,2.5681383092564865,Moderate,0.21281668371476767,2.355321625541719,0.210571,0.481934,0.421045,0.090793,0.158838,0.515479,0.006794,0.06178,0.117859,0.041913,0.021145,Cytoplasm,Nucleus
ENSP00000461965,2.7028065085727255,Moderate,0.12211747405754819,2.5806890345151774,0.087427,0.671582,0.676172,0.067914,0.076514,0.203516,0.032338,0.122375,0.209131,0.141272,0.147946,"Cytoplasm, Nucleus","Cytoplasm, Nucleus"
ENSP00000442817,2.9847930872827124,Moderate,0.33789134265539533,2.646901744627317,0.087573,0.530225,0.566553,0.05816,0.053506,0.305273,0.039215,0.189697,0.242297,0.315771,0.144005,"Cytoplasm, Nucleus",Nucleus
ENSP00000415044,3.264987466430067,Moderate,0.2657873551341131,2.999200111295954,0.137805,0.385889,0.333105,0.770117,0.141602,0.539062,0.190295,0.237,0.124634,0.274634,0.063924,Extracellular,Nucleus
ENSP00000414071,2.90892117413589,Moderate,0.27052954235009186,2.6383916317857983,0.913672,0.170239,0.090094,0.088857,0.377051,0.442285,0.032081,0.610205,0.361719,0.587012,0.136865,Membrane,"Mitochondrion, Endoplasmic reticulum"
ENSP00000450791,2.9203447471520976,Moderate,0.1875186881929033,2.732826058959194,0.271484,0.186475,0.117773,0.852637,0.274097,0.187109,0.006206,0.347046,0.205884,0.360303,0.029913,Extracellular,Nucleus
ENSP00000433561,2.8115176400415463,Moderate,0.24568968862896542,2.565827951412581,0.402441,0.580957,0.43335,0.074313,0.206543,0.060156,0.025597,0.118188,0.165253,0.205945,0.032011,Cytoplasm,Cytoplasm
ENSP00000401452,2.7471531482129166,Moderate,0.1820210671159564,2.56513208109696,0.365723,0.890234,0.134924,0.086368,0.451611,0.241943,0.023045,0.126587,0.181873,0.307715,0.017394,Cytoplasm,Cytoplasm
ENSP00000343060,2.7988878041042806,Moderate,0.23560952580535036,2.56327827829893,0.111169,0.49292,0.507471,0.163733,0.065759,0.30127,0.048671,0.070825,0.057446,0.108813,0.150421,Cytoplasm,"Cytoplasm, Nucleus"
ENSP00000362463,3.0728455701059993,Moderate,0.42003458524357135,2.652810984862428,0.266663,0.756348,0.274072,0.097235,0.173993,0.40918,0.020173,0.320117,0.089642,0.192896,0.145935,Cytoplasm,"Cytoplasm, Nucleus, Cell membrane"
ENSP00000346239,3.174870348591071,Moderate,0.46351385937701095,2.71135648921406,0.165186,0.676074,0.412354,0.174207,0.241162,0.290381,0.125342,0.190112,0.081982,0.058142,0.161674,Cytoplasm,Nucleus
ENSP00000304327,2.960691436162441,Moderate,0.15042689872946371,2.8102645374329773,0.137305,0.564111,0.649414,0.168201,0.181079,0.299097,0.013855,0.143164,0.126428,0.161145,0.093303,"Cytoplasm, Nucleus",Nucleus
ENSP00000460661,3.2134983755056936,Moderate,0.2421073025140082,2.9713910729916853,0.176025,0.435986,0.432715,0.620508,0.161133,0.449219,0.048439,0.121875,0.107825,0.262842,0.106915,None,Golgi apparatus
ENSP00000253023,3.1076665016417557,Moderate,0.2533035639726282,2.8543629376691273,0.332129,0.618164,0.499902,0.04993,0.205688,0.196863,0.028826,0.252856,0.467822,0.442627,0.043671,Cytoplasm,Nucleus
ENSP00000506294,2.9866323353253006,Moderate,0.26171757659471334,2.7249147587305873,0.179248,0.445215,0.395557,0.465283,0.217993,0.460205,0.005908,0.117053,0.206311,0.066748,0.03547,None,"Cytoplasm, Nucleus"
ENSP00000497622,3.3080804001572934,Moderate,0.17655095957821326,3.1315294405790803,0.332129,0.477441,0.380322,0.130463,0.185669,0.186963,0.026428,0.461133,0.54917,0.459668,0.072413,Cytoplasm,Nucleus
ENSP00000464084,2.639873942467073,Moderate,0.1912841553484522,2.4485897871186206,0.837695,0.193066,0.125464,0.168848,0.853906,0.094629,0.008005,0.172388,0.452832,0.325391,0.072009,"Membrane, Cell membrane",Cell membrane
ENSP00000436575,2.9385968234952937,Moderate,0.2828989686707494,2.6556978548245445,0.248315,0.39458,0.60498,0.090396,0.080835,0.497998,0.009314,0.134583,0.128107,0.307764,0.088459,Nucleus,Nucleus
ENSP00000435798,3.3104053564377462,Moderate,0.23580530828546237,3.0746000481522837,0.335303,0.553564,0.479639,0.216785,0.34873,0.459814,0.01061,0.221582,0.151965,0.237402,0.077592,Cytoplasm,"Cytoplasm, Nucleus"
ENSP00000394502,2.75521881402122,Moderate,0.1469917294098459,2.608227084611374,0.097388,0.469336,0.734766,0.123462,0.104144,0.175891,0.014758,0.127222,0.172327,0.117993,0.132394,Nucleus,Nucleus
ENSP00000386623,3.279687552432481,Moderate,0.4569126047750963,2.822774947657385,0.141711,0.33335,0.548047,0.362012,0.042731,0.3229,0.028845,0.515771,0.22522,0.230408,0.19971,Nucleus,Nucleus
ENSP00000450228,3.0552265187550423,Moderate,0.22439846529581087,2.830828053459231,0.209009,0.581738,0.578027,0.202429,0.190125,0.338232,0.057155,0.225464,0.101996,0.135669,0.023147,"Cytoplasm, Nucleus",Cytoplasm
ENSP00000498206,3.294011508424685,Moderate,0.1658729805478014,3.1281385278768834,0.311475,0.500342,0.387695,0.13252,0.162402,0.184497,0.021033,0.433887,0.501318,0.449707,0.074185,Cytoplasm,Nucleus
ENSP00000453720,2.594189446580657,Moderate,0.15143721217870984,2.442752234401947,0.834473,0.257739,0.15542,0.17793,0.46665,0.052216,0.007837,0.600781,0.366748,0.816992,0.032056,"Membrane, Golgi apparatus",Golgi apparatus
ENSP00000450934,3.1442878759319006,Moderate,0.28562080283948854,2.858667073092412,0.127014,0.584473,0.512598,0.17052,0.126794,0.246265,0.131415,0.110193,0.096564,0.131641,0.188882,Cytoplasm,Cytoplasm
ENSP00000449299,2.9250808139603044,Moderate,0.23750528291001477,2.68757553105029,0.169238,0.444971,0.37417,0.472705,0.1927,0.483203,0.005834,0.1293,0.170496,0.065698,0.027323,None,"Cytoplasm, Nucleus"
ENSP00000344330,2.953569297163574,Moderate,0.2573215356758776,2.6962477614876965,0.693457,0.519336,0.252271,0.085062,0.614111,0.361377,0.008605,0.152313,0.455859,0.385742,0.021314,"Membrane, Cytoplasm, Cell membrane",Cytoplasm
ENSP00000453201,2.9780939476829418,Moderate,0.20610056821493408,2.771993379468008,0.275024,0.574512,0.415479,0.059094,0.249121,0.294629,0.011383,0.13623,0.187451,0.143225,0.050917,Cytoplasm,Nucleus
ENSP00000409820,3.2739536411207797,Moderate,0.28842255089413343,2.985531090226646,0.768457,0.236401,0.210742,0.085486,0.420361,0.421777,0.063513,0.73584,0.322192,0.411816,0.219312,"Membrane, Endoplasmic reticulum",Cytoplasm
ENSP00000467841,2.7338459036306246,Moderate,0.2112096441340236,2.522636259496601,0.125171,0.251392,0.631592,0.236389,0.072113,0.166302,0.016317,0.12019,0.147253,0.07757,0.08215,Nucleus,Nucleus
ENSP00000456491,2.789927096250717,Moderate,0.08728202862415783,2.7026450676265594,0.229858,0.16604,0.138635,0.925781,0.251025,0.140076,0.013282,0.259521,0.222876,0.265918,0.024901,Extracellular,Cell membrane
ENSP00000390788,2.603222250432316,Moderate,0.14601089415929686,2.457211356273019,0.086438,0.502344,0.635938,0.247827,0.076184,0.174133,0.021974,0.064679,0.129089,0.075708,0.07294,"Cytoplasm, Nucleus",Cell membrane
ENSP00000372651,3.0993762195597085,Moderate,0.1904456941633823,2.9089305253963262,0.141321,0.453564,0.521826,0.613672,0.149988,0.359424,0.030967,0.134302,0.111951,0.282422,0.074454,None,Nucleus
ENSP00000414655,2.655735877449758,Moderate,0.1448997716155719,2.510836105834186,0.082581,0.530811,0.611523,0.195996,0.102588,0.133508,0.015575,0.101141,0.160547,0.078357,0.079467,"Cytoplasm, Nucleus",Cytoplasm
ENSP00000368745,3.315275232104424,Moderate,0.25348288889223175,3.061792343212192,0.529687,0.591113,0.393799,0.103644,0.408301,0.305127,0.0143,0.285962,0.308105,0.333594,0.072556,"Membrane, Cytoplasm","Cytoplasm, Nucleus"
ENSP00000417632,2.773156686491162,Moderate,0.1952617477766869,2.577894938714475,0.153857,0.595215,0.503125,0.072472,0.08624,0.495752,0.026627,0.06319,0.338086,0.197693,0.037528,Cytoplasm,Mitochondrion
ENSP00000492149,3.054287832195749,Moderate,0.12052417354873929,2.9337636586470097,0.129712,0.543994,0.697949,0.167151,0.113562,0.206689,0.024384,0.173425,0.194348,0.160767,0.211658,"Cytoplasm, Nucleus",Nucleus
ENSP00000404950,2.8937366843946126,Moderate,0.17504341473846952,2.718693269656143,0.376465,0.201636,0.108521,0.668164,0.444824,0.099292,0.010601,0.264795,0.198608,0.218433,0.010994,Extracellular,Cell membrane
ENSP00000367901,2.9213731780219843,Moderate,0.14449388620194017,2.7768792918200442,0.142041,0.562451,0.654492,0.145184,0.182605,0.303906,0.010764,0.146497,0.117541,0.155219,0.091956,"Cytoplasm, Nucleus",Nucleus
ENSP00000462446,3.233807994129073,Moderate,0.27723110751412,2.956576886614953,0.818262,0.171948,0.142432,0.147437,0.462207,0.387402,0.036985,0.448193,0.522412,0.423413,0.166296,Membrane,Cell membrane
ENSP00000442725,3.1558459528839466,Moderate,0.22103342068450263,2.934812532199444,0.48252,0.464307,0.341138,0.046768,0.230469,0.268359,0.015258,0.124237,0.405615,0.37041,0.072241,Membrane,Cytoplasm
ENSP00000441425,3.168138029038655,Moderate,0.33974090861857853,2.8283971204200764,0.274243,0.487695,0.355615,0.284357,0.234827,0.253906,0.014544,0.174756,0.102295,0.173853,0.04804,Cytoplasm,"Cytoplasm, Nucleus"
ENSP00000347133,3.2185383340198683,Moderate,0.19776503653724486,3.0207732974826236,0.159912,0.503125,0.547949,0.11651,0.110986,0.405029,0.014165,0.173706,0.235156,0.206677,0.290283,"Cytoplasm, Nucleus",Mitochondrion
ENSP00000450519,2.623056318685163,Moderate,0.13880552049378547,2.4842507981913777,0.079736,0.570703,0.769922,0.094159,0.067578,0.270654,0.084137,0.130859,0.083264,0.070239,0.138507,"Cytoplasm, Nucleus",Nucleus
ENSP00000444110,2.8459015939364085,Moderate,0.14484616030037847,2.70105543363603,0.21582,0.614551,0.489746,0.067079,0.236279,0.314575,0.020977,0.064078,0.100122,0.183838,0.06712,Cytoplasm,"Nucleus, Cell membrane"
ENSP00000464646,2.7949270540101017,Moderate,0.17489144143602242,2.620035612574079,0.239063,0.446924,0.512598,0.11123,0.152771,0.27439,0.013164,0.131421,0.106943,0.061078,0.040865,None,"Cytoplasm, Cell membrane"
ENSP00000436839,2.6907172960071524,Moderate,0.48672242805854055,2.203994867948612,0.085577,0.805566,0.536328,0.1729,0.076128,0.711572,0.076642,0.07016,0.271313,0.156006,0.767139,"Cytoplasm, Nucleus, Mitochondrion, Peroxisome","Cytoplasm, Nucleus, Cell membrane"
ENSP00000467566,2.9661695867177107,Moderate,0.12289908747874422,2.8432704992389666,0.249951,0.198608,0.100378,0.806738,0.227026,0.230713,0.019559,0.332056,0.33623,0.242676,0.016098,Extracellular,Endoplasmic reticulum
ENSP00000457082,3.1117388013816942,Moderate,0.16503643381449654,2.9467023675671977,0.178833,0.445508,0.67666,0.046835,0.12561,0.206787,0.121295,0.17793,0.139075,0.138251,0.231189,Nucleus,Nucleus
ENSP00000433033,3.124961933933096,Moderate,0.5298483639537591,2.595113569979337,0.161572,0.388184,0.249976,0.673145,0.094635,0.641797,0.100916,0.299194,0.059548,0.335791,0.089128,"Extracellular, Mitochondrion","Cytoplasm, Nucleus"
ENSP00000394699,3.2888035740335724,Moderate,0.20285564028841616,3.0859479337451563,0.504736,0.598926,0.37915,0.098059,0.49082,0.23125,0.06138,0.281885,0.346777,0.221863,0.037795,"Membrane, Cytoplasm",Nucleus
ENSP00000357374,3.1298754717600463,Moderate,0.12439649606336325,3.005478975696683,0.270996,0.194922,0.146375,0.737207,0.252832,0.12345,0.049265,0.311719,0.284448,0.26709,0.037665,Extracellular,Cell membrane
ENSP00000453781,3.0992176572836323,Moderate,0.19269108170584992,2.9065265755777823,0.141174,0.402295,0.362109,0.334009,0.111926,0.692773,0.228711,0.093933,0.088818,0.097736,0.093158,Mitochondrion,Mitochondrion
ENSP00000436824,3.307475171992673,Moderate,0.23860891227193948,3.0688662597207337,0.212134,0.529492,0.489795,0.112064,0.109412,0.388184,0.041449,0.310718,0.323437,0.275488,0.09397,Cytoplasm,"Cytoplasm, Nucleus"
ENSP00000421390,3.0225934790783575,Moderate,0.26239977217291094,2.7601937069054467,0.184973,0.49043,0.573096,0.122974,0.104968,0.200586,0.036224,0.160291,0.179028,0.276953,0.049211,"Cytoplasm, Nucleus","Cytoplasm, Nucleus"
ENSP00000342814,2.7306601184594363,Moderate,0.146757620400869,2.5839024980585674,0.761328,0.184546,0.086835,0.432715,0.772168,0.055869,0.012113,0.294434,0.420605,0.240308,0.052818,"Membrane, Cell membrane",Cell membrane
ENSP00000456783,3.11069680964393,Moderate,0.27469339473078325,2.836003414913147,0.379541,0.729688,0.32417,0.065179,0.328052,0.239722,0.003442,0.120325,0.409888,0.426807,0.123763,Cytoplasm,Cell membrane
ENSP00000412265,3.1878555660027112,Moderate,0.2171529855634592,2.970702580439252,0.131897,0.532617,0.468799,0.452051,0.120068,0.406836,0.070718,0.091174,0.132312,0.200928,0.120441,Cytoplasm,"Cytoplasm, Nucleus"
ENSP00000436445,2.62230801826154,Moderate,0.10556390891458235,2.516744109346958,0.111768,0.377881,0.736426,0.405908,0.106213,0.10069,0.039328,0.088855,0.091321,0.161987,0.025389,Nucleus,Cytoplasm
ENSP00000434444,2.8157971949838503,Moderate,0.17572659981956873,2.6400705951642816,0.099304,0.378613,0.71748,0.215576,0.031715,0.214209,0.06442,0.161755,0.100641,0.116174,0.122971,Nucleus,Nucleus
ENSP00000434386,3.2010119340655177,Moderate,0.5311597579692396,2.669852176096278,0.215283,0.508838,0.503027,0.584717,0.148035,0.25376,0.027703,0.068335,0.254321,0.115424,0.46414,Cytoplasm,Nucleus
ENSP00000258662,2.9856916180990565,Moderate,0.27857957195549804,2.7071120461435583,0.311963,0.674512,0.436377,0.014855,0.18252,0.407715,0.025677,0.240015,0.045364,0.184216,0.38313,Cytoplasm,Nucleus
ENSP00000486048,3.0578482806959246,Moderate,0.29540826292004607,2.7624400177758783,0.433105,0.549414,0.474805,0.101025,0.345898,0.28645,0.001685,0.105035,0.305225,0.258789,0.026548,Cytoplasm,Cytoplasm
ENSP00000460751,3.1256430682255854,Moderate,0.17268428778964012,2.9529587804359454,0.177271,0.430957,0.696484,0.250024,0.115295,0.318164,0.023287,0.172412,0.169019,0.133539,0.149695,Nucleus,Nucleus
ENSP00000408628,2.824613191818875,Moderate,0.2203890650802532,2.6042241267386217,0.214111,0.145166,0.082141,0.836816,0.150708,0.114941,0.041342,0.481836,0.280566,0.371899,0.035394,Extracellular,Endoplasmic reticulum
ENSP00000297613,2.658304440558586,Moderate,0.26257955076808687,2.395724889790499,0.123071,0.550977,0.581934,0.028741,0.093054,0.59624,0.007742,0.105432,0.219482,0.139307,0.110535,"Cytoplasm, Nucleus",Nucleus
ENSP00000464899,3.1295445614061115,Moderate,0.24109407185306098,2.8884504895530503,0.174463,0.447363,0.443213,0.182117,0.110809,0.326099,0.055716,0.222485,0.071655,0.1479,0.091118,None,Cytoplasm
ENSP00000451256,3.277061906302503,Moderate,0.3114882718895746,2.9655736344129284,0.47583,0.571094,0.305688,0.115686,0.45874,0.189917,0.009236,0.187451,0.327051,0.245312,0.117499,"Membrane, Cytoplasm","Cytoplasm, Nucleus, Cell membrane"
ENSP00000449144,2.6884348917388188,Moderate,0.18574708673082707,2.5026878050079917,0.312744,0.246704,0.222021,0.0421,0.077002,0.868164,0.065393,0.212122,0.08493,0.093915,0.118845,Mitochondrion,Mitochondrion
ENSP00000439269,3.0413606677252374,Moderate,0.2914819055086213,2.749878762216616,0.309155,0.795508,0.394678,0.107184,0.175122,0.183679,0.063824,0.186548,0.201636,0.54126,0.040477,Cytoplasm,Cytoplasm
ENSP00000403659,2.6916179074499493,Moderate,0.09580533881122505,2.595812568638724,0.094885,0.52832,0.662305,0.195093,0.113318,0.207153,0.017831,0.117517,0.156213,0.100604,0.036995,"Cytoplasm, Nucleus",Nucleus
ENSP00000436668,2.532129945294809,Moderate,0.22154903955742278,2.3105809057373863,0.833887,0.14071,0.071857,0.100552,0.798438,0.173608,0.006985,0.331519,0.275293,0.205078,0.036184,"Membrane, Cell membrane",Cell membrane
ENSP00000426551,2.9007118422894766,Moderate,0.1939976242828018,2.7067142180066748,0.14093,0.597559,0.574805,0.067465,0.149341,0.200305,0.026292,0.105408,0.110791,0.138379,0.296198,"Cytoplasm, Nucleus",Cytoplasm
ENSP00000394340,2.9495892985336534,Moderate,0.18076997355295663,2.7688193249806967,0.206689,0.662793,0.313818,0.262756,0.227539,0.12674,0.016377,0.120544,0.131421,0.188916,0.042258,Cytoplasm,Nucleus
ENSP00000357381,2.874786372733883,Moderate,0.12180025076597249,2.752986121967911,0.27749,0.140747,0.113403,0.82627,0.279175,0.106616,0.039124,0.30083,0.233447,0.241992,0.018076,Extracellular,Cell membrane
ENSP00000300433,2.8220541655367852,Moderate,0.18210725099765146,2.639946914539134,0.71543,0.163867,0.128503,0.399414,0.724414,0.115161,0.007585,0.262769,0.381982,0.276831,0.0147,"Membrane, Cell membrane",Nucleus
ENSP00000420164,2.7809757138092603,Moderate,0.1623026515837727,2.6186730622254877,0.210034,0.220532,0.112,0.942578,0.330786,0.13855,0.005612,0.251245,0.420117,0.499902,0.024931,Extracellular,Cell membrane
ENSP00000501630,2.618107051519891,Moderate,0.12295413260629356,2.4951529189135977,0.256055,0.193604,0.201929,0.131659,0.113025,0.920117,0.053813,0.08465,0.050055,0.1172,0.135602,Mitochondrion,Mitochondrion
ENSP00000440575,2.9897583504766914,Moderate,0.16631293405384046,2.823445416422851,0.125684,0.525049,0.657715,0.168134,0.106824,0.291846,0.01273,0.124683,0.204736,0.151855,0.157433,"Cytoplasm, Nucleus",Mitochondrion
ENSP00000455296,2.8265057819015817,Moderate,0.32343022196437654,2.503075559937205,0.176221,0.497461,0.307861,0.076575,0.062445,0.453955,0.015202,0.08678,0.231506,0.113472,0.092828,Cytoplasm,Cytoplasm
ENSP00000454720,2.6850453342163587,Moderate,0.3841304393338447,2.300914894882514,0.243091,0.184839,0.474658,0.095222,0.175842,0.35,0.04904,0.039041,0.023141,0.017364,0.249731,None,"Nucleus, Golgi apparatus"
ENSP00000435888,3.272516247969926,Moderate,0.3605399318669967,2.9119763161029293,0.549951,0.541357,0.256787,0.083911,0.212988,0.474316,0.14061,0.67832,0.597949,0.77373,0.207211,"Membrane, Cytoplasm, Endoplasmic reticulum, Lysosome/Vacuole, Golgi apparatus",Golgi apparatus
ENSP00000422831,3.321310506767675,Moderate,0.1860703388346262,3.135240167933049,0.352734,0.557324,0.3771,0.063893,0.274048,0.238953,0.047227,0.200269,0.265308,0.333813,0.080699,Cytoplasm,"Cytoplasm, Cell membrane, Endoplasmic reticulum"
ENSP00000400637,2.8901100832562423,Moderate,0.22672874100965074,2.6633813422465917,0.126294,0.50083,0.586621,0.145984,0.050723,0.41748,0.027706,0.095432,0.162439,0.173193,0.116377,"Cytoplasm, Nucleus","Cytoplasm, Nucleus"
ENSP00000451268,3.276856822823475,Moderate,0.25134405220162126,3.025512770621854,0.371875,0.504541,0.409155,0.069312,0.209888,0.281934,0.053839,0.261206,0.267017,0.2203,0.04275,Cytoplasm,"Cytoplasm, Nucleus, Cell membrane"
ENSP00000462839,2.8438922117374754,Moderate,0.2874118449739697,2.556480366763506,0.928027,0.155652,0.075293,0.086827,0.394238,0.442188,0.043655,0.631494,0.353467,0.598437,0.114801,"Membrane, Endoplasmic reticulum","Mitochondrion, Endoplasmic reticulum"
ENSP00000408251,3.1609028217562427,Moderate,0.1805985957873392,2.9803042259689034,0.262085,0.546533,0.588086,0.159717,0.195996,0.145483,0.011847,0.324097,0.318115,0.183154,0.067387,"Cytoplasm, Nucleus",Nucleus
ENSP00000396061,3.1855690181059804,Moderate,0.31306093028482607,2.872508087821154,0.375635,0.707031,0.217603,0.151404,0.25874,0.27981,0.009649,0.229102,0.434741,0.210742,0.064112,Cytoplasm,Cytoplasm
ENSP00000469800,3.0503617310263853,Moderate,0.27382221715448873,2.7765395138718967,0.161389,0.703516,0.363086,0.212146,0.132812,0.282617,0.027199,0.142517,0.177808,0.408936,0.044315,Cytoplasm,"Cytoplasm, Cell membrane"
ENSP00000411992,3.2523957974471065,Moderate,0.36743046780826544,2.884965329638841,0.199756,0.483203,0.44126,0.474048,0.069055,0.631641,0.093747,0.242651,0.107788,0.248926,0.105909,Cytoplasm,Cytoplasm
ENSP00000357089,3.0774158098582345,Moderate,0.6402567687325316,2.437159041125703,0.222229,0.725,0.371545,0.22561,0.298938,0.273267,0.015094,0.210474,0.145471,0.26217,0.016603,Cytoplasm,Nucleus
ENSP00000506592,3.004765883248128,Moderate,0.2604843696658017,2.744281513582326,0.292822,0.614551,0.528027,0.081223,0.203271,0.462988,0.037238,0.110168,0.111023,0.096695,0.154993,"Cytoplasm, Nucleus",Cytoplasm
ENSP00000484730,3.2928342647898416,Moderate,0.1471500972475478,3.145684167542294,0.278101,0.228271,0.214697,0.802344,0.221851,0.283252,0.040063,0.346582,0.261865,0.317676,0.072375,Extracellular,Cell membrane
ENSP00000474781,3.2428519238880313,Moderate,0.21323454855649285,3.0296173753315383,0.591504,0.312988,0.205273,0.096545,0.11936,0.866016,0.11355,0.373145,0.265308,0.216357,0.23783,"Membrane, Mitochondrion",Mitochondrion
ENSP00000472057,2.4982566063086664,Moderate,0.1637231093262879,2.3345334969823783,0.044424,0.430957,0.745898,0.491455,0.042734,0.168103,0.212219,0.056104,0.038818,0.057092,0.088597,Nucleus,Nucleus
ENSP00000455278,2.7152218331584517,Moderate,0.1656384469080265,2.549583386250425,0.241528,0.339087,0.535645,0.063403,0.08291,0.074402,0.008782,0.123767,0.360693,0.340723,0.014525,Nucleus,Cytoplasm
ENSP00000437954,3.192798535826195,Moderate,0.2810425640113204,2.9117559718148747,0.458594,0.321533,0.113574,0.70293,0.424854,0.30708,0.010414,0.255737,0.307837,0.459717,0.04201,"Membrane, Extracellular",Golgi apparatus
ENSP00000435761,3.1528950913510596,Moderate,0.30414847267159467,2.8487466186794648,0.429785,0.55459,0.494385,0.148914,0.152832,0.301538,0.05042,0.341748,0.695752,0.694336,0.054901,"Cytoplasm, Lysosome/Vacuole, Golgi apparatus",Nucleus
ENSP00000385226,2.6570471152132766,Moderate,0.18119322231194726,2.475853892901329,0.129724,0.354297,0.753223,0.042917,0.079828,0.386523,0.075677,0.071094,0.24292,0.138086,0.030425,Nucleus,Nucleus
ENSP00000334125,3.152672299852804,Moderate,0.37509431190348735,2.7775779879493165,0.125342,0.429883,0.310742,0.824219,0.147815,0.660449,0.208313,0.244177,0.092592,0.411523,0.074576,"Extracellular, Mitochondrion","Cytoplasm, Cell membrane"
ENSP00000472837,3.2911364159369554,Moderate,0.4405279662797845,2.850608449657171,0.176978,0.646191,0.517725,0.445947,0.176733,0.33208,0.018333,0.207593,0.152191,0.140155,0.383479,Cytoplasm,Cell membrane
ENSP00000464478,2.6446746426763865,Moderate,0.13087209382189846,2.513802548854488,0.150061,0.698828,0.490332,0.058343,0.136694,0.149597,0.047675,0.070093,0.144397,0.180212,0.03551,Cytoplasm,Nucleus
ENSP00000416164,3.182654207103921,Moderate,0.3259248068849667,2.8567294002189545,0.390527,0.478223,0.47998,0.12533,0.18396,0.157104,0.018778,0.266016,0.401611,0.410132,0.023827,Cytoplasm,Cytoplasm
ENSP00000412812,3.2853934945423844,Moderate,0.1962078010235862,3.089185693518798,0.564697,0.58457,0.360059,0.086566,0.521289,0.278345,0.059979,0.297778,0.365869,0.259253,0.038908,"Membrane, Cytoplasm",Nucleus
ENSP00000406065,3.1778877098839917,Moderate,0.2763550431072431,2.9015326667767485,0.113489,0.454688,0.651465,0.435205,0.136182,0.536914,0.023547,0.272754,0.172644,0.118268,0.209656,Nucleus,"Cytoplasm, Cell membrane"
ENSP00000493305,3.00804791233719,Moderate,0.1698424671849212,2.838205445152269,0.137292,0.564355,0.55957,0.222864,0.183325,0.355127,0.036537,0.141766,0.116223,0.119922,0.061846,"Cytoplasm, Nucleus","Cytoplasm, Cell membrane"
ENSP00000330737,2.549875263840127,Moderate,0.18042532288625668,2.3694499409538707,0.370459,0.208716,0.162354,0.040686,0.092682,0.919824,0.059384,0.178162,0.085645,0.082697,0.108202,Mitochondrion,Mitochondrion
ENSP00000481248,2.5475748028911274,Moderate,0.14845173463394834,2.399123068257179,0.10376,0.416992,0.736133,0.073589,0.07475,0.225049,0.053473,0.099573,0.099658,0.064992,0.083244,Nucleus,"Cytoplasm, Nucleus"
ENSP00000471413,2.7350800720222965,Moderate,0.23638243908661563,2.4986976329356807,0.832324,0.26228,0.165381,0.145239,0.612891,0.060071,0.00407,0.392578,0.370361,0.625098,0.042141,"Membrane, Cell membrane",Cell membrane
ENSP00000436936,3.2296100420660667,Moderate,0.2562367295830209,2.9733733124830457,0.311182,0.542822,0.387549,0.157263,0.284839,0.395093,0.106219,0.054953,0.130652,0.131207,0.093682,Cytoplasm,Mitochondrion
ENSP00000435577,3.0602280086460323,Moderate,0.1980752654080941,2.8621527432379383,0.117712,0.579785,0.506201,0.166785,0.100232,0.297949,0.053914,0.100928,0.167896,0.175305,0.128738,Cytoplasm,Nucleus
ENSP00000433055,2.700043906998631,Moderate,0.21120029295891035,2.4888436140397205,0.719727,0.115405,0.138318,0.216028,0.779004,0.109225,0.024986,0.259277,0.408105,0.192603,0.01052,"Membrane, Cell membrane",Nucleus
ENSP00000427520,2.939565188407958,Moderate,0.24174966407782011,2.697815524330138,0.772559,0.18418,0.208374,0.177148,0.716113,0.201135,0.01589,0.230884,0.490479,0.414844,0.03394,"Membrane, Cell membrane",Nucleus
ENSP00000440181,2.93683020935913,Moderate,0.1860367784666187,2.7507934308925113,0.123108,0.533838,0.735156,0.179565,0.151208,0.219507,0.152161,0.14939,0.080298,0.10603,0.066288,"Cytoplasm, Nucleus",Nucleus
ENSP00000436907,3.027564229229741,Moderate,0.25750693598604896,2.770057293243692,0.334863,0.340967,0.46792,0.098084,0.291699,0.442676,0.031142,0.080548,0.13064,0.153519,0.039034,None,Nucleus
ENSP00000422141,2.589632949703388,Moderate,0.1582493585055188,2.431383591197869,0.112183,0.318213,0.731445,0.088574,0.081177,0.253027,0.03799,0.097424,0.079486,0.065619,0.119363,Nucleus,Nucleus
ENSP00000483601,3.2476721326002806,Moderate,0.36083051594009924,2.8868416166601816,0.26748,0.422705,0.616504,0.1422,0.133521,0.467139,0.037305,0.309595,0.12373,0.304663,0.095773,Nucleus,Nucleus
ENSP00000419914,2.571477885211866,Moderate,0.1544236507836927,2.417054234428173,0.131812,0.628809,0.617969,0.095786,0.173755,0.232202,0.025117,0.051605,0.06908,0.088068,0.080823,"Cytoplasm, Nucleus",Nucleus
ENSP00000403920,3.2998247635424414,Moderate,0.4941402320561475,2.805684531486294,0.228674,0.660547,0.420703,0.063889,0.182397,0.108746,0.074344,0.195795,0.447803,0.394482,0.284666,Cytoplasm,"Cytoplasm, Nucleus"
ENSP00000463294,3.2632128295839813,Moderate,0.17146531064458645,3.091747518939395,0.159326,0.578564,0.477051,0.282788,0.119128,0.337061,0.027701,0.165674,0.200415,0.244458,0.125079,Cytoplasm,Nucleus
ENSP00000454778,3.327112810738744,Moderate,0.26126994796977066,3.0658428627689736,0.272241,0.570996,0.484424,0.150113,0.274072,0.348242,0.00847,0.303613,0.257959,0.211426,0.088571,Cytoplasm,"Cytoplasm, Nucleus"
ENSP00000451361,2.8201779312723643,Moderate,0.43110121571755455,2.38907671555481,0.330811,0.396387,0.702051,0.037085,0.240466,0.469385,0.006024,0.099243,0.14624,0.072775,0.153049,Nucleus,Nucleus
ENSP00000399432,2.836594500951459,Moderate,0.16415640342621302,2.6724380975252457,0.123767,0.565967,0.46792,0.102234,0.129993,0.296899,0.018297,0.148779,0.086981,0.127185,0.085463,Cytoplasm,"Cytoplasm, Nucleus"
ENSP00000487797,2.934103063561513,Moderate,0.16496080686748255,2.7691422566940305,0.145337,0.621582,0.595996,0.055762,0.131628,0.213159,0.038925,0.146191,0.169385,0.203418,0.125323,"Cytoplasm, Nucleus","Cytoplasm, Cell membrane"
ENSP00000402732,2.8959712257862615,Moderate,0.1880814525841678,2.7078897732020937,0.692773,0.103821,0.11731,0.107043,0.390186,0.132849,0.030872,0.403906,0.387207,0.288818,0.020937,Membrane,Cell membrane
ENSP00000482082,3.278826444592088,Moderate,0.16117981674523854,3.1176466278468493,0.130713,0.531934,0.488672,0.471289,0.075604,0.343945,0.118756,0.153345,0.17981,0.234253,0.09325,Cytoplasm,"Cytoplasm, Cell membrane"
ENSP00000468298,2.7864474038512466,Moderate,0.15329260594913333,2.633154797902113,0.073108,0.448828,0.713281,0.39209,0.084216,0.394092,0.070605,0.136682,0.093188,0.077234,0.062958,Nucleus,"Cytoplasm, Cell membrane"
ENSP00000436674,2.943776800517667,Moderate,0.2587415029557344,2.6850352975619325,0.690137,0.085388,0.104211,0.128967,0.384717,0.198242,0.037528,0.441455,0.391602,0.294751,0.020002,Membrane,Cell membrane
ENSP00000418261,3.3251340471270416,Moderate,0.40647209221650277,2.918661954910539,0.275928,0.423535,0.188647,0.160535,0.073932,0.73457,0.318237,0.201917,0.145837,0.111139,0.332935,Mitochondrion,Mitochondrion
ENSP00000431853,3.264510490376413,Moderate,0.1979737272037435,3.066536763172669,0.190796,0.559619,0.554395,0.068024,0.125549,0.327295,0.076553,0.131372,0.212012,0.213965,0.410522,"Cytoplasm, Nucleus","Cytoplasm, Cell membrane"
ENSP00000498027,2.9753814613031073,Moderate,0.255732939773418,2.7196485215296895,0.185645,0.46709,0.616895,0.105174,0.113867,0.475342,0.08768,0.158716,0.103387,0.18327,0.036261,Nucleus,Nucleus
ENSP00000462831,3.0881111485615618,Moderate,0.1297648396164395,2.958346308945122,0.264868,0.581055,0.449756,0.077982,0.332959,0.308838,0.026643,0.117078,0.134265,0.145959,0.103857,Cytoplasm,Cell membrane
ENSP00000452443,2.710545422929931,Moderate,0.18003948091159933,2.5305059420183316,0.076929,0.452344,0.735938,0.205542,0.055011,0.166235,0.056842,0.173096,0.106897,0.056567,0.142493,Nucleus,Nucleus
ENSP00000449898,2.671438759354733,Moderate,0.13887802131162924,2.5325607380431037,0.1505,0.14884,0.108392,0.837305,0.109375,0.108109,0.025745,0.205688,0.27605,0.150922,0.061009,Extracellular,Golgi apparatus
ENSP00000431058,3.000763368657829,Moderate,0.2782580248839012,2.722505343773928,0.36167,0.371143,0.446826,0.112805,0.332446,0.202075,0.002148,0.117047,0.257874,0.18938,0.008574,None,Cytoplasm
ENSP00000474618,3.2905549385816313,Moderate,0.23056428973520818,3.0599906488464232,0.156299,0.476611,0.595996,0.350464,0.143604,0.322803,0.025562,0.184814,0.134119,0.274341,0.165424,"Cytoplasm, Nucleus",Nucleus
ENSP00000464988,3.1834683799281334,Moderate,0.21868471451392818,2.9647836654142052,0.148901,0.47959,0.626465,0.173499,0.158569,0.231494,0.088663,0.196436,0.113788,0.14408,0.124062,"Cytoplasm, Nucleus",Cytoplasm
ENSP00000428129,3.3259512587084656,Moderate,0.2982668187666873,3.0276844399417784,0.185449,0.47417,0.505713,0.522168,0.208582,0.607959,0.023524,0.180444,0.217798,0.328931,0.117145,Cytoplasm,Nucleus
ENSP00000387102,2.486055578794791,Moderate,0.26071295450922,2.225342624285571,0.080481,0.372021,0.775684,0.511084,0.066357,0.18573,0.080593,0.101349,0.03383,0.09635,0.030998,Nucleus,"Cytoplasm, Nucleus"
ENSP00000490665,3.098468032801485,Moderate,0.3025784214026588,2.7958896113988265,0.306055,0.61709,0.464648,0.087402,0.441797,0.238745,0.021072,0.101721,0.214978,0.166565,0.094794,Cytoplasm,"Cell membrane, Endoplasmic reticulum"
ENSP00000482852,3.089365461896925,Moderate,0.4309543122412398,2.6584111496556853,0.644043,0.205298,0.124548,0.577881,0.613721,0.110083,0.034592,0.307666,0.354639,0.278442,0.054938,"Membrane, Cell membrane","Cytoplasm, Cell membrane"
ENSP00000480335,3.097722747042915,Moderate,0.1347777391511441,2.962945007891771,0.197559,0.237695,0.231177,0.79668,0.257349,0.168457,0.035007,0.350635,0.193384,0.181274,0.052487,Extracellular,Cell membrane
ENSP00000479714,3.0651380811228504,Moderate,0.18515315051994563,2.879984930602905,0.210327,0.67627,0.473242,0.082245,0.274146,0.325781,0.01023,0.226819,0.145447,0.233618,0.072061,Cytoplasm,Mitochondrion
ENSP00000458835,2.844801867284512,Moderate,0.30543932824002157,2.5393625390444905,0.843652,0.270728,0.258398,0.105164,0.599756,0.119092,0.004872,0.550342,0.474805,0.689941,0.10506,"Membrane, Cell membrane, Golgi apparatus",Cell membrane
ENSP00000425484,2.9733926910829824,Moderate,0.1449578585691747,2.828434832513808,0.349756,0.553906,0.356055,0.088065,0.412451,0.114783,0.066292,0.164526,0.088538,0.216553,0.014246,Cytoplasm,"Nucleus, Cell membrane"
ENSP00000380435,2.550926913353838,Moderate,0.21000967576415655,2.3409172375896814,0.888672,0.099133,0.099011,0.067474,0.569873,0.050577,0.015292,0.387793,0.495068,0.319482,0.072809,"Membrane, Cell membrane",Cell membrane
ENSP00000255764,2.752098152093582,Moderate,0.1829036766860833,2.5691944754074987,0.207373,0.54043,0.491699,0.035284,0.114172,0.158728,0.006816,0.092285,0.33501,0.156738,0.063802,Cytoplasm,Nucleus
ENSP00000470495,3.233697055368818,Moderate,0.2976088868537859,2.936088168515032,0.472607,0.417334,0.387256,0.134125,0.424414,0.294409,0.003907,0.247607,0.484912,0.301416,0.018717,Membrane,"Cytoplasm, Nucleus"
ENSP00000422281,3.2128936034623785,Moderate,0.4549677458545155,2.757925857607863,0.574072,0.586279,0.449854,0.299902,0.341211,0.279871,0.102771,0.09129,0.614258,0.142712,0.031072,"Membrane, Cytoplasm, Lysosome/Vacuole",Cell membrane
ENSP00000506808,2.833442415386536,Moderate,0.21160611237562857,2.6218363030109075,0.297485,0.249219,0.25564,0.055147,0.080258,0.744531,0.054738,0.243262,0.097107,0.097058,0.107855,Mitochondrion,Mitochondrion
ENSP00000465889,3.0838468062104303,Moderate,0.1274691249910246,2.9563776812194056,0.201636,0.249414,0.174304,0.830957,0.173975,0.272656,0.016055,0.294287,0.255908,0.297729,0.056232,Extracellular,Endoplasmic reticulum
ENSP00000455277,2.832274823890562,Moderate,0.10678478188399781,2.725490042006564,0.190576,0.575781,0.533594,0.117291,0.138428,0.211792,0.020306,0.106281,0.200464,0.136414,0.027272,"Cytoplasm, Nucleus",Cytoplasm
ENSP00000429741,2.5760493776326205,Moderate,0.12243720241149564,2.453612175221125,0.109338,0.543066,0.729492,0.037907,0.089563,0.22113,0.037039,0.083466,0.106555,0.140149,0.12072,"Cytoplasm, Nucleus",Nucleus
ENSP00000427935,2.9103450638220667,Moderate,0.37994769727161737,2.5303973665504493,0.087878,0.546875,0.618555,0.17641,0.039835,0.193073,0.081915,0.224731,0.161719,0.216321,0.050704,"Cytoplasm, Nucleus",Nucleus
ENSP00000390926,2.9788685646021946,Moderate,0.1873006478951032,2.7915679167070913,0.145386,0.6125,0.514746,0.214209,0.107837,0.234692,0.005771,0.136279,0.201685,0.421533,0.053999,Cytoplasm,"Cytoplasm, Cell membrane"
ENSP00000310182,3.084911988579535,Moderate,0.22111320600519677,2.8637987825743383,0.862988,0.244312,0.148108,0.086377,0.414111,0.204614,0.035849,0.700684,0.401221,0.493896,0.24834,"Membrane, Endoplasmic reticulum",Golgi apparatus
ENSP00000485355,3.2023609536910924,Moderate,0.24849101695255454,2.953869936738538,0.191016,0.479297,0.403516,0.136548,0.086511,0.474805,0.049393,0.2427,0.198047,0.262878,0.058495,Cytoplasm,Endoplasmic reticulum
ENSP00000389278,3.101330799506042,Moderate,0.3067109064048503,2.794619893101192,0.771094,0.252148,0.247241,0.111517,0.496387,0.120355,0.010502,0.449219,0.395215,0.505029,0.109055,Membrane,Cytoplasm
ENSP00000386645,2.6103345400178366,Moderate,0.23575210135349697,2.3745824386643397,0.121008,0.360938,0.781543,0.358643,0.110907,0.252905,0.021568,0.112036,0.051248,0.118005,0.028957,Nucleus,"Cytoplasm, Nucleus"
ENSP00000362773,3.1091164491500733,Moderate,0.23871559700533343,2.8704008521447397,0.23501,0.441943,0.302661,0.403735,0.219751,0.483545,0.077007,0.069287,0.059025,0.272583,0.024897,None,Nucleus
ENSP00000430257,3.2351399959075526,Moderate,0.27193031478274077,2.9632096811248116,0.291675,0.504883,0.409473,0.069502,0.162451,0.253418,0.02009,0.217603,0.438525,0.36123,0.076727,Cytoplasm,Nucleus
ENSP00000382364,3.0254912866701265,Moderate,0.22798352082485573,2.7975077658452707,0.157288,0.420557,0.570996,0.165808,0.099066,0.265454,0.015628,0.329102,0.157581,0.131909,0.067599,Nucleus,"Cytoplasm, Nucleus, Mitochondrion"
ENSP00000498993,3.2342689058427214,Moderate,0.21804687498641567,3.016222030856306,0.183838,0.360547,0.320654,0.31228,0.128979,0.784277,0.043071,0.173767,0.115027,0.232153,0.505469,Mitochondrion,Mitochondrion
ENSP00000466188,2.953191588275986,Moderate,0.21020682587637063,2.7429847623996153,0.179932,0.596484,0.464453,0.133255,0.192188,0.223999,0.009534,0.130591,0.101801,0.236597,0.063864,Cytoplasm,Nucleus
ENSP00000429102,2.87100029816123,Moderate,0.11053233431718222,2.760467963844048,0.171997,0.681543,0.39624,0.108344,0.138916,0.236377,0.02599,0.127563,0.152722,0.189014,0.038232,Cytoplasm,Nucleus
ENSP00000508310,3.2743681202623636,Moderate,0.37330479398969646,2.9010633262726673,0.3177,0.457959,0.527686,0.237878,0.171906,0.261816,0.009767,0.174536,0.211414,0.22572,0.082321,Nucleus,"Cytoplasm, Nucleus, Cell membrane"
ENSP00000496961,3.312126628869979,Moderate,0.1674747476160447,3.1446518812539344,0.327148,0.519141,0.405957,0.123682,0.151575,0.161572,0.036978,0.372803,0.530566,0.435596,0.087553,Cytoplasm,Nucleus
ENSP00000467104,2.959010863139123,Moderate,0.35631608373442164,2.6026947794047013,0.172632,0.327661,0.383643,0.700098,0.129004,0.320776,0.263513,0.034372,0.025507,0.134314,0.087799,Extracellular,Nucleus
ENSP00000426331,2.6452349228066274,Moderate,0.09480546005430943,2.550429462752318,0.255249,0.192627,0.149536,0.132019,0.103381,0.946582,0.054224,0.090967,0.068152,0.12926,0.19342,Mitochondrion,Mitochondrion
ENSP00000259254,2.8864975916421187,Moderate,0.16605146767245146,2.7204461239696673,0.768652,0.225537,0.101648,0.312231,0.752246,0.108313,0.013805,0.201392,0.433643,0.304688,0.073169,"Membrane, Cell membrane",Cell membrane
ENSP00000409925,2.8091665245093655,Moderate,0.22022299949109408,2.5889435250182715,0.147522,0.703418,0.352026,0.0548,0.150732,0.2979,0.053107,0.125,0.081824,0.113306,0.107162,Cytoplasm,"Cytoplasm, Nucleus"
ENSP00000393616,2.5173354457028427,Moderate,0.11255840727005437,2.4047770384327882,0.166931,0.665527,0.457471,0.122168,0.302222,0.0974,0.022895,0.086121,0.045319,0.091724,0.02325,Cytoplasm,"Cytoplasm, Nucleus"
ENSP00000295834,2.8887550765215617,Moderate,0.31901132435893215,2.5697437521626294,0.171735,0.836719,0.431982,0.286182,0.250061,0.192419,0.081378,0.176578,0.039243,0.082794,0.084632,Cytoplasm,Cytoplasm
ENSP00000497676,3.1807747127688457,Moderate,0.21711665886519554,2.96365805390365,0.160791,0.58667,0.462549,0.5146,0.164441,0.418604,0.047371,0.111719,0.108215,0.158374,0.158948,Cytoplasm,Cell membrane
ENSP00000469738,2.804379393117423,Moderate,0.254422687474722,2.549956705642701,0.157751,0.636816,0.629102,0.022733,0.092059,0.25918,0.020491,0.167603,0.121021,0.193237,0.207455,"Cytoplasm, Nucleus",Nucleus
ENSP00000431985,3.216674131322187,Moderate,0.22386895890563493,2.9928051724165523,0.155505,0.397461,0.603271,0.216968,0.103198,0.144092,0.18866,0.1771,0.143872,0.114343,0.127393,Nucleus,Nucleus
ENSP00000471657,2.935897003746866,Moderate,0.21527257703920127,2.7206244267076647,0.069281,0.534424,0.558594,0.633496,0.06535,0.344092,0.146771,0.169287,0.083441,0.063428,0.158276,"Cytoplasm, Nucleus",Mitochondrion
ENSP00000429672,3.025537147170187,Moderate,0.17708385320295839,2.8484532939672285,0.13186,0.548486,0.431299,0.61416,0.122961,0.455664,0.133997,0.092517,0.062915,0.213647,0.054034,Cytoplasm,Endoplasmic reticulum
ENSP00000487240,2.955192777163127,Moderate,0.17986107935400977,2.775331697809117,0.114392,0.547656,0.664648,0.140698,0.109595,0.19397,0.053642,0.133667,0.159204,0.146716,0.13418,"Cytoplasm, Nucleus",Nucleus
ENSP00000450525,3.3013298081573006,Moderate,0.14378663214029502,3.1575431760170054,0.207007,0.520264,0.405371,0.308496,0.199829,0.277466,0.089105,0.100757,0.143567,0.218945,0.061264,Cytoplasm,Nucleus
ENSP00000377351,3.2410840343421903,Moderate,0.33342100093303884,2.9076630334091513,0.226514,0.798145,0.419043,0.26897,0.265747,0.269019,0.086465,0.346387,0.057175,0.183594,0.114371,Cytoplasm,Cytoplasm
ENSP00000492536,3.308623271033541,Moderate,0.29636939184558264,3.0122538791879583,0.142468,0.566602,0.407959,0.650293,0.102686,0.290308,0.153033,0.153674,0.214307,0.115729,0.579932,"Cytoplasm, Extracellular",Nucleus
ENSP00000461981,3.1248271149344906,Moderate,0.19980768017732256,2.925019434757168,0.139209,0.649316,0.525244,0.254004,0.104858,0.300342,0.077591,0.117383,0.122925,0.139551,0.173114,Cytoplasm,"Cytoplasm, Nucleus"
ENSP00000430152,3.1271501714685255,Moderate,0.26472809830859567,2.8624220731599297,0.407275,0.394092,0.513672,0.141782,0.205078,0.268774,0.007117,0.131213,0.490186,0.509082,0.028834,None,Cytoplasm
ENSP00000505173,3.1561953642723855,Moderate,0.21954058958721986,2.9366547746851657,0.341846,0.751074,0.36499,0.073181,0.242773,0.191309,0.018103,0.16499,0.312866,0.381104,0.119492,Cytoplasm,"Cytoplasm, Cell membrane"
ENSP00000494012,3.0609973161683803,Moderate,0.40512768531924365,2.6558696308491365,0.141479,0.244604,0.728125,0.246338,0.07793,0.230029,0.113531,0.201916,0.102368,0.123578,0.129845,Nucleus,Nucleus
ENSP00000427277,3.083454861821487,Moderate,0.2479880310624335,2.835466830759054,0.745508,0.214258,0.127795,0.290894,0.696875,0.17229,0.010515,0.237305,0.518652,0.448633,0.132996,"Membrane, Cell membrane",Cell membrane
ENSP00000411349,3.2368720014419488,Moderate,0.23007221175343082,3.006799789688518,0.162378,0.541357,0.446973,0.192358,0.124194,0.263135,0.051661,0.069434,0.271533,0.320215,0.129956,Cytoplasm,Cell membrane
ENSP00000397302,3.001733723291469,Moderate,0.24231432533550812,2.759419397955961,0.232104,0.232764,0.241772,0.21709,0.089594,0.900977,0.062656,0.16925,0.073151,0.178662,0.324829,Mitochondrion,Mitochondrion
ENSP00000442703,2.8801964012254517,Moderate,0.1698882646688881,2.7103081365565638,0.193652,0.184082,0.230127,0.139691,0.086359,0.724121,0.135327,0.116479,0.082153,0.05282,0.182874,Mitochondrion,Mitochondrion
ENSP00000393696,3.312124695388614,Moderate,0.3380515664291163,2.974073128959498,0.128528,0.300928,0.421191,0.691406,0.084045,0.422852,0.13139,0.223291,0.10694,0.173145,0.263672,Extracellular,Mitochondrion
ENSP00000384474,2.5929847793762457,Moderate,0.249794882460363,2.3431898969158826,0.212756,0.595752,0.58457,0.047375,0.193134,0.104346,0.024796,0.220972,0.067924,0.165222,0.007837,"Cytoplasm, Nucleus",Nucleus
ENSP00000467965,2.7454417685446013,Moderate,0.16423480557624778,2.5812069629683534,0.182861,0.611523,0.675488,0.028056,0.121082,0.201733,0.005518,0.14762,0.151465,0.25509,0.11158,"Cytoplasm, Nucleus",Cytoplasm
ENSP00000463450,2.5742435657033806,Moderate,0.13056901109148594,2.4436745546118948,0.138306,0.447266,0.659473,0.17254,0.134998,0.148267,0.009508,0.113599,0.064719,0.116095,0.024614,Nucleus,"Cytoplasm, Nucleus"
ENSP00000460301,3.3265171096928925,Moderate,0.3172292695604307,3.009287840132462,0.351367,0.426074,0.407959,0.085342,0.219019,0.273755,0.013916,0.297266,0.272241,0.513867,0.089499,None,"Cytoplasm, Nucleus"
ENSP00000505534,3.085260982745729,Moderate,0.19369216286783927,2.89156881987789,0.178271,0.660156,0.408838,0.166467,0.16731,0.231262,0.025713,0.160242,0.12373,0.273438,0.079398,Cytoplasm,Cytoplasm
ENSP00000417479,3.1453385468295942,Moderate,0.3315548739878484,2.813783672841746,0.314844,0.42002,0.375977,0.292334,0.303882,0.136169,0.008866,0.110742,0.453125,0.37356,0.0095,None,Cytoplasm
ENSP00000498324,3.2314794007102083,Moderate,0.44741282126562365,2.784066579444585,0.181982,0.374316,0.475635,0.618652,0.068274,0.594629,0.042662,0.298047,0.095172,0.20498,0.398758,None,Nucleus
ENSP00000493492,3.1638920614336543,Moderate,0.2767873018357492,2.8871047595979054,0.115759,0.541943,0.559473,0.197461,0.058737,0.434912,0.048633,0.21554,0.232031,0.276111,0.104736,"Cytoplasm, Nucleus","Cytoplasm, Nucleus"
ENSP00000433390,2.5193095785100237,Moderate,0.12497256503672226,2.3943370134733013,0.199512,0.726953,0.490723,0.019002,0.153345,0.170532,0.012367,0.086188,0.10708,0.153015,0.055258,Cytoplasm,Cell membrane
ENSP00000429192,3.111922201559093,Moderate,0.42417862702184284,2.68774357453725,0.368628,0.395508,0.550293,0.093195,0.189209,0.326416,0.022784,0.235205,0.239087,0.184668,0.016022,Nucleus,Nucleus
ENSP00000399267,3.1007045206645403,Moderate,0.20235142351554594,2.8983530971489944,0.330957,0.690723,0.28916,0.130396,0.294653,0.122107,0.038622,0.210425,0.171716,0.37688,0.033574,Cytoplasm,"Cytoplasm, Cell membrane"
ENSP00000376096,3.12168567549871,Moderate,0.17345396299805968,2.9482317125006503,0.241553,0.239429,0.214185,0.605029,0.263818,0.111804,0.013779,0.472656,0.269775,0.175854,0.042099,None,"Cytoplasm, Cell membrane"
ENSP00000462796,2.7578758941885058,Moderate,0.15634999636918337,2.6015258978193225,0.129541,0.692773,0.354199,0.181006,0.114795,0.144336,0.03041,0.108667,0.080701,0.153149,0.076147,Cytoplasm,Cell membrane
ENSP00000453208,2.909890517613953,Moderate,0.2546452729431957,2.6552452446707573,0.148499,0.406641,0.646484,0.155676,0.093518,0.273236,0.022404,0.102759,0.093665,0.130981,0.176532,Nucleus,Nucleus
ENSP00000451718,2.9895785126284746,Moderate,0.2772206995943859,2.712357813034089,0.310156,0.519385,0.581201,0.070087,0.279126,0.253369,0.00894,0.087573,0.262036,0.18905,0.05484,"Cytoplasm, Nucleus",Cell membrane
ENSP00000372205,2.9084299774845395,Moderate,0.27518468584632383,2.6332452916382154,0.147107,0.428711,0.376953,0.690039,0.194165,0.318018,0.198871,0.055951,0.032704,0.133099,0.02575,Extracellular,Cytoplasm
ENSP00000343218,3.2811635950435263,Moderate,0.3437678505342665,2.93739574450926,0.153271,0.464648,0.532861,0.343799,0.120398,0.504297,0.010532,0.177271,0.235596,0.177161,0.219963,Nucleus,Nucleus
ENSP00000499538,2.7511843987414544,Moderate,0.12889717228943345,2.6222872264520207,0.133789,0.551074,0.637988,0.052463,0.062268,0.274316,0.031502,0.136304,0.159924,0.151843,0.095801,"Cytoplasm, Nucleus",Nucleus
ENSP00000475768,2.781308741175242,Moderate,0.17330107660758254,2.6080076645676598,0.124084,0.553613,0.64834,0.093562,0.119141,0.239429,0.017517,0.15885,0.179407,0.134399,0.052962,"Cytoplasm, Nucleus","Cytoplasm, Nucleus"
ENSP00000466951,3.1488506114266013,Moderate,0.20318254962799648,2.945668061798605,0.280371,0.483887,0.408496,0.185584,0.130768,0.167578,0.008839,0.241284,0.336963,0.705762,0.078706,"Cytoplasm, Golgi apparatus","Cytoplasm, Nucleus"
ENSP00000463688,3.2368437412803104,Moderate,0.28913070870087376,2.9477130325794367,0.138647,0.510889,0.526855,0.295959,0.190674,0.370068,0.005199,0.16189,0.193237,0.130981,0.217773,Cytoplasm,Nucleus
ENSP00000409858,3.2977145004571553,Moderate,0.18763113121378522,3.11008336924337,0.213354,0.468408,0.620215,0.230859,0.143335,0.335205,0.037732,0.191699,0.132251,0.215308,0.161981,Nucleus,Nucleus
ENSP00000482052,2.837172331287787,Moderate,0.30220082100305745,2.5349715102847292,0.17002,0.435107,0.461768,0.287695,0.075735,0.159528,0.021278,0.086035,0.11864,0.158325,0.041788,None,Golgi apparatus
ENSP00000454688,3.2145394741318714,Moderate,0.14116527389497058,3.0733742002369007,0.389355,0.682031,0.327393,0.068567,0.315625,0.322852,0.004713,0.218628,0.284717,0.26333,0.10874,Cytoplasm,Cell membrane
ENSP00000396366,3.063978218160759,Moderate,0.16632532715563125,2.897652891005128,0.29834,0.500537,0.553711,0.131604,0.320947,0.16178,0.028577,0.182251,0.122131,0.292554,0.018851,"Cytoplasm, Nucleus",Cell membrane
ENSP00000497786,3.0735094054784824,Moderate,0.21018028971925623,2.863329115759226,0.143848,0.2979,0.267627,0.193848,0.078461,0.294971,0.819922,0.093225,0.095142,0.105127,0.288354,Plastid,Cytoplasm
ENSP00000470962,2.5397696684958717,Moderate,0.11424230358078703,2.4255273649150846,0.32998,0.24668,0.205127,0.065543,0.10567,0.960742,0.112573,0.066913,0.03252,0.070166,0.204297,Mitochondrion,Mitochondrion
ENSP00000420568,3.322511279105365,Moderate,0.2122240474319631,3.110287231673402,0.176697,0.493945,0.440137,0.544336,0.205591,0.430469,0.032001,0.16106,0.137769,0.244409,0.130603,Cytoplasm,Nucleus
ENSP00000387794,3.0315591968263256,Moderate,0.15509895254842956,2.876460244277896,0.278687,0.687891,0.397168,0.072412,0.43374,0.233423,0.023756,0.206299,0.096497,0.15564,0.0996,Cytoplasm,"Cytoplasm, Nucleus"
ENSP00000453703,2.9812806706496797,Moderate,0.19038314069967652,2.790897529950003,0.116602,0.691895,0.461621,0.263281,0.166174,0.18667,0.006714,0.095728,0.202686,0.241968,0.100634,Cytoplasm,Golgi apparatus
ENSP00000453584,2.756965827208003,Moderate,0.19792741019760648,2.5590384170103966,0.119653,0.265894,0.380908,0.133661,0.044211,0.854199,0.274646,0.098712,0.048883,0.06835,0.208948,Mitochondrion,"Cytoplasm, Endoplasmic reticulum"
ENSP00000453034,2.603992749948888,Moderate,0.12430261970567894,2.4796901302432093,0.098108,0.512744,0.795605,0.092358,0.110352,0.182483,0.009629,0.131287,0.200195,0.103723,0.085205,"Cytoplasm, Nucleus",Golgi apparatus
ENSP00000501275,3.092863502306366,Moderate,0.20153218247005178,2.8913313198363144,0.148157,0.495508,0.457129,0.325146,0.098096,0.2427,0.031171,0.120819,0.108447,0.203052,0.107211,Cytoplasm,"Cytoplasm, Nucleus"
ENSP00000471042,3.070717712974762,Moderate,0.2193107316917778,2.851406981282984,0.179077,0.573535,0.56167,0.098883,0.095721,0.406641,0.074649,0.12074,0.086011,0.155371,0.263135,"Cytoplasm, Nucleus",Nucleus
ENSP00000462912,3.206042722324181,Moderate,0.14699137125209583,3.0590513510720854,0.245337,0.641309,0.419092,0.075824,0.29585,0.304932,0.015768,0.096936,0.256128,0.27229,0.16734,Cytoplasm,Cell membrane
ENSP00000428370,2.827595715905193,Moderate,0.2673787800991583,2.560216935806035,0.184216,0.472607,0.622168,0.05647,0.099084,0.220941,0.019961,0.250269,0.144434,0.18269,0.039086,"Cytoplasm, Nucleus",Nucleus
ENSP00000503145,3.1909257058454297,Moderate,0.27965656379208587,2.9112691420533436,0.118677,0.59165,0.548633,0.589697,0.140869,0.566064,0.049353,0.138245,0.180005,0.222559,0.202393,"Cytoplasm, Nucleus",Mitochondrion
ENSP00000500895,2.7527617131666924,Moderate,0.1158090097143952,2.6369527034522973,0.191211,0.164233,0.109192,0.875,0.215601,0.142712,0.00783,0.263403,0.266895,0.290942,0.017669,Extracellular,"Cytoplasm, Nucleus"
ENSP00000469135,2.8645423207569136,Moderate,0.15601468088927636,2.7085276398676372,0.178467,0.181421,0.093628,0.812109,0.259204,0.082172,0.070398,0.349072,0.270313,0.207544,0.016293,Extracellular,Cell membrane
ENSP00000452417,2.7744890630742893,Moderate,0.18544850285422224,2.589040560220067,0.237183,0.215674,0.232715,0.141834,0.035872,0.917383,0.19585,0.11073,0.036874,0.104004,0.351221,Mitochondrion,Nucleus
ENSP00000478133,2.7971497654296873,Moderate,0.1460444229045509,2.6511053425251365,0.108936,0.658496,0.617969,0.181482,0.157507,0.308008,0.041574,0.051825,0.107104,0.133264,0.096821,"Cytoplasm, Nucleus",Mitochondrion
ENSP00000453629,2.5630527932896467,Moderate,0.19998685332159252,2.3630659399680543,0.24082,0.606836,0.330273,0.034969,0.310693,0.162134,0.030302,0.071658,0.072968,0.045041,0.050256,Cytoplasm,"Cytoplasm, Nucleus"
ENSP00000452439,3.241130937268274,Moderate,0.24551442339076038,2.995616513877514,0.139563,0.694824,0.411621,0.311035,0.133337,0.249878,0.204065,0.137988,0.178027,0.143652,0.069857,Cytoplasm,"Cytoplasm, Nucleus"
ENSP00000421606,3.018058145995689,Moderate,0.1946635723152841,2.8233945736804045,0.154053,0.618164,0.498486,0.144012,0.14613,0.273364,0.051088,0.110474,0.16131,0.274243,0.038971,Cytoplasm,Nucleus
ENSP00000266964,3.1763433983356064,Moderate,0.3766551078135734,2.799688290522033,0.343848,0.525488,0.258179,0.082083,0.094806,0.302124,0.025473,0.144861,0.411475,0.244287,0.114651,Cytoplasm,Cytoplasm
ENSP00000453470,3.113744023144123,Moderate,0.34710125446041074,2.7666427686837123,0.158691,0.483984,0.581641,0.131528,0.118365,0.348779,0.021411,0.131274,0.169751,0.117676,0.33927,"Cytoplasm, Nucleus",Nucleus
ENSP00000433139,2.753461105069896,Moderate,0.20908261287274912,2.544378492197147,0.112488,0.611523,0.588867,0.254224,0.130078,0.174805,0.028354,0.379004,0.076141,0.112445,0.016014,"Cytoplasm, Nucleus","Cytoplasm, Nucleus, Endoplasmic reticulum"
ENSP00000421676,3.1630524872655945,Moderate,0.28192631952833597,2.8811261677372584,0.166309,0.360303,0.485254,0.572852,0.058777,0.600586,0.054916,0.200024,0.069534,0.216992,0.278131,None,Nucleus
ENSP00000290079,2.6551532732404195,Moderate,0.23367985382821765,2.4214734194122016,0.822754,0.092249,0.091101,0.053979,0.0573,0.938477,0.449951,0.245947,0.201306,0.180469,0.233234,"Membrane, Mitochondrion",Mitochondrion
ENSP00000480532,3.2717228236453666,Moderate,0.23350095390231718,3.038221869743049,0.158643,0.503174,0.489795,0.472803,0.107629,0.509961,0.047104,0.147119,0.173145,0.211694,0.15477,Cytoplasm,Nucleus
ENSP00000462899,2.5640547222830157,Moderate,0.10758550971160266,2.456469212571413,0.308081,0.180127,0.164404,0.107568,0.114185,0.961719,0.061096,0.064233,0.058783,0.087512,0.242871,Mitochondrion,Cytoplasm
ENSP00000435017,2.580855270820824,Moderate,0.23730131533018992,2.343553955490634,0.686133,0.11554,0.177466,0.051756,0.035486,0.936328,0.213721,0.288599,0.137766,0.077161,0.138388,"Membrane, Mitochondrion",Mitochondrion
ENSP00000433148,3.0557637240415088,Moderate,0.24740464270453388,2.8083590813369748,0.718945,0.115552,0.153601,0.149902,0.537451,0.184668,0.04632,0.372949,0.465918,0.279004,0.04017,"Membrane, Cell membrane",Cell membrane
ENSP00000362011,3.0295111826021413,Moderate,0.252393837073558,2.777117345528583,0.114502,0.512256,0.583594,0.351855,0.10426,0.365186,0.021161,0.129004,0.141675,0.100977,0.167303,"Cytoplasm, Nucleus",Nucleus
ENSP00000437094,3.0081025587866037,Moderate,0.21792413370066166,2.790178425085942,0.272217,0.70752,0.378076,0.039809,0.153174,0.242249,0.007166,0.147278,0.398315,0.411768,0.101887,Cytoplasm,"Cytoplasm, Nucleus, Cell membrane"
ENSP00000422708,2.8429350269578766,Moderate,0.42165009607532866,2.421284930882548,0.144238,0.694336,0.322754,0.029861,0.098541,0.463367,0.017996,0.228418,0.131168,0.087021,0.346411,Cytoplasm,Cytoplasm
ENSP00000489835,2.9032331114693344,Moderate,0.2300059741283932,2.673227137340941,0.123737,0.57793,0.644141,0.055811,0.089697,0.306836,0.036469,0.160706,0.147107,0.19549,0.155069,"Cytoplasm, Nucleus","Cytoplasm, Nucleus"
ENSP00000483888,3.2571065525282226,Moderate,0.30861695441558007,2.9484895981126424,0.454346,0.238135,0.224316,0.186517,0.061475,0.841602,0.181982,0.358838,0.168347,0.247583,0.133154,"Membrane, Mitochondrion",Mitochondrion
ENSP00000432533,2.8728716964469,Moderate,0.17969654589040004,2.6931751505565003,0.123206,0.469043,0.640527,0.177393,0.099792,0.277661,0.036447,0.185681,0.095349,0.106131,0.070163,Nucleus,Nucleus
ENSP00000423727,2.8373020985434168,Moderate,0.12896483685369994,2.708337261689717,0.182568,0.146228,0.09704,0.868848,0.112952,0.162573,0.069263,0.255371,0.227026,0.205786,0.055286,Extracellular,"Endoplasmic reticulum, Golgi apparatus"
ENSP00000389559,2.6379558011899777,Moderate,0.16613138855199486,2.4718244126379827,0.164417,0.4854,0.673535,0.036887,0.176294,0.082977,0.032305,0.195117,0.107196,0.130762,0.0525,"Cytoplasm, Nucleus",Nucleus
ENSP00000464232,2.7009304524278055,Moderate,0.20453004328619395,2.4964004091416117,0.173401,0.553174,0.617725,0.075146,0.056384,0.194653,0.037415,0.124036,0.089743,0.21272,0.06033,"Cytoplasm, Nucleus",Nucleus
ENSP00000450740,3.308922526897157,Moderate,0.22462885071149435,3.0842936761856627,0.162366,0.326123,0.553711,0.284985,0.108679,0.177173,0.310937,0.249097,0.068622,0.091724,0.172375,Nucleus,"Cytoplasm, Nucleus"
ENSP00000462962,3.308426824887416,Moderate,0.4566846456571661,2.85174217923025,0.158997,0.419482,0.415332,0.516895,0.06586,0.641748,0.088153,0.251685,0.123654,0.265259,0.181856,Mitochondrion,Cytoplasm
ENSP00000422701,3.174693385759211,Moderate,0.28435673151717317,2.8903366542420375,0.171997,0.51499,0.521387,0.221191,0.119006,0.283215,0.036821,0.20426,0.143994,0.235571,0.066736,Cytoplasm,"Cytoplasm, Nucleus"
ENSP00000416133,2.5990933579540605,Moderate,0.14457238686739113,2.4545209710866693,0.105615,0.569434,0.667871,0.127234,0.058453,0.149219,0.048048,0.103857,0.108289,0.137994,0.057476,"Cytoplasm, Nucleus",Nucleus
ENSP00000410223,2.711903638528645,Moderate,0.16861263776723925,2.5432910007614056,0.876855,0.088202,0.122168,0.124707,0.68125,0.197412,0.087604,0.649902,0.519482,0.266016,0.027347,"Membrane, Cell membrane, Endoplasmic reticulum",Nucleus
ENSP00000461696,3.187772848889685,Moderate,0.2340071380343026,2.9537657108553823,0.150671,0.503174,0.589014,0.202893,0.190088,0.151074,0.052148,0.099957,0.174268,0.233301,0.158829,"Cytoplasm, Nucleus",Nucleus
ENSP00000429766,3.0927113023249424,Moderate,0.2683337258098806,2.8243775765150616,0.321777,0.529248,0.443799,0.125018,0.324634,0.216589,0.024613,0.067651,0.347046,0.277344,0.019809,Cytoplasm,Cytoplasm
ENSP00000471563,3.1288317717297955,Moderate,0.32473120512268044,2.804100566607115,0.447656,0.588867,0.454199,0.133792,0.409473,0.347339,0.006004,0.111377,0.412158,0.305029,0.025685,Cytoplasm,"Cytoplasm, Nucleus"
ENSP00000470109,2.8722454348622595,Moderate,0.1616613365364627,2.7105840983257967,0.105017,0.496533,0.511963,0.71875,0.093512,0.335059,0.081058,0.132166,0.0686,0.062207,0.15874,"Cytoplasm, Extracellular",Mitochondrion
ENSP00000464792,3.098251762263122,Moderate,0.20738181978262832,2.8908699424804936,0.136389,0.3729,0.553613,0.193713,0.081885,0.746777,0.239783,0.089392,0.153247,0.119312,0.157422,"Nucleus, Mitochondrion",Nucleus
ENSP00000453633,3.179825162857386,Moderate,0.34240211772709467,2.8374230451302913,0.362109,0.37417,0.545312,0.11015,0.199341,0.24834,0.0412,0.159021,0.24436,0.21192,0.030388,Nucleus,"Cytoplasm, Cell membrane"
ENSP00000423901,2.770834111547051,Moderate,0.3502659856648341,2.420568125882217,0.100085,0.39043,0.603809,0.098084,0.036612,0.327258,0.034601,0.212939,0.105579,0.130621,0.082114,Nucleus,Nucleus
ENSP00000401872,2.996380640808911,Moderate,0.21462937458249876,2.7817512662264123,0.12887,0.575879,0.605371,0.520068,0.172473,0.354883,0.017036,0.110132,0.085098,0.159839,0.150261,"Cytoplasm, Nucleus",Cytoplasm
ENSP00000498788,2.6030419801325992,Moderate,0.1659752846497887,2.4370666954828106,0.10304,0.598486,0.608789,0.041571,0.065125,0.178467,0.017488,0.070599,0.155078,0.156989,0.173941,"Cytoplasm, Nucleus","Cytoplasm, Nucleus"
ENSP00000431095,3.227509980217686,Moderate,0.18533281574481866,3.0421771644728675,0.113855,0.462451,0.466748,0.420557,0.069141,0.299072,0.158166,0.15011,0.106018,0.119299,0.15611,None,Nucleus
ENSP00000448545,2.5246215053199053,Moderate,0.1802982914069909,2.344323213912914,0.375293,0.218408,0.154956,0.04389,0.08132,0.917383,0.053702,0.186584,0.072095,0.077106,0.122998,Mitochondrion,Mitochondrion
ENSP00000429976,3.0270201640878507,Moderate,0.4054405605820609,2.62157960350579,0.09566,0.589941,0.453369,0.615332,0.090601,0.520117,0.067999,0.121069,0.119952,0.096674,0.284058,Cytoplasm,Mitochondrion
ENSP00000429873,3.156793192404429,Moderate,0.16332948045917262,2.9934637119452563,0.130139,0.374561,0.288965,0.579785,0.0828,0.318726,0.059503,0.121204,0.290869,0.165955,0.076843,None,Mitochondrion
ENSP00000424181,2.962683732840428,Moderate,0.2571097015572719,2.705574031283156,0.104272,0.496289,0.736426,0.049844,0.086734,0.227612,0.211462,0.198291,0.113342,0.105719,0.199854,"Cytoplasm, Nucleus",Nucleus
ENSP00000423066,2.776925342093892,Moderate,0.182912053210372,2.59401328888352,0.156409,0.519971,0.525098,0.223975,0.13573,0.259692,0.029187,0.092334,0.118408,0.041049,0.047777,Cytoplasm,Cytoplasm
ENSP00000421897,3.120357600228656,Moderate,0.4677542219723536,2.6526033782563023,0.355054,0.648633,0.33689,0.310449,0.149768,0.144958,0.007472,0.221277,0.463721,0.589893,0.045149,Cytoplasm,"Cytoplasm, Cell membrane"
ENSP00000395719,3.2072406878798043,Moderate,0.18963405727309326,3.017606630606711,0.307227,0.496631,0.376123,0.129297,0.162158,0.288,0.008212,0.174121,0.487939,0.396484,0.050391,Cytoplasm,Nucleus
ENSP00000489587,2.951823819612813,Moderate,0.1535789837101776,2.798244835902635,0.173047,0.171948,0.199048,0.780078,0.14563,0.344141,0.193262,0.149658,0.069006,0.152307,0.031849,Extracellular,Nucleus
ENSP00000457536,3.2265177192663006,Moderate,0.24984307861425983,2.976674640652041,0.339746,0.695801,0.308105,0.225513,0.292847,0.266284,0.01529,0.148254,0.21145,0.218164,0.071834,Cytoplasm,"Cytoplasm, Cell membrane"
ENSP00000426165,3.181904104270742,Moderate,0.2296069107591483,2.952297193511594,0.116516,0.568164,0.567871,0.364063,0.136133,0.310742,0.052008,0.171692,0.138489,0.267993,0.080882,"Cytoplasm, Nucleus",Cytoplasm
ENSP00000409990,3.1240155864758856,Moderate,0.2874599992453667,2.836555587230519,0.126489,0.677344,0.452051,0.119189,0.108972,0.317432,0.193091,0.196826,0.080103,0.081299,0.2271,Cytoplasm,"Cytoplasm, Nucleus"
ENSP00000505535,3.1354400768636617,Moderate,0.24572152196511177,2.88971855489855,0.411426,0.653223,0.395508,0.059293,0.278369,0.348975,0.006868,0.289575,0.372949,0.369238,0.030046,Cytoplasm,Cytoplasm
ENSP00000438281,2.8618896228705024,Moderate,0.22526855607107435,2.636621066799428,0.165112,0.605762,0.33689,0.158838,0.168066,0.236084,0.006351,0.055499,0.198633,0.343213,0.020906,Cytoplasm,Cytoplasm
ENSP00000434262,3.250723752818274,Moderate,0.1900371377702248,3.0606866150480494,0.247388,0.458643,0.335596,0.215442,0.152319,0.541064,0.112225,0.144629,0.127869,0.148608,0.055328,None,Mitochondrion
ENSP00000432792,2.9307016973970033,Moderate,0.3048957217773641,2.625805975619639,0.745898,0.125,0.113733,0.089044,0.150098,0.890918,0.285901,0.468213,0.215833,0.170581,0.121454,"Membrane, Mitochondrion",Mitochondrion
ENSP00000408717,3.1860914338970607,Moderate,0.24124018675671896,2.944851247140342,0.221594,0.494043,0.483789,0.172913,0.101627,0.274536,0.023748,0.188159,0.158594,0.219141,0.102887,Cytoplasm,Nucleus
ENSP00000453224,2.9440049971384887,Moderate,0.15799680240174893,2.78600819473674,0.120581,0.537646,0.460986,0.65459,0.111096,0.446533,0.122662,0.075085,0.070007,0.208228,0.051169,"Cytoplasm, Extracellular",Endoplasmic reticulum
ENSP00000431481,3.0516573709375376,Moderate,0.3081675241978984,2.743489846739639,0.30376,0.639844,0.394287,0.163086,0.316748,0.130127,0.013346,0.148206,0.405322,0.194177,0.023069,Cytoplasm,Nucleus
ENSP00000399672,2.603427919601299,Moderate,0.11112950708019531,2.492298412521104,0.102063,0.451855,0.69502,0.101001,0.081812,0.213989,0.019391,0.12605,0.141223,0.111578,0.042282,Nucleus,Nucleus
ENSP00000399490,3.180977581344603,Moderate,0.2548061166575506,2.9261714646870525,0.341602,0.178003,0.138464,0.567187,0.333496,0.157776,0.025745,0.403223,0.184436,0.332495,0.034235,None,Cell membrane
ENSP00000389994,3.1340759891250367,Moderate,0.2174625495276737,2.916613439597363,0.137952,0.58252,0.440771,0.611768,0.109265,0.211279,0.171851,0.099487,0.099646,0.204785,0.097646,Cytoplasm,Cell membrane
ENSP00000434280,3.2057267580649764,Moderate,0.29969850536842096,2.9060282526965553,0.340674,0.287671,0.463184,0.177936,0.141736,0.490186,0.056674,0.179138,0.12926,0.074225,0.127097,None,Mitochondrion
ENSP00000501350,3.234216663644758,Moderate,0.14959906125424707,3.0846176023905105,0.208643,0.556299,0.463672,0.352979,0.166968,0.263208,0.047568,0.107483,0.158252,0.18479,0.091266,Cytoplasm,Nucleus
ENSP00000462705,3.1001625963214536,Moderate,0.18017524385425265,2.919987352467201,0.172693,0.635059,0.453125,0.113071,0.219434,0.260718,0.011556,0.148071,0.185913,0.184961,0.125778,Cytoplasm,"Cytoplasm, Nucleus"
ENSP00000437284,2.9906203308136803,Moderate,0.21997973374578544,2.770640597067895,0.856543,0.107544,0.156152,0.108624,0.494189,0.245825,0.086121,0.496045,0.508496,0.468799,0.043254,Membrane,"Endoplasmic reticulum, Golgi apparatus"
ENSP00000437200,2.8452177340449394,Moderate,0.13819434443576809,2.707023389609171,0.155908,0.346289,0.61875,0.422412,0.111963,0.137939,0.05032,0.113806,0.077948,0.223438,0.019667,Nucleus,Cytoplasm
ENSP00000421278,3.292249912854457,Moderate,0.21940073181067138,3.0728491810437855,0.154297,0.508057,0.621094,0.101172,0.105273,0.223181,0.101221,0.20835,0.320581,0.237891,0.162909,"Cytoplasm, Nucleus",Nucleus
ENSP00000246551,2.84449851464946,Moderate,0.1405505027412094,2.703948011908251,0.760059,0.166626,0.098218,0.545215,0.745996,0.155457,0.013081,0.268677,0.46416,0.22417,0.060367,"Membrane, Cell membrane",Cell membrane
ENSP00000436643,3.070789996222924,Moderate,0.29827460541462353,2.7725153908083007,0.908008,0.117126,0.287183,0.078638,0.239307,0.427051,0.029155,0.579736,0.336084,0.452539,0.203094,Membrane,Golgi apparatus
ENSP00000431952,3.27499126357074,Moderate,0.2691948917536412,3.0057963718170986,0.166199,0.474023,0.326294,0.684668,0.141211,0.339551,0.212024,0.106439,0.074072,0.17113,0.159387,"Cytoplasm, Extracellular","Cytoplasm, Nucleus"
ENSP00000404200,2.6969288660432986,Moderate,0.21879624804947106,2.4781326179938277,0.741504,0.179492,0.088544,0.027599,0.128345,0.930176,0.109924,0.208911,0.221265,0.137354,0.501709,"Membrane, Mitochondrion",Peroxisome
ENSP00000392945,2.5726023711275348,Moderate,0.09183536142326816,2.4807670097042664,0.24668,0.13302,0.126453,0.16803,0.091003,0.909473,0.111176,0.083856,0.08772,0.114563,0.066138,Mitochondrion,Mitochondrion
ENSP00000477770,3.185290433951484,Moderate,0.1687429846009062,3.0165474493505777,0.138855,0.560889,0.521436,0.587354,0.123169,0.561523,0.076544,0.149451,0.185291,0.238892,0.090594,Cytoplasm,Nucleus
ENSP00000457999,3.04603119373098,Moderate,0.2129862875426019,2.833044906188378,0.128979,0.533252,0.530225,0.222839,0.108105,0.355225,0.111609,0.103308,0.073505,0.222339,0.056339,"Cytoplasm, Nucleus",Nucleus
ENSP00000446893,3.150122309572996,Moderate,0.17160759475473927,2.978514714818257,0.168506,0.568896,0.486475,0.36001,0.14082,0.466016,0.038843,0.103333,0.164111,0.128125,0.123587,Cytoplasm,"Cytoplasm, Cell membrane"
ENSP00000444859,3.1702105600976216,Moderate,0.16576335468394582,3.0044472054136757,0.191724,0.495947,0.518848,0.563525,0.149036,0.402246,0.056256,0.091663,0.106006,0.143567,0.161646,Cytoplasm,Cell membrane
ENSP00000428555,2.899789168062039,Moderate,0.33598132345028187,2.563807844611757,0.18335,0.594336,0.530664,0.341357,0.068188,0.263147,0.080804,0.075592,0.094022,0.157043,0.040765,"Cytoplasm, Nucleus",Cell membrane
ENSP00000423846,3.136533289841986,Moderate,0.2579786234962245,2.8785546663457615,0.246875,0.688965,0.336646,0.08045,0.176001,0.193933,0.046636,0.150171,0.198755,0.400464,0.096851,Cytoplasm,"Cytoplasm, Cell membrane, Endoplasmic reticulum"
ENSP00000406830,3.2269754023346287,Moderate,0.17155534920901575,3.055420053125613,0.231494,0.454688,0.526611,0.452197,0.164746,0.441162,0.053619,0.122034,0.100476,0.175903,0.096057,None,Nucleus
ENSP00000317413,3.2793107606786633,Moderate,0.2248310972093573,3.054479663469306,0.144861,0.52832,0.506982,0.367871,0.064954,0.323779,0.081673,0.114087,0.151672,0.172241,0.404517,Cytoplasm,Nucleus
ENSP00000473656,2.8052839728098897,Moderate,0.2964957330419484,2.5087882397679415,0.347217,0.326221,0.148962,0.690625,0.25675,0.224133,0.014492,0.184277,0.058496,0.096149,0.022279,Extracellular,Nucleus
ENSP00000415158,3.019617211254196,Moderate,0.17329147050581545,2.8463257407483806,0.77832,0.120398,0.125098,0.137488,0.422314,0.108533,0.029024,0.323657,0.458594,0.272192,0.118054,Membrane,Cell membrane
ENSP00000395964,3.105953382627101,Moderate,0.46174559436613694,2.6442077882609643,0.164551,0.562695,0.640625,0.622217,0.193896,0.297681,0.02712,0.146265,0.120905,0.111438,0.497941,"Cytoplasm, Nucleus",Mitochondrion
ENSP00000357917,3.0207801524029043,Moderate,0.27312162295596853,2.7476585294469356,0.115186,0.609277,0.459375,0.063489,0.07193,0.232593,0.11562,0.126892,0.156677,0.107898,0.394043,Cytoplasm,"Cytoplasm, Nucleus"
ENSP00000493433,3.0706369790899752,Moderate,0.268552114862903,2.8020848642270724,0.212354,0.473291,0.283569,0.255109,0.25166,0.430078,0.068054,0.063409,0.115417,0.117575,0.033131,Cytoplasm,"Cytoplasm, Cell membrane"
ENSP00000466596,3.292171448035754,Moderate,0.24063099429109946,3.0515404537446544,0.16217,0.466357,0.401367,0.224988,0.069781,0.490723,0.09364,0.2104,0.155664,0.242993,0.093265,None,Nucleus
ENSP00000464319,3.1064194215726255,Moderate,0.22291921645272422,2.8835002051199012,0.111157,0.346973,0.595605,0.424072,0.034747,0.524902,0.104547,0.199829,0.121912,0.149841,0.133307,Nucleus,"Cytoplasm, Nucleus"
ENSP00000453285,2.7870719919175833,Moderate,0.21949586189096482,2.5675761300266187,0.095837,0.33877,0.417627,0.223413,0.037964,0.617725,0.277026,0.094489,0.040891,0.072641,0.063274,None,"Cytoplasm, Endoplasmic reticulum"
ENSP00000495146,3.292825674876466,Moderate,0.16944046987751535,3.1233852049989506,0.216235,0.45415,0.321143,0.201733,0.181323,0.325488,0.170538,0.143738,0.080743,0.154785,0.059622,None,Cytoplasm
ENSP00000471874,3.203013332624833,Moderate,0.19622241664008416,3.0067909159847486,0.173145,0.495312,0.554395,0.345386,0.122815,0.337109,0.031405,0.167456,0.147314,0.165479,0.112112,"Cytoplasm, Nucleus","Cytoplasm, Endoplasmic reticulum"
ENSP00000436328,3.1356709552587607,Moderate,0.16147298944360522,2.9741979658151556,0.196899,0.219653,0.15365,0.798145,0.146021,0.247388,0.030363,0.360327,0.225684,0.303589,0.090027,Extracellular,"Cytoplasm, Cell membrane"
ENSP00000436205,2.9984254645552553,Moderate,0.20582869233040765,2.7925967722248477,0.880957,0.139661,0.173145,0.119183,0.171826,0.346973,0.027794,0.479297,0.462744,0.665332,0.175012,Membrane,Golgi apparatus
ENSP00000432739,3.3009961770935483,Moderate,0.2959993797193183,3.00499679737423,0.635059,0.223828,0.191406,0.164447,0.139856,0.743066,0.146191,0.495068,0.187537,0.219214,0.159442,"Membrane, Mitochondrion",Mitochondrion
ENSP00000423761,2.9290060619632787,Moderate,0.18541020158468471,2.743595860378594,0.150879,0.648535,0.501416,0.120666,0.181836,0.229126,0.067966,0.102155,0.125464,0.235767,0.026816,Cytoplasm,Nucleus
ENSP00000384450,3.1154813295237473,Moderate,0.5252373634884812,2.590243966035266,0.113892,0.505859,0.644629,0.451196,0.166382,0.568066,0.010923,0.161389,0.213904,0.100708,0.461969,"Cytoplasm, Nucleus",Cytoplasm
ENSP00000496153,3.1681302933255937,Moderate,0.1419781722907857,3.026152121034808,0.163721,0.470166,0.456396,0.575684,0.086578,0.443506,0.112103,0.172314,0.111829,0.183813,0.05742,Cytoplasm,Nucleus
ENSP00000475329,3.023056272272565,Moderate,0.13731529163502962,2.8857409806375354,0.124609,0.555029,0.541211,0.428418,0.135803,0.242505,0.117059,0.100061,0.077863,0.162317,0.050773,"Cytoplasm, Nucleus",Nucleus
ENSP00000458264,2.678104764484521,Moderate,0.12958735197687726,2.5485174125076435,0.158228,0.489209,0.56709,0.085751,0.13197,0.276392,0.039751,0.091772,0.077106,0.097092,0.032025,"Cytoplasm, Nucleus",Nucleus
ENSP00000400596,2.9862278936697435,Moderate,0.21004513127013946,2.7761827623996043,0.127881,0.306836,0.320068,0.26709,0.045163,0.711133,0.288721,0.090833,0.045456,0.095831,0.195923,Mitochondrion,"Cytoplasm, Endoplasmic reticulum"
ENSP00000388413,2.535091110784184,Moderate,0.14303824749029978,2.3920528632938844,0.227539,0.261011,0.16626,0.087619,0.061707,0.893945,0.331738,0.07005,0.021212,0.063745,0.119995,Mitochondrion,Mitochondrion
ENSP00000368383,3.175210078035361,Moderate,0.19060678246245277,2.9846032955729083,0.163037,0.532031,0.487256,0.26626,0.181079,0.354834,0.027298,0.169019,0.135449,0.102283,0.126239,Cytoplasm,Cytoplasm
ENSP00000279259,3.021947824471989,Moderate,0.21511121987344467,2.8068366045985442,0.148218,0.60332,0.646191,0.265173,0.123175,0.143085,0.023891,0.332373,0.325342,0.214783,0.033105,"Cytoplasm, Nucleus","Cytoplasm, Nucleus, Endoplasmic reticulum"
ENSP00000477292,2.493374308563797,Moderate,0.10749838165869147,2.3858759269051055,0.467578,0.154419,0.139758,0.070941,0.120483,0.957617,0.049408,0.115759,0.064459,0.104993,0.143628,"Membrane, Mitochondrion",Mitochondrion
ENSP00000468125,2.724166565410134,Moderate,0.14264899944440557,2.5815175659657283,0.225806,0.216748,0.21311,0.189465,0.094904,0.954883,0.042741,0.089648,0.056757,0.138086,0.459424,Mitochondrion,Mitochondrion
ENSP00000504615,2.733564004819222,Moderate,0.19642891485190722,2.5371350899673146,0.125806,0.688281,0.382568,0.196216,0.087836,0.289819,0.02649,0.087555,0.149121,0.120657,0.030953,Cytoplasm,Cytoplasm
ENSP00000481423,2.9230883643677292,Moderate,0.18083127440695504,2.7422570899607743,0.123889,0.626074,0.526074,0.265332,0.167859,0.240039,0.042653,0.06557,0.090625,0.136853,0.104617,Cytoplasm,Mitochondrion
ENSP00000443311,3.242810648867093,Moderate,0.19041334274860125,3.0523973061184915,0.432373,0.572754,0.369238,0.042618,0.538232,0.22041,0.062085,0.131018,0.238086,0.276904,0.121326,"Cytoplasm, Cell membrane",Cell membrane
ENSP00000429313,2.576271195724289,Moderate,0.16198021272791724,2.4142909829963717,0.112805,0.67168,0.450244,0.069324,0.098254,0.215173,0.011488,0.11875,0.114914,0.119781,0.051531,Cytoplasm,Cytoplasm
ENSP00000421951,3.197629665207783,Moderate,0.4682394730300683,2.729390192177715,0.400146,0.556055,0.430078,0.325391,0.267163,0.225403,0.010002,0.050789,0.266309,0.265479,0.070071,Cytoplasm,Cytoplasm
ENSP00000506128,2.7568986045964152,Moderate,0.21181652462834433,2.545082079968071,0.136365,0.513281,0.518994,0.298706,0.158533,0.169385,0.046118,0.039264,0.097772,0.125842,0.02479,Cytoplasm,"Cytoplasm, Nucleus"
ENSP00000467331,3.148453563901865,Moderate,0.23519110515898484,2.91326245874288,0.6104,0.211304,0.14967,0.245593,0.581885,0.340381,0.011986,0.255029,0.268018,0.144238,0.062894,"Membrane, Cell membrane",Endoplasmic reticulum
ENSP00000401314,3.0791568957248363,Moderate,0.45991110212540076,2.6192457935994353,0.422412,0.555664,0.451123,0.193506,0.297412,0.114673,0.00443,0.209302,0.531836,0.48457,0.015465,Cytoplasm,Cell membrane
ENSP00000508170,3.1043755897186336,Moderate,0.2969568045481173,2.8074187851705164,0.322998,0.538574,0.544775,0.106232,0.144885,0.201892,0.01298,0.219495,0.412598,0.270068,0.038779,"Cytoplasm, Nucleus","Cytoplasm, Nucleus, Cell membrane"
ENSP00000480290,3.0065986225094314,Moderate,0.19387281276533094,2.8127258097441006,0.136182,0.475244,0.58623,0.253296,0.095776,0.297656,0.082239,0.079572,0.162231,0.135669,0.056506,"Cytoplasm, Nucleus",Golgi apparatus
ENSP00000465425,2.8890012414224717,Moderate,0.22244889226331482,2.666552349159157,0.144885,0.638086,0.503857,0.115726,0.140063,0.208887,0.076138,0.185999,0.063733,0.152356,0.052141,Cytoplasm,Nucleus
ENSP00000462642,3.2447121317411685,Moderate,0.32569416843247695,2.9190179633086917,0.368701,0.652051,0.465625,0.090955,0.242065,0.292041,0.029813,0.177637,0.401123,0.358887,0.063647,Cytoplasm,Cytoplasm
ENSP00000450763,3.0862576715042227,Moderate,0.19109519663956057,2.8951624748646623,0.112524,0.585059,0.479492,0.522363,0.101001,0.196899,0.234302,0.128174,0.071423,0.127637,0.099088,Cytoplasm,Nucleus
ENSP00000436412,3.059933776548502,Moderate,0.32445423476071844,2.7354795417877833,0.185559,0.492676,0.551172,0.334302,0.104834,0.413892,0.019422,0.059869,0.20929,0.342041,0.056856,"Cytoplasm, Nucleus",Nucleus
ENSP00000428662,3.2103708771728736,Moderate,0.13861344880863086,3.0717574283642426,0.183545,0.555176,0.545605,0.095853,0.139795,0.351318,0.049157,0.171619,0.124243,0.195789,0.247656,"Cytoplasm, Nucleus",Nucleus
ENSP00000395552,2.6663732997529657,Moderate,0.1544649051978528,2.511908394555113,0.176392,0.466992,0.659375,0.044153,0.07843,0.164893,0.015398,0.119849,0.091809,0.154175,0.134155,Nucleus,Nucleus
ENSP00000506647,2.7137229544072334,Moderate,0.20451876445570344,2.50920418995153,0.133008,0.477197,0.547754,0.276917,0.136462,0.177966,0.067053,0.033856,0.078741,0.106201,0.02566,"Cytoplasm, Nucleus","Cytoplasm, Nucleus"
ENSP00000468878,3.0928250516945597,Moderate,0.22067146494328696,2.872153586751273,0.152246,0.534521,0.52207,0.681348,0.107458,0.438525,0.081714,0.096985,0.086462,0.152881,0.233795,"Cytoplasm, Extracellular",Cytoplasm
ENSP00000466687,3.073032907165774,Moderate,0.43161564279461123,2.641417264371163,0.132849,0.338818,0.295288,0.719043,0.076581,0.458228,0.196924,0.166577,0.028794,0.190442,0.116035,Extracellular,Cytoplasm
ENSP00000465750,2.930173646824034,Moderate,0.23237062164164007,2.697803025182394,0.154272,0.372656,0.567529,0.157703,0.114221,0.32793,0.027889,0.168921,0.054091,0.121124,0.102962,Nucleus,Nucleus
ENSP00000464986,3.162188724774757,Moderate,0.19351321994038018,2.968675504834377,0.142139,0.457031,0.532227,0.577783,0.082349,0.3854,0.236255,0.112195,0.110419,0.19082,0.052979,Nucleus,Nucleus
ENSP00000461448,3.1135147201693583,Moderate,0.25111591582744724,2.862398804341911,0.196313,0.4146,0.379492,0.254883,0.109937,0.481592,0.11344,0.071085,0.062534,0.132788,0.109239,None,Cytoplasm
ENSP00000421392,3.2754120581303745,Moderate,0.2496965843539335,3.025715473776441,0.107678,0.440576,0.570996,0.362427,0.078186,0.293726,0.152576,0.222229,0.16062,0.231177,0.062894,Nucleus,Nucleus
ENSP00000417312,3.1464238292737736,Moderate,0.2141573271594498,2.9322665021143237,0.156104,0.62002,0.540723,0.284937,0.140503,0.425439,0.046149,0.102634,0.126892,0.134381,0.20238,"Cytoplasm, Nucleus",Nucleus
ENSP00000506933,3.1073134947035057,Moderate,0.18803849806983877,2.919274996633667,0.136279,0.510645,0.581494,0.394482,0.069452,0.253003,0.055853,0.137341,0.208643,0.161682,0.093796,"Cytoplasm, Nucleus",Nucleus
ENSP00000501404,3.1881635717624937,Moderate,0.13229007549212177,3.055873496270372,0.221582,0.327002,0.318115,0.760547,0.110974,0.380029,0.087805,0.235352,0.145459,0.241357,0.039198,Extracellular,Mitochondrion
ENSP00000484006,2.8491647484025946,Moderate,0.09811784833401097,2.7510469000685838,0.274072,0.162158,0.115723,0.887109,0.339258,0.125293,0.030449,0.246851,0.203662,0.28833,0.021407,Extracellular,Cell membrane
ENSP00000456237,2.6617328613715983,Moderate,0.1670409865934719,2.4946918747781264,0.093921,0.516553,0.567725,0.164331,0.054651,0.195068,0.059723,0.077789,0.086279,0.135266,0.05191,"Cytoplasm, Nucleus",Cytoplasm
ENSP00000444771,3.102484106689632,Moderate,0.2707271923713576,2.8317569143182744,0.117041,0.35498,0.363867,0.675391,0.078625,0.437842,0.129333,0.161877,0.054395,0.177515,0.129521,Extracellular,Mitochondrion
ENSP00000419128,2.718712673302378,Moderate,0.16530640132113228,2.5534062719812454,0.138831,0.585449,0.405664,0.103917,0.130017,0.478906,0.051002,0.097107,0.060052,0.066617,0.068983,Cytoplasm,Mitochondrion
ENSP00000475845,3.1145486952485095,Moderate,0.36734407474801023,2.7472046205004994,0.628711,0.494434,0.388086,0.031808,0.70166,0.227515,0.067706,0.207434,0.187524,0.125739,0.212039,"Membrane, Cytoplasm, Cell membrane",Cell membrane
ENSP00000469232,3.07249018132055,Moderate,0.24809951021687515,2.8243906711036746,0.137195,0.543701,0.594434,0.629687,0.106995,0.520605,0.041371,0.112244,0.115002,0.164661,0.333765,"Cytoplasm, Nucleus",Cytoplasm
ENSP00000430859,3.2869657504254595,Moderate,0.22835978432995777,3.058605966095502,0.203735,0.453955,0.500049,0.205695,0.101453,0.40332,0.017272,0.234082,0.236353,0.217139,0.117471,None,"Cytoplasm, Nucleus"
ENSP00000429288,3.035167484809356,Moderate,0.2919103348513109,2.7432571499580454,0.264746,0.640625,0.447656,0.065033,0.291577,0.1927,0.050735,0.210938,0.11853,0.137952,0.065377,Cytoplasm,Cytoplasm
ENSP00000506015,3.0204184643083165,Moderate,0.16518114150440869,2.855237322803908,0.158533,0.526123,0.586816,0.305469,0.123254,0.311035,0.041219,0.116711,0.065662,0.085681,0.201392,"Cytoplasm, Nucleus","Cytoplasm, Mitochondrion"
ENSP00000494757,3.211906292448735,Moderate,0.2010389387758807,3.0108673536728543,0.183472,0.51748,0.630957,0.169263,0.18689,0.304883,0.028785,0.188635,0.221606,0.109821,0.168134,"Cytoplasm, Nucleus",Nucleus
ENSP00000454184,3.0551347095548214,Moderate,0.188163137025198,2.866971572529623,0.154541,0.547412,0.472803,0.239063,0.189478,0.303003,0.018919,0.133984,0.134021,0.091364,0.100656,Cytoplasm,Cytoplasm
ENSP00000417789,2.88808097736468,Moderate,0.4582099556541222,2.4298710217105577,0.177637,0.396436,0.329126,0.701465,0.087183,0.374097,0.372107,0.039468,0.015393,0.057925,0.1617,Extracellular,Cytoplasm
ENSP00000387792,2.894468479990899,Moderate,0.26678153321270637,2.6276869467781925,0.08042,0.410645,0.758594,0.478369,0.040924,0.171753,0.050555,0.228687,0.146558,0.075549,0.328644,Nucleus,Cytoplasm
ENSP00000468211,3.009409322763447,Moderate,0.2092665076516458,2.800142815111801,0.150195,0.45957,0.519922,0.625,0.083759,0.413184,0.097247,0.154224,0.089185,0.19375,0.032832,None,Nucleus
ENSP00000454718,3.294657640904521,Moderate,0.3164148536754867,2.9782427872290342,0.190601,0.498047,0.502002,0.508008,0.10744,0.440771,0.111511,0.190796,0.21637,0.286914,0.024418,Cytoplasm,Cytoplasm
ENSP00000434812,3.1348084734057027,Moderate,0.4336943139564108,2.701114159449292,0.113452,0.489746,0.391553,0.583008,0.101636,0.357812,0.348938,0.073157,0.034113,0.114331,0.222913,Cytoplasm,"Cytoplasm, Nucleus, Cell membrane"
ENSP00000433003,3.171177999367929,Moderate,0.22602892107211686,2.9451490782958123,0.200562,0.414355,0.574072,0.321521,0.084424,0.357422,0.046577,0.187207,0.211597,0.267065,0.022835,Nucleus,"Nucleus, Mitochondrion"
ENSP00000397870,2.9998029096206533,Moderate,0.12217360758601033,2.877629302034643,0.195654,0.212866,0.134924,0.775781,0.210107,0.213574,0.014925,0.304053,0.208228,0.251489,0.039633,Extracellular,Cell membrane
ENSP00000471943,3.1323303806013363,Moderate,0.22686081619145465,2.9054695644098816,0.185205,0.392725,0.448633,0.572314,0.07724,0.437842,0.200281,0.094153,0.063281,0.122607,0.106116,None,Mitochondrion
ENSP00000422786,3.2728656238649414,Moderate,0.23006273887234846,3.042802884992593,0.162158,0.518799,0.534424,0.503467,0.105041,0.350342,0.123486,0.151624,0.163354,0.315967,0.049409,"Cytoplasm, Nucleus",Cell membrane
ENSP00000388563,2.870699623535819,Moderate,0.21333657535550085,2.657363048180318,0.744238,0.164026,0.138416,0.04049,0.148315,0.908887,0.116406,0.382031,0.171179,0.160864,0.395361,"Membrane, Mitochondrion",Mitochondrion
ENSP00000361981,3.2149264455057622,Moderate,0.20128713617194754,3.0136393093338145,0.156519,0.62959,0.549268,0.084161,0.145276,0.27644,0.059958,0.142169,0.231055,0.323901,0.182639,"Cytoplasm, Nucleus","Cytoplasm, Nucleus"
ENSP00000315936,2.932361080124353,Moderate,0.20365847968038525,2.728702600443968,0.715918,0.182056,0.129077,0.442383,0.680859,0.134607,0.007207,0.219971,0.42085,0.202979,0.060495,"Membrane, Cell membrane",Cell membrane
ENSP00000497470,3.298245325438795,Moderate,0.3192565753315228,2.9789887501072725,0.592041,0.171387,0.169946,0.350928,0.336865,0.245605,0.008238,0.452637,0.379053,0.508154,0.075793,Membrane,Cytoplasm
ENSP00000449615,3.1225791430167225,Moderate,0.14683914881314028,2.975739994203582,0.167432,0.505664,0.621875,0.375195,0.146265,0.406836,0.046387,0.164404,0.121777,0.189575,0.053864,"Cytoplasm, Nucleus",Cytoplasm
ENSP00000448684,2.6538559917703073,Moderate,0.2131803147812234,2.440675676989084,0.125165,0.43667,0.714844,0.0647,0.078876,0.182129,0.042464,0.103339,0.100201,0.106339,0.13149,Nucleus,Nucleus
ENSP00000436906,2.857333847166966,Moderate,0.20843206926850552,2.6489017778984607,0.184509,0.582422,0.449756,0.080678,0.273071,0.458447,0.066452,0.057846,0.066791,0.046004,0.154775,Cytoplasm,Mitochondrion
ENSP00000431052,3.1660642735456825,Moderate,0.37786845736207286,2.7881958161836096,0.163489,0.446094,0.547168,0.304907,0.033463,0.494092,0.030176,0.338281,0.19519,0.313184,0.079288,Nucleus,Nucleus
ENSP00000458946,3.313319083838963,Moderate,0.18880552361047392,3.124513560228489,0.158044,0.567627,0.4625,0.538672,0.15918,0.427539,0.073566,0.168579,0.148254,0.292114,0.092377,Cytoplasm,"Cytoplasm, Nucleus, Cell membrane"
ENSP00000438955,3.0010300526688165,Moderate,0.20502674087521122,2.7960033117936054,0.269067,0.335498,0.133228,0.827637,0.266553,0.409229,0.020525,0.179724,0.14743,0.277954,0.032708,Extracellular,Golgi apparatus
ENSP00000421829,2.9745424668298774,Moderate,0.13623671012612623,2.8383057567037513,0.247559,0.678711,0.32876,0.060258,0.239502,0.251758,0.016344,0.146106,0.116443,0.177124,0.104568,Cytoplasm,Cell membrane
ENSP00000330730,2.9365448321197065,Moderate,0.26912647830101694,2.6674183538186895,0.347168,0.354834,0.22522,0.190198,0.224695,0.75918,0.03798,0.206482,0.114056,0.103067,0.018492,Mitochondrion,Mitochondrion
ENSP00000466064,3.2310711014045106,Moderate,0.2060506736528697,3.025020427751641,0.212207,0.575732,0.511963,0.311719,0.149072,0.417578,0.025958,0.1724,0.145935,0.167725,0.117453,Cytoplasm,Nucleus
ENSP00000452890,3.210264011133167,Moderate,0.5738131346712801,2.6364508764618866,0.398706,0.380127,0.368701,0.051151,0.107727,0.399078,0.005437,0.256616,0.198187,0.331519,0.15071,None,Nucleus
ENSP00000450486,2.786096398663009,Moderate,0.20854724858950724,2.5775491500735015,0.168164,0.311255,0.690039,0.148294,0.063715,0.287061,0.012748,0.180127,0.087976,0.205127,0.048673,Nucleus,Nucleus
ENSP00000430164,3.285107379097495,Moderate,0.2456449681202445,3.039462410977251,0.139539,0.489355,0.413672,0.69375,0.099023,0.531055,0.140015,0.189905,0.093561,0.27561,0.180588,"Cytoplasm, Extracellular",Cytoplasm
ENSP00000425643,3.0474786516732824,Moderate,0.2969942465468029,2.7504844051264796,0.155469,0.456348,0.572168,0.223267,0.069861,0.298511,0.057266,0.115112,0.141565,0.223206,0.063441,Nucleus,Cytoplasm
ENSP00000404861,2.6035206252465684,Moderate,0.16242095876320303,2.4410996664833653,0.846582,0.142187,0.076123,0.110773,0.754102,0.148669,0.026376,0.362158,0.276147,0.276709,0.018767,"Membrane, Cell membrane",Cell membrane
ENSP00000392323,3.034790154493166,Moderate,0.19814775561431736,2.8366423988788485,0.128699,0.624902,0.484668,0.241064,0.095361,0.271509,0.024976,0.181946,0.102771,0.172827,0.13036,Cytoplasm,Nucleus
ENSP00000390139,2.9403514367206065,Moderate,0.19373445359555885,2.7466169831250475,0.103076,0.453857,0.507959,0.727734,0.075031,0.471436,0.171924,0.084308,0.094562,0.23396,0.049765,Extracellular,Cytoplasm
ENSP00000386934,3.023472433588432,Moderate,0.21207732190729658,2.8113951116811355,0.357178,0.290625,0.165442,0.252869,0.116504,0.769531,0.097449,0.174646,0.116541,0.149097,0.042082,Mitochondrion,Mitochondrion
ENSP00000492948,2.9614362284893714,Moderate,0.20083031164648776,2.760605916842884,0.177075,0.483057,0.31333,0.310645,0.110706,0.417456,0.058188,0.028088,0.138489,0.197827,0.03117,Cytoplasm,"Cytoplasm, Cell membrane"
ENSP00000452648,3.087919759978448,Moderate,0.2513937283528722,2.836526031625576,0.141003,0.577881,0.459619,0.307446,0.059961,0.402686,0.02817,0.210132,0.144946,0.140405,0.12133,Cytoplasm,Nucleus
ENSP00000401988,2.499570022344565,Moderate,0.15068152912316393,2.348888493221401,0.098608,0.696973,0.65791,0.145245,0.091101,0.157385,0.001985,0.047952,0.179456,0.379541,0.036393,"Cytoplasm, Nucleus","Cytoplasm, Cell membrane"
ENSP00000396641,3.2148947453872503,Moderate,0.18819640019263556,3.026698345194615,0.194702,0.522314,0.420654,0.187488,0.119983,0.22959,0.049214,0.169446,0.173267,0.209668,0.082887,Cytoplasm,Nucleus
ENSP00000493739,3.026100475504628,Moderate,0.16593445338776597,2.860166022116862,0.152087,0.486816,0.552197,0.284473,0.097681,0.262451,0.019876,0.136108,0.108276,0.162048,0.108086,"Cytoplasm, Nucleus","Cytoplasm, Nucleus"
ENSP00000467615,3.160249453765269,Moderate,0.3053991450215799,2.8548503087436887,0.089282,0.57334,0.530908,0.400244,0.075488,0.412646,0.227002,0.24292,0.066809,0.124866,0.10914,"Cytoplasm, Nucleus",Nucleus
ENSP00000462246,2.9093162794441407,Moderate,0.20542861790143452,2.7038876615427063,0.144458,0.501465,0.626563,0.534473,0.104932,0.306689,0.081711,0.125183,0.104639,0.158643,0.015268,"Cytoplasm, Nucleus",Nucleus
ENSP00000457251,3.171023798477638,Moderate,0.18398181913886233,2.987041979338776,0.202881,0.62832,0.421777,0.169763,0.23501,0.311865,0.044073,0.172705,0.122839,0.130066,0.094385,Cytoplasm,Cytoplasm
ENSP00000432253,3.294451038085377,Moderate,0.1874884376708136,3.1069626004145636,0.269653,0.461426,0.319556,0.451172,0.183203,0.386719,0.108752,0.138928,0.099677,0.143994,0.054087,None,Mitochondrion
ENSP00000493147,3.2199312836014826,Moderate,0.2162976674064233,3.003633616195059,0.251807,0.55376,0.444727,0.493018,0.150452,0.404785,0.074237,0.138562,0.148914,0.205981,0.031675,Cytoplasm,"Cytoplasm, Cell membrane"
ENSP00000458340,2.894509109433856,Moderate,0.300121264415656,2.5943878450182,0.151648,0.631543,0.494824,0.081226,0.088342,0.22511,0.025163,0.090198,0.168591,0.12934,0.514868,Cytoplasm,Nucleus
ENSP00000394709,3.095899777159607,Moderate,0.33288033247403664,2.7630194446855705,0.150232,0.513184,0.548145,0.031189,0.145483,0.382812,0.050217,0.12522,0.202869,0.162903,0.269702,"Cytoplasm, Nucleus",Nucleus
ENSP00000386477,2.896702745013617,Moderate,0.13031748543416527,2.766385259579452,0.238672,0.196094,0.092902,0.855469,0.223706,0.150159,0.023621,0.340186,0.315381,0.279883,0.022612,Extracellular,Cell membrane
ENSP00000469702,3.320764553536191,Moderate,0.21055886669440482,3.110205686841786,0.14856,0.475098,0.359399,0.555908,0.083374,0.375781,0.275391,0.114392,0.072156,0.130066,0.280835,Cytoplasm,Nucleus
ENSP00000452630,3.2872856320689614,Moderate,0.18302759457459433,3.104258037494367,0.186377,0.463428,0.434863,0.476709,0.113037,0.459326,0.054071,0.161475,0.179211,0.180823,0.099152,None,Nucleus
ENSP00000451127,3.328384330107595,Moderate,0.1681095517643216,3.160274778343273,0.205762,0.46123,0.518652,0.501367,0.120325,0.329102,0.104581,0.158337,0.146277,0.247266,0.068893,None,"Cytoplasm, Nucleus"
ENSP00000435532,3.322249588118895,Moderate,0.41577581862750973,2.9064737694913854,0.119165,0.445068,0.347534,0.594092,0.116736,0.569189,0.082971,0.370532,0.105106,0.365063,0.146352,None,"Cytoplasm, Nucleus"
ENSP00000425714,3.2950251871678935,Moderate,0.3833207202500732,2.9117044669178203,0.145752,0.481641,0.368945,0.666602,0.105273,0.545264,0.093317,0.292896,0.084225,0.308838,0.174045,"Cytoplasm, Extracellular","Cytoplasm, Nucleus"
ENSP00000420469,3.3121130206005773,Moderate,0.25304005409841723,3.05907296650216,0.215552,0.586523,0.482568,0.288623,0.177393,0.388672,0.03692,0.218994,0.166467,0.248877,0.069344,Cytoplasm,Cytoplasm
ENSP00000417714,2.716699354466413,Moderate,0.16988522266432954,2.5468141318020834,0.129736,0.595215,0.414209,0.135306,0.137329,0.38457,0.057513,0.074042,0.058661,0.065332,0.058174,Cytoplasm,Mitochondrion
ENSP00000375719,2.987890354110094,Moderate,0.4134277894058861,2.574462564704208,0.098157,0.5271,0.664746,0.56001,0.107239,0.487305,0.014918,0.205884,0.162842,0.090228,0.531543,"Cytoplasm, Nucleus","Cytoplasm, Nucleus"
ENSP00000454035,3.120585428593478,Moderate,0.12241564351813201,2.9981697850753464,0.174268,0.571387,0.426855,0.367871,0.180444,0.210242,0.082501,0.094824,0.116211,0.221997,0.033899,Cytoplasm,Nucleus
ENSP00000413612,2.9320214495429022,Moderate,0.2150005644772109,2.717020885065691,0.13446,0.637988,0.615527,0.058487,0.126868,0.157251,0.201001,0.243872,0.091791,0.06188,0.168271,"Cytoplasm, Nucleus",Cytoplasm
ENSP00000388905,3.1689267687587916,Moderate,0.1865058241297377,2.982420944629054,0.128394,0.474707,0.457471,0.373804,0.064014,0.264551,0.062952,0.209241,0.180127,0.24082,0.047809,Cytoplasm,Nucleus
ENSP00000379376,3.063615604264994,Moderate,0.23031144719581356,2.8333041570691804,0.151245,0.552686,0.39873,0.254858,0.070319,0.383496,0.022756,0.162158,0.13197,0.111932,0.153308,Cytoplasm,Nucleus
ENSP00000498726,3.1368297255307507,Moderate,0.15399659561964446,2.982833129911106,0.156433,0.441602,0.51543,0.483447,0.105566,0.297656,0.084805,0.103516,0.089063,0.104456,0.167474,None,Nucleus
ENSP00000498247,3.162575040999134,Moderate,0.19514489356109516,2.9674301474380385,0.177087,0.547461,0.507568,0.519775,0.202295,0.553662,0.030991,0.134253,0.152368,0.15625,0.10553,Cytoplasm,"Cytoplasm, Nucleus"
ENSP00000456297,2.8874954972329894,Moderate,0.10633893798566786,2.7811565592473215,0.245337,0.162061,0.092786,0.861035,0.214062,0.179028,0.016132,0.309253,0.325879,0.278003,0.031822,Extracellular,Cell membrane
ENSP00000455781,3.320145274530196,Moderate,0.2074711364020211,3.112674138128175,0.23877,0.46123,0.457422,0.515381,0.109399,0.462891,0.052118,0.214502,0.177917,0.202686,0.084212,None,Cell membrane
ENSP00000430106,2.9645290350492686,Moderate,0.1502998842811003,2.8142291507681683,0.266553,0.493701,0.511475,0.037296,0.128046,0.452637,0.016519,0.25481,0.253662,0.191235,0.026267,Cytoplasm,Nucleus
ENSP00000429437,3.2766142559723863,Moderate,0.2033868322341306,3.0732274237382557,0.19873,0.529199,0.391211,0.410449,0.089978,0.315332,0.053848,0.172485,0.137988,0.281104,0.088763,Cytoplasm,"Cytoplasm, Cell membrane"
ENSP00000418100,3.0312937202980557,Moderate,0.1686894371419283,2.862604283156127,0.223511,0.487451,0.593066,0.072937,0.117419,0.202808,0.015963,0.141333,0.2375,0.250562,0.107248,"Cytoplasm, Nucleus",Nucleus
ENSP00000408607,2.7380011939827313,Moderate,0.13364119067918706,2.6043600033035443,0.116846,0.575781,0.526855,0.234265,0.109558,0.262695,0.102222,0.067566,0.019005,0.166577,0.03161,Cytoplasm,Nucleus
ENSP00000404233,3.0963916084448173,Moderate,0.1365191855840786,2.9598724228607387,0.154993,0.50752,0.541357,0.423242,0.11781,0.32915,0.041908,0.105432,0.105811,0.159253,0.115222,"Cytoplasm, Nucleus",Nucleus
ENSP00000398314,3.0592524645451435,Moderate,0.25517582070572215,2.8040766438394216,0.1401,0.533447,0.540039,0.538672,0.106677,0.505908,0.121912,0.103906,0.134766,0.250146,0.024432,"Cytoplasm, Nucleus",Nucleus
ENSP00000507486,2.81124407400381,Moderate,0.28749738962988536,2.5237466843739247,0.382324,0.210425,0.260132,0.073999,0.072673,0.778125,0.024487,0.275049,0.071277,0.154736,0.128925,Mitochondrion,Mitochondrion
ENSP00000491361,3.246153621442572,Moderate,0.38229165045973373,2.8638619709828386,0.218994,0.434375,0.425293,0.516016,0.066211,0.516895,0.033221,0.18927,0.188647,0.275244,0.097964,None,"Nucleus, Golgi apparatus"
ENSP00000490465,3.0829125215624247,Moderate,0.2842933553806543,2.7986191661817705,0.108716,0.525732,0.557422,0.15528,0.049371,0.255029,0.024785,0.193762,0.265234,0.251916,0.147957,"Cytoplasm, Nucleus",Mitochondrion
ENSP00000485945,2.8328378771351055,Moderate,0.2573419931666159,2.5754958839684896,0.097717,0.374292,0.5729,0.72041,0.052203,0.30188,0.04072,0.132764,0.082281,0.179834,0.119794,"Nucleus, Extracellular",Nucleus
ENSP00000456087,2.93105887980165,Moderate,0.16044160302611354,2.7706172767755364,0.131335,0.58916,0.550439,0.132062,0.09812,0.49375,0.064661,0.125854,0.105499,0.132971,0.105301,"Cytoplasm, Nucleus",Nucleus
ENSP00000443642,2.728021872656149,Moderate,0.12417160001914541,2.6038502726370036,0.104529,0.549561,0.708301,0.099402,0.121497,0.162244,0.033942,0.12074,0.119531,0.095856,0.155365,"Cytoplasm, Nucleus",Nucleus
ENSP00000420538,2.6001035066087548,Moderate,0.12635224773729703,2.4737512588714576,0.270752,0.183691,0.181665,0.05274,0.089209,0.920996,0.316895,0.087,0.038947,0.060535,0.17616,Mitochondrion,Mitochondrion
ENSP00000243040,2.6376650002134037,Moderate,0.14842759921271342,2.48923740100069,0.12522,0.677148,0.400195,0.082056,0.093323,0.233105,0.02591,0.10979,0.131647,0.10592,0.04479,Cytoplasm,Cytoplasm
ENSP00000502792,2.970297779000803,Moderate,0.3450635822507887,2.6252341967500143,0.171875,0.401465,0.572168,0.631738,0.05015,0.344824,0.063437,0.128784,0.078009,0.203198,0.087184,Nucleus,"Cytoplasm, Nucleus, Cell membrane"
ENSP00000435374,3.191437620928031,Moderate,0.21996427668242172,2.971473344245609,0.153442,0.533301,0.450488,0.633398,0.128101,0.470361,0.101038,0.119324,0.18252,0.209351,0.065753,Cytoplasm,Mitochondrion
ENSP00000429629,3.0055073428208514,Moderate,0.288466260993101,2.7170410818277504,0.145972,0.403857,0.65957,0.29082,0.06355,0.520605,0.059634,0.121094,0.083463,0.094177,0.279285,Nucleus,Nucleus
ENSP00000490955,3.179059370614358,Moderate,0.11807690216703841,3.0609824684473197,0.181274,0.526074,0.51416,0.438525,0.124097,0.403711,0.040057,0.14519,0.142395,0.216162,0.069438,Cytoplasm,Cytoplasm
ENSP00000454419,2.564097740421859,Moderate,0.11691676235068901,2.4471809780711697,0.107971,0.511377,0.700977,0.0858,0.104694,0.223083,0.024005,0.056842,0.134399,0.077594,0.09944,"Cytoplasm, Nucleus",Cell membrane
ENSP00000376971,3.171631835523904,Moderate,0.22224273580151854,2.9493890997223855,0.1677,0.568262,0.557178,0.606836,0.118237,0.34248,0.035944,0.178625,0.11853,0.199194,0.169984,"Cytoplasm, Nucleus",Nucleus
ENSP00000466525,3.2710524880587775,Moderate,0.3606966645127571,2.9103558235460203,0.161035,0.366846,0.315283,0.452026,0.093616,0.540381,0.16427,0.233862,0.090125,0.140125,0.080716,None,Cytoplasm
ENSP00000451953,2.9909395468389284,Moderate,0.30864777997052545,2.6822917668684028,0.089816,0.672559,0.368652,0.358838,0.089117,0.359644,0.189685,0.091516,0.087566,0.073251,0.116024,Cytoplasm,Cytoplasm
ENSP00000413898,3.132823656771675,Moderate,0.19861911798783172,2.934204538783843,0.11134,0.493896,0.575195,0.38374,0.075812,0.210303,0.103668,0.130762,0.117688,0.163574,0.147095,"Cytoplasm, Nucleus",Nucleus
ENSP00000408797,2.9932658140754302,Moderate,0.3974941176122811,2.595771696463149,0.18866,0.498193,0.598828,0.34704,0.131824,0.412842,0.03305,0.081754,0.127673,0.181616,0.042763,"Cytoplasm, Nucleus",Cytoplasm
ENSP00000401510,3.323532337588806,Moderate,0.31491312832107277,3.0086192092677333,0.269238,0.557227,0.320776,0.209863,0.200562,0.178406,0.053122,0.281763,0.126135,0.1948,0.09952,Cytoplasm,Cell membrane
ENSP00000263255,2.87740591508844,Moderate,0.3078091014324465,2.5695968136559935,0.792773,0.119482,0.087146,0.032536,0.248193,0.918359,0.346143,0.297021,0.182935,0.152783,0.408594,"Membrane, Mitochondrion",Peroxisome
ENSP00000452748,3.2283038280371,Moderate,0.2985138362727423,2.9297899917643577,0.191333,0.558545,0.479932,0.309448,0.074207,0.334375,0.077222,0.222437,0.122107,0.151617,0.105341,Cytoplasm,Mitochondrion
ENSP00000425028,3.2601088001286707,Moderate,0.19260662134193657,3.067502178786734,0.126599,0.565137,0.398389,0.575391,0.108252,0.324023,0.106299,0.135937,0.096094,0.161475,0.27981,Cytoplasm,Nucleus
ENSP00000417527,3.160566647465821,Moderate,0.23925074968341004,2.921315897782411,0.151404,0.569727,0.452197,0.287646,0.084747,0.276465,0.043556,0.222131,0.134033,0.166992,0.102423,Cytoplasm,Golgi apparatus
ENSP00000453486,2.506370916051705,Moderate,0.09404232995808673,2.4123285860936186,0.108899,0.594824,0.779883,0.069809,0.109753,0.193994,0.023727,0.092181,0.138623,0.121185,0.064812,"Cytoplasm, Nucleus",Nucleus
ENSP00000447739,3.281655071814959,Moderate,0.27769131908970407,3.003963752725255,0.184924,0.52251,0.479785,0.481055,0.121106,0.550244,0.103326,0.1177,0.226953,0.228247,0.067213,Cytoplasm,Nucleus
ENSP00000425452,3.068882887429537,Moderate,0.18458704573613816,2.884295841693399,0.167822,0.513525,0.547314,0.522656,0.113794,0.365674,0.100784,0.09198,0.096033,0.216333,0.043304,"Cytoplasm, Nucleus",Mitochondrion
ENSP00000469593,3.1188537251059825,Moderate,0.19132493493700573,2.9275287901689766,0.16958,0.605664,0.384717,0.301025,0.1823,0.256055,0.033762,0.160754,0.14895,0.129431,0.060506,Cytoplasm,Endoplasmic reticulum
ENSP00000463843,3.20780404329098,Moderate,0.18020442779977125,3.0275996154912086,0.170142,0.5604,0.465918,0.529346,0.107996,0.39126,0.082324,0.159583,0.140991,0.253198,0.054944,Cytoplasm,"Cytoplasm, Nucleus"
ENSP00000463823,3.0859308389570583,Moderate,0.28725351099195406,2.7986773279651045,0.114514,0.422461,0.375391,0.66582,0.097864,0.483447,0.086127,0.21051,0.085406,0.208521,0.066401,Extracellular,"Cytoplasm, Nucleus"
ENSP00000411573,3.0841395876310953,Moderate,0.25079483868081587,2.8333447489502794,0.130505,0.313062,0.592187,0.522852,0.036017,0.258521,0.019327,0.367334,0.169641,0.136426,0.195673,Nucleus,Nucleus
ENSP00000394401,2.8975110439338425,Moderate,0.2102438880038636,2.687267155929979,0.215454,0.335205,0.498633,0.088226,0.129138,0.423877,0.07413,0.194409,0.086694,0.054074,0.040575,None,Nucleus
ENSP00000503895,3.289037942653515,Moderate,0.19026651938081182,3.098771423272703,0.162134,0.499121,0.466895,0.411865,0.08631,0.305469,0.079382,0.139429,0.177368,0.175818,0.129163,Cytoplasm,"Cytoplasm, Nucleus"
ENSP00000498870,2.908891710193772,Moderate,0.18081661678277547,2.7280750934109963,0.197388,0.672656,0.286401,0.173376,0.149841,0.338574,0.028332,0.127161,0.0948,0.216772,0.024506,Cytoplasm,Cytoplasm
ENSP00000472504,3.1642054326870803,Moderate,0.17548765441875921,2.988717778268321,0.156018,0.535547,0.632422,0.274463,0.097815,0.34751,0.037762,0.137109,0.172351,0.145081,0.19909,"Cytoplasm, Nucleus",Endoplasmic reticulum
ENSP00000412823,3.1500534244696197,Moderate,0.15947623697359978,2.99057718749602,0.134363,0.535693,0.478125,0.445752,0.059256,0.361768,0.076823,0.162158,0.113025,0.173145,0.121005,Cytoplasm,Cytoplasm
ENSP00000412769,2.9723619120231195,Moderate,0.18980183428599903,2.7825600777371204,0.108813,0.591064,0.551611,0.269458,0.073193,0.162341,0.054355,0.118274,0.134131,0.178369,0.129243,"Cytoplasm, Nucleus","Cytoplasm, Nucleus"
ENSP00000397589,3.256279947204407,Moderate,0.3273390650707597,2.9289408821336473,0.249341,0.42627,0.454834,0.09762,0.073126,0.430566,0.04301,0.295532,0.186389,0.36438,0.100104,None,Cytoplasm
ENSP00000389322,2.8634005640895017,Moderate,0.16329465650873792,2.7001059075807636,0.156909,0.434521,0.650684,0.450049,0.132019,0.365479,0.031473,0.080365,0.083923,0.174036,0.033084,Nucleus,Cytoplasm
ENSP00000493561,2.9609098749814837,Moderate,0.14347067110186595,2.817439203879618,0.158313,0.446729,0.60498,0.46543,0.114807,0.211353,0.041099,0.100867,0.094678,0.146423,0.082002,Nucleus,Nucleus
ENSP00000450676,3.24683948410756,Moderate,0.3283038892201704,2.9185355948873895,0.132251,0.46792,0.515967,0.525391,0.105676,0.478271,0.080313,0.154163,0.144775,0.089343,0.378076,None,Cytoplasm
ENSP00000449513,3.3099797151143564,Moderate,0.21495055610308478,3.0950291590112715,0.121985,0.563574,0.471387,0.383789,0.079852,0.301929,0.21416,0.125244,0.110944,0.194592,0.158563,Cytoplasm,Nucleus
ENSP00000410149,3.314229901917632,Moderate,0.19622058002681542,3.1180093218908165,0.14729,0.486816,0.575049,0.464111,0.16084,0.4229,0.014717,0.186963,0.176746,0.250854,0.197845,"Cytoplasm, Nucleus",Cytoplasm
ENSP00000407378,3.3208926201205964,Moderate,0.2107405788569468,3.1101520412636496,0.196814,0.488574,0.489551,0.487695,0.121326,0.322852,0.101373,0.167175,0.182458,0.207446,0.05657,Cytoplasm,Cytoplasm
ENSP00000467134,2.9286264054958524,Moderate,0.2699959337002512,2.6586304717956013,0.106836,0.340332,0.350684,0.641992,0.099811,0.406152,0.232983,0.113886,0.027782,0.097723,0.055921,None,Nucleus
ENSP00000466874,2.8958112762284,Moderate,0.22762349652092947,2.6681877797074702,0.137317,0.515967,0.481982,0.188678,0.120947,0.169507,0.055202,0.082227,0.290137,0.101917,0.028694,Cytoplasm,Nucleus
ENSP00000419183,3.2443835319838707,Moderate,0.18721791317925537,3.0571656188046155,0.152686,0.536182,0.366333,0.257373,0.130933,0.283545,0.07666,0.177197,0.164819,0.242944,0.044287,Cytoplasm,Nucleus
ENSP00000504510,3.2519722707525185,Moderate,0.1720604185435069,3.0799118522090114,0.219653,0.547559,0.361572,0.338232,0.134265,0.386035,0.060785,0.174292,0.082007,0.215112,0.083548,Cytoplasm,Nucleus
ENSP00000498371,2.8374825900237433,Moderate,0.21126459708216086,2.6262179929415823,0.182617,0.627588,0.278467,0.160992,0.162817,0.378711,0.021055,0.075562,0.128442,0.11665,0.040842,Cytoplasm,Nucleus
ENSP00000462379,3.1536532817652803,Moderate,0.16077483168955528,2.992878450075725,0.145667,0.459033,0.492627,0.574902,0.069635,0.414111,0.089746,0.096814,0.118738,0.207935,0.140744,None,Nucleus
ENSP00000422056,3.2505562800582584,Moderate,0.16052024709907803,3.0900360329591803,0.194629,0.459326,0.478906,0.524512,0.102393,0.291943,0.055786,0.120813,0.135791,0.22417,0.132819,None,Cytoplasm
ENSP00000397228,3.0260298177849485,Moderate,0.20956204493490738,2.816467772850041,0.162952,0.479248,0.547168,0.267883,0.210596,0.273169,0.041204,0.100415,0.24563,0.087976,0.024782,"Cytoplasm, Nucleus",Cytoplasm
ENSP00000390470,2.760948379458912,Moderate,0.1806036902775516,2.58034468918136,0.0953,0.450391,0.698145,0.126831,0.082764,0.193323,0.027304,0.128369,0.132214,0.17002,0.085584,Nucleus,"Cytoplasm, Nucleus"
ENSP00000448987,3.025304053143458,Moderate,0.19493009729803495,2.830373955845423,0.158496,0.551807,0.596143,0.199902,0.125183,0.234888,0.021342,0.116193,0.177954,0.164087,0.106654,"Cytoplasm, Nucleus",Nucleus
ENSP00000433504,3.298883388836375,Moderate,0.16147030246117858,3.1374130863751963,0.232031,0.494092,0.503223,0.420996,0.189136,0.424414,0.034329,0.196826,0.13385,0.228931,0.066754,Cytoplasm,Cytoplasm
ENSP00000424059,3.268357169616049,Moderate,0.3597304135884859,2.908626756027563,0.284717,0.583789,0.25022,0.152771,0.30625,0.303516,0.034333,0.110577,0.271997,0.172119,0.093998,Cytoplasm,Nucleus
ENSP00000418507,3.3233448820962637,Moderate,0.2307595284177486,3.092585353678515,0.136682,0.623535,0.466211,0.549756,0.136963,0.386426,0.122827,0.163709,0.228564,0.226733,0.081796,Cytoplasm,Nucleus
ENSP00000504330,3.23332769644799,Moderate,0.1614627511675426,3.0718649452804474,0.17937,0.524561,0.457227,0.555713,0.138464,0.308545,0.127057,0.085693,0.128809,0.166992,0.099992,Cytoplasm,"Cytoplasm, Nucleus"
ENSP00000420535,3.279348946258622,Moderate,0.2859317169877208,2.993417229270901,0.652832,0.186328,0.201538,0.220483,0.178076,0.36626,0.043584,0.555713,0.275439,0.392676,0.061389,Membrane,Golgi apparatus
ENSP00000460001,3.2289336578269765,Moderate,0.3171426363675069,2.9117910214594698,0.157788,0.498096,0.472168,0.278772,0.1349,0.408423,0.119635,0.186499,0.084625,0.158752,0.063858,Cytoplasm,"Cytoplasm, Nucleus"
ENSP00000464501,3.078054843783577,Moderate,0.1673609135514839,2.9106939302320933,0.143787,0.518066,0.589209,0.445605,0.121155,0.359961,0.032414,0.139233,0.116467,0.124146,0.1327,"Cytoplasm, Nucleus",Nucleus
ENSP00000463107,3.1617726720700743,Moderate,0.3217161634235958,2.8400565086464784,0.116809,0.472412,0.578125,0.296582,0.066205,0.353784,0.07562,0.187415,0.107776,0.252026,0.104142,"Cytoplasm, Nucleus","Cytoplasm, Cell membrane"
ENSP00000451809,3.0973674791490975,Moderate,0.1376866778830753,2.959680801266022,0.154028,0.478857,0.518701,0.504443,0.147876,0.238647,0.090869,0.116583,0.098975,0.186792,0.043129,Cytoplasm,Mitochondrion
ENSP00000430614,3.038313491038156,Moderate,0.17515922863407887,2.863154262404077,0.154309,0.555518,0.554541,0.470898,0.139197,0.250171,0.070981,0.060291,0.130383,0.105164,0.126065,"Cytoplasm, Nucleus",Golgi apparatus
ENSP00000499303,3.260486500215202,Moderate,0.20292207031940543,3.0575644298957965,0.190234,0.509229,0.467725,0.354346,0.116846,0.396631,0.047595,0.144385,0.161377,0.161353,0.113879,Cytoplasm,Nucleus
ENSP00000473541,3.267066186919374,Moderate,0.17205568427757542,3.0950105026417987,0.186597,0.430713,0.47832,0.524121,0.119983,0.472559,0.120996,0.166687,0.110339,0.228589,0.053302,None,"Cytoplasm, Nucleus"
ENSP00000424124,3.1875880422955567,Moderate,0.1924503997675479,2.9951376425280087,0.180371,0.526709,0.51792,0.412109,0.104626,0.427588,0.028714,0.163635,0.118121,0.182959,0.13895,Cytoplasm,Nucleus
ENSP00000494068,3.122347126788984,Moderate,0.24367276275489655,2.8786743640340875,0.162683,0.435059,0.570996,0.497412,0.100232,0.463086,0.098654,0.113452,0.207092,0.217529,0.019616,Nucleus,Endoplasmic reticulum
ENSP00000475294,3.2396867043047237,Moderate,0.14423256936519532,3.0954541349395286,0.176392,0.451074,0.615723,0.2896,0.139124,0.335303,0.044734,0.137012,0.160168,0.254468,0.094766,Nucleus,Cytoplasm
ENSP00000393507,3.2149574221566284,Moderate,0.33670714914560074,2.8782502730110275,0.23894,0.552832,0.421875,0.131677,0.13772,0.384009,0.116965,0.094049,0.241443,0.176147,0.050765,Cytoplasm,Cytoplasm
ENSP00000448045,3.0241206206858204,Moderate,0.2239769111663661,2.800143709519454,0.134814,0.56333,0.406641,0.683301,0.103479,0.301685,0.096368,0.087708,0.057062,0.199341,0.149918,"Cytoplasm, Extracellular",Cytoplasm
ENSP00000421174,3.0010974373987342,Moderate,0.2081763301871609,2.792921107211573,0.163171,0.413086,0.361572,0.766406,0.108118,0.395264,0.037408,0.132703,0.106,0.209058,0.081886,Extracellular,Cell membrane
ENSP00000428255,3.05145747846375,Moderate,0.20681942618384677,2.8446380522799033,0.156592,0.584082,0.422412,0.220044,0.128857,0.264307,0.052475,0.149109,0.094763,0.160522,0.065646,Cytoplasm,Cytoplasm
ENSP00000506493,3.2868607738615068,Moderate,0.2335999685401752,3.0532608053213317,0.196753,0.394189,0.478467,0.373389,0.090015,0.262427,0.061856,0.165002,0.177466,0.169861,0.10311,None,"Cytoplasm, Cell membrane"
ENSP00000504071,3.2949979451359908,Moderate,0.2431976840801397,3.0518002610558512,0.2021,0.459717,0.441992,0.277637,0.087378,0.630273,0.051906,0.211523,0.190405,0.265845,0.110883,None,Mitochondrion
ENSP00000501857,3.306060576348454,Moderate,0.2093650903612444,3.0966954859872096,0.147144,0.500732,0.540771,0.429199,0.114832,0.463818,0.062253,0.1505,0.135852,0.195508,0.212726,"Cytoplasm, Nucleus",Nucleus
ENSP00000492676,3.165016480911754,Moderate,0.16255651062695056,3.0024599702848036,0.17666,0.443652,0.540723,0.471289,0.110107,0.358301,0.062686,0.120483,0.126172,0.169214,0.085399,Nucleus,"Cytoplasm, Nucleus"
ENSP00000466919,3.228688151867801,Moderate,0.14318655034275593,3.085501601525045,0.20896,0.493066,0.536719,0.375684,0.122314,0.429883,0.085657,0.160547,0.16012,0.197949,0.033207,"Cytoplasm, Nucleus",Cytoplasm
ENSP00000456655,3.2113986240378227,Moderate,0.22038115754974716,2.9910174664880755,0.196484,0.592285,0.585156,0.159143,0.114563,0.503662,0.070961,0.1849,0.103296,0.2552,0.166989,"Cytoplasm, Nucleus",Nucleus
ENSP00000452300,2.9553199179565333,Moderate,0.21535821770586733,2.739961700250666,0.109595,0.611035,0.508643,0.155634,0.102667,0.282251,0.047685,0.137061,0.104083,0.204626,0.085503,Cytoplasm,Cell membrane
ENSP00000450780,2.8143384388907347,Moderate,0.27644188338635817,2.5378965555043766,0.173193,0.552783,0.396289,0.201569,0.097833,0.117261,0.042191,0.090295,0.102948,0.176062,0.037903,Cytoplasm,Nucleus
ENSP00000418252,3.3177313515157416,Moderate,0.2125848744127151,3.1051464771030264,0.221045,0.469482,0.444141,0.428662,0.089008,0.360449,0.085291,0.150354,0.161108,0.220337,0.078751,None,"Cytoplasm, Cell membrane"
ENSP00000467710,3.1299354854183963,Moderate,0.20583460465925407,2.924100880759142,0.173376,0.481689,0.528662,0.218237,0.171411,0.397363,0.019284,0.12417,0.196191,0.19917,0.055241,"Cytoplasm, Nucleus","Cytoplasm, Cell membrane"
ENSP00000435220,3.062695428014745,Moderate,0.12804463679432473,2.9346507912204203,0.209131,0.511816,0.543213,0.41958,0.162207,0.271826,0.059515,0.100751,0.108948,0.153735,0.03574,"Cytoplasm, Nucleus",Cytoplasm
ENSP00000392049,3.2014816885815605,Moderate,0.14083979624000412,3.060641892341556,0.150854,0.455957,0.509375,0.472998,0.086792,0.312402,0.065234,0.173755,0.191431,0.212378,0.053694,None,Cytoplasm
ENSP00000476460,3.2014645891911337,Moderate,0.22385814063244952,2.977606448558684,0.170825,0.550537,0.382812,0.501611,0.082477,0.332129,0.065271,0.144855,0.138049,0.156128,0.128979,Cytoplasm,Cell membrane
ENSP00000452200,2.6321754007706546,Moderate,0.34339336570846063,2.288782035062194,0.160339,0.397559,0.268481,0.813281,0.102954,0.226245,0.14812,0.034619,0.01806,0.135162,0.044379,Extracellular,Nucleus
ENSP00000464530,3.1790775781618943,Moderate,0.27276388687101066,2.9063136912908836,0.147302,0.576904,0.462695,0.562402,0.138635,0.536426,0.042921,0.091211,0.246521,0.19519,0.138353,Cytoplasm,"Cytoplasm, Nucleus"
ENSP00000504163,3.26515643752447,Moderate,0.2264336358712891,3.038722801653181,0.214062,0.498291,0.412061,0.579199,0.109985,0.416699,0.092596,0.159998,0.143103,0.243164,0.057003,Cytoplasm,"Cytoplasm, Nucleus"
ENSP00000502465,3.279128791160423,Moderate,0.19874845891541418,3.0803803322450087,0.142285,0.499854,0.524561,0.476562,0.110864,0.460156,0.0931,0.115674,0.130457,0.164612,0.21261,Cytoplasm,Nucleus
ENSP00000448671,2.929703235631873,Moderate,0.17437515889576607,2.755328076736107,0.159119,0.529297,0.474414,0.623145,0.093396,0.347656,0.084467,0.066156,0.100305,0.148596,0.055714,Cytoplasm,Cell membrane
ENSP00000426535,3.153081441061002,Moderate,0.39078674231466204,2.76229469874634,0.103394,0.354004,0.412012,0.543555,0.066095,0.524854,0.127631,0.160651,0.051862,0.159314,0.221054,None,Nucleus
ENSP00000426210,3.321377101032713,Moderate,0.2772300548068568,3.044147046225856,0.213696,0.464062,0.444043,0.291772,0.152808,0.509229,0.039629,0.155774,0.172119,0.198645,0.110362,None,Cell membrane
ENSP00000402190,3.0207259903275263,Moderate,0.15450206176714307,2.8662239285603834,0.175659,0.538965,0.523926,0.392163,0.129797,0.512207,0.024207,0.136316,0.107135,0.146338,0.070125,Cytoplasm,Nucleus
ENSP00000395237,3.1912212741568906,Moderate,0.20161260525834707,2.9896086688985437,0.189551,0.465332,0.53042,0.411328,0.079974,0.465283,0.034093,0.163574,0.192249,0.179297,0.095088,Nucleus,"Cytoplasm, Nucleus"
ENSP00000388688,2.9097832988359893,Moderate,0.14527609883959255,2.764507199996397,0.165039,0.500879,0.554199,0.513574,0.106042,0.384766,0.037465,0.108484,0.081946,0.177197,0.034317,"Cytoplasm, Nucleus",Cytoplasm
ENSP00000475450,2.9456028019209346,Moderate,0.2858067091029456,2.659796092817989,0.228394,0.533789,0.459277,0.104593,0.142651,0.359827,0.020939,0.245532,0.072192,0.128348,0.052725,Cytoplasm,Nucleus
ENSP00000466640,3.1688611124861636,Moderate,0.2779877529004938,2.8908733595856697,0.219312,0.482031,0.450439,0.472656,0.140076,0.450879,0.067346,0.121228,0.137769,0.243408,0.021274,Cytoplasm,Nucleus
ENSP00000437899,3.31213264819872,Moderate,0.20287264844639508,3.109259999752325,0.167358,0.473047,0.564355,0.281689,0.080859,0.327441,0.047826,0.192017,0.254224,0.212842,0.135107,"Cytoplasm, Nucleus","Nucleus, Cell membrane"
ENSP00000408534,3.191490720426278,Moderate,0.12468231843779218,3.066808401988486,0.195215,0.477539,0.555908,0.348584,0.128516,0.305127,0.04763,0.132959,0.131042,0.210132,0.073952,"Cytoplasm, Nucleus",Nucleus
ENSP00000430424,3.1601435438642356,Moderate,0.15071454641958965,3.0094289974446458,0.172217,0.563184,0.490576,0.257568,0.153198,0.315332,0.025308,0.172888,0.216333,0.217456,0.038015,Cytoplasm,Cytoplasm
ENSP00000438862,3.310041650566908,Moderate,0.2133870488274324,3.0966546017394756,0.22085,0.566699,0.44917,0.33606,0.133105,0.353418,0.065527,0.146484,0.147241,0.171313,0.11474,Cytoplasm,Nucleus
ENSP00000400271,2.866123302787619,Moderate,0.24460604453484341,2.6215172582527755,0.108655,0.496338,0.583594,0.24342,0.05195,0.43335,0.042017,0.1172,0.084241,0.19801,0.072035,"Cytoplasm, Nucleus",Mitochondrion
ENSP00000504110,3.140904650076066,Moderate,0.3745561636657976,2.7663484864102683,0.263965,0.49668,0.539502,0.122156,0.078986,0.569189,0.092741,0.154742,0.195935,0.214441,0.061711,"Cytoplasm, Nucleus",Cytoplasm
ENSP00000468113,3.289945821013834,Moderate,0.21483395985133324,3.075111861162501,0.219141,0.443018,0.506885,0.37124,0.136951,0.452393,0.052969,0.155176,0.148462,0.209692,0.077185,None,"Cytoplasm, Nucleus"
ENSP00000387607,3.0564299898106126,Moderate,0.1523376795188263,2.9040923102917864,0.191846,0.552197,0.397949,0.551562,0.147009,0.288989,0.07627,0.086542,0.081189,0.173315,0.055578,Cytoplasm,Nucleus
ENSP00000429046,2.8167107859963783,Moderate,0.21580960976066418,2.600901176235714,0.154626,0.362354,0.387891,0.240625,0.108997,0.455713,0.120953,0.137537,0.026971,0.04278,0.024089,None,Cytoplasm
