ACC,Membrane,Cytoplasm,Nucleus,Extracellular,Cell membrane,Mitochondrion,Plastid,Endoplasmic reticulum,Lysosome/Vacuole,Golgi apparatus,Peroxisome,predicted_label,true_label
ENSP00000507895,0.22089844,0.58359375,0.48867187,0.54316406,0.1934082,0.17148437,0.0147461,0.05634766,0.02748718,0.19941406,0.02840271,Cytoplasm,"Cytoplasm, Cell membrane"
ENSP00000505728,0.05087891,0.24082031,0.8296875,0.13227539,0.04594726,0.12509766,0.00580749,0.09082031,0.02252197,0.04711914,0.00458832,Nucleus,Nucleus
ENSP00000496878,0.55664062,0.19824219,0.11694336,0.48476562,0.55664063,0.16035156,0.00392151,0.20058594,0.36914063,0.32089844,0.12828369,"Membrane, Cell membrane",Cytoplasm
ENSP00000496254,0.33125,0.65078125,0.23222656,0.10270996,0.34453125,0.2453125,0.00338592,0.14326172,0.21523437,0.246875,0.0418335,Cytoplasm,Nucleus
ENSP00000495099,0.25195312,0.61171875,0.48320313,0.08076172,0.12246094,0.18007812,0.00914917,0.17250977,0.17373047,0.40976563,0.0063755,Cytoplasm,Cytoplasm
ENSP00000493871,0.0314209,0.48984375,0.89140625,0.07368164,0.04311523,0.11337891,0.02104492,0.02591553,0.01958008,0.02071533,0.00193939,"Cytoplasm, Nucleus",Nucleus
ENSP00000490913,0.07548828,0.52851562,0.73046875,0.05428467,0.09804687,0.20234375,0.02728271,0.02052002,0.03688965,0.07446289,0.14516601,"Cytoplasm, Nucleus",Nucleus
ENSP00000490728,0.03129883,0.46367188,0.90546875,0.09477539,0.04873047,0.09355469,0.0267334,0.01669922,0.01594238,0.01502075,0.00142937,Nucleus,Nucleus
ENSP00000490116,0.06831055,0.309375,0.86171875,0.18071289,0.08896484,0.15087891,0.01636963,0.02810059,0.00913086,0.03400879,0.00838318,Nucleus,Nucleus
ENSP00000484669,0.159375,0.34296875,0.825,0.03859863,0.06638183,0.15917969,0.00067043,0.20664063,0.12246094,0.32402344,0.00082168,Nucleus,Nucleus
ENSP00000480219,0.0394043,0.23457031,0.8765625,0.10761719,0.02902832,0.14267578,0.00074119,0.03432617,0.01430664,0.03190918,0.00128632,Nucleus,Nucleus
ENSP00000478783,0.27460938,0.409375,0.5515625,0.03897705,0.16005859,0.11669922,0.00881958,0.17861328,0.17480469,0.33007812,0.00373382,Nucleus,Cytoplasm
ENSP00000466285,0.225,0.48789062,0.33867187,0.37636719,0.21640625,0.50546875,0.00394135,0.16875,0.05668946,0.09580078,0.01948853,Cytoplasm,Cytoplasm
ENSP00000453443,0.2203125,0.5734375,0.40703125,0.07536621,0.25214844,0.24609375,0.00193329,0.14960937,0.0959961,0.12900391,0.03788147,Cytoplasm,"Cytoplasm, Nucleus"
ENSP00000431179,0.17539062,0.615625,0.3953125,0.12373047,0.23378906,0.19404297,0.00853271,0.09643555,0.15205078,0.4125,0.10136719,Cytoplasm,"Cytoplasm, Cell membrane"
ENSP00000431129,0.2984375,0.6984375,0.21484375,0.07290039,0.28183594,0.31523438,0.00184479,0.22480469,0.1890625,0.29765625,0.00860596,Cytoplasm,Cytoplasm
ENSP00000418408,0.0375,0.27304687,0.8015625,0.07226563,0.02598877,0.1140625,0.02990723,0.0505127,0.00565186,0.08701172,0.00435791,Nucleus,Nucleus
ENSP00000417570,0.23984375,0.32148437,0.18945312,0.76953125,0.30761719,0.2734375,0.01016846,0.17695312,0.19365235,0.29882812,0.06645508,Extracellular,Cytoplasm
ENSP00000414689,0.22558594,0.26367188,0.2703125,0.80859375,0.32695313,0.21464844,0.00462036,0.13759766,0.06308594,0.16298828,0.01635132,Extracellular,Cell membrane
ENSP00000414510,0.22333984,0.73125,0.27402344,0.26943359,0.25722656,0.240625,0.00690384,0.11640625,0.18535156,0.4609375,0.01055756,Cytoplasm,Nucleus
ENSP00000412763,0.53007812,0.21503906,0.14121094,0.53007812,0.49453125,0.17773438,0.02746582,0.18046875,0.30058594,0.33574219,0.04651489,Membrane,Golgi apparatus
ENSP00000410157,0.18691406,0.49570313,0.4796875,0.02466431,0.20986328,0.15566406,0.00930634,0.14492188,0.22578125,0.26933594,0.00049806,Cytoplasm,Nucleus
ENSP00000409472,0.19238281,0.37109375,0.45,0.31054687,0.13300781,0.30410156,0.05627441,0.15175781,0.19101562,0.27851563,0.0834961,None,Cytoplasm
ENSP00000407046,0.678125,0.32460938,0.13701172,0.04467773,0.41601562,0.15859375,0.00488281,0.34921875,0.30566406,0.51601562,0.02808838,Membrane,Cell membrane
ENSP00000400217,0.1765625,0.25742188,0.18066406,0.86953125,0.19707031,0.19169922,0.01623535,0.18632813,0.17421875,0.26796875,0.07446289,Extracellular,Cell membrane
ENSP00000395538,0.05063477,0.51992187,0.49726562,0.36064453,0.09995117,0.14824219,0.00232601,0.21796875,0.00679016,0.07780762,0.02298889,Cytoplasm,"Cytoplasm, Nucleus, Mitochondrion"
ENSP00000387070,0.14423828,0.69453125,0.5046875,0.02802734,0.10986328,0.17402344,0.00605163,0.14111328,0.09453125,0.16157226,0.01353149,Cytoplasm,Cytoplasm
ENSP00000386239,0.11494141,0.49335938,0.57695313,0.15566406,0.12851563,0.41835937,0.00089607,0.13037109,0.06313477,0.11621094,0.01912079,"Cytoplasm, Nucleus",Nucleus
ENSP00000384215,0.03710938,0.16367187,0.9015625,0.01989746,0.0324707,0.21914063,0.02185669,0.01752929,0.03198242,0.02493897,0.04685059,Nucleus,Nucleus
ENSP00000382269,0.22304687,0.61015625,0.53046875,0.05742187,0.11289062,0.29804687,0.04297485,0.12260742,0.23535156,0.1274414,0.0020607,"Cytoplasm, Nucleus",Nucleus
ENSP00000381170,0.17929688,0.72265625,0.49335937,0.05965576,0.21796875,0.18730469,0.00470123,0.0800293,0.11616211,0.18378906,0.04216309,Cytoplasm,Cell membrane
ENSP00000380888,0.10322266,0.56953125,0.68125,0.01743164,0.05751953,0.31757812,0.02200928,0.10693359,0.19160156,0.15478516,0.0506958,"Cytoplasm, Nucleus",Nucleus
ENSP00000379083,0.25546875,0.58203125,0.42734375,0.53359375,0.24677735,0.24121094,0.01619415,0.05046387,0.03752441,0.15644531,0.04362182,Cytoplasm,"Cytoplasm, Cell membrane"
ENSP00000377634,0.05661621,0.30703125,0.83203125,0.03122559,0.04260254,0.05332031,0.00284729,0.04838867,0.01040955,0.02202148,0.00827103,Nucleus,Nucleus
ENSP00000374443,0.25078125,0.4859375,0.39179687,0.06689453,0.20039063,0.24609375,0.02581787,0.19179687,0.27324219,0.31796875,0.01494751,Cytoplasm,Nucleus
ENSP00000366757,0.27617187,0.75234375,0.17236328,0.05878906,0.315625,0.253125,0.00294419,0.14609375,0.16796875,0.28613281,0.01002197,Cytoplasm,Cytoplasm
ENSP00000364003,0.24941406,0.575,0.37382813,0.07294922,0.28242187,0.35195312,0.00521088,0.19755859,0.18447266,0.18408203,0.05474853,Cytoplasm,"Nucleus, Cell membrane"
ENSP00000363891,0.803125,0.15478516,0.09316406,0.03544922,0.49492187,0.33398438,0.0120964,0.4875,0.35429688,0.37617188,0.05,Membrane,Golgi apparatus
ENSP00000363642,0.05512695,0.26757813,0.740625,0.01943359,0.05932617,0.20332031,0.00293121,0.18320312,0.01964111,0.05424805,0.00578155,Nucleus,Nucleus
ENSP00000362580,0.26230469,0.6265625,0.30273437,0.1196106,0.4265625,0.24277344,0.00308075,0.07099609,0.18876953,0.12041016,0.03977661,Cytoplasm,Cell membrane
ENSP00000357206,0.11455078,0.5921875,0.41914063,0.27167969,0.11728516,0.30136719,0.00078239,0.07797852,0.11513672,0.39882812,0.02922363,Cytoplasm,Cytoplasm
ENSP00000356716,0.10234375,0.6296875,0.5984375,0.06157227,0.07739258,0.06220703,0.00630035,0.09663086,0.05368652,0.19697266,0.01701965,"Cytoplasm, Nucleus",Cytoplasm
ENSP00000355922,0.07875977,0.40273438,0.81796875,0.09599609,0.06005859,0.1105957,0.02585449,0.03210449,0.02818604,0.14404297,0.00632324,Nucleus,Nucleus
ENSP00000354828,0.10185547,0.41015625,0.7203125,0.09458008,0.09052734,0.34667969,0.00139313,0.11313477,0.08588867,0.08740234,0.02835083,Nucleus,Nucleus
ENSP00000353010,0.42578125,0.41054688,0.30097656,0.05136719,0.23769532,0.61953125,0.01443481,0.42949219,0.28183594,0.465625,0.00927124,None,Nucleus
ENSP00000352794,0.33046875,0.59609375,0.32695313,0.33105469,0.39882813,0.23457031,0.02268067,0.26210937,0.159375,0.41328125,0.0602356,Cytoplasm,"Cytoplasm, Cell membrane"
ENSP00000352413,0.72421875,0.21640625,0.12539062,0.02788086,0.61992187,0.21660156,0.00574188,0.42539063,0.22070312,0.16445312,0.03811035,"Membrane, Cell membrane",Cytoplasm
ENSP00000351185,0.1128418,0.45078125,0.50820313,0.13007813,0.04594726,0.31992188,0.006073,0.11738281,0.02873535,0.08515625,0.00312653,None,Mitochondrion
ENSP00000348564,0.14599609,0.55390625,0.43164063,0.11040039,0.10820313,0.25097656,0.0021347,0.19755859,0.12988281,0.30058594,0.11223144,Cytoplasm,"Cytoplasm, Cell membrane"
ENSP00000344383,0.2484375,0.6125,0.47382812,0.09086914,0.12373047,0.17265625,0.00878906,0.1730957,0.17128906,0.42871094,0.00530205,Cytoplasm,Cytoplasm
ENSP00000328426,0.07832031,0.36445312,0.740625,0.11708984,0.06518555,0.15,0.02655029,0.04650879,0.03718262,0.05927735,0.01618652,Nucleus,"Cytoplasm, Nucleus"
ENSP00000321813,0.109375,0.41953125,0.71640625,0.07441406,0.09462891,0.37070312,0.00095329,0.11533203,0.09575195,0.09990234,0.02519531,Nucleus,Nucleus
ENSP00000313933,0.09248047,0.3625,0.7578125,0.0109314,0.06933594,0.12373047,0.00536041,0.0484375,0.04003906,0.08081055,0.00718536,Nucleus,Nucleus
ENSP00000301607,0.16484375,0.578125,0.41679687,0.10390625,0.125,0.21953125,0.02657166,0.0581543,0.12929687,0.2671875,0.00422363,Cytoplasm,Cytoplasm
ENSP00000300648,0.33984375,0.490625,0.60390625,0.01690369,0.28203125,0.46171875,0.09355469,0.15507813,0.14072266,0.25898438,0.02616577,"Cytoplasm, Nucleus",Cytoplasm
ENSP00000297268,0.19140625,0.16660156,0.14804687,0.9421875,0.1225586,0.10595703,0.01186523,0.24980469,0.04182129,0.05952148,0.00379181,Extracellular,Endoplasmic reticulum
ENSP00000294383,0.17207031,0.58789063,0.56875,0.06533203,0.15136719,0.11582031,0.01374512,0.09990234,0.20742187,0.346875,0.00274963,"Cytoplasm, Nucleus","Cytoplasm, Nucleus"
ENSP00000281282,0.15136719,0.70703125,0.35410156,0.04295654,0.12382813,0.14453125,0.00448456,0.08125,0.11279297,0.34042969,0.00685425,Cytoplasm,Cell membrane
ENSP00000280758,0.18007813,0.50664062,0.5265625,0.03980713,0.23378906,0.12910156,0.00779724,0.13964844,0.20341797,0.32460938,0.00090523,Cytoplasm,Nucleus
ENSP00000271636,0.128125,0.6140625,0.32011719,0.0894043,0.09785156,0.16352539,0.00586853,0.06672363,0.15146485,0.25009766,0.02546387,Cytoplasm,Cell membrane
ENSP00000264868,0.70546875,0.19472656,0.1484375,0.16416016,0.34414062,0.30117188,0.02784424,0.5671875,0.28632812,0.43828125,0.23095703,Membrane,Nucleus
ENSP00000262376,0.0477539,0.25332031,0.8609375,0.08549805,0.02945557,0.09985351,0.00431824,0.04467773,0.03822022,0.02735596,0.00540161,Nucleus,Nucleus
ENSP00000261609,0.16015625,0.50820312,0.51289062,0.09594727,0.08955078,0.36230469,0.05632324,0.09853516,0.17294922,0.17998047,0.02079468,Cytoplasm,Cytoplasm
ENSP00000253048,0.04438477,0.3921875,0.678125,0.2203125,0.03562012,0.09023438,0.00485992,0.04924316,0.06831055,0.11376953,0.00075684,Nucleus,"Cytoplasm, Nucleus"
ENSP00000252996,0.07402344,0.46367188,0.77734375,0.07070312,0.08457031,0.0703125,0.0004507,0.0543457,0.06240234,0.10234375,0.00282135,Nucleus,Nucleus
ENSP00000247087,0.05966797,0.35429687,0.84765625,0.0237793,0.04760742,0.10371094,0.00168076,0.06318359,0.01702881,0.03896484,0.0026123,Nucleus,Nucleus
ENSP00000244007,0.34570313,0.65859375,0.45703125,0.04643555,0.39335937,0.17539062,0.00120392,0.07910156,0.14394531,0.21757813,0.00219955,Cytoplasm,Cytoplasm
ENSP00000263773,0.18769531,0.36796875,0.653125,0.02756958,0.18808594,0.0800293,0.02559662,0.17353516,0.08149414,0.19941406,0.00228768,Nucleus,Nucleus
ENSP00000416033,0.08554687,0.61328125,0.35585938,0.32050781,0.1296875,0.2178711,0.00483704,0.08666992,0.06762695,0.14042969,0.10263672,Cytoplasm,Nucleus
ENSP00000364042,0.6,0.25996094,0.15537109,0.490625,0.5796875,0.15380859,0.00249786,0.28222656,0.39179687,0.48085938,0.02862549,"Membrane, Cell membrane",Cell membrane
ENSP00000355889,0.15878906,0.15566406,0.15986328,0.1659668,0.09560547,0.87578125,0.01516113,0.07773437,0.05,0.07856445,0.07773437,Mitochondrion,Mitochondrion
ENSP00000305839,0.29765625,0.36914062,0.54453125,0.19238281,0.46914063,0.196875,0.00446778,0.10595703,0.15625,0.30253906,0.0083786,Nucleus,Cell membrane
ENSP00000463929,0.7515625,0.19042969,0.16748047,0.01136169,0.475,0.20390625,0.00204315,0.29570313,0.53398438,0.40136719,0.0035408,Membrane,Nucleus
ENSP00000382610,0.20761719,0.55976562,0.36484375,0.19697266,0.29921875,0.22851562,0.0028717,0.16972657,0.18730469,0.27558594,0.03041992,Cytoplasm,"Cytoplasm, Nucleus"
ENSP00000496378,0.2671875,0.6703125,0.33867188,0.03881836,0.17607422,0.28095703,0.00630493,0.184375,0.45742188,0.71953125,0.00999146,"Cytoplasm, Golgi apparatus",Golgi apparatus
ENSP00000413889,0.15273437,0.528125,0.496875,0.02750244,0.17158203,0.16044922,0.00915833,0.1125,0.20439453,0.309375,0.00072117,Cytoplasm,Nucleus
ENSP00000349439,0.31699219,0.21816406,0.23476563,0.32324219,0.22148437,0.29804687,0.00576325,0.5171875,0.18330078,0.44492188,0.03383789,None,"Cytoplasm, Cell membrane"
ENSP00000313624,0.05498047,0.22324219,0.88828125,0.06938476,0.04885254,0.08193359,0.00258484,0.03130493,0.05351562,0.0354248,0.02071533,Nucleus,Nucleus
ENSP00000468082,0.24003906,0.50429688,0.32773437,0.34765625,0.22929688,0.5171875,0.00514679,0.16123047,0.06132813,0.09306641,0.01654815,Cytoplasm,Cytoplasm
ENSP00000416951,0.09121094,0.32011719,0.6484375,0.20302734,0.12080078,0.2,0.00086975,0.14394531,0.03911133,0.06264648,0.00456467,Nucleus,Nucleus
ENSP00000346701,0.62890625,0.26113281,0.22773437,0.14106445,0.33046875,0.18798828,0.00641479,0.50234375,0.3375,0.61992188,0.08220215,Membrane,Nucleus
ENSP00000332111,0.1015625,0.5375,0.4125,0.45273437,0.08916015,0.23105469,0.16064453,0.06479492,0.06679687,0.16933594,0.44179687,Cytoplasm,"Cytoplasm, Nucleus"
ENSP00000507912,0.14199219,0.33203125,0.728125,0.06010742,0.11010742,0.07485352,0.00246429,0.29199219,0.04680176,0.12241211,0.00651627,Nucleus,Nucleus
ENSP00000485253,0.04741211,0.23613281,0.90390625,0.07614746,0.05449219,0.09228515,0.00456696,0.02924805,0.01809082,0.07006836,0.00392303,Nucleus,Nucleus
ENSP00000312277,0.03339844,0.30546875,0.82578125,0.04414062,0.01837158,0.0611084,0.009021,0.03256836,0.01193848,0.05834961,0.0063324,Nucleus,"Cytoplasm, Nucleus"
ENSP00000370427,0.08876953,0.20800781,0.86015625,0.07592773,0.10966797,0.01654053,0.01517029,0.06074219,0.02098999,0.04111328,0.00143051,Nucleus,Nucleus
ENSP00000467054,0.23867188,0.56328125,0.35683594,0.14306641,0.16044922,0.25449219,0.00096588,0.13798828,0.36132812,0.38359375,0.01224365,Cytoplasm,"Cytoplasm, Nucleus"
ENSP00000458025,0.03395996,0.3046875,0.8765625,0.10598144,0.03435059,0.07636718,0.00062704,0.06000977,0.03745117,0.03123779,0.00278473,Nucleus,Cytoplasm
ENSP00000357460,0.16064453,0.6046875,0.25273437,0.11879883,0.16191406,0.15283203,0.00369339,0.10322266,0.40253906,0.63945312,0.01851807,Cytoplasm,Golgi apparatus
ENSP00000406490,0.1397461,0.20976562,0.703125,0.02723389,0.09428711,0.21728516,0.00162773,0.12436523,0.01884155,0.13256836,0.02017822,Nucleus,Nucleus
ENSP00000374552,0.07592774,0.58125,0.73984375,0.07907715,0.07265625,0.17705078,0.00302544,0.14501953,0.04038086,0.05407715,0.00510712,"Cytoplasm, Nucleus",Cytoplasm
ENSP00000505762,0.30527344,0.63125,0.30292969,0.13530274,0.3921875,0.24375,0.00070972,0.17890625,0.2921875,0.28984375,0.04899902,Cytoplasm,"Cytoplasm, Cell membrane"
ENSP00000391268,0.53359375,0.22441406,0.1540039,0.53554687,0.5984375,0.178125,0.00204163,0.24296875,0.30605469,0.46601562,0.08161621,"Membrane, Cell membrane",Cell membrane
ENSP00000323191,0.06835938,0.39921875,0.66171875,0.22773437,0.08935547,0.05864258,0.00730591,0.03549805,0.0690918,0.10324707,0.09035034,Nucleus,Nucleus
ENSP00000359837,0.06083984,0.31054687,0.87109375,0.02635498,0.04265137,0.06928711,0.01436767,0.03325195,0.03137207,0.04482422,0.00686035,Nucleus,Nucleus
ENSP00000469029,0.04829102,0.25976563,0.7734375,0.07963867,0.05852051,0.11533203,0.00114594,0.04875488,0.04219971,0.0581543,0.00598755,Nucleus,Nucleus
ENSP00000416289,0.19277344,0.39648438,0.49101562,0.10419922,0.14775391,0.30292969,0.00525512,0.29941406,0.18769531,0.1694336,0.06555176,None,Nucleus
ENSP00000358904,0.04248047,0.29960937,0.84140625,0.1159668,0.04143066,0.11337891,0.00704345,0.03526611,0.01439209,0.06372071,0.00260925,Nucleus,Nucleus
ENSP00000364372,0.17304687,0.50898437,0.49101562,0.03278809,0.13154297,0.10405274,0.01549072,0.18881836,0.18857422,0.2734375,0.00104942,Cytoplasm,"Cytoplasm, Nucleus"
ENSP00000348828,0.38125,0.60390625,0.33652344,0.13317871,0.39023437,0.2078125,0.01347962,0.15449219,0.23496094,0.24990235,0.01071167,Cytoplasm,Cell membrane
ENSP00000379778,0.26152344,0.7390625,0.49101562,0.0496582,0.2421875,0.05883789,0.00078735,0.1402832,0.16079102,0.18964844,0.00579033,Cytoplasm,Cytoplasm
ENSP00000450393,0.14228516,0.39101563,0.38203125,0.26142578,0.06386719,0.39375,0.00894775,0.10908203,0.03446045,0.09824219,0.00656433,None,Mitochondrion
ENSP00000314914,0.184375,0.609375,0.33867188,0.18505859,0.26621094,0.32910156,0.00250397,0.17353516,0.12324219,0.16494141,0.23105469,Cytoplasm,Nucleus
ENSP00000412893,0.18105469,0.15898438,0.17441406,0.16743164,0.05224609,0.89296875,0.02856445,0.11220703,0.041333,0.04692383,0.15537109,Mitochondrion,Mitochondrion
ENSP00000405068,0.05200195,0.32421875,0.671875,0.08623047,0.04802246,0.08925781,0.00303955,0.06083984,0.01556702,0.07597656,0.00530167,Nucleus,Nucleus
ENSP00000500647,0.28222656,0.634375,0.38164062,0.08515625,0.34023438,0.24804688,0.00252838,0.21289063,0.13671875,0.15878906,0.02641754,Cytoplasm,"Cytoplasm, Nucleus"
ENSP00000383392,0.715625,0.19804688,0.11875,0.51757812,0.746875,0.0644043,0.00730286,0.27148438,0.24042969,0.39296875,0.03858642,"Membrane, Cell membrane",Cell membrane
ENSP00000465377,0.05249023,0.49296875,0.7640625,0.05484619,0.05324707,0.23027344,0.00150833,0.06516113,0.03237305,0.05385742,0.03337402,"Cytoplasm, Nucleus","Cytoplasm, Nucleus"
ENSP00000027335,0.62539062,0.24921875,0.15732422,0.37382813,0.69375,0.06464844,0.00552521,0.2125,0.15439453,0.23125,0.03051758,"Membrane, Cell membrane",Cell membrane
ENSP00000409731,0.20585938,0.6296875,0.48945312,0.46416016,0.27890625,0.23613281,0.00537834,0.05986328,0.05285645,0.10957031,0.04886474,Cytoplasm,"Cytoplasm, Cell membrane"
ENSP00000314004,0.15917969,0.51445312,0.63359375,0.10375977,0.10458985,0.24628906,0.00348396,0.14306641,0.17246094,0.50390625,0.01326599,"Cytoplasm, Nucleus",Nucleus
ENSP00000362045,0.04169922,0.2609375,0.82265625,0.13955078,0.02320557,0.13476562,0.00810547,0.04802246,0.00706177,0.03735352,0.00683136,Nucleus,Nucleus
ENSP00000289746,0.5765625,0.26835938,0.18046875,0.28769531,0.65625,0.11767578,0.00096054,0.20996094,0.23320313,0.31132813,0.0875,"Membrane, Cell membrane","Cell membrane, Golgi apparatus"
ENSP00000288976,0.11748047,0.6140625,0.40039063,0.12851562,0.17128906,0.24765625,0.00609932,0.11904297,0.12841797,0.22109375,0.02004395,Cytoplasm,Nucleus
ENSP00000486816,0.05488281,0.26308594,0.8203125,0.14707031,0.03791504,0.13583984,0.01036987,0.05493164,0.0098938,0.05151367,0.00558167,Nucleus,Nucleus
ENSP00000450998,0.40625,0.48554687,0.340625,0.37675781,0.51992188,0.28242188,0.04949341,0.26152344,0.14814453,0.48984375,0.09521485,Cytoplasm,"Cytoplasm, Cell membrane"
ENSP00000431611,0.73125,0.15507812,0.10126953,0.19121094,0.69375,0.25546875,0.01689453,0.265625,0.25683594,0.17333984,0.03786621,"Membrane, Cell membrane",Cell membrane
ENSP00000376504,0.17548828,0.6375,0.34394531,0.22089844,0.22717285,0.22060547,0.00435486,0.20898438,0.18486328,0.21953125,0.05366211,Cytoplasm,Nucleus
ENSP00000430048,0.07783203,0.54648437,0.44375,0.38515625,0.07568359,0.21933594,0.165625,0.05302734,0.06894531,0.13935547,0.54179687,Cytoplasm,"Cytoplasm, Nucleus"
ENSP00000288439,0.74296875,0.175,0.11210937,0.07919922,0.46796875,0.35703125,0.02791138,0.45507813,0.32929688,0.38710938,0.05690918,Membrane,Golgi apparatus
ENSP00000419330,0.21289063,0.5203125,0.34570312,0.25800781,0.10683593,0.45976562,0.03078613,0.24960938,0.22363281,0.4046875,0.03405762,Cytoplasm,Golgi apparatus
ENSP00000401064,0.08066406,0.33125,0.58515625,0.0401123,0.03399658,0.25712891,0.00581055,0.20830078,0.03011475,0.13417969,0.03674317,Nucleus,Nucleus
ENSP00000387099,0.12548828,0.5140625,0.28125,0.7265625,0.13046875,0.25253906,0.00208893,0.18808594,0.15029297,0.21230469,0.14385986,"Cytoplasm, Extracellular",Cytoplasm
ENSP00000361964,0.15996094,0.75625,0.25546875,0.10385742,0.11416015,0.12011719,0.00072174,0.0828125,0.0623291,0.15341797,0.07883301,Cytoplasm,"Cytoplasm, Nucleus"
ENSP00000317992,0.07978516,0.3328125,0.61796875,0.08173828,0.03383789,0.184375,0.00269623,0.09125976,0.02634277,0.1633789,0.01206512,Nucleus,Nucleus
ENSP00000380300,0.05654297,0.57578125,0.65234375,0.04770508,0.05424805,0.15351562,0.00139999,0.20078125,0.07768555,0.03953857,0.01343994,"Cytoplasm, Nucleus",Cytoplasm
ENSP00000397869,0.24453125,0.47226563,0.40039062,0.07583008,0.27539063,0.09619141,0.00332489,0.25917969,0.33085938,0.28457031,0.01481781,Cytoplasm,Nucleus
ENSP00000498164,0.06608887,0.52929687,0.665625,0.09331054,0.06953125,0.17265625,0.00123253,0.09125976,0.06687012,0.18544922,0.00218582,"Cytoplasm, Nucleus",Cytoplasm
ENSP00000450973,0.19121094,0.74765625,0.26367187,0.11479492,0.20917969,0.35,0.00322571,0.13369141,0.16650391,0.25253906,0.12509766,Cytoplasm,"Cytoplasm, Nucleus, Cell membrane"
ENSP00000217159,0.79140625,0.13867187,0.08793945,0.1265625,0.70078125,0.30585937,0.00445251,0.31386719,0.32480469,0.19003906,0.06203613,"Membrane, Cell membrane",Cell membrane
ENSP00000392636,0.14902344,0.50351563,0.72265625,0.04121094,0.05241699,0.5609375,0.00032091,0.21445313,0.16337891,0.34472656,0.07940674,"Cytoplasm, Nucleus",Nucleus
ENSP00000253928,0.02119141,0.278125,0.87734375,0.16791992,0.0194458,0.0984375,0.00829925,0.02380371,0.02060547,0.03586426,0.01005402,Nucleus,Nucleus
ENSP00000371607,0.1765625,0.13613281,0.12060547,0.30976562,0.10488281,0.86015625,0.16269531,0.10283203,0.0574707,0.19335937,0.19521484,Mitochondrion,Mitochondrion
ENSP00000390590,0.18027344,0.58515625,0.28496094,0.27089844,0.30273438,0.32421875,0.0083374,0.08139648,0.09345703,0.21875,0.31572266,Cytoplasm,"Cytoplasm, Nucleus"
ENSP00000390121,0.10195312,0.44980469,0.67578125,0.04261169,0.10478516,0.0486084,0.00552673,0.03581543,0.02419434,0.10205078,0.01384277,Nucleus,Nucleus
ENSP00000352676,0.25605469,0.64296875,0.4953125,0.01328125,0.11796875,0.12011719,0.00238419,0.31113282,0.16074219,0.38574219,0.00111504,Cytoplasm,"Cytoplasm, Nucleus"
ENSP00000363878,0.325,0.60546875,0.525,0.09626465,0.22226563,0.11992187,0.00230179,0.14267578,0.27998047,0.6859375,0.00282746,"Cytoplasm, Golgi apparatus",Nucleus
ENSP00000386830,0.13544922,0.42695313,0.63984375,0.03852539,0.03450928,0.32070312,0.04749756,0.23710938,0.11386719,0.18320313,0.25146484,Nucleus,"Cytoplasm, Cell membrane"
ENSP00000484716,0.03532715,0.25117187,0.915625,0.02937012,0.02128906,0.06132812,0.00033245,0.06593017,0.0282959,0.07109375,0.00493927,Nucleus,Nucleus
ENSP00000423638,0.28222656,0.68828125,0.33125,0.23369141,0.3203125,0.19765625,0.06103516,0.11894531,0.09921875,0.6203125,0.08779907,Cytoplasm,"Cytoplasm, Cell membrane, Endoplasmic reticulum"
ENSP00000393856,0.33671875,0.61015625,0.53671875,0.03963623,0.37421875,0.13740234,0.01989136,0.09057617,0.16308594,0.26992187,0.01128845,"Cytoplasm, Nucleus",Cell membrane
ENSP00000478563,0.42539062,0.6296875,0.18300781,0.03164062,0.49101562,0.12929687,0.0014164,0.10136719,0.48710938,0.44375,0.00475769,Cytoplasm,"Cytoplasm, Nucleus"
ENSP00000299192,0.14316406,0.4828125,0.690625,0.01748047,0.10615234,0.16455078,0.01495209,0.16166992,0.06025391,0.22167969,0.00211563,"Cytoplasm, Nucleus","Cytoplasm, Nucleus"
ENSP00000215582,0.16279297,0.77890625,0.23066406,0.22456055,0.21347656,0.28515625,0.00566864,0.06845703,0.20283203,0.37851562,0.22431641,Cytoplasm,Cell membrane
ENSP00000372434,0.14023437,0.31738281,0.76640625,0.04354248,0.09746094,0.13525391,0.00068836,0.09516602,0.11484375,0.06665039,0.01017914,Nucleus,Nucleus
ENSP00000305557,0.29140625,0.59609375,0.33554688,0.04152832,0.30664062,0.16875,0.00205154,0.23710938,0.42421875,0.60039063,0.00746002,Cytoplasm,Cell membrane
ENSP00000465742,0.35644531,0.58046875,0.375,0.08950195,0.40097656,0.20605469,0.00048981,0.16015625,0.45546875,0.27089844,0.00736999,Cytoplasm,"Cytoplasm, Cell membrane"
ENSP00000426528,0.22363281,0.61640625,0.38242188,0.13317871,0.30976563,0.26523437,0.00779571,0.10390625,0.10117187,0.15078125,0.12504883,Cytoplasm,Cell membrane
ENSP00000408536,0.1,0.6453125,0.6015625,0.04445801,0.06713867,0.0579834,0.00053406,0.25722656,0.08608398,0.09052734,0.00346985,"Cytoplasm, Nucleus",Nucleus
ENSP00000269856,0.1390625,0.52070312,0.49257812,0.04394531,0.15302734,0.26171875,0.01411743,0.16425781,0.17070313,0.18613281,0.00814819,Cytoplasm,"Nucleus, Golgi apparatus"
ENSP00000349803,0.05473633,0.20126953,0.8046875,0.04040527,0.03386231,0.09257812,0.00106354,0.07265625,0.02355347,0.06113281,0.00096188,Nucleus,Nucleus
ENSP00000508232,0.22871094,0.4125,0.53945313,0.1222168,0.24667968,0.16806641,0.01879273,0.1890625,0.11186524,0.10439453,0.01809692,Nucleus,Nucleus
ENSP00000404022,0.62421875,0.12451172,0.07783203,0.09294434,0.48476562,0.24609375,0.01367187,0.24550781,0.14716797,0.09526367,0.05126953,Membrane,Golgi apparatus
ENSP00000357352,0.49023438,0.31953125,0.23457031,0.1125,0.63125,0.23105469,0.00258637,0.20615234,0.20078125,0.2015625,0.06235352,"Membrane, Cell membrane",Nucleus
ENSP00000342660,0.62148437,0.23828125,0.24726562,0.11494141,0.68984375,0.14736328,0.00135689,0.23759766,0.24726562,0.31054688,0.05361175,"Membrane, Cell membrane",Nucleus
ENSP00000421294,0.26777344,0.56796875,0.32226562,0.13583984,0.28183594,0.13710938,0.00564728,0.12773438,0.27832031,0.39570312,0.01929932,Cytoplasm,"Nucleus, Cell membrane"
ENSP00000247001,0.21953125,0.590625,0.65,0.22988281,0.15957031,0.18857422,0.00305557,0.08925781,0.10454101,0.14902344,0.00640869,"Cytoplasm, Nucleus",Nucleus
ENSP00000358106,0.17763672,0.53867188,0.37617188,0.21884766,0.26308594,0.1375,0.01904449,0.32070312,0.12636719,0.271875,0.18382568,Cytoplasm,Cytoplasm
ENSP00000159647,0.8625,0.08530273,0.07919922,0.02794189,0.73125,0.10795898,0.01031647,0.35195313,0.45273438,0.30585938,0.00544739,"Membrane, Cell membrane",Cell membrane
ENSP00000425670,0.21992188,0.74375,0.3484375,0.26298828,0.23691406,0.24882813,0.11743164,0.09169922,0.07832031,0.58085938,0.13255615,Cytoplasm,"Cytoplasm, Cell membrane, Endoplasmic reticulum"
ENSP00000442992,0.15927734,0.43164062,0.59140625,0.05593262,0.04155274,0.30585937,0.04296875,0.25585938,0.12070313,0.2234375,0.27548828,Nucleus,"Cytoplasm, Cell membrane"
ENSP00000302879,0.34921875,0.5203125,0.32441406,0.17558594,0.45859375,0.28105469,0.03977661,0.35625,0.06791992,0.24082031,0.05222168,Cytoplasm,"Cytoplasm, Cell membrane"
ENSP00000498317,0.19296875,0.15625,0.15009766,0.13964844,0.05424804,0.95,0.10349121,0.04848633,0.06386719,0.07397461,0.09624024,Mitochondrion,Mitochondrion
ENSP00000341247,0.12734375,0.6078125,0.44492187,0.02630005,0.10507812,0.16420898,0.01487427,0.22333984,0.1019043,0.3265625,0.01863098,Cytoplasm,Cytoplasm
ENSP00000505291,0.74140625,0.47070312,0.24765625,0.03811035,0.38046875,0.11982422,0.00475159,0.35722656,0.80625,0.55859375,0.00971069,"Membrane, Cytoplasm, Lysosome/Vacuole","Cytoplasm, Cell membrane"
ENSP00000394609,0.39726562,0.66015625,0.340625,0.03742676,0.52734375,0.26894531,0.00117302,0.10751953,0.18007812,0.1734375,0.013414,"Cytoplasm, Cell membrane",Cytoplasm
ENSP00000362442,0.20390625,0.54257813,0.30664062,0.1454834,0.11293945,0.12832031,0.00241356,0.11972656,0.18212891,0.21962891,0.01603622,Cytoplasm,"Cytoplasm, Cell membrane"
ENSP00000434245,0.63984375,0.20019531,0.12568359,0.33183594,0.5140625,0.36640625,0.00769653,0.23300781,0.21777344,0.18798828,0.025354,Membrane,Cell membrane
ENSP00000273963,0.12490234,0.60234375,0.51171875,0.08361816,0.08056641,0.14599609,0.01827392,0.08935547,0.16855469,0.24765625,0.015979,Cytoplasm,Nucleus
ENSP00000274457,0.11259766,0.51054687,0.4921875,0.02618408,0.13173828,0.24277344,0.02399292,0.14130859,0.16328125,0.17988281,0.0032074,Cytoplasm,Nucleus
ENSP00000293771,0.03698731,0.18867188,0.88359375,0.02940674,0.02919922,0.07294922,0.00476685,0.05683594,0.02299805,0.08120117,0.00234375,Nucleus,Nucleus
ENSP00000365931,0.04819336,0.24941406,0.915625,0.07873535,0.04960937,0.07353515,0.0047638,0.01791992,0.01069031,0.04003906,0.00237617,Nucleus,Nucleus
ENSP00000262056,0.15390625,0.565625,0.4484375,0.05307617,0.19042969,0.14980469,0.01711731,0.1199707,0.29179688,0.20935059,0.00377808,Cytoplasm,Cytoplasm
ENSP00000501797,0.25742187,0.728125,0.3203125,0.25732422,0.26894531,0.27539063,0.11728516,0.1109375,0.07661133,0.59765625,0.16253052,Cytoplasm,"Cytoplasm, Cell membrane, Endoplasmic reticulum"
ENSP00000209884,0.18886719,0.61328125,0.48632812,0.14233398,0.16005859,0.17382812,0.02024536,0.10185547,0.1694336,0.23564453,0.05490723,Cytoplasm,"Cytoplasm, Golgi apparatus"
ENSP00000379843,0.09487305,0.29335937,0.86484375,0.02703858,0.1131836,0.13144531,0.00345192,0.03376465,0.03588867,0.04470215,0.01330185,Nucleus,Nucleus
ENSP00000497850,0.70234375,0.31914063,0.12353516,0.12822265,0.54296875,0.11337891,0.00147095,0.40019531,0.31054688,0.35273437,0.02584228,"Membrane, Cell membrane",Cell membrane
ENSP00000422784,0.14882813,0.22167969,0.07241211,0.87578125,0.13154297,0.17539063,0.04814453,0.18027344,0.21845703,0.27382813,0.00338593,Extracellular,"Endoplasmic reticulum, Golgi apparatus"
ENSP00000504385,0.07314453,0.27148438,0.74296875,0.34824219,0.04765625,0.13710938,0.03616943,0.04458008,0.00994873,0.05136719,0.00048084,Nucleus,Nucleus
ENSP00000238146,0.05253906,0.14589844,0.80625,0.11079102,0.03168945,0.2109375,0.00125427,0.04892578,0.01801758,0.06835937,0.00198669,Nucleus,Nucleus
ENSP00000361676,0.07402344,0.42851563,0.69140625,0.11953125,0.03803711,0.08215332,0.00383301,0.11396484,0.0972168,0.1300293,0.01076126,Nucleus,Nucleus
ENSP00000455982,0.04213867,0.18007812,0.85078125,0.01784058,0.03076172,0.14179688,0.04030761,0.02469482,0.0185852,0.01558838,0.01757812,Nucleus,"Nucleus, Golgi apparatus"
ENSP00000452721,0.3984375,0.61015625,0.37148437,0.05681152,0.4,0.11865234,0.00094108,0.19511719,0.44609375,0.33535156,0.00233307,Cytoplasm,"Cytoplasm, Cell membrane"
ENSP00000419765,0.07783203,0.11337891,0.8859375,0.04875488,0.05053711,0.04334717,0.00576668,0.03895264,0.09638672,0.07358398,0.005233,Nucleus,Nucleus
ENSP00000500708,0.10205078,0.52070312,0.58203125,0.17177734,0.0295166,0.38496094,0.00701599,0.07324219,0.21298828,0.23457031,0.00738678,"Cytoplasm, Nucleus",Nucleus
ENSP00000362238,0.14707031,0.615625,0.49101562,0.06030273,0.18203125,0.11237793,0.03244629,0.06459961,0.15810547,0.203125,0.01040649,Cytoplasm,Golgi apparatus
ENSP00000386184,0.0987793,0.46015625,0.51757812,0.08300781,0.06357422,0.17675782,0.00124779,0.28476562,0.08549805,0.07421875,0.08259277,None,Nucleus
ENSP00000351383,0.05236817,0.22431641,0.94609375,0.16936035,0.03586426,0.02157593,0.00281124,0.06430664,0.03586425,0.04675293,0.00108681,Nucleus,Nucleus
ENSP00000456908,0.15205078,0.4703125,0.58125,0.03376465,0.10527344,0.3109375,0.00064583,0.18828125,0.13671875,0.21757813,0.00383148,"Cytoplasm, Nucleus",Mitochondrion
ENSP00000505465,0.53867187,0.39882813,0.23476562,0.05405273,0.4234375,0.42734375,0.00221176,0.36328125,0.4796875,0.27412109,0.15065918,Membrane,Cytoplasm
ENSP00000338235,0.8,0.16464844,0.14238281,0.0967041,0.33710938,0.16582031,0.00549164,0.75546875,0.13779297,0.44101562,0.13276367,"Membrane, Endoplasmic reticulum",Endoplasmic reticulum
ENSP00000174618,0.09702148,0.40898437,0.7859375,0.04299316,0.04543457,0.19433594,0.00048764,0.04445801,0.02833252,0.12280273,0.00791168,Nucleus,Nucleus
ENSP00000479078,0.39648438,0.58007813,0.38164063,0.08505859,0.46132813,0.22382813,0.00069771,0.20332031,0.45390625,0.29746094,0.00681,Cytoplasm,"Cytoplasm, Cell membrane"
ENSP00000406144,0.521875,0.40507812,0.25117187,0.04296875,0.42265625,0.41484375,0.0032196,0.35722656,0.49375,0.27529297,0.13740235,Membrane,Cytoplasm
ENSP00000377782,0.07316894,0.15722656,0.92734375,0.03504639,0.05112305,0.08022461,0.01410523,0.00792236,0.00628357,0.05915527,0.00711174,Nucleus,Nucleus
ENSP00000354034,0.48320312,0.31210938,0.28671875,0.24492187,0.59921875,0.19160156,0.02359619,0.17675781,0.19941406,0.31328125,0.01448669,"Membrane, Cell membrane",Cell membrane
ENSP00000392811,0.41816406,0.32421875,0.27851563,0.49609375,0.60625,0.08325195,0.01276245,0.13330078,0.16035156,0.21445312,0.00987243,Cell membrane,Cell membrane
ENSP00000506632,0.51054688,0.2109375,0.3359375,0.41660156,0.13173828,0.32285156,0.02999267,0.45507813,0.41210938,0.30810547,0.04049682,Membrane,"Cytoplasm, Cell membrane"
ENSP00000505154,0.16025391,0.50507812,0.31484375,0.45068359,0.17763672,0.49765625,0.00391235,0.15205078,0.11630859,0.0440918,0.01321106,Cytoplasm,"Cytoplasm, Nucleus"
ENSP00000445021,0.80703125,0.11982422,0.06943359,0.28828125,0.30371094,0.19013672,0.00688171,0.6515625,0.240625,0.82265625,0.02180176,"Membrane, Endoplasmic reticulum, Golgi apparatus",Cell membrane
ENSP00000479888,0.39355469,0.48984375,0.390625,0.11037598,0.346875,0.16894531,0.0006485,0.1293457,0.49804687,0.36367188,0.00559693,Cytoplasm,"Cytoplasm, Cell membrane"
ENSP00000450036,0.53359375,0.20507812,0.203125,0.42382813,0.48085938,0.11445313,0.00157318,0.26289062,0.45546875,0.45859375,0.05076904,Membrane,"Endoplasmic reticulum, Golgi apparatus"
ENSP00000265537,0.19589844,0.11914062,0.10400391,0.20351562,0.06289063,0.9265625,0.04578857,0.09335937,0.05405274,0.0819336,0.12705078,Mitochondrion,Mitochondrion
ENSP00000380690,0.22285156,0.61640625,0.35234375,0.08007812,0.17177734,0.23652344,0.00223656,0.14018555,0.24902344,0.71953125,0.01723328,"Cytoplasm, Golgi apparatus",Cytoplasm
ENSP00000294409,0.03393555,0.22851562,0.87734375,0.07055664,0.02312012,0.03271484,0.0121048,0.01448975,0.00802002,0.04362793,0.00036993,Nucleus,Nucleus
ENSP00000412530,0.09824219,0.4453125,0.5625,0.03464356,0.07282715,0.12519531,0.05741882,0.06733398,0.11367188,0.09643555,0.0036087,Nucleus,Cytoplasm
ENSP00000307128,0.44570312,0.35,0.27109375,0.11293945,0.5734375,0.27363281,0.00363312,0.25800781,0.19072266,0.22148438,0.09626465,Cell membrane,Nucleus
ENSP00000341490,0.14833984,0.23359375,0.15878906,0.8828125,0.17636719,0.21640625,0.00403748,0.15498047,0.15195312,0.25,0.040271,Extracellular,Nucleus
ENSP00000354874,0.30507812,0.3515625,0.465625,0.26738282,0.15615234,0.56835937,0.06650391,0.33222656,0.15664062,0.37695312,0.29589844,None,Nucleus
ENSP00000408858,0.24179688,0.6796875,0.25957031,0.03586426,0.17724609,0.43828125,0.02270508,0.09609375,0.06721191,0.07849121,0.02453461,Cytoplasm,Cytoplasm
ENSP00000446410,0.20429687,0.5765625,0.35507812,0.09501953,0.18222656,0.20234375,0.00522919,0.12548828,0.13583984,0.31523438,0.08505859,Cytoplasm,Cytoplasm
ENSP00000290597,0.18632812,0.15146485,0.09472656,0.14970703,0.10878906,0.91484375,0.01550293,0.05507812,0.08222656,0.11865234,0.22685547,Mitochondrion,Mitochondrion
ENSP00000337816,0.3515625,0.17402344,0.1546875,0.7171875,0.52734375,0.2953125,0.00447311,0.22441406,0.16191406,0.24648438,0.03209229,"Extracellular, Cell membrane",Cell membrane
ENSP00000419516,0.53945312,0.21835938,0.24394531,0.12998047,0.13291016,0.56796875,0.02646484,0.47851562,0.1890625,0.33164063,0.18786621,Membrane,Nucleus
ENSP00000364118,0.02800293,0.26484375,0.87890625,0.07382812,0.03198242,0.12617188,0.00299378,0.01535645,0.03500976,0.06031494,0.00975036,Nucleus,Nucleus
ENSP00000376826,0.25546875,0.67109375,0.29472656,0.3390625,0.27675781,0.21972656,0.00443268,0.07521973,0.14677734,0.28496094,0.03730469,Cytoplasm,"Cytoplasm, Cell membrane"
ENSP00000410707,0.08491211,0.60429687,0.5390625,0.01397705,0.08720703,0.07412109,0.00064392,0.14814453,0.14794922,0.37890625,0.00080986,"Cytoplasm, Nucleus","Cytoplasm, Nucleus"
ENSP00000350469,0.22617187,0.5921875,0.4234375,0.14389648,0.3421875,0.265625,0.00626068,0.1265625,0.121875,0.15410156,0.15817871,Cytoplasm,Cell membrane
ENSP00000216190,0.2190918,0.49296875,0.52109375,0.05551758,0.0673584,0.08686523,0.04433594,0.13974609,0.04709473,0.26914063,0.00033665,Cytoplasm,Cytoplasm
ENSP00000426451,0.1631836,0.5375,0.51015625,0.07924805,0.11035156,0.15478516,0.03848877,0.11435547,0.24121094,0.23095703,0.02766113,Cytoplasm,Nucleus
ENSP00000260803,0.07558594,0.37851562,0.825,0.02321777,0.06320801,0.22539063,0.01152954,0.02536621,0.05981445,0.07749023,0.00827637,Nucleus,Nucleus
ENSP00000220751,0.33632812,0.653125,0.415625,0.0439209,0.3625,0.23945313,0.00081358,0.22661133,0.28652344,0.22695312,0.01238403,Cytoplasm,Cytoplasm
ENSP00000311837,0.46171875,0.50429688,0.37109375,0.17128906,0.5453125,0.16669922,0.00083656,0.11123047,0.16523438,0.23261719,0.00179062,"Membrane, Cytoplasm, Cell membrane",Cell membrane
ENSP00000427820,0.14101562,0.46796875,0.45117188,0.33417969,0.13818359,0.38632812,0.01730957,0.10878906,0.13994141,0.29609375,0.07089844,None,Nucleus
ENSP00000361667,0.80546875,0.10214844,0.15605469,0.09846192,0.18398438,0.27734375,0.01362305,0.665625,0.30429687,0.415625,0.00863037,"Membrane, Endoplasmic reticulum",Nucleus
ENSP00000377093,0.72578125,0.12802734,0.184375,0.05910645,0.12568359,0.6046875,0.03289795,0.71875,0.19204102,0.43730469,0.32333984,"Membrane, Endoplasmic reticulum",Nucleus
ENSP00000307318,0.16630859,0.25976563,0.12900391,0.7390625,0.16523437,0.12392578,0.05131836,0.28144531,0.15126953,0.19921875,0.01662598,Extracellular,Endoplasmic reticulum
ENSP00000293404,0.14931641,0.15566406,0.14814453,0.20195312,0.09951172,0.76015625,0.26191406,0.06337891,0.05151367,0.11259766,0.11513672,Mitochondrion,Mitochondrion
ENSP00000264639,0.22675781,0.56757813,0.5625,0.04003906,0.21210938,0.14716797,0.01000977,0.11118164,0.24121094,0.33652344,0.00231247,"Cytoplasm, Nucleus","Cytoplasm, Nucleus"
ENSP00000393621,0.26074219,0.6703125,0.28691406,0.33984375,0.28125,0.22265625,0.00489655,0.07404785,0.15791016,0.27675781,0.04395752,Cytoplasm,"Cytoplasm, Cell membrane"
ENSP00000498712,0.16162109,0.14824219,0.23144532,0.27050781,0.03474121,0.9015625,0.11479492,0.20712891,0.0487915,0.06757813,0.20068359,Mitochondrion,Mitochondrion
ENSP00000434192,0.15566406,0.2390625,0.215625,0.25380859,0.07426758,0.86640625,0.04882812,0.06962891,0.04150391,0.06591797,0.24882812,Mitochondrion,Mitochondrion
ENSP00000429826,0.14384766,0.53125,0.43007813,0.36601562,0.12949219,0.32695313,0.00781098,0.18691406,0.21347656,0.1953125,0.10449219,Cytoplasm,Golgi apparatus
ENSP00000366460,0.6765625,0.14550781,0.08125,0.32929688,0.6,0.11611328,0.01021729,0.3234375,0.40546875,0.54101563,0.04250488,"Membrane, Cell membrane",Nucleus
ENSP00000438276,0.05117187,0.39492187,0.7421875,0.19609375,0.06704101,0.06850586,0.00798645,0.03635254,0.06240234,0.0920166,0.0866333,Nucleus,Nucleus
ENSP00000500467,0.03393555,0.36875,0.78671875,0.10009765,0.0385376,0.11469727,0.00079536,0.03432617,0.0142456,0.04963379,0.00368042,Nucleus,Nucleus
ENSP00000403411,0.14814453,0.18339844,0.8125,0.0177063,0.06745605,0.296875,0.00329666,0.04313965,0.10246582,0.04863281,0.00148735,Nucleus,Nucleus
ENSP00000391200,0.04501953,0.21542969,0.85703125,0.08300781,0.0555664,0.1303711,0.00047684,0.06967773,0.05925293,0.07089844,0.01992188,Nucleus,Nucleus
ENSP00000262366,0.03017578,0.36074219,0.8796875,0.02105408,0.02011718,0.07734375,0.00030836,0.0347168,0.07150879,0.05117187,0.00223656,Nucleus,Nucleus
ENSP00000309826,0.07294922,0.24882812,0.8671875,0.00762329,0.05598144,0.15810547,0.04602661,0.02558594,0.01636963,0.0465332,0.00119953,Nucleus,Nucleus
ENSP00000317445,0.23613281,0.13349609,0.09814453,0.9484375,0.17441406,0.35439453,0.03734131,0.14267578,0.25878906,0.36308594,0.05480957,Extracellular,Cytoplasm
ENSP00000302993,0.04624023,0.21894531,0.95,0.16364746,0.02995605,0.0190979,0.00315304,0.06186523,0.03598633,0.03901367,0.00103569,Nucleus,Nucleus
ENSP00000269383,0.07001953,0.6375,0.4984375,0.14487305,0.05349121,0.528125,0.0003488,0.12373047,0.20664063,0.21435547,0.03077393,Cytoplasm,"Cytoplasm, Nucleus"
ENSP00000258385,0.690625,0.16171875,0.12519531,0.09487305,0.734375,0.07304688,0.00281677,0.20244141,0.14804687,0.15009766,0.05024414,"Membrane, Cell membrane",Cell membrane
ENSP00000388320,0.20996094,0.48046875,0.56875,0.02159424,0.14277344,0.30195312,0.00050192,0.22890625,0.15654297,0.23564453,0.00205002,"Cytoplasm, Nucleus",Mitochondrion
ENSP00000257570,0.13359375,0.484375,0.421875,0.52421875,0.20566406,0.34804688,0.00068989,0.25546875,0.10966797,0.05185547,0.01669922,Cytoplasm,Cytoplasm
ENSP00000354499,0.77578125,0.06479492,0.08613281,0.07888183,0.42617187,0.184375,0.09283142,0.54882813,0.23945313,0.24140625,0.01996002,Membrane,Mitochondrion
ENSP00000499031,0.12949219,0.45429687,0.73984375,0.12412109,0.15,0.09355469,0.00075989,0.0828125,0.05913086,0.0890625,0.00283127,Nucleus,"Cytoplasm, Nucleus"
ENSP00000356991,0.7,0.22363281,0.13769531,0.19882813,0.7484375,0.1315918,0.00210266,0.240625,0.23613281,0.31132812,0.17293701,"Membrane, Cell membrane",Cell membrane
ENSP00000484105,0.09453125,0.50625,0.634375,0.12607422,0.02570801,0.39550782,0.00679779,0.05629883,0.23574219,0.25664063,0.00792389,"Cytoplasm, Nucleus",Nucleus
ENSP00000366936,0.40273438,0.62578125,0.31289063,0.06865234,0.56054687,0.42226563,0.00159588,0.09765625,0.11396484,0.24589844,0.10870361,"Cytoplasm, Cell membrane",Cytoplasm
ENSP00000353971,0.27207031,0.41875,0.5640625,0.04284668,0.2640625,0.18154297,0.00615692,0.22636719,0.22109375,0.375,0.00916901,Nucleus,Cytoplasm
ENSP00000339532,0.04187012,0.4640625,0.64296875,0.04675293,0.0515625,0.21777344,0.10578613,0.04140625,0.01917114,0.14150391,0.00175629,Nucleus,"Cytoplasm, Nucleus"
ENSP00000401823,0.14755859,0.68515625,0.65,0.01473389,0.08325195,0.16962891,0.00372849,0.0956543,0.08374023,0.17285156,0.02697754,"Cytoplasm, Nucleus",Cytoplasm
ENSP00000329687,0.3390625,0.5671875,0.60625,0.03427124,0.42265625,0.12197266,0.01390381,0.09047851,0.14633789,0.21103516,0.00704803,"Cytoplasm, Nucleus",Cell membrane
ENSP00000368867,0.08037109,0.18457031,0.91328125,0.01740723,0.04628907,0.08095703,0.01676636,0.01327515,0.00725708,0.06669922,0.01725845,Nucleus,Nucleus
ENSP00000452984,0.22148437,0.62734375,0.2625,0.25898438,0.19296875,0.3234375,0.02896729,0.18886719,0.11074218,0.40078125,0.36159668,Cytoplasm,"Cytoplasm, Nucleus"
ENSP00000451621,0.21035156,0.60273437,0.61484375,0.08183594,0.10839844,0.18828125,0.00384178,0.12148438,0.09873047,0.51757812,0.02182922,"Cytoplasm, Nucleus",Nucleus
ENSP00000486501,0.04277344,0.35664062,0.7953125,0.07314453,0.04279785,0.18496094,0.00983162,0.04082031,0.01564941,0.0269043,0.02451172,Nucleus,Nucleus
ENSP00000457746,0.05100098,0.40195312,0.81640625,0.09692383,0.04580078,0.16630859,0.00558929,0.13740235,0.01875,0.15400391,0.00173492,Nucleus,"Cytoplasm, Nucleus"
ENSP00000485289,0.08984375,0.58710937,0.46835937,0.01734619,0.0852539,0.47695313,0.02816162,0.02497558,0.0420166,0.0798584,0.33574219,Cytoplasm,Cytoplasm
ENSP00000355743,0.04858398,0.2296875,0.8890625,0.05671387,0.03833008,0.16494141,0.0038086,0.03547363,0.02218018,0.0508789,0.00073547,Nucleus,Nucleus
ENSP00000481873,0.20048828,0.64609375,0.3921875,0.11835937,0.21992187,0.32617187,0.00630035,0.10341797,0.22167969,0.32890625,0.00901642,Cytoplasm,Nucleus
ENSP00000384695,0.14003906,0.23359375,0.07509766,0.859375,0.12138672,0.16337891,0.05192871,0.20488281,0.21972656,0.24765625,0.00344086,Extracellular,"Endoplasmic reticulum, Golgi apparatus"
ENSP00000274054,0.012146,0.52460937,0.7578125,0.13095703,0.01708374,0.08764648,0.00247879,0.10820312,0.02229614,0.07636719,0.01038818,"Cytoplasm, Nucleus","Cytoplasm, Nucleus"
ENSP00000353013,0.58828125,0.18164062,0.14042969,0.528125,0.66953125,0.15380859,0.00820923,0.21074219,0.19003906,0.37734375,0.08916016,"Membrane, Cell membrane",Endoplasmic reticulum
ENSP00000386297,0.14980469,0.43085937,0.22441406,0.859375,0.14833985,0.30957032,0.00259476,0.18447266,0.215625,0.26660156,0.2394043,Extracellular,Cytoplasm
ENSP00000378228,0.43554688,0.6671875,0.30957031,0.07861328,0.46992188,0.1171875,0.00414276,0.12346191,0.46289062,0.50976562,0.0015976,Cytoplasm,Golgi apparatus
ENSP00000318883,0.478125,0.30039062,0.18027344,0.24726562,0.2078125,0.66875,0.01900635,0.21953125,0.26171875,0.25292969,0.7359375,"Membrane, Mitochondrion, Peroxisome",Mitochondrion
ENSP00000484345,0.34570312,0.59804688,0.42148438,0.07705078,0.39863281,0.21640625,0.00173492,0.20644531,0.34335937,0.43867187,0.00713501,Cytoplasm,"Cytoplasm, Cell membrane"
ENSP00000355866,0.14082031,0.55078125,0.54453125,0.0440918,0.23847656,0.24042969,0.00576325,0.09741211,0.07277832,0.14804688,0.00710373,"Cytoplasm, Nucleus","Cytoplasm, Nucleus"
ENSP00000403974,0.06816406,0.43125,0.70546875,0.13637695,0.02988281,0.08886719,0.0042572,0.10834961,0.14296875,0.17895508,0.00614548,Nucleus,Nucleus
ENSP00000366450,0.678125,0.14902344,0.08007812,0.30898437,0.60703125,0.11142578,0.01317749,0.33710938,0.41367188,0.54101562,0.04197998,"Membrane, Cell membrane",Nucleus
ENSP00000413029,0.11474609,0.26621094,0.22734375,0.76171875,0.10410156,0.16083984,0.19101562,0.17851563,0.17373047,0.39335938,0.1703125,Extracellular,Nucleus
ENSP00000395942,0.28164063,0.45234375,0.49882813,0.07728271,0.17294922,0.07329101,0.00138969,0.17578125,0.28730469,0.41191406,0.01781616,None,Golgi apparatus
ENSP00000414379,0.32578125,0.61679688,0.43359375,0.01077576,0.19726563,0.43359375,0.05965576,0.24990234,0.08425293,0.12602539,0.00826416,Cytoplasm,Cytoplasm
ENSP00000484162,0.09980469,0.42070312,0.63515625,0.10927735,0.10439453,0.34746094,0.00298081,0.19980469,0.06882324,0.17607422,0.06137695,Nucleus,Nucleus
ENSP00000355427,0.04616699,0.21542969,0.8484375,0.09785156,0.05717773,0.12207031,0.00054397,0.06772461,0.06035156,0.07851563,0.01932068,Nucleus,Nucleus
ENSP00000311318,0.20878906,0.48671875,0.54960937,0.10327149,0.10483398,0.2421875,0.0004077,0.25820313,0.23300781,0.32949219,0.0326294,"Cytoplasm, Nucleus",Mitochondrion
ENSP00000263102,0.10649414,0.6515625,0.596875,0.03146973,0.12148437,0.20253906,0.00185318,0.06040039,0.11801758,0.15800781,0.00238419,"Cytoplasm, Nucleus",Cytoplasm
ENSP00000388173,0.05834961,0.29355469,0.92265625,0.06789551,0.07553711,0.06538086,0.00083065,0.02960815,0.01380615,0.02451172,0.00930634,Nucleus,Nucleus
ENSP00000346196,0.16357422,0.15605469,0.15175781,0.13691406,0.08100586,0.92421875,0.00806274,0.05239258,0.01789551,0.07988281,0.07263184,Mitochondrion,Mitochondrion
ENSP00000503886,0.09160156,0.5734375,0.63515625,0.01677246,0.0480957,0.07919922,0.00174103,0.13271484,0.11162109,0.3078125,0.00070534,"Cytoplasm, Nucleus","Cytoplasm, Nucleus"
ENSP00000356046,0.18466797,0.71875,0.42304687,0.03106689,0.20571289,0.29082031,0.0039917,0.12871094,0.24863281,0.18222656,0.05039368,Cytoplasm,Nucleus
ENSP00000481304,0.24550781,0.55859375,0.56796875,0.02769775,0.14121094,0.41054688,0.00105019,0.278125,0.27070312,0.43125,0.06838379,"Cytoplasm, Nucleus",Nucleus
ENSP00000358932,0.371875,0.33066406,0.26308594,0.26748047,0.19433594,0.5796875,0.01456909,0.34921875,0.25273438,0.30917969,0.49589844,None,Nucleus
ENSP00000311486,0.26582031,0.47421875,0.45507812,0.19648437,0.23808594,0.43984375,0.01033478,0.19707031,0.29550781,0.36601563,0.03701782,Cytoplasm,Lysosome/Vacuole
ENSP00000489696,0.18476562,0.44140625,0.45820313,0.1836914,0.10566406,0.35039063,0.05023193,0.04963379,0.04692383,0.08398438,0.11523437,None,Cytoplasm
ENSP00000403044,0.20830078,0.53242188,0.33945313,0.02292786,0.13095703,0.37382812,0.02606258,0.02260132,0.06147461,0.16777344,0.00281067,Cytoplasm,Nucleus
ENSP00000497587,0.21835937,0.13115234,0.11484375,0.05654297,0.09189453,0.9359375,0.10361328,0.03266601,0.05285645,0.09433593,0.17041016,Mitochondrion,Mitochondrion
ENSP00000357484,0.30410156,0.56484375,0.42929687,0.04038086,0.31269531,0.20390625,0.00247498,0.14321289,0.14912109,0.31875,0.00595398,Cytoplasm,Golgi apparatus
ENSP00000333049,0.28515625,0.58710938,0.53710937,0.10234375,0.2765625,0.18320312,0.00109863,0.06320801,0.1703125,0.2274414,0.00760803,"Cytoplasm, Nucleus","Cytoplasm, Nucleus"
ENSP00000477967,0.4125,0.29960937,0.22109375,0.29199219,0.19628906,0.65625,0.01306152,0.20595703,0.13759766,0.22324219,0.7578125,"Mitochondrion, Peroxisome",Mitochondrion
ENSP00000354961,0.55703125,0.11503906,0.33183594,0.18808594,0.22148438,0.26298828,0.0463501,0.7625,0.01369324,0.06750488,0.01262207,"Membrane, Endoplasmic reticulum",Mitochondrion
ENSP00000339530,0.11240234,0.22617188,0.7609375,0.04438477,0.13032227,0.14326172,0.00658321,0.11455078,0.06721191,0.08332519,0.01003475,Nucleus,Nucleus
ENSP00000275227,0.70859375,0.14912109,0.09619141,0.10639648,0.48554688,0.21523437,0.00399055,0.34609375,0.6125,0.40117188,0.00938721,"Membrane, Lysosome/Vacuole",Cytoplasm
ENSP00000433771,0.16103516,0.75859375,0.46796875,0.02381592,0.15292969,0.25722656,0.00563889,0.15361328,0.24355469,0.16455078,0.03182068,Cytoplasm,Nucleus
ENSP00000497847,0.13681641,0.68671875,0.43398437,0.0659668,0.24746094,0.40859375,0.01005402,0.12441406,0.22714843,0.26601562,0.04134826,Cytoplasm,Cytoplasm
ENSP00000438460,0.17636719,0.17314453,0.70625,0.57929687,0.16230469,0.30244141,0.00651042,0.28623047,0.12458496,0.06169434,0.93203125,"Nucleus, Peroxisome",Nucleus
ENSP00000268379,0.27011719,0.16210938,0.05161133,0.20703125,0.07197266,0.94375,0.26298828,0.03969727,0.04464111,0.08813477,0.08601074,Mitochondrion,Mitochondrion
ENSP00000503453,0.1069336,0.24980469,0.71875,0.20151367,0.05908203,0.18876953,0.00481109,0.12890625,0.13466797,0.06303711,0.03227539,Nucleus,Nucleus
ENSP00000379285,0.21113281,0.11611328,0.11240234,0.11601562,0.10703125,0.91875,0.20449219,0.06850586,0.03913574,0.07143555,0.11425782,Mitochondrion,Mitochondrion
ENSP00000357914,0.04487305,0.3203125,0.91640625,0.08479004,0.02995605,0.0409668,0.00242462,0.02944336,0.01699219,0.05449219,0.00090103,Nucleus,Nucleus
ENSP00000333779,0.58125,0.13125,0.15117188,0.40390625,0.48710937,0.15146484,0.01866455,0.14257812,0.38671875,0.27285156,0.10634766,Membrane,Cell membrane
ENSP00000397759,0.42851563,0.64375,0.309375,0.03540039,0.32246094,0.21367187,0.00818939,0.4359375,0.36992188,0.7171875,0.02419434,"Cytoplasm, Golgi apparatus",Golgi apparatus
ENSP00000307260,0.55039063,0.20664063,0.26152344,0.10854492,0.22988281,0.28359375,0.0166748,0.59140625,0.17753906,0.31308594,0.05229492,Membrane,Cytoplasm
ENSP00000423712,0.09384765,0.3921875,0.60859375,0.02248535,0.04296875,0.08828125,0.00165272,0.02019043,0.02763672,0.06035156,0.00489807,Nucleus,"Cytoplasm, Cell membrane"
ENSP00000380142,0.16982422,0.4078125,0.57109375,0.04382324,0.13867187,0.28291016,0.01976929,0.13164062,0.1625,0.07021485,0.02664795,Nucleus,Nucleus
ENSP00000490739,0.28945313,0.45703125,0.35625,0.5125,0.20546875,0.20341797,0.00401306,0.07734375,0.15507812,0.10769043,0.45683594,None,"Cytoplasm, Nucleus, Cell membrane"
ENSP00000429947,0.19580078,0.64921875,0.5,0.01207275,0.17021484,0.18496094,0.00621185,0.22548828,0.17011719,0.1890625,0.00682373,Cytoplasm,Cytoplasm
ENSP00000276603,0.1046875,0.28261719,0.7953125,0.06845703,0.05056152,0.1421875,0.00281372,0.07910156,0.11025391,0.08676758,0.0197876,Nucleus,Nucleus
ENSP00000383919,0.17060547,0.74453125,0.375,0.13652344,0.2640625,0.0828125,0.00056839,0.08881836,0.20566406,0.36816406,0.01944275,Cytoplasm,"Cytoplasm, Nucleus"
ENSP00000497692,0.23496094,0.42539062,0.3828125,0.14628906,0.18710937,0.24003906,0.01031647,0.29863281,0.31796875,0.35605469,0.01193695,None,Nucleus
ENSP00000438154,0.12358398,0.5890625,0.43203125,0.16357422,0.24238281,0.14414062,0.03040161,0.09858399,0.0671875,0.09396973,0.00323334,Cytoplasm,"Cytoplasm, Nucleus"
ENSP00000408854,0.11054688,0.48671875,0.5828125,0.08208008,0.06953125,0.15517578,0.09526367,0.08071289,0.17265625,0.14921875,0.02365723,"Cytoplasm, Nucleus",Nucleus
ENSP00000254928,0.12392578,0.14404297,0.13691406,0.12441406,0.04978027,0.9453125,0.04003906,0.07885742,0.04238281,0.11142578,0.23359375,Mitochondrion,"Cytoplasm, Mitochondrion"
ENSP00000376597,0.20996094,0.32382812,0.6046875,0.12407227,0.08388672,0.15615234,0.00247193,0.09963379,0.30507813,0.28183594,0.00165138,Nucleus,Nucleus
ENSP00000275072,0.10566406,0.59296875,0.29277344,0.65625,0.19960938,0.22539062,0.00534668,0.18183594,0.17060547,0.16396484,0.07053223,"Cytoplasm, Extracellular",Nucleus
ENSP00000476746,0.03688965,0.27734375,0.85078125,0.05075683,0.02729492,0.05615234,0.00387268,0.04658203,0.02999268,0.03684082,0.01850586,Nucleus,Nucleus
ENSP00000248450,0.09091797,0.5046875,0.76875,0.01079102,0.16264648,0.1065918,0.02306671,0.03273926,0.10043946,0.08876953,0.02787895,"Cytoplasm, Nucleus",Cytoplasm
ENSP00000435375,0.13642578,0.33710937,0.60742187,0.04960938,0.03361817,0.29511719,0.00049305,0.12080078,0.07094727,0.06542969,0.02028808,Nucleus,Nucleus
ENSP00000483972,0.21542969,0.59375,0.35273438,0.04708252,0.14951172,0.43398437,0.00957184,0.05197754,0.05463867,0.1850586,0.02090302,Cytoplasm,Nucleus
ENSP00000417207,0.20390625,0.24746094,0.73828125,0.00704651,0.21015625,0.07852783,0.00054741,0.03164063,0.23740235,0.06806641,0.07201996,Nucleus,Nucleus
ENSP00000432878,0.35898437,0.5859375,0.28203125,0.29707031,0.37539063,0.51484375,0.19472656,0.17490234,0.11489258,0.52539062,0.20361328,Cytoplasm,"Cytoplasm, Cell membrane, Endoplasmic reticulum"
ENSP00000355814,0.16582031,0.50859375,0.4046875,0.10009766,0.12519531,0.453125,0.08615723,0.14111328,0.09042969,0.18007813,0.11791992,Cytoplasm,Cytoplasm
ENSP00000302321,0.27226563,0.14160156,0.07226563,0.16064453,0.18261719,0.94375,0.03830567,0.09277344,0.04594726,0.11816406,0.11767578,Mitochondrion,Mitochondrion
ENSP00000414103,0.45585937,0.5109375,0.3171875,0.153125,0.27773438,0.38476563,0.02056274,0.6171875,0.3359375,0.64921875,0.11210938,"Membrane, Cytoplasm",Golgi apparatus
ENSP00000367483,0.1453125,0.33867188,0.22792969,0.76328125,0.19570313,0.22382813,0.02564697,0.26445312,0.0715332,0.17607422,0.06035156,Extracellular,Nucleus
ENSP00000331927,0.04123535,0.15195313,0.75234375,0.0861084,0.03549805,0.09799805,0.00112839,0.02036133,0.02727051,0.02354736,0.01301117,Nucleus,Nucleus
ENSP00000507848,0.25996094,0.44453125,0.52226562,0.02078857,0.17382813,0.27695312,0.00370483,0.1371582,0.309375,0.14482422,0.00737915,None,"Cytoplasm, Nucleus, Cell membrane"
ENSP00000369361,0.16943359,0.68671875,0.28085937,0.22119141,0.18046875,0.23076172,0.00331421,0.05579834,0.09204101,0.23808594,0.00574341,Cytoplasm,Cytoplasm
ENSP00000326194,0.13085938,0.5765625,0.6640625,0.0777832,0.05378418,0.23984375,0.00160561,0.21484375,0.10009766,0.26972656,0.03526611,"Cytoplasm, Nucleus",Nucleus
ENSP00000252115,0.04587402,0.42109375,0.7609375,0.05231934,0.05483399,0.07099609,0.00486145,0.02302246,0.02929687,0.04658203,0.00583267,Nucleus,"Cytoplasm, Nucleus"
ENSP00000357881,0.04208984,0.30820312,0.828125,0.04880371,0.02873535,0.07807617,0.01152344,0.02093506,0.02282715,0.03925781,0.00736389,Nucleus,"Cytoplasm, Nucleus, Cell membrane"
ENSP00000386502,0.20234375,0.42382813,0.48203125,0.12036133,0.22558594,0.58984375,0.02443848,0.0309082,0.14228516,0.07543945,0.00166779,None,Nucleus
ENSP00000401820,0.14550781,0.21289062,0.06665039,0.86328125,0.12285156,0.15380859,0.05032959,0.19980469,0.24238281,0.25292969,0.00344849,Extracellular,"Endoplasmic reticulum, Golgi apparatus"
ENSP00000440875,0.66484375,0.19082031,0.09853516,0.35058594,0.67734375,0.2359375,0.0035141,0.18105469,0.30664062,0.51484375,0.05209961,"Membrane, Cell membrane",Golgi apparatus
ENSP00000445928,0.09775391,0.29726563,0.56679688,0.42265625,0.07944336,0.42578125,0.01893921,0.17675781,0.05720215,0.14541016,0.05915527,Nucleus,Nucleus
ENSP00000497268,0.06970215,0.60273438,0.6609375,0.08151855,0.06708984,0.16855469,0.04428711,0.05488281,0.11394043,0.06914062,0.06026001,"Cytoplasm, Nucleus",Nucleus
ENSP00000368686,0.13857422,0.44804688,0.828125,0.01364746,0.11430664,0.25410156,0.00055504,0.07902832,0.07700195,0.16953125,0.20175781,Nucleus,Nucleus
ENSP00000385020,0.40039063,0.5453125,0.38085937,0.20009766,0.44492187,0.21660156,0.00211334,0.0668457,0.24375,0.22421875,0.00209961,Cytoplasm,Cell membrane
ENSP00000358300,0.15205078,0.29316407,0.74609375,0.20898437,0.09736328,0.17988281,0.01233825,0.04379883,0.10786133,0.16425781,0.00103211,Nucleus,Nucleus
ENSP00000470652,0.61953125,0.10117187,0.25859375,0.05646973,0.13388672,0.33007813,0.00081787,0.67265625,0.16982422,0.72421875,0.14034424,"Membrane, Endoplasmic reticulum, Golgi apparatus",Golgi apparatus
ENSP00000283921,0.05539551,0.29335938,0.8546875,0.07011719,0.06188965,0.08215332,0.00120602,0.04135742,0.04621582,0.03321533,0.01150971,Nucleus,Nucleus
ENSP00000286234,0.44414063,0.57578125,0.36914062,0.07241211,0.44570313,0.21689453,0.00906983,0.16933594,0.25195312,0.46914062,0.00346909,Cytoplasm,"Nucleus, Mitochondrion"
ENSP00000445690,0.27910156,0.6265625,0.44648437,0.04931641,0.23886719,0.26484375,0.00619507,0.20273437,0.13557129,0.36816406,0.00497131,Cytoplasm,Golgi apparatus
ENSP00000393333,0.74921875,0.18808594,0.07099609,0.08620605,0.70390625,0.22773438,0.00872803,0.37734375,0.2015625,0.31523438,0.03170929,"Membrane, Cell membrane",Cell membrane
ENSP00000228741,0.0279541,0.30332031,0.91796875,0.10488281,0.0107666,0.0449707,0.00215225,0.09699707,0.00996094,0.02335205,0.06529541,Nucleus,Nucleus
ENSP00000446242,0.30410156,0.2984375,0.37851562,0.29667969,0.15898438,0.6890625,0.00863037,0.23808594,0.14199219,0.38203125,0.27692871,Mitochondrion,Mitochondrion
ENSP00000357442,0.09038086,0.4015625,0.78515625,0.03547363,0.07158203,0.09853516,0.01199951,0.09589844,0.04155273,0.08339844,0.00104332,Nucleus,Nucleus
ENSP00000502176,0.16113281,0.19355469,0.11503906,0.17509766,0.07587891,0.92109375,0.36835937,0.03273926,0.04899902,0.11435547,0.03166504,Mitochondrion,Mitochondrion
ENSP00000388506,0.13691406,0.25273438,0.7390625,0.0503418,0.08149414,0.07700195,0.00548401,0.06328125,0.09702148,0.359375,0.00127563,Nucleus,Nucleus
ENSP00000296839,0.0376709,0.29765625,0.78828125,0.06928711,0.06657715,0.17138672,0.00099277,0.01965332,0.01416626,0.02244873,0.00691643,Nucleus,Nucleus
ENSP00000273588,0.10517578,0.18574219,0.11416015,0.19335938,0.08491211,0.94140625,0.02089844,0.04387207,0.03862305,0.08935547,0.14086914,Mitochondrion,Mitochondrion
ENSP00000388357,0.04365234,0.328125,0.86484375,0.07670899,0.02380371,0.08261719,0.00731812,0.02503662,0.01315918,0.05268555,0.00057487,Nucleus,Nucleus
ENSP00000387729,0.10405273,0.75078125,0.58242187,0.11687012,0.06865234,0.07197265,0.03356934,0.07426758,0.12871094,0.296875,0.00577736,"Cytoplasm, Nucleus","Cytoplasm, Cell membrane"
ENSP00000381461,0.16875,0.42109375,0.4265625,0.16806641,0.11025391,0.17666016,0.04042969,0.06020508,0.15527344,0.309375,0.0175293,None,Nucleus
ENSP00000315587,0.07602539,0.29101562,0.83203125,0.04915771,0.04345703,0.11230469,0.00066071,0.04587402,0.04562989,0.07973633,0.00051384,Nucleus,Nucleus
ENSP00000358033,0.1921875,0.17460938,0.1453125,0.13164062,0.07182617,0.8578125,0.23691406,0.05913086,0.04458008,0.10878906,0.05053711,Mitochondrion,Cytoplasm
ENSP00000426560,0.04494629,0.21113281,0.66640625,0.34316406,0.0223999,0.4140625,0.00509644,0.07011719,0.01638184,0.08818359,0.06600342,Nucleus,Nucleus
ENSP00000483421,0.14921875,0.20800781,0.06733399,0.8859375,0.12421875,0.17412109,0.05214844,0.18798828,0.24003906,0.24726563,0.00215607,Extracellular,"Endoplasmic reticulum, Golgi apparatus"
ENSP00000438521,0.43046875,0.55859375,0.31289063,0.07636719,0.41875,0.2734375,0.00615234,0.24257812,0.43945313,0.44921875,0.03177795,Cytoplasm,"Cytoplasm, Nucleus"
ENSP00000420269,0.1796875,0.25996094,0.14042969,0.23066406,0.09545899,0.66796875,0.58554687,0.07441406,0.04560547,0.11328125,0.34091797,Mitochondrion,Cytoplasm
ENSP00000340883,0.10498047,0.4734375,0.83359375,0.0762207,0.10249023,0.12734375,0.00458679,0.06035156,0.22314453,0.15664063,0.00223541,"Cytoplasm, Nucleus",Nucleus
ENSP00000422951,0.13857422,0.49335937,0.66015625,0.10341797,0.15478516,0.26015625,0.10229492,0.0387207,0.02305908,0.16904297,0.01978302,"Cytoplasm, Nucleus","Cytoplasm, Cell membrane, Endoplasmic reticulum"
ENSP00000445481,0.31289062,0.4890625,0.45820313,0.20859375,0.25488281,0.446875,0.01389771,0.16220703,0.41796875,0.44453125,0.02414551,Cytoplasm,Lysosome/Vacuole
ENSP00000504470,0.10917969,0.28984375,0.78984375,0.06230469,0.05305176,0.1609375,0.00375672,0.07905274,0.12065429,0.10351563,0.02298584,Nucleus,Nucleus
ENSP00000408963,0.01567383,0.4703125,0.728125,0.15058594,0.01479492,0.12607422,0.00438194,0.10493164,0.02045288,0.05524902,0.01696167,"Cytoplasm, Nucleus","Cytoplasm, Nucleus"
ENSP00000399234,0.17128906,0.47929688,0.61796875,0.09199219,0.12314453,0.20351562,0.00311127,0.16503906,0.05124512,0.20263672,0.01029053,"Cytoplasm, Nucleus","Cytoplasm, Nucleus"
ENSP00000317437,0.08623047,0.5265625,0.67578125,0.03508301,0.06872558,0.18398437,0.02611847,0.20527344,0.32207031,0.14228516,0.12822265,"Cytoplasm, Nucleus","Endoplasmic reticulum, Golgi apparatus"
ENSP00000479512,0.14482422,0.47109375,0.42695312,0.57304687,0.25,0.41601562,0.00089226,0.22597656,0.09912109,0.04458008,0.03421326,Cytoplasm,Cytoplasm
ENSP00000246115,0.784375,0.20058594,0.07358398,0.06835937,0.85859375,0.16601562,0.00458374,0.2171875,0.17412109,0.23671875,0.04921265,"Membrane, Cell membrane",Mitochondrion
ENSP00000437207,0.25185547,0.67265625,0.45976563,0.34677734,0.46875,0.09755859,0.00158463,0.12578125,0.15361328,0.23027344,0.01892395,Cytoplasm,"Nucleus, Cell membrane"
ENSP00000351040,0.05810547,0.47226563,0.7421875,0.1402832,0.06743164,0.16757813,0.00614319,0.07001953,0.04189453,0.09575195,0.05280762,"Cytoplasm, Nucleus",Nucleus
ENSP00000318575,0.17744141,0.6421875,0.32265625,0.05734863,0.14453125,0.190625,0.00290909,0.20302734,0.27490235,0.16962891,0.03764648,Cytoplasm,Cytoplasm
ENSP00000485288,0.11513672,0.50390625,0.52617188,0.02575683,0.08427735,0.53125,0.01677551,0.03172607,0.08486328,0.06765137,0.27705078,Cytoplasm,Cytoplasm
ENSP00000471403,0.05883789,0.28125,0.75546875,0.12290039,0.03364258,0.27109375,0.02002563,0.08847656,0.04597168,0.05524902,0.02124023,Nucleus,"Nucleus, Cell membrane"
ENSP00000386738,0.08759766,0.76875,0.58984375,0.07531738,0.08510742,0.09296875,0.00237198,0.05830078,0.06657715,0.04364013,0.02835083,"Cytoplasm, Nucleus",Cytoplasm
ENSP00000320431,0.5125,0.20683594,0.21738281,0.50234375,0.10644531,0.26835937,0.00412598,0.35078125,0.109375,0.6109375,0.02658691,Membrane,Golgi apparatus
ENSP00000260563,0.29902344,0.35761719,0.60898437,0.03725891,0.12714844,0.55507812,0.00427856,0.01680908,0.0744751,0.08254394,0.0180603,Nucleus,Nucleus
ENSP00000401014,0.05178223,0.4,0.78125,0.02526855,0.08657227,0.15566406,0.0418457,0.01903076,0.00908813,0.01676636,0.01505432,Nucleus,Nucleus
ENSP00000243082,0.12734375,0.371875,0.70234375,0.1765625,0.13842773,0.29355469,0.00776977,0.20390625,0.05483399,0.09638672,0.0268631,Nucleus,Nucleus
ENSP00000266544,0.309375,0.13730469,0.07978516,0.08525391,0.14072266,0.91953125,0.63828125,0.05332031,0.07490234,0.11533203,0.09013672,Mitochondrion,Mitochondrion
ENSP00000452454,0.10307617,0.42460938,0.734375,0.01201172,0.05749512,0.07241211,0.00087242,0.07680664,0.03591309,0.13696289,0.00117111,Nucleus,Nucleus
ENSP00000426083,0.22792969,0.60390625,0.23564453,0.11777344,0.21630859,0.56289063,0.06988525,0.09155274,0.07727051,0.1125,0.02909546,Cytoplasm,"Cytoplasm, Cell membrane"
ENSP00000359095,0.06757812,0.44570313,0.709375,0.13862305,0.09628906,0.37148438,0.00171203,0.03415527,0.03815918,0.09765625,0.00207214,Nucleus,Nucleus
ENSP00000405752,0.48710938,0.62109375,0.284375,0.01784668,0.325,0.24824219,0.00816803,0.40507812,0.29257812,0.7125,0.02338867,"Membrane, Cytoplasm, Golgi apparatus",Golgi apparatus
ENSP00000459933,0.1734375,0.49726562,0.49414062,0.06337891,0.07446289,0.22695313,0.00737457,0.42089844,0.11293945,0.3,0.00202656,Cytoplasm,Nucleus
ENSP00000379284,0.32597656,0.4734375,0.30371094,0.06708984,0.25410157,0.19824219,0.0326477,0.22373047,0.07792969,0.14443359,0.00900574,Cytoplasm,Mitochondrion
ENSP00000335060,0.20625,0.6375,0.18789063,0.23867187,0.2046875,0.7296875,0.00324936,0.09550781,0.19863281,0.46679687,0.11567383,"Cytoplasm, Mitochondrion",Mitochondrion
ENSP00000357215,0.06679688,0.26621094,0.72109375,0.375,0.07451172,0.02253418,0.00118256,0.01582031,0.02954101,0.31533203,0.02306518,Nucleus,Nucleus
ENSP00000313822,0.05356445,0.30976562,0.82421875,0.03758545,0.02697754,0.17265625,0.00570526,0.02502441,0.03198242,0.10429688,0.0028183,Nucleus,Nucleus
ENSP00000483921,0.12451172,0.46757813,0.778125,0.03249664,0.09863281,0.09873047,0.00702972,0.12019043,0.12148437,0.11386719,0.11225433,Nucleus,Nucleus
ENSP00000430121,0.1375,0.4703125,0.703125,0.175,0.11923828,0.11982422,0.0411499,0.10961914,0.08696289,0.13457031,0.05175781,"Cytoplasm, Nucleus",Nucleus
ENSP00000342699,0.12167969,0.628125,0.50625,0.06126099,0.05136719,0.17207031,0.00196571,0.08764648,0.13789063,0.22753906,0.01157532,Cytoplasm,"Cytoplasm, Nucleus"
ENSP00000265732,0.0345459,0.33867187,0.83515625,0.07792969,0.05683594,0.06035156,0.0025547,0.0350708,0.01026611,0.0467041,0.00233307,Nucleus,Nucleus
ENSP00000274031,0.03947754,0.50820312,0.76953125,0.05129395,0.02939453,0.14619141,0.10992432,0.08964844,0.03900146,0.04017334,0.00400009,"Cytoplasm, Nucleus",Nucleus
ENSP00000370532,0.03518066,0.27109375,0.8703125,0.01981811,0.04121094,0.11289062,0.00579681,0.0399414,0.0152832,0.03441162,0.00191116,Nucleus,Nucleus
ENSP00000493763,0.20390625,0.46679688,0.18022461,0.27197266,0.0564331,0.39726562,0.01930237,0.0861084,0.34824219,0.16473389,0.12181396,None,Nucleus
ENSP00000427300,0.09248047,0.34023437,0.646875,0.30859375,0.02851562,0.46523437,0.1394043,0.13769531,0.05878906,0.08618164,0.00704804,Nucleus,Nucleus
ENSP00000339524,0.06142578,0.28515625,0.82265625,0.04941406,0.06108399,0.18828125,0.0025116,0.10839844,0.03740234,0.0557373,0.00703888,Nucleus,Nucleus
ENSP00000480216,0.10546875,0.53164063,0.6015625,0.07199707,0.13154297,0.3828125,0.00294113,0.11435547,0.14038086,0.11289063,0.01417389,"Cytoplasm, Nucleus","Cytoplasm, Nucleus"
ENSP00000431778,0.05039063,0.28828125,0.85546875,0.06853027,0.03542481,0.08647461,0.00077362,0.02647705,0.02478027,0.05686035,0.00049734,Nucleus,Nucleus
ENSP00000449746,0.12636719,0.49453125,0.53242188,0.07480469,0.13999023,0.19570313,0.01444855,0.10512695,0.23916015,0.13310547,0.00710449,"Cytoplasm, Nucleus",Cytoplasm
ENSP00000410603,0.24042969,0.4625,0.68046875,0.03374023,0.39179688,0.19863281,0.00608978,0.11884766,0.22617187,0.29492187,0.00821991,Nucleus,"Cytoplasm, Nucleus"
ENSP00000385529,0.33164062,0.48007812,0.38046875,0.03439942,0.32421875,0.37324219,0.02158203,0.07827148,0.23808594,0.28671875,0.30092774,Cytoplasm,Cytoplasm
ENSP00000413963,0.19550781,0.41054687,0.4953125,0.35410156,0.13115234,0.22480469,0.03848877,0.03864746,0.12177734,0.07714844,0.64819336,None,Cytoplasm
ENSP00000369411,0.25097656,0.46601562,0.37207031,0.03712158,0.12226562,0.30273437,0.01824341,0.36640625,0.02924804,0.19472656,0.00818329,None,Nucleus
ENSP00000355979,0.03144531,0.39609375,0.8625,0.08620605,0.05019531,0.10395508,0.02138672,0.05305176,0.04433594,0.02705078,0.02380371,Nucleus,Nucleus
ENSP00000503956,0.26328125,0.12509766,0.05893555,0.12236328,0.17871094,0.94765625,0.04724121,0.06933594,0.03928223,0.09780273,0.0831543,Mitochondrion,Mitochondrion
ENSP00000489856,0.10527344,0.17753906,0.11689453,0.19199219,0.08398438,0.9375,0.01955566,0.04584961,0.03630371,0.07973633,0.11958008,Mitochondrion,Mitochondrion
ENSP00000438158,0.15458984,0.6484375,0.51289062,0.38613281,0.14560547,0.38691406,0.08504639,0.08115234,0.11914062,0.18417969,0.01375733,Cytoplasm,Cytoplasm
ENSP00000362685,0.09438476,0.63046875,0.53203125,0.10673828,0.11044922,0.24570313,0.02705994,0.09213867,0.11972656,0.0934082,0.06038818,"Cytoplasm, Nucleus",Nucleus
ENSP00000502859,0.38984375,0.38789062,0.18105469,0.24628907,0.17617187,0.53320313,0.22695313,0.2734375,0.1430664,0.19648438,0.16035156,None,Mitochondrion
ENSP00000299163,0.05366211,0.52421875,0.42148437,0.16459961,0.04584961,0.26376953,0.07353516,0.11157227,0.07280273,0.20751953,0.00536499,Cytoplasm,"Cytoplasm, Nucleus"
ENSP00000489758,0.10888672,0.27578125,0.10976563,0.21523438,0.09560547,0.8984375,0.06132813,0.03896484,0.04433594,0.08486328,0.41484375,Mitochondrion,Mitochondrion
ENSP00000453463,0.04995117,0.32128907,0.86875,0.13911133,0.02436524,0.08671875,0.00246735,0.0298584,0.01947022,0.06962891,0.00063248,Nucleus,Nucleus
ENSP00000345702,0.06523437,0.35,0.7484375,0.09445801,0.03748779,0.06083984,0.00046673,0.11220703,0.02958984,0.08505859,0.00091591,Nucleus,Nucleus
ENSP00000303315,0.12021484,0.18398438,0.8515625,0.03554687,0.07661133,0.12324219,0.02055053,0.02591553,0.04963379,0.04128418,0.00011945,Nucleus,Nucleus
ENSP00000463121,0.26152344,0.37890625,0.56445312,0.07648926,0.14824219,0.28652344,0.00376892,0.07734375,0.17988281,0.11708984,0.02269287,Nucleus,"Cytoplasm, Nucleus, Mitochondrion"
ENSP00000398124,0.16044922,0.43398438,0.8421875,0.02484131,0.11367188,0.23535156,0.00034976,0.07019043,0.12382812,0.20947266,0.15373535,Nucleus,Nucleus
ENSP00000243878,0.10986328,0.56875,0.34921875,0.07221679,0.14140625,0.20019531,0.00116348,0.07573242,0.12763672,0.11103516,0.1105957,Cytoplasm,"Cytoplasm, Cell membrane"
ENSP00000361171,0.14980469,0.22871094,0.69375,0.02177735,0.07060547,0.14060059,0.01723327,0.07072754,0.10639648,0.08505859,0.00846405,Nucleus,Nucleus
ENSP00000403660,0.621875,0.246875,0.0621582,0.19306641,0.6578125,0.15585937,0.00456848,0.27460937,0.12045898,0.23925781,0.02521362,"Membrane, Cell membrane",Cell membrane
ENSP00000386280,0.43203125,0.28632813,0.33496094,0.15151367,0.24511719,0.45644531,0.00506287,0.16298828,0.08330078,0.06171875,0.24453125,None,Nucleus
ENSP00000269967,0.06801758,0.49609375,0.58984375,0.03011475,0.06572266,0.39921875,0.00117073,0.12006836,0.05061035,0.08759766,0.01737671,"Cytoplasm, Nucleus",Nucleus
ENSP00000357920,0.1522461,0.2765625,0.23720703,0.09682617,0.02568359,0.45703125,0.03945313,0.39804688,0.15722656,0.20610352,0.7453125,Peroxisome,Cytoplasm
ENSP00000341843,0.07753906,0.43359375,0.7578125,0.07197266,0.05566406,0.17011719,0.00144339,0.06738281,0.10039063,0.12524414,0.0135849,Nucleus,Nucleus
ENSP00000484534,0.03718262,0.35214844,0.88828125,0.02211914,0.01317444,0.45566406,0.00173302,0.01474609,0.04162598,0.01416321,0.01607361,Nucleus,Nucleus
ENSP00000356974,0.19023438,0.22265625,0.19042969,0.92109375,0.36796875,0.18085937,0.00787353,0.20390625,0.12275391,0.3375,0.05595703,Extracellular,Nucleus
ENSP00000263121,0.14873047,0.4734375,0.8265625,0.13813477,0.14980469,0.11982422,0.00378266,0.05187988,0.19350586,0.1897461,0.00060577,"Cytoplasm, Nucleus",Nucleus
ENSP00000222567,0.03701172,0.23574219,0.878125,0.12131348,0.02344971,0.03198242,0.00203247,0.08427734,0.01549683,0.0972168,0.00230026,Nucleus,Nucleus
ENSP00000204517,0.05554199,0.34824219,0.8828125,0.03640137,0.03217774,0.11162109,0.00087905,0.01494141,0.0703125,0.15039062,0.00588455,Nucleus,Nucleus
ENSP00000438800,0.76015625,0.12089844,0.05683594,0.07463379,0.734375,0.09912109,0.00700378,0.25449219,0.1484375,0.17089844,0.00936127,"Membrane, Cell membrane",Cell membrane
ENSP00000432382,0.43828125,0.67421875,0.31914062,0.01868896,0.32050781,0.25957031,0.00466461,0.32265625,0.31689453,0.60546875,0.02570801,Cytoplasm,Golgi apparatus
ENSP00000319739,0.19707031,0.19042969,0.17871094,0.40234375,0.20976563,0.11000976,0.00327453,0.57890625,0.246875,0.371875,0.03631592,None,Endoplasmic reticulum
ENSP00000468290,0.2359375,0.44257813,0.5453125,0.46601563,0.13505859,0.49335938,0.00040932,0.18925781,0.11694336,0.32871094,0.12337647,Nucleus,Mitochondrion
ENSP00000463424,0.22226563,0.61171875,0.43398438,0.08388672,0.13759765,0.11342773,0.00689392,0.18818359,0.13251953,0.15341797,0.03325195,Cytoplasm,Cytoplasm
ENSP00000420802,0.47695312,0.22265625,0.1140625,0.49335938,0.53476563,0.15507812,0.00235596,0.35703125,0.42851562,0.30449219,0.16959229,"Membrane, Cell membrane",Cell membrane
ENSP00000360597,0.56796875,0.17636719,0.11835937,0.54726563,0.50078125,0.24023438,0.00120086,0.32539063,0.35703125,0.39296875,0.10170898,Membrane,Cell membrane
ENSP00000364119,0.1265625,0.55078125,0.625,0.078125,0.07797852,0.12666016,0.01323242,0.05361328,0.13466797,0.50742187,0.00168381,"Cytoplasm, Nucleus",Endoplasmic reticulum
ENSP00000478061,0.4515625,0.63359375,0.46601562,0.10717773,0.6625,0.13808594,0.00416336,0.19863281,0.13623047,0.27148437,0.01290283,"Cytoplasm, Cell membrane",Cell membrane
ENSP00000387119,0.17666016,0.45976563,0.43671875,0.24287109,0.20673828,0.25507812,0.01781921,0.06884765,0.20859375,0.08127441,0.55800781,None,Cytoplasm
ENSP00000362328,0.7875,0.14433594,0.12861328,0.19736328,0.70078125,0.28085938,0.0026371,0.31191406,0.46953125,0.15107422,0.02731934,"Membrane, Cell membrane",Cell membrane
ENSP00000503132,0.13168945,0.19882813,0.86875,0.03760986,0.06157227,0.13623047,0.01906433,0.03964844,0.08168945,0.11166992,0.0006876,Nucleus,Nucleus
ENSP00000469035,0.25527344,0.48945313,0.37695313,0.06772461,0.22910156,0.18193359,0.00085487,0.10966797,0.15991211,0.08876953,0.30222168,Cytoplasm,Golgi apparatus
ENSP00000426183,0.13662109,0.46796875,0.75078125,0.02662048,0.12402344,0.11572266,0.00915527,0.11486817,0.11220703,0.10527344,0.10974884,Nucleus,Nucleus
ENSP00000435393,0.21542969,0.46171875,0.64296875,0.08251953,0.11943359,0.30097656,0.02631836,0.10444336,0.14082031,0.21230469,0.00597992,Nucleus,Nucleus
ENSP00000332049,0.55,0.22578125,0.14501953,0.34960937,0.61875,0.13876953,0.00630798,0.25820312,0.2375,0.35273437,0.08188477,"Membrane, Cell membrane",Cell membrane
ENSP00000392070,0.03266602,0.22480469,0.84140625,0.04871826,0.01965332,0.35390625,0.00274658,0.06044922,0.01000977,0.04379883,0.00053482,Nucleus,Nucleus
ENSP00000468069,0.02780762,0.27890625,0.78671875,0.15107422,0.03754883,0.16308594,0.00077667,0.01646118,0.07851562,0.0347168,0.02869492,Nucleus,Nucleus
ENSP00000374550,0.08676758,0.41445312,0.74375,0.15556641,0.08759766,0.18828125,0.01798096,0.10253906,0.08706055,0.08876953,0.24072266,Nucleus,Cytoplasm
ENSP00000496837,0.17509766,0.50664063,0.47226563,0.0303833,0.13945312,0.29082031,0.00096435,0.22558594,0.15117187,0.18564453,0.00649567,Cytoplasm,"Cytoplasm, Nucleus"
ENSP00000427011,0.7265625,0.22089844,0.18222656,0.10742188,0.7328125,0.18823242,0.00322266,0.21269531,0.40195312,0.42265625,0.05461426,"Membrane, Cell membrane",Nucleus
ENSP00000380217,0.56171875,0.24296875,0.10136719,0.41054687,0.59453125,0.18769531,0.0022438,0.38320313,0.4546875,0.32226562,0.21774902,"Membrane, Cell membrane",Cell membrane
ENSP00000473467,0.16171875,0.553125,0.64765625,0.10554199,0.11650391,0.14970703,0.03405762,0.09194336,0.05366211,0.3163086,0.00655212,"Cytoplasm, Nucleus","Cytoplasm, Nucleus"
ENSP00000390152,0.228125,0.15302735,0.20263672,0.91015625,0.31621094,0.16796875,0.02972412,0.07792969,0.17089844,0.22890625,0.02450867,Extracellular,Cell membrane
ENSP00000480722,0.07158203,0.51875,0.45,0.18408203,0.1350586,0.49726562,0.00224648,0.04750977,0.0269043,0.06357422,0.27832031,Cytoplasm,"Nucleus, Golgi apparatus"
ENSP00000216807,0.06674805,0.4296875,0.68671875,0.18837891,0.10537109,0.12646484,0.00070476,0.04504395,0.21484375,0.15041504,0.00069962,Nucleus,Nucleus
ENSP00000291691,0.09287109,0.44492188,0.55859375,0.4625,0.0796875,0.1828125,0.00135651,0.06743164,0.03935547,0.10053711,0.14189453,Nucleus,Nucleus
ENSP00000504515,0.26269531,0.12402344,0.06665039,0.10087891,0.17783203,0.95390625,0.03868408,0.06767578,0.04116211,0.08720703,0.07646484,Mitochondrion,Mitochondrion
ENSP00000339326,0.15810547,0.59140625,0.63203125,0.40585937,0.18496094,0.36484375,0.00053387,0.1140625,0.13364258,0.17646484,0.00440063,"Cytoplasm, Nucleus","Cytoplasm, Nucleus, Cell membrane"
ENSP00000442500,0.06005859,0.33632813,0.89140625,0.09423828,0.0291748,0.04282227,0.001651,0.02878418,0.02160034,0.11308594,0.00018191,Nucleus,Nucleus
ENSP00000437928,0.10429688,0.4828125,0.77578125,0.03579102,0.08945312,0.165625,0.00318069,0.08193359,0.08203125,0.07133789,0.01866455,"Cytoplasm, Nucleus",Nucleus
ENSP00000468486,0.08417969,0.56484375,0.48125,0.24726563,0.06704101,0.25585938,0.00413208,0.04787598,0.08532715,0.10732422,0.00143852,Cytoplasm,Cytoplasm
ENSP00000326693,0.66171875,0.10556641,0.13222656,0.0336792,0.09726562,0.92734375,0.25693359,0.16269531,0.15634766,0.13857422,0.496875,"Membrane, Mitochondrion",Mitochondrion
ENSP00000496818,0.19736328,0.43789063,0.33359375,0.41953125,0.18164063,0.4640625,0.22880859,0.16679687,0.13095703,0.16455078,0.15869141,None,Nucleus
ENSP00000268125,0.35,0.596875,0.39765625,0.0722168,0.13828125,0.26757813,0.00683899,0.27685547,0.26972656,0.3625,0.01678772,Cytoplasm,Cytoplasm
ENSP00000499450,0.3921875,0.08540039,0.11982422,0.07299804,0.07670898,0.91796875,0.35664062,0.06625976,0.04746094,0.13310547,0.13056641,Mitochondrion,Mitochondrion
ENSP00000359795,0.44882812,0.54140625,0.46171875,0.10522461,0.62421875,0.0934082,0.01275635,0.16054688,0.05830078,0.23769531,0.00654754,"Cytoplasm, Cell membrane",Cytoplasm
ENSP00000486676,0.49648437,0.19960937,0.16699219,0.20703125,0.14726563,0.6640625,0.02603149,0.52851562,0.16523438,0.25878906,0.48066406,"Membrane, Mitochondrion",Cytoplasm
ENSP00000440227,0.16865234,0.609375,0.240625,0.11394043,0.07480469,0.4125,0.25479736,0.14453125,0.11201172,0.13603516,0.11655273,Cytoplasm,Cytoplasm
ENSP00000371408,0.58984375,0.41132813,0.37109375,0.02593994,0.60546875,0.25625,0.00308075,0.17617187,0.46367187,0.59414063,0.1321289,"Membrane, Cell membrane",Cell membrane
ENSP00000351211,0.74375,0.12539062,0.11123047,0.07976074,0.73125,0.36445313,0.03276367,0.12700195,0.11918945,0.05219726,0.0505188,"Membrane, Cell membrane",Cell membrane
ENSP00000312288,0.25800781,0.12714843,0.07368164,0.04682617,0.04875488,0.9828125,0.41113281,0.02885742,0.03067627,0.03149414,0.24550781,Mitochondrion,Mitochondrion
ENSP00000385376,0.12070312,0.65859375,0.484375,0.04295349,0.05146484,0.1765625,0.00135918,0.07416992,0.15317383,0.26074218,0.00790711,Cytoplasm,"Cytoplasm, Nucleus"
ENSP00000308082,0.65859375,0.14111328,0.14394531,0.11782227,0.72109375,0.37929688,0.01000366,0.11108399,0.1390625,0.06254883,0.05840759,"Membrane, Cell membrane",Cell membrane
ENSP00000006015,0.1111084,0.26113281,0.79609375,0.03845215,0.08369141,0.12493897,0.00216446,0.07052002,0.05372315,0.04761963,0.00989075,Nucleus,Nucleus
ENSP00000427329,0.04328613,0.4265625,0.790625,0.03051758,0.02692871,0.14492187,0.00520935,0.06228027,0.0248291,0.03581543,0.01255493,Nucleus,Nucleus
ENSP00000364525,0.0440918,0.20839844,0.93515625,0.10771485,0.02590332,0.09321289,0.08005371,0.01622315,0.03007813,0.06054687,0.00110321,Nucleus,Nucleus
ENSP00000261245,0.12880859,0.49492187,0.73203125,0.01786499,0.12519531,0.23789062,0.00080427,0.14960938,0.15888672,0.08579102,0.00476074,"Cytoplasm, Nucleus",Nucleus
ENSP00000215742,0.0305542,0.34140625,0.80234375,0.19013672,0.04023437,0.2890625,0.00275421,0.06230469,0.05407715,0.04407959,0.03798828,Nucleus,Nucleus
ENSP00000430457,0.38789063,0.5484375,0.39023438,0.07224121,0.39570312,0.23359375,0.01253662,0.15537109,0.21904297,0.38554687,0.00362854,Cytoplasm,"Nucleus, Mitochondrion"
ENSP00000478813,0.18066406,0.11777344,0.11445312,0.15087891,0.06777344,0.9390625,0.02268066,0.07236328,0.04128418,0.08652344,0.23466797,Mitochondrion,Mitochondrion
ENSP00000307695,0.19453125,0.52421875,0.490625,0.15141602,0.20078125,0.28085937,0.00203171,0.12646485,0.13945313,0.15683594,0.18383789,Cytoplasm,Nucleus
ENSP00000225972,0.68203125,0.16064453,0.27910156,0.06633301,0.23769531,0.41328125,0.05476074,0.4265625,0.22402344,0.37148438,0.08893433,Membrane,Endoplasmic reticulum
ENSP00000380311,0.13984375,0.5265625,0.76640625,0.03884277,0.11152344,0.16582031,0.00171661,0.090625,0.10161133,0.10913086,0.00839386,"Cytoplasm, Nucleus",Nucleus
ENSP00000329214,0.45820313,0.1859375,0.16601562,0.60351563,0.08881836,0.21972656,0.01400147,0.3171875,0.10048828,0.5671875,0.01582947,Membrane,Nucleus
ENSP00000321679,0.15742187,0.49492187,0.51132813,0.11401367,0.23339844,0.31464844,0.00735474,0.10224609,0.12016601,0.22050781,0.02752685,Cytoplasm,Nucleus
ENSP00000316042,0.04479981,0.59453125,0.76875,0.09154053,0.05615235,0.06494751,0.0092041,0.08360596,0.04975586,0.02108154,0.00074425,"Cytoplasm, Nucleus",Nucleus
ENSP00000446680,0.10859375,0.27382813,0.78203125,0.04846192,0.06008301,0.13352661,0.00200024,0.0784668,0.05123291,0.04371338,0.02576904,Nucleus,Nucleus
ENSP00000346300,0.3046875,0.58085938,0.48984375,0.06188965,0.28652344,0.09277344,0.00681458,0.05900879,0.28896484,0.25839844,0.01434326,Cytoplasm,Nucleus
ENSP00000279206,0.12631836,0.578125,0.30390625,0.34052734,0.24492188,0.39296875,0.00401382,0.11733398,0.04968262,0.19492187,0.76132813,"Cytoplasm, Peroxisome",Nucleus
ENSP00000407646,0.246875,0.43320313,0.4453125,0.28476562,0.1578125,0.33046875,0.0239624,0.1123291,0.03479004,0.16376953,0.00602131,None,"Cytoplasm, Nucleus"
ENSP00000352831,0.21308594,0.3984375,0.53984375,0.06975097,0.1484375,0.35273437,0.03575134,0.06921387,0.0282959,0.04926758,0.0217102,Nucleus,Nucleus
ENSP00000274000,0.5109375,0.39648438,0.42226562,0.02270508,0.46445312,0.29199219,0.01949463,0.06289063,0.3390625,0.38867187,0.05761719,Membrane,Golgi apparatus
ENSP00000457284,0.17246094,0.22128906,0.14042969,0.95,0.2640625,0.17910156,0.00774231,0.13007813,0.1921875,0.334375,0.03337402,Extracellular,"Cytoplasm, Cell membrane"
ENSP00000326305,0.86796875,0.15722656,0.11318359,0.01888428,0.28203125,0.9515625,0.04438477,0.29804688,0.17324219,0.23554687,0.26074219,"Membrane, Mitochondrion",Mitochondrion
ENSP00000393970,0.18974609,0.55,0.5125,0.20527344,0.16591797,0.3390625,0.17563477,0.23623047,0.10634766,0.19638672,0.01123352,Cytoplasm,Mitochondrion
ENSP00000275766,0.03632812,0.396875,0.59140625,0.2640625,0.02885742,0.19072266,0.00066719,0.06494141,0.03269043,0.03428955,0.00439453,Nucleus,Cytoplasm
ENSP00000446662,0.19414062,0.21953125,0.18046875,0.86171875,0.26484375,0.12060547,0.00908508,0.24570313,0.33007813,0.32890625,0.01655273,Extracellular,"Endoplasmic reticulum, Golgi apparatus"
ENSP00000416970,0.14101563,0.13007813,0.12861328,0.1875,0.09355469,0.89453125,0.01740112,0.05209961,0.07739258,0.10507813,0.09365234,Mitochondrion,Mitochondrion
ENSP00000283429,0.16767578,0.3296875,0.25546875,0.15117187,0.20957031,0.31699219,0.01103516,0.08056641,0.103125,0.27226562,0.2616211,None,Nucleus
ENSP00000503461,0.25214844,0.121875,0.06557617,0.11035156,0.15917969,0.95234375,0.05710449,0.06176758,0.03662109,0.0800293,0.07509766,Mitochondrion,Mitochondrion
ENSP00000496754,0.06630859,0.31796875,0.69765625,0.28867187,0.04958496,0.13974609,0.00106621,0.07124023,0.0432373,0.10239258,0.00375366,Nucleus,Nucleus
ENSP00000265523,0.05380859,0.55039062,0.49882812,0.14550781,0.02103271,0.51210938,0.0380188,0.10966797,0.03476562,0.22226562,0.01851654,Cytoplasm,Cytoplasm
ENSP00000408065,0.15234375,0.55507813,0.41835938,0.39833984,0.17714844,0.13339844,0.02266846,0.03479004,0.08198242,0.11860351,0.00836716,Cytoplasm,Nucleus
ENSP00000392629,0.29355469,0.24238281,0.14580078,0.7890625,0.21445312,0.47539062,0.00384674,0.24726563,0.18925781,0.18496094,0.02498779,Extracellular,Cell membrane
ENSP00000371061,0.16630859,0.52460937,0.53828125,0.11396484,0.15478515,0.21054688,0.00324097,0.22714844,0.20097657,0.31269531,0.02435303,"Cytoplasm, Nucleus","Cytoplasm, Nucleus"
ENSP00000442224,0.05664062,0.31015625,0.7890625,0.2109375,0.05126953,0.07219238,0.01529541,0.06030273,0.03233643,0.16132812,0.02357483,Nucleus,Nucleus
ENSP00000265164,0.1921875,0.659375,0.55429688,0.32285156,0.25761718,0.46992187,0.00215988,0.16416016,0.28759766,0.19433594,0.00511322,"Cytoplasm, Nucleus",Cytoplasm
ENSP00000438605,0.18535156,0.37617187,0.23769531,0.68515625,0.22636719,0.31367187,0.00136909,0.1484375,0.16162109,0.33203125,0.03511963,Extracellular,Golgi apparatus
ENSP00000429225,0.53828125,0.64296875,0.22958984,0.02134705,0.38203125,0.703125,0.01325226,0.49140625,0.42441406,0.65234375,0.21303711,"Membrane, Cytoplasm, Mitochondrion",Cytoplasm
ENSP00000420452,0.11103516,0.24296875,0.21015625,0.8546875,0.12714844,0.25410156,0.01150818,0.13232422,0.11044922,0.21386719,0.07319336,Extracellular,Nucleus
ENSP00000370990,0.10771484,0.22226563,0.8140625,0.02484131,0.06625976,0.07416992,0.01930847,0.0496582,0.03463135,0.0951416,0.05762024,Nucleus,Nucleus
ENSP00000413666,0.1609375,0.39335938,0.65703125,0.10053711,0.13066406,0.15004883,0.00817871,0.0368164,0.11708984,0.13847656,0.0572998,Nucleus,Cytoplasm
ENSP00000296921,0.09775391,0.18652344,0.83828125,0.02604675,0.08369141,0.04875488,0.00464039,0.04304199,0.02400208,0.0378418,0.01341476,Nucleus,Nucleus
ENSP00000448029,0.6046875,0.22714844,0.15302734,0.29023438,0.52148438,0.20019531,0.0023468,0.31757812,0.45,0.41601563,0.09475098,Membrane,"Endoplasmic reticulum, Golgi apparatus"
ENSP00000503416,0.04267578,0.26601563,0.846875,0.07524414,0.04658203,0.12089844,0.00220795,0.03300781,0.02768555,0.03996582,0.00486984,Nucleus,"Cytoplasm, Nucleus"
ENSP00000452777,0.23066406,0.10214844,0.06738281,0.17480469,0.08999023,0.9421875,0.10817871,0.04638672,0.0375,0.0887207,0.04523926,Mitochondrion,Mitochondrion
ENSP00000361524,0.06694336,0.23125,0.796875,0.12809448,0.0401123,0.07490234,0.00120087,0.02849121,0.03051758,0.03615723,0.00740051,Nucleus,Nucleus
ENSP00000443578,0.18076172,0.44101563,0.37929687,0.3477539,0.08955078,0.42070313,0.01479797,0.16269531,0.04294434,0.18037109,0.01529541,None,"Cytoplasm, Nucleus"
ENSP00000345580,0.7546875,0.13876953,0.13574219,0.01843872,0.20214844,0.890625,0.03674316,0.23417969,0.20390625,0.10878906,0.17047119,"Membrane, Mitochondrion",Mitochondrion
ENSP00000362843,0.07060547,0.37109375,0.734375,0.10126953,0.06298828,0.2227539,0.0026001,0.07084961,0.04223633,0.04824219,0.07338867,Nucleus,Nucleus
ENSP00000362691,0.11904297,0.47539063,0.5875,0.11435547,0.09233398,0.1859375,0.07182617,0.08833008,0.16567383,0.09555664,0.07347412,"Cytoplasm, Nucleus",Nucleus
ENSP00000262949,0.09169922,0.50898437,0.64609375,0.14658203,0.11953125,0.21875,0.00130386,0.03801269,0.07099609,0.14208984,0.0396698,"Cytoplasm, Nucleus",Nucleus
ENSP00000499274,0.14111328,0.34296875,0.60390625,0.26816406,0.08852539,0.36367187,0.18359375,0.19472656,0.10380859,0.35234375,0.00614319,Nucleus,Cell membrane
ENSP00000453021,0.33046875,0.5796875,0.33007812,0.13886719,0.35703125,0.27480469,0.009198,0.12783203,0.26445313,0.15048828,0.05297851,Cytoplasm,Nucleus
ENSP00000356374,0.128125,0.46054688,0.63828125,0.03455811,0.1112793,0.05288086,0.03459473,0.1446289,0.23378906,0.36855469,0.21161194,Nucleus,Nucleus
ENSP00000507343,0.22207031,0.58984375,0.49023437,0.04147949,0.12548828,0.33300781,0.0007597,0.32998047,0.20639649,0.23398438,0.02745361,Cytoplasm,Cytoplasm
ENSP00000415689,0.09326172,0.484375,0.5734375,0.1984375,0.09833984,0.11767578,0.0277832,0.07109375,0.13554688,0.32519531,0.01315002,"Cytoplasm, Nucleus","Cytoplasm, Cell membrane"
ENSP00000377752,0.38046875,0.76015625,0.16132813,0.10693359,0.478125,0.42070312,0.00885315,0.05891113,0.08066406,0.19658203,0.0089035,Cytoplasm,Cytoplasm
ENSP00000481885,0.07753906,0.3140625,0.77734375,0.16523438,0.05693359,0.29746094,0.00289383,0.06132812,0.0423584,0.06694336,0.056604,Nucleus,Nucleus
ENSP00000435422,0.03273926,0.24707031,0.9421875,0.12524414,0.02928467,0.02473144,0.01550903,0.0184082,0.02095947,0.01532593,0.0028183,Nucleus,Nucleus
ENSP00000357919,0.17919922,0.28496094,0.24521484,0.07128906,0.02268066,0.39570312,0.07919922,0.51289063,0.22636719,0.20092773,0.66503906,None,Cytoplasm
ENSP00000393316,0.71953125,0.165625,0.11855468,0.14975586,0.33046875,0.23671875,0.00933838,0.7171875,0.28652344,0.38183594,0.02286072,"Membrane, Endoplasmic reticulum","Nucleus, Endoplasmic reticulum"
ENSP00000430243,0.14501953,0.584375,0.5203125,0.13027344,0.05854492,0.29667969,0.08278809,0.14541016,0.15869141,0.26445312,0.10460205,Cytoplasm,Cell membrane
ENSP00000343717,0.29628906,0.34003906,0.23417969,0.30136719,0.1065918,0.44375,0.07126465,0.26582031,0.20615234,0.33867187,0.55056152,None,Cytoplasm
ENSP00000281437,0.05229492,0.20839844,0.8640625,0.02980347,0.02779541,0.11220703,0.00157242,0.04106445,0.03046875,0.03464355,0.01629944,Nucleus,Nucleus
ENSP00000370508,0.1921875,0.09345703,0.09414062,0.15712891,0.05283203,0.97109375,0.16855469,0.0234375,0.02888184,0.07509766,0.02019043,Mitochondrion,"Nucleus, Mitochondrion"
ENSP00000401085,0.19384766,0.725,0.31542969,0.20097656,0.30332031,0.25957031,0.00484924,0.11982422,0.0548584,0.165625,0.23359375,Cytoplasm,Nucleus
ENSP00000363055,0.13076172,0.5546875,0.43007812,0.1175293,0.16015625,0.38710938,0.0005538,0.09404297,0.13359375,0.19179688,0.02454834,Cytoplasm,"Cytoplasm, Nucleus"
ENSP00000463927,0.62421875,0.19609375,0.14023438,0.36445312,0.6953125,0.14453125,0.00842895,0.24980469,0.14726562,0.27773437,0.12814942,"Membrane, Cell membrane",Cell membrane
ENSP00000360594,0.04279785,0.25117187,0.92890625,0.04224853,0.03222656,0.07954101,0.00250702,0.02902832,0.01375122,0.02617187,0.00135994,Nucleus,Nucleus
ENSP00000225576,0.53984375,0.20957031,0.27226562,0.08115234,0.16738281,0.2734375,0.03776856,0.47695313,0.33613281,0.51328125,0.03126221,Membrane,Golgi apparatus
ENSP00000450324,0.10253906,0.53007812,0.49257813,0.05320435,0.10263672,0.14169922,0.03664856,0.16689453,0.17412109,0.09665527,0.00502777,Cytoplasm,Cytoplasm
ENSP00000264468,0.26152344,0.25253906,0.17832031,0.734375,0.29785156,0.171875,0.01933594,0.16611328,0.11630859,0.20078125,0.01768188,Extracellular,Cell membrane
ENSP00000292894,0.04003906,0.31679687,0.6515625,0.35390625,0.04995117,0.33632813,0.00192566,0.04714355,0.05036621,0.0576416,0.0920166,Nucleus,Nucleus
ENSP00000504884,0.19638672,0.6296875,0.4453125,0.09633789,0.24179688,0.15761719,0.0005867,0.11103516,0.30292969,0.35429688,0.043396,Cytoplasm,"Cytoplasm, Cell membrane"
ENSP00000480322,0.5796875,0.10566406,0.12548828,0.47617188,0.52304687,0.31230469,0.03273926,0.08881836,0.29453125,0.1546875,0.19762878,Membrane,Cell membrane
ENSP00000494695,0.09013672,0.30507813,0.715625,0.15087891,0.0637207,0.353125,0.12770996,0.07485352,0.21894531,0.17744141,0.03677978,Nucleus,Nucleus
ENSP00000423075,0.06977539,0.4953125,0.77890625,0.0072876,0.06303711,0.0847168,0.01132965,0.04338379,0.03632813,0.07558594,0.02003784,"Cytoplasm, Nucleus",Nucleus
ENSP00000361338,0.78515625,0.12460937,0.1024414,0.15058594,0.415625,0.27089844,0.02807617,0.61484375,0.07661133,0.37226563,0.03823242,Membrane,Nucleus
ENSP00000357932,0.17617187,0.58398438,0.46210938,0.06967773,0.15234375,0.359375,0.01414184,0.07641602,0.23320313,0.3265625,0.07218018,Cytoplasm,Cytoplasm
ENSP00000309973,0.11074219,0.496875,0.52421875,0.30566406,0.12353516,0.22890625,0.09628906,0.12060547,0.06147461,0.09873047,0.04233399,Cytoplasm,Mitochondrion
ENSP00000307508,0.41992188,0.56015625,0.45429687,0.11794433,0.40214844,0.04587402,0.01476746,0.14677734,0.14287109,0.23798828,0.00562859,Cytoplasm,Cytoplasm
ENSP00000280056,0.24296875,0.39882813,0.46367187,0.39257813,0.0803711,0.56015625,0.03615723,0.14492187,0.09506836,0.07060547,0.11513672,None,Nucleus
ENSP00000436775,0.17246094,0.46640625,0.50351563,0.06115723,0.16542969,0.48515625,0.01156006,0.17939453,0.14667969,0.12319336,0.20581055,None,Nucleus
ENSP00000407970,0.14111328,0.59765625,0.26152344,0.30673828,0.23320313,0.36953125,0.00648651,0.15019531,0.0609375,0.21679688,0.6078125,Cytoplasm,Nucleus
ENSP00000497159,0.06171875,0.38867187,0.56914062,0.18007813,0.02604981,0.38515625,0.02701416,0.11523437,0.04606934,0.29765625,0.05089111,Nucleus,Cytoplasm
ENSP00000427754,0.32929688,0.54882812,0.4359375,0.09663086,0.22539062,0.5296875,0.01363525,0.11044922,0.24902344,0.17382813,0.00756531,Cytoplasm,"Cytoplasm, Nucleus"
ENSP00000309023,0.51210938,0.38476562,0.4234375,0.02365723,0.48125,0.25664062,0.01425781,0.06459961,0.3875,0.35332031,0.07165527,Membrane,Golgi apparatus
ENSP00000484054,0.28457031,0.63984375,0.22617187,0.10136719,0.21230469,0.25605469,0.00634194,0.12304687,0.46171875,0.66015625,0.01546936,Cytoplasm,Golgi apparatus
ENSP00000411565,0.2296875,0.35078125,0.56367188,0.36542969,0.09736328,0.5828125,0.07229004,0.10439453,0.06308594,0.06464844,0.13334961,Nucleus,Nucleus
ENSP00000366235,0.1921875,0.50546875,0.40546875,0.07646485,0.14208984,0.26826172,0.00753784,0.14238281,0.21230469,0.14365234,0.05999756,Cytoplasm,Cytoplasm
ENSP00000311697,0.10068359,0.27011719,0.20898438,0.86015625,0.12119141,0.31757813,0.0135376,0.10825195,0.08979492,0.12158203,0.0222168,Extracellular,Nucleus
ENSP00000434982,0.27792969,0.5828125,0.48398438,0.00883789,0.26953125,0.13896485,0.020578,0.4125,0.16679688,0.16010742,0.03063965,Cytoplasm,Cytoplasm
ENSP00000448952,0.2,0.7421875,0.33515625,0.14428711,0.18652344,0.20419922,0.00257187,0.06699219,0.28125,0.18769531,0.01459808,Cytoplasm,Nucleus
ENSP00000422084,0.10878906,0.69765625,0.60625,0.06977539,0.04487305,0.06430664,0.00773315,0.12949219,0.08994141,0.24140625,0.01510925,"Cytoplasm, Nucleus","Cytoplasm, Cell membrane"
ENSP00000331268,0.15800781,0.634375,0.5625,0.05123291,0.25078125,0.15458985,0.03439941,0.11025391,0.10085449,0.1828125,0.00501099,"Cytoplasm, Nucleus",Cytoplasm
ENSP00000281703,0.21503906,0.60703125,0.42460938,0.46640625,0.17089844,0.41132813,0.11896973,0.12041015,0.11367187,0.23291016,0.0100235,Cytoplasm,Cytoplasm
ENSP00000482293,0.05400391,0.47148437,0.7078125,0.04829101,0.08764648,0.14262695,0.00802002,0.05166016,0.06054687,0.10556641,0.0025177,"Cytoplasm, Nucleus",Nucleus
ENSP00000475617,0.08320312,0.29375,0.77890625,0.21464843,0.07568359,0.15419922,0.0071106,0.03876953,0.05043945,0.05847168,0.0664917,Nucleus,Nucleus
ENSP00000434049,0.05170898,0.16152344,0.75546875,0.11237793,0.04479981,0.0921875,0.00111694,0.01999512,0.03164062,0.02276611,0.03377686,Nucleus,"Cytoplasm, Nucleus"
ENSP00000412620,0.08193359,0.26914063,0.8015625,0.24172363,0.09863281,0.01903076,0.00108032,0.0204834,0.02749023,0.31132812,0.02654419,Nucleus,Nucleus
ENSP00000362842,0.090625,0.46367188,0.72734375,0.07993164,0.07109375,0.19609375,0.00122185,0.05380859,0.13046875,0.14692383,0.00769348,Nucleus,Nucleus
ENSP00000501353,0.11962891,0.53046875,0.503125,0.07980957,0.12998047,0.20683594,0.00206337,0.07788086,0.09238281,0.1859375,0.08087158,Cytoplasm,Cell membrane
ENSP00000495429,0.05073242,0.31757813,0.7875,0.16933594,0.02302246,0.1875,0.00684509,0.04802246,0.03513184,0.05175781,0.00802498,Nucleus,Nucleus
ENSP00000467497,0.07402344,0.30976563,0.88671875,0.03719483,0.06860352,0.10292969,0.00430756,0.06030273,0.07402344,0.07421875,0.0312149,Nucleus,Nucleus
ENSP00000428838,0.14423828,0.49960937,0.765625,0.10478516,0.13383789,0.13544922,0.0329895,0.07165527,0.06806641,0.14746094,0.00492859,"Cytoplasm, Nucleus",Nucleus
ENSP00000349709,0.45585937,0.23632813,0.13798828,0.42773437,0.5203125,0.19902344,0.00213013,0.47226563,0.32773438,0.20058594,0.09820556,Membrane,"Cytoplasm, Cell membrane"
ENSP00000166139,0.17578125,0.2390625,0.12285156,0.93984375,0.20175781,0.25058594,0.0066864,0.2,0.31660156,0.33730469,0.03497315,Extracellular,Nucleus
ENSP00000476193,0.30761719,0.6390625,0.19658203,0.34580078,0.26416015,0.40332031,0.01567383,0.39638672,0.23720703,0.22871094,0.03061523,Cytoplasm,Cytoplasm
ENSP00000467433,0.21933594,0.62460937,0.37089844,0.03620606,0.43828125,0.315625,0.00211945,0.05805664,0.04921875,0.06188965,0.04227295,Cytoplasm,Nucleus
ENSP00000417520,0.12998047,0.17421875,0.11464844,0.8265625,0.20742188,0.19736328,0.02728271,0.44179688,0.21425781,0.26328125,0.00482559,Extracellular,"Nucleus, Golgi apparatus"
ENSP00000288757,0.05439453,0.30410156,0.815625,0.19521484,0.05317383,0.04140625,0.01472473,0.03491211,0.02260742,0.17158203,0.01753235,Nucleus,Nucleus
ENSP00000375397,0.12050781,0.42695312,0.5875,0.15976562,0.14697266,0.27226563,0.00894775,0.09169922,0.0850586,0.13095703,0.02608643,Nucleus,Nucleus
ENSP00000497242,0.07265625,0.409375,0.38164062,0.78828125,0.11601562,0.30644531,0.04203186,0.04277344,0.05092774,0.11425781,0.1256836,Extracellular,Mitochondrion
ENSP00000489907,0.06391602,0.36835938,0.7671875,0.17197266,0.04577637,0.14501953,0.00023336,0.11572266,0.07915039,0.07387695,0.01074676,Nucleus,Nucleus
ENSP00000259699,0.52695313,0.23164063,0.09882812,0.478125,0.59765625,0.17695313,0.00220642,0.35898437,0.42695312,0.31464844,0.23447266,"Membrane, Cell membrane",Cell membrane
ENSP00000158526,0.08886719,0.29765625,0.75234375,0.11889648,0.05241699,0.15166016,0.00091133,0.10644532,0.13232422,0.17636719,0.00060501,Nucleus,Nucleus
ENSP00000468145,0.66015625,0.17089844,0.09775391,0.10097656,0.6,0.25253906,0.00889893,0.37460938,0.16259766,0.25449219,0.04162598,"Membrane, Cell membrane",Cell membrane
ENSP00000427883,0.18339843,0.23554687,0.17695312,0.78046875,0.15683594,0.17099609,0.05573731,0.24394531,0.20957031,0.38945313,0.00900269,Extracellular,Nucleus
ENSP00000378638,0.19511719,0.39492188,0.42421875,0.39511719,0.1046875,0.6140625,0.00891876,0.234375,0.12636719,0.25996094,0.28178711,None,Cytoplasm
ENSP00000364373,0.13486328,0.39179687,0.47265625,0.51210938,0.1,0.42265625,0.16767578,0.09658203,0.20371094,0.278125,0.07451172,None,"Cytoplasm, Nucleus"
ENSP00000359668,0.04318848,0.45742187,0.81640625,0.11113281,0.04440918,0.11630859,0.00275879,0.02333984,0.04624024,0.01497803,0.05180664,Nucleus,Nucleus
ENSP00000481920,0.07714844,0.34335938,0.7953125,0.28974609,0.0565918,0.21679687,0.00749512,0.09482422,0.06755371,0.10410156,0.03033447,Nucleus,Nucleus
ENSP00000345674,0.24511719,0.52070312,0.37226562,0.07402344,0.19707031,0.15,0.00088844,0.13574218,0.11699219,0.08527832,0.33719483,Cytoplasm,Golgi apparatus
ENSP00000290330,0.30957031,0.47617188,0.48359375,0.0348999,0.11416015,0.05737305,0.01699371,0.20703125,0.44726563,0.55742188,0.0021698,Cytoplasm,"Cytoplasm, Nucleus"
ENSP00000400792,0.20878906,0.640625,0.696875,0.02462158,0.11572266,0.12124023,0.00504989,0.27402344,0.30644531,0.6484375,0.02085571,"Cytoplasm, Nucleus",Nucleus
ENSP00000361032,0.02973633,0.28925781,0.86328125,0.0404541,0.02692871,0.3453125,0.01022949,0.09541016,0.02278443,0.03149414,0.00261383,Nucleus,Nucleus
ENSP00000343134,0.20722656,0.37539063,0.47851562,0.03120117,0.15390625,0.14609375,0.00511932,0.0944336,0.15449219,0.09379883,0.26960449,None,Golgi apparatus
ENSP00000313776,0.50078125,0.23164062,0.11083984,0.45117187,0.575,0.14482422,0.00201874,0.33125,0.43125,0.284375,0.23983154,"Membrane, Cell membrane",Cell membrane
ENSP00000357375,0.63828125,0.19941406,0.10986328,0.34316406,0.6328125,0.06503906,0.00433045,0.34238281,0.46308594,0.25205078,0.12788086,"Membrane, Cell membrane",Cell membrane
ENSP00000341125,0.15166016,0.41132812,0.425,0.5453125,0.19609375,0.4,0.00104294,0.1828125,0.11142578,0.03618164,0.02322388,None,Cytoplasm
ENSP00000258301,0.76640625,0.19394531,0.10791016,0.0166626,0.42578125,0.42929688,0.00288162,0.30976563,0.55859375,0.678125,0.24101563,"Membrane, Golgi apparatus","Nucleus, Golgi apparatus"
ENSP00000455091,0.33476563,0.5453125,0.41601562,0.07060547,0.21181641,0.3,0.01239014,0.19238281,0.06542969,0.2440918,0.00840301,Cytoplasm,Cytoplasm
ENSP00000420052,0.6640625,0.16582031,0.17480469,0.07485352,0.11933594,0.55742188,0.01361084,0.6734375,0.23066406,0.40117188,0.2329834,"Membrane, Endoplasmic reticulum",Nucleus
ENSP00000373175,0.16855469,0.11367188,0.12578125,0.10229492,0.06362305,0.91484375,0.02824707,0.08051758,0.07216797,0.06972656,0.42636718,Mitochondrion,Mitochondrion
ENSP00000383626,0.3640625,0.68828125,0.24882812,0.26662598,0.50039062,0.25703125,0.00221329,0.14951172,0.240625,0.27001953,0.00356903,Cytoplasm,"Nucleus, Cell membrane"
ENSP00000380612,0.1881836,0.60195312,0.53046875,0.24003906,0.15820313,0.33320313,0.02609558,0.146875,0.05302734,0.20507813,0.01280212,"Cytoplasm, Nucleus",Nucleus
ENSP00000378580,0.26992188,0.40351562,0.40195312,0.45742188,0.19472656,0.48945312,0.02584839,0.22382813,0.30878906,0.33320312,0.06157227,None,"Cytoplasm, Nucleus, Cell membrane"
ENSP00000507949,0.17949219,0.38984375,0.35507812,0.6109375,0.05371094,0.59726563,0.28007813,0.10546875,0.13955078,0.08242187,0.11474609,None,Mitochondrion
ENSP00000426075,0.05317383,0.296875,0.8375,0.03144531,0.03115234,0.15957031,0.0107605,0.02219238,0.01904297,0.07514648,0.00167923,Nucleus,Nucleus
ENSP00000327268,0.2390625,0.23398437,0.10820312,0.07446289,0.13945313,0.9375,0.02099609,0.02678223,0.03491211,0.0715332,0.065625,Mitochondrion,Mitochondrion
ENSP00000489978,0.13027344,0.51054688,0.57578125,0.27246094,0.22578125,0.29472656,0.01745605,0.11123047,0.08105469,0.10234375,0.10239258,"Cytoplasm, Nucleus",Nucleus
ENSP00000483433,0.34570312,0.32265625,0.41328125,0.7640625,0.09453125,0.33691406,0.01532135,0.33964844,0.08496094,0.14331055,0.02029419,Extracellular,Endoplasmic reticulum
ENSP00000480632,0.11933594,0.28574219,0.42773437,0.23271485,0.07119141,0.44648437,0.00559235,0.29033203,0.13725586,0.11533203,0.04671631,None,Nucleus
ENSP00000430870,0.20722656,0.47421875,0.4734375,0.36679687,0.21376953,0.36328125,0.02043152,0.22324219,0.10810547,0.2328125,0.18183594,Cytoplasm,"Nucleus, Mitochondrion"
ENSP00000466224,0.04819336,0.18398437,0.68125,0.15454101,0.02669678,0.06367187,0.00406342,0.03374023,0.08745117,0.04467773,0.07194824,Nucleus,Nucleus
ENSP00000383625,0.334375,0.69765625,0.25546875,0.28857422,0.48476562,0.24179687,0.00287018,0.13251953,0.22324219,0.26542969,0.00248146,Cytoplasm,"Nucleus, Cell membrane"
ENSP00000250124,0.91953125,0.10976563,0.09541016,0.03184814,0.33554688,0.2741211,0.00250854,0.603125,0.28652344,0.63828125,0.07694092,Membrane,"Mitochondrion, Endoplasmic reticulum"
ENSP00000388486,0.05820313,0.24394531,0.7875,0.01763611,0.01508179,0.27304688,0.00908966,0.02318115,0.09626465,0.02782593,0.00787888,Nucleus,Nucleus
ENSP00000301159,0.03319092,0.18027344,0.91015625,0.0918457,0.02767334,0.13515625,0.00610962,0.01921387,0.01706543,0.01807861,0.04165039,Nucleus,Nucleus
ENSP00000300145,0.2421875,0.33710937,0.30742188,0.7671875,0.14785156,0.58476562,0.03881836,0.23603515,0.22207031,0.18574219,0.28144531,Extracellular,"Cytoplasm, Cell membrane"
ENSP00000259030,0.353125,0.25410156,0.40234375,0.39921875,0.1796875,0.34667969,0.00988464,0.37539063,0.24414062,0.209375,0.07805176,None,Nucleus
ENSP00000507675,0.22851562,0.12451172,0.09492188,0.06606445,0.04089355,0.97421875,0.40820313,0.03405762,0.02915039,0.03027344,0.19160156,Mitochondrion,Mitochondrion
ENSP00000412024,0.73515625,0.13789063,0.07207031,0.02644043,0.13984375,0.91640625,0.20478515,0.12324219,0.08222656,0.0984375,0.24111328,"Membrane, Mitochondrion",Mitochondrion
ENSP00000386037,0.06645508,0.21113281,0.75234375,0.05791016,0.06760254,0.12915039,0.00341415,0.02583008,0.03847656,0.05869141,0.0138977,Nucleus,Nucleus
ENSP00000323571,0.303125,0.2609375,0.27929687,0.50898438,0.10859375,0.44375,0.10534668,0.28476563,0.12636719,0.17539062,0.06264648,None,Cell membrane
ENSP00000239461,0.11396484,0.15048828,0.83359375,0.00911827,0.05808105,0.05253906,0.00786438,0.01611328,0.02852783,0.06687011,0.02641144,Nucleus,Nucleus
ENSP00000389498,0.13525391,0.18066406,0.8390625,0.01004944,0.08095703,0.15756836,0.01577454,0.02590332,0.09033203,0.08681641,0.00161839,Nucleus,Nucleus
ENSP00000487380,0.37617188,0.58789062,0.47734375,0.00782166,0.25136719,0.44609375,0.03235168,0.0727539,0.07695312,0.24199219,0.02128296,Cytoplasm,Nucleus
ENSP00000434333,0.01868896,0.34179688,0.80234375,0.0951416,0.02304687,0.04741211,0.03088226,0.05871582,0.02003174,0.08662109,0.00184774,Nucleus,Nucleus
ENSP00000430946,0.13417969,0.37539063,0.57265625,0.3015625,0.09619141,0.32695313,0.00827942,0.15136719,0.13447266,0.22578125,0.13457031,Nucleus,Nucleus
ENSP00000499597,0.05654297,0.34101563,0.8921875,0.07631836,0.08945312,0.07416992,0.00132141,0.0364624,0.02474365,0.02141113,0.00155792,Nucleus,Nucleus
ENSP00000490251,0.10722656,0.15585937,0.12021484,0.18613281,0.08227539,0.9453125,0.02536621,0.04633789,0.04208984,0.06450195,0.10834961,Mitochondrion,Mitochondrion
ENSP00000479323,0.784375,0.18984375,0.20292969,0.09628906,0.7515625,0.16147461,0.00271301,0.16171875,0.52851562,0.44433594,0.03877563,"Membrane, Cell membrane",Nucleus
ENSP00000437411,0.23222656,0.596875,0.28886719,0.23789063,0.21269531,0.2140625,0.00848236,0.0890625,0.23720703,0.640625,0.00757752,Cytoplasm,Nucleus
ENSP00000378493,0.20351563,0.39960938,0.49609375,0.14042969,0.14121094,0.55546875,0.00586395,0.25390625,0.26845703,0.24101562,0.09172363,None,Nucleus
ENSP00000040584,0.09399414,0.34335937,0.78828125,0.08063965,0.05805664,0.16040039,0.00233714,0.08244629,0.12260742,0.053125,0.01970978,Nucleus,Nucleus
ENSP00000343482,0.61328125,0.20390625,0.11689453,0.371875,0.62265625,0.07563477,0.00565186,0.3546875,0.44492187,0.28251953,0.12280273,"Membrane, Cell membrane",Cell membrane
ENSP00000494088,0.31210938,0.47460938,0.30449219,0.16318359,0.19492188,0.41875,0.03183594,0.17001953,0.22910156,0.33203125,0.10124512,Cytoplasm,Nucleus
ENSP00000358027,0.20097656,0.15527344,0.14140625,0.1375,0.06132813,0.86796875,0.31484375,0.06386719,0.06147461,0.13623047,0.08027344,Mitochondrion,Cytoplasm
ENSP00000389368,0.290625,0.43671875,0.37851562,0.07790527,0.15986328,0.57695313,0.03918457,0.31132813,0.09467774,0.20576172,0.00630073,None,Nucleus
ENSP00000413595,0.21289062,0.43046875,0.5859375,0.06245117,0.14033203,0.26132812,0.04174805,0.12753906,0.18691406,0.24589844,0.01280518,Nucleus,Nucleus
ENSP00000358616,0.08227539,0.53125,0.61953125,0.00786133,0.07521973,0.07966309,0.01663513,0.08535156,0.13261719,0.08828125,0.00100822,"Cytoplasm, Nucleus",Nucleus
ENSP00000506466,0.24804688,0.51679687,0.42773438,0.08815918,0.19609375,0.38183594,0.02141724,0.14951172,0.11318359,0.253125,0.12297363,Cytoplasm,Cytoplasm
ENSP00000494393,0.24355469,0.51953125,0.5125,0.44726562,0.14433594,0.28847656,0.03422852,0.22382812,0.26933594,0.62851562,0.05779419,Cytoplasm,Cytoplasm
ENSP00000452319,0.12783203,0.55703125,0.49804688,0.13085938,0.08964844,0.56054688,0.00312958,0.15878906,0.06140137,0.15703125,0.02255554,Cytoplasm,Cytoplasm
ENSP00000436276,0.07851562,0.31171875,0.8875,0.04294434,0.1112793,0.09331055,0.00074615,0.05512695,0.05761719,0.04582519,0.01597976,Nucleus,Nucleus
ENSP00000408819,0.27460937,0.22148437,0.18515625,0.70625,0.33085938,0.16269531,0.0025528,0.18671875,0.09453125,0.10498047,0.03356933,Extracellular,Cell membrane
ENSP00000345468,0.74296875,0.18378906,0.1734375,0.11191406,0.63515625,0.24121094,0.03979492,0.35820313,0.45039062,0.67265625,0.00463257,"Membrane, Cell membrane, Golgi apparatus",Nucleus
ENSP00000216027,0.13789063,0.14101563,0.20058594,0.21015625,0.09492187,0.884375,0.00462036,0.09423828,0.05712891,0.06738281,0.06774902,Mitochondrion,"Cytoplasm, Mitochondrion"
ENSP00000438355,0.85859375,0.13789062,0.05158691,0.014151,0.28300781,0.9171875,0.06994629,0.3078125,0.29902344,0.17060547,0.53671875,"Membrane, Mitochondrion",Peroxisome
ENSP00000286317,0.04916992,0.46992187,0.771875,0.01704712,0.05703125,0.09208984,0.00348969,0.06616211,0.14423828,0.09321289,0.02268066,"Cytoplasm, Nucleus",Nucleus
ENSP00000421252,0.03034668,0.31992188,0.94453125,0.01795349,0.01544189,0.02619629,0.00354767,0.02152099,0.01966553,0.04390869,0.00048084,Nucleus,Nucleus
ENSP00000468681,0.04892578,0.64609375,0.62070312,0.09545898,0.07998047,0.26484375,0.00137405,0.10029297,0.02401123,0.04016113,0.00021863,"Cytoplasm, Nucleus",Cytoplasm
ENSP00000446613,0.11513672,0.30917969,0.41210938,0.62734375,0.02796631,0.45039063,0.24902344,0.25878906,0.18076172,0.13291015,0.29863281,None,Cytoplasm
ENSP00000416386,0.20273437,0.23710937,0.20556641,0.76875,0.14277344,0.43867188,0.04912109,0.13310547,0.10009766,0.16513672,0.0305664,Extracellular,Cell membrane
ENSP00000402554,0.12734375,0.41289062,0.5703125,0.25371094,0.09790039,0.37773437,0.01104126,0.25087891,0.07397461,0.08569336,0.01101074,Nucleus,Nucleus
ENSP00000357383,0.60390625,0.19335938,0.11953125,0.40976562,0.6296875,0.08139649,0.0050293,0.28242188,0.41054688,0.28144531,0.08341064,"Membrane, Cell membrane",Cell membrane
ENSP00000354921,0.12177734,0.56171875,0.48125,0.25673828,0.16777344,0.31503906,0.00263062,0.12763672,0.1225586,0.2453125,0.04962158,Cytoplasm,"Cytoplasm, Nucleus"
ENSP00000482500,0.04291992,0.41054687,0.77578125,0.08466797,0.03244629,0.19238281,0.01418457,0.01021118,0.02893066,0.04370117,0.0333374,Nucleus,"Cytoplasm, Nucleus"
ENSP00000248104,0.2328125,0.58203125,0.28984375,0.209375,0.17734375,0.24589844,0.01259766,0.12441406,0.47890625,0.46640625,0.05197143,Cytoplasm,Cytoplasm
ENSP00000467407,0.24589844,0.36132812,0.46367187,0.49648438,0.09277344,0.55703125,0.00228882,0.3296875,0.15249024,0.278125,0.07860107,None,Mitochondrion
ENSP00000355815,0.14472656,0.4484375,0.48359375,0.24941406,0.13173828,0.27929688,0.08117676,0.08857422,0.08286133,0.22558594,0.05473633,None,Cytoplasm
ENSP00000494221,0.11679687,0.43046875,0.609375,0.17216797,0.07705078,0.2375,0.00700378,0.10646973,0.0760498,0.20810547,0.01997375,Nucleus,Nucleus
ENSP00000461388,0.15888672,0.5265625,0.36367188,0.15698242,0.18144531,0.41210938,0.00822449,0.11806641,0.08876953,0.20009766,0.00968323,Cytoplasm,"Cytoplasm, Nucleus"
ENSP00000357904,0.21679687,0.61835938,0.42539062,0.03764648,0.27851563,0.07856445,0.00313568,0.10532226,0.18007812,0.10673828,0.00952148,Cytoplasm,Nucleus
ENSP00000356332,0.50859375,0.246875,0.11738281,0.44921875,0.578125,0.25996094,0.00307617,0.46484375,0.32890625,0.21699219,0.10192871,"Membrane, Cell membrane","Cytoplasm, Cell membrane"
ENSP00000398981,0.09941406,0.38789062,0.8,0.01896973,0.04582519,0.25898438,0.00061464,0.04091797,0.03691406,0.11064453,0.00272446,Nucleus,Nucleus
ENSP00000473501,0.11757812,0.59921875,0.41796875,0.26582031,0.18417969,0.30429688,0.00211182,0.05698242,0.07636719,0.17275391,0.21748047,Cytoplasm,"Cytoplasm, Cell membrane"
ENSP00000385303,0.8109375,0.18955078,0.05234375,0.02824097,0.20214844,0.8484375,0.05166016,0.31972656,0.29746094,0.12148437,0.61210937,"Membrane, Mitochondrion",Peroxisome
ENSP00000507941,0.3765625,0.46328125,0.34375,0.04602051,0.16328125,0.70234375,0.0675293,0.47617188,0.21269531,0.48554688,0.23574219,Mitochondrion,Cytoplasm
ENSP00000434998,0.16328125,0.53984375,0.409375,0.1890625,0.18671875,0.29589844,0.00248184,0.24882813,0.15410156,0.30117187,0.0477417,Cytoplasm,"Nucleus, Cell membrane"
ENSP00000323782,0.06362305,0.47265625,0.74453125,0.05284424,0.06113281,0.16582031,0.00359345,0.03867188,0.02705078,0.07060547,0.00226135,"Cytoplasm, Nucleus",Cytoplasm
ENSP00000489757,0.14599609,0.29394531,0.37460938,0.11435547,0.09667969,0.57109375,0.04363403,0.12963867,0.07324219,0.06135254,0.25393066,None,Mitochondrion
ENSP00000440485,0.390625,0.5859375,0.4359375,0.36923828,0.3546875,0.24238281,0.00935974,0.12158203,0.06660156,0.1430664,0.01167679,Cytoplasm,Cytoplasm
ENSP00000385972,0.21777344,0.484375,0.52109375,0.10241699,0.08242188,0.27519531,0.01902466,0.21464844,0.27460938,0.25488281,0.0140686,Cytoplasm,"Cytoplasm, Nucleus"
ENSP00000465413,0.14550781,0.44921875,0.54453125,0.14707031,0.09626465,0.4421875,0.01144714,0.15449219,0.19785156,0.23496094,0.10009766,Nucleus,Nucleus
ENSP00000433578,0.13867187,0.48242188,0.66796875,0.11782226,0.11474609,0.1758789,0.04088135,0.1140625,0.24980469,0.27050781,0.05692444,"Cytoplasm, Nucleus",Cytoplasm
ENSP00000463053,0.08867187,0.31835937,0.42070313,0.46289063,0.07202148,0.54921875,0.47304687,0.06679687,0.12919922,0.14375,0.13056641,None,Nucleus
ENSP00000339335,0.22089844,0.56171875,0.409375,0.45214844,0.12958984,0.32988281,0.00838089,0.09194336,0.22890625,0.22128906,0.02092896,Cytoplasm,"Cytoplasm, Nucleus, Cell membrane"
ENSP00000494836,0.17246094,0.49726562,0.46953125,0.08076172,0.12526856,0.7140625,0.03379517,0.15224609,0.22275391,0.06450195,0.12002564,"Cytoplasm, Mitochondrion","Cytoplasm, Nucleus, Endoplasmic reticulum"
ENSP00000481736,0.15429688,0.48007813,0.53632813,0.14892578,0.13066406,0.44023437,0.01264649,0.22597656,0.22714844,0.20351562,0.14284668,"Cytoplasm, Nucleus","Cytoplasm, Nucleus"
ENSP00000400978,0.76875,0.18984375,0.17822266,0.29980469,0.34765625,0.16933594,0.03483887,0.53046875,0.26894531,0.38554688,0.08074951,Membrane,Endoplasmic reticulum
ENSP00000321691,0.08183594,0.7109375,0.4453125,0.18422852,0.11416016,0.40898438,0.12434082,0.12666016,0.02223511,0.04665527,0.03135986,Cytoplasm,Nucleus
ENSP00000343706,0.08828125,0.39101562,0.76640625,0.22246094,0.1209961,0.23632812,0.01434021,0.0357666,0.06254883,0.10673828,0.01719055,Nucleus,Nucleus
ENSP00000376842,0.09975586,0.41953125,0.8296875,0.01034546,0.03496094,0.23554687,0.00061703,0.04143066,0.05168457,0.16855469,0.00367126,Nucleus,Nucleus
ENSP00000358775,0.15634766,0.10351562,0.13632812,0.1256836,0.10673828,0.90390625,0.01254883,0.0659668,0.06015625,0.08183594,0.14628906,Mitochondrion,Mitochondrion
ENSP00000357933,0.11708984,0.465625,0.5875,0.08339844,0.09716797,0.41484375,0.03508301,0.08481445,0.15410156,0.19980469,0.18486328,Nucleus,Cytoplasm
ENSP00000420230,0.54492187,0.21386719,0.1258789,0.35878906,0.53867187,0.18007813,0.00695801,0.22519531,0.26679688,0.30234375,0.10563965,"Membrane, Cell membrane",Cell membrane
ENSP00000455709,0.17070312,0.53789062,0.340625,0.34726563,0.12929687,0.42539063,0.00732269,0.09160156,0.25722656,0.25605469,0.34335937,Cytoplasm,Cell membrane
ENSP00000402432,0.11435547,0.43242188,0.39960938,0.48984375,0.12167969,0.525,0.01535645,0.12929688,0.19042969,0.22675781,0.61914062,None,Cytoplasm
ENSP00000378347,0.17597656,0.17304688,0.15390625,0.47695313,0.20800781,0.1234375,0.00188064,0.56484375,0.24335937,0.3703125,0.04311524,None,Endoplasmic reticulum
ENSP00000410924,0.06308594,0.403125,0.7359375,0.17158203,0.09648438,0.19804688,0.0005024,0.0668457,0.0987793,0.29570312,0.05171509,Nucleus,Nucleus
ENSP00000507974,0.29628906,0.428125,0.50078125,0.1109375,0.32128906,0.09448242,0.0051178,0.08833008,0.20659179,0.07470703,0.02059326,None,"Cytoplasm, Nucleus, Cell membrane"
ENSP00000469165,0.44101563,0.28710938,0.29960938,0.24609375,0.15717773,0.37402344,0.01594849,0.34052734,0.56015625,0.38398438,0.16600342,None,Cell membrane
ENSP00000390921,0.2265625,0.59140625,0.56132813,0.06320801,0.14042969,0.14902344,0.00362015,0.17929688,0.37226563,0.26542969,0.00698242,"Cytoplasm, Nucleus","Cytoplasm, Nucleus, Cell membrane"
ENSP00000340836,0.1050293,0.62070313,0.675,0.09084473,0.0809082,0.17441406,0.01988525,0.0373291,0.18891601,0.19589844,0.00205002,"Cytoplasm, Nucleus",Cytoplasm
ENSP00000483724,0.15009766,0.29570312,0.52695312,0.17001953,0.06386719,0.23144531,0.24863281,0.04101562,0.03959961,0.10566406,0.13427734,None,Nucleus
ENSP00000483581,0.5078125,0.16933594,0.12900391,0.61875,0.55546875,0.08916016,0.00723267,0.16113281,0.34257813,0.21015625,0.07810059,"Membrane, Cell membrane",Cell membrane
ENSP00000465103,0.13076172,0.40234375,0.6140625,0.42128906,0.15712891,0.36523438,0.00940857,0.14667969,0.09863281,0.18203125,0.1144043,Nucleus,Endoplasmic reticulum
ENSP00000447690,0.08959961,0.50820313,0.53710937,0.14008789,0.06601563,0.17890625,0.01179047,0.07143554,0.05039062,0.26699219,0.00600586,"Cytoplasm, Nucleus",Nucleus
ENSP00000429461,0.18300781,0.37109375,0.26601562,0.475,0.06936035,0.61367188,0.11474609,0.14199219,0.15205078,0.153125,0.10733643,None,"Cytoplasm, Nucleus, Cell membrane"
ENSP00000417697,0.61484375,0.09941406,0.12128906,0.43710937,0.50273438,0.31757812,0.02769165,0.11230469,0.38046875,0.17392578,0.27183227,Membrane,Cell membrane
ENSP00000395172,0.06450195,0.39023437,0.73515625,0.16904297,0.03596191,0.26210938,0.00357513,0.21005859,0.10424805,0.11455078,0.08977051,Nucleus,Nucleus
ENSP00000435478,0.19941406,0.6546875,0.27050781,0.09782715,0.18125,0.3046875,0.01986084,0.1043457,0.11494141,0.18427734,0.12491455,Cytoplasm,"Nucleus, Cell membrane"
ENSP00000364366,0.24628906,0.634375,0.52578125,0.0243042,0.24814453,0.20048828,0.00201874,0.24492187,0.209375,0.3234375,0.02747497,Cytoplasm,"Cytoplasm, Nucleus"
ENSP00000350101,0.12832031,0.34765625,0.5453125,0.56210937,0.15839844,0.49726563,0.00514374,0.08759766,0.12265625,0.37480469,0.18603516,Nucleus,Nucleus
ENSP00000443330,0.36445313,0.47617187,0.42734375,0.14140625,0.29863281,0.30898437,0.01170044,0.06669922,0.12075195,0.34082031,0.00598335,Cytoplasm,Nucleus
ENSP00000359727,0.18535156,0.5453125,0.40820312,0.0758789,0.19726563,0.19863281,0.0236084,0.04023438,0.13427734,0.15244141,0.07607422,Cytoplasm,Cytoplasm
ENSP00000354633,0.04570313,0.21523438,0.8140625,0.08378906,0.04338379,0.18408203,0.00334015,0.0390503,0.02165527,0.02808838,0.00315857,Nucleus,Nucleus
ENSP00000402496,0.10253906,0.3734375,0.87578125,0.00818176,0.06308594,0.14863281,0.0031353,0.05844727,0.10195312,0.05610352,0.00357475,Nucleus,Nucleus
ENSP00000507540,0.23945313,0.51640625,0.45039062,0.12890625,0.14726563,0.48007812,0.00479736,0.27832031,0.36484375,0.36796875,0.00645904,Cytoplasm,"Cytoplasm, Nucleus, Cell membrane"
ENSP00000493494,0.32929688,0.615625,0.29414062,0.13378906,0.35625,0.30039062,0.04089356,0.14882813,0.24179688,0.29453125,0.27958984,Cytoplasm,Nucleus
ENSP00000482619,0.12158203,0.3671875,0.49140625,0.71445313,0.14111328,0.38828125,0.015979,0.08320313,0.05947265,0.24697265,0.25371094,Extracellular,Nucleus
ENSP00000445058,0.37578125,0.5734375,0.44453125,0.26220703,0.29101563,0.20419922,0.03070068,0.16748047,0.0644043,0.20371094,0.0210228,Cytoplasm,Cytoplasm
ENSP00000404402,0.04133301,0.30097656,0.796875,0.08300781,0.02713623,0.10405273,0.00948028,0.02125244,0.04353028,0.04487305,0.01206512,Nucleus,Nucleus
ENSP00000460273,0.16621094,0.3078125,0.29355469,0.3578125,0.16171875,0.353125,0.09243164,0.26054687,0.21015625,0.24804687,0.1506836,None,"Cytoplasm, Nucleus"
ENSP00000434572,0.08857422,0.23476563,0.74140625,0.09140625,0.07299805,0.25292969,0.0056839,0.0225708,0.02613525,0.04313965,0.00925217,Nucleus,Nucleus
ENSP00000422756,0.16943359,0.4625,0.45117187,0.17866211,0.07524414,0.2734375,0.00505829,0.17333984,0.17978516,0.16523438,0.04091492,None,Nucleus
ENSP00000381204,0.61953125,0.13417969,0.10498047,0.7265625,0.53164062,0.16933594,0.00822754,0.19667969,0.3921875,0.34023438,0.08222656,"Membrane, Extracellular, Cell membrane",Golgi apparatus
ENSP00000301838,0.19707032,0.6484375,0.44804687,0.1284668,0.19658203,0.17382813,0.0032856,0.03842773,0.19804688,0.18886719,0.00498047,Cytoplasm,"Cytoplasm, Nucleus"
ENSP00000448051,0.36914062,0.41484375,0.59296875,0.16992188,0.22929687,0.45820313,0.01855469,0.43867188,0.33125,0.20205078,0.22651367,Nucleus,Nucleus
ENSP00000442083,0.22304688,0.34921875,0.28632812,0.17705078,0.14697266,0.7921875,0.10292969,0.15019531,0.11123047,0.31757813,0.22441406,Mitochondrion,Nucleus
ENSP00000434508,0.14726563,0.50820312,0.53359375,0.16523437,0.10322266,0.26015625,0.0147995,0.08039551,0.06396484,0.22529297,0.04462891,"Cytoplasm, Nucleus",Nucleus
ENSP00000429765,0.46210938,0.39414062,0.28222656,0.35410156,0.52773437,0.69140625,0.07246094,0.18027344,0.30839844,0.51757812,0.21220703,"Membrane, Cell membrane, Mitochondrion",Endoplasmic reticulum
ENSP00000428609,0.2359375,0.5078125,0.32421875,0.06962891,0.15302734,0.59414063,0.0255249,0.07097168,0.13310547,0.13681641,0.01786804,Cytoplasm,Nucleus
ENSP00000463596,0.15458984,0.37226562,0.6015625,0.43007812,0.09467774,0.17636719,0.02230225,0.08779297,0.12080078,0.08134766,0.00068903,Nucleus,Nucleus
ENSP00000321445,0.06665039,0.3078125,0.90234375,0.04140625,0.05700683,0.28251953,0.00090294,0.0175354,0.02961426,0.07661133,0.00943909,Nucleus,Nucleus
ENSP00000479243,0.41445313,0.16386719,0.17363281,0.7125,0.52148437,0.14238281,0.00232239,0.14931641,0.18710937,0.20214844,0.08143311,Extracellular,Cell membrane
ENSP00000413355,0.68046875,0.14140625,0.17070313,0.0119461,0.16318359,0.21289063,0.14912109,0.66171875,0.46132813,0.721875,0.01461182,"Membrane, Endoplasmic reticulum, Golgi apparatus",Golgi apparatus
ENSP00000397198,0.26230469,0.10078125,0.10810547,0.11162109,0.084375,0.946875,0.16362305,0.03652344,0.06328125,0.07729492,0.05151367,Mitochondrion,Cytoplasm
ENSP00000468452,0.15322266,0.12919922,0.17246094,0.16894531,0.07358398,0.9609375,0.01352539,0.0496582,0.04416504,0.07929688,0.2796875,Mitochondrion,Mitochondrion
ENSP00000359518,0.04055176,0.16728516,0.94765625,0.06240234,0.04946289,0.0392334,0.06767578,0.06958008,0.01278992,0.0362793,0.01208954,Nucleus,Nucleus
ENSP00000348050,0.45664062,0.21582031,0.21523437,0.34960938,0.26308594,0.39609375,0.00115433,0.58320312,0.15419922,0.42148438,0.12695312,Membrane,Endoplasmic reticulum
ENSP00000285333,0.32617188,0.4875,0.54335938,0.40878906,0.28457031,0.27441406,0.00068397,0.1409668,0.19765625,0.14892578,0.0095108,"Cytoplasm, Nucleus",Cytoplasm
ENSP00000351380,0.04104004,0.31367188,0.82734375,0.01796875,0.03227539,0.21074219,0.00835113,0.03623047,0.03098145,0.03776855,0.00499115,Nucleus,Nucleus
ENSP00000339690,0.54921875,0.19941406,0.12050781,0.56953125,0.55703125,0.12695312,0.02094727,0.29707031,0.31757813,0.23828125,0.13184814,"Membrane, Cell membrane",Cell membrane
ENSP00000479619,0.05141602,0.27363281,0.771875,0.17009277,0.06420898,0.17939453,0.00536575,0.05771484,0.02718506,0.02862549,0.04544678,Nucleus,Nucleus
ENSP00000479128,0.16132813,0.33046875,0.52070312,0.4796875,0.05986328,0.54140625,0.04836426,0.27949219,0.05557861,0.10878906,0.00763855,None,Nucleus
ENSP00000431979,0.10195313,0.30039062,0.63203125,0.44101563,0.08818359,0.66171875,0.04697266,0.13134765,0.07573242,0.16357422,0.09331055,"Nucleus, Mitochondrion",Nucleus
ENSP00000499371,0.2078125,0.34726562,0.49296875,0.27324219,0.07387695,0.38632813,0.09863281,0.24902344,0.38984375,0.22558594,0.02724609,None,Nucleus
ENSP00000493140,0.05112304,0.29609375,0.78671875,0.22089844,0.05029297,0.26601563,0.00092812,0.04833984,0.03100586,0.05251465,0.03562622,Nucleus,Nucleus
ENSP00000428877,0.16230469,0.26679687,0.63828125,0.05644531,0.07754516,0.28574219,0.0256073,0.13789063,0.02929688,0.09904785,0.00283661,Nucleus,"Nucleus, Cell membrane"
ENSP00000319532,0.18476562,0.42578125,0.5390625,0.21132812,0.15410156,0.36113281,0.01229248,0.14882813,0.15117188,0.190625,0.1774414,Nucleus,Nucleus
ENSP00000497996,0.06469727,0.26796875,0.74765625,0.15185547,0.02711182,0.25976563,0.00478516,0.09130859,0.0435791,0.06223145,0.00462494,Nucleus,Nucleus
ENSP00000384925,0.4890625,0.54140625,0.34257813,0.11303711,0.49160156,0.41298828,0.00584106,0.02806397,0.11064453,0.25332031,0.02757034,"Membrane, Cytoplasm",Cytoplasm
ENSP00000389028,0.10869141,0.19804687,0.12617187,0.959375,0.12753906,0.22070312,0.04614258,0.15019531,0.08374023,0.19746094,0.02593994,Extracellular,Cell membrane
ENSP00000388887,0.34765625,0.521875,0.32617188,0.09853516,0.38125,0.30039063,0.01343384,0.26894531,0.2171875,0.284375,0.15822754,Cytoplasm,"Cytoplasm, Nucleus"
ENSP00000398720,0.0949707,0.5859375,0.58242188,0.03643799,0.04943848,0.21347656,0.11516113,0.06179199,0.07876892,0.03458252,0.10473633,"Cytoplasm, Nucleus",Cytoplasm
ENSP00000361577,0.22851562,0.553125,0.47890625,0.07324219,0.17558594,0.21679688,0.00147286,0.25341797,0.15185547,0.18173828,0.07581787,Cytoplasm,Nucleus
ENSP00000477624,0.59375,0.25546875,0.10458985,0.14433594,0.1765625,0.83359375,0.10478516,0.25585937,0.146875,0.14208984,0.41171875,"Membrane, Mitochondrion",Mitochondrion
ENSP00000455260,0.06743164,0.43476562,0.47617188,0.23232422,0.09433594,0.18955078,0.00334568,0.10458984,0.15566406,0.18076172,0.00111008,None,Nucleus
ENSP00000435383,0.25019531,0.62109375,0.3390625,0.05285644,0.18447266,0.26953125,0.01888428,0.17739258,0.29921875,0.33789063,0.08944855,Cytoplasm,"Nucleus, Cell membrane"
ENSP00000412919,0.0699707,0.3375,0.771875,0.05355225,0.05888672,0.26582031,0.00234108,0.10820312,0.11855469,0.06030884,0.007724,Nucleus,Nucleus
ENSP00000443879,0.20449219,0.621875,0.28886719,0.11865234,0.26464844,0.23769531,0.00759277,0.10820312,0.24042969,0.4703125,0.00666351,Cytoplasm,Nucleus
ENSP00000414177,0.1,0.35,0.74921875,0.03175659,0.08945313,0.08842773,0.00056686,0.07719727,0.11191406,0.13759766,0.05778732,Nucleus,Nucleus
ENSP00000412141,0.36640625,0.37539063,0.43203125,0.28774414,0.41054688,0.46367187,0.00828552,0.32226562,0.07353516,0.2,0.04618225,None,Cell membrane
ENSP00000410912,0.14619141,0.24199219,0.15351562,0.42109375,0.06313476,0.946875,0.17392578,0.0609375,0.05917969,0.05756836,0.32460937,Mitochondrion,"Cytoplasm, Nucleus, Cell membrane"
ENSP00000404796,0.10625,0.34648437,0.778125,0.07259521,0.07895508,0.24160156,0.00470276,0.06992187,0.01955566,0.06953125,0.00786133,Nucleus,Nucleus
ENSP00000262396,0.06230469,0.53125,0.55546875,0.2784668,0.06967773,0.18681641,0.0175293,0.04191894,0.06499024,0.04780273,0.00673218,"Cytoplasm, Nucleus","Cytoplasm, Nucleus"
ENSP00000496136,0.0921875,0.29414063,0.6203125,0.16474609,0.04919434,0.6234375,0.01851807,0.10014649,0.03974609,0.11513672,0.03615723,Nucleus,Mitochondrion
ENSP00000461145,0.15351562,0.36445313,0.596875,0.12995606,0.07856445,0.15742187,0.00947266,0.11831055,0.05314941,0.11069336,0.00152893,Nucleus,Nucleus
ENSP00000435057,0.24277344,0.52929688,0.38359375,0.30390625,0.32617187,0.60585937,0.00343933,0.0578125,0.1828125,0.14648437,0.05776367,Cytoplasm,"Cytoplasm, Nucleus"
ENSP00000337340,0.14228516,0.46835937,0.55820313,0.10166016,0.20859375,0.1703125,0.02183228,0.10048828,0.07753906,0.11552735,0.01815186,Nucleus,Nucleus
ENSP00000464158,0.93828125,0.13046875,0.06000977,0.03449097,0.42578125,0.38632812,0.00447235,0.61953125,0.23925781,0.6,0.07061768,Membrane,"Mitochondrion, Endoplasmic reticulum"
ENSP00000494697,0.19101563,0.65625,0.6390625,0.04194336,0.25361328,0.53554688,0.00441818,0.21152344,0.23574219,0.0692627,0.07869263,"Cytoplasm, Nucleus","Cytoplasm, Nucleus, Endoplasmic reticulum"
ENSP00000385962,0.64179688,0.10693359,0.22441406,0.62265625,0.17226563,0.32929688,0.17788086,0.53984375,0.17646485,0.27109375,0.02466125,Membrane,Nucleus
ENSP00000379758,0.8796875,0.14365234,0.09316406,0.08070068,0.31660156,0.39472656,0.00488892,0.58359375,0.22304688,0.55976563,0.10970459,Membrane,"Mitochondrion, Endoplasmic reticulum"
ENSP00000340294,0.45703125,0.50703125,0.29238281,0.1515625,0.31835937,0.11450195,0.01786194,0.33613281,0.37382813,0.39335937,0.03317871,"Membrane, Cytoplasm",Cytoplasm
ENSP00000414323,0.10302734,0.5578125,0.41640625,0.34648437,0.12558594,0.30664062,0.00177498,0.08535156,0.23476563,0.43828125,0.09221191,Cytoplasm,Cytoplasm
ENSP00000508017,0.17597656,0.38945313,0.47148438,0.1253418,0.1003418,0.4015625,0.03164978,0.22607422,0.19726563,0.20566406,0.05042725,None,Cytoplasm
ENSP00000409315,0.01417847,0.44375,0.7265625,0.0345459,0.02298584,0.08125,0.00284195,0.0496582,0.02055664,0.04443359,0.00180778,Nucleus,"Cytoplasm, Nucleus"
ENSP00000347275,0.63828125,0.10175781,0.12861328,0.41210938,0.49804688,0.28320313,0.03127441,0.13183594,0.37382812,0.16875,0.27210388,Membrane,Cell membrane
ENSP00000483473,0.62109375,0.17871094,0.10537109,0.44257812,0.634375,0.07026367,0.00777893,0.29960938,0.31855469,0.26816406,0.1395874,"Membrane, Cell membrane",Cell membrane
ENSP00000481099,0.18847656,0.34257812,0.40820312,0.63320312,0.12783203,0.54335937,0.04064941,0.29648437,0.10410156,0.15361328,0.10761719,None,Nucleus
ENSP00000394858,0.59921875,0.10166016,0.12675781,0.44121094,0.52148437,0.29023437,0.02357178,0.12011719,0.34238281,0.16806641,0.1969635,Membrane,Cell membrane
ENSP00000386688,0.06333008,0.35546875,0.34785156,0.73125,0.04067383,0.27539063,0.4359375,0.11635742,0.09477539,0.10341797,0.30527344,Extracellular,Peroxisome
ENSP00000383710,0.12705078,0.35507813,0.48359375,0.61015625,0.12783203,0.559375,0.03823242,0.14208984,0.08554688,0.31972656,0.19682617,None,Nucleus
ENSP00000355285,0.609375,0.13701172,0.10742187,0.7265625,0.53320313,0.16523437,0.00859375,0.18261719,0.3890625,0.32578125,0.08096924,"Membrane, Extracellular, Cell membrane",Golgi apparatus
ENSP00000259037,0.5609375,0.11025391,0.08408203,0.02631836,0.13730469,0.96015625,0.07702637,0.07861328,0.03369141,0.07333984,0.05627441,"Membrane, Mitochondrion",Mitochondrion
ENSP00000505459,0.14423828,0.33261719,0.38007813,0.596875,0.02591553,0.409375,0.1527832,0.25380859,0.16972656,0.11845703,0.21191406,None,Cytoplasm
ENSP00000493145,0.15,0.334375,0.54648438,0.6171875,0.14960937,0.4296875,0.0317749,0.11088867,0.07148438,0.32412109,0.05688477,Nucleus,Nucleus
ENSP00000458425,0.13017578,0.41328125,0.36679688,0.621875,0.0621582,0.37382813,0.07756348,0.04182129,0.16865234,0.09213867,0.07106934,None,Nucleus
ENSP00000441844,0.08647461,0.51015625,0.58359375,0.02904053,0.05349121,0.36992187,0.01293945,0.15791016,0.08178711,0.04567871,0.11657715,"Cytoplasm, Nucleus",Mitochondrion
ENSP00000423100,0.09023438,0.25644532,0.89765625,0.03413086,0.0545166,0.15664063,0.00456238,0.03010254,0.04697266,0.03376465,0.00386353,Nucleus,Nucleus
ENSP00000356372,0.12207031,0.49648438,0.54179688,0.09956055,0.0319458,0.27167968,0.0690918,0.19287109,0.51328125,0.521875,0.04208984,"Cytoplasm, Nucleus",Nucleus
ENSP00000329920,0.65703125,0.21074219,0.13564453,0.16240234,0.61015625,0.06040039,0.00048466,0.22050781,0.23642578,0.39960937,0.17045898,"Membrane, Cell membrane",Cell membrane
ENSP00000497105,0.13408203,0.5125,0.47851562,0.10019531,0.06862793,0.30878907,0.08626709,0.08544922,0.18320312,0.16054688,0.11187744,Cytoplasm,Nucleus
ENSP00000478795,0.19316406,0.43164062,0.48242188,0.06486816,0.17695313,0.43476563,0.00769882,0.0206543,0.0414917,0.02261353,0.00566559,None,Nucleus
ENSP00000461965,0.06982422,0.621875,0.6640625,0.05825195,0.05834961,0.19296875,0.00760193,0.09189453,0.14663086,0.12851562,0.14584961,"Cytoplasm, Nucleus","Cytoplasm, Nucleus"
ENSP00000442817,0.08007812,0.53164062,0.50429687,0.05368652,0.06518555,0.3046875,0.02136231,0.14208984,0.21884766,0.46679687,0.02359619,Cytoplasm,Nucleus
ENSP00000438000,0.07871094,0.35,0.7203125,0.06002808,0.05080566,0.29707031,0.00418701,0.1059082,0.09384766,0.08817139,0.00892639,Nucleus,Nucleus
ENSP00000433322,0.27675781,0.4015625,0.4203125,0.41875,0.09990234,0.6015625,0.02827148,0.2375,0.07521362,0.17861328,0.08654785,None,Nucleus
ENSP00000415044,0.0855957,0.30429687,0.34335937,0.8203125,0.06210937,0.58164062,0.31894531,0.18818359,0.11958008,0.19482422,0.0244873,Extracellular,Nucleus
ENSP00000414071,0.921875,0.14892578,0.0737793,0.03635865,0.37460937,0.4578125,0.00493927,0.57226563,0.26113281,0.53789062,0.14180908,Membrane,"Mitochondrion, Endoplasmic reticulum"
ENSP00000450791,0.19628906,0.16083984,0.11904297,0.9171875,0.225,0.22324219,0.00462951,0.26054688,0.13369141,0.34960938,0.0609375,Extracellular,Nucleus
ENSP00000433561,0.32890625,0.5109375,0.4828125,0.09741211,0.14042969,0.05688477,0.01153717,0.06149902,0.07436523,0.1222168,0.01036072,Cytoplasm,Cytoplasm
ENSP00000401452,0.27421875,0.86484375,0.12431641,0.1232666,0.36660156,0.28515625,0.01176758,0.06484375,0.14008789,0.27324219,0.00453873,Cytoplasm,Cytoplasm
ENSP00000343060,0.09140625,0.45546875,0.53671875,0.22636719,0.05981445,0.34648437,0.03476563,0.04450684,0.04477539,0.11240234,0.17158203,Nucleus,"Cytoplasm, Nucleus"
ENSP00000420933,0.05131836,0.3734375,0.54882813,0.13310547,0.02086182,0.12890625,0.00345154,0.06420898,0.03698731,0.08994141,0.01217041,Nucleus,Nucleus
ENSP00000362463,0.22763672,0.6875,0.22382812,0.19003906,0.12734375,0.45175781,0.00799408,0.26699219,0.05402832,0.36484375,0.13466797,Cytoplasm,"Cytoplasm, Nucleus, Cell membrane"
ENSP00000346239,0.12792969,0.6421875,0.48828125,0.17353516,0.16904297,0.23808594,0.09147949,0.14326172,0.03439941,0.04013672,0.02090454,Cytoplasm,Nucleus
ENSP00000304327,0.09941406,0.48867188,0.64296875,0.20644531,0.14951172,0.31132812,0.00381165,0.09394532,0.0921875,0.16591797,0.08894043,"Cytoplasm, Nucleus",Nucleus
ENSP00000500602,0.12304688,0.41367188,0.41640625,0.38515625,0.04692383,0.44609375,0.13701172,0.15234375,0.18242187,0.24980469,0.22011719,None,Nucleus
ENSP00000460661,0.11738281,0.35390625,0.51015625,0.675,0.12333984,0.45039063,0.03222656,0.0675293,0.06064453,0.30605469,0.15527344,Extracellular,Golgi apparatus
ENSP00000253023,0.42695313,0.5859375,0.52695312,0.02285156,0.27578125,0.23925781,0.00999756,0.34023438,0.4296875,0.33535156,0.0134018,Cytoplasm,Nucleus
ENSP00000506294,0.14853516,0.43710938,0.3296875,0.52070312,0.19951172,0.54296875,0.00484772,0.11196289,0.09648438,0.03740234,0.01099396,None,"Cytoplasm, Nucleus"
ENSP00000501444,0.19609375,0.51328125,0.4421875,0.16621094,0.07597656,0.15830078,0.01772461,0.14311523,0.41835937,0.33476563,0.05484619,Cytoplasm,Cytoplasm
ENSP00000437459,0.05932617,0.36015625,0.63671875,0.06181641,0.02336426,0.09296875,0.03895264,0.06201172,0.00541954,0.04401855,0.01423645,Nucleus,Nucleus
ENSP00000497622,0.26035156,0.4,0.35859375,0.17939453,0.15078125,0.19375,0.01717529,0.45742188,0.37636719,0.3984375,0.01756286,None,Nucleus
ENSP00000464084,0.70234375,0.17910156,0.15185547,0.17636719,0.75625,0.13652344,0.00777588,0.14179687,0.31308594,0.278125,0.16421509,"Membrane, Cell membrane",Cell membrane
ENSP00000436575,0.16035156,0.38613281,0.59882812,0.13071289,0.03833008,0.53632813,0.0018116,0.08359375,0.04644775,0.22294922,0.02236328,Nucleus,Nucleus
ENSP00000435798,0.259375,0.47578125,0.49179687,0.27363281,0.30917969,0.47265625,0.00295143,0.13535156,0.10390625,0.15205078,0.05176391,Cytoplasm,"Cytoplasm, Nucleus"
ENSP00000394502,0.08120117,0.40859375,0.73203125,0.11611328,0.09282227,0.18632813,0.00717926,0.06992187,0.1515625,0.10922852,0.09213867,Nucleus,Nucleus
ENSP00000386623,0.07294922,0.2296875,0.55546875,0.59375,0.01499634,0.30195313,0.01495361,0.35644531,0.16572266,0.10405273,0.03118286,Nucleus,Nucleus
ENSP00000222968,0.15273437,0.4,0.63515625,0.03170776,0.15419922,0.171875,0.00194244,0.04550781,0.05273437,0.05424804,0.00513878,Nucleus,"Cytoplasm, Cell membrane"
ENSP00000452545,0.08969726,0.32695313,0.9046875,0.10490723,0.06020508,0.0852539,0.00681763,0.08151855,0.09306641,0.03847656,0.00374145,Nucleus,Nucleus
ENSP00000450228,0.153125,0.53164062,0.63515625,0.23515625,0.15478516,0.30820312,0.02922363,0.11835938,0.08261719,0.08017578,0.01061554,"Cytoplasm, Nucleus",Cytoplasm
ENSP00000453631,0.0213501,0.35859375,0.5796875,0.29160157,0.02553711,0.3921875,0.01257782,0.02142334,0.00847778,0.03598633,0.02655639,Nucleus,Nucleus
ENSP00000392425,0.54726563,0.35742188,0.25214844,0.35429687,0.59335938,0.7,0.08571777,0.18544922,0.30722656,0.6078125,0.24765625,"Membrane, Cell membrane, Mitochondrion",Endoplasmic reticulum
ENSP00000498206,0.240625,0.41445312,0.35546875,0.19707031,0.13583984,0.18515625,0.01289062,0.43417969,0.31865234,0.37421875,0.01557007,None,Nucleus
ENSP00000465068,0.05576172,0.32734375,0.87265625,0.07971191,0.0472168,0.2078125,0.01641846,0.0534668,0.04663086,0.0440918,0.00714569,Nucleus,Nucleus
ENSP00000454999,0.29726563,0.38945313,0.30644531,0.53789062,0.0697998,0.33515625,0.01671905,0.27900391,0.17900391,0.06362305,0.04373169,None,Nucleus
ENSP00000453720,0.79609375,0.2,0.13662109,0.23027344,0.40546875,0.07255859,0.00165329,0.62890625,0.33466797,0.79375,0.02095337,"Membrane, Endoplasmic reticulum, Golgi apparatus",Golgi apparatus
ENSP00000450934,0.1,0.54609375,0.50195312,0.16708984,0.09101563,0.20898438,0.11572266,0.08271484,0.07290039,0.12216797,0.13496094,Cytoplasm,Cytoplasm
ENSP00000449299,0.14169922,0.43789062,0.32382813,0.53203125,0.19570312,0.54609375,0.00544586,0.11699219,0.07944336,0.0385498,0.00903168,None,"Cytoplasm, Nucleus"
ENSP00000419248,0.49882813,0.12666016,0.090625,0.03818359,0.1109375,0.94609375,0.07539062,0.09462891,0.0397461,0.08496094,0.06171875,"Membrane, Mitochondrion",Mitochondrion
ENSP00000344330,0.56835937,0.51367187,0.26367187,0.08095703,0.60507813,0.48476562,0.00230484,0.05280762,0.39472656,0.33203125,0.00705223,"Membrane, Cytoplasm, Cell membrane",Cytoplasm
ENSP00000491581,0.21191406,0.10869141,0.08544922,0.06777344,0.04294434,0.95703125,0.37792969,0.03024902,0.03283691,0.03425293,0.23730469,Mitochondrion,Mitochondrion
ENSP00000455088,0.1640625,0.22695313,0.04438476,0.16918945,0.04082031,0.91484375,0.48105469,0.0713501,0.03352051,0.09316406,0.09720459,Mitochondrion,Mitochondrion
ENSP00000453201,0.18710937,0.49609375,0.43828125,0.0730957,0.1765625,0.32636719,0.00382309,0.07373047,0.14169922,0.09301758,0.01607056,Cytoplasm,Nucleus
ENSP00000409820,0.6671875,0.19492188,0.19765625,0.0840332,0.378125,0.48085938,0.025,0.70859375,0.27207032,0.39023438,0.10581055,"Membrane, Endoplasmic reticulum",Cytoplasm
ENSP00000467841,0.07788086,0.21601563,0.6140625,0.24902344,0.046875,0.11591797,0.00859375,0.06367188,0.13217773,0.04794922,0.10522461,Nucleus,Nucleus
ENSP00000456491,0.18164063,0.16113281,0.16484375,0.9484375,0.23144531,0.16445313,0.01705322,0.19394531,0.16113281,0.22636719,0.0269043,Extracellular,Cell membrane
ENSP00000390788,0.08076172,0.46875,0.59296875,0.28125,0.07128906,0.22421875,0.0151123,0.05517578,0.10449219,0.06484375,0.05539246,Nucleus,Cell membrane
ENSP00000372651,0.09970703,0.375,0.5859375,0.6921875,0.11933594,0.3703125,0.01903686,0.08876953,0.08417969,0.33242187,0.04824219,"Nucleus, Extracellular",Nucleus
ENSP00000498150,0.14345703,0.48476562,0.58046875,0.35234375,0.12841797,0.44375,0.1703125,0.1140625,0.13222656,0.13154297,0.19101563,"Cytoplasm, Nucleus",Nucleus
ENSP00000475146,0.19882812,0.45703125,0.41015625,0.18964844,0.16962891,0.44179688,0.03911133,0.17753906,0.15361328,0.30429687,0.05515136,None,Nucleus
ENSP00000452878,0.05197754,0.1640625,0.91015625,0.00617218,0.04580078,0.23632812,0.00285568,0.16923828,0.04474487,0.1402832,0.02628632,Nucleus,Nucleus
ENSP00000414655,0.07314453,0.46992188,0.578125,0.196875,0.07734375,0.13896484,0.00770264,0.0902832,0.16074219,0.05634766,0.05164795,"Cytoplasm, Nucleus",Cytoplasm
ENSP00000413925,0.19785156,0.565625,0.39921875,0.40722656,0.17792969,0.70546875,0.0065918,0.17929688,0.24541016,0.35410156,0.1609375,"Cytoplasm, Mitochondrion",Cytoplasm
ENSP00000368745,0.49335938,0.5859375,0.40898437,0.07685547,0.40117187,0.36367188,0.00862732,0.25371094,0.32265625,0.30341797,0.02753296,"Membrane, Cytoplasm","Cytoplasm, Nucleus"
ENSP00000474048,0.12646484,0.33984375,0.44726563,0.78046875,0.12900391,0.36269531,0.00524902,0.12490234,0.08918457,0.20126953,0.571875,Extracellular,Nucleus
ENSP00000429628,0.04577637,0.22773438,0.65390625,0.29003906,0.06762695,0.06743164,0.00047302,0.02102661,0.07412109,0.05778809,0.0755249,Nucleus,Nucleus
ENSP00000417632,0.14052734,0.571875,0.57421875,0.06607666,0.0838501,0.546875,0.01475525,0.03486328,0.32128906,0.17353516,0.02123413,"Cytoplasm, Nucleus",Mitochondrion
ENSP00000492149,0.08544922,0.5140625,0.7109375,0.13964844,0.08217773,0.18535156,0.00680542,0.10927734,0.13798828,0.16708984,0.15336914,"Cytoplasm, Nucleus",Nucleus
ENSP00000404950,0.29609375,0.20136719,0.10810547,0.7375,0.33554687,0.14511719,0.01398926,0.19560547,0.09335938,0.11621094,0.00646362,Extracellular,Cell membrane
ENSP00000367901,0.10390625,0.4953125,0.64453125,0.175,0.15039062,0.31992188,0.00321655,0.09589844,0.08037109,0.15351562,0.08527832,"Cytoplasm, Nucleus",Nucleus
ENSP00000498311,0.04528808,0.1546875,0.8109375,0.11191406,0.0274292,0.20605469,0.04675293,0.03359375,0.01143799,0.04274902,0.0111042,Nucleus,Nucleus
ENSP00000462446,0.7265625,0.17294922,0.11650391,0.24296875,0.36015625,0.5109375,0.01677246,0.434375,0.484375,0.49648437,0.11374512,Membrane,Cell membrane
ENSP00000442725,0.36914062,0.4515625,0.41484375,0.02961426,0.1453125,0.28476562,0.00538483,0.06645508,0.35507812,0.16259765,0.01718941,None,Cytoplasm
ENSP00000441425,0.2328125,0.49921875,0.38359375,0.38779297,0.22441406,0.27734375,0.00702667,0.12065429,0.05124512,0.15927734,0.01124878,Cytoplasm,"Cytoplasm, Nucleus"
ENSP00000377133,0.07260742,0.31992188,0.68671875,0.08398438,0.03083496,0.09155273,0.02485352,0.07661133,0.0076973,0.03674317,0.03832397,Nucleus,Nucleus
ENSP00000347133,0.1265625,0.43046875,0.52578125,0.11708984,0.09165039,0.3671875,0.00513001,0.12441406,0.17392578,0.18085938,0.2953125,None,Mitochondrion
ENSP00000458596,0.3859375,0.39257813,0.28339844,0.42265625,0.25605469,0.7734375,0.03366699,0.27597656,0.19541016,0.39648438,0.04233398,Mitochondrion,Mitochondrion
ENSP00000452763,0.09023437,0.16210938,0.24472656,0.15019531,0.03959961,0.91875,0.14257813,0.0402832,0.02391357,0.01275635,0.11416016,Mitochondrion,"Cytoplasm, Endoplasmic reticulum"
ENSP00000450519,0.05297851,0.50078125,0.78984375,0.09638672,0.03557129,0.32988281,0.05319824,0.08984375,0.0515625,0.04289551,0.07000732,"Cytoplasm, Nucleus",Nucleus
ENSP00000444110,0.16044922,0.55625,0.47890625,0.07646485,0.18828125,0.39414062,0.00912323,0.0388916,0.0746582,0.17871094,0.06224365,Cytoplasm,"Nucleus, Cell membrane"
ENSP00000464646,0.26503906,0.45625,0.55898437,0.11572266,0.18105469,0.33671875,0.00433045,0.11337891,0.07375488,0.05375976,0.00492325,Nucleus,"Cytoplasm, Cell membrane"
ENSP00000452909,0.12304688,0.14951172,0.18886719,0.15800781,0.03771973,0.9265625,0.29492187,0.05600586,0.02902832,0.02473145,0.1,Mitochondrion,"Cytoplasm, Endoplasmic reticulum"
ENSP00000436839,0.08144531,0.78515625,0.52382813,0.21479492,0.068396,0.65859375,0.06585693,0.0682373,0.2190918,0.20341797,0.51796875,"Cytoplasm, Mitochondrion","Cytoplasm, Nucleus, Cell membrane"
ENSP00000469917,0.20097656,0.45976562,0.465625,0.49101562,0.10595703,0.29433594,0.01481323,0.08164063,0.24257813,0.24453125,0.09609375,None,"Cytoplasm, Nucleus, Cell membrane"
ENSP00000467566,0.20429687,0.26289063,0.12861328,0.753125,0.19140625,0.32851563,0.00925903,0.27480469,0.28867187,0.19394531,0.01402283,Extracellular,Endoplasmic reticulum
ENSP00000457082,0.14775391,0.37929687,0.65859375,0.04963379,0.11328125,0.20253906,0.09755859,0.13095703,0.10644531,0.10361328,0.08984375,Nucleus,Nucleus
ENSP00000433033,0.08251953,0.24648438,0.27988281,0.83359375,0.02440185,0.62539062,0.16181641,0.2953125,0.07389221,0.16860352,0.0569458,Extracellular,"Cytoplasm, Nucleus"
ENSP00000432453,0.38476563,0.50625,0.41875,0.16923828,0.27695312,0.32773438,0.01835938,0.24140625,0.34804688,0.39472656,0.03406982,Cytoplasm,Cytoplasm
ENSP00000430322,0.16484375,0.23125,0.22480469,0.0404541,0.07475586,0.96640625,0.05170898,0.02435303,0.04206543,0.03760986,0.00851898,Mitochondrion,Mitochondrion
ENSP00000407265,0.03122558,0.30898437,0.7,0.05992431,0.00481262,0.12363281,0.01922608,0.02763672,0.01500244,0.00999145,0.02039947,Nucleus,Nucleus
ENSP00000394699,0.48242187,0.5828125,0.41523437,0.0512207,0.44375,0.19960937,0.03876953,0.24453125,0.41074219,0.18393554,0.01639938,"Membrane, Cytoplasm",Nucleus
ENSP00000357374,0.21816406,0.19628906,0.16503906,0.7765625,0.20488281,0.17363281,0.0699707,0.21210937,0.22597656,0.24960937,0.04934082,Extracellular,Cell membrane
ENSP00000472375,0.08989258,0.6,0.33320312,0.42773438,0.06191406,0.22441406,0.09660645,0.175,0.18964844,0.1859375,0.16044922,Cytoplasm,Cytoplasm
ENSP00000467651,0.14599609,0.31757812,0.40117188,0.20644531,0.09882812,0.58515625,0.33613281,0.11787109,0.04926758,0.16269531,0.0894165,None,Cytoplasm
ENSP00000460067,0.14726562,0.3578125,0.56914063,0.45351562,0.10986328,0.41132812,0.04627685,0.13046875,0.12978516,0.15878906,0.13015137,Nucleus,Nucleus
ENSP00000453781,0.12607422,0.3484375,0.35117188,0.38984375,0.08554687,0.72421875,0.3671875,0.0777832,0.06625977,0.09594726,0.03349609,Mitochondrion,Mitochondrion
ENSP00000449287,0.04941406,0.19150391,0.92578125,0.00254288,0.04060059,0.14873047,0.00516987,0.08852539,0.04989624,0.15644531,0.01525726,Nucleus,Nucleus
ENSP00000436824,0.15107422,0.47734375,0.45859375,0.17646485,0.09428711,0.34375,0.00992432,0.22392578,0.234375,0.22089844,0.05478515,Cytoplasm,"Cytoplasm, Nucleus"
ENSP00000429946,0.05644531,0.4328125,0.71328125,0.12519531,0.05109863,0.06560059,0.01307373,0.06630859,0.02056427,0.0163742,0.0038414,Nucleus,Nucleus
ENSP00000428991,0.30566406,0.28457031,0.40078125,0.54335937,0.16298828,0.55507813,0.09248047,0.18642578,0.36699219,0.45703125,0.04545898,None,Cytoplasm
ENSP00000421390,0.19189453,0.45585937,0.55742187,0.1003418,0.10273437,0.18476562,0.03037414,0.17578125,0.19101562,0.18623047,0.00370789,Nucleus,"Cytoplasm, Nucleus"
ENSP00000345092,0.06569824,0.40625,0.69140625,0.04902344,0.05861816,0.11347656,0.00514069,0.06499023,0.0236084,0.03452148,0.01152801,Nucleus,Nucleus
ENSP00000475656,0.0486084,0.29042969,0.9109375,0.28369141,0.02753906,0.08408203,0.00160294,0.01122131,0.0284668,0.04213867,0.00176144,Nucleus,Nucleus
ENSP00000411577,0.05742187,0.17226562,0.86328125,0.16352539,0.09189453,0.01793213,0.00212937,0.06132812,0.0708252,0.08632813,0.00372696,Nucleus,"Cytoplasm, Nucleus"
ENSP00000398116,0.03964844,0.3875,0.61796875,0.02421875,0.05244141,0.08520508,0.02650375,0.05617676,0.02209473,0.01496582,0.00159149,Nucleus,Nucleus
ENSP00000342814,0.61171875,0.17421875,0.10703125,0.49863281,0.6546875,0.06928711,0.0080658,0.26816406,0.35996094,0.24082031,0.12642822,"Membrane, Cell membrane",Cell membrane
ENSP00000456783,0.37734375,0.69453125,0.29648438,0.09892578,0.33359375,0.23398438,0.00119438,0.09306641,0.35966797,0.52890625,0.09179687,Cytoplasm,Cell membrane
ENSP00000412265,0.08447266,0.47773437,0.51679688,0.48085937,0.06914062,0.34960937,0.04814453,0.05249024,0.06777344,0.17412109,0.06854248,Cytoplasm,"Cytoplasm, Nucleus"
ENSP00000363959,0.14580078,0.27441406,0.59375,0.49179687,0.06274414,0.22753906,0.00257416,0.19477539,0.22802734,0.08283692,0.0942627,Nucleus,Nucleus
ENSP00000357457,0.23847656,0.6140625,0.3390625,0.17685547,0.24140625,0.3984375,0.00592804,0.11679687,0.303125,0.45859375,0.06821289,Cytoplasm,Golgi apparatus
ENSP00000465770,0.16660156,0.10673828,0.07832031,0.11230469,0.05856934,0.96640625,0.06547851,0.04155274,0.03642578,0.08330078,0.53339844,Mitochondrion,Mitochondrion
ENSP00000436445,0.07636719,0.34257813,0.79375,0.48632812,0.05878906,0.11552734,0.04346924,0.07006836,0.08745117,0.1590332,0.00199089,Nucleus,Cytoplasm
ENSP00000434444,0.0699707,0.32441406,0.69609375,0.29550781,0.01608887,0.21337891,0.10524902,0.09980469,0.05839844,0.04104004,0.03592529,Nucleus,Nucleus
ENSP00000434386,0.21425781,0.48789062,0.49804688,0.49589844,0.15048828,0.1328125,0.02129822,0.02828369,0.16875,0.05413819,0.56650391,Cytoplasm,Nucleus
ENSP00000406227,0.06098633,0.40039063,0.7234375,0.05559082,0.0472168,0.28828125,0.04545899,0.05405273,0.06391602,0.08520508,0.03909302,Nucleus,Nucleus
ENSP00000258662,0.24013672,0.63554688,0.40429688,0.02420654,0.27207031,0.37988281,0.00371551,0.09941406,0.01988525,0.11884766,0.32695312,Cytoplasm,Nucleus
ENSP00000497364,0.20058594,0.42539063,0.43828125,0.30410156,0.13847656,0.17783203,0.02740479,0.18994141,0.36601562,0.21894531,0.04483032,None,Nucleus
ENSP00000486048,0.38027344,0.51132813,0.47226563,0.16743164,0.31738281,0.41894531,0.00046857,0.08730469,0.23613281,0.17207032,0.01445923,Cytoplasm,Cytoplasm
ENSP00000460751,0.10898437,0.34921875,0.6890625,0.41777344,0.07282715,0.28652344,0.01023254,0.08061524,0.10771484,0.07255859,0.11965332,Nucleus,Nucleus
ENSP00000453029,0.12675781,0.16933594,0.24257812,0.14638672,0.05786133,0.9234375,0.16352539,0.04230957,0.0321289,0.0232666,0.04377442,Mitochondrion,"Cytoplasm, Endoplasmic reticulum"
ENSP00000408628,0.15439453,0.13847656,0.09228516,0.89140625,0.11279297,0.15585937,0.04050293,0.40703125,0.19033203,0.36328125,0.02912598,Extracellular,Endoplasmic reticulum
ENSP00000297613,0.08447265,0.43828125,0.60820313,0.01620789,0.06928711,0.55078125,0.00577088,0.03805542,0.21713867,0.08652344,0.05126953,Nucleus,Nucleus
ENSP00000482839,0.25546875,0.35390625,0.40859375,0.37773438,0.23339844,0.515625,0.00945435,0.22753906,0.27246094,0.43105469,0.22695312,None,"Cytoplasm, Nucleus"
ENSP00000479315,0.16923828,0.32539063,0.4578125,0.5828125,0.14013672,0.64765625,0.04526367,0.18769531,0.18359375,0.45078125,0.28154297,Mitochondrion,Nucleus
ENSP00000464899,0.17236328,0.35898438,0.42109375,0.19707031,0.10585937,0.45078125,0.05654297,0.18691406,0.05646973,0.10390625,0.04311523,None,Cytoplasm
ENSP00000464077,0.16035156,0.44921875,0.51210937,0.26953125,0.09697266,0.59453125,0.09863281,0.14921875,0.22519531,0.3640625,0.02037353,None,Nucleus
ENSP00000462344,0.53125,0.22519531,0.29121094,0.20605469,0.303125,0.41875,0.01078186,0.49257812,0.30703125,0.4828125,0.15175781,Membrane,Nucleus
ENSP00000431638,0.41289062,0.43046875,0.31230469,0.06655884,0.26855469,0.46367188,0.01843567,0.45234375,0.66875,0.4609375,0.08610535,Lysosome/Vacuole,Cytoplasm
ENSP00000451256,0.33339844,0.53632812,0.35371094,0.13095703,0.35644531,0.22763672,0.00332184,0.13623047,0.26582031,0.21083984,0.09892578,Cytoplasm,"Cytoplasm, Nucleus, Cell membrane"
ENSP00000449144,0.29453125,0.2140625,0.28457031,0.02797852,0.11889649,0.82265625,0.04274902,0.15732422,0.06699219,0.06645508,0.03496094,Mitochondrion,Mitochondrion
ENSP00000439269,0.36074219,0.75,0.37597656,0.06855469,0.2,0.16982422,0.04539184,0.17529297,0.24428711,0.59882812,0.00453186,Cytoplasm,Cytoplasm
ENSP00000417662,0.15498047,0.45976562,0.45820312,0.34726562,0.1,0.45507812,0.04414062,0.20644532,0.13847656,0.13076172,0.23217774,None,Endoplasmic reticulum
ENSP00000403659,0.07255859,0.48203125,0.65703125,0.20947266,0.08798828,0.1828125,0.00959167,0.0875,0.10659179,0.10742188,0.02460937,"Cytoplasm, Nucleus",Nucleus
ENSP00000335674,0.20957031,0.3640625,0.45585938,0.22167969,0.15244141,0.54726563,0.01459961,0.21035156,0.13701172,0.17460937,0.0949707,None,"Cytoplasm, Cell membrane"
ENSP00000301587,0.26757812,0.27207031,0.1859375,0.03835449,0.06342773,0.93046875,0.01393738,0.04187012,0.01368408,0.05629883,0.02847901,Mitochondrion,Mitochondrion
ENSP00000497176,0.16914063,0.3375,0.45703125,0.578125,0.17578125,0.51640625,0.03010254,0.20390625,0.15908203,0.33671875,0.33222656,None,Nucleus
ENSP00000467906,0.12763672,0.40898438,0.4890625,0.38984375,0.11484375,0.5140625,0.0239502,0.16162109,0.09165039,0.23808594,0.23515625,None,Mitochondrion
ENSP00000455108,0.06801758,0.35273438,0.60664062,0.21171875,0.08779297,0.35546875,0.0015274,0.16289062,0.01160889,0.10249023,0.00340424,Nucleus,Nucleus
ENSP00000436668,0.76328125,0.12441406,0.04960938,0.12294922,0.70625,0.209375,0.00232544,0.346875,0.1578125,0.16621094,0.04168091,"Membrane, Cell membrane",Cell membrane
ENSP00000426551,0.11308594,0.5375,0.56835938,0.08642578,0.12841797,0.22578125,0.01029053,0.06645508,0.09003906,0.14228516,0.37285156,"Cytoplasm, Nucleus",Cytoplasm
ENSP00000420273,0.3796875,0.42421875,0.33710938,0.24003906,0.41484375,0.40664062,0.06523437,0.13984375,0.19980469,0.3953125,0.19477539,None,Nucleus
ENSP00000378422,0.12851562,0.43945313,0.54765625,0.55625,0.07856445,0.396875,0.03295899,0.18144531,0.16435547,0.19267578,0.16972656,Nucleus,Endoplasmic reticulum
ENSP00000394340,0.16943359,0.61640625,0.3734375,0.36347656,0.20117188,0.1515625,0.01226807,0.09160156,0.10664062,0.15117187,0.0286438,Cytoplasm,Nucleus
ENSP00000357381,0.22675781,0.14677734,0.13769531,0.85625,0.21738281,0.15341797,0.06601562,0.21230469,0.18300781,0.24140625,0.0237793,Extracellular,Cell membrane
ENSP00000300433,0.60546875,0.16533203,0.15507813,0.41132813,0.62578125,0.1625,0.0064209,0.24570312,0.3125,0.28144531,0.0213089,"Membrane, Cell membrane",Nucleus
ENSP00000455941,0.12519531,0.22382813,0.4203125,0.6390625,0.09335937,0.59179687,0.03562622,0.08740234,0.08740234,0.25703125,0.33867187,None,Nucleus
ENSP00000451212,0.03786621,0.35078125,0.73125,0.25527344,0.04116211,0.21113281,0.00205002,0.07338867,0.06040039,0.07729492,0.08904419,Nucleus,Nucleus
ENSP00000445939,0.06191406,0.33554687,0.68203125,0.05783691,0.02598877,0.07380371,0.02300415,0.06503906,0.00416603,0.03071289,0.01390991,Nucleus,Nucleus
ENSP00000420164,0.12773437,0.19980469,0.11123047,0.9640625,0.21484375,0.14394531,0.00334473,0.16914063,0.32070312,0.55390625,0.03598633,Extracellular,Cell membrane
ENSP00000501630,0.17050781,0.17226562,0.23339844,0.16103516,0.09580078,0.915625,0.04174805,0.06381836,0.04116211,0.12880859,0.0887207,Mitochondrion,Mitochondrion
ENSP00000440575,0.09248047,0.45585938,0.6578125,0.23574219,0.09189453,0.26972656,0.00268173,0.08759766,0.14882813,0.15703125,0.20889893,Nucleus,Mitochondrion
ENSP00000429166,0.15449219,0.45195313,0.31582031,0.44179688,0.10869141,0.46523438,0.05766602,0.16777344,0.13271484,0.3046875,0.35371094,None,Cytoplasm
ENSP00000506942,0.06289062,0.25683594,0.8109375,0.20888672,0.06511231,0.1296875,0.00093556,0.06992187,0.03210449,0.10949707,0.00172882,Nucleus,"Cytoplasm, Nucleus"
ENSP00000455296,0.16757813,0.46484375,0.33398437,0.05363769,0.04155273,0.49765625,0.012677,0.07021484,0.3796875,0.10070801,0.03011475,None,Cytoplasm
ENSP00000454720,0.19765625,0.18515625,0.47578125,0.13974609,0.15834961,0.39921875,0.02324219,0.03624268,0.01816253,0.01121826,0.38776856,None,"Nucleus, Golgi apparatus"
ENSP00000437580,0.18828125,0.55234375,0.5046875,0.0934082,0.16679688,0.47539062,0.12578125,0.10227051,0.28769531,0.21494141,0.02548218,Cytoplasm,Cytoplasm
ENSP00000435888,0.45234375,0.5609375,0.22773438,0.05545654,0.19580078,0.41132813,0.06838532,0.66328125,0.36640625,0.7890625,0.04584961,"Cytoplasm, Endoplasmic reticulum, Golgi apparatus",Golgi apparatus
ENSP00000427092,0.29257813,0.45742187,0.37070313,0.24335938,0.284375,0.3171875,0.05517578,0.12910156,0.21875,0.4875,0.18200684,None,"Cytoplasm, Cell membrane, Endoplasmic reticulum"
ENSP00000422831,0.37148438,0.50351563,0.3609375,0.11738281,0.25761719,0.3640625,0.06611328,0.16230469,0.25839844,0.41054688,0.1064209,Cytoplasm,"Cytoplasm, Cell membrane, Endoplasmic reticulum"
ENSP00000400637,0.09238281,0.44101563,0.640625,0.11411133,0.0357544,0.37265625,0.02620849,0.05695801,0.1088501,0.13808594,0.03254395,Nucleus,"Cytoplasm, Nucleus"
ENSP00000451268,0.30507813,0.44882812,0.45585938,0.07045899,0.16953125,0.284375,0.04780273,0.23828125,0.17246094,0.17851562,0.00702362,None,"Cytoplasm, Nucleus, Cell membrane"
ENSP00000421647,0.02485351,0.3234375,0.840625,0.23105469,0.02109375,0.13613281,0.0439209,0.01828613,0.01625976,0.02368164,0.00473328,Nucleus,Nucleus
ENSP00000359346,0.7,0.140625,0.22617188,0.02210693,0.08823242,0.85859375,0.07114258,0.22695313,0.05489502,0.11152344,0.00593872,"Membrane, Mitochondrion",Mitochondrion
ENSP00000346473,0.19414062,0.3390625,0.35390625,0.66640625,0.13393555,0.41953125,0.14072266,0.31660156,0.21015625,0.17080078,0.21845703,Extracellular,Nucleus
ENSP00000462839,0.93359375,0.13896484,0.06210937,0.04212341,0.38945312,0.44960937,0.00794678,0.61796875,0.28613281,0.56835937,0.10863037,Membrane,"Mitochondrion, Endoplasmic reticulum"
ENSP00000408121,0.0621582,0.3359375,0.796875,0.278125,0.06235352,0.12871094,0.01141357,0.05986328,0.01280212,0.05292969,0.00148735,Nucleus,Nucleus
ENSP00000296121,0.03712158,0.27695313,0.853125,0.03875732,0.01643066,0.11635742,0.00435028,0.04265137,0.07858887,0.10966797,0.01492538,Nucleus,"Cytoplasm, Nucleus"
ENSP00000435724,0.2671875,0.346875,0.45976563,0.19472656,0.24023438,0.453125,0.125,0.24082031,0.1765625,0.2453125,0.26386719,None,Nucleus
ENSP00000408251,0.26445312,0.52929687,0.625,0.11948242,0.16005859,0.15888672,0.0026474,0.30703125,0.328125,0.12695313,0.07081604,"Cytoplasm, Nucleus",Nucleus
ENSP00000396061,0.19648437,0.7046875,0.26132812,0.12443848,0.1274414,0.31982422,0.00196767,0.21503906,0.48789063,0.10424805,0.03803864,Cytoplasm,Cytoplasm
ENSP00000481500,0.19140625,0.37890625,0.39179687,0.27578125,0.13125,0.44335937,0.02659912,0.32382813,0.22675781,0.3171875,0.22519531,None,"Cytoplasm, Nucleus"
ENSP00000469800,0.15107422,0.6859375,0.325,0.18193359,0.12539063,0.31484375,0.01359863,0.13642578,0.14951172,0.39921875,0.02673035,Cytoplasm,"Cytoplasm, Cell membrane"
ENSP00000411992,0.17089844,0.421875,0.4046875,0.63554687,0.04333496,0.66484375,0.10185547,0.16318359,0.07250976,0.16191406,0.01572571,Mitochondrion,Cytoplasm
ENSP00000386558,0.31445313,0.40273438,0.41132813,0.12006836,0.13867187,0.21025391,0.05839844,0.13222656,0.22441406,0.14941406,0.0292511,None,Golgi apparatus
ENSP00000505003,0.17089844,0.453125,0.30292969,0.31816406,0.09404297,0.49375,0.16474609,0.19306641,0.12285156,0.20644531,0.12836914,None,"Cytoplasm, Nucleus"
ENSP00000423915,0.04677734,0.228125,0.85234375,0.11123047,0.03017578,0.22832031,0.00417938,0.03103027,0.05617676,0.03828125,0.18293457,Nucleus,Nucleus
ENSP00000393196,0.18203125,0.37734375,0.48046875,0.47148438,0.16230469,0.50546875,0.01201782,0.16396484,0.1875,0.43242187,0.12949219,None,"Cytoplasm, Nucleus"
ENSP00000361966,0.41171875,0.13417969,0.10664062,0.07626953,0.13027343,0.97265625,0.02746582,0.08466797,0.05332031,0.1125,0.16123047,Mitochondrion,Mitochondrion
ENSP00000442180,0.16679688,0.42773437,0.5390625,0.35625,0.07348633,0.4375,0.03878174,0.19199219,0.22226562,0.271875,0.10952148,Nucleus,Cell membrane
ENSP00000422612,0.34882813,0.43945312,0.3203125,0.37460938,0.29140625,0.39257812,0.15517578,0.1140625,0.16445313,0.53710937,0.12705078,None,"Cytoplasm, Cell membrane, Endoplasmic reticulum"
ENSP00000389707,0.03227539,0.32363281,0.9546875,0.0470459,0.03920898,0.05703125,0.0004509,0.03259277,0.02767334,0.01203613,0.00130405,Nucleus,Nucleus
ENSP00000357089,0.19082031,0.64414063,0.31035156,0.30898437,0.27128906,0.45898438,0.00582695,0.17919922,0.08654785,0.18422852,0.00204086,Cytoplasm,Nucleus
ENSP00000506592,0.20957031,0.53398438,0.46054688,0.09428711,0.11640625,0.42382813,0.00974426,0.07924805,0.08569336,0.06943359,0.16013183,Cytoplasm,Cytoplasm
ENSP00000484730,0.19960937,0.1828125,0.21855469,0.8765625,0.16484375,0.3421875,0.05732422,0.26484375,0.19951172,0.22949219,0.08518066,Extracellular,Cell membrane
ENSP00000474781,0.56289063,0.25371094,0.15722656,0.1125,0.09257813,0.9015625,0.14121094,0.340625,0.25253906,0.20195313,0.17587891,"Membrane, Mitochondrion",Mitochondrion
ENSP00000440305,0.2671875,0.28867187,0.23769531,0.31679688,0.14277344,0.5609375,0.69140625,0.2875,0.20097656,0.16953125,0.24492188,Plastid,Mitochondrion
ENSP00000421230,0.31484375,0.45664062,0.31953125,0.34570313,0.29902344,0.30898437,0.07651367,0.13730469,0.20039062,0.54140625,0.1708374,None,"Cytoplasm, Cell membrane, Endoplasmic reticulum"
ENSP00000472057,0.03845215,0.3921875,0.746875,0.5375,0.03188477,0.17597656,0.24335938,0.04213867,0.02738037,0.04299316,0.04243774,Nucleus,Nucleus
ENSP00000465618,0.15585938,0.11738281,0.10058594,0.10419922,0.04812012,0.96640625,0.07119141,0.04365234,0.04294434,0.07241211,0.52773438,Mitochondrion,Mitochondrion
ENSP00000455278,0.21699219,0.36328125,0.5609375,0.05400391,0.10302734,0.08789062,0.0025177,0.09472656,0.25878906,0.40742188,0.00513763,Nucleus,Cytoplasm
ENSP00000437954,0.33789063,0.290625,0.13535156,0.71171875,0.31679687,0.31816406,0.00477142,0.18994141,0.25117187,0.44414063,0.02781982,Extracellular,Golgi apparatus
ENSP00000435761,0.34140625,0.51328125,0.53867188,0.13486328,0.10610351,0.33320312,0.02563019,0.22695313,0.53261719,0.60898437,0.0061554,"Cytoplasm, Nucleus",Nucleus
ENSP00000333624,0.18515625,0.41445313,0.42148438,0.4734375,0.1234375,0.52304688,0.03967285,0.18007812,0.21035156,0.215625,0.31660156,None,Nucleus
ENSP00000261267,0.10908203,0.10820312,0.06140137,0.91015625,0.1375,0.09345703,0.02303467,0.11923828,0.26777344,0.1059082,0.02475586,Extracellular,Golgi apparatus
ENSP00000385226,0.10380859,0.31171875,0.71796875,0.03312988,0.06899414,0.35273438,0.16096191,0.04348144,0.13212891,0.15527344,0.00135298,Nucleus,Nucleus
ENSP00000334125,0.07236328,0.32734375,0.35214844,0.87890625,0.05656738,0.65273437,0.3578125,0.22734375,0.0905365,0.29082031,0.02984924,"Extracellular, Mitochondrion","Cytoplasm, Cell membrane"
ENSP00000472837,0.13945312,0.571875,0.49882812,0.5109375,0.10361328,0.28183594,0.00938873,0.18232422,0.09304199,0.10405273,0.46309204,Cytoplasm,Cell membrane
ENSP00000471034,0.13037109,0.15507813,0.27558594,0.796875,0.0151123,0.65507813,0.05654297,0.39648438,0.13299561,0.26108398,0.33034668,"Extracellular, Mitochondrion",Golgi apparatus
ENSP00000464478,0.11357422,0.70625,0.51054687,0.07304687,0.09682617,0.19667969,0.05744629,0.06999512,0.13603516,0.22255859,0.00450363,Cytoplasm,Nucleus
ENSP00000450403,0.21328125,0.10400391,0.07304688,0.11669922,0.06879883,0.959375,0.15136719,0.0237793,0.02556152,0.05405273,0.09526367,Mitochondrion,Mitochondrion
ENSP00000430836,0.15253906,0.45390625,0.48710938,0.07109375,0.12880859,0.31875,0.03334961,0.14443359,0.11865234,0.22324219,0.44257812,None,Nucleus
ENSP00000416164,0.27480469,0.44335937,0.54765625,0.13779297,0.13808594,0.12211914,0.00255279,0.21220703,0.25273438,0.27851562,0.00757599,Nucleus,Cytoplasm
ENSP00000412812,0.55,0.56171875,0.39335938,0.04709473,0.48710938,0.2515625,0.04360352,0.2625,0.42089844,0.21367187,0.01686554,"Membrane, Cytoplasm",Nucleus
ENSP00000406065,0.08867188,0.36679687,0.6453125,0.52070312,0.08583984,0.49921875,0.01826172,0.19072266,0.11567383,0.07600098,0.28422852,Nucleus,"Cytoplasm, Cell membrane"
ENSP00000500214,0.02780762,0.28535156,0.90234375,0.12243652,0.02529297,0.14394531,0.0729248,0.02581787,0.02387695,0.05991211,0.00679779,Nucleus,Nucleus
ENSP00000493305,0.11645508,0.51015625,0.553125,0.22792969,0.18388672,0.41640625,0.03474121,0.09020996,0.07670898,0.11552734,0.02428131,"Cytoplasm, Nucleus","Cytoplasm, Cell membrane"
ENSP00000489222,0.22460938,0.20507812,0.23574219,0.75390625,0.11210938,0.37109375,0.1440918,0.41640625,0.20546875,0.29785156,0.08574219,Extracellular,Cell membrane
ENSP00000469638,0.05183105,0.32011719,0.8578125,0.08544922,0.06787109,0.1515625,0.00439301,0.02138672,0.03012695,0.03830566,0.00569153,Nucleus,Nucleus
ENSP00000330737,0.34921875,0.17255859,0.20917969,0.02443848,0.1390625,0.8859375,0.04467773,0.12744141,0.0659668,0.05151367,0.02540283,Mitochondrion,Mitochondrion
ENSP00000481248,0.08535156,0.36640625,0.7125,0.07814941,0.05446777,0.24277344,0.04146729,0.07553711,0.06420898,0.03791504,0.01437378,Nucleus,"Cytoplasm, Nucleus"
ENSP00000471413,0.78828125,0.22167969,0.14208984,0.16669922,0.62734375,0.06997071,0.00163994,0.38789063,0.28535156,0.61914063,0.04044189,"Membrane, Cell membrane",Cell membrane
ENSP00000436936,0.25019531,0.49453125,0.38457031,0.22724609,0.21679688,0.37285156,0.12016601,0.02893067,0.10166015,0.05568848,0.03472214,Cytoplasm,Mitochondrion
ENSP00000435577,0.08378906,0.515625,0.53515625,0.18623047,0.07612305,0.30703125,0.02414551,0.07001953,0.1303711,0.17128906,0.10078125,"Cytoplasm, Nucleus",Nucleus
ENSP00000433055,0.63203125,0.11289063,0.12236328,0.27597656,0.73125,0.16992187,0.01613159,0.22636719,0.2765625,0.15917969,0.00300064,"Membrane, Cell membrane",Nucleus
ENSP00000427520,0.70546875,0.15996094,0.19414063,0.27421875,0.69140625,0.19287109,0.00698242,0.20917969,0.43164063,0.41875,0.01882629,"Membrane, Cell membrane",Nucleus
ENSP00000420102,0.07963867,0.30546875,0.7328125,0.11894531,0.05483399,0.08208008,0.01004639,0.0465332,0.06657715,0.03344727,0.01297913,Nucleus,Nucleus
ENSP00000486994,0.07055664,0.25996094,0.8078125,0.31425781,0.06030273,0.09633789,0.00575256,0.06386719,0.06108398,0.02567138,0.02142334,Nucleus,Nucleus
ENSP00000444620,0.07080078,0.51875,0.77734375,0.04543457,0.13613281,0.184375,0.00486298,0.04550781,0.07768555,0.07788086,0.01888428,"Cytoplasm, Nucleus",Nucleus
ENSP00000440181,0.11435547,0.4859375,0.7109375,0.18886719,0.12314453,0.28046875,0.19296875,0.12753906,0.06906738,0.11186524,0.05587158,"Cytoplasm, Nucleus",Nucleus
ENSP00000436907,0.27470703,0.32382812,0.46601563,0.27265625,0.28632813,0.47382812,0.05244141,0.06044922,0.07722168,0.07572022,0.01316528,None,Nucleus
ENSP00000422141,0.09882812,0.26875,0.72265625,0.10664062,0.07441406,0.2390625,0.02022705,0.08349609,0.05986328,0.05354004,0.07680664,Nucleus,Nucleus
ENSP00000294521,0.4515625,0.5859375,0.2640625,0.27802734,0.57578125,0.2734375,0.01815185,0.18378906,0.30078125,0.31523438,0.14466553,"Cytoplasm, Cell membrane",Cell membrane
ENSP00000483601,0.16464844,0.37382812,0.59960938,0.17783203,0.07021484,0.4796875,0.01615448,0.22080078,0.04519043,0.16030273,0.05872193,Nucleus,Nucleus
ENSP00000464183,0.37734375,0.27285156,0.37226563,0.08149414,0.20605469,0.34628906,0.01009521,0.36425781,0.46640625,0.45742187,0.02456055,None,Golgi apparatus
ENSP00000419914,0.09160156,0.57734375,0.61875,0.09755859,0.12451172,0.22617188,0.00943298,0.03154297,0.05302734,0.07790527,0.06048584,"Cytoplasm, Nucleus",Nucleus
ENSP00000403920,0.17207031,0.59882812,0.3609375,0.07915039,0.20561523,0.0890625,0.05975952,0.14384766,0.36132813,0.5,0.27397461,Cytoplasm,"Cytoplasm, Nucleus"
ENSP00000463294,0.11357422,0.53007812,0.44921875,0.40625,0.09008789,0.37109375,0.02110596,0.11464844,0.15029297,0.23652344,0.10261231,Cytoplasm,Nucleus
ENSP00000454778,0.16816406,0.51367188,0.50898437,0.18872071,0.20078125,0.31210937,0.00211105,0.21171875,0.18710937,0.18105469,0.10620117,Cytoplasm,"Cytoplasm, Nucleus"
ENSP00000451361,0.24765625,0.34453125,0.709375,0.05839234,0.25322266,0.4828125,0.00297241,0.0482666,0.14101562,0.0456543,0.22294922,Nucleus,Nucleus
ENSP00000399432,0.0993164,0.53359375,0.42382812,0.12304687,0.14277344,0.29765625,0.01099243,0.08271485,0.03969727,0.12148437,0.07828979,Cytoplasm,"Cytoplasm, Nucleus"
ENSP00000392738,0.06875,0.4296875,0.6859375,0.03518066,0.01922607,0.19326172,0.00561981,0.07084961,0.04267578,0.06977539,0.0128746,Nucleus,Nucleus
ENSP00000487797,0.11708984,0.5625,0.6125,0.05830078,0.11777344,0.22890625,0.02175293,0.09023437,0.13857422,0.20859375,0.10720215,"Cytoplasm, Nucleus","Cytoplasm, Cell membrane"
ENSP00000451544,0.16269531,0.50117187,0.27363281,0.19951172,0.06923828,0.45703125,0.27011719,0.0980957,0.20673828,0.32714844,0.02290649,Cytoplasm,Cytoplasm
ENSP00000402732,0.6296875,0.08916016,0.11376953,0.13554687,0.35546875,0.2328125,0.01199951,0.32890625,0.32148438,0.25078125,0.00645142,Membrane,Cell membrane
ENSP00000392272,0.04138184,0.22988281,0.85625,0.06860352,0.03043213,0.15009765,0.00586243,0.02484131,0.00827637,0.04584961,0.00158691,Nucleus,Nucleus
ENSP00000482082,0.11298828,0.46757812,0.53242187,0.47148437,0.05600586,0.40546875,0.16220703,0.11962891,0.12851562,0.23984375,0.05014648,Nucleus,"Cytoplasm, Cell membrane"
ENSP00000468298,0.06547852,0.40664063,0.67265625,0.453125,0.08564453,0.45664063,0.0746582,0.09414062,0.07050781,0.07792969,0.0366333,Nucleus,"Cytoplasm, Cell membrane"
ENSP00000436674,0.59375,0.07763672,0.09980469,0.165625,0.31601563,0.33808594,0.01732483,0.35703125,0.3015625,0.26210938,0.0063385,Membrane,Cell membrane
ENSP00000433637,0.11660156,0.34609375,0.7203125,0.03319092,0.04892578,0.0529541,0.00509491,0.02460937,0.03232422,0.08833008,0.02458305,Nucleus,Nucleus
ENSP00000418261,0.28945312,0.384375,0.1671875,0.10180664,0.07460938,0.72421875,0.28056641,0.16572265,0.12734375,0.08388672,0.28244629,Mitochondrion,Mitochondrion
ENSP00000497750,0.15585938,0.24121094,0.21796875,0.02045898,0.06630859,0.95859375,0.02861328,0.02381592,0.05429687,0.04046631,0.00863342,Mitochondrion,Mitochondrion
ENSP00000431853,0.15244141,0.49921875,0.565625,0.06298828,0.09013672,0.4140625,0.04274902,0.08476562,0.12998047,0.2015625,0.353125,"Cytoplasm, Nucleus","Cytoplasm, Cell membrane"
ENSP00000429362,0.20800781,0.36054687,0.42578125,0.27226562,0.13828125,0.29394531,0.08764648,0.15957031,0.23417969,0.27949219,0.26660156,None,Nucleus
ENSP00000498027,0.14125976,0.43085937,0.63671875,0.15969238,0.05966797,0.45078125,0.05063477,0.09829102,0.05756836,0.08757324,0.003656,Nucleus,Nucleus
ENSP00000462831,0.18242187,0.51796875,0.45585937,0.09829102,0.25488281,0.37539062,0.03115234,0.07558594,0.09584961,0.15976562,0.09790039,Cytoplasm,Cell membrane
ENSP00000452443,0.04868164,0.39296875,0.778125,0.20039062,0.03564453,0.15986328,0.05581055,0.11103516,0.06499024,0.0329834,0.14570312,Nucleus,Nucleus
ENSP00000449898,0.13466797,0.16005859,0.09511719,0.88203125,0.11005859,0.11538086,0.01715088,0.17070312,0.2609375,0.08925781,0.04250488,Extracellular,Golgi apparatus
ENSP00000431058,0.359375,0.3359375,0.46796875,0.18686524,0.35292969,0.42148437,0.0008461,0.10224609,0.21572266,0.20527344,0.00136671,None,Cytoplasm
ENSP00000419656,0.25761719,0.14316406,0.11455078,0.05317383,0.1421875,0.95234375,0.09375,0.05366211,0.04150391,0.05371094,0.06101074,Mitochondrion,Mitochondrion
ENSP00000417849,0.08256836,0.33203125,0.66796875,0.07498779,0.06879883,0.1402832,0.00905762,0.08862305,0.06274414,0.05183105,0.00436172,Nucleus,Nucleus
ENSP00000344230,0.24199219,0.26230468,0.1640625,0.03686524,0.06464844,0.94453125,0.02142334,0.03476563,0.01237793,0.04692383,0.03004151,Mitochondrion,Mitochondrion
ENSP00000342787,0.08427734,0.14042969,0.19882812,0.08041992,0.03476562,0.94453125,0.31015625,0.01765137,0.0158081,0.00776978,0.02037354,Mitochondrion,"Cytoplasm, Endoplasmic reticulum"
ENSP00000504761,0.43632813,0.20566406,0.18203125,0.33964844,0.23046875,0.31386719,0.00462952,0.53203125,0.28085938,0.51601562,0.1194336,None,Golgi apparatus
ENSP00000474618,0.10742187,0.40625,0.60703125,0.42421875,0.11298828,0.31738281,0.00608216,0.11933594,0.1019043,0.278125,0.23916016,Nucleus,Nucleus
ENSP00000464988,0.13466797,0.42304688,0.61796875,0.21914062,0.13769531,0.27226563,0.07871094,0.13720703,0.09418945,0.10722656,0.05557861,Nucleus,Cytoplasm
ENSP00000446554,0.52226562,0.54921875,0.38632812,0.0526123,0.42851563,0.24941406,0.06242676,0.22246094,0.40722656,0.19433594,0.01133118,"Membrane, Cytoplasm",Nucleus
ENSP00000439818,0.27617188,0.32753906,0.24765625,0.4109375,0.12949219,0.4890625,0.14189453,0.31289062,0.15009766,0.16171875,0.10693359,None,Mitochondrion
ENSP00000428129,0.11318359,0.38125,0.58671875,0.54609375,0.1493164,0.60273438,0.01245727,0.08588867,0.12011719,0.33417969,0.15908203,Nucleus,Nucleus
ENSP00000420578,0.11328125,0.40117187,0.49570312,0.6296875,0.12148437,0.56328125,0.04509278,0.16132812,0.17470703,0.30898438,0.20566406,None,Nucleus
ENSP00000387102,0.07041016,0.37070312,0.73203125,0.63085937,0.05546875,0.2171875,0.10429688,0.07397461,0.03442383,0.08623047,0.00780792,Nucleus,"Cytoplasm, Nucleus"
ENSP00000358111,0.06181641,0.25566406,0.8765625,0.26132813,0.02141113,0.07001953,0.00124206,0.06855469,0.03118896,0.03851318,0.00176748,Nucleus,"Cytoplasm, Nucleus"
ENSP00000490665,0.22558594,0.5640625,0.46601562,0.08769531,0.38242187,0.26816406,0.00782471,0.05539551,0.16992187,0.10380859,0.05510254,Cytoplasm,"Cell membrane, Endoplasmic reticulum"
ENSP00000482852,0.53046875,0.17714844,0.16123047,0.696875,0.48632813,0.13378907,0.03651123,0.26123047,0.25205078,0.23808594,0.09299316,"Membrane, Extracellular","Cytoplasm, Cell membrane"
ENSP00000481703,0.53710938,0.1171875,0.08828125,0.02164307,0.13154297,0.9578125,0.10144043,0.0671875,0.03474121,0.07182617,0.0611084,"Membrane, Mitochondrion",Mitochondrion
ENSP00000480335,0.16591797,0.20644531,0.26679687,0.821875,0.19980469,0.20429688,0.03752441,0.25488281,0.17109375,0.16777344,0.08427734,Extracellular,Cell membrane
ENSP00000479714,0.146875,0.59453125,0.47304688,0.1092041,0.225,0.37695312,0.00197525,0.16240234,0.11425781,0.24160156,0.07133789,Cytoplasm,Mitochondrion
ENSP00000458835,0.79296875,0.21289063,0.23242187,0.09023438,0.5828125,0.12226563,0.00148888,0.49492188,0.41601562,0.6984375,0.10324707,"Membrane, Cell membrane, Golgi apparatus",Cell membrane
ENSP00000431594,0.05170898,0.37304687,0.8265625,0.18261719,0.04768066,0.09404297,0.00224075,0.06166992,0.04641113,0.02446289,0.02237472,Nucleus,Nucleus
ENSP00000425484,0.28242187,0.49453125,0.4171875,0.11396484,0.33769531,0.15947266,0.10212402,0.12304687,0.05395508,0.19941406,0.00489044,Cytoplasm,"Nucleus, Cell membrane"
ENSP00000380435,0.8171875,0.10400391,0.12636719,0.04953613,0.40898438,0.05830078,0.00272179,0.36796875,0.43671875,0.26796875,0.08891602,Membrane,Cell membrane
ENSP00000363197,0.3984375,0.15546875,0.14765625,0.7359375,0.21894531,0.32929687,0.21230469,0.33828125,0.2921875,0.45273437,0.31210937,Extracellular,Cell membrane
ENSP00000255764,0.18125,0.51875,0.49882812,0.01076355,0.10742188,0.2046875,0.0036171,0.07456055,0.26523438,0.09121094,0.0103363,Cytoplasm,Nucleus
ENSP00000487557,0.18164063,0.409375,0.47734375,0.48945313,0.12373047,0.40507812,0.07375488,0.14902344,0.2046875,0.26015625,0.05253906,None,Nucleus
ENSP00000470495,0.35898438,0.42695312,0.38867188,0.25380859,0.28554687,0.40234375,0.00101814,0.23066406,0.45742188,0.27373047,0.00379715,None,"Cytoplasm, Nucleus"
ENSP00000427425,0.0578125,0.290625,0.8703125,0.09718018,0.07255859,0.08642578,0.00058346,0.02305908,0.01705322,0.04833984,0.00569343,Nucleus,Nucleus
ENSP00000422281,0.575,0.50742188,0.49257812,0.34277344,0.29404297,0.30126953,0.13803711,0.06464844,0.6296875,0.11328125,0.01250801,"Membrane, Cytoplasm, Lysosome/Vacuole",Cell membrane
ENSP00000407002,0.23828125,0.53710938,0.41445312,0.08139649,0.26191406,0.5953125,0.05019531,0.12509766,0.36289062,0.21484375,0.00259438,Cytoplasm,"Cytoplasm, Cell membrane"
ENSP00000389518,0.04179687,0.32539062,0.809375,0.12392578,0.03564453,0.1890625,0.11660156,0.02966309,0.01972656,0.16054688,0.02037659,Nucleus,Nucleus
ENSP00000217185,0.18076172,0.5125,0.43671875,0.48476562,0.22617187,0.2921875,0.00308227,0.14433594,0.13710937,0.24355469,0.31826172,Cytoplasm,"Cytoplasm, Nucleus"
ENSP00000469138,0.09873047,0.49570312,0.58515625,0.16079102,0.10273438,0.32265625,0.00265655,0.09013672,0.03791504,0.1609375,0.0093811,"Cytoplasm, Nucleus",Nucleus
ENSP00000506808,0.27304688,0.23046875,0.33320312,0.0609375,0.12255859,0.67890625,0.04388428,0.17451172,0.06738281,0.06091309,0.04008789,Mitochondrion,Mitochondrion
ENSP00000485966,0.25117188,0.15449219,0.05800781,0.24707031,0.06835938,0.94609375,0.41835938,0.05834961,0.02210693,0.0565918,0.12299805,Mitochondrion,Mitochondrion
ENSP00000479486,0.1828125,0.37539062,0.42109375,0.23789063,0.13720703,0.40976562,0.0104187,0.29824219,0.20585938,0.23398437,0.25576172,None,"Cytoplasm, Cell membrane"
ENSP00000479441,0.38046875,0.37382812,0.3078125,0.17539063,0.28398438,0.53203125,0.00462341,0.34257812,0.34628906,0.31757812,0.12421875,None,Nucleus
ENSP00000465889,0.14335937,0.25507813,0.18828125,0.87265625,0.128125,0.33261719,0.00647583,0.20878906,0.20625,0.24414063,0.08310547,Extracellular,Endoplasmic reticulum
ENSP00000455277,0.18203125,0.53554688,0.53828125,0.0994873,0.10566406,0.29257812,0.00911255,0.08999024,0.14121094,0.08847656,0.00177269,"Cytoplasm, Nucleus",Cytoplasm
ENSP00000446944,0.10073242,0.24550781,0.784375,0.10170898,0.03115234,0.21933594,0.01695251,0.10043945,0.06254883,0.06938477,0.02052002,Nucleus,Nucleus
ENSP00000429741,0.08725586,0.51132812,0.72421875,0.02966309,0.08212891,0.19335937,0.0149292,0.0515625,0.07861328,0.15166016,0.12019043,"Cytoplasm, Nucleus",Nucleus
ENSP00000427935,0.04273682,0.51015625,0.61875,0.34726563,0.01816406,0.1546875,0.05292969,0.14414063,0.08085937,0.13291015,0.0016468,"Cytoplasm, Nucleus",Nucleus
ENSP00000390926,0.11914062,0.57890625,0.4390625,0.32470703,0.09189453,0.27988281,0.00188522,0.09472656,0.18300781,0.35878906,0.01572876,Cytoplasm,"Cytoplasm, Cell membrane"
ENSP00000388737,0.0496582,0.37714844,0.81796875,0.14384766,0.03950195,0.14951172,0.00564881,0.11904297,0.0508667,0.03603515,0.0967865,Nucleus,Nucleus
ENSP00000310182,0.82734375,0.21699219,0.13486328,0.08813476,0.37910156,0.23496093,0.01535034,0.6421875,0.31386718,0.40898438,0.11259766,"Membrane, Endoplasmic reticulum",Golgi apparatus
ENSP00000485355,0.17783203,0.45585937,0.41679687,0.0956543,0.08378906,0.46835938,0.0513916,0.22695312,0.19560547,0.22841797,0.02388916,None,Endoplasmic reticulum
ENSP00000468584,0.16728516,0.12041016,0.09707031,0.11875,0.05771484,0.96328125,0.07275391,0.04069824,0.03566895,0.08051758,0.59375,Mitochondrion,Mitochondrion
ENSP00000389278,0.69921875,0.22207031,0.23183594,0.11699219,0.46132813,0.12539063,0.0085907,0.37382812,0.35078125,0.48515625,0.11240234,Membrane,Cytoplasm
ENSP00000386645,0.12949219,0.35117188,0.73515625,0.46992188,0.13574219,0.33457031,0.00933227,0.07480469,0.0486084,0.08300781,0.00607605,Nucleus,"Cytoplasm, Nucleus"
ENSP00000362773,0.19042969,0.44101562,0.378125,0.47460938,0.18476562,0.55039062,0.04758301,0.05140381,0.0479126,0.29296875,0.00877838,None,Nucleus
ENSP00000430257,0.19960938,0.51015625,0.40976563,0.09541016,0.13945313,0.21367187,0.00670929,0.125,0.33027344,0.25976563,0.01535644,Cytoplasm,Nucleus
ENSP00000401109,0.06206055,0.23320312,0.75078125,0.03664551,0.02296143,0.10566406,0.00296326,0.04558106,0.03480225,0.08613281,0.00326576,Nucleus,Nucleus
ENSP00000382364,0.09082031,0.37773438,0.58203125,0.20800781,0.06538086,0.20576172,0.00495376,0.22558594,0.10180664,0.09414062,0.07010498,Nucleus,"Cytoplasm, Nucleus, Mitochondrion"
ENSP00000498993,0.134375,0.29804687,0.34375,0.39609375,0.11777344,0.77265625,0.01977539,0.11386719,0.0934082,0.23828125,0.603125,Mitochondrion,Mitochondrion
ENSP00000467551,0.0796875,0.2375,0.7234375,0.20830078,0.07568359,0.09995117,0.00180893,0.04082031,0.10375976,0.04084473,0.02830811,Nucleus,Nucleus
ENSP00000466188,0.15693359,0.57148438,0.48984375,0.18188477,0.16445312,0.23339844,0.00210419,0.09863281,0.06984863,0.24150391,0.03045578,Cytoplasm,Nucleus
ENSP00000439667,0.11347656,0.30078125,0.47304687,0.47070312,0.06152344,0.73828125,0.12817383,0.12509765,0.12988281,0.228125,0.19394531,Mitochondrion,Nucleus
ENSP00000429102,0.13974609,0.6265625,0.45,0.13984375,0.13388672,0.29082031,0.02592774,0.10605469,0.12539062,0.20761719,0.01954346,Cytoplasm,Nucleus
ENSP00000412249,0.26914063,0.44023437,0.45546875,0.41337891,0.275,0.48828125,0.01003418,0.17333984,0.13691406,0.19521485,0.04539185,None,Cell membrane
ENSP00000306362,0.24121094,0.43984375,0.43398438,0.20917969,0.06572266,0.57109375,0.02764893,0.27714844,0.24277344,0.31660156,0.02511749,None,Cytoplasm
ENSP00000508310,0.28183594,0.45976562,0.50117188,0.31259766,0.1350586,0.26962891,0.00279236,0.13505859,0.20205078,0.13442383,0.03656006,None,"Cytoplasm, Nucleus, Cell membrane"
ENSP00000496961,0.26523438,0.46679687,0.39414062,0.175,0.13398438,0.16533203,0.02574463,0.33203125,0.4234375,0.353125,0.01881561,None,Nucleus
ENSP00000495456,0.04411621,0.27949219,0.821875,0.05056152,0.02386475,0.22314453,0.01633911,0.06107178,0.01654663,0.03804932,0.00155372,Nucleus,Nucleus
ENSP00000474372,0.03554688,0.47773437,0.671875,0.03776856,0.02265625,0.05783692,0.03526306,0.06733398,0.0310791,0.13994141,0.00093689,"Cytoplasm, Nucleus",Nucleus
ENSP00000467104,0.11660156,0.27832031,0.48359375,0.8390625,0.05161133,0.25244141,0.29833985,0.03856201,0.02131958,0.08535156,0.06420898,Extracellular,Nucleus
ENSP00000443968,0.12314453,0.49609375,0.60507813,0.27226562,0.0737793,0.509375,0.11298828,0.13032227,0.16870117,0.09506836,0.08801269,"Cytoplasm, Nucleus",Cytoplasm
ENSP00000431368,0.21035156,0.42617188,0.59296875,0.2765625,0.10351562,0.65,0.04829101,0.15263672,0.20371094,0.26035156,0.11123047,"Nucleus, Mitochondrion",Cytoplasm
ENSP00000426331,0.17929688,0.15820312,0.14726562,0.15957031,0.09404297,0.95390625,0.04597168,0.06689453,0.05334473,0.11943359,0.19277344,Mitochondrion,Mitochondrion
ENSP00000369176,0.6765625,0.13984375,0.16328125,0.09892578,0.08535156,0.87109375,0.03911133,0.19042969,0.07431641,0.13007812,0.02789307,"Membrane, Mitochondrion",Mitochondrion
ENSP00000338932,0.11943359,0.3734375,0.546875,0.22128906,0.04511719,0.36796875,0.090625,0.19765625,0.15625,0.19414062,0.21816406,Nucleus,Mitochondrion
ENSP00000259254,0.65078125,0.19863281,0.10332031,0.33945313,0.653125,0.18105469,0.00853576,0.15888672,0.4234375,0.33515625,0.14060059,"Membrane, Cell membrane",Cell membrane
ENSP00000421946,0.05629883,0.4171875,0.82734375,0.18842773,0.04887696,0.06911621,0.00239143,0.05649414,0.03762207,0.0703125,0.0025671,Nucleus,Nucleus
ENSP00000409925,0.14521484,0.6609375,0.2953125,0.04035645,0.17822266,0.27421875,0.04332886,0.05876465,0.03342285,0.09863281,0.05820923,Cytoplasm,"Cytoplasm, Nucleus"
ENSP00000393616,0.14985352,0.58945313,0.52734375,0.20397949,0.27617187,0.14638672,0.02434998,0.08984375,0.05039063,0.11049805,0.0454956,Cytoplasm,"Cytoplasm, Nucleus"
ENSP00000344128,0.06225586,0.2640625,0.66328125,0.7671875,0.05507813,0.06567383,0.04482422,0.05761719,0.05878906,0.04333496,0.04451904,"Nucleus, Extracellular","Cytoplasm, Nucleus"
ENSP00000295834,0.16064453,0.75546875,0.5015625,0.30058594,0.23359375,0.18486328,0.05417481,0.09294433,0.02019653,0.08742676,0.07263642,Cytoplasm,Cytoplasm
ENSP00000236412,0.09375,0.31992188,0.84609375,0.06479492,0.06298828,0.12294922,0.01716919,0.09428711,0.05878906,0.07541504,0.01361713,Nucleus,Nucleus
ENSP00000497676,0.10830078,0.53320313,0.49726562,0.55273438,0.09785156,0.36445313,0.02995605,0.0925293,0.05983887,0.14765625,0.11060791,Cytoplasm,Cell membrane
ENSP00000469738,0.12661133,0.6421875,0.63828125,0.00985565,0.07114258,0.2359375,0.01287232,0.10087891,0.08691406,0.19545898,0.10267334,"Cytoplasm, Nucleus",Nucleus
ENSP00000435800,0.66171875,0.19472656,0.26074219,0.17226562,0.34375,0.41015625,0.07026367,0.44296875,0.3765625,0.49921875,0.09714355,Membrane,"Endoplasmic reticulum, Golgi apparatus"
ENSP00000431985,0.1118164,0.33945313,0.6359375,0.24589844,0.07353515,0.15429687,0.24091797,0.12744141,0.11689453,0.10517578,0.05222168,Nucleus,Nucleus
ENSP00000416644,0.1796875,0.51015625,0.32207031,0.43242187,0.13408203,0.21621094,0.04057617,0.1921875,0.11708984,0.28203125,0.01301727,Cytoplasm,Cytoplasm
ENSP00000389303,0.15,0.453125,0.42460938,0.3484375,0.11357422,0.54453125,0.01155396,0.1444336,0.21796875,0.19326172,0.59765625,None,Cytoplasm
ENSP00000471657,0.05209961,0.43046875,0.5953125,0.66914063,0.03603516,0.309375,0.18627929,0.10859375,0.0539917,0.05766602,0.23359375,"Nucleus, Extracellular",Mitochondrion
ENSP00000429672,0.090625,0.4953125,0.48125,0.678125,0.07246094,0.42539063,0.14316406,0.07202149,0.0404541,0.16113281,0.01581116,"Cytoplasm, Extracellular",Endoplasmic reticulum
ENSP00000493744,0.16953125,0.56796875,0.40976563,0.11367187,0.06499023,0.4578125,0.03477783,0.28046875,0.26113281,0.28652343,0.2788086,Cytoplasm,Nucleus
ENSP00000487240,0.09707032,0.47695312,0.678125,0.12753906,0.09003906,0.21796875,0.04216309,0.07558594,0.1296875,0.11523438,0.07290039,"Cytoplasm, Nucleus",Nucleus
ENSP00000452217,0.07861328,0.30390625,0.8015625,0.1828125,0.0390625,0.15742187,0.01889038,0.04194336,0.04362793,0.02670898,0.03577881,Nucleus,Nucleus
ENSP00000450525,0.18828125,0.45234375,0.43320312,0.33613281,0.17851562,0.31171875,0.07646484,0.07226563,0.11757812,0.24824219,0.04307861,None,Nucleus
ENSP00000423982,0.04328613,0.34570312,0.76953125,0.07751465,0.06796875,0.10878906,0.00345917,0.02478027,0.04875488,0.04580078,0.0054245,Nucleus,"Nucleus, Cell membrane"
ENSP00000391446,0.07861328,0.67265625,0.20996094,0.01517944,0.06184082,0.34082031,0.02397308,0.32060547,0.14129639,0.05910645,0.00221939,Cytoplasm,"Cytoplasm, Endoplasmic reticulum"
ENSP00000377351,0.21357422,0.73984375,0.459375,0.31328125,0.25048828,0.290625,0.04934998,0.23408203,0.05029297,0.22304687,0.07288818,Cytoplasm,Cytoplasm
ENSP00000492536,0.10615234,0.496875,0.42890625,0.73359375,0.05754395,0.27226563,0.11027832,0.10166016,0.14814453,0.06987305,0.64960937,"Cytoplasm, Extracellular",Nucleus
ENSP00000461981,0.11191406,0.590625,0.55898437,0.30351563,0.08007813,0.33671875,0.06728516,0.08364258,0.08759766,0.12138672,0.1453125,"Cytoplasm, Nucleus","Cytoplasm, Nucleus"
ENSP00000430152,0.32089844,0.33828125,0.50703125,0.15717773,0.16435547,0.30058594,0.0005703,0.09904785,0.35605469,0.55898437,0.00132522,None,Cytoplasm
ENSP00000505173,0.27714844,0.725,0.36953125,0.10029297,0.19746094,0.23671875,0.00811768,0.10966797,0.26757812,0.32490234,0.06405029,Cytoplasm,"Cytoplasm, Cell membrane"
ENSP00000494012,0.11601563,0.23027344,0.6765625,0.35429688,0.04609375,0.31113281,0.14321289,0.19384766,0.11787109,0.1046875,0.07109375,Nucleus,Nucleus
ENSP00000430617,0.08286133,0.42421875,0.675,0.11721191,0.05473633,0.08874512,0.01004639,0.10258789,0.03111572,0.02664795,0.00700111,Nucleus,Nucleus
ENSP00000427277,0.6046875,0.19082031,0.12480469,0.33496094,0.61171875,0.25605469,0.0065155,0.20058594,0.44726563,0.45898437,0.2065918,"Membrane, Cell membrane",Cell membrane
ENSP00000411349,0.13183594,0.5078125,0.45859375,0.26464844,0.10307617,0.26738281,0.02186279,0.0434082,0.18037109,0.33984375,0.11057129,Cytoplasm,Cell membrane
ENSP00000397302,0.15830078,0.17871094,0.25410156,0.28964844,0.06542969,0.9140625,0.0498291,0.14296875,0.05351563,0.1209961,0.31425781,Mitochondrion,Mitochondrion
ENSP00000442703,0.13115234,0.15146484,0.22734375,0.23427734,0.0715332,0.68359375,0.134375,0.06914062,0.07419434,0.0376709,0.14970703,Mitochondrion,Mitochondrion
ENSP00000430889,0.165625,0.43945312,0.5859375,0.32539062,0.10751953,0.19726562,0.07922363,0.12011719,0.13496094,0.2625,0.06689453,Nucleus,"Nucleus, Cell membrane"
ENSP00000425460,0.49765625,0.2375,0.25410156,0.22441406,0.10791016,0.5703125,0.12075196,0.59335938,0.09599609,0.35058594,0.14916992,Membrane,Nucleus
ENSP00000393696,0.08549805,0.21914062,0.40742188,0.828125,0.03907471,0.41757812,0.18876953,0.18227539,0.12260742,0.10078125,0.20234375,Extracellular,Mitochondrion
ENSP00000384474,0.22050781,0.578125,0.56171875,0.03519287,0.23632813,0.13222656,0.01726379,0.16767578,0.04855957,0.19316406,0.00136261,"Cytoplasm, Nucleus",Nucleus
ENSP00000467965,0.16650391,0.57265625,0.64765625,0.02954102,0.1272461,0.21269531,0.00105209,0.08530273,0.12695313,0.29355469,0.03034668,"Cytoplasm, Nucleus",Cytoplasm
ENSP00000463450,0.10546875,0.41796875,0.69921875,0.15053711,0.12324219,0.13173828,0.00442581,0.08852539,0.04631348,0.13881836,0.03091507,Nucleus,"Cytoplasm, Nucleus"
ENSP00000455767,0.12763672,0.28417969,0.33007812,0.5921875,0.07849121,0.5265625,0.06872558,0.40371094,0.16108398,0.17646484,0.22822266,None,"Cytoplasm, Nucleus"
ENSP00000419578,0.75078125,0.07797852,0.11318359,0.02546997,0.05112305,0.9140625,0.07636719,0.22304688,0.10678711,0.12919922,0.05411377,"Membrane, Mitochondrion",Mitochondrion
ENSP00000460301,0.2734375,0.38085937,0.39375,0.07312012,0.18964844,0.32675781,0.00653382,0.19453125,0.19960938,0.59804688,0.03829346,None,"Cytoplasm, Nucleus"
ENSP00000446783,0.10512695,0.4265625,0.52617188,0.39921875,0.06694336,0.28710937,0.41875,0.20097656,0.16611328,0.190625,0.05625,None,Nucleus
ENSP00000446665,0.13261719,0.45585937,0.54765625,0.38515625,0.12431641,0.48164062,0.17958984,0.12978516,0.11538086,0.27929687,0.14970703,Nucleus,Cytoplasm
ENSP00000392230,0.08178711,0.21777344,0.87734375,0.05307617,0.04189453,0.17470703,0.00341339,0.06469727,0.04699707,0.05758057,0.17668457,Nucleus,"Cytoplasm, Nucleus"
ENSP00000505534,0.15322266,0.59140625,0.4125,0.20507812,0.15507812,0.26464843,0.00975952,0.12470703,0.09804687,0.31875,0.06339111,Cytoplasm,Cytoplasm
ENSP00000443772,0.47773437,0.48632812,0.34121094,0.56542969,0.325,0.30683594,0.00889587,0.14902344,0.18759766,0.22636719,0.04577637,"Membrane, Cytoplasm",Cytoplasm
ENSP00000435556,0.40625,0.45976563,0.40234375,0.19951172,0.39296875,0.3296875,0.03339844,0.33789063,0.21015625,0.40507813,0.23857422,None,"Nucleus, Cell membrane"
ENSP00000424323,0.09931641,0.48359375,0.49179688,0.33046875,0.10385742,0.42382813,0.01164551,0.12099609,0.1415039,0.22382813,0.46035156,Cytoplasm,"Cytoplasm, Nucleus"
ENSP00000417479,0.2546875,0.37734375,0.38359375,0.42382812,0.24960938,0.18349609,0.00366898,0.06416016,0.29492188,0.3859375,0.00068731,None,Cytoplasm
ENSP00000407711,0.08500976,0.43320313,0.7671875,0.0302124,0.04592285,0.27480469,0.00061353,0.03764648,0.06201172,0.11904297,0.00805054,Nucleus,Nucleus
ENSP00000340691,0.14433594,0.6328125,0.60859375,0.02509766,0.20625,0.08916016,0.00663147,0.046875,0.05625,0.06274414,0.01573486,"Cytoplasm, Nucleus","Cytoplasm, Nucleus"
ENSP00000498324,0.11855469,0.2796875,0.38808594,0.86171875,0.03049316,0.5859375,0.02929687,0.26445313,0.06577148,0.0972168,0.19735107,Extracellular,Nucleus
ENSP00000493492,0.10458984,0.48945312,0.5546875,0.17792969,0.04545898,0.471875,0.0338623,0.21577149,0.18779297,0.27011719,0.03830566,"Cytoplasm, Nucleus","Cytoplasm, Nucleus"
ENSP00000434141,0.16113281,0.38554688,0.39804687,0.49882812,0.1109375,0.7,0.05678711,0.15556641,0.10039063,0.30078125,0.15976563,Mitochondrion,Nucleus
ENSP00000433390,0.17441406,0.64375,0.528125,0.01062622,0.12861328,0.16582031,0.00989685,0.05112305,0.06000977,0.13608398,0.00773926,"Cytoplasm, Nucleus",Cell membrane
ENSP00000429192,0.36230469,0.34140625,0.46679688,0.13087158,0.16464844,0.4125,0.01644287,0.26152344,0.18037109,0.20153809,0.00141621,None,Nucleus
ENSP00000401748,0.08959961,0.53828125,0.3171875,0.45351563,0.0762207,0.36914062,0.40068359,0.21865234,0.221875,0.23251953,0.10256348,Cytoplasm,Endoplasmic reticulum
ENSP00000399267,0.26640625,0.646875,0.34179688,0.13007812,0.25742187,0.12504883,0.01729736,0.15371094,0.15595703,0.35117188,0.01704407,Cytoplasm,"Cytoplasm, Cell membrane"
ENSP00000376096,0.18144531,0.21386719,0.20332031,0.70234375,0.20605469,0.13398438,0.01234131,0.4171875,0.23085938,0.12636719,0.08395996,Extracellular,"Cytoplasm, Cell membrane"
ENSP00000463892,0.31269531,0.3109375,0.43320313,0.11489258,0.14082031,0.29785156,0.02403564,0.27480469,0.47851562,0.440625,0.03534241,None,Golgi apparatus
ENSP00000462796,0.09248047,0.58867187,0.38828125,0.29785156,0.08378906,0.21914063,0.00643158,0.08134766,0.05834961,0.12880859,0.07264404,Cytoplasm,Cell membrane
ENSP00000459534,0.05009765,0.26679688,0.69921875,0.1328125,0.03881836,0.19140625,0.19785156,0.06513672,0.03918457,0.06760254,0.02056694,Nucleus,"Cytoplasm, Cell membrane"
ENSP00000453357,0.16455078,0.34882812,0.40546875,0.53125,0.16806641,0.60234375,0.00626221,0.14902344,0.17226562,0.38671875,0.17856445,None,"Cytoplasm, Mitochondrion"
ENSP00000453208,0.10253906,0.3859375,0.659375,0.15014648,0.07131348,0.23447266,0.00418396,0.0730957,0.05610351,0.13984375,0.12543945,Nucleus,Nucleus
ENSP00000451718,0.20175781,0.50976562,0.61640625,0.0765625,0.18330078,0.19882813,0.00329742,0.06669922,0.17324219,0.14130859,0.01694565,"Cytoplasm, Nucleus",Cell membrane
ENSP00000451213,0.10859375,0.24082031,0.83515625,0.02904053,0.08173828,0.05095215,0.00484772,0.0423584,0.04370117,0.03186035,0.00968628,Nucleus,Nucleus
ENSP00000372205,0.08603515,0.39023438,0.47890625,0.73359375,0.07363281,0.28554687,0.26054688,0.0463501,0.03828125,0.0959961,0.01477509,Extracellular,Cytoplasm
ENSP00000343218,0.12597656,0.37617188,0.53945313,0.41445313,0.10537109,0.46757813,0.00417938,0.13486328,0.15830078,0.11982422,0.13233643,Nucleus,Nucleus
ENSP00000499538,0.11904297,0.52578125,0.62890625,0.04284668,0.05571289,0.28007813,0.0232666,0.11054687,0.1152832,0.14570312,0.06011963,"Cytoplasm, Nucleus",Nucleus
ENSP00000479447,0.06069336,0.40195312,0.47851562,0.73007813,0.03165283,0.546875,0.34296875,0.13115234,0.06958008,0.13583984,0.19619141,Extracellular,Golgi apparatus
ENSP00000475768,0.07080078,0.48164062,0.64921875,0.06643066,0.08125,0.34980469,0.01002808,0.07607422,0.12607422,0.15566406,0.06752319,"Cytoplasm, Nucleus","Cytoplasm, Nucleus"
ENSP00000466951,0.20029297,0.4171875,0.3828125,0.25136719,0.09951172,0.20625,0.00374451,0.10976563,0.25703125,0.73046875,0.04315796,Golgi apparatus,"Cytoplasm, Nucleus"
ENSP00000463688,0.12089844,0.415625,0.52421875,0.30175781,0.17197266,0.37070312,0.00136166,0.12460937,0.14013672,0.07314453,0.22125244,None,Nucleus
ENSP00000409858,0.18867188,0.40117188,0.60703125,0.24960937,0.12255859,0.35761718,0.02995606,0.12177734,0.09990234,0.20458984,0.09516602,Nucleus,Nucleus
ENSP00000505503,0.10649414,0.37460937,0.39453125,0.77890625,0.05136719,0.46757813,0.26289063,0.10576172,0.06916504,0.1315918,0.12700195,Extracellular,"Cytoplasm, Nucleus"
ENSP00000493139,0.184375,0.20507813,0.225,0.69453125,0.04145508,0.45429688,0.05981445,0.33535156,0.23417969,0.3484375,0.18867188,Extracellular,Nucleus
ENSP00000482498,0.19199219,0.33046875,0.35390625,0.69140625,0.05898438,0.52460937,0.42753906,0.16347656,0.1359375,0.11826172,0.29609375,Extracellular,Cytoplasm
ENSP00000482052,0.19648438,0.4703125,0.42109375,0.4171875,0.0737793,0.20214844,0.01009216,0.03730469,0.11674805,0.11289062,0.00521431,Cytoplasm,Golgi apparatus
ENSP00000454688,0.34101562,0.65234375,0.328125,0.09067383,0.29492188,0.33964843,0.00116386,0.17363281,0.25351562,0.27734375,0.07995605,Cytoplasm,Cell membrane
ENSP00000414661,0.09736328,0.49804687,0.44335937,0.59375,0.03845215,0.61640625,0.08066406,0.12275391,0.19697266,0.39355469,0.0404419,Cytoplasm,Nucleus
ENSP00000407464,0.24609375,0.52382813,0.365625,0.39765625,0.25175781,0.471875,0.01947021,0.14960938,0.16142578,0.35234375,0.00944824,Cytoplasm,Cell membrane
ENSP00000396366,0.23828125,0.48632813,0.60546875,0.14267578,0.30039062,0.17949219,0.02028808,0.13447266,0.09838867,0.34765625,0.00592117,"Cytoplasm, Nucleus",Cell membrane
ENSP00000497786,0.0890625,0.24023437,0.34179688,0.2546875,0.03710937,0.33203125,0.8453125,0.04643555,0.03645019,0.09765625,0.2015625,Plastid,Cytoplasm
ENSP00000471518,0.17255859,0.19804688,0.1546875,0.84140625,0.12314453,0.47539062,0.45263672,0.14370117,0.19960938,0.30097656,0.009729,Extracellular,Cell membrane
ENSP00000470962,0.296875,0.21855469,0.2078125,0.06503906,0.11025391,0.96171875,0.06933594,0.05332031,0.0234375,0.06105957,0.15546875,Mitochondrion,Mitochondrion
ENSP00000426615,0.03469238,0.31015625,0.89765625,0.15664063,0.03131103,0.1828125,0.0076355,0.01986084,0.01494141,0.01691894,0.0285408,Nucleus,Nucleus
ENSP00000420568,0.11445312,0.4140625,0.49804688,0.62734375,0.14160156,0.45664063,0.01872558,0.09111328,0.08830567,0.27050781,0.16005859,None,Nucleus
ENSP00000387794,0.18798828,0.61484375,0.45664062,0.12402344,0.3515625,0.31679688,0.01380005,0.14853515,0.08413086,0.14238281,0.12462158,Cytoplasm,"Cytoplasm, Nucleus"
ENSP00000297983,0.69296875,0.134375,0.15039062,0.07973633,0.09707031,0.853125,0.03048096,0.18349609,0.07709961,0.1133789,0.02270508,"Membrane, Mitochondrion",Mitochondrion
ENSP00000499772,0.12558594,0.23515625,0.31816406,0.67578125,0.04383545,0.459375,0.10742187,0.37285156,0.13426514,0.20957031,0.10568848,Extracellular,Nucleus
ENSP00000453703,0.10146485,0.63828125,0.4578125,0.315625,0.13789062,0.21113281,0.00173264,0.09243164,0.14697266,0.23603516,0.10864868,Cytoplasm,Golgi apparatus
ENSP00000453584,0.09082031,0.22128906,0.4171875,0.13007813,0.03557129,0.84609375,0.303125,0.06972656,0.03801269,0.04262695,0.10488281,Mitochondrion,"Cytoplasm, Endoplasmic reticulum"
ENSP00000453034,0.07553711,0.46601563,0.78046875,0.08491211,0.08544922,0.19375,0.00242309,0.08662109,0.14746094,0.11611328,0.06833496,Nucleus,Golgi apparatus
ENSP00000263384,0.07231445,0.29921875,0.771875,0.09888916,0.07001953,0.10908203,0.00141144,0.02956543,0.02277832,0.05517578,0.00191269,Nucleus,Nucleus
ENSP00000501275,0.09746094,0.45976563,0.45273438,0.475,0.06933594,0.21533203,0.04124756,0.0715332,0.07832031,0.14833984,0.06884766,None,"Cytoplasm, Nucleus"
ENSP00000471042,0.16601562,0.5125,0.5234375,0.09677734,0.07822266,0.47421875,0.05529785,0.10883789,0.05874023,0.15927735,0.18291016,Cytoplasm,Nucleus
ENSP00000462912,0.18144531,0.56640625,0.43125,0.10527344,0.23574219,0.41289063,0.0055603,0.06777344,0.21582031,0.2953125,0.25585938,Cytoplasm,Cell membrane
ENSP00000428370,0.16474609,0.4390625,0.578125,0.03530273,0.08105469,0.24921875,0.00995026,0.20351562,0.15478516,0.12226563,0.01152802,Nucleus,Nucleus
ENSP00000355831,0.09570313,0.3640625,0.4421875,0.6890625,0.04824219,0.44960938,0.32109375,0.20634766,0.09160156,0.17480469,0.32167969,Extracellular,"Cytoplasm, Nucleus"
ENSP00000344547,0.11953125,0.40292969,0.8625,0.38735352,0.18583985,0.17646485,0.00114594,0.07753906,0.02124023,0.06364746,0.00098181,Nucleus,"Cytoplasm, Nucleus"
ENSP00000505087,0.22480469,0.42617187,0.5046875,0.2421875,0.17714844,0.37382813,0.0439209,0.16152344,0.17636719,0.27207031,0.08803711,None,Mitochondrion
ENSP00000503145,0.07094727,0.5296875,0.61484375,0.6171875,0.07519531,0.49179688,0.02353516,0.08696289,0.07770996,0.19130859,0.19179688,"Cytoplasm, Nucleus",Mitochondrion
ENSP00000502095,0.21015625,0.35664062,0.40117187,0.50078125,0.10947266,0.46992187,0.18847656,0.26992188,0.23242188,0.33515625,0.25917969,None,"Cytoplasm, Cell membrane, Endoplasmic reticulum"
ENSP00000500895,0.13779297,0.14599609,0.11679688,0.91484375,0.15439453,0.17392578,0.00824585,0.18320312,0.17929687,0.25761719,0.02595215,Extracellular,"Cytoplasm, Nucleus"
ENSP00000469135,0.13974609,0.18046875,0.10429687,0.88046875,0.19238281,0.1012207,0.14238281,0.2609375,0.15859375,0.20253906,0.0093689,Extracellular,Cell membrane
ENSP00000464419,0.14511719,0.44335938,0.56171875,0.503125,0.10625,0.40976563,0.02094116,0.24882812,0.11748047,0.16787109,0.34267578,Nucleus,Cytoplasm
ENSP00000452417,0.19394531,0.16289063,0.23691406,0.16484375,0.03051758,0.9203125,0.14970703,0.08344726,0.03647461,0.09580078,0.2625,Mitochondrion,Nucleus
ENSP00000502101,0.17089844,0.5296875,0.32070312,0.14414063,0.08969727,0.39335938,0.0432373,0.18457031,0.19394531,0.22890625,0.14645996,Cytoplasm,Nucleus
ENSP00000478133,0.10371094,0.6015625,0.57890625,0.15732422,0.12431641,0.35742187,0.0229126,0.04746094,0.08837891,0.13154297,0.08377075,"Cytoplasm, Nucleus",Mitochondrion
ENSP00000464089,0.3390625,0.53007813,0.55898437,0.12675781,0.19433594,0.21972656,0.00952453,0.07416992,0.23095703,0.37070312,0.03846435,"Cytoplasm, Nucleus",Golgi apparatus
ENSP00000453629,0.16025391,0.60703125,0.38671875,0.02226563,0.23564453,0.18662109,0.00851746,0.07058105,0.05749512,0.04489746,0.05227051,Cytoplasm,"Cytoplasm, Nucleus"
ENSP00000452439,0.09863281,0.64140625,0.40546875,0.32363281,0.09121094,0.27675781,0.20117188,0.09404297,0.10791015,0.09174805,0.05770874,Cytoplasm,"Cytoplasm, Nucleus"
ENSP00000421606,0.11298828,0.57109375,0.49453125,0.18769531,0.12041016,0.3125,0.04707031,0.08759765,0.10498047,0.28222656,0.01719665,Cytoplasm,Nucleus
ENSP00000266964,0.30195313,0.52421875,0.24628906,0.06860352,0.07510986,0.32675781,0.01124115,0.14194336,0.63203125,0.18867188,0.03525391,"Cytoplasm, Lysosome/Vacuole",Cytoplasm
ENSP00000453470,0.10253906,0.43515625,0.58046875,0.12143555,0.08505859,0.33828125,0.00382843,0.08198242,0.09960937,0.10063477,0.3328125,Nucleus,Nucleus
ENSP00000433139,0.13691406,0.55117188,0.59726562,0.28232422,0.13183594,0.21552734,0.02522888,0.36992187,0.06723633,0.07414551,0.00155182,"Cytoplasm, Nucleus","Cytoplasm, Nucleus, Endoplasmic reticulum"
ENSP00000430095,0.34765625,0.38398438,0.35683594,0.10869141,0.08798828,0.6,0.0298706,0.36152344,0.34492188,0.46679688,0.02661133,None,"Cytoplasm, Nucleus"
ENSP00000421676,0.12099609,0.27207031,0.42421875,0.81484375,0.03068847,0.59023437,0.03742676,0.17089844,0.05595703,0.12055664,0.18358154,Extracellular,Nucleus
ENSP00000406980,0.2953125,0.45664063,0.3734375,0.19785156,0.26328125,0.49726563,0.08564453,0.22382812,0.11943359,0.24199219,0.04216309,None,Cytoplasm
ENSP00000342895,0.24433594,0.12753906,0.11611328,0.0793457,0.12011719,0.96015625,0.01516113,0.05195312,0.02443848,0.06489258,0.05078125,Mitochondrion,Mitochondrion
ENSP00000290079,0.78046875,0.08520508,0.09550781,0.05661621,0.04907227,0.9390625,0.37421875,0.17773438,0.20930176,0.20654297,0.18671875,"Membrane, Mitochondrion",Mitochondrion
ENSP00000480532,0.13193359,0.43984375,0.509375,0.51914062,0.07128906,0.53164063,0.0255249,0.12148438,0.12050781,0.20761719,0.11149902,None,Nucleus
ENSP00000467027,0.09614258,0.38164063,0.74609375,0.08586426,0.10219727,0.10483398,0.00802002,0.11132813,0.03544922,0.10654297,0.00768623,Nucleus,Nucleus
ENSP00000462899,0.23476562,0.16171875,0.18554687,0.10498047,0.10644531,0.95859375,0.03933105,0.04008789,0.05043945,0.09150391,0.18300781,Mitochondrion,Cytoplasm
ENSP00000454124,0.13515625,0.46289062,0.53398438,0.40820312,0.11660156,0.3421875,0.03598633,0.18320313,0.21328125,0.23613281,0.19785156,Nucleus,Nucleus
ENSP00000435017,0.6046875,0.11826172,0.16835937,0.058844,0.03486328,0.92578125,0.16210938,0.22070312,0.16550293,0.0935791,0.07006836,"Membrane, Mitochondrion",Mitochondrion
ENSP00000433148,0.6234375,0.10332031,0.13398438,0.22402344,0.46171875,0.28066406,0.01833496,0.3015625,0.36640625,0.23496094,0.01164551,Membrane,Cell membrane
ENSP00000421209,0.12099609,0.41523438,0.52734375,0.3671875,0.08613281,0.51484375,0.05356445,0.16694336,0.14550781,0.24511719,0.06524048,None,Cytoplasm
ENSP00000404242,0.30117188,0.328125,0.35195312,0.66640625,0.21796875,0.30078125,0.11481934,0.3046875,0.12587891,0.16845703,0.02501221,Extracellular,Cytoplasm
ENSP00000386519,0.12294922,0.40039062,0.86171875,0.36196289,0.18564453,0.17905273,0.00102386,0.0821289,0.02126465,0.06621094,0.00114422,Nucleus,"Cytoplasm, Nucleus"
ENSP00000362011,0.09892578,0.45,0.6,0.40292969,0.06567383,0.3609375,0.01434326,0.09355469,0.08789063,0.08828125,0.10796814,Nucleus,Nucleus
ENSP00000453826,0.15449219,0.32304688,0.50898438,0.24980469,0.10458984,0.51054688,0.03609619,0.1991211,0.16542969,0.19228516,0.22421875,None,Nucleus
ENSP00000437094,0.26210938,0.66328125,0.35234375,0.06433106,0.1546875,0.36757812,0.00604782,0.08886719,0.43945312,0.41367188,0.0307373,Cytoplasm,"Cytoplasm, Nucleus, Cell membrane"
ENSP00000422708,0.16445313,0.63515625,0.38515625,0.02106323,0.14267578,0.51113281,0.00526466,0.26464844,0.12958984,0.09455566,0.10708008,Cytoplasm,Cytoplasm
ENSP00000388120,0.06860352,0.34570312,0.92578125,0.01030884,0.0355957,0.05888672,0.00370445,0.05124512,0.06196289,0.02869873,0.00073385,Nucleus,Nucleus
ENSP00000379634,0.04262695,0.31328125,0.8625,0.03709717,0.04746094,0.08479004,0.00812454,0.01960449,0.01452637,0.00933228,0.0033369,Nucleus,Nucleus
ENSP00000504953,0.19765625,0.34960938,0.56835937,0.39257813,0.09199219,0.22285156,0.10456543,0.16279297,0.22167969,0.31210937,0.01920777,Nucleus,Nucleus
ENSP00000489835,0.0956543,0.50195312,0.628125,0.05119629,0.06435547,0.29648438,0.02264404,0.1491211,0.10185547,0.18984375,0.05293579,"Cytoplasm, Nucleus","Cytoplasm, Nucleus"
ENSP00000483888,0.34023438,0.24472656,0.23613281,0.19707031,0.05942383,0.8375,0.12651367,0.2921875,0.15273438,0.30117188,0.06779785,Mitochondrion,Mitochondrion
ENSP00000456106,0.07519531,0.39179687,0.78203125,0.06125488,0.06713867,0.23027344,0.00518799,0.0746582,0.05819092,0.06831055,0.02150116,Nucleus,Nucleus
ENSP00000432533,0.11074219,0.415625,0.6140625,0.18056641,0.0793457,0.30742187,0.04711914,0.14345703,0.05541992,0.09846191,0.02873535,Nucleus,Nucleus
ENSP00000423727,0.15146484,0.14160156,0.10234375,0.9046875,0.09130859,0.20292969,0.07788086,0.2140625,0.16777344,0.19609375,0.03842773,Extracellular,"Endoplasmic reticulum, Golgi apparatus"
ENSP00000393552,0.04064941,0.26054688,0.88828125,0.04755859,0.08964844,0.08144532,0.00607147,0.05239258,0.08354492,0.03581543,0.00825348,Nucleus,Nucleus
ENSP00000389559,0.12412109,0.446875,0.72265625,0.04219971,0.14033203,0.07915039,0.01262207,0.13271484,0.05637207,0.07280273,0.01043625,Nucleus,Nucleus
ENSP00000464232,0.14472656,0.49257812,0.675,0.08950195,0.04580078,0.23193359,0.01375732,0.09863281,0.05720215,0.18554688,0.01826096,"Cytoplasm, Nucleus",Nucleus
ENSP00000450740,0.11113281,0.27519531,0.60390625,0.3875,0.05424805,0.20058594,0.34746094,0.21855469,0.07568359,0.07753906,0.13242188,Nucleus,"Cytoplasm, Nucleus"
ENSP00000323414,0.15205078,0.42851563,0.49765625,0.31816406,0.15537109,0.43359375,0.06032715,0.20722656,0.25058594,0.34472656,0.14199219,None,Cell membrane
ENSP00000503038,0.25957031,0.3546875,0.32382813,0.52773437,0.09082031,0.6578125,0.12529297,0.19013672,0.19179687,0.2546875,0.12270508,Mitochondrion,Cytoplasm
ENSP00000486916,0.17207031,0.41328125,0.41367188,0.18056641,0.17900391,0.48164063,0.00666962,0.18105469,0.30820313,0.13144531,0.28164062,None,Nucleus
ENSP00000462962,0.08427734,0.28359375,0.41816406,0.72070313,0.01804199,0.63203125,0.13774414,0.22568359,0.10507812,0.11623535,0.16477051,Extracellular,Cytoplasm
ENSP00000456998,0.0800293,0.440625,0.51523438,0.35351563,0.09951172,0.59023437,0.01032715,0.17592773,0.09448242,0.18271484,0.25576172,None,Nucleus
ENSP00000422701,0.14130859,0.43164062,0.48320313,0.22695312,0.07231445,0.30234375,0.02644043,0.16005859,0.09804687,0.16748047,0.00809631,None,"Cytoplasm, Nucleus"
ENSP00000416133,0.0881836,0.54296875,0.703125,0.09677734,0.04152832,0.12734375,0.02783203,0.08476563,0.11689453,0.1168457,0.03096313,"Cytoplasm, Nucleus",Nucleus
ENSP00000410223,0.83203125,0.08769531,0.10449219,0.13935547,0.6328125,0.27167969,0.08261719,0.6109375,0.48085938,0.2625,0.0098053,"Membrane, Cell membrane",Nucleus
ENSP00000461696,0.14042969,0.45117188,0.58359375,0.21132813,0.15458984,0.15458984,0.03217774,0.09462891,0.14248047,0.23447266,0.0689209,Nucleus,Nucleus
ENSP00000429766,0.23046875,0.50117188,0.43984375,0.24824219,0.26171875,0.27988281,0.03035889,0.04155274,0.30136719,0.27558594,0.00680847,Cytoplasm,Cytoplasm
ENSP00000339093,0.44453125,0.31953125,0.29589844,0.34980469,0.1859375,0.44296875,0.03267822,0.41328125,0.2163086,0.3,0.12919922,None,Golgi apparatus
ENSP00000471563,0.3828125,0.6109375,0.38046875,0.17539063,0.36914062,0.44609375,0.00162544,0.07929688,0.32773437,0.27441406,0.00596009,Cytoplasm,"Cytoplasm, Nucleus"
ENSP00000470109,0.07626953,0.40976562,0.55039063,0.784375,0.04519043,0.25292969,0.08239746,0.09648437,0.03823852,0.03837891,0.15102539,"Nucleus, Extracellular",Mitochondrion
ENSP00000464792,0.09814453,0.30742187,0.53515625,0.26601562,0.06450195,0.75078125,0.40839844,0.0607666,0.11015625,0.0659668,0.04484863,"Nucleus, Mitochondrion",Nucleus
ENSP00000453633,0.26074219,0.3625,0.56328125,0.09526367,0.16318359,0.27382812,0.07103271,0.13522949,0.14169922,0.16523438,0.00039606,Nucleus,"Cytoplasm, Cell membrane"
ENSP00000451510,0.16230469,0.39609375,0.49140625,0.45039063,0.09726562,0.39453125,0.11760254,0.12060547,0.15488281,0.25546875,0.06223145,None,Cytoplasm
ENSP00000434474,0.16191406,0.46054688,0.36328125,0.4046875,0.18291015,0.55976563,0.03659668,0.17021484,0.15869141,0.32734375,0.15253906,None,Nucleus
ENSP00000423901,0.08242187,0.37578125,0.578125,0.10854492,0.02749023,0.36464844,0.01351623,0.15449219,0.09228516,0.08779297,0.02247543,Nucleus,Nucleus
ENSP00000404012,0.13759766,0.36015625,0.49726562,0.490625,0.13740234,0.6171875,0.02407227,0.13300781,0.20839844,0.30996094,0.1881836,None,"Cytoplasm, Nucleus"
ENSP00000401872,0.08706055,0.52890625,0.67265625,0.50976563,0.09619141,0.27617188,0.00328293,0.07373047,0.05184326,0.14077148,0.11068115,"Cytoplasm, Nucleus",Cytoplasm
ENSP00000498848,0.1625,0.3296875,0.39726562,0.67890625,0.06079101,0.47617187,0.14785156,0.18789062,0.07763672,0.17529297,0.16289063,Extracellular,Nucleus
ENSP00000498788,0.07885742,0.55859375,0.6359375,0.04106445,0.05703125,0.16230469,0.01307678,0.04309082,0.11689453,0.1296875,0.09265137,"Cytoplasm, Nucleus","Cytoplasm, Nucleus"
ENSP00000489370,0.19199219,0.396875,0.45273437,0.47460938,0.10820312,0.51523438,0.09230957,0.19296875,0.18183594,0.28925781,0.14873047,None,Cytoplasm
ENSP00000431095,0.09794922,0.3671875,0.49921875,0.46796875,0.04421387,0.31347656,0.14492187,0.12236328,0.10878906,0.11738281,0.14663086,None,Nucleus
ENSP00000402322,0.28964844,0.48554688,0.46601562,0.15908203,0.15810547,0.16386719,0.01886597,0.10263672,0.20561524,0.28105469,0.01848145,Cytoplasm,"Cytoplasm, Cell membrane"
ENSP00000392615,0.10332031,0.48789062,0.77109375,0.17519531,0.09863282,0.0824707,0.00271492,0.07939453,0.0361084,0.03232422,0.00196743,"Cytoplasm, Nucleus",Nucleus
ENSP00000370125,0.11523437,0.3265625,0.79375,0.42460938,0.23710937,0.25800781,0.01109314,0.02667236,0.01256104,0.05310058,0.00865784,Nucleus,Nucleus
ENSP00000448545,0.37070312,0.17880859,0.20957031,0.03653565,0.12001953,0.884375,0.03427734,0.13769531,0.04924316,0.04938965,0.03166504,Mitochondrion,Mitochondrion
ENSP00000429976,0.06474609,0.49570313,0.47578125,0.7265625,0.03535156,0.42109375,0.06502685,0.10356445,0.05262451,0.04400635,0.32355957,"Cytoplasm, Extracellular",Mitochondrion
ENSP00000429873,0.10585937,0.32734375,0.29492187,0.64453125,0.06201172,0.40507812,0.06728516,0.11069336,0.24492187,0.13798828,0.04838867,None,Mitochondrion
ENSP00000424181,0.06984863,0.4765625,0.75546875,0.03508301,0.07678223,0.1875,0.30654297,0.09970703,0.06542969,0.0484375,0.06512451,"Cytoplasm, Nucleus",Nucleus
ENSP00000423066,0.12226563,0.46953125,0.54101562,0.27167969,0.11464844,0.2265625,0.01693115,0.06425781,0.09223633,0.01403809,0.01699218,"Cytoplasm, Nucleus",Cytoplasm
ENSP00000421897,0.23964844,0.6421875,0.36347656,0.22705078,0.06999512,0.20205078,0.00199547,0.13613281,0.29472656,0.51933594,0.00384636,Cytoplasm,"Cytoplasm, Cell membrane"
ENSP00000395719,0.27402344,0.45195312,0.41445312,0.13291016,0.12578125,0.38164062,0.00178413,0.15117187,0.42734375,0.33398437,0.00417786,None,Nucleus
ENSP00000502954,0.27558594,0.10625,0.07949219,0.06923828,0.11655273,0.96171875,0.17392578,0.04897461,0.04121094,0.06723633,0.07514648,Mitochondrion,Mitochondrion
ENSP00000489587,0.13818359,0.17089844,0.20292969,0.86484375,0.10908203,0.4484375,0.29111328,0.14189453,0.03916016,0.12197266,0.01922607,Extracellular,Nucleus
ENSP00000457536,0.25800781,0.68125,0.32070312,0.30625,0.25078125,0.24335937,0.00593719,0.09921875,0.17246094,0.14746094,0.04721069,Cytoplasm,"Cytoplasm, Cell membrane"
ENSP00000431233,0.13251953,0.27949219,0.27050781,0.7875,0.04152832,0.6890625,0.21992188,0.29228516,0.12248535,0.20205078,0.07446289,"Extracellular, Mitochondrion",Endoplasmic reticulum
ENSP00000426165,0.06499023,0.515625,0.6046875,0.4140625,0.09296875,0.31464844,0.01612549,0.08925781,0.07133789,0.26308594,0.08905029,"Cytoplasm, Nucleus",Cytoplasm
ENSP00000421839,0.17148437,0.3953125,0.39414062,0.51054687,0.12744141,0.37617187,0.01904297,0.25429687,0.2046875,0.30488281,0.14755859,None,"Cytoplasm, Nucleus"
ENSP00000409990,0.11904297,0.640625,0.3859375,0.16191406,0.11464844,0.33359375,0.21035156,0.16142578,0.0449707,0.04829101,0.29633789,Cytoplasm,"Cytoplasm, Nucleus"
ENSP00000392767,0.28808594,0.56757812,0.34667969,0.34824219,0.31601562,0.1953125,0.03762207,0.11132812,0.23476562,0.14658203,0.02320557,Cytoplasm,Cytoplasm
ENSP00000372656,0.12753906,0.41171875,0.415625,0.5890625,0.04384766,0.48789063,0.31738281,0.26445312,0.1296875,0.3390625,0.20244141,None,Cell membrane
ENSP00000350398,0.12421875,0.5015625,0.53398438,0.4421875,0.08564453,0.32265625,0.07866211,0.11162109,0.14560547,0.20751953,0.09165039,"Cytoplasm, Nucleus",Mitochondrion
ENSP00000506567,0.14921875,0.48125,0.32617187,0.52460937,0.1046875,0.41875,0.26992188,0.10986328,0.05197754,0.18271485,0.04258728,Cytoplasm,"Cytoplasm, Nucleus"
ENSP00000505535,0.34179687,0.63125,0.4203125,0.10258789,0.24375,0.35253906,0.00166778,0.20654297,0.29453125,0.37011719,0.00481835,Cytoplasm,Cytoplasm
ENSP00000482941,0.271875,0.51484375,0.28085938,0.19511719,0.22773437,0.584375,0.17861328,0.16728516,0.11816406,0.22871094,0.05439453,Cytoplasm,Mitochondrion
ENSP00000242152,0.14111328,0.10205078,0.07929687,0.9234375,0.13203125,0.05600586,0.01056213,0.19140625,0.07841797,0.25117188,0.01269531,Extracellular,Golgi apparatus
ENSP00000476323,0.40859375,0.12089843,0.13095703,0.05488281,0.11748047,0.96953125,0.02192993,0.08505859,0.05351562,0.10976563,0.11123047,Mitochondrion,Mitochondrion
ENSP00000475468,0.17128906,0.35664063,0.4109375,0.24785156,0.08691406,0.51875,0.1734375,0.16826172,0.11689453,0.20683594,0.06650391,None,Nucleus
ENSP00000463707,0.1578125,0.50507812,0.47070313,0.56171875,0.11289063,0.49140625,0.28417969,0.16171875,0.14609375,0.21914063,0.02330322,Cytoplasm,Cell membrane
ENSP00000453788,0.13925781,0.38554688,0.46875,0.5890625,0.05751953,0.58671875,0.20947266,0.19404297,0.13076172,0.2578125,0.04450684,None,"Cytoplasm, Nucleus"
ENSP00000438281,0.17148437,0.590625,0.33339844,0.17587891,0.17675781,0.31425781,0.00363464,0.07353515,0.13847656,0.33554688,0.00391273,Cytoplasm,Cytoplasm
ENSP00000436308,0.04387207,0.22363281,0.878125,0.05866699,0.08867188,0.13603515,0.00854187,0.04873047,0.07875977,0.03654785,0.00830688,Nucleus,Nucleus
ENSP00000434262,0.21113281,0.41679688,0.33554688,0.22294922,0.11904297,0.5625,0.10876465,0.12978516,0.09580078,0.14345703,0.00607453,None,Mitochondrion
ENSP00000432792,0.71875,0.11826172,0.09482422,0.10686035,0.19335938,0.92421875,0.3040039,0.43203125,0.21508789,0.20957031,0.05795899,"Membrane, Mitochondrion",Mitochondrion
ENSP00000408717,0.16005859,0.46601563,0.44609375,0.315625,0.06240234,0.33496094,0.00766602,0.12587891,0.13457031,0.12099609,0.06217041,None,Nucleus
ENSP00000453224,0.08076172,0.48359375,0.52773437,0.728125,0.06040039,0.42421875,0.13291016,0.05810547,0.04816894,0.1631836,0.01303711,"Cytoplasm, Nucleus, Extracellular",Endoplasmic reticulum
ENSP00000443808,0.14746094,0.35585938,0.41171875,0.40234375,0.09277344,0.65234375,0.16630859,0.1578125,0.10922851,0.25234375,0.08251953,Mitochondrion,"Nucleus, Golgi apparatus"
ENSP00000431481,0.22050781,0.62421875,0.41015625,0.18295898,0.23085938,0.11044922,0.0072586,0.11425781,0.42519531,0.11503906,0.00548859,Cytoplasm,Nucleus
ENSP00000399672,0.08178711,0.41445313,0.64765625,0.12314453,0.06337891,0.25957031,0.02092285,0.08969727,0.10849609,0.140625,0.0119812,Nucleus,Nucleus
ENSP00000399490,0.25488281,0.16484375,0.13212891,0.64726562,0.275,0.21279297,0.04468994,0.31015625,0.10629883,0.31035156,0.0381836,Extracellular,Cell membrane
ENSP00000389994,0.10527344,0.55859375,0.47265625,0.68671875,0.06904297,0.19941406,0.11621094,0.07133789,0.06191406,0.18046875,0.02815552,"Cytoplasm, Extracellular",Cell membrane
ENSP00000502992,0.19765625,0.15058594,0.16689453,0.09443359,0.06074219,0.91796875,0.38476562,0.04931641,0.02383423,0.04716797,0.05832519,Mitochondrion,Mitochondrion
ENSP00000464939,0.10336914,0.31679687,0.78203125,0.0439209,0.0746582,0.0871582,0.00325928,0.05947265,0.02460938,0.06743164,0.00461464,Nucleus,Nucleus
ENSP00000458914,0.14599609,0.42109375,0.55859375,0.42734375,0.11289062,0.5453125,0.05097656,0.09746094,0.18544922,0.19707031,0.13017578,Nucleus,Mitochondrion
ENSP00000434280,0.30898437,0.26386719,0.4703125,0.30126953,0.11025391,0.55429687,0.08935547,0.13095703,0.07241211,0.03486328,0.0298584,None,Mitochondrion
ENSP00000501350,0.18242188,0.50195313,0.50546875,0.41015625,0.12421875,0.29570313,0.04011231,0.09267578,0.12763672,0.19052734,0.03217774,Cytoplasm,Nucleus
ENSP00000471320,0.08237305,0.3203125,0.38476562,0.73125,0.05234375,0.4734375,0.17734375,0.14765625,0.09533691,0.17744141,0.10219727,Extracellular,Cytoplasm
ENSP00000466948,0.23164062,0.3453125,0.509375,0.2671875,0.05444336,0.54765625,0.07788086,0.14228516,0.07578125,0.13896484,0.02269287,None,Cytoplasm
ENSP00000462705,0.11210937,0.5765625,0.49726562,0.11574707,0.16425781,0.24375,0.00174026,0.10644531,0.11044922,0.153125,0.0982666,Cytoplasm,"Cytoplasm, Nucleus"
ENSP00000437284,0.80078125,0.11191406,0.1671875,0.12426758,0.43867187,0.28769531,0.07763672,0.42695312,0.44414063,0.45234375,0.0196167,Membrane,"Endoplasmic reticulum, Golgi apparatus"
ENSP00000437200,0.12768555,0.31640625,0.68046875,0.50664062,0.08344727,0.18154297,0.08876953,0.09638672,0.08110352,0.2125,0.00275536,Nucleus,Cytoplasm
ENSP00000421278,0.12998047,0.44257813,0.628125,0.08637695,0.08369141,0.26816407,0.08144531,0.11132813,0.26289062,0.17216797,0.08701172,Nucleus,Nucleus
ENSP00000404471,0.16816406,0.234375,0.2140625,0.7578125,0.19570313,0.3140625,0.01618652,0.20390625,0.14345703,0.29257812,0.15673828,Extracellular,Cell membrane
ENSP00000246551,0.6296875,0.153125,0.10537109,0.63828125,0.6484375,0.19511719,0.00832214,0.22246094,0.4140625,0.22382813,0.078125,"Membrane, Cell membrane",Cell membrane
ENSP00000450530,0.16210938,0.36171875,0.54140625,0.48476562,0.11015625,0.38632813,0.11484375,0.12441406,0.14140625,0.21025391,0.0473877,Nucleus,Cytoplasm
ENSP00000445750,0.09135742,0.44335938,0.4484375,0.55585937,0.0671875,0.36171875,0.22294922,0.15458984,0.07124023,0.11992187,0.14345703,None,Cytoplasm
ENSP00000441344,0.11748047,0.39296875,0.45742188,0.29101562,0.0439209,0.4546875,0.13642578,0.20371094,0.10400391,0.14326172,0.05871582,None,Mitochondrion
ENSP00000436643,0.88046875,0.08554687,0.22636719,0.04624023,0.14394531,0.50585938,0.0065094,0.54023437,0.36660156,0.38632812,0.17875977,Membrane,Golgi apparatus
ENSP00000431952,0.09653321,0.41015625,0.40117187,0.81640625,0.05936279,0.28271484,0.18623047,0.09226074,0.05075683,0.12294922,0.12661133,Extracellular,"Cytoplasm, Nucleus"
ENSP00000404200,0.6796875,0.16845703,0.05058594,0.02460937,0.0913086,0.94765625,0.1131836,0.17236328,0.19306641,0.11191406,0.55234375,"Membrane, Mitochondrion",Peroxisome
ENSP00000392945,0.1578125,0.10908203,0.13916016,0.221875,0.06206055,0.92265625,0.125,0.06074219,0.0574707,0.13271484,0.04387207,Mitochondrion,Mitochondrion
ENSP00000477770,0.11347656,0.49375,0.56132812,0.62421875,0.08564453,0.5765625,0.06533203,0.109375,0.12460937,0.20722656,0.05231323,"Cytoplasm, Nucleus",Nucleus
ENSP00000457999,0.09892578,0.4890625,0.534375,0.22402344,0.07958984,0.37109375,0.12700195,0.08022461,0.04597168,0.17871094,0.00699234,"Cytoplasm, Nucleus",Nucleus
ENSP00000454415,0.17636719,0.103125,0.12431641,0.07275391,0.0625,0.934375,0.16767578,0.03312988,0.02705078,0.0590332,0.13100586,Mitochondrion,Mitochondrion
ENSP00000446893,0.12763672,0.49648437,0.5078125,0.40507812,0.09716797,0.47890625,0.03378906,0.07939453,0.09882813,0.10351563,0.08078613,Cytoplasm,"Cytoplasm, Cell membrane"
ENSP00000444859,0.15654297,0.43828125,0.565625,0.5875,0.08916016,0.42929688,0.04918213,0.07543945,0.07177734,0.12602539,0.08658447,Nucleus,Cell membrane
ENSP00000437258,0.29238282,0.403125,0.4375,0.19238281,0.20253906,0.3109375,0.07041016,0.21582031,0.19082031,0.26074219,0.13613281,None,"Endoplasmic reticulum, Golgi apparatus"
ENSP00000428555,0.17333984,0.59648437,0.540625,0.53984375,0.06242676,0.22900391,0.09780274,0.04081421,0.07636719,0.14077149,0.00219879,"Cytoplasm, Nucleus",Cell membrane
ENSP00000423846,0.25957031,0.64375,0.33085938,0.16855469,0.18408203,0.26582031,0.0503479,0.10878906,0.20322266,0.52265625,0.09213867,Cytoplasm,"Cytoplasm, Cell membrane, Endoplasmic reticulum"
ENSP00000406830,0.18271484,0.39375,0.56796875,0.51835937,0.12607422,0.446875,0.04875488,0.08964844,0.08842773,0.18388672,0.05012207,Nucleus,Nucleus
ENSP00000317413,0.11865234,0.45,0.52304688,0.44648438,0.04377441,0.34804687,0.03972168,0.08681641,0.12910156,0.15615234,0.35273437,None,Nucleus
ENSP00000496807,0.21699219,0.4328125,0.34335938,0.34316406,0.25253907,0.29296875,0.00651245,0.11035156,0.17050781,0.25585938,0.04554443,None,Cell membrane
ENSP00000473656,0.31914063,0.27578125,0.15517578,0.821875,0.23095703,0.33085938,0.00919952,0.19179688,0.06416016,0.08276367,0.01101837,Extracellular,Nucleus
ENSP00000415158,0.6984375,0.11660156,0.10976562,0.13393554,0.31347656,0.14580078,0.00907135,0.28476562,0.45351563,0.23164063,0.12695312,Membrane,Cell membrane
ENSP00000395964,0.17089844,0.48085938,0.65390625,0.61328125,0.14316406,0.18828125,0.01752014,0.17060547,0.07163086,0.10866699,0.61348114,"Cytoplasm, Nucleus",Mitochondrion
ENSP00000363886,0.20195313,0.46171875,0.55703125,0.4421875,0.05068359,0.20136719,0.00377045,0.16513672,0.36816406,0.40878906,0.02243042,Nucleus,Nucleus
ENSP00000357917,0.10566406,0.52539062,0.48125,0.06198731,0.06694336,0.24140625,0.07624512,0.05827637,0.10419922,0.09521484,0.33242188,Cytoplasm,"Cytoplasm, Nucleus"
ENSP00000493433,0.15800781,0.47773437,0.30429688,0.33105469,0.21679688,0.46914063,0.0612793,0.04082031,0.11650391,0.10439453,0.00258942,Cytoplasm,"Cytoplasm, Cell membrane"
ENSP00000484031,0.12646484,0.43867187,0.4125,0.56757812,0.09199219,0.30996094,0.05557251,0.14345703,0.17988281,0.09990234,0.32888184,None,Nucleus
ENSP00000466596,0.13007813,0.42773438,0.36601562,0.23730469,0.06088867,0.52382813,0.08959961,0.15292969,0.08686524,0.18984375,0.05297852,None,Nucleus
ENSP00000464319,0.10585937,0.30820313,0.60546875,0.50742187,0.02514649,0.5296875,0.11088867,0.17666015,0.08930664,0.11489258,0.02836304,Nucleus,"Cytoplasm, Nucleus"
ENSP00000454914,0.07749024,0.29902344,0.31875,0.69765625,0.03937988,0.63164063,0.14755859,0.32265625,0.1325531,0.19423828,0.16567383,Extracellular,Cytoplasm
ENSP00000453285,0.0590332,0.27578125,0.46953125,0.29658203,0.0182373,0.58945312,0.35546875,0.06655273,0.02805176,0.03549805,0.01015625,None,"Cytoplasm, Endoplasmic reticulum"
ENSP00000432841,0.27382812,0.28203125,0.40273438,0.41328125,0.12285156,0.59140625,0.08447266,0.49804687,0.20126953,0.28164063,0.29619141,None,Golgi apparatus
ENSP00000422500,0.03996582,0.32460938,0.890625,0.13237305,0.03847656,0.21123047,0.00626526,0.03510742,0.02305908,0.02344971,0.02380829,Nucleus,Nucleus
ENSP00000416332,0.17851563,0.4125,0.45742187,0.2625,0.05830078,0.51953125,0.09858398,0.28769531,0.16152344,0.20488281,0.04394531,None,Cell membrane
ENSP00000387490,0.05605469,0.4015625,0.59609375,0.33300781,0.05800781,0.06630859,0.00243454,0.03132324,0.03056641,0.22167969,0.00736389,Nucleus,Nucleus
ENSP00000495146,0.18417969,0.4046875,0.33632812,0.20664063,0.15644531,0.3734375,0.15268555,0.11650391,0.05910644,0.13955078,0.01483765,None,Cytoplasm
ENSP00000473892,0.13496093,0.39960938,0.53320313,0.34335937,0.09350586,0.47851562,0.16005859,0.13828125,0.19257813,0.31582031,0.0765625,Nucleus,Mitochondrion
ENSP00000471874,0.14492187,0.44765625,0.59921875,0.35683594,0.09970703,0.32851562,0.01885986,0.12958984,0.11074219,0.17421875,0.06837158,Nucleus,"Cytoplasm, Endoplasmic reticulum"
ENSP00000447669,0.171875,0.45078125,0.47421875,0.47851562,0.07431641,0.40234375,0.12456055,0.23046875,0.13789062,0.2421875,0.07202148,None,Cytoplasm
ENSP00000436328,0.15917969,0.20019531,0.16582031,0.8609375,0.12568359,0.28515625,0.0298706,0.2796875,0.14541016,0.27773437,0.07878418,Extracellular,"Cytoplasm, Cell membrane"
ENSP00000436205,0.846875,0.11074219,0.15615234,0.07282715,0.13134766,0.37832031,0.00561371,0.44257813,0.43203125,0.66953125,0.27001953,"Membrane, Golgi apparatus",Golgi apparatus
ENSP00000432739,0.61015625,0.19589844,0.1609375,0.18125,0.12451172,0.759375,0.11694336,0.48320312,0.18037109,0.22324219,0.07539062,"Membrane, Mitochondrion",Mitochondrion
ENSP00000423761,0.10859375,0.62421875,0.51757813,0.11826172,0.15830078,0.21992187,0.07819824,0.08955078,0.07431641,0.23515625,0.00623474,Cytoplasm,Nucleus
ENSP00000384450,0.1,0.41210937,0.64453125,0.53789062,0.11289062,0.51015625,0.00368271,0.12661133,0.13388672,0.07573242,0.72001953,"Nucleus, Peroxisome",Cytoplasm
ENSP00000496153,0.16386719,0.40859375,0.44335937,0.64296875,0.07685547,0.49609375,0.17006836,0.15371094,0.08183594,0.15,0.02034912,None,Nucleus
ENSP00000475329,0.10195313,0.49140625,0.52929687,0.48515625,0.10771484,0.27792969,0.15029297,0.084375,0.0546875,0.13847656,0.015802,"Cytoplasm, Nucleus",Nucleus
ENSP00000458264,0.12626953,0.44453125,0.58984375,0.0767334,0.1086914,0.28164063,0.02545471,0.06894531,0.05585938,0.06279297,0.00387649,Nucleus,Nucleus
ENSP00000417786,0.16035156,0.35117187,0.50703125,0.44179687,0.07075195,0.38476563,0.26171875,0.2453125,0.21953125,0.20546875,0.43632812,None,Nucleus
ENSP00000400596,0.10957031,0.27148437,0.35625,0.3203125,0.03723145,0.7,0.34160156,0.07456055,0.03632812,0.06870117,0.09165039,Mitochondrion,"Cytoplasm, Endoplasmic reticulum"
ENSP00000388413,0.18339844,0.21425781,0.20761719,0.11269531,0.04985352,0.878125,0.29570313,0.06303711,0.01843872,0.05708008,0.09462891,Mitochondrion,Mitochondrion
ENSP00000368383,0.11914062,0.4765625,0.4890625,0.2828125,0.15732422,0.30351562,0.02265625,0.09555664,0.12304687,0.08706055,0.09296875,Cytoplasm,Cytoplasm
ENSP00000279259,0.13261719,0.5125,0.6265625,0.26328125,0.1015625,0.18017578,0.00990295,0.26601563,0.203125,0.17651367,0.00549355,"Cytoplasm, Nucleus","Cytoplasm, Nucleus, Endoplasmic reticulum"
ENSP00000481472,0.309375,0.396875,0.26464844,0.7046875,0.11044922,0.4609375,0.15222168,0.23339844,0.12226562,0.16347656,0.05900879,Extracellular,Mitochondrion
ENSP00000477292,0.40546875,0.12685547,0.13378906,0.07163086,0.10546875,0.965625,0.02766113,0.10322266,0.05986328,0.11699219,0.12070312,Mitochondrion,Mitochondrion
ENSP00000468125,0.1625,0.16738281,0.26074219,0.22792969,0.08334961,0.9578125,0.02604981,0.0559082,0.04765625,0.14550781,0.51523438,Mitochondrion,Mitochondrion
ENSP00000426046,0.26230469,0.40859375,0.434375,0.15126953,0.20693359,0.21533203,0.04534302,0.18598633,0.484375,0.39785156,0.03654785,None,"Cytoplasm, Nucleus"
ENSP00000424002,0.26796875,0.5265625,0.4640625,0.40585938,0.1875,0.19882812,0.05805664,0.14326172,0.16162109,0.45390625,0.00909729,Cytoplasm,Nucleus
ENSP00000409541,0.17792969,0.46367187,0.55351563,0.51445313,0.12143554,0.36503906,0.1296875,0.10859375,0.17285156,0.28242188,0.00664597,Nucleus,Golgi apparatus
ENSP00000407410,0.08388672,0.34804688,0.57890625,0.45820312,0.05007324,0.28027344,0.35644531,0.16757813,0.04402466,0.13476563,0.15693359,Nucleus,"Cytoplasm, Nucleus"
ENSP00000398804,0.60234375,0.403125,0.39375,0.17050781,0.3484375,0.53320313,0.09638672,0.35527343,0.55351562,0.54023437,0.01098633,Membrane,Nucleus
ENSP00000504615,0.14511719,0.63046875,0.3875,0.27792969,0.09663086,0.34394531,0.02227783,0.08691406,0.14541016,0.11660156,0.00390625,Cytoplasm,Cytoplasm
ENSP00000481423,0.11582031,0.56953125,0.47695313,0.28964844,0.13876953,0.3078125,0.0255249,0.04458008,0.07060547,0.11147461,0.12523804,Cytoplasm,Mitochondrion
ENSP00000443311,0.38789063,0.5421875,0.43320313,0.05053711,0.48710938,0.22441406,0.03776856,0.11064453,0.21894531,0.26191406,0.09873047,Cytoplasm,Cell membrane
ENSP00000422333,0.2421875,0.23886719,0.246875,0.80078125,0.11171875,0.3359375,0.16064453,0.2765625,0.14238281,0.2171875,0.121875,Extracellular,Cell membrane
ENSP00000422150,0.27050781,0.34140625,0.32695313,0.48554688,0.10820312,0.3953125,0.21816406,0.24707031,0.22929688,0.31640625,0.15380859,None,Cell membrane
ENSP00000502397,0.15097656,0.53203125,0.45351563,0.103125,0.15771484,0.3921875,0.10605469,0.1609375,0.09140625,0.13974609,0.12578125,Cytoplasm,Nucleus
ENSP00000454489,0.1453125,0.5828125,0.4421875,0.12050781,0.16142578,0.19140625,0.01213837,0.03071289,0.04743652,0.05900879,0.00241756,Cytoplasm,Cytoplasm
ENSP00000435912,0.19794922,0.50234375,0.43789062,0.35878906,0.08144531,0.40351563,0.18828125,0.08657227,0.08354492,0.15087891,0.00859375,Cytoplasm,Cytoplasm
ENSP00000429426,0.07382812,0.39414062,0.7421875,0.10375977,0.04899902,0.07026367,0.02185059,0.08530274,0.03029785,0.03522949,0.01056099,Nucleus,Nucleus
ENSP00000429313,0.12841797,0.59375,0.49257813,0.05030518,0.11655273,0.21152344,0.00338287,0.07758789,0.11269531,0.09951172,0.00215864,Cytoplasm,Cytoplasm
ENSP00000421951,0.34121094,0.5390625,0.41835938,0.48378906,0.24082031,0.33115234,0.00283661,0.02550659,0.23125,0.12460938,0.01304932,Cytoplasm,Cytoplasm
ENSP00000506128,0.10693359,0.4640625,0.55625,0.41171875,0.12089844,0.209375,0.03815918,0.03138428,0.06567383,0.10771484,0.00483284,Nucleus,"Cytoplasm, Nucleus"
ENSP00000492309,0.1890625,0.12744141,0.16835937,0.05761719,0.10234375,0.9625,0.018927,0.021875,0.01791992,0.02346192,0.04833984,Mitochondrion,Mitochondrion
ENSP00000467331,0.51992188,0.19492187,0.10683594,0.34941406,0.46328125,0.37890625,0.0097168,0.15742188,0.21035156,0.12802734,0.07337646,Membrane,Endoplasmic reticulum
ENSP00000450910,0.13554688,0.40039062,0.4875,0.4765625,0.08222656,0.39492188,0.20068359,0.13837891,0.10673828,0.12324219,0.18554687,None,Nucleus
ENSP00000401314,0.3109375,0.5421875,0.47851563,0.19697266,0.20605469,0.09584961,0.00301056,0.12475586,0.40761719,0.48320313,0.00171852,Cytoplasm,Cell membrane
ENSP00000508170,0.29160156,0.515625,0.52382812,0.11337891,0.12197266,0.25546875,0.0025898,0.21103516,0.37207031,0.24433594,0.02583618,Cytoplasm,"Cytoplasm, Nucleus, Cell membrane"
ENSP00000480290,0.10185547,0.4296875,0.5890625,0.17753907,0.06430664,0.30625,0.09335937,0.04023438,0.11152344,0.13320312,0.02830811,Nucleus,Golgi apparatus
ENSP00000469123,0.12480469,0.44335937,0.39140625,0.28867188,0.15126953,0.58164062,0.005159,0.18857422,0.19833984,0.33242188,0.31396484,None,Cytoplasm
ENSP00000465425,0.11357422,0.571875,0.54179688,0.07568359,0.103125,0.25507812,0.0517334,0.13837891,0.04560547,0.14570313,0.01644325,"Cytoplasm, Nucleus",Nucleus
ENSP00000464423,0.1953125,0.38984375,0.44140625,0.42851563,0.14824219,0.35546875,0.05437012,0.19648438,0.16298828,0.31777344,0.06633301,None,Nucleus
ENSP00000462642,0.32011719,0.61875,0.41445313,0.11484375,0.19101562,0.36640625,0.01741333,0.15751953,0.28632813,0.39121094,0.02719574,Cytoplasm,Cytoplasm
ENSP00000450763,0.07294922,0.5140625,0.52617188,0.6484375,0.04614258,0.21367187,0.22724609,0.09296875,0.05263672,0.08835449,0.05170898,"Cytoplasm, Extracellular",Nucleus
ENSP00000436412,0.12861328,0.49140625,0.590625,0.45898438,0.07441406,0.36699219,0.00637207,0.05458984,0.07016601,0.28769531,0.01515045,"Cytoplasm, Nucleus",Nucleus
ENSP00000428662,0.14667969,0.4921875,0.52070313,0.12363281,0.12695312,0.35742187,0.02322388,0.11123047,0.09492187,0.1828125,0.29414062,Cytoplasm,Nucleus
ENSP00000424863,0.22617187,0.50234375,0.46953125,0.22578125,0.13359375,0.38828125,0.0578125,0.11699219,0.10527344,0.21914062,0.02307129,Cytoplasm,Nucleus
ENSP00000395552,0.12958984,0.45195313,0.6890625,0.05056152,0.05644531,0.12626953,0.00461426,0.07998047,0.06601563,0.15185547,0.05462646,Nucleus,Nucleus
ENSP00000367939,0.76796875,0.11933594,0.07753906,0.06789551,0.09794922,0.91328125,0.01871338,0.20820312,0.08654785,0.09311524,0.07883301,"Membrane, Mitochondrion",Mitochondrion
ENSP00000506647,0.11171875,0.42109375,0.57773438,0.39746094,0.10800781,0.24257813,0.06652832,0.02636719,0.06079101,0.09111328,0.0043766,Nucleus,"Cytoplasm, Nucleus"
ENSP00000495572,0.20390625,0.6140625,0.33046875,0.25390625,0.13076172,0.57421875,0.0227478,0.24570312,0.12587891,0.29765625,0.28854981,Cytoplasm,Nucleus
ENSP00000487134,0.2546875,0.35234375,0.38671875,0.53476563,0.10146484,0.49257813,0.14516602,0.25410156,0.18964844,0.3578125,0.04992676,None,Nucleus
ENSP00000468878,0.11845703,0.46679687,0.57578125,0.75859375,0.06203613,0.39003906,0.05153809,0.07783203,0.06201172,0.10009766,0.16094971,"Nucleus, Extracellular",Cytoplasm
ENSP00000466687,0.06743164,0.26035156,0.334375,0.85703125,0.01920166,0.43955078,0.22871094,0.16254883,0.03610764,0.11419678,0.1173584,Extracellular,Cytoplasm
ENSP00000465750,0.090625,0.32304688,0.51953125,0.23789062,0.04941406,0.35820312,0.02520752,0.14326172,0.04389649,0.05201416,0.074646,None,Nucleus
ENSP00000464986,0.12109375,0.3875,0.57695313,0.65390625,0.06518555,0.39375,0.27246094,0.09335937,0.08051758,0.18378906,0.01846924,"Nucleus, Extracellular",Nucleus
ENSP00000461448,0.17226563,0.37617188,0.40351562,0.31972656,0.09018555,0.44023438,0.11264649,0.05727539,0.03724365,0.11220703,0.02176514,None,Cytoplasm
ENSP00000421392,0.08710938,0.3875,0.6078125,0.39296875,0.05839844,0.31953125,0.12734375,0.171875,0.12880859,0.23300781,0.01451111,Nucleus,Nucleus
ENSP00000417312,0.14931641,0.54414062,0.53203125,0.26894532,0.10371094,0.45585938,0.02991943,0.08500977,0.10825195,0.1125,0.1277832,"Cytoplasm, Nucleus",Nucleus
ENSP00000506933,0.11308594,0.46523438,0.6375,0.40644531,0.0515625,0.25625,0.03684082,0.09589844,0.16289062,0.15253906,0.03336487,Nucleus,Nucleus
ENSP00000506074,0.13466797,0.38359375,0.5328125,0.29335937,0.06186524,0.58203125,0.04868164,0.1453125,0.19648438,0.21757812,0.32919922,Nucleus,Cytoplasm
ENSP00000501404,0.19941406,0.29414063,0.3296875,0.82734375,0.07905273,0.45703125,0.0703125,0.19707032,0.10878906,0.22226563,0.01146851,Extracellular,Mitochondrion
ENSP00000484006,0.20273437,0.15029297,0.14501953,0.9171875,0.27089844,0.16386719,0.04509278,0.14013672,0.14248047,0.25722656,0.02554932,Extracellular,Cell membrane
ENSP00000464503,0.09199219,0.51796875,0.8140625,0.08894043,0.0928711,0.17939453,0.00199661,0.03789063,0.06708984,0.06835938,0.00477409,"Cytoplasm, Nucleus",Nucleus
ENSP00000456237,0.07006836,0.47617188,0.6203125,0.21660156,0.04384766,0.15839844,0.05297851,0.06699219,0.05119629,0.08886719,0.0084671,"Cytoplasm, Nucleus",Cytoplasm
ENSP00000444771,0.06816406,0.27871094,0.37890625,0.7984375,0.0276001,0.43554688,0.18476562,0.15917969,0.05780029,0.11262207,0.07591553,Extracellular,Mitochondrion
ENSP00000431343,0.04604492,0.22636719,0.875,0.04819336,0.10410156,0.10556641,0.01031494,0.03779297,0.06787109,0.03251953,0.00643463,Nucleus,Nucleus
ENSP00000419128,0.14853516,0.5140625,0.37460937,0.11796875,0.13525391,0.5046875,0.05245056,0.0840332,0.04553223,0.0715332,0.03520508,Cytoplasm,Mitochondrion
ENSP00000405084,0.2875,0.3609375,0.37148437,0.38515625,0.09833984,0.50976562,0.09179687,0.3796875,0.26152344,0.34609375,0.13212891,None,Cell membrane
ENSP00000475845,0.55585938,0.40976563,0.44960937,0.03042602,0.67109375,0.2609375,0.05917969,0.0984375,0.14262695,0.06953125,0.20675049,"Membrane, Cell membrane",Cell membrane
ENSP00000469232,0.11289062,0.47148437,0.60703125,0.6828125,0.06081543,0.45664062,0.02718506,0.09833984,0.0786377,0.10800781,0.30349121,"Cytoplasm, Nucleus, Extracellular",Cytoplasm
ENSP00000431039,0.23339844,0.44453125,0.32382813,0.47695312,0.09648437,0.39648438,0.07792969,0.15917969,0.16640625,0.31386719,0.03110962,None,Mitochondrion
ENSP00000430859,0.16621094,0.39570313,0.53203125,0.31455078,0.06987304,0.409375,0.00910645,0.19199219,0.18027344,0.16689453,0.02681885,Nucleus,"Cytoplasm, Nucleus"
ENSP00000429288,0.28007812,0.603125,0.46484375,0.0423584,0.31054688,0.19462891,0.02070923,0.24575196,0.08862305,0.11887207,0.0087223,Cytoplasm,Cytoplasm
ENSP00000427003,0.14365234,0.42734375,0.40351563,0.41875,0.06474609,0.46601562,0.1005127,0.11152344,0.17080078,0.16708984,0.28925781,None,"Cytoplasm, Nucleus"
ENSP00000506015,0.14697266,0.47109375,0.58867187,0.36484375,0.10185547,0.3453125,0.02895508,0.08339843,0.05461426,0.08486328,0.14538574,"Cytoplasm, Nucleus","Cytoplasm, Mitochondrion"
ENSP00000494757,0.15927734,0.46054687,0.63203125,0.13300781,0.15527344,0.33085938,0.01141052,0.14521484,0.16152344,0.07788086,0.08538208,Nucleus,Nucleus
ENSP00000467983,0.13652344,0.24238281,0.41054687,0.6515625,0.04088135,0.47265625,0.09677734,0.35585937,0.19970703,0.20380859,0.14775391,Extracellular,Mitochondrion
ENSP00000456776,0.13886719,0.44765625,0.465625,0.61953125,0.07409668,0.47382813,0.16386719,0.11796875,0.13359375,0.21494141,0.04943848,None,"Cytoplasm, Nucleus"
ENSP00000454184,0.10576172,0.50039062,0.49296875,0.25527344,0.14726562,0.25117187,0.01513672,0.07641601,0.11455078,0.07924805,0.06947021,Cytoplasm,Cytoplasm
ENSP00000417789,0.13046875,0.34414063,0.40507812,0.87734375,0.05802002,0.34013672,0.30566406,0.03546143,0.0098999,0.03127441,0.1357666,Extracellular,Cytoplasm
ENSP00000387792,0.06230469,0.35546875,0.78828125,0.5828125,0.02493286,0.12382812,0.06916504,0.1703125,0.15019531,0.06704102,0.48334961,Nucleus,Cytoplasm
ENSP00000468211,0.15,0.39921875,0.5328125,0.69765625,0.07929688,0.4453125,0.13212891,0.14140625,0.06660156,0.18339844,0.01804352,"Nucleus, Extracellular",Nucleus
ENSP00000460358,0.13232422,0.44335938,0.38632812,0.72578125,0.07451172,0.39570313,0.32441406,0.09230957,0.08061523,0.12373047,0.19169922,Extracellular,Mitochondrion
ENSP00000460265,0.09033203,0.55078125,0.72109375,0.02633057,0.08251953,0.18378906,0.00109081,0.05981445,0.13041992,0.103125,0.00208244,"Cytoplasm, Nucleus",Nucleus
ENSP00000454718,0.16933594,0.4671875,0.52851563,0.5484375,0.08349609,0.47617188,0.10859375,0.15683594,0.16181641,0.28828125,0.01222916,Nucleus,Cytoplasm
ENSP00000434812,0.06762696,0.40507812,0.4875,0.76640625,0.03841553,0.30380859,0.284375,0.06096192,0.02438965,0.08830567,0.16538086,Extracellular,"Cytoplasm, Nucleus, Cell membrane"
ENSP00000433003,0.16484375,0.38984375,0.62070313,0.29433594,0.06259766,0.36601563,0.05577392,0.12548828,0.19296875,0.25605469,0.00366859,Nucleus,"Nucleus, Mitochondrion"
ENSP00000402829,0.19960937,0.44765625,0.48164063,0.36914062,0.115625,0.44960937,0.14521484,0.18574219,0.13691406,0.16386719,0.05263672,None,"Cytoplasm, Nucleus"
ENSP00000397870,0.14960938,0.19804688,0.14355469,0.8296875,0.16953125,0.25703125,0.01330567,0.24960937,0.14785156,0.26640625,0.04980469,Extracellular,Cell membrane
ENSP00000384148,0.51679687,0.22949219,0.1828125,0.59453125,0.20507812,0.37890625,0.32207031,0.48632813,0.23300781,0.23984375,0.08357544,Membrane,Cell membrane
ENSP00000376243,0.33984375,0.22089844,0.2140625,0.5421875,0.24570313,0.30117187,0.1765625,0.56523438,0.27597656,0.40546875,0.24257813,None,Cell membrane
ENSP00000471943,0.16337891,0.3734375,0.46523438,0.765625,0.05493164,0.41484375,0.19609375,0.08427734,0.04625244,0.05881348,0.02789307,Extracellular,Mitochondrion
ENSP00000425172,0.13984375,0.29921875,0.47304688,0.52382813,0.04501953,0.26835938,0.07080078,0.20693359,0.23242187,0.12617187,0.20976563,None,"Cytoplasm, Nucleus"
ENSP00000422786,0.12802734,0.47304688,0.58984375,0.5703125,0.08046875,0.36328125,0.08852539,0.11748047,0.1125,0.31054687,0.01551971,"Cytoplasm, Nucleus",Cell membrane
ENSP00000388563,0.6421875,0.17207031,0.12294922,0.03059082,0.1178711,0.92890625,0.08105469,0.32539062,0.17441406,0.12509766,0.33076172,"Membrane, Mitochondrion",Mitochondrion
ENSP00000361981,0.13378906,0.59375,0.5484375,0.07709961,0.12509766,0.33105469,0.02167969,0.09511719,0.11938477,0.2921875,0.11358642,"Cytoplasm, Nucleus","Cytoplasm, Nucleus"
ENSP00000315936,0.58203125,0.14863281,0.12958984,0.60820312,0.55703125,0.1788086,0.00379486,0.175,0.35039062,0.17871094,0.12878418,"Membrane, Cell membrane",Cell membrane
ENSP00000499362,0.16992187,0.4546875,0.43789063,0.76640625,0.08623047,0.43085938,0.34296875,0.10224609,0.11015625,0.21308594,0.0395813,Extracellular,Cytoplasm
ENSP00000497470,0.48203125,0.16835938,0.18320312,0.54101563,0.27539062,0.21171875,0.00147591,0.35742187,0.3140625,0.46171875,0.02946777,Membrane,Cytoplasm
ENSP00000461183,0.18164063,0.37695313,0.42929688,0.35136719,0.10849609,0.44765625,0.05427246,0.26933594,0.21328125,0.24003906,0.18105469,None,"Mitochondrion, Endoplasmic reticulum"
ENSP00000449615,0.14560547,0.44726563,0.62578125,0.378125,0.11787109,0.478125,0.04145508,0.16196289,0.090625,0.14003906,0.02668304,Nucleus,Cytoplasm
ENSP00000448684,0.09145508,0.41015625,0.69921875,0.05192871,0.0482666,0.15146484,0.01560059,0.07578125,0.07373047,0.09946289,0.08873291,Nucleus,Nucleus
ENSP00000447582,0.21640625,0.10439453,0.11806641,0.06542969,0.07485352,0.953125,0.07709961,0.03991699,0.01904297,0.06147461,0.03569336,Mitochondrion,Mitochondrion
ENSP00000436906,0.15283203,0.53671875,0.47695312,0.12851563,0.23261719,0.39453125,0.02513428,0.04853516,0.04804687,0.02456055,0.15187683,Cytoplasm,Mitochondrion
ENSP00000431052,0.15654297,0.35820313,0.52421875,0.42734375,0.01896973,0.4578125,0.01369629,0.26933594,0.18759766,0.19736328,0.01074982,None,Nucleus
ENSP00000354879,0.11855469,0.43398437,0.50664062,0.56328125,0.11240234,0.40273438,0.03745117,0.12099609,0.14282227,0.23339844,0.25883789,None,Mitochondrion
ENSP00000494699,0.1109375,0.45351563,0.51523437,0.571875,0.06503906,0.3375,0.04050293,0.14091797,0.171875,0.15341797,0.22373047,None,"Cytoplasm, Cell membrane"
ENSP00000468538,0.30078125,0.42773438,0.32871094,0.20576172,0.16484375,0.28339844,0.00268707,0.28789062,0.25195313,0.16279297,0.01196594,None,Nucleus
ENSP00000462954,0.30703125,0.46015625,0.35742188,0.21425781,0.17744141,0.46757813,0.05527344,0.13544922,0.22773437,0.30566406,0.14743652,None,Golgi apparatus
ENSP00000458946,0.11132813,0.50429688,0.52460938,0.57226563,0.11777344,0.43984375,0.04597168,0.12451172,0.09111328,0.27441406,0.05999756,Cytoplasm,"Cytoplasm, Nucleus, Cell membrane"
ENSP00000438955,0.21289062,0.2953125,0.14433594,0.79453125,0.184375,0.45273438,0.0137085,0.16181641,0.11513672,0.21542969,0.01166077,Extracellular,Golgi apparatus
ENSP00000421829,0.20371094,0.6046875,0.36445313,0.09011231,0.19804688,0.32460938,0.00775757,0.12949219,0.10302734,0.18203125,0.10905762,Cytoplasm,Cell membrane
ENSP00000406989,0.10742188,0.36210938,0.33691406,0.675,0.05927734,0.48125,0.22382812,0.28681641,0.07924805,0.13085937,0.06368408,Extracellular,Mitochondrion
ENSP00000389420,0.41484375,0.22148438,0.22675781,0.51289063,0.15742187,0.6515625,0.22060547,0.525,0.37988281,0.4359375,0.3125,Mitochondrion,Cell membrane
ENSP00000330730,0.46289063,0.30195313,0.19023438,0.12849121,0.24316406,0.86953125,0.04431152,0.25761719,0.10454101,0.11770019,0.0116394,"Membrane, Mitochondrion",Mitochondrion
ENSP00000466064,0.18105469,0.5359375,0.54101563,0.3171875,0.12275391,0.40898438,0.0107605,0.15878906,0.08779297,0.1381836,0.06960297,"Cytoplasm, Nucleus",Nucleus
ENSP00000452890,0.3703125,0.3828125,0.35820312,0.02144775,0.13842774,0.30800781,0.00073385,0.25898437,0.11611328,0.35175781,0.03626404,None,Nucleus
ENSP00000450486,0.11992188,0.27421875,0.65234375,0.30219726,0.02932129,0.31699219,0.00602875,0.14501953,0.06437988,0.13505859,0.00935669,Nucleus,Nucleus
ENSP00000430164,0.10366211,0.40117187,0.45546875,0.79453125,0.04909668,0.52070312,0.14316406,0.17431641,0.06479492,0.19794922,0.09770508,Extracellular,Cytoplasm
ENSP00000426926,0.32109375,0.37265625,0.40859375,0.34296875,0.1875,0.44101563,0.04068603,0.19960938,0.26835938,0.2890625,0.10253906,None,"Cytoplasm, Mitochondrion"
ENSP00000425643,0.11640625,0.44140625,0.5890625,0.33242187,0.04472656,0.22675781,0.01976623,0.11660156,0.07583008,0.12792969,0.00519104,Nucleus,Cytoplasm
ENSP00000417908,0.08598633,0.3296875,0.43164063,0.75234375,0.0326416,0.54296875,0.28847657,0.22060547,0.09230957,0.14287109,0.1152832,Extracellular,Nucleus
ENSP00000404968,0.48085937,0.37460937,0.24726563,0.24990234,0.22128907,0.52695313,0.10068359,0.41445312,0.5859375,0.36054688,0.2565918,"Membrane, Lysosome/Vacuole",Nucleus
ENSP00000404861,0.753125,0.15224609,0.07255859,0.12109375,0.67109375,0.1796875,0.0197876,0.359375,0.21953125,0.27285156,0.0102478,"Membrane, Cell membrane",Cell membrane
ENSP00000392323,0.10854492,0.58515625,0.51757812,0.22734375,0.07290039,0.27246094,0.01021729,0.15136719,0.05820312,0.13974609,0.04809265,Cytoplasm,Nucleus
ENSP00000390139,0.08408203,0.39296875,0.565625,0.7578125,0.05039062,0.45351563,0.19267578,0.06396484,0.07167969,0.21699219,0.00743561,"Nucleus, Extracellular",Cytoplasm
ENSP00000386934,0.45195312,0.2234375,0.12705078,0.25263672,0.14248047,0.84453125,0.12382813,0.18251953,0.08535156,0.19799805,0.03384704,Mitochondrion,Mitochondrion
ENSP00000502892,0.14521484,0.31328125,0.43632812,0.62421875,0.03981934,0.41445312,0.07045898,0.2609375,0.09697266,0.11738281,0.325,None,Cytoplasm
ENSP00000492948,0.18808594,0.45117188,0.30664063,0.35917969,0.10175781,0.53007812,0.08076172,0.01973877,0.09492188,0.25439453,0.00281544,None,"Cytoplasm, Cell membrane"
ENSP00000452648,0.15078125,0.51953125,0.46796875,0.28261719,0.04873047,0.43515625,0.01398315,0.22871094,0.13212891,0.12109375,0.05505371,Cytoplasm,Nucleus
ENSP00000401988,0.08461914,0.6453125,0.62109375,0.28818359,0.09824219,0.19150391,0.00097966,0.03111572,0.16308594,0.40273437,0.01119385,"Cytoplasm, Nucleus","Cytoplasm, Cell membrane"
ENSP00000396641,0.184375,0.47773437,0.43476562,0.20019531,0.10332031,0.28105469,0.04863281,0.14628906,0.14716797,0.24394531,0.06342773,Cytoplasm,Nucleus
ENSP00000497449,0.13242188,0.515625,0.43398438,0.61875,0.05610352,0.36679687,0.13554687,0.14091797,0.10761719,0.225,0.13662109,Cytoplasm,Golgi apparatus
ENSP00000493739,0.14824219,0.43554688,0.53046875,0.38007813,0.08007812,0.31835937,0.01176758,0.12353515,0.10429687,0.15683594,0.05523377,Nucleus,"Cytoplasm, Nucleus"
ENSP00000467615,0.04289551,0.49375,0.5796875,0.50195312,0.02015381,0.44570313,0.27617188,0.16425781,0.04521484,0.06000977,0.06315918,"Cytoplasm, Nucleus",Nucleus
ENSP00000462246,0.12412109,0.45976563,0.66640625,0.57734375,0.07929688,0.31171875,0.08977051,0.10449219,0.07089844,0.15332031,0.00629997,Nucleus,Nucleus
ENSP00000457251,0.18574219,0.55546875,0.37578125,0.19648438,0.21757813,0.33554688,0.04476318,0.16591797,0.09472656,0.13613281,0.07016602,Cytoplasm,Cytoplasm
ENSP00000453462,0.14277344,0.49140625,0.596875,0.32910156,0.11132812,0.25,0.04108887,0.10654297,0.12636719,0.21894531,0.20776367,"Cytoplasm, Nucleus",Nucleus
ENSP00000434072,0.28886719,0.09589844,0.12216797,0.04990234,0.11855469,0.96484375,0.12475586,0.02155762,0.0206543,0.05361328,0.01538086,Mitochondrion,Mitochondrion
ENSP00000432253,0.25390625,0.42070312,0.31953125,0.51054687,0.14960937,0.39570313,0.10073242,0.13710937,0.08110351,0.14365234,0.01246338,None,Mitochondrion
ENSP00000493147,0.24121094,0.51484375,0.475,0.54648437,0.12255859,0.43945312,0.05598144,0.12861328,0.12001953,0.17402344,0.00976868,Cytoplasm,"Cytoplasm, Cell membrane"
ENSP00000458340,0.11982422,0.56757812,0.4875,0.07651367,0.06887207,0.21796875,0.01148071,0.05410156,0.12285156,0.1078125,0.51601563,Cytoplasm,Nucleus
ENSP00000427736,0.16679687,0.48476562,0.40664062,0.53203125,0.13652344,0.3921875,0.07587891,0.13105469,0.17490234,0.11884766,0.05893555,Cytoplasm,Cytoplasm
ENSP00000394709,0.10532227,0.44140625,0.47109375,0.02438965,0.11464844,0.315625,0.01782837,0.11479492,0.175,0.08686523,0.17641602,None,Nucleus
ENSP00000386477,0.17265625,0.19335937,0.09863281,0.9,0.1765625,0.17050781,0.02636719,0.23847656,0.21582031,0.24804688,0.01065369,Extracellular,Cell membrane
ENSP00000479464,0.11308594,0.49921875,0.51953125,0.5671875,0.06679687,0.28554687,0.21855469,0.13530273,0.10249023,0.16113281,0.25732422,Cytoplasm,Golgi apparatus
ENSP00000469702,0.11230469,0.39804688,0.40859375,0.71640625,0.04771728,0.375,0.27089844,0.09614258,0.0451416,0.0925293,0.21640625,Extracellular,Nucleus
ENSP00000454923,0.17363281,0.43867187,0.39453125,0.46445313,0.12294922,0.40507812,0.19863281,0.1034668,0.09082031,0.06928711,0.00928955,None,Mitochondrion
ENSP00000452630,0.17949219,0.41328125,0.41992188,0.53867187,0.0918457,0.5296875,0.06323242,0.1555664,0.13056641,0.17021485,0.02502442,None,Nucleus
ENSP00000451127,0.17001953,0.42734375,0.56484375,0.55742187,0.09672852,0.34960938,0.08110352,0.12890625,0.09746094,0.23222656,0.02131195,Nucleus,"Cytoplasm, Nucleus"
ENSP00000435532,0.05974121,0.34335937,0.37558594,0.75859375,0.03361816,0.55117188,0.10275879,0.37363281,0.10705566,0.25761719,0.11345215,Extracellular,"Cytoplasm, Nucleus"
ENSP00000434221,0.03737793,0.253125,0.8765625,0.05175781,0.06582031,0.11689453,0.01051331,0.0404541,0.04816894,0.02645264,0.00566482,Nucleus,Nucleus
ENSP00000425714,0.0956543,0.41523438,0.39101562,0.81328125,0.04916992,0.51328125,0.11015625,0.30019531,0.06834412,0.20292969,0.11970215,Extracellular,"Cytoplasm, Nucleus"
ENSP00000420469,0.14638672,0.546875,0.50585938,0.29628906,0.09667969,0.31875,0.01867676,0.21552734,0.08967285,0.1690918,0.01503906,Cytoplasm,Cytoplasm
ENSP00000417714,0.13427734,0.53789063,0.41445312,0.15517578,0.140625,0.38476562,0.04846802,0.0699707,0.04226074,0.06396484,0.03106689,Cytoplasm,Mitochondrion
ENSP00000375719,0.09765625,0.4203125,0.665625,0.69453125,0.0671875,0.41523438,0.00728912,0.19296875,0.08659668,0.0793457,0.73071289,"Nucleus, Extracellular, Peroxisome","Cytoplasm, Nucleus"
ENSP00000489555,0.02266846,0.15800781,0.86640625,0.26889648,0.0170166,0.02180176,0.08037109,0.02419434,0.02145996,0.02814941,0.00533295,Nucleus,Nucleus
ENSP00000468485,0.20292969,0.36523437,0.36171875,0.63398437,0.0402832,0.18310547,0.43486328,0.17163086,0.10683594,0.17583008,0.00708008,None,"Cytoplasm, Nucleus"
ENSP00000464865,0.14443359,0.47070312,0.47265625,0.57421875,0.12421875,0.60546875,0.02053833,0.15546875,0.15107422,0.31582031,0.19375,Cytoplasm,Nucleus
ENSP00000464429,0.14111328,0.44101563,0.51523438,0.50703125,0.09970703,0.41640625,0.06301269,0.09970703,0.11367187,0.17119141,0.05393677,None,Nucleus
ENSP00000454035,0.15576172,0.51132813,0.46796875,0.40058594,0.15,0.2125,0.05629883,0.07817383,0.10097656,0.25302734,0.0078659,Cytoplasm,Nucleus
ENSP00000429271,0.14121094,0.58125,0.42890625,0.47851563,0.17441406,0.32636719,0.04645996,0.20488281,0.15390625,0.12705078,0.07331543,Cytoplasm,Cytoplasm
ENSP00000417446,0.16132812,0.36796875,0.52421875,0.48242187,0.09716797,0.32890625,0.25214844,0.14287109,0.13789063,0.15253906,0.08579102,None,"Cytoplasm, Nucleus"
ENSP00000413612,0.10634766,0.58828125,0.65625,0.08203125,0.09316406,0.13388672,0.23798828,0.171875,0.05429688,0.04584961,0.0487793,"Cytoplasm, Nucleus",Cytoplasm
ENSP00000388905,0.121875,0.42929688,0.4671875,0.42773437,0.05961914,0.2875,0.04790039,0.203125,0.15517578,0.22246094,0.01243896,None,Nucleus
ENSP00000379376,0.18574219,0.47109375,0.37304687,0.23476563,0.06982422,0.40664062,0.01225281,0.20556641,0.14169922,0.1055664,0.10800781,Cytoplasm,Nucleus
ENSP00000507709,0.27363281,0.40117188,0.47734375,0.30742188,0.10961914,0.52578125,0.08996582,0.30351562,0.2484375,0.44648438,0.02684326,None,Endoplasmic reticulum
ENSP00000498726,0.12607422,0.365625,0.53085938,0.57851563,0.06083984,0.35546875,0.06804199,0.08105469,0.08505859,0.09682617,0.09213867,Nucleus,Nucleus
ENSP00000498247,0.13818359,0.475,0.54804687,0.54375,0.10371094,0.52421875,0.02617187,0.12919922,0.10148926,0.10957031,0.05674744,"Cytoplasm, Nucleus","Cytoplasm, Nucleus"
ENSP00000456297,0.18769531,0.16132813,0.10498047,0.90546875,0.17792969,0.24121094,0.02218017,0.23457031,0.25058594,0.26074219,0.02624512,Extracellular,Cell membrane
ENSP00000455781,0.24179687,0.40117188,0.48789062,0.56796875,0.10205078,0.51054687,0.05385742,0.18398438,0.15361328,0.19453125,0.06304321,None,Cell membrane
ENSP00000442380,0.15097656,0.3296875,0.45273437,0.28789062,0.06889648,0.49414063,0.15917969,0.12661133,0.12041016,0.13662109,0.11767578,None,Mitochondrion
ENSP00000430106,0.2765625,0.49492188,0.50117188,0.03918457,0.11550293,0.5671875,0.01259766,0.23261719,0.21308594,0.12768555,0.00383606,Cytoplasm,Nucleus
ENSP00000429437,0.165625,0.49492187,0.40234375,0.48671875,0.06865234,0.32773438,0.03120117,0.14355469,0.09169922,0.24667969,0.01636963,Cytoplasm,"Cytoplasm, Cell membrane"
ENSP00000418100,0.19355469,0.45039062,0.6203125,0.07324219,0.09560547,0.20253906,0.0067276,0.10039062,0.20488281,0.26757812,0.09436035,Nucleus,Nucleus
ENSP00000408607,0.10390625,0.515625,0.5703125,0.17441406,0.10859375,0.26269531,0.0394043,0.05771484,0.01586914,0.16499024,0.00799103,"Cytoplasm, Nucleus",Nucleus
ENSP00000404233,0.13125,0.4421875,0.5546875,0.50585938,0.07861328,0.36796875,0.05317383,0.08779297,0.08666992,0.14648437,0.0699707,Nucleus,Nucleus
ENSP00000398314,0.11884766,0.48789063,0.57421875,0.56953125,0.07114258,0.5515625,0.12568359,0.09414062,0.08095703,0.23847656,0.00660591,"Cytoplasm, Nucleus",Nucleus
ENSP00000507486,0.36152344,0.16669922,0.29863281,0.09743652,0.08271485,0.8,0.01490174,0.19414062,0.04726562,0.09907227,0.02369995,Mitochondrion,Mitochondrion
ENSP00000491361,0.14550781,0.34609375,0.428125,0.65351562,0.02362061,0.5203125,0.01846313,0.20048828,0.12421875,0.14545898,0.01897888,Extracellular,"Nucleus, Golgi apparatus"
ENSP00000490465,0.09003906,0.5015625,0.571875,0.09692383,0.03937988,0.3015625,0.0117157,0.19460449,0.19101563,0.25234375,0.06973724,"Cytoplasm, Nucleus",Mitochondrion
ENSP00000485945,0.06845703,0.29628906,0.56445312,0.821875,0.01945801,0.30390625,0.03787842,0.09243164,0.09387207,0.14316406,0.11886749,"Nucleus, Extracellular",Nucleus
ENSP00000457404,0.21230469,0.41484375,0.46640625,0.48359375,0.09492187,0.303125,0.07561035,0.17539062,0.21367188,0.16171875,0.0713501,None,Cell membrane
ENSP00000456087,0.12841797,0.50273438,0.51289062,0.12529297,0.08574219,0.55429688,0.05625,0.12006836,0.09074707,0.11513672,0.06624756,Cytoplasm,Nucleus
ENSP00000443642,0.07041016,0.49960938,0.69609375,0.11923828,0.08544922,0.17070313,0.01254883,0.0746582,0.07290039,0.08359375,0.06802979,"Cytoplasm, Nucleus",Nucleus
ENSP00000435967,0.22636719,0.49023437,0.3328125,0.6015625,0.13886719,0.41796875,0.06257324,0.12421875,0.09619141,0.13837891,0.03468628,Cytoplasm,Mitochondrion
ENSP00000435145,0.20117187,0.38945313,0.44726562,0.56328125,0.08334961,0.40898438,0.02106933,0.20761719,0.19541016,0.16845703,0.17502441,None,Cell membrane
ENSP00000420538,0.21679688,0.14414063,0.17988281,0.05209961,0.07944336,0.93359375,0.26425781,0.06062012,0.0368164,0.07431641,0.14116211,Mitochondrion,Mitochondrion
ENSP00000377950,0.20800781,0.51835937,0.38125,0.24433594,0.12666016,0.22480469,0.02600098,0.21162109,0.10810547,0.13916016,0.07382812,Cytoplasm,Cell membrane
ENSP00000243040,0.13417969,0.62265625,0.39414063,0.10117188,0.09970703,0.25410156,0.01348877,0.07822266,0.13549805,0.07507324,0.00578003,Cytoplasm,Cytoplasm
ENSP00000502792,0.16455078,0.3375,0.56601563,0.846875,0.03503418,0.35371094,0.04960937,0.14277344,0.05715332,0.10830078,0.0118103,"Nucleus, Extracellular","Cytoplasm, Nucleus, Cell membrane"
ENSP00000451085,0.27421875,0.34960938,0.37851563,0.37597656,0.30761719,0.33632812,0.01068878,0.13935547,0.30390625,0.37792969,0.00921326,None,"Cytoplasm, Nucleus, Cell membrane"
ENSP00000435374,0.11079102,0.4984375,0.49921875,0.63242188,0.0793457,0.43984375,0.09946289,0.08056641,0.13544922,0.171875,0.02618103,Cytoplasm,Mitochondrion
ENSP00000429629,0.12783203,0.35507812,0.65390625,0.28847656,0.05629883,0.49921875,0.04008789,0.08837891,0.03121338,0.05024414,0.22954102,Nucleus,Nucleus
ENSP00000401344,0.06230469,0.390625,0.83984375,0.15341797,0.06123047,0.11914063,0.00257873,0.05668945,0.04350586,0.05844727,0.0158844,Nucleus,Nucleus
ENSP00000490955,0.17949219,0.47421875,0.5078125,0.52851563,0.10107422,0.47148437,0.04086914,0.13105469,0.11591797,0.20273437,0.02247925,Cytoplasm,Cytoplasm
ENSP00000474497,0.2046875,0.45117187,0.50859375,0.3671875,0.12421875,0.42226562,0.08193359,0.19052734,0.2203125,0.24023438,0.07770996,None,Nucleus
ENSP00000454419,0.07900391,0.4609375,0.696875,0.10927734,0.07158203,0.28066406,0.01044312,0.0446289,0.08144531,0.06640625,0.06913452,Nucleus,Cell membrane
ENSP00000414865,0.17714844,0.4515625,0.45820312,0.47890625,0.08642578,0.44570313,0.15024414,0.10927734,0.08359375,0.12148437,0.07185059,None,Cytoplasm
ENSP00000399816,0.08857422,0.371875,0.659375,0.425,0.04992676,0.45039062,0.09807129,0.14726563,0.20351563,0.24794922,0.02342529,Nucleus,Cell membrane
ENSP00000376971,0.17265625,0.5203125,0.5859375,0.63046875,0.08867187,0.31992187,0.01401978,0.1796875,0.07900391,0.17045898,0.12976341,"Cytoplasm, Nucleus",Nucleus
ENSP00000361978,0.13349609,0.48125,0.54179688,0.38710937,0.07597656,0.29335938,0.10893555,0.11396485,0.1415039,0.12490234,0.10410156,"Cytoplasm, Nucleus","Cytoplasm, Nucleus"
ENSP00000501354,0.23398437,0.43515625,0.45429688,0.48046875,0.08989258,0.48828125,0.03664551,0.22070313,0.14882813,0.24003906,0.09555664,None,"Cytoplasm, Nucleus"
ENSP00000466525,0.08491211,0.30253906,0.33242188,0.65,0.0342041,0.54765625,0.20097656,0.20180664,0.08227539,0.07526855,0.04963379,Extracellular,Cytoplasm
ENSP00000451953,0.09360352,0.60664062,0.30039062,0.44589844,0.07314453,0.37148438,0.1409668,0.09814453,0.08757324,0.0635498,0.04477539,Cytoplasm,Cytoplasm
ENSP00000439003,0.13330078,0.43007813,0.53203125,0.47421875,0.07202148,0.40195312,0.1159668,0.1602539,0.10024414,0.17529297,0.07617187,Nucleus,Cytoplasm
ENSP00000430847,0.1875,0.36953125,0.48085938,0.41289062,0.09511719,0.459375,0.13388672,0.14296875,0.11835937,0.18867188,0.09335938,None,Mitochondrion
ENSP00000413898,0.09521484,0.45,0.58984375,0.48476562,0.05966797,0.24453125,0.10351563,0.10019531,0.10478515,0.13730469,0.0644043,Nucleus,Nucleus
ENSP00000408797,0.10029297,0.40214844,0.6046875,0.56308594,0.06757813,0.41582031,0.02868652,0.03641357,0.0625,0.14711914,0.0020607,Nucleus,Cytoplasm
ENSP00000401510,0.2015625,0.52539062,0.35195313,0.17851563,0.16054688,0.19150391,0.01633911,0.25078125,0.05981445,0.13925781,0.02579346,Cytoplasm,Cell membrane
ENSP00000263255,0.753125,0.10981445,0.07089844,0.01915283,0.25351563,0.94765625,0.30957031,0.25869141,0.18535156,0.16147461,0.47158203,"Membrane, Mitochondrion",Peroxisome
ENSP00000501787,0.17363282,0.39375,0.5203125,0.36054687,0.08881836,0.5015625,0.0510498,0.19609375,0.14521484,0.23847656,0.1315918,None,Nucleus
ENSP00000459305,0.17441406,0.47578125,0.39023438,0.55625,0.10195312,0.22519531,0.0625,0.11611328,0.14199219,0.14785156,0.04813232,Cytoplasm,Endoplasmic reticulum
ENSP00000452748,0.15,0.48984375,0.4765625,0.36289063,0.03457031,0.3703125,0.06414795,0.21650391,0.06818847,0.07558594,0.03968506,Cytoplasm,Mitochondrion
ENSP00000452121,0.19189453,0.34257812,0.53554687,0.41914063,0.08564453,0.54335937,0.05544433,0.13251953,0.17978516,0.26679687,0.06464844,Nucleus,Cytoplasm
ENSP00000433930,0.15839844,0.478125,0.42734375,0.53710938,0.10375977,0.36835938,0.12226562,0.12041015,0.21679687,0.20234375,0.13789062,Cytoplasm,"Cytoplasm, Nucleus"
ENSP00000425028,0.10141602,0.49101562,0.43789063,0.66132812,0.07075195,0.32148437,0.10722656,0.11376953,0.07072754,0.14638672,0.25722656,"Cytoplasm, Extracellular",Nucleus
ENSP00000417527,0.12714844,0.53554687,0.46875,0.31796875,0.06503906,0.309375,0.02002564,0.18964844,0.1081543,0.12949219,0.02666016,Cytoplasm,Golgi apparatus
ENSP00000412744,0.15117187,0.40625,0.5359375,0.321875,0.0871582,0.35234375,0.02545166,0.22792969,0.12900391,0.16894531,0.16367188,Nucleus,Nucleus
ENSP00000463481,0.15625,0.371875,0.48554687,0.6453125,0.04936523,0.375,0.08383789,0.16494141,0.14921875,0.17539063,0.04987793,None,Mitochondrion
ENSP00000453486,0.10283203,0.54296875,0.78125,0.04165039,0.10429688,0.20527344,0.01908875,0.05488281,0.09956055,0.10610352,0.03618164,"Cytoplasm, Nucleus",Nucleus
ENSP00000447739,0.14960937,0.46835938,0.52109375,0.41835937,0.08730469,0.5328125,0.08598633,0.07553711,0.14140625,0.17587891,0.03486328,None,Nucleus
ENSP00000425452,0.1640625,0.45390625,0.57382813,0.59375,0.10625,0.38359375,0.10117188,0.08115235,0.08427734,0.22539062,0.01396637,Nucleus,Mitochondrion
ENSP00000413636,0.11669922,0.42421875,0.56171875,0.44960938,0.07929688,0.23554688,0.17089844,0.11806641,0.1709961,0.17568359,0.06542968,Nucleus,Nucleus
ENSP00000499306,0.13847657,0.384375,0.50820312,0.44765625,0.06225586,0.42851563,0.25498047,0.12148437,0.13359375,0.18808594,0.01379394,None,Nucleus
ENSP00000469593,0.13447266,0.5359375,0.39882813,0.33867188,0.13896485,0.24375,0.02709961,0.15107422,0.07836914,0.07768555,0.02056122,Cytoplasm,Endoplasmic reticulum
ENSP00000463843,0.16230469,0.50585937,0.48671875,0.58125,0.07631836,0.41367187,0.06674805,0.14042969,0.10117187,0.23320313,0.01500244,Cytoplasm,"Cytoplasm, Nucleus"
ENSP00000463823,0.05771484,0.334375,0.39335938,0.78359375,0.03249512,0.48359375,0.15717774,0.1753418,0.07150879,0.13747559,0.04937744,Extracellular,"Cytoplasm, Nucleus"
ENSP00000423844,0.17226563,0.42460938,0.46640625,0.58164062,0.10605469,0.37890625,0.10834961,0.14755859,0.17958984,0.16201172,0.08925781,None,Cell membrane
ENSP00000411573,0.12910156,0.22714844,0.55625,0.66640625,0.02111816,0.28027344,0.01340332,0.33300781,0.17558594,0.09321289,0.21955566,"Nucleus, Extracellular",Nucleus
ENSP00000394401,0.21972656,0.31074219,0.46992187,0.12783203,0.12597656,0.52109375,0.11484375,0.1984375,0.04677734,0.0397583,0.00383454,None,Nucleus
ENSP00000503895,0.14560547,0.4484375,0.50078125,0.48867187,0.06513672,0.31679688,0.06567383,0.11621094,0.121875,0.14853516,0.04011231,None,"Cytoplasm, Nucleus"
ENSP00000501638,0.171875,0.2765625,0.290625,0.56445312,0.03122558,0.321875,0.13300781,0.14541015,0.11032715,0.17011719,0.02467194,None,Cytoplasm
ENSP00000498870,0.215625,0.61640625,0.26660156,0.2078125,0.14199219,0.41210937,0.01397705,0.13955078,0.08061523,0.22333984,0.00462856,Cytoplasm,Cytoplasm
ENSP00000472504,0.12861328,0.48984375,0.65,0.30214844,0.06391602,0.32265625,0.01556396,0.11879883,0.11210938,0.11503906,0.13711701,"Cytoplasm, Nucleus",Endoplasmic reticulum
ENSP00000435644,0.23183594,0.51132812,0.36308594,0.56523438,0.05126953,0.2765625,0.00388794,0.15703125,0.41582031,0.27998047,0.01898193,Cytoplasm,"Cytoplasm, Nucleus, Cell membrane"
ENSP00000412823,0.13037109,0.4796875,0.503125,0.52617187,0.0486084,0.38476563,0.06325684,0.13066406,0.09033203,0.13417969,0.03747558,Cytoplasm,Cytoplasm
ENSP00000412769,0.09648437,0.54335938,0.5828125,0.27109375,0.05820313,0.15703125,0.0180603,0.09326172,0.09169922,0.16240234,0.04674378,"Cytoplasm, Nucleus","Cytoplasm, Nucleus"
ENSP00000397589,0.22578125,0.3953125,0.43164062,0.09106445,0.05947266,0.50546875,0.02602539,0.30371094,0.16425781,0.30058594,0.01218262,None,Cytoplasm
ENSP00000389322,0.12949219,0.39179688,0.690625,0.49648437,0.08847656,0.38085938,0.03842773,0.07480469,0.05842285,0.17792969,0.01099014,Nucleus,Cytoplasm
ENSP00000493561,0.12128906,0.41445313,0.65625,0.521875,0.07119141,0.22265625,0.04108887,0.08935547,0.08291015,0.14804687,0.01938477,Nucleus,Nucleus
ENSP00000450676,0.12021484,0.41953125,0.5109375,0.60898437,0.0769043,0.47890625,0.07304688,0.1053711,0.08833008,0.07460937,0.34836426,None,Cytoplasm
ENSP00000449513,0.08071289,0.49882812,0.51953125,0.475,0.03981934,0.29453125,0.19394531,0.09990234,0.07211914,0.14262695,0.08930664,Cytoplasm,Nucleus
ENSP00000425147,0.38085937,0.33203125,0.26074219,0.30585938,0.171875,0.478125,0.07197265,0.36132813,0.353125,0.42421875,0.09453125,None,Nucleus
ENSP00000410149,0.11601563,0.42265625,0.6,0.49140625,0.12148437,0.4,0.00590515,0.14003906,0.10893555,0.22773437,0.20683594,Nucleus,Cytoplasm
ENSP00000407378,0.16816406,0.45546875,0.54335938,0.53632812,0.0925293,0.33398437,0.07348633,0.13945313,0.11914063,0.19423828,0.02381287,Nucleus,Cytoplasm
ENSP00000467134,0.06118164,0.26601562,0.37617188,0.75625,0.03269043,0.39550781,0.4046875,0.1043457,0.03120117,0.06053467,0.0390625,Extracellular,Nucleus
ENSP00000466874,0.10556641,0.52226562,0.49882812,0.15085449,0.07661133,0.21669922,0.06273804,0.06428223,0.19746094,0.06088867,0.00165405,Cytoplasm,Nucleus
ENSP00000462170,0.13789062,0.34023438,0.45664062,0.41640625,0.06889648,0.3671875,0.06525879,0.19931641,0.13496094,0.19423828,0.04630127,None,Nucleus
ENSP00000431085,0.43398437,0.52109375,0.3296875,0.15473633,0.57578125,0.39023438,0.0515625,0.21953125,0.11445312,0.1546875,0.07026978,"Cytoplasm, Cell membrane","Cytoplasm, Cell membrane"
ENSP00000419183,0.13076172,0.5109375,0.38125,0.27519531,0.11621094,0.29335938,0.08100586,0.16689453,0.14960938,0.2296875,0.00847626,Cytoplasm,Nucleus
ENSP00000506523,0.24511719,0.44726562,0.45742188,0.5421875,0.13974609,0.34121094,0.08791504,0.14794922,0.16591797,0.20234375,0.01610031,None,"Cytoplasm, Nucleus"
ENSP00000504510,0.21796875,0.4859375,0.39023438,0.31699219,0.12890625,0.45507812,0.0359375,0.16699219,0.05952148,0.21953125,0.04830322,Cytoplasm,Nucleus
ENSP00000498371,0.11835938,0.5734375,0.31601562,0.19770508,0.12158203,0.43828125,0.04091797,0.0546875,0.11000977,0.13239746,0.01343994,Cytoplasm,Nucleus
ENSP00000485723,0.16845703,0.39960938,0.409375,0.57578125,0.05888672,0.34414063,0.15449219,0.21152344,0.06708984,0.11689453,0.20791016,None,Cell membrane
ENSP00000472858,0.17519532,0.40117188,0.43554687,0.61484375,0.09921875,0.47226562,0.06638184,0.15996094,0.18583985,0.13066406,0.20102539,None,Nucleus
ENSP00000462379,0.12539062,0.40976562,0.52109375,0.634375,0.05009766,0.4171875,0.10087891,0.07363281,0.09980469,0.18876953,0.09696045,None,Nucleus
ENSP00000429541,0.22480469,0.2625,0.32617188,0.64335938,0.03066406,0.49160156,0.02231445,0.19902344,0.29560547,0.36132813,0.0202301,None,Nucleus
ENSP00000422056,0.17910156,0.42773437,0.4875,0.6078125,0.08393554,0.30625,0.04916992,0.09238281,0.10888672,0.19863281,0.08066406,None,Cytoplasm
ENSP00000416618,0.17402344,0.37617188,0.47226563,0.41367188,0.08886719,0.42265625,0.13525391,0.15673828,0.18925781,0.17128907,0.06147461,None,Peroxisome
ENSP00000397228,0.17197266,0.4375,0.4875,0.2859375,0.21054688,0.37636719,0.02507324,0.10244141,0.1578125,0.06831055,0.01590881,None,Cytoplasm
ENSP00000390470,0.08427734,0.40429688,0.67890625,0.12563477,0.06713867,0.25625,0.01888428,0.0878418,0.1350586,0.19140625,0.03521728,Nucleus,"Cytoplasm, Nucleus"
ENSP00000498338,0.07456055,0.28554688,0.78125,0.43242187,0.15205078,0.21230469,0.03084717,0.04858399,0.01287842,0.04710693,0.02419434,Nucleus,Nucleus
ENSP00000455684,0.19560547,0.3953125,0.3390625,0.62929687,0.10214844,0.3671875,0.23574219,0.17685547,0.23769531,0.2078125,0.20205078,None,Cytoplasm
ENSP00000448987,0.13525391,0.49414062,0.6140625,0.20419922,0.09384765,0.24648437,0.01013794,0.08452148,0.1546875,0.15244141,0.06438141,"Cytoplasm, Nucleus",Nucleus
ENSP00000448846,0.21699219,0.39101563,0.54101563,0.4109375,0.07773438,0.51171875,0.06469726,0.14541016,0.16054688,0.14550781,0.03452148,Nucleus,Mitochondrion
ENSP00000433504,0.21103516,0.44726563,0.5390625,0.39375,0.14326172,0.44726562,0.03034668,0.17080078,0.10815429,0.19580078,0.02919617,Nucleus,Cytoplasm
ENSP00000424059,0.2078125,0.59414062,0.27714844,0.20566406,0.25527344,0.34765625,0.02166443,0.10732422,0.10341797,0.128125,0.00475159,Cytoplasm,Nucleus
ENSP00000418507,0.084375,0.57109375,0.53242187,0.54023438,0.07324219,0.34296875,0.1090332,0.11132812,0.11967774,0.16894531,0.04347534,"Cytoplasm, Nucleus",Nucleus
ENSP00000504330,0.1515625,0.4796875,0.4875,0.59921875,0.10625,0.31289062,0.11171875,0.06333008,0.08984375,0.14267578,0.03863525,Cytoplasm,"Cytoplasm, Nucleus"
ENSP00000453067,0.14052734,0.2640625,0.52304687,0.48242187,0.05307617,0.34257813,0.24970703,0.19931641,0.1859375,0.12626953,0.08168945,None,"Cytoplasm, Endoplasmic reticulum"
ENSP00000420535,0.58359375,0.18554687,0.234375,0.28183594,0.11777344,0.40664063,0.03844604,0.5703125,0.21083984,0.38554688,0.01278076,Membrane,Golgi apparatus
ENSP00000508281,0.16855469,0.39921875,0.45546875,0.46992188,0.07548828,0.4125,0.06147461,0.19589844,0.19199219,0.21601563,0.03155518,None,Cytoplasm
ENSP00000498123,0.18867188,0.40117188,0.47851562,0.4421875,0.0921875,0.625,0.13212891,0.15410156,0.25625,0.28847656,0.01282959,None,Endoplasmic reticulum
ENSP00000483687,0.13759766,0.30507812,0.46914063,0.49179688,0.05681152,0.43945313,0.03271484,0.27304687,0.17714844,0.20703125,0.12910156,None,Nucleus
ENSP00000460001,0.11660156,0.421875,0.48476563,0.3765625,0.07709961,0.46367188,0.1534668,0.16728516,0.04924316,0.10390625,0.00369187,None,"Cytoplasm, Nucleus"
ENSP00000440988,0.12470703,0.38164063,0.62148437,0.0450531,0.21767578,0.21972656,0.00505371,0.10593262,0.01259765,0.02226563,0.00101967,Nucleus,Nucleus
ENSP00000393690,0.17910156,0.3890625,0.51914062,0.40527344,0.09570312,0.48203125,0.08164062,0.15361328,0.20800781,0.25917969,0.06035156,None,Cytoplasm
ENSP00000464501,0.12490234,0.45546875,0.63828125,0.4546875,0.07797852,0.34140625,0.02580566,0.11933594,0.08752441,0.09580078,0.07737427,Nucleus,Nucleus
ENSP00000463107,0.08994141,0.415625,0.58398438,0.38964844,0.03337402,0.35859375,0.07114258,0.16220703,0.06159668,0.17724609,0.01281433,Nucleus,"Cytoplasm, Cell membrane"
ENSP00000462500,0.13828125,0.45507813,0.41445312,0.41484375,0.07944336,0.32148438,0.12128906,0.16835937,0.20683594,0.19042969,0.04099121,None,"Mitochondrion, Endoplasmic reticulum"
ENSP00000456341,0.17167969,0.41523437,0.54023438,0.3921875,0.09389648,0.50507812,0.04257812,0.15351563,0.22890625,0.23359375,0.06270142,Nucleus,Cell membrane
ENSP00000451809,0.12075195,0.45898437,0.571875,0.55390625,0.09404297,0.24863281,0.12050781,0.09829102,0.07807617,0.16240234,0.01062164,Nucleus,Mitochondrion
ENSP00000430614,0.11923828,0.49765625,0.5734375,0.55234375,0.07236328,0.24746094,0.07243652,0.0477539,0.08862305,0.07192383,0.06291504,"Cytoplasm, Nucleus",Golgi apparatus
ENSP00000390830,0.53007813,0.24199219,0.23222656,0.20957031,0.16523437,0.58125,0.07421875,0.640625,0.29492188,0.4171875,0.13632813,"Membrane, Endoplasmic reticulum",Nucleus
ENSP00000499303,0.16748047,0.44648437,0.51328125,0.38632813,0.07822266,0.41914062,0.03952637,0.10888672,0.13417969,0.13964844,0.02723999,None,Nucleus
ENSP00000473541,0.17441406,0.38320313,0.47617187,0.62890625,0.09746094,0.51601563,0.15849609,0.14970703,0.09882812,0.19980469,0.01351624,None,"Cytoplasm, Nucleus"
ENSP00000424124,0.16464844,0.45429687,0.54179687,0.41875,0.07441406,0.44335937,0.02077637,0.14033203,0.10097656,0.17001953,0.07480469,Nucleus,Nucleus
ENSP00000413962,0.24179687,0.39960937,0.31152344,0.40605469,0.09804688,0.4328125,0.02790222,0.26894532,0.1206543,0.21835938,0.03292236,None,Cytoplasm
ENSP00000397787,0.20625,0.44921875,0.465625,0.46367187,0.07954102,0.51992187,0.09370117,0.19794922,0.1022461,0.17558594,0.02712402,None,Nucleus
ENSP00000494068,0.13710938,0.39648437,0.6203125,0.54296875,0.08310547,0.46132812,0.08774414,0.09472656,0.12275391,0.22832031,0.00265884,Nucleus,Endoplasmic reticulum
ENSP00000475294,0.13955078,0.39765625,0.6359375,0.31894531,0.08994141,0.39414062,0.07504883,0.11201172,0.12871094,0.25214844,0.03240967,Nucleus,Cytoplasm
ENSP00000393507,0.18857422,0.4984375,0.49609375,0.209375,0.08779297,0.37578125,0.13603516,0.06398926,0.17001953,0.13261719,0.00376644,Cytoplasm,Cytoplasm
ENSP00000243893,0.13476562,0.45039062,0.4890625,0.44257812,0.08056641,0.33125,0.0784668,0.121875,0.10839844,0.15947266,0.06080933,None,"Cytoplasm, Cell membrane"
ENSP00000467641,0.1234375,0.36796875,0.509375,0.38613281,0.06191406,0.42460938,0.10688477,0.11616211,0.11425781,0.15498047,0.05153809,None,Cell membrane
ENSP00000449571,0.16210937,0.41054687,0.41875,0.48046875,0.09511719,0.475,0.05866699,0.16113281,0.17646484,0.12666015,0.03573609,None,Mitochondrion
ENSP00000448045,0.10810547,0.503125,0.46757813,0.7875,0.06384277,0.26210938,0.0512207,0.07456054,0.03624268,0.16420898,0.08151855,"Cytoplasm, Extracellular",Cytoplasm
ENSP00000421174,0.14375,0.36757812,0.37148437,0.88125,0.08505859,0.48242187,0.05981445,0.10102539,0.07333984,0.20585938,0.04404297,Extracellular,Cell membrane
ENSP00000410044,0.17539062,0.44765625,0.5078125,0.33691406,0.07758789,0.55585938,0.05556641,0.21142578,0.22246094,0.26425781,0.0321167,None,Nucleus
ENSP00000407096,0.18828125,0.42421875,0.46210938,0.26621094,0.04707031,0.4515625,0.19667969,0.34355469,0.17402344,0.17285156,0.1902832,None,Peroxisome
ENSP00000495519,0.18847656,0.50078125,0.5671875,0.36210938,0.07563476,0.39492188,0.11425781,0.18388672,0.14189453,0.15234375,0.03798523,"Cytoplasm, Nucleus",Nucleus
ENSP00000465164,0.06347656,0.4515625,0.43945312,0.46640625,0.0592041,0.08342285,0.01226807,0.04470215,0.06894531,0.04442139,0.00305824,None,"Cytoplasm, Nucleus"
ENSP00000428255,0.13984375,0.53476562,0.446875,0.19101563,0.09912109,0.27636719,0.03077392,0.12099609,0.07299805,0.13330078,0.00702972,Cytoplasm,Cytoplasm
ENSP00000423072,0.26542969,0.49335937,0.29824219,0.22832031,0.24199219,0.38398438,0.08564453,0.21191406,0.16240234,0.28554687,0.05031738,Cytoplasm,"Cytoplasm, Mitochondrion"
ENSP00000506493,0.14628906,0.34921875,0.49726562,0.45195312,0.04716797,0.27460937,0.04672852,0.13193359,0.18466797,0.13398438,0.08128052,None,"Cytoplasm, Cell membrane"
ENSP00000504071,0.20273438,0.40039062,0.41796875,0.3234375,0.07988281,0.68671875,0.03803711,0.22050781,0.1609375,0.27421875,0.043396,Mitochondrion,Mitochondrion
ENSP00000501857,0.12792969,0.42539062,0.56953125,0.48867188,0.07509766,0.4828125,0.05234375,0.13486328,0.09404297,0.15712891,0.13623047,Nucleus,Nucleus
ENSP00000492676,0.16796875,0.3921875,0.54335937,0.57695313,0.09277344,0.40117188,0.07426758,0.10615234,0.11005859,0.15,0.03908691,Nucleus,"Cytoplasm, Nucleus"
ENSP00000466919,0.20644531,0.45585938,0.55546875,0.44179687,0.10410156,0.4828125,0.1046875,0.14814453,0.1175293,0.18710938,0.00983734,Nucleus,Cytoplasm
ENSP00000456655,0.175,0.5375,0.57539062,0.165625,0.08354492,0.5265625,0.06525879,0.1578125,0.06645508,0.17792969,0.08486328,"Cytoplasm, Nucleus",Nucleus
ENSP00000452300,0.08759766,0.5546875,0.50078125,0.10068359,0.06367188,0.2953125,0.03054199,0.15214844,0.06645508,0.21816406,0.01340027,Cytoplasm,Cell membrane
ENSP00000450780,0.12460937,0.534375,0.43515625,0.22128906,0.05620117,0.09824219,0.05407715,0.09848633,0.05258789,0.16767578,0.00350418,Cytoplasm,Nucleus
ENSP00000418252,0.21386719,0.43242188,0.45664062,0.50742187,0.06708984,0.40273438,0.06994629,0.14169922,0.12070313,0.1875,0.02148132,None,"Cytoplasm, Cell membrane"
ENSP00000467710,0.14482422,0.46679688,0.47304688,0.28222656,0.13144531,0.45,0.01517945,0.11723633,0.15927735,0.16162109,0.00874786,None,"Cytoplasm, Cell membrane"
ENSP00000453480,0.234375,0.38046875,0.31367188,0.62773437,0.11806641,0.50195312,0.12082519,0.1298584,0.08554688,0.29199219,0.00482025,None,Mitochondrion
ENSP00000452500,0.17128906,0.4796875,0.4578125,0.48007812,0.07216797,0.42421875,0.05444336,0.11757812,0.15019531,0.20429688,0.05598144,Cytoplasm,Nucleus
ENSP00000435220,0.18066406,0.4765625,0.5859375,0.44492188,0.11777344,0.28378906,0.05075684,0.07700195,0.09648438,0.14091797,0.00636292,"Cytoplasm, Nucleus",Cytoplasm
ENSP00000392049,0.1328125,0.3984375,0.51171875,0.6140625,0.06308593,0.3625,0.09882813,0.15063477,0.17167969,0.1859375,0.01746826,None,Cytoplasm
ENSP00000387481,0.17558594,0.37265625,0.4546875,0.4484375,0.07431641,0.47539062,0.1265625,0.11333008,0.08398437,0.18125,0.04620972,None,Nucleus
ENSP00000476460,0.15556641,0.5109375,0.42851562,0.54453125,0.05507812,0.35976562,0.05045166,0.11621094,0.10795898,0.12148438,0.03757324,Cytoplasm,Cell membrane
ENSP00000452200,0.11738281,0.36464844,0.36992187,0.93203125,0.05257568,0.20439453,0.11696777,0.03933716,0.01679993,0.07478027,0.05793762,Extracellular,Nucleus
ENSP00000428531,0.18037109,0.48515625,0.54765625,0.36503906,0.07387695,0.48789063,0.04829102,0.15083008,0.11877441,0.12734375,0.02734985,"Cytoplasm, Nucleus",Cytoplasm
ENSP00000408802,0.20585937,0.41445313,0.55820313,0.30371094,0.12832031,0.53828125,0.05310059,0.18632813,0.10361328,0.18486328,0.05604248,Nucleus,Cytoplasm
ENSP00000469760,0.10722656,0.41367187,0.54570312,0.35078125,0.05341797,0.3578125,0.19580078,0.18554687,0.14511719,0.16347656,0.08354492,Nucleus,"Cytoplasm, Nucleus"
ENSP00000466684,0.18515625,0.44335937,0.45859375,0.43320313,0.09277344,0.465625,0.10854492,0.21757812,0.10522461,0.21328125,0.12993164,None,Cytoplasm
ENSP00000464530,0.12392578,0.51484375,0.47929687,0.64453125,0.08876953,0.54023438,0.02468262,0.0725586,0.15332031,0.14389649,0.06764679,Cytoplasm,"Cytoplasm, Nucleus"
ENSP00000430805,0.20097656,0.36210938,0.50976562,0.19824219,0.08720703,0.43125,0.07875977,0.19042969,0.18027344,0.17509766,0.09418945,None,"Cytoplasm, Nucleus"
ENSP00000504163,0.2125,0.46601562,0.4296875,0.5828125,0.09140625,0.4421875,0.07963867,0.1359375,0.10419922,0.19267578,0.01918869,None,"Cytoplasm, Nucleus"
ENSP00000502465,0.12998047,0.41757812,0.540625,0.54023438,0.08139648,0.47929688,0.09868164,0.09453125,0.08828125,0.13222656,0.17294922,Nucleus,Nucleus
ENSP00000484996,0.13046875,0.46992188,0.43320313,0.61328125,0.05766602,0.38867188,0.07609863,0.12900391,0.11420898,0.18291016,0.03928222,Cytoplasm,Nucleus
ENSP00000455953,0.15087891,0.41015625,0.51367187,0.35078125,0.06826172,0.2859375,0.10849609,0.14033203,0.24570312,0.17480469,0.2040039,None,Nucleus
ENSP00000448671,0.15019531,0.4921875,0.528125,0.628125,0.05854492,0.35507812,0.08461914,0.05405273,0.08481445,0.13476563,0.01490402,"Cytoplasm, Nucleus",Cell membrane
ENSP00000426535,0.05925293,0.26523438,0.40195313,0.7734375,0.01907959,0.52988281,0.1918457,0.16557617,0.04793091,0.08208008,0.21635742,Extracellular,Nucleus
ENSP00000426210,0.18808594,0.3953125,0.44335938,0.29570313,0.10605469,0.51015625,0.04626465,0.1515625,0.14960937,0.14360351,0.03084717,None,Cell membrane
ENSP00000402190,0.15136719,0.48554687,0.51210938,0.465625,0.09726563,0.59609375,0.02043457,0.13105469,0.07629394,0.09580078,0.01583099,Cytoplasm,Nucleus
ENSP00000395237,0.18007812,0.41796875,0.5578125,0.46914063,0.06347656,0.48046875,0.0307251,0.14238281,0.16035156,0.15517578,0.0434906,Nucleus,"Cytoplasm, Nucleus"
ENSP00000388688,0.18125,0.446875,0.55039063,0.59921875,0.11181641,0.41132812,0.04711914,0.109375,0.06508789,0.16289062,0.02076721,Nucleus,Cytoplasm
ENSP00000453192,0.23222656,0.44335937,0.45039063,0.53320312,0.10639649,0.48203125,0.07331543,0.15439453,0.16113281,0.20488281,0.01564636,None,Mitochondrion
ENSP00000475450,0.1265625,0.53476562,0.47070313,0.06875,0.07592774,0.33579102,0.00520935,0.27460938,0.01933136,0.07380371,0.01494751,Cytoplasm,Nucleus
ENSP00000466640,0.22011719,0.4546875,0.47539062,0.47421875,0.1209961,0.49609375,0.08706055,0.1102539,0.11899414,0.25585938,0.00770798,None,Nucleus
ENSP00000459602,0.13710938,0.28164062,0.35585938,0.72421875,0.03065185,0.48046875,0.11660156,0.18232422,0.07944336,0.15087891,0.31074219,Extracellular,Nucleus
ENSP00000349253,0.30058594,0.41445312,0.43476563,0.31855469,0.1109375,0.5921875,0.08657227,0.3515625,0.24707031,0.32246094,0.03096924,None,"Cytoplasm, Cell membrane"
ENSP00000490160,0.16474609,0.371875,0.4125,0.48671875,0.06733398,0.6046875,0.09135742,0.26894531,0.15615234,0.28710938,0.14086914,None,Mitochondrion
ENSP00000437899,0.15605469,0.41289063,0.56015625,0.33457031,0.05952149,0.353125,0.03405762,0.17646484,0.23242188,0.17548828,0.04552612,Nucleus,"Nucleus, Cell membrane"
ENSP00000415292,0.33671875,0.40625,0.4421875,0.35195312,0.12607422,0.5234375,0.02810059,0.34140625,0.23291015,0.32675781,0.04857788,None,Golgi apparatus
ENSP00000408534,0.17773438,0.43554688,0.578125,0.43398437,0.10478516,0.30898438,0.0355835,0.11796875,0.09648438,0.19794922,0.01859894,Nucleus,Nucleus
ENSP00000400569,0.28046875,0.40195312,0.4578125,0.4015625,0.10800781,0.56328125,0.08259277,0.23828125,0.20117187,0.25957031,0.0453125,None,Cytoplasm
ENSP00000430424,0.14423828,0.509375,0.50859375,0.32324219,0.11142578,0.35703125,0.02554932,0.14384766,0.18359375,0.20136719,0.005159,Cytoplasm,Cytoplasm
ENSP00000457149,0.19628906,0.29765625,0.33085938,0.59453125,0.11513672,0.49140625,0.05378418,0.25722656,0.2625,0.29140625,0.19130859,None,Cell membrane
ENSP00000438862,0.2140625,0.50898437,0.44765625,0.38515625,0.10576172,0.41015625,0.07299805,0.13398438,0.10634766,0.1446289,0.06578369,Cytoplasm,Nucleus
ENSP00000400271,0.09042969,0.46015625,0.57421875,0.31367187,0.03400879,0.47421875,0.02597656,0.11376953,0.06362305,0.13925781,0.00783081,Nucleus,Mitochondrion
ENSP00000455184,0.20996094,0.35273438,0.36679688,0.39394531,0.09609375,0.59453125,0.03891601,0.19082031,0.11333008,0.16230469,0.20322266,None,Mitochondrion
ENSP00000504110,0.26523438,0.45546875,0.49414063,0.16264649,0.06611328,0.5671875,0.05834961,0.12373047,0.15761719,0.11083984,0.00353203,None,Cytoplasm
ENSP00000468113,0.21855469,0.38085938,0.51210937,0.3875,0.11806641,0.51796875,0.06740723,0.12070312,0.13447266,0.20097656,0.0234375,None,"Cytoplasm, Nucleus"
ENSP00000387607,0.17753906,0.5125,0.446875,0.60429688,0.10791016,0.29648437,0.05795898,0.0784668,0.05517578,0.13525391,0.0155014,Cytoplasm,Nucleus
ENSP00000429046,0.16679687,0.334375,0.40585938,0.25585938,0.11992188,0.55546875,0.15693359,0.12021484,0.03084717,0.03719482,0.00680847,None,Cytoplasm
ENSP00000464790,0.31953125,0.3640625,0.45390625,0.18466797,0.15566406,0.53867187,0.03518677,0.25957031,0.20683594,0.2828125,0.01384277,None,Nucleus
ENSP00000477296,0.203125,0.35234375,0.54765625,0.37382812,0.0684082,0.4,0.05324707,0.21660156,0.22363281,0.19521484,0.04710083,Nucleus,"Cytoplasm, Nucleus"
