ACC,Membrane,Cytoplasm,Nucleus,Extracellular,Cell membrane,Mitochondrion,Plastid,Endoplasmic reticulum,Lysosome/Vacuole,Golgi apparatus,Peroxisome,predicted_label,true_label
ENSP00000507895,0.30273438,0.640625,0.5703125,0.5,0.27929688,0.1484375,0.02099609,0.14257812,0.02062988,0.20898438,0.01916504,"Cytoplasm, Nucleus","Cytoplasm, Cell membrane"
ENSP00000505728,0.078125,0.23339844,0.86328125,0.06933594,0.04394531,0.0267334,0.00308228,0.12792969,0.0255127,0.02929688,0.00288391,Nucleus,Nucleus
ENSP00000496878,0.84375,0.18847656,0.12988281,0.13574219,0.76953125,0.10351562,0.00317383,0.27929688,0.6640625,0.32617188,0.16601562,"Membrane, Cell membrane, Lysosome/Vacuole",Cytoplasm
ENSP00000496254,0.40234375,0.76171875,0.21289062,0.06445312,0.35546875,0.17285156,0.00159454,0.22363281,0.25976562,0.3515625,0.04614258,Cytoplasm,Nucleus
ENSP00000495099,0.25390625,0.73828125,0.5,0.06835938,0.16015625,0.13085938,0.00460815,0.31640625,0.23242188,0.5078125,0.01916504,Cytoplasm,Cytoplasm
ENSP00000493871,0.02758789,0.63671875,0.92578125,0.06933594,0.03198242,0.06347656,0.00592041,0.04199219,0.02331543,0.0480957,0.00048828,"Cytoplasm, Nucleus",Nucleus
ENSP00000490913,0.078125,0.61328125,0.75390625,0.04199219,0.07568359,0.08398438,0.02331543,0.04150391,0.04077148,0.20703125,0.12988281,"Cytoplasm, Nucleus",Nucleus
ENSP00000490728,0.02404785,0.58984375,0.9296875,0.10498047,0.03564453,0.04614258,0.01165771,0.02331543,0.01586914,0.03466797,0.00044441,"Cytoplasm, Nucleus",Nucleus
ENSP00000490116,0.10498047,0.29296875,0.90625,0.11132812,0.11279297,0.06542969,0.0055542,0.05664062,0.00970459,0.04663086,0.00193024,Nucleus,Nucleus
ENSP00000484669,0.12402344,0.25976562,0.94140625,0.05664062,0.06738281,0.08740234,0.00070953,0.27148438,0.04467773,0.2265625,0.00027847,Nucleus,Nucleus
ENSP00000480219,0.04077148,0.27539062,0.92578125,0.09521484,0.02844238,0.06005859,0.00075531,0.02478027,0.02038574,0.03112793,0.0005188,Nucleus,Nucleus
ENSP00000478783,0.3515625,0.4765625,0.60546875,0.01202393,0.19824219,0.05493164,0.00445557,0.22265625,0.30273438,0.36523438,0.003479,"Cytoplasm, Nucleus",Cytoplasm
ENSP00000466285,0.359375,0.5859375,0.37304688,0.26171875,0.26757812,0.33984375,0.00218201,0.2734375,0.09277344,0.11132812,0.02160645,Cytoplasm,Cytoplasm
ENSP00000453443,0.25,0.734375,0.44335938,0.05932617,0.24804688,0.13476562,0.00204468,0.19726562,0.07470703,0.1484375,0.03027344,Cytoplasm,"Cytoplasm, Nucleus"
ENSP00000431179,0.37695312,0.640625,0.46289062,0.05932617,0.46679688,0.17871094,0.00393677,0.2109375,0.20703125,0.5234375,0.0559082,Cytoplasm,"Cytoplasm, Cell membrane"
ENSP00000431129,0.39453125,0.6796875,0.25390625,0.04077148,0.30078125,0.31054688,0.00109863,0.34570312,0.21289062,0.30859375,0.00830078,Cytoplasm,Cytoplasm
ENSP00000418408,0.04467773,0.3984375,0.89453125,0.02600098,0.02600098,0.04150391,0.01068115,0.08740234,0.00592041,0.0279541,0.00393677,Nucleus,Nucleus
ENSP00000417570,0.41796875,0.2890625,0.17285156,0.71484375,0.48242188,0.15820312,0.00537109,0.34960938,0.4609375,0.26953125,0.07275391,Extracellular,Cytoplasm
ENSP00000414689,0.3515625,0.25195312,0.32421875,0.63671875,0.421875,0.10986328,0.00198364,0.27734375,0.20800781,0.15527344,0.01544189,None,Cell membrane
ENSP00000414510,0.29492188,0.77734375,0.25,0.09130859,0.26367188,0.17773438,0.01165771,0.29101562,0.16113281,0.43164062,0.00506592,Cytoplasm,Nucleus
ENSP00000412763,0.796875,0.22558594,0.13085938,0.203125,0.74609375,0.10498047,0.01745605,0.24121094,0.515625,0.4375,0.06835938,"Membrane, Cell membrane",Golgi apparatus
ENSP00000410157,0.30273438,0.671875,0.4765625,0.00280762,0.375,0.10986328,0.02331543,0.1328125,0.16894531,0.34375,0.00014019,Cytoplasm,Nucleus
ENSP00000409472,0.31835938,0.38671875,0.40039062,0.2421875,0.1953125,0.13769531,0.01855469,0.28710938,0.31835938,0.30078125,0.08251953,None,Cytoplasm
ENSP00000407046,0.78125,0.36523438,0.14941406,0.0480957,0.44335938,0.06347656,0.01135254,0.52734375,0.453125,0.6171875,0.0279541,Membrane,Cell membrane
ENSP00000400217,0.29492188,0.23925781,0.19042969,0.83203125,0.32617188,0.14550781,0.00689697,0.421875,0.33203125,0.34765625,0.03857422,Extracellular,Cell membrane
ENSP00000395538,0.0480957,0.71484375,0.515625,0.32226562,0.10351562,0.05664062,0.00254822,0.16894531,0.01361084,0.11572266,0.01165771,Cytoplasm,"Cytoplasm, Nucleus, Mitochondrion"
ENSP00000387070,0.28320312,0.8359375,0.5234375,0.02893066,0.09960938,0.09423828,0.00040436,0.22558594,0.19726562,0.25390625,0.04541016,Cytoplasm,Cytoplasm
ENSP00000386239,0.13476562,0.55859375,0.7265625,0.11279297,0.12158203,0.30078125,0.00048828,0.21972656,0.08642578,0.08496094,0.01202393,"Cytoplasm, Nucleus",Nucleus
ENSP00000384215,0.0267334,0.09814453,0.9609375,0.00297546,0.02038574,0.09960938,0.00506592,0.01879883,0.01324463,0.0071106,0.06835938,Nucleus,Nucleus
ENSP00000382269,0.171875,0.7421875,0.6015625,0.01165771,0.06176758,0.11914062,0.04663086,0.1328125,0.4140625,0.17089844,0.00154877,"Cytoplasm, Nucleus",Nucleus
ENSP00000381170,0.27539062,0.80078125,0.53515625,0.04150391,0.23046875,0.12255859,0.003479,0.17480469,0.2890625,0.17675781,0.03320312,"Cytoplasm, Nucleus",Cell membrane
ENSP00000380888,0.09521484,0.75390625,0.6171875,0.0011673,0.05932617,0.22167969,0.0255127,0.05493164,0.41015625,0.11425781,0.09814453,"Cytoplasm, Nucleus",Nucleus
ENSP00000379083,0.38671875,0.63671875,0.47265625,0.56640625,0.3671875,0.19921875,0.02600098,0.10351562,0.03027344,0.19433594,0.04614258,Cytoplasm,"Cytoplasm, Cell membrane"
ENSP00000377634,0.06640625,0.38085938,0.8984375,0.02368164,0.04614258,0.03369141,0.00204468,0.07470703,0.01544189,0.02978516,0.00592041,Nucleus,Nucleus
ENSP00000374443,0.34375,0.66796875,0.33984375,0.03466797,0.29492188,0.13867188,0.01831055,0.2734375,0.39648438,0.38476562,0.01452637,Cytoplasm,Nucleus
ENSP00000366757,0.30078125,0.7421875,0.22363281,0.0378418,0.26171875,0.24121094,0.00136566,0.21777344,0.14648438,0.20214844,0.0078125,Cytoplasm,Cytoplasm
ENSP00000364003,0.39453125,0.6171875,0.4921875,0.05834961,0.453125,0.23925781,0.00297546,0.3359375,0.1796875,0.18554688,0.02978516,Cytoplasm,"Nucleus, Cell membrane"
ENSP00000363891,0.90625,0.13867188,0.10351562,0.01000977,0.71484375,0.19238281,0.00521851,0.57421875,0.55078125,0.47851562,0.00939941,"Membrane, Cell membrane",Golgi apparatus
ENSP00000363642,0.04956055,0.17089844,0.91015625,0.01586914,0.03027344,0.11914062,0.00041771,0.16992188,0.01635742,0.01977539,0.00628662,Nucleus,Nucleus
ENSP00000362580,0.29882812,0.6875,0.34765625,0.09033203,0.45898438,0.1640625,0.00212097,0.14746094,0.19824219,0.1640625,0.0255127,Cytoplasm,Cell membrane
ENSP00000357206,0.1796875,0.68359375,0.41015625,0.20898438,0.18945312,0.2109375,0.00132751,0.17871094,0.14648438,0.29882812,0.01586914,Cytoplasm,Cytoplasm
ENSP00000356716,0.09960938,0.71484375,0.62890625,0.08642578,0.06445312,0.05664062,0.00445557,0.17871094,0.09033203,0.30664062,0.01940918,"Cytoplasm, Nucleus",Cytoplasm
ENSP00000355922,0.09960938,0.42578125,0.890625,0.04345703,0.07910156,0.06176758,0.01495361,0.05419922,0.01916504,0.23242188,0.00491333,Nucleus,Nucleus
ENSP00000354828,0.16796875,0.58984375,0.78515625,0.05273438,0.11572266,0.37304688,0.00136566,0.18457031,0.1953125,0.08886719,0.02478027,"Cytoplasm, Nucleus",Nucleus
ENSP00000353010,0.49609375,0.35742188,0.44140625,0.00668335,0.19921875,0.63671875,0.02893066,0.578125,0.4140625,0.47265625,0.0055542,Membrane,Nucleus
ENSP00000352794,0.53515625,0.59765625,0.296875,0.13671875,0.546875,0.21289062,0.01586914,0.5,0.22265625,0.4140625,0.05175781,"Membrane, Cytoplasm, Cell membrane","Cytoplasm, Cell membrane"
ENSP00000352413,0.77734375,0.34179688,0.203125,0.01135254,0.68359375,0.15527344,0.00445557,0.40429688,0.32617188,0.21972656,0.00756836,"Membrane, Cell membrane",Cytoplasm
ENSP00000351185,0.08496094,0.47851562,0.6953125,0.04736328,0.03063965,0.13183594,0.00328064,0.13574219,0.05175781,0.07470703,0.003479,"Cytoplasm, Nucleus",Mitochondrion
ENSP00000348564,0.30273438,0.66796875,0.40429688,0.05419922,0.17871094,0.1953125,0.00164795,0.375,0.21875,0.25,0.08154297,Cytoplasm,"Cytoplasm, Cell membrane"
ENSP00000344383,0.25195312,0.73828125,0.47851562,0.07714844,0.15625,0.12255859,0.00405884,0.31640625,0.23535156,0.546875,0.01635742,Cytoplasm,Cytoplasm
ENSP00000328426,0.12988281,0.50390625,0.69921875,0.04614258,0.11572266,0.10107422,0.02636719,0.07080078,0.09277344,0.12158203,0.00610352,"Cytoplasm, Nucleus","Cytoplasm, Nucleus"
ENSP00000321813,0.17089844,0.59375,0.78515625,0.04736328,0.11425781,0.38867188,0.00106812,0.18359375,0.21777344,0.08251953,0.02160645,"Cytoplasm, Nucleus",Nucleus
ENSP00000313933,0.10986328,0.44726562,0.86328125,0.00370789,0.09423828,0.08740234,0.01135254,0.05175781,0.08642578,0.14160156,0.003479,Nucleus,Nucleus
ENSP00000301607,0.1796875,0.71875,0.47460938,0.09960938,0.15039062,0.11425781,0.01635742,0.13378906,0.19726562,0.35742188,0.00308228,Cytoplasm,Cytoplasm
ENSP00000300648,0.3828125,0.5546875,0.61328125,0.00915527,0.26953125,0.30078125,0.11425781,0.31445312,0.25390625,0.43164062,0.02038574,"Cytoplasm, Nucleus",Cytoplasm
ENSP00000297268,0.24804688,0.18359375,0.1640625,0.91796875,0.16699219,0.06347656,0.00668335,0.28710938,0.09521484,0.10253906,0.00102997,Extracellular,Endoplasmic reticulum
ENSP00000294383,0.20703125,0.62890625,0.5859375,0.03320312,0.21777344,0.06176758,0.01202393,0.18164062,0.3828125,0.39257812,0.00460815,"Cytoplasm, Nucleus","Cytoplasm, Nucleus"
ENSP00000281282,0.23242188,0.77734375,0.39453125,0.02258301,0.15429688,0.17089844,0.00370789,0.11767578,0.17285156,0.3984375,0.00297546,Cytoplasm,Cell membrane
ENSP00000280758,0.27148438,0.63671875,0.546875,0.00650024,0.3125,0.11914062,0.01495361,0.13476562,0.16796875,0.41992188,0.00053406,"Cytoplasm, Nucleus",Nucleus
ENSP00000271636,0.15527344,0.65234375,0.3828125,0.06445312,0.09667969,0.13574219,0.00756836,0.16699219,0.1796875,0.29296875,0.01098633,Cytoplasm,Cell membrane
ENSP00000264868,0.82421875,0.23046875,0.18847656,0.0534668,0.41210938,0.21289062,0.03564453,0.65234375,0.5546875,0.4140625,0.23046875,"Membrane, Endoplasmic reticulum",Nucleus
ENSP00000262376,0.04467773,0.35546875,0.90625,0.05932617,0.0324707,0.0390625,0.00405884,0.09423828,0.03735352,0.02758789,0.00141144,Nucleus,Nucleus
ENSP00000261609,0.20410156,0.62109375,0.53125,0.0402832,0.13574219,0.17480469,0.0559082,0.18261719,0.33984375,0.28320312,0.0088501,"Cytoplasm, Nucleus",Cytoplasm
ENSP00000253048,0.04882812,0.42382812,0.73828125,0.11425781,0.0267334,0.03466797,0.01745605,0.07275391,0.078125,0.07470703,0.00058746,Nucleus,"Cytoplasm, Nucleus"
ENSP00000252996,0.06445312,0.45703125,0.8984375,0.08886719,0.10351562,0.03369141,0.00029564,0.02722168,0.04736328,0.03735352,0.00164795,Nucleus,Nucleus
ENSP00000247087,0.078125,0.3828125,0.89453125,0.01202393,0.06640625,0.09277344,0.00254822,0.125,0.03613281,0.06445312,0.00058746,Nucleus,Nucleus
ENSP00000244007,0.39453125,0.76953125,0.43945312,0.05737305,0.4765625,0.16015625,0.00085449,0.16210938,0.28125,0.25195312,0.00175476,Cytoplasm,Cytoplasm
ENSP00000263773,0.22265625,0.41992188,0.71875,0.0279541,0.21191406,0.04736328,0.00164795,0.20019531,0.12988281,0.2109375,0.00031471,Nucleus,Nucleus
ENSP00000416033,0.13769531,0.67578125,0.32421875,0.20605469,0.16796875,0.21875,0.00491333,0.20214844,0.1328125,0.23535156,0.04736328,Cytoplasm,Nucleus
ENSP00000364042,0.828125,0.26367188,0.14648438,0.265625,0.7734375,0.10693359,0.0007782,0.46289062,0.5390625,0.48828125,0.03063965,"Membrane, Cell membrane",Cell membrane
ENSP00000355889,0.24609375,0.22851562,0.17675781,0.12890625,0.13378906,0.84765625,0.01165771,0.11425781,0.09423828,0.07177734,0.06176758,Mitochondrion,Mitochondrion
ENSP00000305839,0.57421875,0.34179688,0.54296875,0.09277344,0.74609375,0.171875,0.00370789,0.29296875,0.3046875,0.58203125,0.00915527,"Membrane, Nucleus, Cell membrane",Cell membrane
ENSP00000463929,0.86328125,0.19921875,0.140625,0.0088501,0.54296875,0.13671875,0.00317383,0.22949219,0.6015625,0.421875,0.00109863,"Membrane, Cell membrane, Lysosome/Vacuole",Nucleus
ENSP00000382610,0.41210938,0.609375,0.36328125,0.15234375,0.4375,0.27734375,0.0055542,0.21777344,0.29296875,0.40234375,0.04882812,Cytoplasm,"Cytoplasm, Nucleus"
ENSP00000496378,0.35742188,0.71484375,0.35546875,0.01916504,0.19921875,0.2421875,0.01068115,0.30664062,0.4921875,0.73828125,0.0071106,"Cytoplasm, Golgi apparatus",Golgi apparatus
ENSP00000413889,0.25585938,0.65234375,0.5234375,0.00506592,0.25390625,0.12890625,0.02441406,0.15820312,0.29492188,0.41992188,0.00024605,Cytoplasm,Nucleus
ENSP00000349439,0.55078125,0.24511719,0.33007812,0.07177734,0.34765625,0.20605469,0.003479,0.7578125,0.3203125,0.453125,0.01586914,"Membrane, Endoplasmic reticulum","Cytoplasm, Cell membrane"
ENSP00000313624,0.05664062,0.19824219,0.95703125,0.03112793,0.0255127,0.0534668,0.00154877,0.08496094,0.03613281,0.04394531,0.01324463,Nucleus,Nucleus
ENSP00000468082,0.37890625,0.59375,0.36914062,0.21777344,0.2890625,0.34765625,0.00297546,0.26367188,0.09521484,0.10986328,0.01745605,Cytoplasm,Cytoplasm
ENSP00000416951,0.11572266,0.3203125,0.80078125,0.17773438,0.15234375,0.09423828,0.00082779,0.09277344,0.0324707,0.0480957,0.00297546,Nucleus,Nucleus
ENSP00000346701,0.84375,0.23046875,0.34375,0.05932617,0.50390625,0.20703125,0.00592041,0.66796875,0.44140625,0.5859375,0.06835938,"Membrane, Endoplasmic reticulum",Nucleus
ENSP00000332111,0.15917969,0.62109375,0.41992188,0.20703125,0.11572266,0.20410156,0.08886719,0.16308594,0.10107422,0.20703125,0.3359375,Cytoplasm,"Cytoplasm, Nucleus"
ENSP00000507912,0.06835938,0.3828125,0.7734375,0.07910156,0.04272461,0.02368164,0.00132751,0.46875,0.01916504,0.08886719,0.00405884,Nucleus,Nucleus
ENSP00000485253,0.0559082,0.21289062,0.9375,0.05102539,0.04956055,0.06005859,0.00124359,0.0534668,0.0255127,0.12695312,0.00180817,Nucleus,Nucleus
ENSP00000312277,0.02722168,0.33789062,0.86328125,0.01281738,0.01000977,0.04150391,0.0071106,0.0402832,0.02062988,0.04956055,0.00154877,Nucleus,"Cytoplasm, Nucleus"
ENSP00000370427,0.15039062,0.12695312,0.9296875,0.04077148,0.13964844,0.00328064,0.01745605,0.06738281,0.00830078,0.01696777,0.00062561,Nucleus,Nucleus
ENSP00000467054,0.33398438,0.6484375,0.4453125,0.06005859,0.24804688,0.22265625,0.00198364,0.25,0.515625,0.4453125,0.01324463,Cytoplasm,"Cytoplasm, Nucleus"
ENSP00000458025,0.04956055,0.3671875,0.91015625,0.13574219,0.04663086,0.08398438,0.00031471,0.10986328,0.06640625,0.05737305,0.00136566,Nucleus,Cytoplasm
ENSP00000357460,0.1953125,0.72265625,0.25195312,0.06933594,0.16699219,0.12353516,0.00506592,0.13085938,0.34179688,0.5625,0.02233887,Cytoplasm,Golgi apparatus
ENSP00000406490,0.15917969,0.16015625,0.85546875,0.02929688,0.06445312,0.26367188,0.00150299,0.16308594,0.02978516,0.06347656,0.08496094,Nucleus,Nucleus
ENSP00000374552,0.08642578,0.6796875,0.828125,0.13671875,0.08642578,0.0559082,0.00170135,0.19726562,0.02929688,0.12109375,0.00218201,"Cytoplasm, Nucleus",Cytoplasm
ENSP00000505762,0.55859375,0.61328125,0.3515625,0.07373047,0.56640625,0.14746094,0.00096893,0.20605469,0.30664062,0.25585938,0.04394531,"Membrane, Cytoplasm, Cell membrane","Cytoplasm, Cell membrane"
ENSP00000391268,0.80859375,0.25390625,0.16113281,0.18359375,0.79296875,0.11425781,0.00288391,0.29882812,0.43554688,0.43945312,0.08398438,"Membrane, Cell membrane",Cell membrane
ENSP00000323191,0.08886719,0.5234375,0.7578125,0.16210938,0.12255859,0.04663086,0.00689697,0.12158203,0.06738281,0.16601562,0.04956055,"Cytoplasm, Nucleus",Nucleus
ENSP00000359837,0.07080078,0.24902344,0.9453125,0.01635742,0.04199219,0.0402832,0.02478027,0.04663086,0.02062988,0.08154297,0.00521851,Nucleus,Nucleus
ENSP00000469029,0.06542969,0.31054688,0.859375,0.04956055,0.07080078,0.078125,0.0008049,0.06103516,0.06542969,0.07470703,0.00239563,Nucleus,Nucleus
ENSP00000416289,0.33789062,0.46875,0.640625,0.03955078,0.19335938,0.19824219,0.00689697,0.47070312,0.28710938,0.10986328,0.10107422,Nucleus,Nucleus
ENSP00000358904,0.05834961,0.26171875,0.89453125,0.06640625,0.0279541,0.07275391,0.00735474,0.05834961,0.01696777,0.07910156,0.00150299,Nucleus,Nucleus
ENSP00000364372,0.11572266,0.62109375,0.578125,0.00382996,0.0559082,0.01977539,0.01281738,0.32617188,0.26367188,0.19433594,0.00055313,"Cytoplasm, Nucleus","Cytoplasm, Nucleus"
ENSP00000348828,0.5234375,0.65625,0.34960938,0.07568359,0.45898438,0.12890625,0.0057373,0.31640625,0.24609375,0.27734375,0.0267334,"Membrane, Cytoplasm",Cell membrane
ENSP00000379778,0.34960938,0.625,0.49023438,0.0267334,0.40039062,0.02978516,0.00096893,0.1640625,0.26953125,0.21289062,0.00460815,Cytoplasm,Cytoplasm
ENSP00000450393,0.16210938,0.47070312,0.52734375,0.13476562,0.06103516,0.18261719,0.00506592,0.265625,0.05932617,0.14257812,0.00317383,Cytoplasm,Mitochondrion
ENSP00000314914,0.25976562,0.6484375,0.44335938,0.08740234,0.27539062,0.27734375,0.00360107,0.2734375,0.15820312,0.17285156,0.11767578,Cytoplasm,Nucleus
ENSP00000412893,0.265625,0.17871094,0.171875,0.16015625,0.06103516,0.8828125,0.02600098,0.13769531,0.08398438,0.078125,0.08740234,Mitochondrion,Mitochondrion
ENSP00000405068,0.09667969,0.23535156,0.71484375,0.08886719,0.0559082,0.05664062,0.0022583,0.08056641,0.02929688,0.11572266,0.00102997,Nucleus,Nucleus
ENSP00000500647,0.27539062,0.7890625,0.44921875,0.07373047,0.32421875,0.14355469,0.00218201,0.16894531,0.09521484,0.10351562,0.01403809,Cytoplasm,"Cytoplasm, Nucleus"
ENSP00000383392,0.87890625,0.18554688,0.10107422,0.28515625,0.86328125,0.04345703,0.00476074,0.328125,0.47851562,0.47070312,0.06738281,"Membrane, Cell membrane",Cell membrane
ENSP00000465377,0.07275391,0.48046875,0.890625,0.05419922,0.04272461,0.07373047,0.00180817,0.12792969,0.02758789,0.04956055,0.04077148,"Cytoplasm, Nucleus","Cytoplasm, Nucleus"
ENSP00000027335,0.875,0.17871094,0.12695312,0.11132812,0.86328125,0.03515625,0.0071106,0.24511719,0.46679688,0.33984375,0.03320312,"Membrane, Cell membrane",Cell membrane
ENSP00000409731,0.30664062,0.6953125,0.49023438,0.44921875,0.35351562,0.16894531,0.01031494,0.12988281,0.06347656,0.20605469,0.05664062,Cytoplasm,"Cytoplasm, Cell membrane"
ENSP00000314004,0.20019531,0.625,0.74609375,0.03515625,0.06542969,0.16894531,0.00170135,0.34375,0.25390625,0.484375,0.02038574,"Cytoplasm, Nucleus",Nucleus
ENSP00000362045,0.05834961,0.24511719,0.90234375,0.04272461,0.03369141,0.10107422,0.00491333,0.07373047,0.02062988,0.05273438,0.00180817,Nucleus,Nucleus
ENSP00000289746,0.81640625,0.20410156,0.1640625,0.12988281,0.8203125,0.08056641,0.00164795,0.28320312,0.5703125,0.33984375,0.05175781,"Membrane, Cell membrane, Lysosome/Vacuole","Cell membrane, Golgi apparatus"
ENSP00000288976,0.16894531,0.69921875,0.42578125,0.06640625,0.21582031,0.1953125,0.00970459,0.17578125,0.24511719,0.30859375,0.03686523,Cytoplasm,Nucleus
ENSP00000486816,0.07177734,0.24902344,0.90625,0.04077148,0.04663086,0.11425781,0.0057373,0.07910156,0.02294922,0.07177734,0.0018692,Nucleus,Nucleus
ENSP00000450998,0.5546875,0.515625,0.296875,0.23925781,0.64453125,0.25195312,0.01977539,0.49804688,0.16015625,0.51171875,0.07177734,"Membrane, Cytoplasm, Cell membrane","Cytoplasm, Cell membrane"
ENSP00000431611,0.86328125,0.13476562,0.08740234,0.06835938,0.84765625,0.18457031,0.0088501,0.30078125,0.29296875,0.24804688,0.01000977,"Membrane, Cell membrane",Cell membrane
ENSP00000376504,0.32226562,0.81640625,0.32617188,0.10986328,0.43554688,0.24316406,0.0055542,0.34960938,0.31640625,0.30078125,0.09423828,Cytoplasm,Nucleus
ENSP00000430048,0.10253906,0.640625,0.421875,0.18261719,0.09667969,0.18847656,0.10839844,0.13769531,0.08398438,0.19921875,0.5390625,Cytoplasm,"Cytoplasm, Nucleus"
ENSP00000288439,0.8359375,0.17675781,0.15136719,0.05273438,0.6171875,0.23339844,0.01940918,0.53125,0.421875,0.41796875,0.03198242,"Membrane, Cell membrane",Golgi apparatus
ENSP00000419330,0.38085938,0.58984375,0.3515625,0.13867188,0.14355469,0.43945312,0.04882812,0.32617188,0.390625,0.484375,0.04614258,Cytoplasm,Golgi apparatus
ENSP00000401064,0.09277344,0.36328125,0.5625,0.09130859,0.04541016,0.30078125,0.02978516,0.14648438,0.15722656,0.08398438,0.07714844,Nucleus,Nucleus
ENSP00000387099,0.17480469,0.59375,0.31640625,0.7578125,0.18945312,0.17089844,0.0018692,0.2890625,0.2578125,0.25976562,0.09130859,"Cytoplasm, Extracellular",Cytoplasm
ENSP00000361964,0.20410156,0.83203125,0.30078125,0.15917969,0.15332031,0.16015625,0.00106812,0.05664062,0.171875,0.14746094,0.09277344,Cytoplasm,"Cytoplasm, Nucleus"
ENSP00000317992,0.07714844,0.3359375,0.734375,0.07275391,0.02124023,0.15527344,0.00132751,0.11914062,0.02404785,0.09521484,0.00421143,Nucleus,Nucleus
ENSP00000380300,0.04736328,0.73828125,0.70703125,0.06933594,0.04882812,0.05664062,0.00288391,0.30859375,0.0559082,0.06298828,0.02062988,"Cytoplasm, Nucleus",Cytoplasm
ENSP00000397869,0.36132812,0.59375,0.55078125,0.0267334,0.2734375,0.05493164,0.00445557,0.20898438,0.27929688,0.18359375,0.03564453,"Cytoplasm, Nucleus",Nucleus
ENSP00000498164,0.12695312,0.640625,0.6015625,0.05175781,0.10986328,0.10107422,0.00150299,0.20703125,0.14746094,0.23242188,0.00124359,"Cytoplasm, Nucleus",Cytoplasm
ENSP00000450973,0.24121094,0.796875,0.29101562,0.10986328,0.26953125,0.24804688,0.00297546,0.19921875,0.25390625,0.29296875,0.0402832,Cytoplasm,"Cytoplasm, Nucleus, Cell membrane"
ENSP00000217159,0.875,0.13964844,0.08398438,0.06347656,0.84375,0.21972656,0.00337219,0.37109375,0.28125,0.21289062,0.01745605,"Membrane, Cell membrane",Cell membrane
ENSP00000392636,0.26757812,0.62890625,0.79296875,0.01452637,0.09130859,0.53125,0.0001688,0.30273438,0.20800781,0.46875,0.07910156,"Cytoplasm, Nucleus",Nucleus
ENSP00000253928,0.03515625,0.34570312,0.90625,0.08496094,0.02233887,0.08154297,0.0043335,0.06542969,0.02514648,0.06640625,0.00328064,Nucleus,Nucleus
ENSP00000371607,0.27734375,0.18457031,0.10839844,0.19433594,0.09033203,0.87890625,0.06298828,0.15332031,0.20703125,0.24804688,0.17089844,Mitochondrion,Mitochondrion
ENSP00000390590,0.28515625,0.6875,0.3125,0.22851562,0.3125,0.33398438,0.00521851,0.17480469,0.25585938,0.36523438,0.20605469,Cytoplasm,"Cytoplasm, Nucleus"
ENSP00000390121,0.13574219,0.58203125,0.6171875,0.01977539,0.09667969,0.03198242,0.00145721,0.06445312,0.0088501,0.02478027,0.11914062,"Cytoplasm, Nucleus",Nucleus
ENSP00000352676,0.296875,0.7265625,0.49609375,0.0057373,0.09130859,0.09130859,0.00610352,0.3515625,0.33789062,0.42578125,0.00070953,Cytoplasm,"Cytoplasm, Nucleus"
ENSP00000363878,0.31835938,0.703125,0.62890625,0.01794434,0.18164062,0.09667969,0.0011673,0.25976562,0.578125,0.76953125,0.00491333,"Cytoplasm, Nucleus, Lysosome/Vacuole, Golgi apparatus",Nucleus
ENSP00000386830,0.12792969,0.46875,0.7109375,0.03320312,0.02929688,0.2421875,0.0279541,0.5,0.10986328,0.36328125,0.4453125,Nucleus,"Cytoplasm, Cell membrane"
ENSP00000484716,0.0390625,0.1796875,0.96875,0.01098633,0.01202393,0.05175781,0.0001688,0.07275391,0.0534668,0.05834961,0.00170135,Nucleus,Nucleus
ENSP00000423638,0.3515625,0.75,0.34960938,0.12988281,0.38085938,0.08740234,0.04272461,0.15136719,0.23828125,0.80859375,0.0378418,"Cytoplasm, Golgi apparatus","Cytoplasm, Cell membrane, Endoplasmic reticulum"
ENSP00000393856,0.28515625,0.66015625,0.59765625,0.0390625,0.28710938,0.11132812,0.02001953,0.07568359,0.19824219,0.19042969,0.02124023,"Cytoplasm, Nucleus",Cell membrane
ENSP00000478563,0.50390625,0.70703125,0.18164062,0.01403809,0.6015625,0.08251953,0.00382996,0.13671875,0.47851562,0.37890625,0.00150299,"Membrane, Cytoplasm, Cell membrane","Cytoplasm, Nucleus"
ENSP00000299192,0.1875,0.60546875,0.6796875,0.01281738,0.11279297,0.11914062,0.00521851,0.23632812,0.05029297,0.34179688,0.003479,"Cytoplasm, Nucleus","Cytoplasm, Nucleus"
ENSP00000215582,0.29101562,0.83984375,0.22363281,0.265625,0.30078125,0.2578125,0.00735474,0.12011719,0.41015625,0.546875,0.08056641,Cytoplasm,Cell membrane
ENSP00000372434,0.09667969,0.39648438,0.83203125,0.02978516,0.09667969,0.08886719,0.00062561,0.06005859,0.06542969,0.02160645,0.00460815,Nucleus,Nucleus
ENSP00000305557,0.49023438,0.63671875,0.3515625,0.02893066,0.359375,0.07568359,0.00421143,0.265625,0.36914062,0.51171875,0.01000977,"Membrane, Cytoplasm",Cell membrane
ENSP00000465742,0.5546875,0.63671875,0.44726562,0.0534668,0.54296875,0.18847656,0.0008812,0.3359375,0.68359375,0.23535156,0.01098633,"Membrane, Cytoplasm, Cell membrane, Lysosome/Vacuole","Cytoplasm, Cell membrane"
ENSP00000426528,0.328125,0.6484375,0.44335938,0.11132812,0.41210938,0.1640625,0.00337219,0.20214844,0.10107422,0.1328125,0.10693359,Cytoplasm,Cell membrane
ENSP00000408536,0.078125,0.70703125,0.6796875,0.0390625,0.03735352,0.06103516,0.00124359,0.30859375,0.02636719,0.10253906,0.00159454,"Cytoplasm, Nucleus",Nucleus
ENSP00000269856,0.23535156,0.55859375,0.41796875,0.01635742,0.2578125,0.19921875,0.01031494,0.15234375,0.0480957,0.13476562,0.00830078,Cytoplasm,"Nucleus, Golgi apparatus"
ENSP00000349803,0.07470703,0.328125,0.82421875,0.04199219,0.05493164,0.05834961,0.00082779,0.12109375,0.07080078,0.09521484,0.00021648,Nucleus,Nucleus
ENSP00000508232,0.17578125,0.36914062,0.81640625,0.02062988,0.11914062,0.05664062,0.0267334,0.28515625,0.12109375,0.10839844,0.03686523,Nucleus,Nucleus
ENSP00000404022,0.79296875,0.17773438,0.09667969,0.0279541,0.62109375,0.23242188,0.00756836,0.34375,0.20019531,0.08886719,0.01403809,"Membrane, Cell membrane",Golgi apparatus
ENSP00000357352,0.578125,0.4296875,0.25585938,0.08398438,0.65625,0.20703125,0.00247192,0.3203125,0.3203125,0.23046875,0.04394531,"Membrane, Cell membrane",Nucleus
ENSP00000342660,0.9375,0.14453125,0.19726562,0.02404785,0.87890625,0.13867188,0.00280762,0.36523438,0.53515625,0.50390625,0.07275391,"Membrane, Cell membrane",Nucleus
ENSP00000421294,0.34960938,0.66796875,0.2578125,0.09033203,0.3828125,0.12158203,0.00970459,0.27539062,0.29296875,0.53515625,0.00860596,Cytoplasm,"Nucleus, Cell membrane"
ENSP00000247001,0.20214844,0.640625,0.71484375,0.23828125,0.13183594,0.15234375,0.00288391,0.15722656,0.13378906,0.13574219,0.00668335,"Cytoplasm, Nucleus",Nucleus
ENSP00000358106,0.10498047,0.5,0.47851562,0.0267334,0.20214844,0.06347656,0.09277344,0.30859375,0.01165771,0.39257812,0.29492188,Cytoplasm,Cytoplasm
ENSP00000159647,0.921875,0.08886719,0.07470703,0.01635742,0.7734375,0.12402344,0.01635742,0.484375,0.6015625,0.23925781,0.00476074,"Membrane, Cell membrane, Lysosome/Vacuole",Cell membrane
ENSP00000425670,0.31835938,0.78515625,0.27734375,0.26367188,0.28320312,0.18847656,0.17675781,0.171875,0.23339844,0.8203125,0.06738281,"Cytoplasm, Golgi apparatus","Cytoplasm, Cell membrane, Endoplasmic reticulum"
ENSP00000442992,0.1640625,0.47265625,0.65234375,0.0480957,0.03955078,0.2734375,0.0279541,0.5078125,0.1328125,0.4453125,0.6171875,"Cytoplasm, Nucleus","Cytoplasm, Cell membrane"
ENSP00000302879,0.44140625,0.57421875,0.47070312,0.1875,0.51953125,0.25195312,0.03112793,0.38476562,0.09814453,0.19335938,0.07470703,Cytoplasm,"Cytoplasm, Cell membrane"
ENSP00000498317,0.32226562,0.19042969,0.12158203,0.08496094,0.08496094,0.96484375,0.07470703,0.05175781,0.12402344,0.12792969,0.04882812,Mitochondrion,Mitochondrion
ENSP00000341247,0.11572266,0.7109375,0.59765625,0.02844238,0.07470703,0.11425781,0.01098633,0.15625,0.12158203,0.18261719,0.02441406,"Cytoplasm, Nucleus",Cytoplasm
ENSP00000505291,0.6796875,0.47070312,0.34179688,0.01202393,0.33789062,0.078125,0.0088501,0.25585938,0.921875,0.390625,0.00445557,"Membrane, Cytoplasm, Lysosome/Vacuole","Cytoplasm, Cell membrane"
ENSP00000394609,0.5078125,0.77734375,0.31835938,0.03857422,0.6171875,0.23339844,0.00164795,0.11572266,0.11767578,0.12255859,0.0071106,"Membrane, Cytoplasm, Cell membrane",Cytoplasm
ENSP00000362442,0.3828125,0.55078125,0.29882812,0.03417969,0.18554688,0.04736328,0.00393677,0.23925781,0.51171875,0.49023438,0.00668335,Cytoplasm,"Cytoplasm, Cell membrane"
ENSP00000434245,0.80859375,0.1796875,0.12890625,0.16210938,0.72265625,0.29882812,0.00506592,0.3515625,0.1953125,0.29882812,0.01696777,"Membrane, Cell membrane",Cell membrane
ENSP00000273963,0.15527344,0.69921875,0.48046875,0.05029297,0.07910156,0.06445312,0.00537109,0.15625,0.2265625,0.41992188,0.02929688,Cytoplasm,Nucleus
ENSP00000274457,0.18261719,0.4921875,0.484375,0.00860596,0.18945312,0.15039062,0.01831055,0.125,0.04077148,0.16894531,0.00405884,Cytoplasm,Nucleus
ENSP00000293771,0.02929688,0.125,0.91015625,0.01403809,0.00970459,0.03369141,0.00198364,0.08740234,0.02294922,0.10351562,0.00247192,Nucleus,Nucleus
ENSP00000365931,0.05102539,0.28710938,0.96875,0.04956055,0.04882812,0.03735352,0.00198364,0.02404785,0.02233887,0.03515625,0.00175476,Nucleus,Nucleus
ENSP00000262056,0.22265625,0.60546875,0.58984375,0.03857422,0.32617188,0.10351562,0.00050354,0.16210938,0.27929688,0.12695312,0.00382996,"Cytoplasm, Nucleus",Cytoplasm
ENSP00000501797,0.37890625,0.765625,0.25195312,0.23925781,0.3046875,0.20214844,0.13769531,0.24902344,0.23046875,0.84375,0.08251953,"Cytoplasm, Golgi apparatus","Cytoplasm, Cell membrane, Endoplasmic reticulum"
ENSP00000209884,0.26367188,0.703125,0.49804688,0.07080078,0.15332031,0.09130859,0.00393677,0.13867188,0.17578125,0.34765625,0.06347656,Cytoplasm,"Cytoplasm, Golgi apparatus"
ENSP00000379843,0.09814453,0.3203125,0.96484375,0.02600098,0.13964844,0.09033203,0.00053406,0.02758789,0.05493164,0.02514648,0.01879883,Nucleus,Nucleus
ENSP00000497850,0.79296875,0.36914062,0.15820312,0.07373047,0.65234375,0.05664062,0.0005722,0.46679688,0.4921875,0.296875,0.01855469,"Membrane, Cell membrane",Cell membrane
ENSP00000422784,0.16894531,0.18261719,0.08398438,0.8203125,0.16210938,0.11279297,0.05419922,0.21484375,0.4765625,0.3671875,0.00308228,Extracellular,"Endoplasmic reticulum, Golgi apparatus"
ENSP00000504385,0.13183594,0.24316406,0.85546875,0.12988281,0.10107422,0.078125,0.01635742,0.05419922,0.01324463,0.04541016,6.199e-05,Nucleus,Nucleus
ENSP00000238146,0.06445312,0.07080078,0.9296875,0.11572266,0.01940918,0.16113281,0.00020313,0.06103516,0.01635742,0.02722168,0.00271606,Nucleus,Nucleus
ENSP00000361676,0.06542969,0.47851562,0.72265625,0.03515625,0.03466797,0.06005859,0.00099945,0.10351562,0.10253906,0.14160156,0.01068115,"Cytoplasm, Nucleus",Nucleus
ENSP00000455982,0.03686523,0.171875,0.91796875,0.01135254,0.01696777,0.12255859,0.02758789,0.07470703,0.01165771,0.03173828,0.00382996,Nucleus,"Nucleus, Golgi apparatus"
ENSP00000452721,0.59375,0.66015625,0.40234375,0.04467773,0.5078125,0.11914062,0.00175476,0.41601562,0.703125,0.31445312,0.00308228,"Membrane, Cytoplasm, Lysosome/Vacuole","Cytoplasm, Cell membrane"
ENSP00000419765,0.08496094,0.12158203,0.95703125,0.03466797,0.06298828,0.02038574,0.00393677,0.0378418,0.05273438,0.06176758,0.00070953,Nucleus,Nucleus
ENSP00000500708,0.0480957,0.62890625,0.71484375,0.07275391,0.01281738,0.578125,0.01135254,0.04663086,0.19335938,0.31445312,0.01831055,"Cytoplasm, Nucleus",Nucleus
ENSP00000362238,0.12255859,0.78515625,0.47070312,0.03027344,0.12792969,0.11132812,0.0534668,0.12988281,0.13085938,0.23632812,0.00393677,Cytoplasm,Golgi apparatus
ENSP00000386184,0.171875,0.58203125,0.55859375,0.01495361,0.13964844,0.14746094,0.00075531,0.40625,0.12890625,0.06347656,0.04663086,"Cytoplasm, Nucleus",Nucleus
ENSP00000351383,0.06103516,0.26953125,0.9765625,0.23339844,0.04882812,0.01165771,0.00212097,0.04467773,0.01403809,0.04956055,0.00066757,Nucleus,Nucleus
ENSP00000456908,0.24609375,0.515625,0.75390625,0.0055542,0.08056641,0.26171875,0.00055313,0.28710938,0.13769531,0.26757812,0.00106812,"Cytoplasm, Nucleus",Mitochondrion
ENSP00000505465,0.58203125,0.2734375,0.20703125,0.0534668,0.35351562,0.26757812,0.0088501,0.41796875,0.51953125,0.29492188,0.40234375,Membrane,Cytoplasm
ENSP00000338235,0.859375,0.17675781,0.19238281,0.01745605,0.40429688,0.11279297,0.00198364,0.80859375,0.28320312,0.40625,0.203125,"Membrane, Endoplasmic reticulum",Endoplasmic reticulum
ENSP00000174618,0.11572266,0.48632812,0.875,0.0534668,0.05664062,0.23632812,0.0007782,0.04467773,0.04663086,0.14453125,0.01135254,"Cytoplasm, Nucleus",Nucleus
ENSP00000479078,0.62109375,0.66015625,0.44335938,0.0480957,0.58203125,0.20800781,0.00106812,0.4453125,0.7265625,0.328125,0.00805664,"Membrane, Cytoplasm, Cell membrane, Lysosome/Vacuole","Cytoplasm, Cell membrane"
ENSP00000406144,0.58203125,0.28320312,0.21289062,0.04394531,0.39257812,0.27929688,0.01135254,0.41015625,0.51953125,0.31054688,0.34765625,Membrane,Cytoplasm
ENSP00000377782,0.02038574,0.18457031,0.98046875,0.08154297,0.0378418,0.02758789,0.01635742,0.00445557,0.02124023,0.02636719,0.00476074,Nucleus,Nucleus
ENSP00000354034,0.66015625,0.34960938,0.3125,0.20214844,0.69140625,0.12402344,0.00445557,0.3046875,0.36914062,0.32421875,0.00970459,"Membrane, Cell membrane",Cell membrane
ENSP00000392811,0.6328125,0.24511719,0.29296875,0.18164062,0.76171875,0.06933594,0.00735474,0.21484375,0.43164062,0.26953125,0.00476074,"Membrane, Cell membrane",Cell membrane
ENSP00000506632,0.69921875,0.3125,0.38085938,0.09814453,0.2421875,0.20703125,0.00805664,0.47460938,0.74609375,0.37109375,0.02368164,"Membrane, Lysosome/Vacuole","Cytoplasm, Cell membrane"
ENSP00000505154,0.30078125,0.5625,0.39648438,0.41796875,0.33203125,0.421875,0.003479,0.17089844,0.17675781,0.0534668,0.01544189,Cytoplasm,"Cytoplasm, Nucleus"
ENSP00000445021,0.90234375,0.16699219,0.125,0.16113281,0.43554688,0.10498047,0.01098633,0.83984375,0.546875,0.89453125,0.01202393,"Membrane, Endoplasmic reticulum, Golgi apparatus",Cell membrane
ENSP00000479888,0.58984375,0.5234375,0.49023438,0.10839844,0.5390625,0.15722656,0.0008049,0.28515625,0.640625,0.25585938,0.00805664,"Membrane, Cytoplasm, Cell membrane, Lysosome/Vacuole","Cytoplasm, Cell membrane"
ENSP00000450036,0.79296875,0.23828125,0.18847656,0.23828125,0.73828125,0.078125,0.00141144,0.43164062,0.5859375,0.48632812,0.08154297,"Membrane, Cell membrane, Lysosome/Vacuole","Endoplasmic reticulum, Golgi apparatus"
ENSP00000265537,0.28320312,0.15625,0.09960938,0.13574219,0.06933594,0.9140625,0.04736328,0.12011719,0.10253906,0.11425781,0.08642578,Mitochondrion,Mitochondrion
ENSP00000380690,0.44140625,0.6015625,0.41992188,0.03112793,0.32421875,0.11425781,0.00537109,0.21484375,0.20410156,0.63671875,0.02978516,Cytoplasm,Cytoplasm
ENSP00000294409,0.02404785,0.2890625,0.91796875,0.03686523,0.01135254,0.01855469,0.00610352,0.01855469,0.02722168,0.02001953,0.00027847,Nucleus,Nucleus
ENSP00000412530,0.12792969,0.515625,0.68359375,0.03955078,0.12402344,0.07470703,0.00062561,0.10839844,0.12597656,0.05834961,0.00271606,"Cytoplasm, Nucleus",Cytoplasm
ENSP00000307128,0.5078125,0.47460938,0.30273438,0.10351562,0.58984375,0.21777344,0.00297546,0.37890625,0.26171875,0.23828125,0.06542969,"Membrane, Cytoplasm, Cell membrane",Nucleus
ENSP00000341490,0.30078125,0.23632812,0.15234375,0.859375,0.33203125,0.13867188,0.00247192,0.29492188,0.32617188,0.29492188,0.01403809,Extracellular,Nucleus
ENSP00000354874,0.48046875,0.44726562,0.51953125,0.10107422,0.19238281,0.62109375,0.04077148,0.6015625,0.27734375,0.43554688,0.3125,Membrane,Nucleus
ENSP00000408858,0.29101562,0.75,0.31835938,0.03515625,0.1953125,0.5234375,0.00262451,0.10693359,0.05493164,0.03735352,0.03686523,Cytoplasm,Cytoplasm
ENSP00000446410,0.2109375,0.6875,0.41601562,0.04882812,0.14648438,0.13574219,0.01135254,0.125,0.3359375,0.3125,0.05834961,Cytoplasm,Cytoplasm
ENSP00000290597,0.28710938,0.17480469,0.09667969,0.13378906,0.13378906,0.921875,0.01635742,0.06176758,0.15625,0.15429688,0.09033203,Mitochondrion,Mitochondrion
ENSP00000337816,0.51171875,0.19824219,0.16601562,0.671875,0.640625,0.15722656,0.003479,0.3828125,0.41015625,0.33789062,0.04614258,"Membrane, Extracellular, Cell membrane",Cell membrane
ENSP00000419516,0.7109375,0.20019531,0.30664062,0.02929688,0.13964844,0.63671875,0.02441406,0.5703125,0.38476562,0.33203125,0.22167969,Membrane,Nucleus
ENSP00000364118,0.02893066,0.31835938,0.8984375,0.0402832,0.03063965,0.10107422,0.00150299,0.01361084,0.02844238,0.03320312,0.00382996,Nucleus,Nucleus
ENSP00000376826,0.34179688,0.71875,0.31835938,0.55859375,0.3046875,0.1953125,0.0055542,0.10839844,0.21777344,0.38085938,0.0534668,Cytoplasm,"Cytoplasm, Cell membrane"
ENSP00000410707,0.13867188,0.68359375,0.51171875,0.00491333,0.16796875,0.0534668,0.00113678,0.19433594,0.3359375,0.42382812,0.00128174,Cytoplasm,"Cytoplasm, Nucleus"
ENSP00000350469,0.3828125,0.640625,0.44921875,0.09814453,0.49023438,0.1640625,0.00280762,0.28125,0.140625,0.14453125,0.13574219,Cytoplasm,Cell membrane
ENSP00000216190,0.25195312,0.44726562,0.51953125,0.02258301,0.05273438,0.10351562,0.0255127,0.33789062,0.03735352,0.23339844,0.00019073,None,Cytoplasm
ENSP00000426451,0.21777344,0.62109375,0.47460938,0.04956055,0.13476562,0.12695312,0.0055542,0.16796875,0.33007812,0.3125,0.05493164,Cytoplasm,Nucleus
ENSP00000260803,0.08154297,0.328125,0.9375,0.00915527,0.04272461,0.203125,0.00164795,0.04614258,0.0402832,0.09277344,0.00231934,Nucleus,Nucleus
ENSP00000220751,0.3984375,0.78125,0.4609375,0.03857422,0.4453125,0.12353516,0.0008812,0.32421875,0.20898438,0.34179688,0.00756836,Cytoplasm,Cytoplasm
ENSP00000311837,0.484375,0.609375,0.375,0.40625,0.44921875,0.06933594,0.00062561,0.06738281,0.09521484,0.375,0.00096893,"Membrane, Cytoplasm",Cell membrane
ENSP00000427820,0.22167969,0.5390625,0.515625,0.31835938,0.17089844,0.36328125,0.01031494,0.19335938,0.18554688,0.22265625,0.12695312,Cytoplasm,Nucleus
ENSP00000361667,0.88671875,0.16308594,0.16210938,0.03027344,0.18164062,0.12988281,0.01245117,0.8359375,0.58984375,0.6953125,0.00668335,"Membrane, Endoplasmic reticulum, Lysosome/Vacuole, Golgi apparatus",Nucleus
ENSP00000377093,0.82421875,0.14941406,0.30664062,0.00610352,0.10253906,0.640625,0.06933594,0.78125,0.41210938,0.34960938,0.18261719,"Membrane, Mitochondrion, Endoplasmic reticulum",Nucleus
ENSP00000307318,0.18554688,0.19824219,0.11425781,0.63671875,0.14453125,0.05493164,0.05419922,0.4140625,0.20605469,0.4296875,0.00970459,None,Endoplasmic reticulum
ENSP00000293404,0.26367188,0.22167969,0.15234375,0.11767578,0.11425781,0.7890625,0.12792969,0.13867188,0.125,0.13085938,0.13183594,Mitochondrion,Mitochondrion
ENSP00000264639,0.20410156,0.640625,0.640625,0.01831055,0.12890625,0.09521484,0.00271606,0.18847656,0.30859375,0.40234375,0.00317383,"Cytoplasm, Nucleus","Cytoplasm, Nucleus"
ENSP00000393621,0.35546875,0.71875,0.3046875,0.5625,0.3125,0.19921875,0.0057373,0.10839844,0.23242188,0.37890625,0.06640625,Cytoplasm,"Cytoplasm, Cell membrane"
ENSP00000498712,0.30664062,0.22363281,0.1484375,0.11279297,0.08398438,0.93359375,0.078125,0.10693359,0.11572266,0.13671875,0.05737305,Mitochondrion,Mitochondrion
ENSP00000434192,0.29296875,0.25585938,0.15722656,0.13671875,0.09814453,0.94140625,0.04467773,0.08740234,0.09423828,0.11914062,0.08496094,Mitochondrion,Mitochondrion
ENSP00000429826,0.3125,0.6640625,0.40820312,0.21777344,0.20410156,0.3828125,0.00860596,0.20703125,0.34179688,0.24511719,0.17578125,Cytoplasm,Golgi apparatus
ENSP00000366460,0.83984375,0.16015625,0.06738281,0.20703125,0.7890625,0.04345703,0.00668335,0.49804688,0.58984375,0.6875,0.06298828,"Membrane, Cell membrane, Lysosome/Vacuole, Golgi apparatus",Nucleus
ENSP00000438276,0.05834961,0.5078125,0.83984375,0.16113281,0.08398438,0.04882812,0.00610352,0.11425781,0.03735352,0.11572266,0.04956055,"Cytoplasm, Nucleus",Nucleus
ENSP00000500467,0.0279541,0.32421875,0.8515625,0.17285156,0.02929688,0.05419922,0.00053406,0.04736328,0.01940918,0.04272461,0.00154877,Nucleus,Nucleus
ENSP00000403411,0.09960938,0.21875,0.87109375,0.00150299,0.09521484,0.12109375,0.00689697,0.00650024,0.10498047,0.01000977,0.00170135,Nucleus,Nucleus
ENSP00000391200,0.0559082,0.16113281,0.9375,0.05175781,0.04882812,0.06298828,0.00043106,0.10107422,0.06347656,0.09667969,0.00360107,Nucleus,Nucleus
ENSP00000262366,0.03466797,0.484375,0.92578125,0.03320312,0.03320312,0.07080078,0.00036812,0.02636719,0.07470703,0.02514648,0.00592041,"Cytoplasm, Nucleus",Nucleus
ENSP00000309826,0.12158203,0.24804688,0.91015625,0.00360107,0.07714844,0.12158203,0.01068115,0.08398438,0.06103516,0.05419922,0.00047302,Nucleus,Nucleus
ENSP00000317445,0.34375,0.12695312,0.10986328,0.90625,0.2421875,0.24902344,0.01696777,0.28710938,0.52734375,0.45898438,0.04345703,Extracellular,Cytoplasm
ENSP00000302993,0.05029297,0.27539062,0.9765625,0.22949219,0.04150391,0.01135254,0.00247192,0.03735352,0.01324463,0.0378418,0.00064468,Nucleus,Nucleus
ENSP00000269383,0.07275391,0.7578125,0.60546875,0.29296875,0.08398438,0.46875,0.00060654,0.12255859,0.21484375,0.12011719,0.03063965,"Cytoplasm, Nucleus","Cytoplasm, Nucleus"
ENSP00000258385,0.8203125,0.15234375,0.14648438,0.02893066,0.828125,0.04345703,0.00218201,0.25585938,0.10839844,0.12011719,0.12011719,"Membrane, Cell membrane",Cell membrane
ENSP00000388320,0.2734375,0.5078125,0.73828125,0.00491333,0.09277344,0.22363281,0.00044441,0.27734375,0.16015625,0.25195312,0.0007782,"Cytoplasm, Nucleus",Mitochondrion
ENSP00000257570,0.17285156,0.54296875,0.5703125,0.47851562,0.22851562,0.21875,0.00053406,0.25585938,0.13183594,0.05493164,0.00650024,"Cytoplasm, Nucleus",Cytoplasm
ENSP00000354499,0.83984375,0.09960938,0.17675781,0.00247192,0.578125,0.10498047,0.00476074,0.578125,0.1484375,0.14550781,0.00198364,"Membrane, Cell membrane",Mitochondrion
ENSP00000499031,0.15917969,0.47070312,0.86328125,0.12255859,0.2109375,0.04663086,0.00010252,0.11767578,0.02929688,0.03857422,0.00610352,"Cytoplasm, Nucleus","Cytoplasm, Nucleus"
ENSP00000356991,0.86328125,0.23339844,0.15429688,0.06445312,0.84375,0.08886719,0.00150299,0.25390625,0.45898438,0.29492188,0.10351562,"Membrane, Cell membrane",Cell membrane
ENSP00000484105,0.0390625,0.5625,0.78515625,0.03613281,0.01098633,0.59765625,0.01544189,0.03112793,0.203125,0.2734375,0.0255127,"Cytoplasm, Nucleus",Nucleus
ENSP00000366936,0.48632812,0.69140625,0.35546875,0.07080078,0.61328125,0.29296875,0.00204468,0.20410156,0.15332031,0.34960938,0.04150391,"Membrane, Cytoplasm, Cell membrane",Cytoplasm
ENSP00000353971,0.32421875,0.44335938,0.65625,0.02929688,0.31054688,0.10107422,0.01165771,0.23242188,0.31640625,0.36523438,0.01165771,Nucleus,Cytoplasm
ENSP00000339532,0.03320312,0.62890625,0.74609375,0.00421143,0.01831055,0.16015625,0.20214844,0.03735352,0.02404785,0.40039062,0.00096893,"Cytoplasm, Nucleus","Cytoplasm, Nucleus"
ENSP00000401823,0.14355469,0.7265625,0.59375,0.01544189,0.06835938,0.08642578,0.00280762,0.07910156,0.08740234,0.13867188,0.04199219,"Cytoplasm, Nucleus",Cytoplasm
ENSP00000329687,0.26367188,0.58984375,0.71875,0.0324707,0.31445312,0.09130859,0.01031494,0.07568359,0.14453125,0.08496094,0.01745605,"Cytoplasm, Nucleus",Cell membrane
ENSP00000368867,0.04199219,0.34960938,0.93359375,0.02160645,0.0324707,0.07568359,0.04199219,0.01281738,0.0255127,0.06542969,0.00460815,Nucleus,Nucleus
ENSP00000452984,0.31835938,0.69921875,0.20898438,0.2578125,0.2890625,0.25390625,0.0255127,0.3515625,0.16308594,0.45703125,0.14941406,Cytoplasm,"Cytoplasm, Nucleus"
ENSP00000451621,0.12353516,0.66796875,0.7734375,0.11132812,0.05102539,0.07568359,0.00204468,0.09423828,0.10498047,0.24511719,0.02197266,"Cytoplasm, Nucleus",Nucleus
ENSP00000486501,0.07177734,0.4375,0.828125,0.03735352,0.06103516,0.12402344,0.00159454,0.12011719,0.02258301,0.01916504,0.00592041,Nucleus,Nucleus
ENSP00000457746,0.06103516,0.42773438,0.91015625,0.04663086,0.05932617,0.11425781,0.00239563,0.16699219,0.03063965,0.1484375,0.00075531,Nucleus,"Cytoplasm, Nucleus"
ENSP00000485289,0.13183594,0.796875,0.45898438,0.00393677,0.08496094,0.38085938,0.14746094,0.06933594,0.01855469,0.19042969,0.33984375,Cytoplasm,Cytoplasm
ENSP00000355743,0.06298828,0.26953125,0.92578125,0.03027344,0.0559082,0.10351562,0.0018692,0.05493164,0.0255127,0.07714844,0.00066757,Nucleus,Nucleus
ENSP00000481873,0.33398438,0.71875,0.38867188,0.07373047,0.26953125,0.36328125,0.00915527,0.23828125,0.18359375,0.24609375,0.01098633,Cytoplasm,Nucleus
ENSP00000384695,0.14550781,0.20800781,0.09130859,0.796875,0.14355469,0.10986328,0.06347656,0.25,0.45117188,0.31835938,0.00360107,Extracellular,"Endoplasmic reticulum, Golgi apparatus"
ENSP00000274054,0.00939941,0.578125,0.875,0.24902344,0.00628662,0.04345703,0.00164795,0.06103516,0.03027344,0.22558594,0.00317383,"Cytoplasm, Nucleus","Cytoplasm, Nucleus"
ENSP00000353013,0.8125,0.21191406,0.14550781,0.25390625,0.796875,0.08251953,0.00592041,0.27734375,0.3984375,0.46679688,0.16210938,"Membrane, Cell membrane",Endoplasmic reticulum
ENSP00000386297,0.1953125,0.49023438,0.24609375,0.890625,0.20019531,0.20019531,0.0022583,0.30859375,0.390625,0.31835938,0.12402344,"Cytoplasm, Extracellular",Cytoplasm
ENSP00000378228,0.60546875,0.7109375,0.43554688,0.05932617,0.66015625,0.07177734,0.00370789,0.26171875,0.7109375,0.5859375,0.00085449,"Membrane, Cytoplasm, Cell membrane, Lysosome/Vacuole",Golgi apparatus
ENSP00000318883,0.55859375,0.34375,0.20898438,0.21582031,0.203125,0.6328125,0.02294922,0.16894531,0.3671875,0.20703125,0.7734375,"Membrane, Peroxisome",Mitochondrion
ENSP00000484345,0.5625,0.67578125,0.43164062,0.06738281,0.5,0.22265625,0.00328064,0.37109375,0.61328125,0.47851562,0.01000977,"Membrane, Cytoplasm, Lysosome/Vacuole","Cytoplasm, Cell membrane"
ENSP00000355866,0.24121094,0.67578125,0.5234375,0.01324463,0.34960938,0.10107422,0.00491333,0.15722656,0.21289062,0.24316406,0.00491333,Cytoplasm,"Cytoplasm, Nucleus"
ENSP00000403974,0.06298828,0.4765625,0.75390625,0.03564453,0.0255127,0.078125,0.00082779,0.12353516,0.16894531,0.21289062,0.00592041,"Cytoplasm, Nucleus",Nucleus
ENSP00000366450,0.83984375,0.15820312,0.06445312,0.20214844,0.79296875,0.04394531,0.00830078,0.49414062,0.59765625,0.671875,0.06445312,"Membrane, Cell membrane, Lysosome/Vacuole, Golgi apparatus",Nucleus
ENSP00000413029,0.20703125,0.328125,0.25390625,0.71484375,0.16015625,0.11132812,0.04199219,0.375,0.3828125,0.47851562,0.17089844,Extracellular,Nucleus
ENSP00000395942,0.36523438,0.55859375,0.51171875,0.01544189,0.18457031,0.03686523,0.00096893,0.25585938,0.39453125,0.32421875,0.00915527,Cytoplasm,Golgi apparatus
ENSP00000414379,0.31054688,0.734375,0.55859375,0.00939941,0.22265625,0.47070312,0.12597656,0.33789062,0.11914062,0.13769531,0.0255127,"Cytoplasm, Nucleus",Cytoplasm
ENSP00000484162,0.14453125,0.52734375,0.73046875,0.0559082,0.14648438,0.34375,0.00288391,0.20019531,0.15917969,0.14453125,0.06298828,"Cytoplasm, Nucleus",Nucleus
ENSP00000355427,0.05102539,0.16992188,0.93359375,0.06640625,0.04736328,0.05493164,0.00050354,0.09277344,0.06298828,0.10107422,0.00382996,Nucleus,Nucleus
ENSP00000311318,0.31835938,0.49414062,0.6015625,0.078125,0.14257812,0.13085938,0.00012302,0.45507812,0.31640625,0.21582031,0.03613281,"Cytoplasm, Nucleus",Mitochondrion
ENSP00000263102,0.14746094,0.72265625,0.609375,0.01745605,0.12402344,0.16113281,0.00288391,0.11572266,0.22363281,0.15136719,0.00254822,"Cytoplasm, Nucleus",Cytoplasm
ENSP00000388173,0.09521484,0.34765625,0.94140625,0.05175781,0.10253906,0.0402832,0.00043106,0.04077148,0.01745605,0.01586914,0.01135254,Nucleus,Nucleus
ENSP00000346196,0.2734375,0.2109375,0.16308594,0.09130859,0.10351562,0.91015625,0.00521851,0.07080078,0.04956055,0.11914062,0.03613281,Mitochondrion,Mitochondrion
ENSP00000503886,0.14648438,0.69140625,0.72265625,0.0043335,0.08886719,0.03112793,0.00124359,0.31835938,0.20019531,0.28710938,0.00082779,"Cytoplasm, Nucleus","Cytoplasm, Nucleus"
ENSP00000356046,0.296875,0.8046875,0.46289062,0.00491333,0.421875,0.24804688,0.00370789,0.08496094,0.22851562,0.13574219,0.01324463,Cytoplasm,Nucleus
ENSP00000481304,0.6171875,0.49609375,0.43164062,0.00735474,0.28320312,0.41796875,0.0022583,0.609375,0.703125,0.6171875,0.08740234,"Membrane, Cytoplasm, Lysosome/Vacuole",Nucleus
ENSP00000358932,0.43554688,0.44921875,0.36132812,0.14257812,0.21191406,0.4765625,0.01495361,0.44335938,0.375,0.30078125,0.51171875,None,Nucleus
ENSP00000311486,0.36132812,0.54296875,0.5,0.09814453,0.328125,0.38671875,0.01696777,0.4375,0.390625,0.37109375,0.02197266,Cytoplasm,Lysosome/Vacuole
ENSP00000489696,0.36132812,0.55078125,0.578125,0.05029297,0.11914062,0.29101562,0.08740234,0.09521484,0.0534668,0.26757812,0.11132812,"Cytoplasm, Nucleus",Cytoplasm
ENSP00000403044,0.1875,0.65234375,0.38476562,0.01696777,0.08740234,0.22265625,0.00860596,0.02331543,0.09423828,0.11132812,0.00610352,Cytoplasm,Nucleus
ENSP00000497587,0.32617188,0.1640625,0.11279297,0.04345703,0.09130859,0.921875,0.06176758,0.04882812,0.12695312,0.15722656,0.06835938,Mitochondrion,Mitochondrion
ENSP00000357484,0.43945312,0.6484375,0.49609375,0.02441406,0.31054688,0.15234375,0.00106812,0.21289062,0.11572266,0.5390625,0.0088501,Cytoplasm,Golgi apparatus
ENSP00000333049,0.42773438,0.57421875,0.68359375,0.03613281,0.52734375,0.10498047,0.0018692,0.06005859,0.23339844,0.12597656,0.0018692,"Cytoplasm, Nucleus, Cell membrane","Cytoplasm, Nucleus"
ENSP00000477967,0.55078125,0.3203125,0.2265625,0.265625,0.18945312,0.68359375,0.01879883,0.12988281,0.21875,0.1796875,0.8828125,"Membrane, Mitochondrion, Peroxisome",Mitochondrion
ENSP00000354961,0.671875,0.11914062,0.5,0.01452637,0.3984375,0.06176758,0.00075531,0.80859375,0.03686523,0.02929688,0.00247192,"Membrane, Endoplasmic reticulum",Mitochondrion
ENSP00000339530,0.05834961,0.30859375,0.85546875,0.00610352,0.04663086,0.11767578,0.00212097,0.16210938,0.05175781,0.01831055,0.00044441,Nucleus,Nucleus
ENSP00000275227,0.8359375,0.14160156,0.09960938,0.0279541,0.671875,0.125,0.00262451,0.43554688,0.8125,0.7265625,0.0043335,"Membrane, Cell membrane, Lysosome/Vacuole, Golgi apparatus",Cytoplasm
ENSP00000433771,0.22167969,0.83203125,0.515625,0.00297546,0.28710938,0.19238281,0.00405884,0.09960938,0.23535156,0.12158203,0.01000977,Cytoplasm,Nucleus
ENSP00000497847,0.203125,0.78125,0.46875,0.0324707,0.31835938,0.4140625,0.00860596,0.27539062,0.44921875,0.4375,0.04077148,Cytoplasm,Cytoplasm
ENSP00000438460,0.359375,0.16308594,0.69921875,0.49609375,0.39257812,0.41796875,0.00231934,0.17578125,0.21972656,0.10107422,0.99609375,"Nucleus, Peroxisome",Nucleus
ENSP00000268379,0.33007812,0.21191406,0.078125,0.12353516,0.07080078,0.921875,0.12695312,0.0534668,0.10693359,0.08398438,0.02978516,Mitochondrion,Mitochondrion
ENSP00000503453,0.1953125,0.31835938,0.75390625,0.05419922,0.10693359,0.28320312,0.00610352,0.13671875,0.18945312,0.078125,0.03417969,Nucleus,Nucleus
ENSP00000379285,0.328125,0.15527344,0.12890625,0.06298828,0.12353516,0.91796875,0.09130859,0.12597656,0.08496094,0.10498047,0.06933594,Mitochondrion,Mitochondrion
ENSP00000357914,0.04467773,0.27734375,0.96875,0.06640625,0.02331543,0.01879883,0.00060654,0.03173828,0.01916504,0.0378418,0.00064468,Nucleus,Nucleus
ENSP00000333779,0.78515625,0.15722656,0.13769531,0.15429688,0.6953125,0.10351562,0.01068115,0.24902344,0.671875,0.359375,0.16796875,"Membrane, Cell membrane, Lysosome/Vacuole",Cell membrane
ENSP00000397759,0.51171875,0.65234375,0.30664062,0.03857422,0.30664062,0.24609375,0.01745605,0.4453125,0.66015625,0.86328125,0.01544189,"Membrane, Cytoplasm, Lysosome/Vacuole, Golgi apparatus",Golgi apparatus
ENSP00000307260,0.73828125,0.21875,0.29296875,0.03515625,0.28125,0.26367188,0.01745605,0.74609375,0.4140625,0.39648438,0.10107422,"Membrane, Endoplasmic reticulum",Cytoplasm
ENSP00000423712,0.11425781,0.50390625,0.69140625,0.01165771,0.04394531,0.05737305,0.00124359,0.03063965,0.02600098,0.04272461,0.01031494,"Cytoplasm, Nucleus","Cytoplasm, Cell membrane"
ENSP00000380142,0.28515625,0.47851562,0.640625,0.0378418,0.1796875,0.24609375,0.01544189,0.09814453,0.21777344,0.09960938,0.03063965,"Cytoplasm, Nucleus",Nucleus
ENSP00000490739,0.43164062,0.47070312,0.34375,0.18164062,0.28710938,0.19921875,0.00150299,0.125,0.41210938,0.03735352,0.57421875,Cytoplasm,"Cytoplasm, Nucleus, Cell membrane"
ENSP00000429947,0.20800781,0.6796875,0.5546875,0.0057373,0.14355469,0.15234375,0.00382996,0.31835938,0.36523438,0.27148438,0.02478027,"Cytoplasm, Nucleus",Cytoplasm
ENSP00000276603,0.14355469,0.3125,0.8203125,0.02124023,0.08154297,0.20898438,0.00271606,0.10107422,0.10693359,0.09130859,0.02331543,Nucleus,Nucleus
ENSP00000383919,0.24511719,0.80859375,0.34375,0.24902344,0.3515625,0.07177734,0.0005188,0.08398438,0.15429688,0.40820312,0.0057373,Cytoplasm,"Cytoplasm, Nucleus"
ENSP00000497692,0.39648438,0.53125,0.515625,0.09521484,0.22949219,0.23242188,0.02978516,0.375,0.37304688,0.25195312,0.01324463,Cytoplasm,Nucleus
ENSP00000438154,0.07910156,0.6328125,0.4296875,0.22851562,0.13378906,0.09814453,0.00154877,0.06347656,0.11279297,0.10839844,0.00421143,Cytoplasm,"Cytoplasm, Nucleus"
ENSP00000408854,0.17675781,0.52734375,0.5390625,0.05737305,0.10107422,0.14550781,0.0088501,0.12988281,0.265625,0.22167969,0.0390625,"Cytoplasm, Nucleus",Nucleus
ENSP00000254928,0.19042969,0.19042969,0.15136719,0.06347656,0.05834961,0.93359375,0.02197266,0.10986328,0.09423828,0.11425781,0.08642578,Mitochondrion,"Cytoplasm, Mitochondrion"
ENSP00000376597,0.19335938,0.34960938,0.609375,0.07373047,0.06445312,0.19726562,0.00506592,0.140625,0.39257812,0.46679688,0.00262451,Nucleus,Nucleus
ENSP00000275072,0.17578125,0.70703125,0.42382812,0.53125,0.24316406,0.11767578,0.00610352,0.23242188,0.34765625,0.21484375,0.25585938,Cytoplasm,Nucleus
ENSP00000476746,0.07177734,0.34960938,0.875,0.02636719,0.0390625,0.06005859,0.00405884,0.11572266,0.05493164,0.06005859,0.00805664,Nucleus,Nucleus
ENSP00000248450,0.09814453,0.5,0.8515625,0.00145721,0.22558594,0.0559082,0.02758789,0.00915527,0.13085938,0.01879883,0.08496094,"Cytoplasm, Nucleus",Cytoplasm
ENSP00000435375,0.1328125,0.45507812,0.75390625,0.0324707,0.04077148,0.13378906,0.00013161,0.20019531,0.02331543,0.0267334,0.04345703,Nucleus,Nucleus
ENSP00000483972,0.23828125,0.69921875,0.40039062,0.0402832,0.15234375,0.36328125,0.00915527,0.05102539,0.15722656,0.15722656,0.02038574,Cytoplasm,Nucleus
ENSP00000417207,0.27734375,0.26171875,0.73828125,0.00610352,0.31054688,0.07177734,0.00064468,0.03320312,0.31054688,0.05737305,0.05273438,Nucleus,Nucleus
ENSP00000432878,0.46289062,0.69921875,0.27734375,0.2109375,0.38476562,0.3515625,0.16210938,0.32617188,0.32226562,0.8125,0.10351562,"Membrane, Cytoplasm, Golgi apparatus","Cytoplasm, Cell membrane, Endoplasmic reticulum"
ENSP00000355814,0.19921875,0.62109375,0.42773438,0.03564453,0.18457031,0.45703125,0.09130859,0.28515625,0.18359375,0.1875,0.05932617,Cytoplasm,Cytoplasm
ENSP00000302321,0.41601562,0.18945312,0.09130859,0.10693359,0.23339844,0.93359375,0.02258301,0.10693359,0.09130859,0.11572266,0.0534668,Mitochondrion,Mitochondrion
ENSP00000414103,0.640625,0.50390625,0.34179688,0.15234375,0.40234375,0.453125,0.03857422,0.6875,0.48632812,0.7578125,0.12158203,"Membrane, Cytoplasm, Endoplasmic reticulum, Golgi apparatus",Golgi apparatus
ENSP00000367483,0.24121094,0.32617188,0.22167969,0.7265625,0.2734375,0.11132812,0.00939941,0.390625,0.15722656,0.16210938,0.03955078,Extracellular,Nucleus
ENSP00000331927,0.08496094,0.16894531,0.8359375,0.078125,0.06347656,0.08056641,0.00073242,0.04541016,0.04736328,0.02294922,0.00805664,Nucleus,Nucleus
ENSP00000507848,0.32421875,0.49023438,0.5625,0.01831055,0.17578125,0.25,0.0055542,0.24609375,0.3828125,0.13769531,0.01361084,"Cytoplasm, Nucleus","Cytoplasm, Nucleus, Cell membrane"
ENSP00000369361,0.2890625,0.78125,0.296875,0.16796875,0.30078125,0.17480469,0.00668335,0.10693359,0.19238281,0.20410156,0.01495361,Cytoplasm,Cytoplasm
ENSP00000326194,0.15039062,0.66796875,0.65234375,0.02636719,0.04663086,0.21582031,0.00102997,0.29492188,0.18164062,0.37890625,0.0324707,"Cytoplasm, Nucleus",Nucleus
ENSP00000252115,0.06347656,0.4140625,0.8203125,0.03857422,0.07470703,0.03735352,0.00128174,0.05932617,0.06640625,0.04541016,0.00128174,Nucleus,"Cytoplasm, Nucleus"
ENSP00000357881,0.04345703,0.359375,0.8828125,0.0255127,0.02758789,0.06640625,0.01544189,0.02404785,0.02331543,0.03735352,0.0022583,Nucleus,"Cytoplasm, Nucleus, Cell membrane"
ENSP00000386502,0.3046875,0.58203125,0.57421875,0.04882812,0.41796875,0.40820312,0.01202393,0.0402832,0.18847656,0.08496094,0.00132751,"Cytoplasm, Nucleus",Nucleus
ENSP00000401820,0.15136719,0.19042969,0.08056641,0.80859375,0.15625,0.10498047,0.06005859,0.22558594,0.47460938,0.33203125,0.00308228,Extracellular,"Endoplasmic reticulum, Golgi apparatus"
ENSP00000440875,0.87109375,0.23046875,0.08642578,0.23339844,0.8828125,0.15820312,0.00689697,0.37304688,0.5234375,0.6484375,0.06542969,"Membrane, Cell membrane",Golgi apparatus
ENSP00000445928,0.12011719,0.40234375,0.73046875,0.22851562,0.14746094,0.19335938,0.00360107,0.14648438,0.10693359,0.12695312,0.01794434,Nucleus,Nucleus
ENSP00000497268,0.15234375,0.51953125,0.703125,0.02844238,0.10253906,0.11572266,0.02038574,0.08642578,0.26953125,0.09814453,0.01495361,"Cytoplasm, Nucleus",Nucleus
ENSP00000368686,0.24902344,0.5,0.86328125,0.01068115,0.15917969,0.21289062,0.00068665,0.140625,0.06542969,0.13183594,0.23339844,"Cytoplasm, Nucleus",Nucleus
ENSP00000385020,0.4609375,0.58984375,0.3515625,0.44726562,0.41015625,0.08740234,0.00128174,0.04394531,0.14941406,0.40234375,0.00085449,"Membrane, Cytoplasm",Cell membrane
ENSP00000358300,0.08886719,0.30078125,0.83984375,0.41015625,0.04345703,0.08886719,0.00297546,0.10351562,0.07373047,0.1328125,0.0005722,Nucleus,Nucleus
ENSP00000470652,0.65625,0.14355469,0.41015625,0.01202393,0.11279297,0.20019531,0.00062561,0.7578125,0.18847656,0.7578125,0.01696777,"Membrane, Endoplasmic reticulum, Golgi apparatus",Golgi apparatus
ENSP00000283921,0.12988281,0.29882812,0.84765625,0.04956055,0.09667969,0.10253906,0.00317383,0.06738281,0.15722656,0.06176758,0.01324463,Nucleus,Nucleus
ENSP00000286234,0.52734375,0.56640625,0.40039062,0.04272461,0.515625,0.26953125,0.01586914,0.17871094,0.56640625,0.51171875,0.00218201,"Membrane, Cytoplasm, Lysosome/Vacuole","Nucleus, Mitochondrion"
ENSP00000445690,0.29882812,0.75,0.4921875,0.02331543,0.18457031,0.19335938,0.00262451,0.23046875,0.17675781,0.51171875,0.00382996,Cytoplasm,Golgi apparatus
ENSP00000393333,0.9140625,0.15039062,0.06542969,0.02844238,0.8671875,0.16894531,0.00610352,0.39453125,0.484375,0.36914062,0.00915527,"Membrane, Cell membrane",Cell membrane
ENSP00000228741,0.01635742,0.51171875,0.95703125,0.08056641,0.0078125,0.02404785,0.00239563,0.06445312,0.01452637,0.00970459,0.00650024,"Cytoplasm, Nucleus",Nucleus
ENSP00000446242,0.44335938,0.4140625,0.45117188,0.26171875,0.20800781,0.6875,0.00735474,0.34375,0.328125,0.27148438,0.3125,Mitochondrion,Mitochondrion
ENSP00000357442,0.05834961,0.359375,0.91015625,0.07373047,0.04882812,0.04467773,0.01098633,0.10498047,0.01879883,0.07373047,0.00170135,Nucleus,Nucleus
ENSP00000502176,0.22949219,0.26757812,0.13476562,0.11425781,0.07470703,0.90234375,0.19824219,0.04882812,0.11425781,0.1328125,0.0267334,Mitochondrion,Mitochondrion
ENSP00000388506,0.15039062,0.25585938,0.70703125,0.04150391,0.07080078,0.06298828,0.00939941,0.08496094,0.0324707,0.51953125,0.00328064,Nucleus,Nucleus
ENSP00000296839,0.06176758,0.38671875,0.80859375,0.02758789,0.09521484,0.14550781,0.00159454,0.02722168,0.02331543,0.01452637,0.01324463,Nucleus,Nucleus
ENSP00000273588,0.18554688,0.25,0.12109375,0.13183594,0.11425781,0.9296875,0.01586914,0.06542969,0.07470703,0.09814453,0.07373047,Mitochondrion,Mitochondrion
ENSP00000388357,0.04882812,0.40039062,0.875,0.04956055,0.02478027,0.06445312,0.0071106,0.05102539,0.0324707,0.07373047,0.00058746,Nucleus,Nucleus
ENSP00000387729,0.20703125,0.76953125,0.6171875,0.0480957,0.16308594,0.078125,0.00860596,0.20703125,0.30859375,0.31445312,0.0055542,"Cytoplasm, Nucleus","Cytoplasm, Cell membrane"
ENSP00000381461,0.16601562,0.4765625,0.44140625,0.04394531,0.11914062,0.09521484,0.07177734,0.07470703,0.08056641,0.37890625,0.02844238,Cytoplasm,Nucleus
ENSP00000315587,0.06640625,0.23925781,0.94140625,0.04541016,0.04272461,0.05737305,0.00043106,0.04541016,0.02478027,0.0559082,0.00021648,Nucleus,Nucleus
ENSP00000358033,0.27734375,0.20410156,0.11767578,0.07177734,0.07177734,0.875,0.12353516,0.08251953,0.07275391,0.13378906,0.06640625,Mitochondrion,Cytoplasm
ENSP00000426560,0.05273438,0.265625,0.87109375,0.26171875,0.02600098,0.24902344,0.00212097,0.12988281,0.02404785,0.12890625,0.00537109,Nucleus,Nucleus
ENSP00000483421,0.17578125,0.18847656,0.08642578,0.8203125,0.1640625,0.12353516,0.06445312,0.21777344,0.4609375,0.328125,0.00204468,Extracellular,"Endoplasmic reticulum, Golgi apparatus"
ENSP00000438521,0.5703125,0.62109375,0.41210938,0.05419922,0.546875,0.22167969,0.00650024,0.42578125,0.39257812,0.51953125,0.02478027,"Membrane, Cytoplasm, Cell membrane","Cytoplasm, Nucleus"
ENSP00000420269,0.2578125,0.25,0.16601562,0.31835938,0.11914062,0.671875,0.47460938,0.07470703,0.08886719,0.18457031,0.20410156,Mitochondrion,Cytoplasm
ENSP00000340883,0.12988281,0.5703125,0.90234375,0.15625,0.10839844,0.09423828,0.00124359,0.15722656,0.20703125,0.06176758,0.00460815,"Cytoplasm, Nucleus",Nucleus
ENSP00000422951,0.18164062,0.52734375,0.74609375,0.10986328,0.18261719,0.24511719,0.11425781,0.05029297,0.00915527,0.13867188,0.00830078,"Cytoplasm, Nucleus","Cytoplasm, Cell membrane, Endoplasmic reticulum"
ENSP00000445481,0.4140625,0.56640625,0.5078125,0.11132812,0.34179688,0.33398438,0.02294922,0.40429688,0.44335938,0.5078125,0.01544189,Cytoplasm,Lysosome/Vacuole
ENSP00000504470,0.16308594,0.33789062,0.80078125,0.02404785,0.09033203,0.2734375,0.00271606,0.09960938,0.13574219,0.12109375,0.04663086,Nucleus,Nucleus
ENSP00000408963,0.0071106,0.5625,0.859375,0.26171875,0.003479,0.05102539,0.00308228,0.06176758,0.01696777,0.15722656,0.00537109,"Cytoplasm, Nucleus","Cytoplasm, Nucleus"
ENSP00000399234,0.328125,0.515625,0.6328125,0.07373047,0.12792969,0.15917969,0.00231934,0.28320312,0.16210938,0.38671875,0.02368164,"Cytoplasm, Nucleus","Cytoplasm, Nucleus"
ENSP00000317437,0.18847656,0.640625,0.71875,0.02001953,0.13574219,0.11132812,0.00164795,0.30664062,0.23925781,0.06835938,0.06005859,"Cytoplasm, Nucleus","Endoplasmic reticulum, Golgi apparatus"
ENSP00000479512,0.21191406,0.54296875,0.57421875,0.51953125,0.29492188,0.3125,0.00070953,0.27734375,0.12255859,0.06176758,0.01324463,"Cytoplasm, Nucleus",Cytoplasm
ENSP00000246115,0.890625,0.20410156,0.08251953,0.02331543,0.91796875,0.11572266,0.00317383,0.23828125,0.29492188,0.21191406,0.02978516,"Membrane, Cell membrane",Mitochondrion
ENSP00000437207,0.30078125,0.79296875,0.47851562,0.23632812,0.5078125,0.11425781,0.00150299,0.18457031,0.28320312,0.24316406,0.00805664,Cytoplasm,"Nucleus, Cell membrane"
ENSP00000351040,0.078125,0.5546875,0.79296875,0.12695312,0.08251953,0.14550781,0.00476074,0.20019531,0.08056641,0.28125,0.03735352,"Cytoplasm, Nucleus",Nucleus
ENSP00000318575,0.15234375,0.6953125,0.375,0.0255127,0.12402344,0.09814453,0.00132751,0.13671875,0.2265625,0.1328125,0.07177734,Cytoplasm,Cytoplasm
ENSP00000485288,0.16308594,0.671875,0.52734375,0.00970459,0.07080078,0.56640625,0.04663086,0.06347656,0.08398438,0.20605469,0.16210938,Cytoplasm,Cytoplasm
ENSP00000471403,0.06835938,0.25585938,0.890625,0.0378418,0.03063965,0.13085938,0.00132751,0.13378906,0.05737305,0.05932617,0.00066757,Nucleus,"Nucleus, Cell membrane"
ENSP00000386738,0.06542969,0.86328125,0.58203125,0.09277344,0.05175781,0.03027344,0.00136566,0.06347656,0.04663086,0.01586914,0.09667969,"Cytoplasm, Nucleus",Cytoplasm
ENSP00000320431,0.69921875,0.24121094,0.24804688,0.31640625,0.16113281,0.22167969,0.00337219,0.55078125,0.17578125,0.7578125,0.02197266,"Membrane, Golgi apparatus",Golgi apparatus
ENSP00000260563,0.33789062,0.53125,0.67578125,0.05102539,0.11279297,0.34570312,0.00128174,0.01495361,0.01745605,0.05029297,0.07177734,"Cytoplasm, Nucleus",Nucleus
ENSP00000401014,0.08398438,0.4296875,0.83203125,0.01403809,0.17480469,0.11914062,0.02331543,0.02062988,0.01586914,0.01745605,0.00521851,Nucleus,Nucleus
ENSP00000243082,0.26171875,0.50390625,0.703125,0.12011719,0.21582031,0.30273438,0.01245117,0.3671875,0.1484375,0.09277344,0.03564453,"Cytoplasm, Nucleus",Nucleus
ENSP00000266544,0.43945312,0.15625,0.10253906,0.05932617,0.19335938,0.8828125,0.44921875,0.06298828,0.12109375,0.14550781,0.06176758,Mitochondrion,Mitochondrion
ENSP00000452454,0.05493164,0.4921875,0.8515625,0.00915527,0.03515625,0.05419922,0.00091171,0.09814453,0.05737305,0.17285156,0.00132751,"Cytoplasm, Nucleus",Nucleus
ENSP00000426083,0.41992188,0.58984375,0.19433594,0.17089844,0.4140625,0.49414062,0.02404785,0.07275391,0.1875,0.10351562,0.0088501,Cytoplasm,"Cytoplasm, Cell membrane"
ENSP00000359095,0.06933594,0.46484375,0.8203125,0.15527344,0.07568359,0.3359375,0.00040436,0.06835938,0.06347656,0.08642578,0.00145721,Nucleus,Nucleus
ENSP00000405752,0.515625,0.6796875,0.29101562,0.0255127,0.29882812,0.28515625,0.01916504,0.359375,0.68359375,0.86328125,0.00970459,"Membrane, Cytoplasm, Lysosome/Vacuole, Golgi apparatus",Golgi apparatus
ENSP00000459933,0.11279297,0.6953125,0.72265625,0.04077148,0.04150391,0.15429688,0.0071106,0.5234375,0.25585938,0.25390625,0.00132751,"Cytoplasm, Nucleus",Nucleus
ENSP00000379284,0.30664062,0.55078125,0.41992188,0.06005859,0.32617188,0.16796875,0.06835938,0.21191406,0.18164062,0.16113281,0.00628662,Cytoplasm,Mitochondrion
ENSP00000335060,0.32617188,0.71484375,0.18847656,0.13378906,0.15429688,0.703125,0.00218201,0.30078125,0.46875,0.60546875,0.20214844,"Cytoplasm, Mitochondrion",Mitochondrion
ENSP00000357215,0.08398438,0.24511719,0.8203125,0.28515625,0.08740234,0.00521851,0.00060654,0.02001953,0.06542969,0.5,0.01635742,Nucleus,Nucleus
ENSP00000313822,0.05493164,0.31835938,0.91015625,0.02441406,0.01361084,0.21582031,0.00280762,0.04150391,0.02331543,0.08886719,0.00328064,Nucleus,Nucleus
ENSP00000483921,0.1640625,0.51953125,0.83203125,0.02258301,0.12255859,0.08496094,0.00650024,0.21191406,0.16113281,0.18847656,0.00689697,"Cytoplasm, Nucleus",Nucleus
ENSP00000430121,0.22265625,0.57421875,0.703125,0.10498047,0.15039062,0.171875,0.01635742,0.17675781,0.15527344,0.18554688,0.04882812,"Cytoplasm, Nucleus",Nucleus
ENSP00000342699,0.17089844,0.703125,0.515625,0.09814453,0.09277344,0.08056641,0.00159454,0.07910156,0.19335938,0.23339844,0.03515625,Cytoplasm,"Cytoplasm, Nucleus"
ENSP00000265732,0.06298828,0.33984375,0.90234375,0.05029297,0.08398438,0.03955078,0.00055313,0.07275391,0.01202393,0.04077148,0.00198364,Nucleus,Nucleus
ENSP00000274031,0.04394531,0.62890625,0.734375,0.03955078,0.03613281,0.06738281,0.06103516,0.19238281,0.12353516,0.13183594,0.00062561,"Cytoplasm, Nucleus",Nucleus
ENSP00000370532,0.02844238,0.3203125,0.9140625,0.00689697,0.0255127,0.078125,0.00939941,0.04345703,0.02099609,0.0378418,0.00068665,Nucleus,Nucleus
ENSP00000493763,0.2109375,0.5078125,0.15722656,0.16894531,0.03198242,0.12695312,0.02233887,0.05737305,0.39648438,0.06298828,0.04077148,Cytoplasm,Nucleus
ENSP00000427300,0.25195312,0.32421875,0.67578125,0.18554688,0.07373047,0.36914062,0.02038574,0.15527344,0.203125,0.21777344,0.00360107,Nucleus,Nucleus
ENSP00000339524,0.06640625,0.26367188,0.92578125,0.02331543,0.07275391,0.08251953,0.00136566,0.14453125,0.03686523,0.06103516,0.00085449,Nucleus,Nucleus
ENSP00000480216,0.10986328,0.66796875,0.65234375,0.03320312,0.15136719,0.33007812,0.00308228,0.06835938,0.21777344,0.10839844,0.01495361,"Cytoplasm, Nucleus","Cytoplasm, Nucleus"
ENSP00000431778,0.04467773,0.24804688,0.9453125,0.06103516,0.03857422,0.0534668,0.00060654,0.02758789,0.02062988,0.04663086,0.00023079,Nucleus,Nucleus
ENSP00000449746,0.16699219,0.5546875,0.6875,0.0480957,0.20898438,0.11425781,0.00068665,0.15917969,0.1875,0.06640625,0.00491333,"Cytoplasm, Nucleus",Cytoplasm
ENSP00000410603,0.3203125,0.53515625,0.69140625,0.03063965,0.45898438,0.19335938,0.00145721,0.25585938,0.46875,0.41210938,0.00460815,"Cytoplasm, Nucleus","Cytoplasm, Nucleus"
ENSP00000385529,0.5,0.46679688,0.47070312,0.02258301,0.4375,0.38476562,0.00860596,0.17480469,0.41992188,0.50390625,0.12109375,Membrane,Cytoplasm
ENSP00000413963,0.23925781,0.46484375,0.5546875,0.09960938,0.12011719,0.23339844,0.00830078,0.07373047,0.2890625,0.0255127,0.8671875,"Nucleus, Peroxisome",Cytoplasm
ENSP00000369411,0.21777344,0.39453125,0.43164062,0.00970459,0.06005859,0.14257812,0.00175476,0.3515625,0.06640625,0.04077148,0.01361084,None,Nucleus
ENSP00000355979,0.03515625,0.484375,0.90625,0.03173828,0.06005859,0.06640625,0.00860596,0.09521484,0.04882812,0.03027344,0.01281738,"Cytoplasm, Nucleus",Nucleus
ENSP00000503956,0.390625,0.17675781,0.08398438,0.08642578,0.21972656,0.93359375,0.02600098,0.08496094,0.08056641,0.09521484,0.03515625,Mitochondrion,Mitochondrion
ENSP00000489856,0.18457031,0.22851562,0.12792969,0.12158203,0.11279297,0.9296875,0.01403809,0.06933594,0.08056641,0.08886719,0.06640625,Mitochondrion,Mitochondrion
ENSP00000438158,0.12402344,0.75390625,0.59375,0.25976562,0.12158203,0.4921875,0.0078125,0.18554688,0.29882812,0.34375,0.03173828,"Cytoplasm, Nucleus",Cytoplasm
ENSP00000362685,0.23339844,0.58984375,0.44921875,0.09667969,0.20214844,0.16210938,0.01916504,0.13378906,0.2734375,0.19042969,0.02441406,Cytoplasm,Nucleus
ENSP00000502859,0.59375,0.3828125,0.21777344,0.07714844,0.22363281,0.49414062,0.10253906,0.25,0.17675781,0.15039062,0.12792969,Membrane,Mitochondrion
ENSP00000299163,0.12158203,0.6953125,0.30664062,0.03735352,0.08740234,0.27734375,0.07714844,0.20410156,0.09130859,0.23242188,0.00360107,Cytoplasm,"Cytoplasm, Nucleus"
ENSP00000489758,0.18554688,0.39453125,0.10986328,0.15527344,0.125,0.88671875,0.04199219,0.04956055,0.07177734,0.09277344,0.22363281,Mitochondrion,Mitochondrion
ENSP00000453463,0.04736328,0.26171875,0.9453125,0.171875,0.01916504,0.04956055,0.00164795,0.0255127,0.0279541,0.04199219,0.00068665,Nucleus,Nucleus
ENSP00000345702,0.07714844,0.39257812,0.77734375,0.19238281,0.04199219,0.04956055,0.00096893,0.11767578,0.03063965,0.11279297,0.00180817,Nucleus,Nucleus
ENSP00000303315,0.1328125,0.21875,0.87109375,0.0279541,0.10839844,0.12695312,0.03369141,0.02844238,0.05273438,0.01940918,0.00031471,Nucleus,Nucleus
ENSP00000463121,0.3984375,0.47851562,0.7109375,0.02929688,0.20410156,0.3515625,0.00317383,0.06298828,0.30078125,0.06298828,0.01495361,"Cytoplasm, Nucleus","Cytoplasm, Nucleus, Mitochondrion"
ENSP00000398124,0.40039062,0.41992188,0.85546875,0.01794434,0.20703125,0.29101562,0.00027847,0.13476562,0.08886719,0.21582031,0.27539062,Nucleus,Nucleus
ENSP00000243878,0.1953125,0.62890625,0.36914062,0.02600098,0.2109375,0.14355469,0.0007782,0.12255859,0.21875,0.09814453,0.04077148,Cytoplasm,"Cytoplasm, Cell membrane"
ENSP00000361171,0.13574219,0.21582031,0.859375,0.00939941,0.03027344,0.08056641,0.00218201,0.12402344,0.06445312,0.03466797,0.00218201,Nucleus,Nucleus
ENSP00000403660,0.80078125,0.3046875,0.06542969,0.06542969,0.7890625,0.09130859,0.00128174,0.3984375,0.3125,0.31835938,0.01495361,"Membrane, Cell membrane",Cell membrane
ENSP00000386280,0.65234375,0.26757812,0.5703125,0.21484375,0.26757812,0.2109375,0.00628662,0.13964844,0.17578125,0.01696777,0.15820312,"Membrane, Nucleus",Nucleus
ENSP00000269967,0.13378906,0.61328125,0.70703125,0.01696777,0.10253906,0.22851562,0.00066757,0.22949219,0.12109375,0.06835938,0.00689697,"Cytoplasm, Nucleus",Nucleus
ENSP00000357920,0.17675781,0.39453125,0.43164062,0.02001953,0.03063965,0.26367188,0.01794434,0.6484375,0.25390625,0.09521484,0.7109375,Endoplasmic reticulum,Cytoplasm
ENSP00000341843,0.07910156,0.50390625,0.81640625,0.05932617,0.07470703,0.16210938,0.00506592,0.08056641,0.13769531,0.15820312,0.00476074,"Cytoplasm, Nucleus",Nucleus
ENSP00000484534,0.03564453,0.47070312,0.94140625,0.00262451,0.02478027,0.37890625,0.0005722,0.01135254,0.05029297,0.00288391,0.00537109,"Cytoplasm, Nucleus",Nucleus
ENSP00000356974,0.34570312,0.23339844,0.18554688,0.85546875,0.50390625,0.13671875,0.00393677,0.3359375,0.32226562,0.21972656,0.07373047,Extracellular,Nucleus
ENSP00000263121,0.10107422,0.58203125,0.9375,0.47070312,0.10693359,0.03515625,0.00058746,0.12890625,0.1328125,0.05737305,0.00124359,"Cytoplasm, Nucleus",Nucleus
ENSP00000222567,0.04272461,0.2734375,0.92578125,0.06103516,0.02258301,0.00939941,0.00180817,0.11914062,0.01068115,0.12109375,0.00109863,Nucleus,Nucleus
ENSP00000204517,0.07470703,0.4765625,0.921875,0.0267334,0.04541016,0.10351562,0.00198364,0.02722168,0.14160156,0.18945312,0.003479,"Cytoplasm, Nucleus",Nucleus
ENSP00000438800,0.87109375,0.11279297,0.07177734,0.03198242,0.83203125,0.04467773,0.00317383,0.2421875,0.22363281,0.18457031,0.01977539,"Membrane, Cell membrane",Cell membrane
ENSP00000432382,0.515625,0.76171875,0.31054688,0.01452637,0.31445312,0.265625,0.0088501,0.26757812,0.671875,0.8203125,0.01000977,"Membrane, Cytoplasm, Lysosome/Vacuole, Golgi apparatus",Golgi apparatus
ENSP00000319739,0.359375,0.17675781,0.2421875,0.10253906,0.31835938,0.08398438,0.00231934,0.78125,0.3203125,0.33789062,0.00970459,Endoplasmic reticulum,Endoplasmic reticulum
ENSP00000468290,0.38671875,0.49609375,0.53125,0.5,0.19335938,0.50390625,0.0005722,0.29492188,0.35546875,0.39257812,0.375,"Cytoplasm, Nucleus",Mitochondrion
ENSP00000463424,0.3125,0.65234375,0.49023438,0.07177734,0.14550781,0.14550781,0.01403809,0.24316406,0.2109375,0.2578125,0.04736328,Cytoplasm,Cytoplasm
ENSP00000420802,0.71875,0.2421875,0.12353516,0.22949219,0.69140625,0.10351562,0.00308228,0.45703125,0.59375,0.359375,0.140625,"Membrane, Cell membrane, Lysosome/Vacuole",Cell membrane
ENSP00000360597,0.83984375,0.19921875,0.12158203,0.30078125,0.71484375,0.16308594,0.00204468,0.57421875,0.68359375,0.41210938,0.171875,"Membrane, Cell membrane, Lysosome/Vacuole",Cell membrane
ENSP00000364119,0.15429688,0.62890625,0.6328125,0.02124023,0.10839844,0.0534668,0.00360107,0.10107422,0.12109375,0.30078125,0.00102997,"Cytoplasm, Nucleus",Endoplasmic reticulum
ENSP00000478061,0.56640625,0.6015625,0.48046875,0.06176758,0.7265625,0.06347656,0.00689697,0.30078125,0.1328125,0.19921875,0.01831055,"Membrane, Cytoplasm, Cell membrane",Cell membrane
ENSP00000387119,0.3203125,0.5078125,0.46289062,0.07275391,0.34570312,0.22363281,0.01324463,0.15039062,0.34375,0.07080078,0.75390625,"Cytoplasm, Peroxisome",Cytoplasm
ENSP00000362328,0.8984375,0.21289062,0.12988281,0.09814453,0.828125,0.22265625,0.00592041,0.42578125,0.7421875,0.12988281,0.00830078,"Membrane, Cell membrane, Lysosome/Vacuole",Cell membrane
ENSP00000503132,0.15917969,0.2578125,0.87890625,0.01794434,0.07373047,0.2109375,0.03515625,0.07470703,0.08154297,0.06542969,0.0022583,Nucleus,Nucleus
ENSP00000469035,0.33203125,0.64453125,0.53125,0.03063965,0.20214844,0.0534668,0.00180817,0.06933594,0.10253906,0.10839844,0.35546875,"Cytoplasm, Nucleus",Golgi apparatus
ENSP00000426183,0.17480469,0.5390625,0.81640625,0.02258301,0.14355469,0.09130859,0.00650024,0.20605469,0.14746094,0.18457031,0.00650024,"Cytoplasm, Nucleus",Nucleus
ENSP00000435393,0.29492188,0.58984375,0.609375,0.04956055,0.16308594,0.328125,0.01452637,0.22265625,0.375,0.2421875,0.01202393,"Cytoplasm, Nucleus",Nucleus
ENSP00000332049,0.77734375,0.27734375,0.13769531,0.11767578,0.77734375,0.08496094,0.00537109,0.3984375,0.4375,0.44335938,0.09960938,"Membrane, Cell membrane",Cell membrane
ENSP00000392070,0.04663086,0.24902344,0.91796875,0.01452637,0.0267334,0.16894531,0.00120544,0.12792969,0.01635742,0.06347656,0.0007782,Nucleus,Nucleus
ENSP00000468069,0.07470703,0.32617188,0.79296875,0.17675781,0.07910156,0.15234375,0.00132751,0.05419922,0.1328125,0.03686523,0.00939941,Nucleus,Nucleus
ENSP00000374550,0.13574219,0.5234375,0.796875,0.08056641,0.10693359,0.24609375,0.01165771,0.13085938,0.15722656,0.08398438,0.12695312,"Cytoplasm, Nucleus",Cytoplasm
ENSP00000496837,0.34375,0.62890625,0.546875,0.01452637,0.19335938,0.17871094,0.0008049,0.53515625,0.33398438,0.2421875,0.00328064,"Cytoplasm, Nucleus","Cytoplasm, Nucleus"
ENSP00000427011,0.828125,0.25195312,0.16992188,0.06176758,0.8515625,0.13378906,0.00460815,0.23242188,0.58203125,0.30859375,0.02099609,"Membrane, Cell membrane, Lysosome/Vacuole",Nucleus
ENSP00000380217,0.76953125,0.25585938,0.11767578,0.19042969,0.734375,0.10351562,0.00297546,0.46679688,0.609375,0.3984375,0.17871094,"Membrane, Cell membrane, Lysosome/Vacuole",Cell membrane
ENSP00000473467,0.18359375,0.5703125,0.69140625,0.11132812,0.08251953,0.12255859,0.02722168,0.05273438,0.06298828,0.08740234,0.00254822,"Cytoplasm, Nucleus","Cytoplasm, Nucleus"
ENSP00000390152,0.31835938,0.17578125,0.20214844,0.875,0.46875,0.06347656,0.02099609,0.20019531,0.3203125,0.28320312,0.03112793,Extracellular,Cell membrane
ENSP00000480722,0.15429688,0.66015625,0.42578125,0.2109375,0.23046875,0.59375,0.00113678,0.09423828,0.04467773,0.07275391,0.35546875,Cytoplasm,"Nucleus, Golgi apparatus"
ENSP00000216807,0.04956055,0.51171875,0.828125,0.16992188,0.08642578,0.0480957,0.00082779,0.0480957,0.22558594,0.13671875,0.00154877,"Cytoplasm, Nucleus",Nucleus
ENSP00000291691,0.11914062,0.5234375,0.671875,0.359375,0.04150391,0.13085938,0.00120544,0.06005859,0.09814453,0.06103516,0.47070312,"Cytoplasm, Nucleus",Nucleus
ENSP00000504515,0.39453125,0.17773438,0.09423828,0.06835938,0.21777344,0.93359375,0.02038574,0.08496094,0.08886719,0.09033203,0.03112793,Mitochondrion,Mitochondrion
ENSP00000339326,0.31445312,0.65625,0.640625,0.3359375,0.33789062,0.2890625,0.00068665,0.19335938,0.24609375,0.19238281,0.00756836,"Cytoplasm, Nucleus","Cytoplasm, Nucleus, Cell membrane"
ENSP00000442500,0.05493164,0.28125,0.95703125,0.11914062,0.02233887,0.02294922,0.00099945,0.02758789,0.0559082,0.07568359,9.012e-05,Nucleus,Nucleus
ENSP00000437928,0.15527344,0.59375,0.7578125,0.02294922,0.140625,0.14941406,0.00421143,0.17578125,0.15039062,0.06542969,0.00756836,"Cytoplasm, Nucleus",Nucleus
ENSP00000468486,0.08251953,0.60546875,0.54296875,0.11767578,0.06542969,0.14550781,0.00393677,0.04077148,0.12402344,0.09667969,0.00141144,"Cytoplasm, Nucleus",Cytoplasm
ENSP00000326693,0.75,0.13378906,0.15917969,0.03417969,0.09033203,0.8671875,0.16015625,0.21582031,0.28125,0.22167969,0.39257812,"Membrane, Mitochondrion",Mitochondrion
ENSP00000496818,0.33007812,0.49609375,0.38867188,0.25,0.22167969,0.43164062,0.06176758,0.26367188,0.22363281,0.15429688,0.13769531,Cytoplasm,Nucleus
ENSP00000268125,0.546875,0.64453125,0.40039062,0.08056641,0.30859375,0.35546875,0.02368164,0.44726562,0.3125,0.265625,0.02636719,"Membrane, Cytoplasm",Cytoplasm
ENSP00000499450,0.45117188,0.10351562,0.14355469,0.03515625,0.06933594,0.89453125,0.18457031,0.07080078,0.07275391,0.1796875,0.13085938,Mitochondrion,Mitochondrion
ENSP00000359795,0.625,0.6171875,0.33007812,0.171875,0.71875,0.10839844,0.01068115,0.26953125,0.11572266,0.34960938,0.02758789,"Membrane, Cytoplasm, Cell membrane",Cytoplasm
ENSP00000486676,0.60546875,0.21777344,0.2890625,0.13574219,0.10693359,0.60546875,0.02197266,0.6953125,0.27734375,0.23535156,0.48242188,"Membrane, Endoplasmic reticulum",Cytoplasm
ENSP00000440227,0.1875,0.7265625,0.22851562,0.07373047,0.05029297,0.18457031,0.14648438,0.26367188,0.24121094,0.25390625,0.07275391,Cytoplasm,Cytoplasm
ENSP00000371408,0.734375,0.37109375,0.5390625,0.01202393,0.69921875,0.23046875,0.00271606,0.32226562,0.48046875,0.703125,0.02514648,"Membrane, Nucleus, Cell membrane, Golgi apparatus",Cell membrane
ENSP00000351211,0.91796875,0.10253906,0.11425781,0.01165771,0.85546875,0.33007812,0.01586914,0.23925781,0.26953125,0.03564453,0.04394531,"Membrane, Cell membrane",Cell membrane
ENSP00000312288,0.390625,0.16601562,0.09521484,0.04541016,0.07177734,0.9765625,0.34570312,0.04199219,0.07080078,0.04345703,0.10986328,Mitochondrion,Mitochondrion
ENSP00000385376,0.14355469,0.734375,0.50390625,0.07373047,0.08398438,0.10107422,0.00128174,0.06298828,0.21777344,0.22265625,0.02062988,Cytoplasm,"Cytoplasm, Nucleus"
ENSP00000308082,0.89453125,0.12255859,0.12597656,0.02124023,0.86328125,0.3203125,0.00445557,0.2734375,0.37304688,0.0534668,0.03686523,"Membrane, Cell membrane",Cell membrane
ENSP00000006015,0.23828125,0.2890625,0.78125,0.0279541,0.14257812,0.10986328,0.00128174,0.08398438,0.1484375,0.10253906,0.01495361,Nucleus,Nucleus
ENSP00000427329,0.0378418,0.57421875,0.859375,0.01696777,0.03613281,0.13085938,0.00668335,0.04077148,0.03686523,0.02368164,0.00308228,"Cytoplasm, Nucleus",Nucleus
ENSP00000364525,0.02478027,0.15136719,0.97265625,0.15429688,0.01544189,0.02478027,0.05932617,0.01586914,0.02294922,0.05029297,0.00073242,Nucleus,Nucleus
ENSP00000261245,0.2578125,0.55078125,0.74609375,0.01000977,0.26367188,0.21191406,0.00029564,0.23339844,0.16015625,0.08740234,0.00735474,"Cytoplasm, Nucleus",Nucleus
ENSP00000215742,0.05664062,0.43164062,0.82421875,0.10253906,0.06005859,0.26953125,0.00231934,0.18554688,0.09277344,0.06933594,0.02478027,Nucleus,Nucleus
ENSP00000430457,0.51953125,0.5703125,0.4296875,0.04614258,0.46679688,0.23339844,0.01855469,0.20214844,0.49023438,0.50390625,0.00460815,"Membrane, Cytoplasm","Nucleus, Mitochondrion"
ENSP00000478813,0.30859375,0.17773438,0.12597656,0.09423828,0.08740234,0.9296875,0.01245117,0.11425781,0.11132812,0.10351562,0.12597656,Mitochondrion,Mitochondrion
ENSP00000307695,0.22851562,0.65625,0.5,0.09033203,0.15722656,0.20605469,0.00128174,0.24902344,0.14453125,0.23242188,0.11767578,Cytoplasm,Nucleus
ENSP00000225972,0.8515625,0.13867188,0.390625,0.0480957,0.30664062,0.30273438,0.09814453,0.52734375,0.32421875,0.44921875,0.2265625,Membrane,Endoplasmic reticulum
ENSP00000380311,0.16015625,0.609375,0.77734375,0.02197266,0.11279297,0.14746094,0.00382996,0.20898438,0.18164062,0.10253906,0.00393677,"Cytoplasm, Nucleus",Nucleus
ENSP00000329214,0.66015625,0.24121094,0.18847656,0.453125,0.15429688,0.19335938,0.00915527,0.49023438,0.19042969,0.66796875,0.01324463,"Membrane, Golgi apparatus",Nucleus
ENSP00000321679,0.23535156,0.6171875,0.47851562,0.09033203,0.26171875,0.22265625,0.00668335,0.08642578,0.12695312,0.24511719,0.01794434,Cytoplasm,Nucleus
ENSP00000316042,0.10351562,0.69921875,0.69140625,0.06738281,0.14941406,0.0390625,0.00053406,0.3046875,0.10351562,0.01245117,0.0005722,"Cytoplasm, Nucleus",Nucleus
ENSP00000446680,0.23925781,0.29101562,0.76953125,0.03613281,0.11132812,0.12158203,0.00093842,0.10498047,0.14355469,0.10498047,0.02404785,Nucleus,Nucleus
ENSP00000346300,0.31640625,0.78125,0.42382812,0.04199219,0.3203125,0.08642578,0.00405884,0.06738281,0.27734375,0.44335938,0.00317383,Cytoplasm,Nucleus
ENSP00000279206,0.19042969,0.65234375,0.41601562,0.21289062,0.32617188,0.296875,0.00082779,0.25390625,0.05737305,0.19726562,0.90625,"Cytoplasm, Peroxisome",Nucleus
ENSP00000407646,0.20605469,0.51953125,0.58203125,0.265625,0.0534668,0.24316406,0.02722168,0.3359375,0.04199219,0.27539062,0.00421143,"Cytoplasm, Nucleus","Cytoplasm, Nucleus"
ENSP00000352831,0.2421875,0.47851562,0.62109375,0.01855469,0.17578125,0.27148438,0.11767578,0.02404785,0.09814453,0.04077148,0.04150391,"Cytoplasm, Nucleus",Nucleus
ENSP00000274000,0.6328125,0.375,0.51171875,0.01586914,0.51953125,0.296875,0.00915527,0.125,0.44335938,0.4296875,0.02844238,Membrane,Golgi apparatus
ENSP00000457284,0.28125,0.2578125,0.17285156,0.90625,0.37890625,0.14941406,0.00421143,0.22167969,0.36132812,0.35351562,0.02160645,Extracellular,"Cytoplasm, Cell membrane"
ENSP00000326305,0.9140625,0.16015625,0.14453125,0.01403809,0.30078125,0.91796875,0.04199219,0.3203125,0.1796875,0.28710938,0.27734375,"Membrane, Mitochondrion",Mitochondrion
ENSP00000393970,0.3125,0.6953125,0.47070312,0.125,0.203125,0.25585938,0.05932617,0.44335938,0.28710938,0.34375,0.01940918,Cytoplasm,Mitochondrion
ENSP00000275766,0.02844238,0.46289062,0.6875,0.08642578,0.02233887,0.10839844,0.00106812,0.06640625,0.02294922,0.05419922,0.00393677,Nucleus,Cytoplasm
ENSP00000446662,0.33984375,0.20800781,0.17675781,0.8046875,0.41992188,0.08740234,0.00668335,0.51171875,0.5,0.41796875,0.0088501,Extracellular,"Endoplasmic reticulum, Golgi apparatus"
ENSP00000416970,0.25390625,0.17578125,0.14648438,0.09960938,0.10693359,0.8984375,0.01544189,0.10839844,0.15234375,0.12792969,0.08251953,Mitochondrion,Mitochondrion
ENSP00000283429,0.18457031,0.6015625,0.30078125,0.21484375,0.16699219,0.22167969,0.00915527,0.140625,0.10253906,0.1875,0.25,Cytoplasm,Nucleus
ENSP00000503461,0.39257812,0.17480469,0.09277344,0.078125,0.20898438,0.9375,0.03063965,0.07568359,0.08251953,0.08398438,0.0324707,Mitochondrion,Mitochondrion
ENSP00000496754,0.06298828,0.29492188,0.828125,0.40039062,0.03173828,0.08740234,0.0008049,0.19238281,0.05273438,0.10107422,0.00045776,Nucleus,Nucleus
ENSP00000265523,0.04150391,0.55078125,0.609375,0.0088501,0.01281738,0.25195312,0.03515625,0.22265625,0.04394531,0.40820312,0.00689697,"Cytoplasm, Nucleus",Cytoplasm
ENSP00000408065,0.12890625,0.6953125,0.56640625,0.34375,0.1796875,0.06835938,0.00756836,0.10839844,0.13769531,0.20605469,0.00337219,"Cytoplasm, Nucleus",Nucleus
ENSP00000392629,0.39648438,0.23828125,0.203125,0.58203125,0.33398438,0.42773438,0.00297546,0.26367188,0.41210938,0.17675781,0.03369141,None,Cell membrane
ENSP00000371061,0.33007812,0.5703125,0.52734375,0.04663086,0.2265625,0.22558594,0.00317383,0.33984375,0.40234375,0.46289062,0.01940918,Cytoplasm,"Cytoplasm, Nucleus"
ENSP00000442224,0.07470703,0.375,0.87109375,0.10839844,0.05175781,0.0088501,0.00628662,0.078125,0.02636719,0.15234375,0.0055542,Nucleus,Nucleus
ENSP00000265164,0.34179688,0.73046875,0.47265625,0.2890625,0.35546875,0.40820312,0.0043335,0.25195312,0.30664062,0.25585938,0.01135254,Cytoplasm,Cytoplasm
ENSP00000438605,0.23535156,0.55078125,0.2578125,0.62890625,0.29101562,0.2890625,0.00175476,0.39648438,0.20410156,0.33203125,0.02368164,Cytoplasm,Golgi apparatus
ENSP00000429225,0.61328125,0.6640625,0.2421875,0.01324463,0.44726562,0.453125,0.01281738,0.58984375,0.47070312,0.78125,0.09033203,"Membrane, Cytoplasm, Golgi apparatus",Cytoplasm
ENSP00000420452,0.24804688,0.26757812,0.16992188,0.8203125,0.24121094,0.1640625,0.00460815,0.25390625,0.33398438,0.33789062,0.03857422,Extracellular,Nucleus
ENSP00000370990,0.12158203,0.20898438,0.88671875,0.02844238,0.09130859,0.07177734,0.00628662,0.02001953,0.04614258,0.07275391,0.01586914,Nucleus,Nucleus
ENSP00000413666,0.21972656,0.55078125,0.6796875,0.05834961,0.12353516,0.15136719,0.00297546,0.09130859,0.25585938,0.20898438,0.05493164,"Cytoplasm, Nucleus",Cytoplasm
ENSP00000296921,0.21484375,0.19824219,0.8203125,0.01165771,0.20214844,0.06835938,0.01745605,0.07177734,0.08496094,0.04150391,0.00592041,Nucleus,Nucleus
ENSP00000448029,0.8046875,0.27148438,0.14355469,0.17871094,0.74609375,0.1328125,0.00218201,0.44335938,0.60546875,0.48632812,0.10986328,"Membrane, Cell membrane, Lysosome/Vacuole","Endoplasmic reticulum, Golgi apparatus"
ENSP00000503416,0.04345703,0.31445312,0.90234375,0.07275391,0.03613281,0.03955078,0.00033569,0.04736328,0.02001953,0.05102539,0.00521851,Nucleus,"Cytoplasm, Nucleus"
ENSP00000452777,0.34375,0.11572266,0.06933594,0.12988281,0.11132812,0.95703125,0.08251953,0.06176758,0.06176758,0.125,0.03735352,Mitochondrion,Mitochondrion
ENSP00000361524,0.09521484,0.27734375,0.8671875,0.12109375,0.0402832,0.07080078,0.00033569,0.03063965,0.03466797,0.04077148,0.00476074,Nucleus,Nucleus
ENSP00000443578,0.27734375,0.51171875,0.48828125,0.24609375,0.07177734,0.40039062,0.02331543,0.41601562,0.08496094,0.30078125,0.0055542,Cytoplasm,"Cytoplasm, Nucleus"
ENSP00000345580,0.78515625,0.18261719,0.17480469,0.02514648,0.22167969,0.78125,0.02001953,0.31835938,0.1640625,0.11767578,0.0559082,"Membrane, Mitochondrion",Mitochondrion
ENSP00000362843,0.10986328,0.46875,0.75,0.06445312,0.078125,0.32421875,0.00421143,0.10693359,0.10498047,0.04663086,0.03515625,Nucleus,Nucleus
ENSP00000362691,0.27734375,0.4140625,0.66015625,0.02722168,0.16113281,0.1328125,0.02844238,0.13671875,0.28515625,0.09667969,0.02038574,Nucleus,Nucleus
ENSP00000262949,0.16113281,0.58984375,0.609375,0.07373047,0.16015625,0.17773438,0.00198364,0.08642578,0.15527344,0.3203125,0.04199219,"Cytoplasm, Nucleus",Nucleus
ENSP00000499274,0.24902344,0.4375,0.66796875,0.11425781,0.15234375,0.24902344,0.11132812,0.36523438,0.140625,0.2578125,0.00460815,Nucleus,Cell membrane
ENSP00000453021,0.41210938,0.6328125,0.32421875,0.16210938,0.328125,0.2578125,0.00735474,0.25585938,0.19042969,0.18554688,0.06738281,Cytoplasm,Nucleus
ENSP00000356374,0.08398438,0.609375,0.78515625,0.03369141,0.04663086,0.05029297,0.03515625,0.11767578,0.328125,0.42382812,0.32421875,"Cytoplasm, Nucleus",Nucleus
ENSP00000507343,0.21484375,0.6796875,0.51171875,0.01135254,0.16601562,0.12011719,0.00091171,0.6484375,0.36523438,0.453125,0.02038574,"Cytoplasm, Endoplasmic reticulum",Cytoplasm
ENSP00000415689,0.21582031,0.52734375,0.5859375,0.08154297,0.18945312,0.12353516,0.02478027,0.17871094,0.25585938,0.55078125,0.00537109,"Cytoplasm, Nucleus","Cytoplasm, Cell membrane"
ENSP00000377752,0.46289062,0.78515625,0.16796875,0.04467773,0.47070312,0.37304688,0.01135254,0.06933594,0.07910156,0.18554688,0.00610352,"Membrane, Cytoplasm",Cytoplasm
ENSP00000481885,0.12890625,0.4140625,0.82421875,0.12792969,0.07910156,0.421875,0.00521851,0.08886719,0.10693359,0.06445312,0.03173828,Nucleus,Nucleus
ENSP00000435422,0.03320312,0.37109375,0.9609375,0.12353516,0.04272461,0.01031494,0.01202393,0.03466797,0.00830078,0.01403809,0.00159454,Nucleus,Nucleus
ENSP00000357919,0.19726562,0.40429688,0.43945312,0.01452637,0.0255127,0.22949219,0.0279541,0.7265625,0.31835938,0.09423828,0.58203125,Endoplasmic reticulum,Cytoplasm
ENSP00000393316,0.8359375,0.12988281,0.17578125,0.03735352,0.33789062,0.203125,0.00915527,0.88671875,0.4375,0.33984375,0.01361084,"Membrane, Endoplasmic reticulum","Nucleus, Endoplasmic reticulum"
ENSP00000430243,0.22851562,0.71484375,0.51171875,0.22851562,0.08642578,0.22558594,0.04541016,0.33203125,0.29882812,0.46484375,0.15917969,Cytoplasm,Cell membrane
ENSP00000343717,0.25390625,0.62109375,0.24902344,0.1640625,0.12255859,0.63671875,0.03063965,0.26953125,0.5625,0.515625,0.85546875,"Cytoplasm, Peroxisome",Cytoplasm
ENSP00000281437,0.09667969,0.22265625,0.9140625,0.01281738,0.0402832,0.09277344,0.00262451,0.04736328,0.0534668,0.0402832,0.00805664,Nucleus,Nucleus
ENSP00000370508,0.32226562,0.12792969,0.12158203,0.06005859,0.08740234,0.95703125,0.11767578,0.02441406,0.05834961,0.10693359,0.03320312,Mitochondrion,"Nucleus, Mitochondrion"
ENSP00000401085,0.31445312,0.8203125,0.43164062,0.24609375,0.44726562,0.11767578,0.00231934,0.15722656,0.125,0.13183594,0.09960938,Cytoplasm,Nucleus
ENSP00000363055,0.20898438,0.67578125,0.40429688,0.07373047,0.2265625,0.3828125,0.00113678,0.19824219,0.23339844,0.16210938,0.02441406,Cytoplasm,"Cytoplasm, Nucleus"
ENSP00000463927,0.8125,0.2265625,0.14941406,0.16992188,0.8125,0.08886719,0.00506592,0.37890625,0.36914062,0.33984375,0.07470703,"Membrane, Cell membrane",Cell membrane
ENSP00000360594,0.02929688,0.31445312,0.953125,0.0267334,0.00970459,0.04956055,0.00317383,0.02404785,0.02258301,0.0267334,0.00254822,Nucleus,Nucleus
ENSP00000225576,0.640625,0.22265625,0.375,0.02514648,0.171875,0.23046875,0.03369141,0.59375,0.53125,0.58203125,0.04736328,Membrane,Golgi apparatus
ENSP00000450324,0.14746094,0.58203125,0.64453125,0.03173828,0.21777344,0.08251953,0.00075531,0.18261719,0.18457031,0.05419922,0.00360107,"Cytoplasm, Nucleus",Cytoplasm
ENSP00000264468,0.35742188,0.26171875,0.171875,0.6484375,0.40234375,0.10351562,0.01098633,0.26953125,0.22949219,0.25390625,0.01324463,Extracellular,Cell membrane
ENSP00000292894,0.07470703,0.42382812,0.6796875,0.14648438,0.06738281,0.39453125,0.00113678,0.13964844,0.15722656,0.08398438,0.05493164,Nucleus,Nucleus
ENSP00000504884,0.3359375,0.6953125,0.45898438,0.05102539,0.41015625,0.16113281,0.00073242,0.1796875,0.44335938,0.2890625,0.05273438,Cytoplasm,"Cytoplasm, Cell membrane"
ENSP00000480322,0.75,0.08886719,0.16894531,0.39257812,0.66796875,0.19238281,0.02062988,0.08398438,0.49609375,0.20019531,0.20605469,"Membrane, Cell membrane",Cell membrane
ENSP00000494695,0.1796875,0.36914062,0.76953125,0.07373047,0.13378906,0.32617188,0.04150391,0.1875,0.39648438,0.19042969,0.06640625,Nucleus,Nucleus
ENSP00000423075,0.07373047,0.52734375,0.82421875,0.0055542,0.06640625,0.07177734,0.01696777,0.06176758,0.09960938,0.04956055,0.00628662,"Cytoplasm, Nucleus",Nucleus
ENSP00000361338,0.890625,0.13085938,0.12109375,0.11132812,0.43554688,0.18261719,0.03320312,0.77734375,0.10839844,0.45898438,0.03417969,"Membrane, Endoplasmic reticulum",Nucleus
ENSP00000357932,0.25390625,0.65625,0.45507812,0.04663086,0.19824219,0.3828125,0.01794434,0.16992188,0.421875,0.52734375,0.07714844,Cytoplasm,Cytoplasm
ENSP00000309973,0.15820312,0.65625,0.5703125,0.20703125,0.16894531,0.17089844,0.01165771,0.1875,0.12890625,0.09277344,0.03857422,"Cytoplasm, Nucleus",Mitochondrion
ENSP00000307508,0.34765625,0.6875,0.49804688,0.09033203,0.27148438,0.01879883,0.0057373,0.12988281,0.11132812,0.13769531,0.00735474,Cytoplasm,Cytoplasm
ENSP00000280056,0.33398438,0.42382812,0.60546875,0.22949219,0.10693359,0.53125,0.00939941,0.19824219,0.14746094,0.12158203,0.14746094,Nucleus,Nucleus
ENSP00000436775,0.25585938,0.54296875,0.640625,0.01635742,0.26367188,0.4375,0.00610352,0.3984375,0.23535156,0.05834961,0.04272461,"Cytoplasm, Nucleus",Nucleus
ENSP00000407970,0.23828125,0.703125,0.33789062,0.24316406,0.390625,0.29492188,0.00280762,0.25585938,0.07714844,0.2109375,0.640625,Cytoplasm,Nucleus
ENSP00000497159,0.16894531,0.43359375,0.51953125,0.09960938,0.05493164,0.42773438,0.00521851,0.26171875,0.08398438,0.27929688,0.14941406,None,Cytoplasm
ENSP00000427754,0.4453125,0.55859375,0.3359375,0.03417969,0.26171875,0.55078125,0.00271606,0.21484375,0.5390625,0.18261719,0.01586914,Cytoplasm,"Cytoplasm, Nucleus"
ENSP00000309023,0.6328125,0.37109375,0.51171875,0.01495361,0.5234375,0.27539062,0.00735474,0.12988281,0.5,0.40625,0.03955078,Membrane,Golgi apparatus
ENSP00000484054,0.37890625,0.78515625,0.23046875,0.09277344,0.15039062,0.15136719,0.0071106,0.18359375,0.5234375,0.8046875,0.01586914,"Cytoplasm, Golgi apparatus",Golgi apparatus
ENSP00000411565,0.30664062,0.33203125,0.671875,0.19726562,0.11572266,0.53515625,0.01245117,0.13671875,0.11767578,0.11279297,0.08496094,Nucleus,Nucleus
ENSP00000366235,0.359375,0.48828125,0.42578125,0.02124023,0.265625,0.265625,0.00915527,0.30078125,0.484375,0.13964844,0.01031494,Cytoplasm,Cytoplasm
ENSP00000311697,0.140625,0.265625,0.17871094,0.90625,0.18359375,0.18261719,0.01202393,0.24121094,0.17871094,0.24316406,0.02197266,Extracellular,Nucleus
ENSP00000434982,0.41015625,0.54296875,0.4140625,0.00860596,0.35546875,0.05175781,0.05493164,0.73828125,0.15917969,0.33789062,0.02258301,"Cytoplasm, Endoplasmic reticulum",Cytoplasm
ENSP00000448952,0.24609375,0.80859375,0.2734375,0.05493164,0.18945312,0.08398438,0.00308228,0.0534668,0.55859375,0.20703125,0.00506592,Cytoplasm,Nucleus
ENSP00000422084,0.16308594,0.73828125,0.578125,0.07910156,0.08398438,0.08740234,0.01068115,0.17285156,0.16796875,0.32421875,0.02478027,"Cytoplasm, Nucleus","Cytoplasm, Cell membrane"
ENSP00000331268,0.21972656,0.8125,0.48828125,0.01831055,0.37304688,0.18457031,0.0480957,0.08056641,0.05493164,0.13183594,0.00393677,Cytoplasm,Cytoplasm
ENSP00000281703,0.19433594,0.6953125,0.515625,0.3359375,0.22167969,0.36523438,0.02124023,0.2421875,0.36132812,0.39453125,0.01165771,Cytoplasm,Cytoplasm
ENSP00000482293,0.07177734,0.58984375,0.76171875,0.04394531,0.07080078,0.14941406,0.00393677,0.04272461,0.12890625,0.10839844,0.00370789,"Cytoplasm, Nucleus",Nucleus
ENSP00000475617,0.12792969,0.3125,0.87890625,0.11425781,0.07275391,0.09960938,0.00445557,0.06445312,0.15917969,0.11132812,0.07568359,Nucleus,Nucleus
ENSP00000434049,0.08642578,0.19335938,0.80859375,0.12011719,0.07714844,0.08251953,0.00060654,0.03955078,0.06542969,0.02331543,0.02038574,Nucleus,"Cytoplasm, Nucleus"
ENSP00000412620,0.09130859,0.26367188,0.88671875,0.12597656,0.09814453,0.00445557,0.00070953,0.0255127,0.04345703,0.328125,0.03417969,Nucleus,Nucleus
ENSP00000362842,0.11279297,0.53125,0.78125,0.06298828,0.11572266,0.19824219,0.0057373,0.06738281,0.19921875,0.20019531,0.00328064,"Cytoplasm, Nucleus",Nucleus
ENSP00000501353,0.14453125,0.65625,0.5703125,0.07373047,0.10107422,0.14746094,0.00212097,0.17480469,0.17480469,0.30078125,0.08886719,"Cytoplasm, Nucleus",Cell membrane
ENSP00000495429,0.05493164,0.30078125,0.859375,0.12988281,0.02441406,0.12158203,0.00297546,0.09667969,0.02478027,0.07714844,0.00308228,Nucleus,Nucleus
ENSP00000467497,0.09277344,0.37890625,0.9140625,0.00297546,0.12109375,0.09521484,0.00317383,0.08496094,0.14941406,0.08740234,0.03686523,Nucleus,Nucleus
ENSP00000428838,0.1953125,0.62109375,0.74609375,0.05932617,0.19335938,0.11767578,0.01745605,0.15820312,0.18554688,0.18945312,0.00254822,"Cytoplasm, Nucleus",Nucleus
ENSP00000349709,0.65234375,0.27148438,0.15625,0.26367188,0.66015625,0.16601562,0.00204468,0.5625,0.5078125,0.1640625,0.05493164,"Membrane, Cell membrane","Cytoplasm, Cell membrane"
ENSP00000166139,0.27148438,0.22558594,0.140625,0.87890625,0.3203125,0.22167969,0.003479,0.2734375,0.53125,0.29296875,0.01324463,Extracellular,Nucleus
ENSP00000476193,0.26953125,0.640625,0.10107422,0.55859375,0.23828125,0.65234375,0.03686523,0.2578125,0.05834961,0.04541016,0.17480469,"Cytoplasm, Mitochondrion",Cytoplasm
ENSP00000467433,0.30078125,0.7421875,0.34960938,0.12402344,0.3515625,0.328125,0.0011673,0.13574219,0.07470703,0.06640625,0.140625,Cytoplasm,Nucleus
ENSP00000417520,0.24121094,0.19433594,0.13183594,0.5546875,0.28515625,0.16992188,0.01879883,0.625,0.41796875,0.42578125,0.00128174,None,"Nucleus, Golgi apparatus"
ENSP00000288757,0.07373047,0.35546875,0.87109375,0.10253906,0.04736328,0.0078125,0.00668335,0.06347656,0.02233887,0.14550781,0.00382996,Nucleus,Nucleus
ENSP00000375397,0.1796875,0.5390625,0.68359375,0.10986328,0.16308594,0.24511719,0.00537109,0.17480469,0.11914062,0.18164062,0.02099609,"Cytoplasm, Nucleus",Nucleus
ENSP00000497242,0.12792969,0.53515625,0.37109375,0.7265625,0.1953125,0.26757812,0.0078125,0.07275391,0.15625,0.140625,0.22558594,"Cytoplasm, Extracellular",Mitochondrion
ENSP00000489907,0.09277344,0.45703125,0.80859375,0.10693359,0.04882812,0.10498047,0.00014019,0.30859375,0.10107422,0.12890625,0.00610352,Nucleus,Nucleus
ENSP00000259699,0.75,0.2578125,0.11767578,0.21972656,0.74609375,0.10839844,0.00297546,0.45507812,0.578125,0.36523438,0.18164062,"Membrane, Cell membrane, Lysosome/Vacuole",Cell membrane
ENSP00000158526,0.08251953,0.40234375,0.84375,0.06298828,0.03466797,0.06103516,0.00017929,0.13574219,0.17578125,0.12695312,0.00026131,Nucleus,Nucleus
ENSP00000468145,0.8671875,0.16308594,0.09814453,0.04272461,0.80078125,0.17871094,0.00491333,0.328125,0.34765625,0.25585938,0.01098633,"Membrane, Cell membrane",Cell membrane
ENSP00000427883,0.29101562,0.19335938,0.15136719,0.8046875,0.21289062,0.08496094,0.02160645,0.42382812,0.33789062,0.48242188,0.00592041,Extracellular,Nucleus
ENSP00000378638,0.37304688,0.53515625,0.4609375,0.359375,0.14160156,0.48632812,0.00915527,0.41015625,0.27734375,0.32226562,0.62890625,Cytoplasm,Cytoplasm
ENSP00000364373,0.28710938,0.48242188,0.46484375,0.328125,0.16894531,0.34960938,0.07714844,0.23339844,0.484375,0.33007812,0.08056641,Cytoplasm,"Cytoplasm, Nucleus"
ENSP00000359668,0.07177734,0.5078125,0.8203125,0.09814453,0.08251953,0.11767578,0.00180817,0.0402832,0.09277344,0.02294922,0.01977539,"Cytoplasm, Nucleus",Nucleus
ENSP00000481920,0.07568359,0.41796875,0.8671875,0.15136719,0.06005859,0.16992188,0.00297546,0.10351562,0.06176758,0.07470703,0.02062988,Nucleus,Nucleus
ENSP00000345674,0.30664062,0.6875,0.53125,0.03027344,0.15234375,0.04663086,0.00239563,0.08251953,0.06347656,0.09130859,0.49804688,"Cytoplasm, Nucleus",Golgi apparatus
ENSP00000290330,0.22851562,0.54296875,0.65234375,0.01452637,0.0390625,0.0402832,0.00460815,0.33203125,0.38476562,0.61328125,0.00421143,"Cytoplasm, Nucleus","Cytoplasm, Nucleus"
ENSP00000400792,0.23339844,0.63671875,0.7109375,0.0078125,0.14160156,0.16015625,0.00668335,0.28710938,0.62109375,0.671875,0.02441406,"Cytoplasm, Nucleus, Lysosome/Vacuole, Golgi apparatus",Nucleus
ENSP00000361032,0.04150391,0.33398438,0.9296875,0.01586914,0.03112793,0.17480469,0.00271606,0.25585938,0.02001953,0.05273438,0.00093842,Nucleus,Nucleus
ENSP00000343134,0.25390625,0.51171875,0.671875,0.01098633,0.10351562,0.02978516,0.00860596,0.04467773,0.10107422,0.1328125,0.48828125,"Cytoplasm, Nucleus",Golgi apparatus
ENSP00000313776,0.75,0.2578125,0.11767578,0.20703125,0.73828125,0.09130859,0.00288391,0.44726562,0.578125,0.36328125,0.15625,"Membrane, Cell membrane, Lysosome/Vacuole",Cell membrane
ENSP00000357375,0.82421875,0.20800781,0.125,0.22949219,0.81640625,0.02062988,0.00271606,0.41601562,0.67578125,0.29882812,0.0480957,"Membrane, Cell membrane, Lysosome/Vacuole",Cell membrane
ENSP00000341125,0.19921875,0.51171875,0.5234375,0.4609375,0.25390625,0.390625,0.0011673,0.12988281,0.11425781,0.03515625,0.01544189,Cytoplasm,Cytoplasm
ENSP00000258301,0.8203125,0.19921875,0.14550781,0.0279541,0.328125,0.15234375,0.00405884,0.31445312,0.68359375,0.59765625,0.21972656,"Membrane, Lysosome/Vacuole","Nucleus, Golgi apparatus"
ENSP00000455091,0.6484375,0.42578125,0.5625,0.03735352,0.40039062,0.3671875,0.00280762,0.19335938,0.09130859,0.0390625,0.00154877,"Membrane, Nucleus",Cytoplasm
ENSP00000420052,0.78515625,0.15625,0.21484375,0.01202393,0.12695312,0.62890625,0.01403809,0.73828125,0.46484375,0.39648438,0.14257812,"Membrane, Endoplasmic reticulum",Nucleus
ENSP00000373175,0.28320312,0.15820312,0.13085938,0.07177734,0.09130859,0.93359375,0.01135254,0.12255859,0.17089844,0.06933594,0.2890625,Mitochondrion,Mitochondrion
ENSP00000383626,0.46679688,0.796875,0.296875,0.41210938,0.5625,0.20214844,0.00393677,0.28320312,0.27148438,0.40039062,0.00328064,"Membrane, Cytoplasm, Cell membrane","Nucleus, Cell membrane"
ENSP00000380612,0.35351562,0.58203125,0.62109375,0.11572266,0.203125,0.40039062,0.01245117,0.24121094,0.08251953,0.16308594,0.01745605,"Cytoplasm, Nucleus",Nucleus
ENSP00000378580,0.42773438,0.43945312,0.4609375,0.23339844,0.28125,0.43554688,0.02978516,0.34570312,0.46679688,0.28125,0.07910156,None,"Cytoplasm, Nucleus, Cell membrane"
ENSP00000507949,0.36914062,0.453125,0.38476562,0.41992188,0.08496094,0.56640625,0.06640625,0.13964844,0.29882812,0.30859375,0.1796875,None,Mitochondrion
ENSP00000426075,0.06738281,0.22265625,0.90625,0.01495361,0.03613281,0.09130859,0.00592041,0.02160645,0.02331543,0.05273438,0.00328064,Nucleus,Nucleus
ENSP00000327268,0.35351562,0.33203125,0.13183594,0.06005859,0.18359375,0.8671875,0.01794434,0.05932617,0.07470703,0.10253906,0.06176758,Mitochondrion,Mitochondrion
ENSP00000489978,0.23339844,0.5703125,0.60546875,0.17773438,0.31445312,0.26367188,0.01068115,0.25585938,0.2578125,0.15722656,0.12109375,"Cytoplasm, Nucleus",Nucleus
ENSP00000483433,0.56640625,0.36328125,0.47851562,0.53515625,0.16015625,0.29492188,0.00317383,0.47851562,0.1796875,0.3671875,0.05932617,Membrane,Endoplasmic reticulum
ENSP00000480632,0.12402344,0.40625,0.44726562,0.4609375,0.125,0.33203125,0.02160645,0.14257812,0.42773438,0.06445312,0.12402344,None,Nucleus
ENSP00000430870,0.328125,0.5703125,0.48828125,0.29492188,0.25585938,0.29101562,0.01361084,0.41992188,0.15722656,0.3515625,0.12890625,Cytoplasm,"Nucleus, Mitochondrion"
ENSP00000466224,0.12988281,0.16992188,0.73828125,0.06103516,0.06347656,0.04614258,0.00180817,0.07568359,0.171875,0.02893066,0.01586914,Nucleus,Nucleus
ENSP00000383625,0.43554688,0.7890625,0.30664062,0.4296875,0.54296875,0.1875,0.00491333,0.24609375,0.24804688,0.40820312,0.00280762,"Cytoplasm, Cell membrane","Nucleus, Cell membrane"
ENSP00000250124,0.97265625,0.08496094,0.15429688,0.00537109,0.46289062,0.18164062,0.00170135,0.63671875,0.53125,0.60546875,0.02478027,"Membrane, Endoplasmic reticulum","Mitochondrion, Endoplasmic reticulum"
ENSP00000388486,0.02893066,0.35351562,0.8203125,0.00262451,0.02514648,0.19433594,0.00592041,0.0057373,0.09814453,0.00537109,0.01031494,Nucleus,Nucleus
ENSP00000301159,0.03613281,0.16210938,0.96875,0.07714844,0.02368164,0.08496094,0.00048828,0.03027344,0.00939941,0.00805664,0.02038574,Nucleus,Nucleus
ENSP00000300145,0.32421875,0.37695312,0.359375,0.67578125,0.1484375,0.51953125,0.05273438,0.5546875,0.265625,0.38867188,0.546875,Extracellular,"Cytoplasm, Cell membrane"
ENSP00000259030,0.5625,0.29492188,0.43359375,0.32421875,0.21289062,0.28125,0.01745605,0.6484375,0.38671875,0.33398438,0.078125,"Membrane, Endoplasmic reticulum",Nucleus
ENSP00000507675,0.36132812,0.15722656,0.10693359,0.04199219,0.06298828,0.97265625,0.34179688,0.03955078,0.06298828,0.0390625,0.12988281,Mitochondrion,Mitochondrion
ENSP00000412024,0.79296875,0.14941406,0.09814453,0.05834961,0.17578125,0.91796875,0.20703125,0.10986328,0.09814453,0.08154297,0.17871094,"Membrane, Mitochondrion",Mitochondrion
ENSP00000386037,0.09423828,0.29101562,0.8046875,0.03112793,0.08251953,0.06933594,0.00393677,0.03027344,0.07470703,0.03857422,0.03027344,Nucleus,Nucleus
ENSP00000323571,0.36914062,0.30078125,0.39453125,0.3203125,0.08740234,0.34375,0.0480957,0.47460938,0.24609375,0.17285156,0.04345703,None,Cell membrane
ENSP00000239461,0.14746094,0.17675781,0.89453125,0.00239563,0.07275391,0.04077148,0.01098633,0.01098633,0.05419922,0.02404785,0.02758789,Nucleus,Nucleus
ENSP00000389498,0.19238281,0.19726562,0.89453125,0.0055542,0.16699219,0.07080078,0.00247192,0.03735352,0.06005859,0.06005859,0.00120544,Nucleus,Nucleus
ENSP00000487380,0.43945312,0.78515625,0.41015625,0.00592041,0.2109375,0.38671875,0.03735352,0.02514648,0.12109375,0.18359375,0.00939941,Cytoplasm,Nucleus
ENSP00000434333,0.01745605,0.390625,0.90234375,0.09033203,0.02258301,0.02600098,0.00521851,0.06542969,0.01940918,0.05493164,0.00113678,Nucleus,Nucleus
ENSP00000430946,0.24902344,0.4609375,0.6015625,0.2421875,0.12792969,0.31835938,0.00460815,0.26953125,0.296875,0.2734375,0.25,Nucleus,Nucleus
ENSP00000499597,0.08056641,0.46679688,0.90234375,0.07177734,0.13574219,0.04882812,0.00109863,0.08251953,0.03564453,0.02978516,0.00124359,Nucleus,Nucleus
ENSP00000490251,0.20214844,0.19824219,0.13183594,0.10986328,0.10693359,0.9375,0.01635742,0.07470703,0.10986328,0.07714844,0.07177734,Mitochondrion,Mitochondrion
ENSP00000479323,0.875,0.20605469,0.1796875,0.05273438,0.88671875,0.11132812,0.00393677,0.1875,0.68359375,0.2890625,0.01635742,"Membrane, Cell membrane, Lysosome/Vacuole",Nucleus
ENSP00000437411,0.29101562,0.7265625,0.27734375,0.10351562,0.2265625,0.28710938,0.02124023,0.2734375,0.48632812,0.65625,0.00317383,Cytoplasm,Nucleus
ENSP00000378493,0.38476562,0.5078125,0.51953125,0.13476562,0.2109375,0.64453125,0.00592041,0.41210938,0.47851562,0.28710938,0.13671875,"Cytoplasm, Mitochondrion",Nucleus
ENSP00000040584,0.22851562,0.36328125,0.7890625,0.11572266,0.15429688,0.13378906,0.0005188,0.10498047,0.26953125,0.05834961,0.09521484,Nucleus,Nucleus
ENSP00000343482,0.828125,0.1953125,0.12011719,0.23632812,0.8125,0.02514648,0.003479,0.46679688,0.67578125,0.36132812,0.06738281,"Membrane, Cell membrane, Lysosome/Vacuole",Cell membrane
ENSP00000494088,0.47265625,0.52734375,0.38867188,0.078125,0.24511719,0.40625,0.01281738,0.30273438,0.42382812,0.53125,0.12109375,"Membrane, Cytoplasm",Nucleus
ENSP00000358027,0.28515625,0.1796875,0.10693359,0.07714844,0.06445312,0.8984375,0.19238281,0.08398438,0.09960938,0.16992188,0.12402344,Mitochondrion,Cytoplasm
ENSP00000389368,0.42578125,0.44140625,0.4296875,0.02197266,0.26953125,0.44726562,0.02600098,0.39257812,0.17773438,0.11767578,0.00075531,None,Nucleus
ENSP00000413595,0.33398438,0.515625,0.6484375,0.01544189,0.18554688,0.2109375,0.0078125,0.21972656,0.34960938,0.38085938,0.02294922,"Cytoplasm, Nucleus",Nucleus
ENSP00000358616,0.07373047,0.5703125,0.609375,0.02062988,0.06738281,0.04272461,0.01202393,0.1328125,0.05737305,0.16992188,0.00062561,"Cytoplasm, Nucleus",Nucleus
ENSP00000506466,0.43554688,0.58984375,0.43554688,0.06298828,0.32421875,0.42382812,0.01879883,0.30078125,0.30078125,0.48242188,0.12597656,Cytoplasm,Cytoplasm
ENSP00000494393,0.3046875,0.67578125,0.44140625,0.50390625,0.19238281,0.22363281,0.05273438,0.33203125,0.38671875,0.7890625,0.10693359,"Cytoplasm, Golgi apparatus",Cytoplasm
ENSP00000452319,0.12792969,0.67578125,0.609375,0.13476562,0.0402832,0.40039062,0.00132751,0.34960938,0.09667969,0.16894531,0.0390625,"Cytoplasm, Nucleus",Cytoplasm
ENSP00000436276,0.09033203,0.43164062,0.91796875,0.00460815,0.17285156,0.09521484,0.00082779,0.07373047,0.12158203,0.0480957,0.03063965,Nucleus,Nucleus
ENSP00000408819,0.37890625,0.22167969,0.18457031,0.734375,0.45117188,0.07470703,0.00337219,0.26757812,0.23242188,0.19433594,0.0088501,Extracellular,Cell membrane
ENSP00000345468,0.875,0.19726562,0.18945312,0.06445312,0.7890625,0.16210938,0.02722168,0.41992188,0.58984375,0.68359375,0.003479,"Membrane, Cell membrane, Lysosome/Vacuole, Golgi apparatus",Nucleus
ENSP00000216027,0.203125,0.17578125,0.2109375,0.14941406,0.10107422,0.89453125,0.00537109,0.13671875,0.11425781,0.07373047,0.04614258,Mitochondrion,"Cytoplasm, Mitochondrion"
ENSP00000438355,0.890625,0.15625,0.08056641,0.01098633,0.22949219,0.87109375,0.07373047,0.20605469,0.39257812,0.09521484,0.421875,"Membrane, Mitochondrion",Peroxisome
ENSP00000286317,0.04663086,0.6015625,0.69921875,0.00735474,0.07714844,0.05737305,0.00239563,0.10107422,0.13183594,0.05175781,0.00668335,"Cytoplasm, Nucleus",Nucleus
ENSP00000421252,0.02929688,0.45507812,0.9609375,0.01745605,0.01745605,0.02368164,0.00141144,0.03564453,0.02062988,0.02893066,0.00019073,Nucleus,Nucleus
ENSP00000468681,0.05175781,0.62109375,0.7421875,0.0324707,0.06103516,0.203125,0.00521851,0.10107422,0.06542969,0.07568359,0.00021648,"Cytoplasm, Nucleus",Cytoplasm
ENSP00000446613,0.21289062,0.46875,0.4296875,0.59765625,0.05175781,0.26367188,0.22851562,0.38476562,0.46679688,0.26953125,0.66796875,None,Cytoplasm
ENSP00000416386,0.35546875,0.23535156,0.18457031,0.76171875,0.31640625,0.14453125,0.01586914,0.24511719,0.30078125,0.26757812,0.0279541,Extracellular,Cell membrane
ENSP00000402554,0.19042969,0.49023438,0.6875,0.13671875,0.16992188,0.31445312,0.01361084,0.14550781,0.18359375,0.06298828,0.01068115,"Cytoplasm, Nucleus",Nucleus
ENSP00000357383,0.80078125,0.19726562,0.11767578,0.32421875,0.80078125,0.02893066,0.00405884,0.40429688,0.62109375,0.36914062,0.0480957,"Membrane, Cell membrane, Lysosome/Vacuole",Cell membrane
ENSP00000354921,0.23046875,0.65625,0.49414062,0.171875,0.24609375,0.375,0.00421143,0.29101562,0.32421875,0.32617188,0.05419922,Cytoplasm,"Cytoplasm, Nucleus"
ENSP00000482500,0.04077148,0.45507812,0.8046875,0.08642578,0.03369141,0.10253906,0.0043335,0.02514648,0.0390625,0.04541016,0.00689697,Nucleus,"Cytoplasm, Nucleus"
ENSP00000248104,0.34960938,0.69921875,0.33398438,0.18945312,0.20800781,0.30859375,0.02722168,0.16699219,0.5625,0.5234375,0.11132812,Cytoplasm,Cytoplasm
ENSP00000467407,0.4375,0.4765625,0.41601562,0.39257812,0.14257812,0.50390625,0.00271606,0.4375,0.453125,0.46875,0.21875,Cytoplasm,Mitochondrion
ENSP00000355815,0.17675781,0.546875,0.51953125,0.16015625,0.15917969,0.23535156,0.07275391,0.13574219,0.18164062,0.27734375,0.05419922,Cytoplasm,Cytoplasm
ENSP00000494221,0.14160156,0.578125,0.61328125,0.12988281,0.10498047,0.13476562,0.00460815,0.24902344,0.07177734,0.39453125,0.01544189,"Cytoplasm, Nucleus",Nucleus
ENSP00000461388,0.24316406,0.6484375,0.5390625,0.06835938,0.19042969,0.18847656,0.00970459,0.13183594,0.13574219,0.13085938,0.00460815,"Cytoplasm, Nucleus","Cytoplasm, Nucleus"
ENSP00000357904,0.3046875,0.734375,0.42578125,0.02160645,0.30273438,0.0534668,0.0055542,0.21484375,0.18945312,0.16992188,0.01245117,Cytoplasm,Nucleus
ENSP00000356332,0.71484375,0.29492188,0.13574219,0.29492188,0.7109375,0.20800781,0.00262451,0.58203125,0.52734375,0.21875,0.08056641,"Membrane, Cell membrane","Cytoplasm, Cell membrane"
ENSP00000398981,0.14746094,0.4765625,0.83984375,0.01068115,0.08056641,0.25,0.00085449,0.07080078,0.06835938,0.13964844,0.00476074,"Cytoplasm, Nucleus",Nucleus
ENSP00000473501,0.20605469,0.71484375,0.45898438,0.25585938,0.26367188,0.28710938,0.00280762,0.11767578,0.14453125,0.24804688,0.140625,Cytoplasm,"Cytoplasm, Cell membrane"
ENSP00000385303,0.84375,0.21582031,0.08398438,0.02600098,0.17480469,0.80859375,0.04541016,0.22363281,0.34570312,0.13085938,0.5078125,"Membrane, Mitochondrion",Peroxisome
ENSP00000507941,0.41601562,0.625,0.40234375,0.03027344,0.16015625,0.44921875,0.02258301,0.6015625,0.2734375,0.62890625,0.20898438,Cytoplasm,Cytoplasm
ENSP00000434998,0.30859375,0.6953125,0.28515625,0.1953125,0.23632812,0.23925781,0.00239563,0.40625,0.37695312,0.4296875,0.04663086,Cytoplasm,"Nucleus, Cell membrane"
ENSP00000323782,0.10351562,0.51953125,0.77734375,0.05834961,0.14453125,0.11425781,0.00058746,0.09814453,0.03417969,0.02404785,0.00254822,"Cytoplasm, Nucleus",Cytoplasm
ENSP00000489757,0.22558594,0.31054688,0.4296875,0.04956055,0.12597656,0.4453125,0.0088501,0.3203125,0.10107422,0.09521484,0.15136719,None,Mitochondrion
ENSP00000440485,0.49804688,0.515625,0.34375,0.68359375,0.3359375,0.15917969,0.00610352,0.20019531,0.05175781,0.19238281,0.02722168,"Membrane, Cytoplasm, Extracellular",Cytoplasm
ENSP00000385972,0.43164062,0.44140625,0.63671875,0.06005859,0.19335938,0.28710938,0.0279541,0.29492188,0.45898438,0.22265625,0.0390625,Nucleus,"Cytoplasm, Nucleus"
ENSP00000465413,0.23242188,0.58203125,0.61328125,0.15820312,0.12988281,0.359375,0.01031494,0.24902344,0.32421875,0.24804688,0.10107422,"Cytoplasm, Nucleus",Nucleus
ENSP00000433578,0.24511719,0.5234375,0.62109375,0.12109375,0.18847656,0.26953125,0.02722168,0.15625,0.41796875,0.44335938,0.05737305,"Cytoplasm, Nucleus",Cytoplasm
ENSP00000463053,0.13867188,0.3671875,0.48828125,0.41015625,0.125,0.4140625,0.25585938,0.12109375,0.265625,0.13769531,0.10351562,None,Nucleus
ENSP00000339335,0.31445312,0.6171875,0.43554688,0.25195312,0.15722656,0.24316406,0.00537109,0.140625,0.32421875,0.23632812,0.02258301,Cytoplasm,"Cytoplasm, Nucleus, Cell membrane"
ENSP00000494836,0.31054688,0.55078125,0.47070312,0.07275391,0.21484375,0.796875,0.03198242,0.26367188,0.4140625,0.12158203,0.21777344,"Cytoplasm, Mitochondrion","Cytoplasm, Nucleus, Endoplasmic reticulum"
ENSP00000481736,0.23535156,0.6171875,0.5546875,0.07177734,0.18457031,0.31445312,0.00915527,0.30664062,0.23828125,0.2109375,0.10253906,"Cytoplasm, Nucleus","Cytoplasm, Nucleus"
ENSP00000400978,0.9453125,0.14941406,0.18261719,0.20214844,0.45507812,0.16210938,0.01855469,0.75390625,0.59765625,0.54296875,0.0378418,"Membrane, Endoplasmic reticulum, Lysosome/Vacuole",Endoplasmic reticulum
ENSP00000321691,0.11572266,0.78515625,0.55078125,0.05932617,0.10351562,0.37109375,0.04467773,0.28125,0.05273438,0.06738281,0.02294922,"Cytoplasm, Nucleus",Nucleus
ENSP00000343706,0.06347656,0.671875,0.82421875,0.37109375,0.06005859,0.26953125,0.00262451,0.06933594,0.06103516,0.12109375,0.01403809,"Cytoplasm, Nucleus",Nucleus
ENSP00000376842,0.10693359,0.53515625,0.89453125,0.00650024,0.04467773,0.17285156,0.00082779,0.0534668,0.06738281,0.15332031,0.00915527,"Cytoplasm, Nucleus",Nucleus
ENSP00000358775,0.28320312,0.16308594,0.15136719,0.08886719,0.140625,0.90625,0.0057373,0.11279297,0.14453125,0.08251953,0.10986328,Mitochondrion,Mitochondrion
ENSP00000357933,0.18554688,0.59375,0.53515625,0.06835938,0.15625,0.39257812,0.03320312,0.19335938,0.3046875,0.3515625,0.15722656,"Cytoplasm, Nucleus",Cytoplasm
ENSP00000420230,0.77734375,0.26367188,0.12109375,0.12158203,0.74609375,0.10693359,0.00592041,0.35742188,0.40039062,0.40234375,0.16015625,"Membrane, Cell membrane",Cell membrane
ENSP00000455709,0.28515625,0.6796875,0.30664062,0.24511719,0.22167969,0.22363281,0.00317383,0.14160156,0.46289062,0.32617188,0.29492188,Cytoplasm,Cell membrane
ENSP00000402432,0.19726562,0.58203125,0.43945312,0.37109375,0.12988281,0.453125,0.00491333,0.21191406,0.47070312,0.3125,0.58984375,Cytoplasm,Cytoplasm
ENSP00000378347,0.31640625,0.19921875,0.21289062,0.1875,0.30078125,0.09521484,0.00193024,0.73828125,0.33789062,0.34375,0.01031494,Endoplasmic reticulum,Endoplasmic reticulum
ENSP00000410924,0.0534668,0.25195312,0.88671875,0.08056641,0.04199219,0.22265625,0.0008812,0.03063965,0.04467773,0.08642578,0.12158203,Nucleus,Nucleus
ENSP00000507974,0.44335938,0.48828125,0.56640625,0.15527344,0.4140625,0.11914062,0.01135254,0.21191406,0.38476562,0.18945312,0.02331543,"Cytoplasm, Nucleus","Cytoplasm, Nucleus, Cell membrane"
ENSP00000469165,0.61328125,0.2734375,0.34179688,0.21191406,0.3515625,0.4296875,0.00689697,0.31054688,0.71875,0.43359375,0.31445312,"Membrane, Lysosome/Vacuole",Cell membrane
ENSP00000390921,0.3203125,0.6953125,0.49414062,0.05664062,0.16699219,0.1875,0.0078125,0.34765625,0.50390625,0.5703125,0.01245117,Cytoplasm,"Cytoplasm, Nucleus, Cell membrane"
ENSP00000340836,0.06347656,0.74609375,0.7421875,0.11425781,0.06835938,0.11279297,0.01696777,0.01831055,0.26171875,0.14550781,0.00150299,"Cytoplasm, Nucleus",Cytoplasm
ENSP00000483724,0.2109375,0.33789062,0.5703125,0.19921875,0.07470703,0.30664062,0.09277344,0.07714844,0.10693359,0.17675781,0.42578125,Nucleus,Nucleus
ENSP00000483581,0.7265625,0.16992188,0.10986328,0.546875,0.75390625,0.03515625,0.00650024,0.27539062,0.53515625,0.28710938,0.09277344,"Membrane, Cell membrane",Cell membrane
ENSP00000465103,0.27539062,0.515625,0.69140625,0.32421875,0.22558594,0.37109375,0.0057373,0.30664062,0.24902344,0.21777344,0.1640625,"Cytoplasm, Nucleus",Endoplasmic reticulum
ENSP00000447690,0.14355469,0.515625,0.57421875,0.10253906,0.07373047,0.18847656,0.01202393,0.13867188,0.14648438,0.27929688,0.00476074,"Cytoplasm, Nucleus",Nucleus
ENSP00000429461,0.32226562,0.328125,0.22558594,0.39257812,0.15429688,0.68359375,0.125,0.21289062,0.20605469,0.16992188,0.16796875,Mitochondrion,"Cytoplasm, Nucleus, Cell membrane"
ENSP00000417697,0.7578125,0.07568359,0.17089844,0.36523438,0.6484375,0.1875,0.02197266,0.09277344,0.55859375,0.20019531,0.21484375,"Membrane, Cell membrane",Cell membrane
ENSP00000395172,0.13378906,0.5234375,0.72265625,0.125,0.08056641,0.22167969,0.0022583,0.34960938,0.2421875,0.15332031,0.0324707,"Cytoplasm, Nucleus",Nucleus
ENSP00000435478,0.23632812,0.73046875,0.34960938,0.07910156,0.24902344,0.2734375,0.00915527,0.20019531,0.19433594,0.25585938,0.10693359,Cytoplasm,"Nucleus, Cell membrane"
ENSP00000364366,0.26367188,0.6640625,0.5859375,0.0071106,0.15527344,0.11279297,0.0007782,0.25,0.40039062,0.38671875,0.00198364,"Cytoplasm, Nucleus","Cytoplasm, Nucleus"
ENSP00000350101,0.24902344,0.48828125,0.6015625,0.5234375,0.1953125,0.52734375,0.00460815,0.23535156,0.38867188,0.40234375,0.35351562,"Cytoplasm, Nucleus",Nucleus
ENSP00000443330,0.31054688,0.61328125,0.45507812,0.19726562,0.23925781,0.24804688,0.01324463,0.06933594,0.24609375,0.44921875,0.00405884,Cytoplasm,Nucleus
ENSP00000359727,0.25390625,0.66796875,0.38085938,0.04882812,0.2265625,0.14453125,0.02233887,0.07910156,0.26953125,0.25195312,0.07568359,Cytoplasm,Cytoplasm
ENSP00000354633,0.06103516,0.23632812,0.890625,0.0480957,0.07470703,0.05664062,0.00150299,0.0267334,0.02001953,0.00970459,0.00048828,Nucleus,Nucleus
ENSP00000402496,0.18359375,0.45507812,0.8515625,0.00915527,0.13574219,0.12597656,0.00628662,0.10498047,0.25195312,0.09667969,0.00337219,Nucleus,Nucleus
ENSP00000507540,0.40234375,0.625,0.49609375,0.08154297,0.20703125,0.50390625,0.0071106,0.47851562,0.5234375,0.49023438,0.01202393,Cytoplasm,"Cytoplasm, Nucleus, Cell membrane"
ENSP00000493494,0.45703125,0.703125,0.26171875,0.15136719,0.47460938,0.31445312,0.03369141,0.18457031,0.49414062,0.51953125,0.42578125,"Membrane, Cytoplasm",Nucleus
ENSP00000482619,0.19238281,0.5,0.58203125,0.68359375,0.16894531,0.41796875,0.0078125,0.14746094,0.15820312,0.18847656,0.43945312,"Cytoplasm, Nucleus, Extracellular",Nucleus
ENSP00000445058,0.49023438,0.68359375,0.41210938,0.17871094,0.33984375,0.22851562,0.0088501,0.22851562,0.11767578,0.49609375,0.04272461,"Membrane, Cytoplasm",Cytoplasm
ENSP00000404402,0.07373047,0.36132812,0.77734375,0.04394531,0.03613281,0.15234375,0.00271606,0.04614258,0.10986328,0.04956055,0.00198364,Nucleus,Nucleus
ENSP00000460273,0.328125,0.3359375,0.31054688,0.18261719,0.32421875,0.34960938,0.08251953,0.4140625,0.515625,0.21972656,0.11767578,None,"Cytoplasm, Nucleus"
ENSP00000434572,0.07177734,0.30273438,0.875,0.06933594,0.06933594,0.13476562,0.00120544,0.01745605,0.01635742,0.03955078,0.00830078,Nucleus,Nucleus
ENSP00000422756,0.3515625,0.53125,0.47265625,0.20800781,0.15039062,0.30664062,0.00393677,0.21875,0.25585938,0.24609375,0.02099609,Cytoplasm,Nucleus
ENSP00000381204,0.76953125,0.12695312,0.10693359,0.73046875,0.68359375,0.06005859,0.00650024,0.27539062,0.52734375,0.359375,0.06933594,"Membrane, Extracellular, Cell membrane",Golgi apparatus
ENSP00000301838,0.2890625,0.69921875,0.38671875,0.10351562,0.2890625,0.10839844,0.00537109,0.05834961,0.3046875,0.28125,0.00668335,Cytoplasm,"Cytoplasm, Nucleus"
ENSP00000448051,0.47070312,0.5078125,0.6015625,0.10986328,0.359375,0.34960938,0.01000977,0.4375,0.39453125,0.23925781,0.27539062,"Membrane, Cytoplasm, Nucleus",Nucleus
ENSP00000442083,0.390625,0.45117188,0.37890625,0.10693359,0.2265625,0.73046875,0.0559082,0.25976562,0.296875,0.30664062,0.21582031,Mitochondrion,Nucleus
ENSP00000434508,0.3046875,0.62109375,0.52734375,0.03369141,0.14941406,0.18164062,0.00939941,0.19238281,0.10839844,0.40039062,0.0559082,Cytoplasm,Nucleus
ENSP00000429765,0.58984375,0.5234375,0.31445312,0.48632812,0.69140625,0.7109375,0.10498047,0.15527344,0.38476562,0.6328125,0.40820312,"Membrane, Cytoplasm, Cell membrane, Mitochondrion",Endoplasmic reticulum
ENSP00000428609,0.27734375,0.5625,0.31835938,0.11425781,0.17285156,0.578125,0.00830078,0.08398438,0.20703125,0.19335938,0.02404785,Cytoplasm,Nucleus
ENSP00000463596,0.265625,0.39648438,0.62890625,0.484375,0.21191406,0.10839844,0.0078125,0.23242188,0.23339844,0.15332031,0.00024605,Nucleus,Nucleus
ENSP00000321445,0.09814453,0.28710938,0.921875,0.02893066,0.08496094,0.19824219,0.00075531,0.03564453,0.04150391,0.1328125,0.0088501,Nucleus,Nucleus
ENSP00000479243,0.6953125,0.16210938,0.15234375,0.46484375,0.73046875,0.0559082,0.0022583,0.21875,0.296875,0.20214844,0.11572266,"Membrane, Cell membrane",Cell membrane
ENSP00000413355,0.78125,0.13378906,0.25195312,0.00198364,0.17480469,0.19433594,0.09033203,0.8046875,0.76953125,0.80078125,0.03063965,"Membrane, Endoplasmic reticulum, Lysosome/Vacuole, Golgi apparatus",Golgi apparatus
ENSP00000397198,0.43945312,0.13378906,0.12255859,0.06005859,0.15039062,0.94921875,0.11279297,0.04345703,0.15527344,0.07373047,0.03955078,Mitochondrion,Cytoplasm
ENSP00000468452,0.25585938,0.16992188,0.171875,0.09423828,0.09814453,0.9609375,0.0088501,0.07177734,0.12255859,0.08251953,0.17871094,Mitochondrion,Mitochondrion
ENSP00000359518,0.04345703,0.17675781,0.96484375,0.06298828,0.04663086,0.00915527,0.02636719,0.07910156,0.00805664,0.00805664,0.00337219,Nucleus,Nucleus
ENSP00000348050,0.69140625,0.23046875,0.23828125,0.12158203,0.3984375,0.44335938,0.00218201,0.75390625,0.27734375,0.49023438,0.36328125,"Membrane, Endoplasmic reticulum",Endoplasmic reticulum
ENSP00000285333,0.4375,0.58203125,0.50390625,0.43945312,0.359375,0.33984375,0.00170135,0.18554688,0.21582031,0.1875,0.02929688,Cytoplasm,Cytoplasm
ENSP00000351380,0.04467773,0.40429688,0.83984375,0.01586914,0.04614258,0.15332031,0.00628662,0.04077148,0.06640625,0.05493164,0.00288391,Nucleus,Nucleus
ENSP00000339690,0.7734375,0.17480469,0.09814453,0.49023438,0.73828125,0.0402832,0.01452637,0.41210938,0.56640625,0.35351562,0.11279297,"Membrane, Cell membrane, Lysosome/Vacuole",Cell membrane
ENSP00000479619,0.07910156,0.36132812,0.77734375,0.05932617,0.10839844,0.10498047,0.0018692,0.078125,0.06445312,0.01635742,0.01098633,Nucleus,Nucleus
ENSP00000479128,0.21972656,0.47460938,0.67578125,0.16796875,0.10693359,0.34960938,0.05493164,0.2109375,0.17285156,0.06738281,0.01696777,"Cytoplasm, Nucleus",Nucleus
ENSP00000431979,0.19921875,0.39453125,0.71484375,0.3046875,0.13769531,0.57421875,0.02197266,0.26953125,0.17773438,0.09423828,0.15527344,Nucleus,Nucleus
ENSP00000499371,0.37109375,0.3671875,0.64453125,0.12695312,0.15234375,0.3828125,0.12158203,0.35742188,0.44140625,0.23828125,0.03564453,Nucleus,Nucleus
ENSP00000493140,0.07080078,0.33984375,0.85546875,0.24121094,0.06005859,0.13476562,0.00021648,0.08740234,0.05834961,0.06738281,0.01098633,Nucleus,Nucleus
ENSP00000428877,0.26953125,0.3984375,0.62109375,0.0378418,0.17480469,0.19335938,0.02062988,0.14355469,0.09277344,0.13085938,0.00091171,Nucleus,"Nucleus, Cell membrane"
ENSP00000319532,0.32226562,0.51171875,0.58984375,0.11132812,0.22265625,0.4140625,0.01000977,0.26953125,0.28515625,0.26953125,0.19921875,"Cytoplasm, Nucleus",Nucleus
ENSP00000497996,0.06445312,0.24609375,0.890625,0.0559082,0.04736328,0.06835938,0.00136566,0.04541016,0.03027344,0.01855469,0.0008049,Nucleus,Nucleus
ENSP00000384925,0.5546875,0.65625,0.28710938,0.1484375,0.6484375,0.09521484,0.01245117,0.06835938,0.24121094,0.35742188,0.02844238,"Membrane, Cytoplasm, Cell membrane",Cytoplasm
ENSP00000389028,0.24804688,0.16210938,0.10839844,0.94921875,0.265625,0.17675781,0.01202393,0.30859375,0.21191406,0.30859375,0.02478027,Extracellular,Cell membrane
ENSP00000388887,0.49609375,0.58203125,0.40234375,0.06445312,0.4765625,0.22363281,0.01165771,0.3671875,0.22265625,0.33984375,0.11572266,"Membrane, Cytoplasm","Cytoplasm, Nucleus"
ENSP00000398720,0.09521484,0.60546875,0.49023438,0.0078125,0.06176758,0.09277344,0.45898438,0.13378906,0.05175781,0.0390625,0.37304688,Cytoplasm,Cytoplasm
ENSP00000361577,0.26367188,0.734375,0.67578125,0.02099609,0.15527344,0.078125,0.00060654,0.26953125,0.1484375,0.1875,0.05737305,"Cytoplasm, Nucleus",Nucleus
ENSP00000477624,0.6796875,0.30078125,0.16113281,0.05419922,0.17089844,0.7734375,0.08251953,0.22167969,0.12988281,0.08642578,0.328125,"Membrane, Mitochondrion",Mitochondrion
ENSP00000455260,0.08398438,0.5390625,0.62109375,0.34960938,0.13867188,0.13769531,0.00154877,0.19921875,0.1796875,0.328125,0.00073242,"Cytoplasm, Nucleus",Nucleus
ENSP00000435383,0.2890625,0.74609375,0.33984375,0.03857422,0.22949219,0.26367188,0.01696777,0.27734375,0.421875,0.42773438,0.05102539,Cytoplasm,"Nucleus, Cell membrane"
ENSP00000412919,0.08251953,0.515625,0.8125,0.05664062,0.02978516,0.12988281,0.00175476,0.12890625,0.30078125,0.09130859,0.00288391,"Cytoplasm, Nucleus",Nucleus
ENSP00000443879,0.34765625,0.7109375,0.26367188,0.06005859,0.36132812,0.30664062,0.01031494,0.26953125,0.34570312,0.578125,0.00689697,Cytoplasm,Nucleus
ENSP00000414177,0.10498047,0.46875,0.89453125,0.0008812,0.14453125,0.0534668,0.00015831,0.13964844,0.20703125,0.11425781,0.07470703,Nucleus,Nucleus
ENSP00000412141,0.5859375,0.5,0.40234375,0.38867188,0.54296875,0.546875,0.00592041,0.5234375,0.05273438,0.33984375,0.14257812,"Membrane, Cytoplasm, Cell membrane",Cell membrane
ENSP00000410912,0.23046875,0.28710938,0.171875,0.41601562,0.09277344,0.9375,0.11767578,0.09130859,0.10693359,0.06640625,0.3125,Mitochondrion,"Cytoplasm, Nucleus, Cell membrane"
ENSP00000404796,0.14453125,0.27929688,0.859375,0.08642578,0.05273438,0.08740234,0.00164795,0.15234375,0.02258301,0.07275391,0.00393677,Nucleus,Nucleus
ENSP00000262396,0.07373047,0.5703125,0.5625,0.18261719,0.06445312,0.15625,0.00308228,0.04614258,0.14550781,0.10986328,0.00521851,"Cytoplasm, Nucleus","Cytoplasm, Nucleus"
ENSP00000496136,0.125,0.359375,0.71484375,0.14941406,0.05273438,0.43164062,0.00382996,0.23535156,0.08740234,0.1484375,0.0480957,Nucleus,Mitochondrion
ENSP00000461145,0.22949219,0.41796875,0.65625,0.07470703,0.09277344,0.12402344,0.00445557,0.17871094,0.07714844,0.19921875,0.0022583,Nucleus,Nucleus
ENSP00000435057,0.32226562,0.56640625,0.41210938,0.18457031,0.3984375,0.51953125,0.0018692,0.10107422,0.27539062,0.10839844,0.03857422,Cytoplasm,"Cytoplasm, Nucleus"
ENSP00000337340,0.13378906,0.58984375,0.71875,0.04614258,0.21484375,0.07568359,0.01031494,0.17285156,0.16113281,0.21289062,0.02758789,"Cytoplasm, Nucleus",Nucleus
ENSP00000464158,0.98828125,0.11132812,0.07568359,0.00218201,0.6796875,0.34570312,0.003479,0.61328125,0.49414062,0.5625,0.02001953,"Membrane, Cell membrane","Mitochondrion, Endoplasmic reticulum"
ENSP00000494697,0.24316406,0.69140625,0.59765625,0.03063965,0.29882812,0.6796875,0.00308228,0.484375,0.51953125,0.11572266,0.02758789,"Cytoplasm, Nucleus, Mitochondrion","Cytoplasm, Nucleus, Endoplasmic reticulum"
ENSP00000385962,0.7109375,0.15625,0.24609375,0.45117188,0.15136719,0.23828125,0.02893066,0.640625,0.34960938,0.40429688,0.00650024,"Membrane, Endoplasmic reticulum",Nucleus
ENSP00000379758,0.98828125,0.11914062,0.10351562,0.00280762,0.62890625,0.3203125,0.00204468,0.53515625,0.34375,0.546875,0.02978516,"Membrane, Cell membrane","Mitochondrion, Endoplasmic reticulum"
ENSP00000340294,0.48046875,0.63671875,0.31640625,0.15039062,0.30078125,0.09277344,0.00476074,0.35742188,0.28320312,0.359375,0.04199219,"Membrane, Cytoplasm",Cytoplasm
ENSP00000414323,0.19433594,0.62109375,0.41015625,0.3125,0.16601562,0.4453125,0.00328064,0.19335938,0.46289062,0.46679688,0.06738281,Cytoplasm,Cytoplasm
ENSP00000508017,0.37109375,0.4140625,0.4765625,0.06542969,0.19335938,0.5390625,0.04614258,0.34765625,0.15234375,0.24121094,0.06738281,None,Cytoplasm
ENSP00000409315,0.01495361,0.640625,0.76953125,0.01068115,0.02294922,0.05419922,0.00128174,0.10693359,0.02929688,0.03173828,0.0007782,"Cytoplasm, Nucleus","Cytoplasm, Nucleus"
ENSP00000347275,0.78515625,0.078125,0.16699219,0.31640625,0.6640625,0.17773438,0.02929688,0.09667969,0.52734375,0.17480469,0.18554688,"Membrane, Cell membrane",Cell membrane
ENSP00000483473,0.8125,0.171875,0.09130859,0.3671875,0.78125,0.02636719,0.00610352,0.38476562,0.5625,0.33007812,0.12597656,"Membrane, Cell membrane",Cell membrane
ENSP00000481099,0.3671875,0.50390625,0.45507812,0.39648438,0.21582031,0.50390625,0.03515625,0.40429688,0.31835938,0.21972656,0.14453125,Cytoplasm,Nucleus
ENSP00000394858,0.765625,0.08056641,0.15820312,0.39648438,0.6796875,0.15625,0.02038574,0.10839844,0.546875,0.21484375,0.13085938,"Membrane, Cell membrane",Cell membrane
ENSP00000386688,0.14648438,0.43164062,0.3203125,0.66796875,0.07275391,0.27734375,0.0279541,0.22949219,0.3515625,0.10986328,0.5,Extracellular,Peroxisome
ENSP00000383710,0.23925781,0.51953125,0.57421875,0.5234375,0.16015625,0.51171875,0.02160645,0.29296875,0.2890625,0.33203125,0.30859375,"Cytoplasm, Nucleus",Nucleus
ENSP00000355285,0.7578125,0.12988281,0.10839844,0.7265625,0.69140625,0.06176758,0.0071106,0.265625,0.51171875,0.34765625,0.07080078,"Membrane, Extracellular, Cell membrane",Golgi apparatus
ENSP00000259037,0.73828125,0.12597656,0.10986328,0.01696777,0.17773438,0.94140625,0.04663086,0.1484375,0.05029297,0.07275391,0.05175781,"Membrane, Mitochondrion",Mitochondrion
ENSP00000505459,0.26757812,0.48242188,0.33398438,0.62109375,0.0402832,0.2890625,0.09423828,0.33984375,0.42382812,0.3046875,0.671875,Cytoplasm,Cytoplasm
ENSP00000493145,0.26953125,0.48046875,0.62109375,0.53125,0.17285156,0.45898438,0.01696777,0.2734375,0.16992188,0.1953125,0.14941406,"Cytoplasm, Nucleus",Nucleus
ENSP00000458425,0.2109375,0.49609375,0.38867188,0.609375,0.10253906,0.49609375,0.01000977,0.05737305,0.24121094,0.12011719,0.11914062,Cytoplasm,Nucleus
ENSP00000441844,0.16015625,0.65625,0.546875,0.00271606,0.07470703,0.30859375,0.0055542,0.36914062,0.39648438,0.05029297,0.02600098,"Cytoplasm, Nucleus",Mitochondrion
ENSP00000423100,0.07177734,0.3359375,0.94921875,0.02758789,0.03466797,0.11572266,0.00297546,0.0480957,0.04199219,0.04150391,0.0011673,Nucleus,Nucleus
ENSP00000356372,0.16015625,0.62109375,0.609375,0.03417969,0.04956055,0.15136719,0.02062988,0.21289062,0.68359375,0.66796875,0.07714844,"Cytoplasm, Nucleus, Lysosome/Vacuole, Golgi apparatus",Nucleus
ENSP00000329920,0.734375,0.24121094,0.13183594,0.08056641,0.59375,0.02929688,0.00047302,0.29296875,0.26171875,0.33398438,0.18164062,"Membrane, Cell membrane",Cell membrane
ENSP00000497105,0.35546875,0.47851562,0.359375,0.11132812,0.18359375,0.27734375,0.078125,0.09521484,0.25585938,0.3046875,0.07568359,Cytoplasm,Nucleus
ENSP00000478795,0.2578125,0.5546875,0.38476562,0.08154297,0.30664062,0.37890625,0.01135254,0.02893066,0.07470703,0.03857422,0.01361084,Cytoplasm,Nucleus
ENSP00000461965,0.11425781,0.75,0.64453125,0.04956055,0.10693359,0.15917969,0.01135254,0.15136719,0.20019531,0.21972656,0.13574219,"Cytoplasm, Nucleus","Cytoplasm, Nucleus"
ENSP00000442817,0.12402344,0.62890625,0.58203125,0.06298828,0.11132812,0.29882812,0.02160645,0.29492188,0.11572266,0.3359375,0.04272461,"Cytoplasm, Nucleus",Nucleus
ENSP00000438000,0.11279297,0.546875,0.76171875,0.04956055,0.04199219,0.22265625,0.003479,0.16894531,0.27539062,0.13867188,0.00370789,"Cytoplasm, Nucleus",Nucleus
ENSP00000433322,0.41015625,0.53125,0.38671875,0.27929688,0.11425781,0.39453125,0.01403809,0.25585938,0.18457031,0.25390625,0.19238281,Cytoplasm,Nucleus
ENSP00000415044,0.18847656,0.47070312,0.31835938,0.63671875,0.14453125,0.3359375,0.13671875,0.359375,0.60546875,0.40039062,0.05102539,"Cytoplasm, Lysosome/Vacuole",Nucleus
ENSP00000414071,0.98828125,0.11914062,0.08398438,0.00164795,0.6328125,0.36914062,0.0043335,0.546875,0.40234375,0.515625,0.02978516,"Membrane, Cell membrane","Mitochondrion, Endoplasmic reticulum"
ENSP00000450791,0.30859375,0.18847656,0.11767578,0.890625,0.30859375,0.18847656,0.003479,0.3125,0.28515625,0.359375,0.03112793,Extracellular,Nucleus
ENSP00000433561,0.40429688,0.49414062,0.37109375,0.12988281,0.21191406,0.02233887,0.01855469,0.07568359,0.05419922,0.16113281,0.01745605,Cytoplasm,Cytoplasm
ENSP00000401452,0.1875,0.95703125,0.1796875,0.21582031,0.4375,0.19042969,0.02001953,0.03955078,0.04956055,0.12402344,0.00756836,Cytoplasm,Cytoplasm
ENSP00000343060,0.09960938,0.578125,0.5234375,0.25,0.07275391,0.13574219,0.00805664,0.06347656,0.05419922,0.12255859,0.05419922,Cytoplasm,"Cytoplasm, Nucleus"
ENSP00000420933,0.0402832,0.390625,0.76171875,0.10986328,0.01202393,0.05175781,0.003479,0.08642578,0.04956055,0.14648438,0.02124023,Nucleus,Nucleus
ENSP00000362463,0.34960938,0.82421875,0.25585938,0.06542969,0.13769531,0.7109375,0.00029564,0.35742188,0.03857422,0.828125,0.09521484,"Cytoplasm, Mitochondrion, Golgi apparatus","Cytoplasm, Nucleus, Cell membrane"
ENSP00000346239,0.18554688,0.76953125,0.5390625,0.06347656,0.21191406,0.16992188,0.02478027,0.32421875,0.08496094,0.06005859,0.01324463,"Cytoplasm, Nucleus",Nucleus
ENSP00000304327,0.16601562,0.58984375,0.6875,0.14257812,0.18945312,0.25390625,0.00159454,0.203125,0.21582031,0.27539062,0.05419922,"Cytoplasm, Nucleus",Nucleus
ENSP00000500602,0.14941406,0.54296875,0.39453125,0.29492188,0.06298828,0.38085938,0.08056641,0.2421875,0.2734375,0.33398438,0.15429688,Cytoplasm,Nucleus
ENSP00000460661,0.1953125,0.45898438,0.62109375,0.66015625,0.13964844,0.45703125,0.01745605,0.13476562,0.17773438,0.25,0.25585938,"Nucleus, Extracellular",Golgi apparatus
ENSP00000253023,0.41796875,0.5546875,0.35742188,0.04272461,0.25585938,0.40820312,0.03320312,0.39257812,0.75390625,0.453125,0.03320312,"Cytoplasm, Lysosome/Vacuole",Nucleus
ENSP00000506294,0.32226562,0.5390625,0.41992188,0.49804688,0.35351562,0.5546875,0.00405884,0.1328125,0.12988281,0.05737305,0.0078125,Cytoplasm,"Cytoplasm, Nucleus"
ENSP00000501444,0.21289062,0.65234375,0.53515625,0.10986328,0.06738281,0.14746094,0.01324463,0.09667969,0.51953125,0.39453125,0.13378906,"Cytoplasm, Nucleus",Cytoplasm
ENSP00000437459,0.04882812,0.3984375,0.69921875,0.04663086,0.0267334,0.11572266,0.03515625,0.06347656,0.03173828,0.02368164,0.01098633,Nucleus,Nucleus
ENSP00000497622,0.44921875,0.50390625,0.40039062,0.03686523,0.18164062,0.19238281,0.01745605,0.69921875,0.75390625,0.51171875,0.01324463,"Cytoplasm, Endoplasmic reticulum, Lysosome/Vacuole",Nucleus
ENSP00000464084,0.859375,0.22167969,0.14355469,0.10107422,0.84765625,0.07373047,0.00405884,0.2578125,0.58203125,0.33984375,0.14453125,"Membrane, Cell membrane, Lysosome/Vacuole",Cell membrane
ENSP00000436575,0.25585938,0.546875,0.60546875,0.21289062,0.06103516,0.5703125,0.00193024,0.11572266,0.09277344,0.30859375,0.05175781,"Cytoplasm, Nucleus",Nucleus
ENSP00000435798,0.40429688,0.5546875,0.53515625,0.171875,0.37304688,0.41015625,0.00271606,0.18847656,0.16796875,0.12402344,0.14355469,"Cytoplasm, Nucleus","Cytoplasm, Nucleus"
ENSP00000394502,0.08740234,0.55078125,0.734375,0.07373047,0.11279297,0.10498047,0.01000977,0.07177734,0.16113281,0.13378906,0.05834961,"Cytoplasm, Nucleus",Nucleus
ENSP00000386623,0.125,0.296875,0.64453125,0.6015625,0.0324707,0.33203125,0.00650024,0.40625,0.21484375,0.07910156,0.07080078,Nucleus,Nucleus
ENSP00000222968,0.17675781,0.4609375,0.69140625,0.02929688,0.20800781,0.10107422,0.0007782,0.06835938,0.07177734,0.0279541,0.01245117,Nucleus,"Cytoplasm, Cell membrane"
ENSP00000452545,0.11914062,0.28125,0.92578125,0.04077148,0.07275391,0.0324707,0.00096893,0.16894531,0.07275391,0.03564453,0.00044441,Nucleus,Nucleus
ENSP00000450228,0.26757812,0.609375,0.69140625,0.19921875,0.32617188,0.33984375,0.02124023,0.30273438,0.15136719,0.07373047,0.01544189,"Cytoplasm, Nucleus",Cytoplasm
ENSP00000453631,0.04614258,0.47265625,0.671875,0.28320312,0.0402832,0.34375,0.01098633,0.03857422,0.01452637,0.02600098,0.00830078,"Cytoplasm, Nucleus",Nucleus
ENSP00000392425,0.6640625,0.484375,0.31445312,0.375,0.7265625,0.71484375,0.11767578,0.14550781,0.390625,0.62890625,0.34765625,"Membrane, Cytoplasm, Cell membrane, Mitochondrion",Endoplasmic reticulum
ENSP00000498206,0.43554688,0.54296875,0.39648438,0.03955078,0.1796875,0.16796875,0.01031494,0.67578125,0.76171875,0.51171875,0.01202393,"Cytoplasm, Endoplasmic reticulum, Lysosome/Vacuole",Nucleus
ENSP00000465068,0.05664062,0.390625,0.91796875,0.05419922,0.06176758,0.16992188,0.00239563,0.08251953,0.03369141,0.03320312,0.01403809,Nucleus,Nucleus
ENSP00000454999,0.36914062,0.35742188,0.41015625,0.3203125,0.07080078,0.30273438,0.00860596,0.32226562,0.20800781,0.05102539,0.07080078,None,Nucleus
ENSP00000453720,0.89453125,0.23339844,0.25976562,0.02368164,0.515625,0.05029297,0.0018692,0.6328125,0.36523438,0.76171875,0.01245117,"Membrane, Endoplasmic reticulum, Golgi apparatus",Golgi apparatus
ENSP00000450934,0.12011719,0.68359375,0.50390625,0.18847656,0.11767578,0.19238281,0.03466797,0.14746094,0.13085938,0.15429688,0.13476562,Cytoplasm,Cytoplasm
ENSP00000449299,0.30664062,0.55859375,0.40625,0.47070312,0.34765625,0.5546875,0.0043335,0.14160156,0.12890625,0.06103516,0.0071106,Cytoplasm,"Cytoplasm, Nucleus"
ENSP00000419248,0.63671875,0.16113281,0.11425781,0.0267334,0.12109375,0.9296875,0.0390625,0.16210938,0.07714844,0.10253906,0.0378418,"Membrane, Mitochondrion",Mitochondrion
ENSP00000344330,0.79296875,0.58984375,0.19921875,0.04956055,0.7265625,0.56640625,0.0011673,0.11279297,0.69140625,0.33984375,0.01068115,"Membrane, Cytoplasm, Cell membrane, Lysosome/Vacuole",Cytoplasm
ENSP00000491581,0.2734375,0.14160156,0.10986328,0.07080078,0.0534668,0.953125,0.2890625,0.03955078,0.06542969,0.0390625,0.16113281,Mitochondrion,Mitochondrion
ENSP00000455088,0.13769531,0.25390625,0.05419922,0.10693359,0.0378418,0.9453125,0.5625,0.02368164,0.03173828,0.04663086,0.01879883,Mitochondrion,Mitochondrion
ENSP00000453201,0.23339844,0.5703125,0.55078125,0.02233887,0.171875,0.30078125,0.00491333,0.10839844,0.21972656,0.06298828,0.01281738,"Cytoplasm, Nucleus",Nucleus
ENSP00000409820,0.81640625,0.21582031,0.2421875,0.02722168,0.45898438,0.4921875,0.01635742,0.8125,0.51171875,0.44726562,0.24804688,"Membrane, Endoplasmic reticulum",Cytoplasm
ENSP00000467841,0.18164062,0.25585938,0.66796875,0.11132812,0.07568359,0.15429688,0.00288391,0.11279297,0.31835938,0.04345703,0.0480957,Nucleus,Nucleus
ENSP00000456491,0.2734375,0.14746094,0.18164062,0.91796875,0.31445312,0.11767578,0.00939941,0.3046875,0.26367188,0.26171875,0.01452637,Extracellular,Cell membrane
ENSP00000390788,0.09130859,0.5625,0.62109375,0.16210938,0.07568359,0.1796875,0.00360107,0.07275391,0.16308594,0.07714844,0.04467773,"Cytoplasm, Nucleus",Cell membrane
ENSP00000372651,0.19042969,0.5078125,0.66015625,0.58203125,0.15917969,0.35742188,0.0088501,0.21484375,0.21191406,0.33203125,0.10839844,"Cytoplasm, Nucleus",Nucleus
ENSP00000498150,0.23242188,0.609375,0.54296875,0.3671875,0.22167969,0.37304688,0.08496094,0.15332031,0.33789062,0.20214844,0.22167969,"Cytoplasm, Nucleus",Nucleus
ENSP00000475146,0.375,0.5390625,0.41210938,0.10351562,0.30273438,0.4140625,0.01635742,0.32617188,0.36328125,0.48632812,0.05932617,Cytoplasm,Nucleus
ENSP00000452878,0.06542969,0.14160156,0.96484375,0.003479,0.0324707,0.09521484,0.00124359,0.05737305,0.03955078,0.11132812,0.00360107,Nucleus,Nucleus
ENSP00000414655,0.09423828,0.62890625,0.54296875,0.13769531,0.10351562,0.13183594,0.00939941,0.18359375,0.23046875,0.10693359,0.06445312,"Cytoplasm, Nucleus",Cytoplasm
ENSP00000413925,0.34765625,0.6796875,0.34570312,0.23535156,0.24804688,0.71875,0.00271606,0.23632812,0.484375,0.38867188,0.12988281,"Cytoplasm, Mitochondrion",Cytoplasm
ENSP00000368745,0.5234375,0.65625,0.37890625,0.08740234,0.43359375,0.4296875,0.00860596,0.30664062,0.38085938,0.5,0.02062988,"Membrane, Cytoplasm","Cytoplasm, Nucleus"
ENSP00000474048,0.24316406,0.42578125,0.44335938,0.8125,0.2109375,0.46875,0.00337219,0.1953125,0.26171875,0.203125,0.84765625,"Extracellular, Peroxisome",Nucleus
ENSP00000429628,0.09667969,0.29101562,0.66796875,0.13183594,0.11425781,0.12353516,0.00021648,0.02636719,0.13671875,0.03417969,0.04150391,Nucleus,Nucleus
ENSP00000417632,0.18261719,0.65234375,0.49609375,0.12402344,0.11572266,0.56640625,0.01202393,0.0390625,0.421875,0.2890625,0.02441406,Cytoplasm,Mitochondrion
ENSP00000492149,0.14257812,0.6328125,0.69921875,0.09130859,0.15332031,0.13378906,0.00247192,0.20214844,0.328125,0.265625,0.23535156,"Cytoplasm, Nucleus",Nucleus
ENSP00000404950,0.41210938,0.21777344,0.13476562,0.671875,0.40625,0.05493164,0.00668335,0.31445312,0.21191406,0.25,0.00262451,Extracellular,Cell membrane
ENSP00000367901,0.18554688,0.5859375,0.6875,0.11279297,0.19824219,0.25,0.00132751,0.21582031,0.20800781,0.28125,0.0480957,"Cytoplasm, Nucleus",Nucleus
ENSP00000498311,0.05664062,0.14746094,0.84375,0.06347656,0.03613281,0.12792969,0.02160645,0.05175781,0.01324463,0.04541016,0.01452637,Nucleus,Nucleus
ENSP00000462446,0.8984375,0.20605469,0.09521484,0.15234375,0.45117188,0.38476562,0.01135254,0.57421875,0.65234375,0.75390625,0.15039062,"Membrane, Lysosome/Vacuole, Golgi apparatus",Cell membrane
ENSP00000442725,0.5390625,0.5078125,0.38085938,0.03027344,0.23046875,0.20605469,0.00668335,0.14941406,0.43359375,0.32617188,0.03320312,"Membrane, Cytoplasm",Cytoplasm
ENSP00000441425,0.25,0.61328125,0.56640625,0.33203125,0.15136719,0.34960938,0.01361084,0.37890625,0.09033203,0.15136719,0.0043335,"Cytoplasm, Nucleus","Cytoplasm, Nucleus"
ENSP00000377133,0.10351562,0.35742188,0.64453125,0.04272461,0.05273438,0.06835938,0.03320312,0.08886719,0.04541016,0.02233887,0.02001953,Nucleus,Nucleus
ENSP00000347133,0.21875,0.546875,0.54296875,0.05102539,0.12695312,0.35351562,0.00506592,0.25976562,0.32226562,0.23925781,0.16699219,"Cytoplasm, Nucleus",Mitochondrion
ENSP00000458596,0.53515625,0.55078125,0.28125,0.29101562,0.33984375,0.71875,0.0255127,0.2421875,0.26171875,0.44335938,0.03686523,"Membrane, Cytoplasm, Mitochondrion",Mitochondrion
ENSP00000452763,0.14453125,0.16699219,0.26367188,0.12109375,0.06103516,0.92578125,0.06176758,0.04272461,0.06176758,0.01635742,0.17089844,Mitochondrion,"Cytoplasm, Endoplasmic reticulum"
ENSP00000450519,0.08642578,0.67578125,0.828125,0.0534668,0.06298828,0.35546875,0.00491333,0.11425781,0.10986328,0.04882812,0.06835938,"Cytoplasm, Nucleus",Nucleus
ENSP00000444110,0.2265625,0.6484375,0.51171875,0.04736328,0.18359375,0.45703125,0.00915527,0.05737305,0.10986328,0.20800781,0.06445312,Cytoplasm,"Nucleus, Cell membrane"
ENSP00000464646,0.22265625,0.62890625,0.5546875,0.10351562,0.15234375,0.27148438,0.00150299,0.19726562,0.15917969,0.10693359,0.003479,"Cytoplasm, Nucleus","Cytoplasm, Cell membrane"
ENSP00000452909,0.18457031,0.15429688,0.21972656,0.11132812,0.05273438,0.921875,0.12109375,0.06103516,0.06835938,0.02441406,0.12402344,Mitochondrion,"Cytoplasm, Endoplasmic reticulum"
ENSP00000436839,0.04272461,0.84375,0.44335938,0.26757812,0.06103516,0.8359375,0.04345703,0.15234375,0.22265625,0.7265625,0.9921875,"Cytoplasm, Mitochondrion, Golgi apparatus, Peroxisome","Cytoplasm, Nucleus, Cell membrane"
ENSP00000469917,0.27929688,0.53515625,0.47265625,0.25585938,0.140625,0.27929688,0.01135254,0.12597656,0.31835938,0.27539062,0.11914062,Cytoplasm,"Cytoplasm, Nucleus, Cell membrane"
ENSP00000467566,0.37109375,0.18261719,0.10253906,0.78515625,0.359375,0.27734375,0.01495361,0.40234375,0.41015625,0.1953125,0.00805664,Extracellular,Endoplasmic reticulum
ENSP00000457082,0.19921875,0.50390625,0.71484375,0.02404785,0.12988281,0.11279297,0.04467773,0.15917969,0.2421875,0.06640625,0.07714844,"Cytoplasm, Nucleus",Nucleus
ENSP00000433033,0.18554688,0.48828125,0.20214844,0.73046875,0.05493164,0.2265625,0.15429688,0.42382812,0.42578125,0.44921875,0.08154297,"Cytoplasm, Extracellular","Cytoplasm, Nucleus"
ENSP00000432453,0.43359375,0.51171875,0.44140625,0.14355469,0.25390625,0.44335938,0.01586914,0.21289062,0.38476562,0.64453125,0.09130859,Cytoplasm,Cytoplasm
ENSP00000430322,0.27148438,0.296875,0.27929688,0.04882812,0.12353516,0.94921875,0.02758789,0.04394531,0.09667969,0.04541016,0.00491333,Mitochondrion,Mitochondrion
ENSP00000407265,0.03735352,0.33984375,0.70703125,0.00970459,0.00445557,0.08496094,0.01635742,0.05175781,0.04077148,0.00830078,0.01135254,Nucleus,Nucleus
ENSP00000394699,0.484375,0.66015625,0.3828125,0.04345703,0.44140625,0.23925781,0.01068115,0.4375,0.5546875,0.3984375,0.02001953,"Membrane, Cytoplasm",Nucleus
ENSP00000357374,0.30078125,0.19335938,0.17285156,0.703125,0.29101562,0.09667969,0.04467773,0.35546875,0.44335938,0.29101562,0.04614258,Extracellular,Cell membrane
ENSP00000472375,0.18457031,0.62109375,0.375,0.5078125,0.11132812,0.1484375,0.0402832,0.3046875,0.43359375,0.30664062,0.3046875,Cytoplasm,Cytoplasm
ENSP00000467651,0.19726562,0.46289062,0.35351562,0.32421875,0.09130859,0.5859375,0.16210938,0.22363281,0.11279297,0.28710938,0.22167969,None,Cytoplasm
ENSP00000460067,0.265625,0.515625,0.66015625,0.30078125,0.16992188,0.46484375,0.0267334,0.18457031,0.2265625,0.25195312,0.21582031,"Cytoplasm, Nucleus",Nucleus
ENSP00000453781,0.18359375,0.48828125,0.359375,0.4375,0.15234375,0.5703125,0.15917969,0.17871094,0.13378906,0.16992188,0.02062988,Cytoplasm,Mitochondrion
ENSP00000449287,0.07373047,0.19238281,0.95703125,0.00159454,0.03857422,0.05932617,0.00254822,0.06445312,0.0559082,0.22167969,0.00460815,Nucleus,Nucleus
ENSP00000436824,0.33203125,0.52734375,0.47460938,0.21875,0.21484375,0.33984375,0.0055542,0.15039062,0.34570312,0.27539062,0.08154297,Cytoplasm,"Cytoplasm, Nucleus"
ENSP00000429946,0.09423828,0.5859375,0.75,0.17773438,0.08886719,0.06640625,0.01165771,0.15332031,0.05932617,0.05419922,0.00262451,"Cytoplasm, Nucleus",Nucleus
ENSP00000428991,0.57421875,0.30078125,0.52734375,0.33203125,0.29492188,0.5546875,0.05273438,0.3203125,0.515625,0.34765625,0.140625,Membrane,Cytoplasm
ENSP00000421390,0.15722656,0.49414062,0.69140625,0.03320312,0.08056641,0.10107422,0.0055542,0.25585938,0.23339844,0.16601562,0.00297546,"Cytoplasm, Nucleus","Cytoplasm, Nucleus"
ENSP00000345092,0.05664062,0.55078125,0.82421875,0.08496094,0.07177734,0.06298828,0.00159454,0.08154297,0.05834961,0.03027344,0.00370789,"Cytoplasm, Nucleus",Nucleus
ENSP00000475656,0.05029297,0.38476562,0.93359375,0.20605469,0.0255127,0.0402832,0.00055313,0.03027344,0.02197266,0.02978516,0.00075531,Nucleus,Nucleus
ENSP00000411577,0.07470703,0.20410156,0.921875,0.10986328,0.09814453,0.01245117,0.00280762,0.09277344,0.0402832,0.0559082,0.00120544,Nucleus,"Cytoplasm, Nucleus"
ENSP00000398116,0.04467773,0.5625,0.59765625,0.02294922,0.05834961,0.07470703,0.01165771,0.11132812,0.03198242,0.01745605,0.00145721,"Cytoplasm, Nucleus",Nucleus
ENSP00000342814,0.79296875,0.171875,0.09130859,0.44726562,0.7890625,0.02758789,0.00756836,0.3515625,0.58984375,0.30664062,0.10107422,"Membrane, Cell membrane, Lysosome/Vacuole",Cell membrane
ENSP00000456783,0.390625,0.75,0.2421875,0.11132812,0.359375,0.15429688,0.00212097,0.10107422,0.5390625,0.52734375,0.07177734,Cytoplasm,Cell membrane
ENSP00000412265,0.15625,0.5859375,0.56640625,0.47265625,0.12792969,0.2890625,0.00805664,0.10839844,0.1953125,0.30273438,0.10351562,"Cytoplasm, Nucleus","Cytoplasm, Nucleus"
ENSP00000363959,0.16210938,0.34960938,0.57421875,0.64453125,0.11767578,0.23632812,0.00317383,0.12402344,0.38671875,0.05419922,0.33007812,Nucleus,Nucleus
ENSP00000357457,0.265625,0.7265625,0.39648438,0.08496094,0.21289062,0.37109375,0.00592041,0.16210938,0.29296875,0.47070312,0.0480957,Cytoplasm,Golgi apparatus
ENSP00000465770,0.22949219,0.15917969,0.09814453,0.06835938,0.06445312,0.953125,0.03466797,0.05102539,0.08398438,0.09033203,0.24511719,Mitochondrion,Mitochondrion
ENSP00000436445,0.14160156,0.43359375,0.83203125,0.28125,0.07373047,0.09521484,0.00592041,0.19921875,0.21972656,0.21289062,0.00506592,Nucleus,Cytoplasm
ENSP00000434444,0.13085938,0.42382812,0.77734375,0.10693359,0.02893066,0.20703125,0.00537109,0.11279297,0.13476562,0.04663086,0.08251953,Nucleus,Nucleus
ENSP00000434386,0.20800781,0.54296875,0.55078125,0.28710938,0.15917969,0.16796875,0.00288391,0.05102539,0.3515625,0.02062988,0.7890625,"Cytoplasm, Nucleus, Peroxisome",Nucleus
ENSP00000406227,0.04077148,0.5625,0.8046875,0.01745605,0.02404785,0.10986328,0.03613281,0.11279297,0.09814453,0.12011719,0.02258301,"Cytoplasm, Nucleus",Nucleus
ENSP00000258662,0.23632812,0.84375,0.34960938,0.01452637,0.23828125,0.24804688,0.00476074,0.12255859,0.02331543,0.25,0.52734375,Cytoplasm,Nucleus
ENSP00000497364,0.3828125,0.46679688,0.42382812,0.171875,0.1875,0.22167969,0.01098633,0.30664062,0.7109375,0.40039062,0.07373047,Lysosome/Vacuole,Nucleus
ENSP00000486048,0.42773438,0.58203125,0.6484375,0.02441406,0.29882812,0.16699219,7.963e-05,0.13574219,0.42382812,0.10351562,0.03417969,"Cytoplasm, Nucleus",Cytoplasm
ENSP00000460751,0.19335938,0.49609375,0.73828125,0.47460938,0.12988281,0.34179688,0.01977539,0.13574219,0.2109375,0.06738281,0.29882812,"Cytoplasm, Nucleus",Nucleus
ENSP00000453029,0.203125,0.17773438,0.26953125,0.10986328,0.07714844,0.91796875,0.06176758,0.06542969,0.07373047,0.0267334,0.07080078,Mitochondrion,"Cytoplasm, Endoplasmic reticulum"
ENSP00000408628,0.34765625,0.15722656,0.07177734,0.76953125,0.22167969,0.10986328,0.01586914,0.640625,0.46875,0.4296875,0.01940918,"Extracellular, Endoplasmic reticulum",Endoplasmic reticulum
ENSP00000297613,0.11914062,0.52734375,0.55859375,0.02197266,0.10839844,0.5546875,0.00735474,0.18359375,0.2734375,0.14257812,0.07910156,"Cytoplasm, Nucleus",Nucleus
ENSP00000482839,0.44335938,0.46484375,0.46875,0.24511719,0.33984375,0.54296875,0.0057373,0.47070312,0.5390625,0.37695312,0.29492188,None,"Cytoplasm, Nucleus"
ENSP00000479315,0.3046875,0.44335938,0.53515625,0.43554688,0.18457031,0.59765625,0.02514648,0.39453125,0.4140625,0.42773438,0.34179688,Nucleus,Nucleus
ENSP00000464899,0.19433594,0.609375,0.46679688,0.296875,0.16015625,0.33203125,0.02001953,0.27929688,0.07373047,0.171875,0.04614258,Cytoplasm,Cytoplasm
ENSP00000464077,0.30078125,0.5546875,0.6171875,0.265625,0.14746094,0.58203125,0.02636719,0.30078125,0.42773438,0.3671875,0.04736328,"Cytoplasm, Nucleus",Nucleus
ENSP00000462344,0.7421875,0.27734375,0.35546875,0.10253906,0.40820312,0.3359375,0.00460815,0.703125,0.5625,0.44335938,0.11425781,"Membrane, Endoplasmic reticulum",Nucleus
ENSP00000431638,0.5703125,0.6953125,0.30664062,0.06176758,0.37695312,0.4140625,0.00460815,0.34375,0.88671875,0.47265625,0.20703125,"Membrane, Cytoplasm, Lysosome/Vacuole",Cytoplasm
ENSP00000451256,0.49609375,0.7265625,0.21484375,0.11767578,0.5703125,0.16796875,0.00262451,0.18554688,0.4296875,0.25976562,0.24121094,"Membrane, Cytoplasm, Cell membrane","Cytoplasm, Nucleus, Cell membrane"
ENSP00000449144,0.37304688,0.33203125,0.21777344,0.02758789,0.11279297,0.80078125,0.02758789,0.2421875,0.1796875,0.1328125,0.0390625,Mitochondrion,Mitochondrion
ENSP00000439269,0.3828125,0.79296875,0.41601562,0.03686523,0.17480469,0.16210938,0.03955078,0.1875,0.40625,0.609375,0.01831055,Cytoplasm,Cytoplasm
ENSP00000417662,0.2421875,0.56640625,0.5078125,0.33203125,0.19335938,0.34570312,0.01452637,0.22851562,0.34570312,0.25585938,0.35546875,Cytoplasm,Endoplasmic reticulum
ENSP00000403659,0.12255859,0.5859375,0.64453125,0.09960938,0.15917969,0.19335938,0.00668335,0.19238281,0.22363281,0.17285156,0.0279541,"Cytoplasm, Nucleus",Nucleus
ENSP00000335674,0.38671875,0.46289062,0.484375,0.16308594,0.29492188,0.58203125,0.00537109,0.31445312,0.36914062,0.14746094,0.11767578,None,"Cytoplasm, Cell membrane"
ENSP00000301587,0.33203125,0.22265625,0.16796875,0.04199219,0.0534668,0.92578125,0.01135254,0.06445312,0.01916504,0.05419922,0.03369141,Mitochondrion,Mitochondrion
ENSP00000497176,0.40039062,0.44921875,0.51953125,0.4140625,0.31054688,0.48242188,0.01635742,0.40039062,0.39648438,0.30859375,0.41015625,None,Nucleus
ENSP00000467906,0.2578125,0.53125,0.5390625,0.21972656,0.20214844,0.44140625,0.01495361,0.32226562,0.28710938,0.35546875,0.21289062,"Cytoplasm, Nucleus",Mitochondrion
ENSP00000455108,0.05273438,0.53515625,0.78515625,0.12402344,0.078125,0.45898438,0.00154877,0.06176758,0.01745605,0.08398438,0.01202393,"Cytoplasm, Nucleus",Nucleus
ENSP00000436668,0.89453125,0.14355469,0.08251953,0.05273438,0.84375,0.18261719,0.00124359,0.3203125,0.375,0.25976562,0.03027344,"Membrane, Cell membrane",Cell membrane
ENSP00000426551,0.12988281,0.69140625,0.6015625,0.06347656,0.12792969,0.18359375,0.00288391,0.08496094,0.1953125,0.19824219,0.47460938,"Cytoplasm, Nucleus",Cytoplasm
ENSP00000420273,0.56640625,0.46484375,0.34375,0.16308594,0.59375,0.37890625,0.05493164,0.22363281,0.30273438,0.51953125,0.3671875,"Membrane, Cell membrane",Nucleus
ENSP00000378422,0.19921875,0.54296875,0.58203125,0.53515625,0.15332031,0.27734375,0.00445557,0.24316406,0.265625,0.24804688,0.34765625,"Cytoplasm, Nucleus",Endoplasmic reticulum
ENSP00000394340,0.19726562,0.6875,0.34960938,0.453125,0.2109375,0.10107422,0.01031494,0.19433594,0.20898438,0.18945312,0.02331543,Cytoplasm,Nucleus
ENSP00000357381,0.296875,0.14453125,0.1640625,0.7890625,0.28515625,0.08496094,0.03417969,0.38671875,0.38671875,0.29492188,0.01855469,Extracellular,Cell membrane
ENSP00000300433,0.71875,0.18261719,0.15136719,0.37304688,0.765625,0.09814453,0.00668335,0.30664062,0.42773438,0.25195312,0.01586914,"Membrane, Cell membrane",Nucleus
ENSP00000455941,0.25585938,0.33398438,0.45898438,0.56640625,0.11279297,0.65234375,0.01000977,0.2265625,0.33789062,0.21484375,0.515625,Mitochondrion,Nucleus
ENSP00000451212,0.07080078,0.43359375,0.7578125,0.1875,0.06835938,0.19824219,0.00106812,0.13769531,0.14746094,0.09521484,0.0324707,Nucleus,Nucleus
ENSP00000445939,0.05419922,0.34960938,0.73046875,0.03564453,0.03564453,0.10839844,0.03063965,0.05493164,0.02331543,0.01403809,0.01403809,Nucleus,Nucleus
ENSP00000420164,0.265625,0.2109375,0.11767578,0.9296875,0.34765625,0.12597656,0.00218201,0.30273438,0.66015625,0.625,0.03320312,"Extracellular, Lysosome/Vacuole",Cell membrane
ENSP00000501630,0.27929688,0.24902344,0.25976562,0.09521484,0.10107422,0.91015625,0.02062988,0.10986328,0.13574219,0.16308594,0.09814453,Mitochondrion,Mitochondrion
ENSP00000440575,0.11425781,0.6171875,0.6640625,0.19726562,0.11767578,0.27929688,0.00231934,0.1484375,0.203125,0.21972656,0.16699219,"Cytoplasm, Nucleus",Mitochondrion
ENSP00000429166,0.24804688,0.5390625,0.36328125,0.43164062,0.12988281,0.48632812,0.02636719,0.32421875,0.25195312,0.28710938,0.36328125,Cytoplasm,Cytoplasm
ENSP00000506942,0.08251953,0.28320312,0.8828125,0.14453125,0.06298828,0.12353516,0.0005722,0.11132812,0.04394531,0.08642578,0.00254822,Nucleus,"Cytoplasm, Nucleus"
ENSP00000455296,0.12158203,0.48046875,0.36523438,0.03027344,0.05932617,0.51171875,0.0057373,0.10107422,0.38867188,0.06738281,0.0324707,Cytoplasm,Cytoplasm
ENSP00000454720,0.23535156,0.28710938,0.5625,0.05737305,0.08740234,0.44921875,0.05029297,0.05273438,0.01635742,0.0088501,0.25,Nucleus,"Nucleus, Golgi apparatus"
ENSP00000437580,0.18945312,0.65625,0.546875,0.04345703,0.17285156,0.33984375,0.0534668,0.11914062,0.5859375,0.15234375,0.03515625,"Cytoplasm, Nucleus, Lysosome/Vacuole",Cytoplasm
ENSP00000435888,0.546875,0.58203125,0.18847656,0.18457031,0.27734375,0.5234375,0.1875,0.75390625,0.7421875,0.93359375,0.12353516,"Membrane, Cytoplasm, Endoplasmic reticulum, Lysosome/Vacuole, Golgi apparatus",Golgi apparatus
ENSP00000427092,0.34375,0.53515625,0.36132812,0.16308594,0.26757812,0.28710938,0.05932617,0.25585938,0.36132812,0.67578125,0.22363281,"Cytoplasm, Golgi apparatus","Cytoplasm, Cell membrane, Endoplasmic reticulum"
ENSP00000422831,0.5234375,0.5859375,0.32226562,0.06933594,0.39453125,0.22363281,0.03417969,0.20019531,0.49023438,0.40429688,0.02001953,"Membrane, Cytoplasm","Cytoplasm, Cell membrane, Endoplasmic reticulum"
ENSP00000400637,0.16894531,0.41992188,0.6015625,0.04345703,0.07470703,0.38085938,0.00689697,0.05419922,0.31640625,0.15429688,0.06445312,Nucleus,"Cytoplasm, Nucleus"
ENSP00000451268,0.453125,0.5546875,0.48046875,0.02514648,0.23632812,0.3515625,0.00915527,0.41015625,0.25585938,0.25195312,0.00337219,Cytoplasm,"Cytoplasm, Nucleus, Cell membrane"
ENSP00000421647,0.0255127,0.4765625,0.87109375,0.1875,0.01940918,0.07714844,0.01794434,0.02929688,0.01745605,0.03027344,0.0078125,"Cytoplasm, Nucleus",Nucleus
ENSP00000359346,0.85546875,0.13769531,0.25,0.0279541,0.09277344,0.7734375,0.04467773,0.44335938,0.07470703,0.09277344,0.0088501,"Membrane, Mitochondrion",Mitochondrion
ENSP00000346473,0.32421875,0.50390625,0.33789062,0.49023438,0.22851562,0.23925781,0.06176758,0.4296875,0.5234375,0.28515625,0.22851562,Cytoplasm,Nucleus
ENSP00000462839,0.9921875,0.10253906,0.07275391,0.00170135,0.67578125,0.38085938,0.00460815,0.58203125,0.43359375,0.5546875,0.02758789,"Membrane, Cell membrane","Mitochondrion, Endoplasmic reticulum"
ENSP00000408121,0.07080078,0.35351562,0.875,0.18554688,0.08886719,0.04272461,0.00405884,0.08251953,0.02636719,0.04077148,0.00064468,Nucleus,Nucleus
ENSP00000296121,0.01586914,0.21484375,0.94140625,0.02722168,0.00689697,0.0390625,0.00141144,0.04736328,0.11767578,0.02722168,0.00170135,Nucleus,"Cytoplasm, Nucleus"
ENSP00000435724,0.3828125,0.45507812,0.51171875,0.09423828,0.33007812,0.359375,0.06298828,0.3515625,0.20800781,0.2578125,0.19433594,None,Nucleus
ENSP00000408251,0.2890625,0.62890625,0.62109375,0.05273438,0.14746094,0.15234375,0.00047302,0.45507812,0.51171875,0.31835938,0.04394531,"Cytoplasm, Nucleus",Nucleus
ENSP00000396061,0.27539062,0.76171875,0.21875,0.05834961,0.19824219,0.28125,0.00031471,0.16308594,0.37109375,0.16699219,0.0480957,Cytoplasm,Cytoplasm
ENSP00000481500,0.34570312,0.49414062,0.41015625,0.16894531,0.21289062,0.44726562,0.02893066,0.41796875,0.3828125,0.31640625,0.2578125,Cytoplasm,"Cytoplasm, Nucleus"
ENSP00000469800,0.21972656,0.78125,0.3828125,0.15917969,0.15625,0.26953125,0.02722168,0.27734375,0.328125,0.5625,0.01245117,Cytoplasm,"Cytoplasm, Cell membrane"
ENSP00000411992,0.23925781,0.484375,0.47851562,0.546875,0.06542969,0.6328125,0.0390625,0.23632812,0.12695312,0.24316406,0.03466797,Cytoplasm,Cytoplasm
ENSP00000386558,0.3125,0.5,0.5703125,0.08642578,0.11279297,0.12255859,0.00735474,0.17578125,0.4609375,0.15917969,0.06835938,"Cytoplasm, Nucleus",Golgi apparatus
ENSP00000505003,0.24902344,0.5234375,0.34570312,0.20605469,0.15234375,0.44726562,0.13574219,0.3359375,0.25390625,0.33398438,0.08251953,Cytoplasm,"Cytoplasm, Nucleus"
ENSP00000423915,0.04614258,0.31445312,0.890625,0.10693359,0.0324707,0.12109375,0.00113678,0.05737305,0.06738281,0.03320312,0.08398438,Nucleus,Nucleus
ENSP00000393196,0.3125,0.49609375,0.56640625,0.34570312,0.22167969,0.49023438,0.00689697,0.34375,0.37304688,0.38476562,0.22363281,"Cytoplasm, Nucleus","Cytoplasm, Nucleus"
ENSP00000361966,0.58984375,0.15917969,0.12988281,0.05273438,0.17773438,0.96484375,0.01245117,0.1328125,0.10839844,0.13183594,0.13378906,"Membrane, Mitochondrion",Mitochondrion
ENSP00000442180,0.26171875,0.55859375,0.625,0.26757812,0.12353516,0.33984375,0.01202393,0.28125,0.34179688,0.30859375,0.15039062,"Cytoplasm, Nucleus",Cell membrane
ENSP00000422612,0.34765625,0.5234375,0.3125,0.25390625,0.26367188,0.35351562,0.09277344,0.20019531,0.29101562,0.62890625,0.15625,Cytoplasm,"Cytoplasm, Cell membrane, Endoplasmic reticulum"
ENSP00000389707,0.05932617,0.38476562,0.96484375,0.0390625,0.06347656,0.06640625,0.0005722,0.06542969,0.07177734,0.01245117,0.00044441,Nucleus,Nucleus
ENSP00000357089,0.21582031,0.49414062,0.50390625,0.13574219,0.36914062,0.28515625,0.00805664,0.08154297,0.11425781,0.06176758,0.00247192,Cytoplasm,Nucleus
ENSP00000506592,0.36328125,0.6796875,0.42578125,0.06176758,0.13867188,0.40820312,0.0088501,0.125,0.19824219,0.29296875,0.16015625,Cytoplasm,Cytoplasm
ENSP00000484730,0.35742188,0.22949219,0.17089844,0.7734375,0.31835938,0.17089844,0.02636719,0.41992188,0.49414062,0.3515625,0.08154297,Extracellular,Cell membrane
ENSP00000474781,0.67578125,0.26171875,0.21777344,0.09033203,0.13476562,0.8984375,0.07910156,0.33203125,0.37304688,0.15820312,0.2421875,"Membrane, Mitochondrion",Mitochondrion
ENSP00000440305,0.42382812,0.33203125,0.3125,0.24902344,0.20703125,0.43945312,0.45117188,0.37304688,0.31640625,0.17089844,0.26171875,None,Mitochondrion
ENSP00000421230,0.33789062,0.546875,0.328125,0.21582031,0.25976562,0.28710938,0.07470703,0.24121094,0.3828125,0.71484375,0.2421875,"Cytoplasm, Golgi apparatus","Cytoplasm, Cell membrane, Endoplasmic reticulum"
ENSP00000472057,0.03173828,0.46679688,0.8359375,0.51171875,0.03686523,0.05175781,0.05102539,0.05029297,0.03027344,0.06103516,0.01586914,Nucleus,Nucleus
ENSP00000465618,0.22265625,0.16992188,0.11767578,0.06738281,0.0559082,0.95703125,0.03112793,0.05932617,0.10351562,0.09667969,0.29882812,Mitochondrion,Mitochondrion
ENSP00000455278,0.19921875,0.39648438,0.5625,0.03613281,0.09277344,0.10986328,0.00193024,0.10351562,0.23535156,0.28515625,0.00164795,Nucleus,Cytoplasm
ENSP00000437954,0.44921875,0.44921875,0.11767578,0.74609375,0.49023438,0.21972656,0.00382996,0.41601562,0.26953125,0.52734375,0.03515625,Extracellular,Golgi apparatus
ENSP00000435761,0.45703125,0.5859375,0.5234375,0.04956055,0.15820312,0.33203125,0.02258301,0.45117188,0.72265625,0.7265625,0.01098633,"Membrane, Cytoplasm, Lysosome/Vacuole, Golgi apparatus",Nucleus
ENSP00000333624,0.31054688,0.52734375,0.4453125,0.35546875,0.20019531,0.51953125,0.01000977,0.28320312,0.48828125,0.32421875,0.48828125,Cytoplasm,Nucleus
ENSP00000261267,0.15429688,0.12988281,0.07275391,0.8828125,0.1875,0.04272461,0.03173828,0.13476562,0.53125,0.18164062,0.02197266,Extracellular,Golgi apparatus
ENSP00000385226,0.13867188,0.37695312,0.64453125,0.02038574,0.13378906,0.49804688,0.01245117,0.08056641,0.18847656,0.12988281,0.00370789,Nucleus,Nucleus
ENSP00000334125,0.18164062,0.5234375,0.33789062,0.70703125,0.12988281,0.37109375,0.27734375,0.453125,0.546875,0.62890625,0.05029297,"Cytoplasm, Extracellular","Cytoplasm, Cell membrane"
ENSP00000472837,0.15722656,0.64453125,0.5625,0.53515625,0.16894531,0.24609375,0.00445557,0.19433594,0.19335938,0.26757812,0.57421875,"Cytoplasm, Nucleus",Cell membrane
ENSP00000471034,0.28710938,0.34765625,0.22167969,0.6640625,0.02636719,0.31640625,0.02929688,0.56640625,0.51171875,0.59375,0.2890625,Extracellular,Golgi apparatus
ENSP00000464478,0.16210938,0.71484375,0.6015625,0.01794434,0.18164062,0.20800781,0.0402832,0.09521484,0.19335938,0.32421875,0.0057373,"Cytoplasm, Nucleus",Nucleus
ENSP00000450403,0.29101562,0.17578125,0.08886719,0.07275391,0.09277344,0.9375,0.10839844,0.03027344,0.06445312,0.09960938,0.03112793,Mitochondrion,Mitochondrion
ENSP00000430836,0.24511719,0.55078125,0.515625,0.03955078,0.21972656,0.30273438,0.01940918,0.23339844,0.28125,0.29101562,0.44726562,Cytoplasm,Nucleus
ENSP00000416164,0.46679688,0.53125,0.58984375,0.12011719,0.3125,0.171875,0.00460815,0.14941406,0.25195312,0.22265625,0.00288391,"Membrane, Cytoplasm, Nucleus",Cytoplasm
ENSP00000412812,0.546875,0.63671875,0.37890625,0.0390625,0.46484375,0.2578125,0.01135254,0.46875,0.546875,0.38476562,0.01586914,"Membrane, Cytoplasm",Nucleus
ENSP00000406065,0.17089844,0.50390625,0.66796875,0.36914062,0.15332031,0.47265625,0.00445557,0.2734375,0.32421875,0.1484375,0.66015625,"Cytoplasm, Nucleus","Cytoplasm, Cell membrane"
ENSP00000500214,0.01940918,0.375,0.92578125,0.04663086,0.01855469,0.03515625,0.00421143,0.04150391,0.01281738,0.03112793,0.0018692,Nucleus,Nucleus
ENSP00000493305,0.24609375,0.59765625,0.53515625,0.140625,0.30078125,0.36328125,0.01403809,0.20898438,0.23339844,0.24609375,0.03564453,"Cytoplasm, Nucleus","Cytoplasm, Cell membrane"
ENSP00000489222,0.34179688,0.25195312,0.22167969,0.6171875,0.19042969,0.19238281,0.04467773,0.53125,0.46289062,0.390625,0.04956055,None,Cell membrane
ENSP00000469638,0.07470703,0.390625,0.859375,0.09033203,0.13867188,0.10498047,0.00128174,0.05273438,0.02258301,0.05175781,0.00175476,Nucleus,Nucleus
ENSP00000330737,0.390625,0.26367188,0.19238281,0.02294922,0.13867188,0.8671875,0.03613281,0.1875,0.15136719,0.08642578,0.02038574,Mitochondrion,Mitochondrion
ENSP00000481248,0.14648438,0.43945312,0.68359375,0.07373047,0.10986328,0.18945312,0.00628662,0.12158203,0.12597656,0.05834961,0.01000977,Nucleus,"Cytoplasm, Nucleus"
ENSP00000471413,0.8828125,0.23339844,0.19726562,0.06103516,0.66796875,0.03515625,0.00198364,0.54296875,0.3671875,0.63671875,0.06005859,"Membrane, Cell membrane",Cell membrane
ENSP00000436936,0.3828125,0.59375,0.35546875,0.18554688,0.2578125,0.36523438,0.01794434,0.02758789,0.265625,0.13085938,0.07275391,Cytoplasm,Mitochondrion
ENSP00000435577,0.13671875,0.67578125,0.53515625,0.11572266,0.14160156,0.18847656,0.01324463,0.14941406,0.296875,0.28125,0.15234375,"Cytoplasm, Nucleus",Nucleus
ENSP00000433055,0.75,0.17675781,0.1328125,0.25585938,0.8359375,0.10253906,0.01403809,0.26953125,0.42382812,0.16992188,0.0022583,"Membrane, Cell membrane",Nucleus
ENSP00000427520,0.8359375,0.17773438,0.17480469,0.11572266,0.875,0.14160156,0.00521851,0.28125,0.5703125,0.28710938,0.01544189,"Membrane, Cell membrane, Lysosome/Vacuole",Nucleus
ENSP00000420102,0.10107422,0.37890625,0.85546875,0.15234375,0.10498047,0.07080078,0.00421143,0.0534668,0.13671875,0.07080078,0.01544189,Nucleus,Nucleus
ENSP00000486994,0.08886719,0.31054688,0.85546875,0.20898438,0.08642578,0.05419922,0.00124359,0.07373047,0.07568359,0.04956055,0.01745605,Nucleus,Nucleus
ENSP00000444620,0.06542969,0.62890625,0.828125,0.02099609,0.09277344,0.12792969,0.00288391,0.09033203,0.11132812,0.13378906,0.01586914,"Cytoplasm, Nucleus",Nucleus
ENSP00000440181,0.09130859,0.6328125,0.8046875,0.15527344,0.12353516,0.20898438,0.04345703,0.20410156,0.07470703,0.07470703,0.03369141,"Cytoplasm, Nucleus",Nucleus
ENSP00000436907,0.47265625,0.37890625,0.5859375,0.19726562,0.31054688,0.59375,0.05419922,0.1875,0.23046875,0.23339844,0.01745605,"Membrane, Nucleus",Nucleus
ENSP00000422141,0.10693359,0.38867188,0.75390625,0.08056641,0.078125,0.23632812,0.00939941,0.11132812,0.12695312,0.10498047,0.06103516,Nucleus,Nucleus
ENSP00000294521,0.53515625,0.63671875,0.33398438,0.21289062,0.5859375,0.31835938,0.01452637,0.265625,0.37890625,0.30859375,0.15917969,"Membrane, Cytoplasm, Cell membrane",Cell membrane
ENSP00000483601,0.30078125,0.45898438,0.65625,0.08154297,0.09960938,0.25976562,0.00460815,0.2421875,0.12158203,0.2578125,0.17285156,Nucleus,Nucleus
ENSP00000464183,0.4375,0.39453125,0.3515625,0.08398438,0.32421875,0.24804688,0.00689697,0.29882812,0.59375,0.546875,0.04150391,Lysosome/Vacuole,Golgi apparatus
ENSP00000419914,0.09130859,0.703125,0.68359375,0.10351562,0.12402344,0.20898438,0.00735474,0.05834961,0.11572266,0.09960938,0.08740234,"Cytoplasm, Nucleus",Nucleus
ENSP00000403920,0.19238281,0.59765625,0.32421875,0.12158203,0.10498047,0.08886719,0.01977539,0.13378906,0.55078125,0.578125,0.63671875,Cytoplasm,"Cytoplasm, Nucleus"
ENSP00000463294,0.22558594,0.5546875,0.45507812,0.17089844,0.15820312,0.41601562,0.01031494,0.19042969,0.34375,0.32421875,0.10986328,Cytoplasm,Nucleus
ENSP00000454778,0.25390625,0.6328125,0.53125,0.10986328,0.26171875,0.33398438,0.00280762,0.26953125,0.31445312,0.24511719,0.06542969,"Cytoplasm, Nucleus","Cytoplasm, Nucleus"
ENSP00000451361,0.20019531,0.53515625,0.78125,0.05029297,0.13574219,0.32226562,0.00231934,0.04882812,0.3515625,0.0534668,0.03063965,"Cytoplasm, Nucleus",Nucleus
ENSP00000399432,0.18261719,0.58203125,0.41210938,0.08154297,0.23535156,0.33203125,0.00668335,0.15722656,0.07275391,0.14648438,0.07568359,Cytoplasm,"Cytoplasm, Nucleus"
ENSP00000392738,0.04077148,0.49023438,0.6796875,0.02001953,0.01696777,0.17480469,0.00328064,0.05493164,0.03417969,0.04956055,0.0057373,"Cytoplasm, Nucleus",Nucleus
ENSP00000487797,0.19824219,0.69140625,0.62109375,0.03320312,0.18554688,0.19921875,0.01495361,0.14355469,0.23339844,0.41015625,0.06640625,"Cytoplasm, Nucleus","Cytoplasm, Cell membrane"
ENSP00000451544,0.1640625,0.609375,0.27539062,0.20019531,0.06640625,0.2734375,0.11279297,0.19335938,0.4296875,0.2578125,0.02636719,Cytoplasm,Cytoplasm
ENSP00000402732,0.7109375,0.12988281,0.1484375,0.07714844,0.41992188,0.16015625,0.01000977,0.38671875,0.47070312,0.20703125,0.00405884,Membrane,Cell membrane
ENSP00000392272,0.05493164,0.28710938,0.90234375,0.03027344,0.03857422,0.09277344,0.00360107,0.06347656,0.01495361,0.06347656,0.00091171,Nucleus,Nucleus
ENSP00000482082,0.20019531,0.58984375,0.609375,0.41015625,0.08398438,0.31445312,0.02197266,0.20605469,0.265625,0.31835938,0.09130859,"Cytoplasm, Nucleus","Cytoplasm, Cell membrane"
ENSP00000468298,0.10498047,0.48046875,0.78125,0.41210938,0.11279297,0.29492188,0.01544189,0.18945312,0.16308594,0.09277344,0.0324707,"Cytoplasm, Nucleus","Cytoplasm, Cell membrane"
ENSP00000436674,0.71875,0.10986328,0.11425781,0.09667969,0.41992188,0.20800781,0.01586914,0.37304688,0.4765625,0.19824219,0.00491333,Membrane,Cell membrane
ENSP00000433637,0.11279297,0.41210938,0.73828125,0.03417969,0.05664062,0.05737305,0.00445557,0.06640625,0.12158203,0.16894531,0.0267334,Nucleus,Nucleus
ENSP00000418261,0.36328125,0.44335938,0.11425781,0.06176758,0.09521484,0.87109375,0.14257812,0.15234375,0.3359375,0.12695312,0.24902344,Mitochondrion,Mitochondrion
ENSP00000497750,0.20703125,0.30664062,0.24316406,0.01245117,0.09423828,0.96484375,0.01452637,0.02160645,0.09667969,0.03735352,0.0057373,Mitochondrion,Mitochondrion
ENSP00000431853,0.21777344,0.61328125,0.52734375,0.03198242,0.10253906,0.39257812,0.01068115,0.16796875,0.23632812,0.35351562,0.38085938,Cytoplasm,"Cytoplasm, Cell membrane"
ENSP00000429362,0.38085938,0.375,0.48046875,0.1484375,0.2734375,0.30664062,0.10107422,0.25976562,0.44921875,0.22167969,0.30273438,None,Nucleus
ENSP00000498027,0.24804688,0.42773438,0.66796875,0.01940918,0.09033203,0.328125,0.01977539,0.19335938,0.09960938,0.08056641,0.00198364,Nucleus,Nucleus
ENSP00000462831,0.30664062,0.65625,0.45507812,0.09423828,0.37109375,0.30664062,0.01165771,0.10498047,0.21582031,0.21484375,0.08251953,Cytoplasm,Cell membrane
ENSP00000452443,0.08740234,0.53515625,0.828125,0.19238281,0.05493164,0.13476562,0.00860596,0.17871094,0.22558594,0.04736328,0.21777344,"Cytoplasm, Nucleus",Nucleus
ENSP00000449898,0.18261719,0.1640625,0.09960938,0.875,0.16015625,0.06738281,0.02062988,0.16210938,0.46289062,0.14746094,0.0402832,Extracellular,Golgi apparatus
ENSP00000431058,0.29492188,0.33984375,0.62890625,0.02062988,0.38476562,0.41601562,0.0018692,0.06640625,0.29492188,0.11767578,0.00308228,Nucleus,Cytoplasm
ENSP00000419656,0.3828125,0.20703125,0.140625,0.03686523,0.18554688,0.9453125,0.03857422,0.07177734,0.10693359,0.05102539,0.03198242,Mitochondrion,Mitochondrion
ENSP00000417849,0.07714844,0.45703125,0.70703125,0.06738281,0.05175781,0.04150391,0.00175476,0.17480469,0.06298828,0.05834961,0.00132751,Nucleus,Nucleus
ENSP00000344230,0.28515625,0.23535156,0.15332031,0.0402832,0.05419922,0.9453125,0.02331543,0.0534668,0.01696777,0.04199219,0.03515625,Mitochondrion,Mitochondrion
ENSP00000342787,0.10351562,0.16601562,0.21875,0.07080078,0.0534668,0.94140625,0.11767578,0.01977539,0.04614258,0.0057373,0.02404785,Mitochondrion,"Cytoplasm, Endoplasmic reticulum"
ENSP00000504761,0.62109375,0.26171875,0.27539062,0.2890625,0.31445312,0.22949219,0.00610352,0.66015625,0.4140625,0.48242188,0.06640625,"Membrane, Endoplasmic reticulum",Golgi apparatus
ENSP00000474618,0.23535156,0.49414062,0.5859375,0.3359375,0.19433594,0.3984375,0.0055542,0.2109375,0.31054688,0.31835938,0.31835938,"Cytoplasm, Nucleus",Nucleus
ENSP00000464988,0.21875,0.61328125,0.609375,0.16992188,0.2421875,0.31640625,0.01745605,0.19335938,0.16113281,0.1328125,0.06005859,"Cytoplasm, Nucleus",Cytoplasm
ENSP00000446554,0.515625,0.609375,0.37304688,0.03735352,0.42382812,0.23339844,0.01098633,0.39257812,0.515625,0.328125,0.0088501,"Membrane, Cytoplasm",Nucleus
ENSP00000439818,0.3125,0.45703125,0.28710938,0.27734375,0.14453125,0.38085938,0.03369141,0.45117188,0.32226562,0.34179688,0.078125,None,Mitochondrion
ENSP00000428129,0.23535156,0.4765625,0.69921875,0.53125,0.2421875,0.58203125,0.01098633,0.20605469,0.34570312,0.328125,0.18554688,"Cytoplasm, Nucleus",Nucleus
ENSP00000420578,0.24511719,0.5625,0.515625,0.47851562,0.19335938,0.50390625,0.02062988,0.3671875,0.51171875,0.38671875,0.3515625,Cytoplasm,Nucleus
ENSP00000387102,0.14355469,0.39257812,0.828125,0.46484375,0.13867188,0.10498047,0.01165771,0.12353516,0.10253906,0.12158203,0.00393677,Nucleus,"Cytoplasm, Nucleus"
ENSP00000358111,0.05834961,0.29101562,0.9296875,0.21191406,0.02001953,0.03173828,0.00017929,0.12988281,0.0559082,0.01879883,0.0001688,Nucleus,"Cytoplasm, Nucleus"
ENSP00000490665,0.40625,0.60546875,0.45898438,0.03417969,0.45703125,0.29492188,0.00830078,0.15136719,0.14160156,0.09521484,0.04663086,Cytoplasm,"Cell membrane, Endoplasmic reticulum"
ENSP00000482852,0.6640625,0.22558594,0.13867188,0.7109375,0.671875,0.10498047,0.01403809,0.32421875,0.32226562,0.30859375,0.09423828,"Membrane, Extracellular, Cell membrane","Cytoplasm, Cell membrane"
ENSP00000481703,0.7109375,0.13183594,0.11279297,0.01452637,0.15722656,0.94140625,0.06176758,0.11425781,0.04956055,0.0559082,0.05664062,"Membrane, Mitochondrion",Mitochondrion
ENSP00000480335,0.27734375,0.22363281,0.27539062,0.72265625,0.33984375,0.13378906,0.02062988,0.41210938,0.390625,0.21972656,0.06176758,Extracellular,Cell membrane
ENSP00000479714,0.23046875,0.71484375,0.5234375,0.08154297,0.27148438,0.33789062,0.00262451,0.25976562,0.26367188,0.22363281,0.07568359,Cytoplasm,Mitochondrion
ENSP00000458835,0.90234375,0.23925781,0.29492188,0.03686523,0.6796875,0.07910156,0.00180817,0.6015625,0.45507812,0.73828125,0.17285156,"Membrane, Cell membrane, Golgi apparatus",Cell membrane
ENSP00000431594,0.07714844,0.43945312,0.80859375,0.21972656,0.08056641,0.11572266,0.00254822,0.11572266,0.13867188,0.04882812,0.01000977,Nucleus,Nucleus
ENSP00000425484,0.44921875,0.6015625,0.33007812,0.06542969,0.515625,0.10693359,0.05102539,0.29492188,0.06542969,0.27734375,0.00370789,Cytoplasm,"Nucleus, Cell membrane"
ENSP00000380435,0.90625,0.08251953,0.11279297,0.0279541,0.63671875,0.0480957,0.00445557,0.4296875,0.3984375,0.17285156,0.06835938,"Membrane, Cell membrane",Cell membrane
ENSP00000363197,0.578125,0.17089844,0.16308594,0.65234375,0.32421875,0.1953125,0.10498047,0.46289062,0.44140625,0.49023438,0.30078125,"Membrane, Extracellular",Cell membrane
ENSP00000255764,0.15234375,0.6328125,0.47460938,0.01281738,0.12353516,0.14355469,0.00460815,0.09130859,0.30664062,0.06835938,0.00915527,Cytoplasm,Nucleus
ENSP00000487557,0.28125,0.5,0.55859375,0.3828125,0.20898438,0.31640625,0.04272461,0.25976562,0.34765625,0.27148438,0.06933594,"Cytoplasm, Nucleus",Nucleus
ENSP00000470495,0.34765625,0.54296875,0.46875,0.1328125,0.375,0.25976562,0.00106812,0.21875,0.49023438,0.31445312,0.00247192,Cytoplasm,"Cytoplasm, Nucleus"
ENSP00000427425,0.08740234,0.38867188,0.85546875,0.06738281,0.09667969,0.07470703,0.00091171,0.03369141,0.03063965,0.0267334,0.00735474,Nucleus,Nucleus
ENSP00000422281,0.59765625,0.5,0.40820312,0.43359375,0.34960938,0.33203125,0.078125,0.18847656,0.6015625,0.12402344,0.03955078,"Membrane, Cytoplasm, Lysosome/Vacuole",Cell membrane
ENSP00000407002,0.33984375,0.60546875,0.4765625,0.04956055,0.359375,0.625,0.02124023,0.09423828,0.5234375,0.10498047,0.01000977,Cytoplasm,"Cytoplasm, Cell membrane"
ENSP00000389518,0.03686523,0.41210938,0.86328125,0.02758789,0.03955078,0.11572266,0.04663086,0.04467773,0.0088501,0.11572266,0.00445557,Nucleus,Nucleus
ENSP00000217185,0.31835938,0.6015625,0.45117188,0.34765625,0.34179688,0.28125,0.00805664,0.1796875,0.30664062,0.28320312,0.30664062,Cytoplasm,"Cytoplasm, Nucleus"
ENSP00000469138,0.07714844,0.56640625,0.65625,0.11914062,0.09667969,0.25976562,0.00271606,0.09033203,0.07470703,0.15820312,0.00370789,"Cytoplasm, Nucleus",Nucleus
ENSP00000506808,0.34765625,0.34375,0.26757812,0.08056641,0.12353516,0.63671875,0.02514648,0.20800781,0.13867188,0.12792969,0.04077148,None,Mitochondrion
ENSP00000485966,0.33203125,0.18554688,0.07080078,0.19335938,0.08154297,0.9375,0.24609375,0.07080078,0.04882812,0.06738281,0.0402832,Mitochondrion,Mitochondrion
ENSP00000479486,0.38476562,0.49023438,0.44140625,0.13867188,0.26953125,0.47265625,0.00280762,0.45117188,0.50390625,0.21972656,0.27734375,Cytoplasm,"Cytoplasm, Cell membrane"
ENSP00000479441,0.59765625,0.4296875,0.36132812,0.05102539,0.3828125,0.5234375,0.00280762,0.54296875,0.515625,0.24316406,0.12988281,Membrane,Nucleus
ENSP00000465889,0.28515625,0.26953125,0.17675781,0.85546875,0.2421875,0.25,0.00592041,0.359375,0.36328125,0.32617188,0.07275391,Extracellular,Endoplasmic reticulum
ENSP00000455277,0.16601562,0.64453125,0.45703125,0.13671875,0.15722656,0.203125,0.00592041,0.11425781,0.20898438,0.13769531,0.00370789,Cytoplasm,Cytoplasm
ENSP00000446944,0.13183594,0.2265625,0.9140625,0.01696777,0.02978516,0.13085938,0.0043335,0.08056641,0.09130859,0.08740234,0.01324463,Nucleus,Nucleus
ENSP00000429741,0.10693359,0.65625,0.73046875,0.02978516,0.09130859,0.20410156,0.00668335,0.09423828,0.15625,0.22851562,0.10693359,"Cytoplasm, Nucleus",Nucleus
ENSP00000427935,0.06298828,0.4921875,0.6640625,0.06835938,0.04541016,0.08056641,0.003479,0.13867188,0.13085938,0.02294922,0.00198364,"Cytoplasm, Nucleus",Nucleus
ENSP00000390926,0.21289062,0.6484375,0.45117188,0.32617188,0.10253906,0.28320312,0.0043335,0.18359375,0.36132812,0.31835938,0.03466797,Cytoplasm,"Cytoplasm, Cell membrane"
ENSP00000388737,0.05029297,0.3984375,0.91015625,0.14355469,0.02600098,0.09130859,0.00102997,0.2109375,0.09521484,0.01794434,0.02600098,Nucleus,Nucleus
ENSP00000310182,0.9140625,0.16113281,0.20410156,0.01403809,0.43359375,0.23632812,0.01245117,0.7265625,0.43164062,0.2890625,0.16113281,"Membrane, Endoplasmic reticulum",Golgi apparatus
ENSP00000485355,0.24902344,0.58203125,0.44726562,0.06933594,0.125,0.45507812,0.01403809,0.36914062,0.4296875,0.375,0.00915527,Cytoplasm,Endoplasmic reticulum
ENSP00000468584,0.22265625,0.17773438,0.10839844,0.06347656,0.06298828,0.95703125,0.02722168,0.05102539,0.09277344,0.10107422,0.328125,Mitochondrion,Mitochondrion
ENSP00000389278,0.76953125,0.26757812,0.24511719,0.08642578,0.484375,0.06176758,0.00360107,0.43554688,0.48242188,0.55859375,0.07373047,Membrane,Cytoplasm
ENSP00000386645,0.19238281,0.37109375,0.8515625,0.24902344,0.21972656,0.12255859,0.00297546,0.140625,0.10351562,0.12988281,0.00159454,Nucleus,"Cytoplasm, Nucleus"
ENSP00000362773,0.25585938,0.5625,0.37304688,0.12792969,0.26757812,0.546875,0.03369141,0.04150391,0.04467773,0.22167969,0.00506592,Cytoplasm,Nucleus
ENSP00000430257,0.26171875,0.6875,0.46679688,0.05102539,0.21484375,0.2421875,0.00141144,0.07910156,0.33203125,0.27539062,0.00610352,Cytoplasm,Nucleus
ENSP00000401109,0.07275391,0.24902344,0.7890625,0.01745605,0.0279541,0.09667969,0.00405884,0.04150391,0.08642578,0.09814453,0.00254822,Nucleus,Nucleus
ENSP00000382364,0.17578125,0.51171875,0.6015625,0.21582031,0.11767578,0.26757812,0.00860596,0.41992188,0.18847656,0.10107422,0.05273438,"Cytoplasm, Nucleus","Cytoplasm, Nucleus, Mitochondrion"
ENSP00000498993,0.2421875,0.37109375,0.38085938,0.24511719,0.15722656,0.80859375,0.01281738,0.20019531,0.20898438,0.22363281,0.640625,Mitochondrion,Mitochondrion
ENSP00000467551,0.12988281,0.3359375,0.7578125,0.15820312,0.09521484,0.10839844,0.00040436,0.06445312,0.1875,0.04614258,0.01940918,Nucleus,Nucleus
ENSP00000466188,0.21289062,0.73828125,0.45507812,0.24511719,0.15234375,0.17675781,0.0022583,0.22167969,0.13085938,0.45898438,0.03564453,Cytoplasm,Nucleus
ENSP00000439667,0.24902344,0.44726562,0.46289062,0.27148438,0.13671875,0.65625,0.04394531,0.25,0.484375,0.33984375,0.33203125,Mitochondrion,Nucleus
ENSP00000429102,0.1875,0.7265625,0.46484375,0.09423828,0.18164062,0.25,0.0378418,0.17578125,0.14160156,0.12890625,0.06835938,Cytoplasm,Nucleus
ENSP00000412249,0.47265625,0.56640625,0.42773438,0.36914062,0.41796875,0.45898438,0.01031494,0.29101562,0.359375,0.37695312,0.12792969,"Membrane, Cytoplasm",Cell membrane
ENSP00000306362,0.37890625,0.49804688,0.51953125,0.07177734,0.09130859,0.7265625,0.0324707,0.35742188,0.31835938,0.34960938,0.07080078,"Cytoplasm, Mitochondrion",Cytoplasm
ENSP00000508310,0.4609375,0.47070312,0.55078125,0.1875,0.17089844,0.328125,0.003479,0.25,0.18457031,0.32421875,0.10839844,"Membrane, Cytoplasm, Nucleus","Cytoplasm, Nucleus, Cell membrane"
ENSP00000496961,0.4140625,0.578125,0.37890625,0.0534668,0.171875,0.17773438,0.01361084,0.52734375,0.80078125,0.51171875,0.03112793,"Cytoplasm, Lysosome/Vacuole",Nucleus
ENSP00000495456,0.04541016,0.21972656,0.88671875,0.02929688,0.03320312,0.16796875,0.00628662,0.09667969,0.00668335,0.03198242,0.00150299,Nucleus,Nucleus
ENSP00000474372,0.04663086,0.55078125,0.65625,0.02160645,0.02197266,0.07470703,0.01098633,0.09814453,0.03173828,0.19238281,0.00280762,"Cytoplasm, Nucleus",Nucleus
ENSP00000467104,0.13671875,0.44726562,0.44921875,0.81640625,0.07568359,0.0480957,0.34375,0.10351562,0.10839844,0.33984375,0.05102539,Extracellular,Nucleus
ENSP00000443968,0.24121094,0.68359375,0.50390625,0.12402344,0.140625,0.44921875,0.02258301,0.1875,0.43359375,0.1875,0.17089844,Cytoplasm,Cytoplasm
ENSP00000431368,0.30664062,0.578125,0.62109375,0.16015625,0.15820312,0.6328125,0.0279541,0.24609375,0.35546875,0.20019531,0.10107422,"Cytoplasm, Nucleus",Cytoplasm
ENSP00000426331,0.31640625,0.2109375,0.1640625,0.08496094,0.125,0.95703125,0.02368164,0.10986328,0.12890625,0.11572266,0.18554688,Mitochondrion,Mitochondrion
ENSP00000369176,0.78515625,0.15234375,0.1796875,0.07568359,0.07714844,0.8515625,0.0378418,0.359375,0.06933594,0.08886719,0.06542969,"Membrane, Mitochondrion",Mitochondrion
ENSP00000338932,0.171875,0.5234375,0.5390625,0.11914062,0.06176758,0.31054688,0.0324707,0.3125,0.34375,0.265625,0.1875,"Cytoplasm, Nucleus",Mitochondrion
ENSP00000259254,0.8359375,0.2265625,0.10839844,0.24316406,0.8203125,0.08251953,0.00405884,0.19238281,0.5859375,0.33398438,0.20703125,"Membrane, Cell membrane, Lysosome/Vacuole",Cell membrane
ENSP00000421946,0.06835938,0.5234375,0.80859375,0.16796875,0.06542969,0.07373047,0.00317383,0.13671875,0.0534668,0.16894531,0.00218201,"Cytoplasm, Nucleus",Nucleus
ENSP00000409925,0.19238281,0.66015625,0.26367188,0.0279541,0.23242188,0.33984375,0.0255127,0.11425781,0.0402832,0.08642578,0.15820312,Cytoplasm,"Cytoplasm, Nucleus"
ENSP00000393616,0.15136719,0.73046875,0.5390625,0.29101562,0.25585938,0.11572266,0.03027344,0.12890625,0.09667969,0.12890625,0.08251953,"Cytoplasm, Nucleus","Cytoplasm, Nucleus"
ENSP00000344128,0.09423828,0.35546875,0.65625,0.578125,0.07373047,0.02600098,0.01324463,0.07080078,0.22167969,0.04541016,0.03564453,Nucleus,"Cytoplasm, Nucleus"
ENSP00000295834,0.02404785,0.75,0.625,0.73828125,0.03564453,0.08740234,0.03198242,0.14160156,0.01000977,0.1953125,0.01324463,"Cytoplasm, Nucleus, Extracellular",Cytoplasm
ENSP00000236412,0.09277344,0.43359375,0.90234375,0.04394531,0.05932617,0.07275391,0.00231934,0.16308594,0.05493164,0.09960938,0.00970459,Nucleus,Nucleus
ENSP00000497676,0.19921875,0.625,0.56640625,0.58984375,0.16992188,0.265625,0.01281738,0.1640625,0.19726562,0.30078125,0.1953125,"Cytoplasm, Nucleus",Cell membrane
ENSP00000469738,0.265625,0.67578125,0.578125,0.01745605,0.15332031,0.1640625,0.01745605,0.17871094,0.2890625,0.37304688,0.05419922,"Cytoplasm, Nucleus",Nucleus
ENSP00000435800,0.81640625,0.25585938,0.27734375,0.12890625,0.49414062,0.2734375,0.03466797,0.6171875,0.56640625,0.53125,0.05932617,"Membrane, Lysosome/Vacuole","Endoplasmic reticulum, Golgi apparatus"
ENSP00000431985,0.14550781,0.4453125,0.74609375,0.20410156,0.07373047,0.09130859,0.01977539,0.1953125,0.18457031,0.10839844,0.07910156,Nucleus,Nucleus
ENSP00000416644,0.24609375,0.61328125,0.29882812,0.3984375,0.22167969,0.17675781,0.02160645,0.3671875,0.21875,0.40820312,0.0267334,Cytoplasm,Cytoplasm
ENSP00000389303,0.27734375,0.54296875,0.40820312,0.2734375,0.15527344,0.58984375,0.00610352,0.3125,0.51171875,0.375,0.6875,Cytoplasm,Cytoplasm
ENSP00000471657,0.09277344,0.6015625,0.66015625,0.6015625,0.08740234,0.23632812,0.09960938,0.11279297,0.18359375,0.11425781,0.40820312,"Cytoplasm, Nucleus",Mitochondrion
ENSP00000429672,0.14453125,0.609375,0.515625,0.51953125,0.11425781,0.24121094,0.10693359,0.14648438,0.15136719,0.37109375,0.04199219,Cytoplasm,Endoplasmic reticulum
ENSP00000493744,0.24609375,0.671875,0.375,0.08056641,0.08740234,0.3984375,0.03515625,0.49609375,0.46679688,0.49414062,0.21289062,Cytoplasm,Nucleus
ENSP00000487240,0.13671875,0.57421875,0.7109375,0.04882812,0.13769531,0.15332031,0.01165771,0.10498047,0.26367188,0.14550781,0.08398438,"Cytoplasm, Nucleus",Nucleus
ENSP00000452217,0.078125,0.3515625,0.84765625,0.25976562,0.03613281,0.08642578,0.00360107,0.07910156,0.02514648,0.03369141,0.02368164,Nucleus,Nucleus
ENSP00000450525,0.14257812,0.6171875,0.50390625,0.30664062,0.16015625,0.21191406,0.03857422,0.10693359,0.18261719,0.2734375,0.04614258,Cytoplasm,Nucleus
ENSP00000423982,0.05493164,0.49414062,0.79296875,0.12158203,0.08154297,0.06176758,0.00154877,0.03320312,0.05102539,0.06640625,0.00805664,"Cytoplasm, Nucleus","Nucleus, Cell membrane"
ENSP00000391446,0.08398438,0.8203125,0.16992188,0.01135254,0.12011719,0.34570312,0.01696777,0.3359375,0.3046875,0.11279297,0.00382996,Cytoplasm,"Cytoplasm, Endoplasmic reticulum"
ENSP00000377351,0.20410156,0.78125,0.43945312,0.5,0.18847656,0.40039062,0.04345703,0.36914062,0.05932617,0.46875,0.04345703,Cytoplasm,Cytoplasm
ENSP00000492536,0.13964844,0.6171875,0.42578125,0.76953125,0.11279297,0.15625,0.00915527,0.12255859,0.22851562,0.13671875,0.65234375,"Cytoplasm, Extracellular",Nucleus
ENSP00000461981,0.16992188,0.734375,0.5703125,0.26757812,0.12158203,0.3125,0.01361084,0.16113281,0.20019531,0.24316406,0.17089844,"Cytoplasm, Nucleus","Cytoplasm, Nucleus"
ENSP00000430152,0.2578125,0.44726562,0.59765625,0.05273438,0.07177734,0.2734375,0.00050354,0.2109375,0.39257812,0.5859375,0.00460815,Nucleus,Cytoplasm
ENSP00000505173,0.27148438,0.77734375,0.39648438,0.07910156,0.2109375,0.16796875,0.00521851,0.15136719,0.38476562,0.43554688,0.06347656,Cytoplasm,"Cytoplasm, Cell membrane"
ENSP00000494012,0.08496094,0.29492188,0.890625,0.23632812,0.09033203,0.09960938,0.01165771,0.15722656,0.08398438,0.06542969,0.00537109,Nucleus,Nucleus
ENSP00000430617,0.11572266,0.57421875,0.6953125,0.16796875,0.08056641,0.10253906,0.01202393,0.18359375,0.07275391,0.05834961,0.00628662,"Cytoplasm, Nucleus",Nucleus
ENSP00000427277,0.765625,0.24511719,0.17089844,0.29882812,0.7421875,0.125,0.00506592,0.34179688,0.63671875,0.609375,0.19726562,"Membrane, Cell membrane, Lysosome/Vacuole",Cell membrane
ENSP00000411349,0.2109375,0.62109375,0.4296875,0.18457031,0.17285156,0.25585938,0.01940918,0.09814453,0.31445312,0.44335938,0.16699219,Cytoplasm,Cell membrane
ENSP00000397302,0.31640625,0.23632812,0.19433594,0.13183594,0.10986328,0.94140625,0.02514648,0.19726562,0.15722656,0.15917969,0.34375,Mitochondrion,Mitochondrion
ENSP00000442703,0.25976562,0.20800781,0.24121094,0.24609375,0.09814453,0.74609375,0.02844238,0.14648438,0.1640625,0.04541016,0.14257812,Mitochondrion,Mitochondrion
ENSP00000430889,0.26757812,0.5234375,0.59765625,0.24316406,0.15820312,0.19042969,0.05664062,0.21289062,0.3046875,0.3046875,0.10839844,"Cytoplasm, Nucleus","Nucleus, Cell membrane"
ENSP00000425460,0.58203125,0.37109375,0.25195312,0.12890625,0.09130859,0.42773438,0.04541016,0.80078125,0.125,0.41992188,0.12109375,"Membrane, Endoplasmic reticulum",Nucleus
ENSP00000393696,0.19042969,0.39257812,0.30859375,0.62109375,0.07470703,0.20019531,0.03417969,0.33007812,0.5390625,0.30078125,0.265625,None,Mitochondrion
ENSP00000384474,0.34765625,0.56640625,0.55859375,0.02099609,0.4453125,0.15527344,0.01916504,0.09814453,0.078125,0.328125,0.0018692,"Cytoplasm, Nucleus",Nucleus
ENSP00000467965,0.2109375,0.6796875,0.69921875,0.02368164,0.15234375,0.18261719,0.00218201,0.1328125,0.34570312,0.26367188,0.01281738,"Cytoplasm, Nucleus",Cytoplasm
ENSP00000463450,0.16308594,0.57421875,0.6796875,0.09521484,0.15527344,0.15234375,0.00650024,0.15234375,0.15527344,0.29101562,0.04150391,"Cytoplasm, Nucleus","Cytoplasm, Nucleus"
ENSP00000455767,0.29296875,0.4765625,0.29882812,0.36523438,0.14550781,0.22363281,0.04077148,0.73046875,0.6484375,0.46875,0.25976562,"Cytoplasm, Endoplasmic reticulum, Lysosome/Vacuole","Cytoplasm, Nucleus"
ENSP00000419578,0.8984375,0.07177734,0.10498047,0.01281738,0.04394531,0.9375,0.09033203,0.41796875,0.16113281,0.09814453,0.27734375,"Membrane, Mitochondrion",Mitochondrion
ENSP00000460301,0.37695312,0.51953125,0.47070312,0.05029297,0.27929688,0.2734375,0.0043335,0.24316406,0.35351562,0.62109375,0.0378418,Cytoplasm,"Cytoplasm, Nucleus"
ENSP00000446783,0.19726562,0.55859375,0.6015625,0.3125,0.09667969,0.24804688,0.11572266,0.34765625,0.31835938,0.12988281,0.07373047,"Cytoplasm, Nucleus",Nucleus
ENSP00000446665,0.2109375,0.5546875,0.64453125,0.30859375,0.1953125,0.44335938,0.04541016,0.21875,0.17675781,0.22949219,0.2109375,"Cytoplasm, Nucleus",Cytoplasm
ENSP00000392230,0.11425781,0.2890625,0.90234375,0.01696777,0.03857422,0.13085938,0.00073242,0.15039062,0.09130859,0.04882812,0.24609375,Nucleus,"Cytoplasm, Nucleus"
ENSP00000505534,0.18554688,0.7109375,0.484375,0.140625,0.14746094,0.23925781,0.01361084,0.25195312,0.11767578,0.37890625,0.04541016,Cytoplasm,Cytoplasm
ENSP00000443772,0.55859375,0.54296875,0.24316406,0.8046875,0.3125,0.18457031,0.00262451,0.33007812,0.11425781,0.27929688,0.15917969,"Membrane, Cytoplasm, Extracellular",Cytoplasm
ENSP00000435556,0.546875,0.53125,0.33789062,0.15527344,0.44921875,0.28125,0.02197266,0.56640625,0.37109375,0.45507812,0.30273438,"Membrane, Cytoplasm","Nucleus, Cell membrane"
ENSP00000424323,0.17773438,0.62890625,0.5234375,0.27539062,0.13769531,0.38867188,0.00689697,0.22558594,0.40234375,0.27929688,0.57421875,Cytoplasm,"Cytoplasm, Nucleus"
ENSP00000417479,0.3671875,0.5078125,0.3671875,0.36523438,0.32421875,0.1328125,0.00491333,0.09667969,0.50390625,0.43554688,0.0007782,Cytoplasm,Cytoplasm
ENSP00000407711,0.140625,0.49609375,0.83203125,0.01635742,0.08056641,0.26953125,0.00037956,0.07470703,0.09814453,0.16015625,0.01586914,"Cytoplasm, Nucleus",Nucleus
ENSP00000340691,0.19726562,0.73046875,0.69140625,0.01098633,0.26367188,0.0480957,0.00212097,0.05834961,0.08251953,0.05029297,0.01281738,"Cytoplasm, Nucleus","Cytoplasm, Nucleus"
ENSP00000498324,0.21875,0.30664062,0.49609375,0.65234375,0.05737305,0.6328125,0.01361084,0.37304688,0.19726562,0.15429688,0.33203125,Extracellular,Nucleus
ENSP00000493492,0.17089844,0.5625,0.546875,0.08056641,0.07910156,0.4921875,0.03613281,0.39453125,0.43359375,0.4609375,0.0324707,"Cytoplasm, Nucleus","Cytoplasm, Nucleus"
ENSP00000434141,0.28320312,0.4765625,0.46875,0.37304688,0.15429688,0.6484375,0.0255127,0.29296875,0.27539062,0.33984375,0.25,"Cytoplasm, Mitochondrion",Nucleus
ENSP00000433390,0.22265625,0.75,0.5625,0.01202393,0.16796875,0.11132812,0.00506592,0.07470703,0.11425781,0.18359375,0.01452637,"Cytoplasm, Nucleus",Cell membrane
ENSP00000429192,0.52734375,0.375,0.37695312,0.01879883,0.29492188,0.35351562,0.01281738,0.2890625,0.19433594,0.13867188,0.0022583,Membrane,Nucleus
ENSP00000401748,0.10498047,0.64453125,0.3125,0.2265625,0.08398438,0.35546875,0.10839844,0.38476562,0.49414062,0.40234375,0.2421875,Cytoplasm,Endoplasmic reticulum
ENSP00000399267,0.34960938,0.671875,0.34570312,0.10351562,0.26953125,0.1484375,0.01635742,0.23828125,0.41015625,0.4609375,0.01745605,Cytoplasm,"Cytoplasm, Cell membrane"
ENSP00000376096,0.34179688,0.22851562,0.22265625,0.55078125,0.34375,0.09521484,0.00668335,0.5625,0.4296875,0.11132812,0.05664062,None,"Cytoplasm, Cell membrane"
ENSP00000463892,0.47460938,0.4296875,0.421875,0.08740234,0.25585938,0.24902344,0.00476074,0.3046875,0.73828125,0.55859375,0.06640625,"Membrane, Lysosome/Vacuole",Golgi apparatus
ENSP00000462796,0.11279297,0.75,0.41601562,0.11767578,0.08056641,0.13574219,0.00280762,0.10107422,0.09521484,0.18945312,0.16796875,Cytoplasm,Cell membrane
ENSP00000459534,0.07714844,0.40234375,0.64453125,0.11425781,0.05102539,0.15722656,0.07714844,0.12988281,0.06005859,0.05175781,0.06445312,Nucleus,"Cytoplasm, Cell membrane"
ENSP00000453357,0.36132812,0.4296875,0.42382812,0.53515625,0.24609375,0.62109375,0.00288391,0.31445312,0.49609375,0.39257812,0.35351562,None,"Cytoplasm, Mitochondrion"
ENSP00000453208,0.171875,0.4921875,0.703125,0.14648438,0.10253906,0.21875,0.00164795,0.15917969,0.13867188,0.21289062,0.08056641,"Cytoplasm, Nucleus",Nucleus
ENSP00000451718,0.3046875,0.66015625,0.546875,0.08056641,0.30664062,0.20019531,0.00460815,0.11132812,0.31054688,0.36328125,0.03027344,"Cytoplasm, Nucleus",Cell membrane
ENSP00000451213,0.16308594,0.32617188,0.84375,0.02441406,0.09277344,0.03112793,0.00198364,0.05493164,0.10839844,0.0534668,0.01361084,Nucleus,Nucleus
ENSP00000372205,0.11279297,0.5,0.4609375,0.71875,0.13964844,0.09130859,0.43359375,0.10693359,0.22363281,0.36132812,0.01281738,"Cytoplasm, Extracellular",Cytoplasm
ENSP00000343218,0.1875,0.5078125,0.6328125,0.3046875,0.16796875,0.49414062,0.00382996,0.23632812,0.36132812,0.07714844,0.06835938,"Cytoplasm, Nucleus",Nucleus
ENSP00000499538,0.16699219,0.68359375,0.6015625,0.02368164,0.09960938,0.27734375,0.01031494,0.20214844,0.21972656,0.18457031,0.05664062,"Cytoplasm, Nucleus",Nucleus
ENSP00000479447,0.12255859,0.60546875,0.48632812,0.640625,0.06738281,0.32226562,0.15625,0.27929688,0.375,0.33984375,0.38671875,Cytoplasm,Golgi apparatus
ENSP00000475768,0.07470703,0.59375,0.7265625,0.0324707,0.06445312,0.22851562,0.00198364,0.10498047,0.22265625,0.22558594,0.05493164,"Cytoplasm, Nucleus","Cytoplasm, Nucleus"
ENSP00000466951,0.359375,0.59375,0.38671875,0.29296875,0.18554688,0.12792969,0.0011673,0.13085938,0.55859375,0.81640625,0.07714844,"Cytoplasm, Golgi apparatus","Cytoplasm, Nucleus"
ENSP00000463688,0.22558594,0.52734375,0.5546875,0.15820312,0.29101562,0.36132812,0.00297546,0.21582031,0.37695312,0.11279297,0.03198242,"Cytoplasm, Nucleus",Nucleus
ENSP00000409858,0.26953125,0.484375,0.69140625,0.12890625,0.19726562,0.34765625,0.02514648,0.14453125,0.17480469,0.14941406,0.11767578,"Cytoplasm, Nucleus",Nucleus
ENSP00000505503,0.1796875,0.50390625,0.37109375,0.58203125,0.09960938,0.27148438,0.06298828,0.21777344,0.25976562,0.328125,0.12109375,Cytoplasm,"Cytoplasm, Nucleus"
ENSP00000493139,0.3046875,0.23632812,0.25,0.55859375,0.07177734,0.30273438,0.01879883,0.53125,0.52734375,0.45703125,0.16699219,None,Nucleus
ENSP00000482498,0.25976562,0.46289062,0.30273438,0.52734375,0.08496094,0.39257812,0.13183594,0.2109375,0.39257812,0.24121094,0.2890625,None,Cytoplasm
ENSP00000482052,0.17285156,0.35546875,0.51171875,0.19726562,0.02514648,0.07373047,0.00592041,0.05419922,0.18554688,0.05273438,0.01495361,None,Golgi apparatus
ENSP00000454688,0.38671875,0.73046875,0.30078125,0.07470703,0.31640625,0.31835938,0.00132751,0.1953125,0.31835938,0.22363281,0.06176758,Cytoplasm,Cell membrane
ENSP00000414661,0.07714844,0.69921875,0.51953125,0.5234375,0.05664062,0.53515625,0.03613281,0.23535156,0.3203125,0.41210938,0.07714844,Cytoplasm,Nucleus
ENSP00000407464,0.3828125,0.62890625,0.390625,0.29882812,0.34765625,0.43164062,0.01245117,0.30078125,0.25390625,0.43554688,0.01916504,Cytoplasm,Cell membrane
ENSP00000396366,0.33007812,0.53515625,0.5703125,0.10107422,0.35742188,0.1875,0.01000977,0.22558594,0.24316406,0.3828125,0.00756836,"Cytoplasm, Nucleus",Cell membrane
ENSP00000497786,0.15429688,0.22265625,0.29492188,0.15039062,0.07373047,0.2265625,0.67578125,0.06542969,0.08056641,0.06298828,0.4609375,Plastid,Cytoplasm
ENSP00000471518,0.26953125,0.22167969,0.1796875,0.7578125,0.15820312,0.34570312,0.04467773,0.32226562,0.41015625,0.34960938,0.0088501,Extracellular,Cell membrane
ENSP00000470962,0.43945312,0.3046875,0.19238281,0.06176758,0.125,0.96484375,0.02478027,0.11572266,0.0480957,0.07568359,0.15527344,Mitochondrion,Mitochondrion
ENSP00000426615,0.02844238,0.36132812,0.953125,0.1875,0.01831055,0.08154297,0.0011673,0.02368164,0.0071106,0.01245117,0.00592041,Nucleus,Nucleus
ENSP00000420568,0.22265625,0.54296875,0.58984375,0.5546875,0.2109375,0.46289062,0.00689697,0.18554688,0.21582031,0.2578125,0.23925781,"Cytoplasm, Nucleus",Nucleus
ENSP00000387794,0.25390625,0.72265625,0.46875,0.10351562,0.3828125,0.26171875,0.00830078,0.29296875,0.171875,0.23535156,0.11914062,Cytoplasm,"Cytoplasm, Nucleus"
ENSP00000297983,0.796875,0.13671875,0.17089844,0.0559082,0.09423828,0.8515625,0.03417969,0.34765625,0.07470703,0.06640625,0.06542969,"Membrane, Mitochondrion",Mitochondrion
ENSP00000499772,0.26953125,0.44921875,0.2890625,0.42773438,0.09033203,0.16113281,0.05737305,0.5859375,0.51171875,0.45898438,0.1484375,None,Nucleus
ENSP00000453703,0.13671875,0.75390625,0.41992188,0.21777344,0.12109375,0.17578125,0.00337219,0.19238281,0.36328125,0.53515625,0.12988281,Cytoplasm,Golgi apparatus
ENSP00000453584,0.14550781,0.24804688,0.46875,0.07373047,0.05834961,0.84765625,0.08056641,0.09130859,0.08496094,0.04614258,0.21972656,Mitochondrion,"Cytoplasm, Endoplasmic reticulum"
ENSP00000453034,0.12792969,0.56640625,0.81640625,0.0402832,0.125,0.171875,0.00132751,0.15039062,0.21191406,0.1875,0.03613281,"Cytoplasm, Nucleus",Golgi apparatus
ENSP00000263384,0.07714844,0.39257812,0.80859375,0.03857422,0.0480957,0.03198242,0.00048828,0.03735352,0.01495361,0.0390625,0.00170135,Nucleus,Nucleus
ENSP00000501275,0.16308594,0.53125,0.51953125,0.34765625,0.07373047,0.20410156,0.01855469,0.15136719,0.19433594,0.29882812,0.16308594,Cytoplasm,"Cytoplasm, Nucleus"
ENSP00000471042,0.20605469,0.609375,0.53515625,0.10107422,0.09521484,0.35351562,0.01635742,0.23242188,0.11132812,0.24804688,0.2421875,"Cytoplasm, Nucleus",Nucleus
ENSP00000462912,0.265625,0.7109375,0.41210938,0.08496094,0.27929688,0.43945312,0.00317383,0.12353516,0.36328125,0.4453125,0.29296875,Cytoplasm,Cell membrane
ENSP00000428370,0.13476562,0.5546875,0.6015625,0.0267334,0.07080078,0.33984375,0.0078125,0.26757812,0.17480469,0.13378906,0.03173828,"Cytoplasm, Nucleus",Nucleus
ENSP00000355831,0.203125,0.5703125,0.40625,0.5390625,0.07910156,0.22265625,0.13476562,0.390625,0.35351562,0.38476562,0.47460938,Cytoplasm,"Cytoplasm, Nucleus"
ENSP00000344547,0.14355469,0.3671875,0.91015625,0.20019531,0.24804688,0.03466797,0.00085449,0.15820312,0.05493164,0.06738281,0.00013161,Nucleus,"Cytoplasm, Nucleus"
ENSP00000505087,0.30859375,0.53515625,0.53515625,0.11914062,0.21289062,0.3671875,0.02331543,0.27148438,0.29492188,0.31054688,0.14453125,"Cytoplasm, Nucleus",Mitochondrion
ENSP00000503145,0.17675781,0.671875,0.63671875,0.640625,0.14941406,0.45898438,0.00939941,0.18945312,0.31445312,0.36914062,0.32617188,"Cytoplasm, Nucleus",Mitochondrion
ENSP00000502095,0.33398438,0.46679688,0.40820312,0.30078125,0.18847656,0.40625,0.05664062,0.36328125,0.421875,0.45117188,0.23339844,None,"Cytoplasm, Cell membrane, Endoplasmic reticulum"
ENSP00000500895,0.23242188,0.16113281,0.15527344,0.8203125,0.25195312,0.13183594,0.00460815,0.328125,0.34960938,0.31445312,0.01879883,Extracellular,"Cytoplasm, Nucleus"
ENSP00000469135,0.20410156,0.16894531,0.11132812,0.8359375,0.29492188,0.0534668,0.0402832,0.4375,0.24804688,0.2265625,0.00506592,Extracellular,Cell membrane
ENSP00000464419,0.19335938,0.5625,0.64453125,0.4375,0.14746094,0.39648438,0.01281738,0.26757812,0.19335938,0.20703125,0.4453125,"Cytoplasm, Nucleus",Cytoplasm
ENSP00000452417,0.24902344,0.21875,0.26953125,0.078125,0.03686523,0.90234375,0.05664062,0.09130859,0.08056641,0.11279297,0.25585938,Mitochondrion,Nucleus
ENSP00000502101,0.31835938,0.63671875,0.34375,0.08740234,0.16894531,0.41601562,0.03112793,0.20703125,0.265625,0.30859375,0.26953125,Cytoplasm,Nucleus
ENSP00000478133,0.16992188,0.70703125,0.54296875,0.15527344,0.21582031,0.23242188,0.01068115,0.10351562,0.23828125,0.26171875,0.09667969,"Cytoplasm, Nucleus",Mitochondrion
ENSP00000464089,0.37695312,0.65234375,0.49414062,0.15625,0.2421875,0.22949219,0.0088501,0.09814453,0.33203125,0.390625,0.0480957,Cytoplasm,Golgi apparatus
ENSP00000453629,0.26171875,0.68359375,0.47851562,0.01696777,0.4453125,0.14550781,0.0078125,0.0402832,0.06347656,0.10351562,0.02600098,Cytoplasm,"Cytoplasm, Nucleus"
ENSP00000452439,0.10351562,0.78515625,0.48242188,0.32617188,0.13867188,0.20898438,0.02197266,0.13085938,0.17871094,0.12255859,0.03112793,Cytoplasm,"Cytoplasm, Nucleus"
ENSP00000421606,0.16308594,0.68359375,0.53125,0.23925781,0.19824219,0.29101562,0.02197266,0.12011719,0.11279297,0.26171875,0.03417969,"Cytoplasm, Nucleus",Nucleus
ENSP00000266964,0.28710938,0.609375,0.30078125,0.03027344,0.10498047,0.41210938,0.01635742,0.27539062,0.58984375,0.2421875,0.09033203,"Cytoplasm, Lysosome/Vacuole",Cytoplasm
ENSP00000453470,0.15722656,0.55078125,0.64453125,0.08056641,0.09521484,0.29296875,0.00132751,0.14453125,0.23535156,0.10693359,0.15429688,"Cytoplasm, Nucleus",Nucleus
ENSP00000433139,0.26367188,0.6796875,0.61328125,0.2890625,0.23339844,0.15820312,0.00689697,0.671875,0.10498047,0.15527344,0.00180817,"Cytoplasm, Nucleus, Endoplasmic reticulum","Cytoplasm, Nucleus, Endoplasmic reticulum"
ENSP00000430095,0.45898438,0.3984375,0.49023438,0.02636719,0.12402344,0.6796875,0.01281738,0.46875,0.5625,0.29492188,0.03955078,"Membrane, Mitochondrion","Cytoplasm, Nucleus"
ENSP00000421676,0.22265625,0.39257812,0.48242188,0.46289062,0.07373047,0.56640625,0.02294922,0.15917969,0.09033203,0.2109375,0.12792969,None,Nucleus
ENSP00000406980,0.38476562,0.60546875,0.2890625,0.17675781,0.3984375,0.41992188,0.05932617,0.34960938,0.22363281,0.32421875,0.05493164,Cytoplasm,Cytoplasm
ENSP00000342895,0.37304688,0.16894531,0.140625,0.07080078,0.15527344,0.9453125,0.00970459,0.06445312,0.06835938,0.08056641,0.03027344,Mitochondrion,Mitochondrion
ENSP00000290079,0.86328125,0.09667969,0.08642578,0.01495361,0.04199219,0.921875,0.45898438,0.25195312,0.4140625,0.20898438,0.15136719,"Membrane, Mitochondrion",Mitochondrion
ENSP00000480532,0.23339844,0.53515625,0.52734375,0.46875,0.15527344,0.44921875,0.00915527,0.23242188,0.22851562,0.33789062,0.11572266,Cytoplasm,Nucleus
ENSP00000467027,0.05932617,0.43554688,0.8515625,0.02160645,0.0402832,0.01635742,0.00198364,0.12695312,0.01855469,0.05493164,0.00592041,Nucleus,Nucleus
ENSP00000462899,0.36328125,0.23828125,0.23339844,0.08496094,0.14550781,0.95703125,0.01452637,0.06347656,0.11132812,0.06640625,0.2109375,Mitochondrion,Cytoplasm
ENSP00000454124,0.23632812,0.57421875,0.578125,0.30859375,0.22167969,0.28125,0.01586914,0.296875,0.4375,0.2734375,0.31445312,"Cytoplasm, Nucleus",Nucleus
ENSP00000435017,0.70703125,0.15429688,0.16113281,0.02441406,0.02514648,0.8828125,0.17285156,0.30664062,0.2265625,0.07177734,0.0480957,"Membrane, Mitochondrion",Mitochondrion
ENSP00000433148,0.78515625,0.12255859,0.13085938,0.16601562,0.6953125,0.16796875,0.01165771,0.35546875,0.58203125,0.22949219,0.00610352,"Membrane, Cell membrane, Lysosome/Vacuole",Cell membrane
ENSP00000421209,0.19824219,0.56640625,0.5546875,0.27148438,0.12158203,0.47460938,0.01452637,0.28515625,0.26953125,0.24804688,0.09033203,"Cytoplasm, Nucleus",Cytoplasm
ENSP00000404242,0.5546875,0.32226562,0.3046875,0.5078125,0.4296875,0.20410156,0.01068115,0.61328125,0.33789062,0.28320312,0.04614258,Membrane,Cytoplasm
ENSP00000386519,0.14355469,0.359375,0.91015625,0.16308594,0.23046875,0.03369141,0.00070953,0.16699219,0.0534668,0.06835938,0.00015831,Nucleus,"Cytoplasm, Nucleus"
ENSP00000362011,0.14746094,0.60546875,0.59375,0.29101562,0.15625,0.29882812,0.00204468,0.12109375,0.2109375,0.11279297,0.1484375,"Cytoplasm, Nucleus",Nucleus
ENSP00000453826,0.29492188,0.44921875,0.55078125,0.10986328,0.18457031,0.515625,0.00537109,0.32421875,0.44335938,0.26367188,0.19921875,Nucleus,Nucleus
ENSP00000437094,0.359375,0.71484375,0.33789062,0.08740234,0.20898438,0.20703125,0.00805664,0.13476562,0.7109375,0.4921875,0.01495361,"Cytoplasm, Lysosome/Vacuole","Cytoplasm, Nucleus, Cell membrane"
ENSP00000422708,0.18457031,0.7890625,0.3671875,0.00405884,0.171875,0.4609375,0.00297546,0.4375,0.18554688,0.19824219,0.04882812,Cytoplasm,Cytoplasm
ENSP00000388120,0.08056641,0.42382812,0.91796875,0.01281738,0.07373047,0.06835938,0.00317383,0.08886719,0.16308594,0.03198242,0.00039291,Nucleus,Nucleus
ENSP00000379634,0.05737305,0.3671875,0.84765625,0.03417969,0.07373047,0.09814453,0.00537109,0.02233887,0.04345703,0.00830078,0.0022583,Nucleus,Nucleus
ENSP00000504953,0.34960938,0.390625,0.640625,0.2421875,0.13476562,0.19433594,0.02258301,0.26953125,0.24511719,0.28710938,0.04541016,Nucleus,Nucleus
ENSP00000489835,0.11914062,0.671875,0.60546875,0.03417969,0.08886719,0.23828125,0.01098633,0.22363281,0.20214844,0.28125,0.08740234,"Cytoplasm, Nucleus","Cytoplasm, Nucleus"
ENSP00000483888,0.59375,0.23632812,0.20800781,0.12988281,0.04736328,0.828125,0.04345703,0.515625,0.26953125,0.23925781,0.11767578,"Membrane, Mitochondrion",Mitochondrion
ENSP00000456106,0.12109375,0.5234375,0.78515625,0.07568359,0.09033203,0.23339844,0.00247192,0.1484375,0.14550781,0.12353516,0.01135254,"Cytoplasm, Nucleus",Nucleus
ENSP00000432533,0.08496094,0.44335938,0.703125,0.05493164,0.06103516,0.40234375,0.00805664,0.34960938,0.08251953,0.15136719,0.02233887,Nucleus,Nucleus
ENSP00000423727,0.15234375,0.15332031,0.125,0.86328125,0.09521484,0.11279297,0.03857422,0.25976562,0.30078125,0.22265625,0.01794434,Extracellular,"Endoplasmic reticulum, Golgi apparatus"
ENSP00000393552,0.05932617,0.2578125,0.91015625,0.02478027,0.12988281,0.07373047,0.00860596,0.07177734,0.13183594,0.04272461,0.01544189,Nucleus,Nucleus
ENSP00000389559,0.12158203,0.5546875,0.76171875,0.03198242,0.13085938,0.02978516,0.01635742,0.32226562,0.10351562,0.07714844,0.01495361,"Cytoplasm, Nucleus",Nucleus
ENSP00000464232,0.13183594,0.546875,0.59375,0.078125,0.05102539,0.22363281,0.01281738,0.17773438,0.078125,0.10839844,0.01361084,"Cytoplasm, Nucleus",Nucleus
ENSP00000450740,0.18164062,0.40039062,0.55078125,0.2734375,0.07568359,0.09960938,0.06298828,0.3984375,0.20019531,0.07275391,0.36523438,Nucleus,"Cytoplasm, Nucleus"
ENSP00000323414,0.29101562,0.53515625,0.578125,0.23046875,0.24609375,0.34960938,0.01940918,0.41015625,0.515625,0.32617188,0.23046875,"Cytoplasm, Nucleus",Cell membrane
ENSP00000503038,0.328125,0.47460938,0.35742188,0.34375,0.12695312,0.61328125,0.08496094,0.2265625,0.30078125,0.24511719,0.17773438,Cytoplasm,Cytoplasm
ENSP00000486916,0.27929688,0.49023438,0.4765625,0.08496094,0.29101562,0.51953125,0.00756836,0.296875,0.515625,0.13476562,0.09521484,Cytoplasm,Nucleus
ENSP00000462962,0.16113281,0.54296875,0.38476562,0.41992188,0.03564453,0.30078125,0.12402344,0.33007812,0.46679688,0.40625,0.32226562,Cytoplasm,Cytoplasm
ENSP00000456998,0.18164062,0.640625,0.609375,0.21484375,0.16992188,0.46875,0.00360107,0.25976562,0.3984375,0.18847656,0.2578125,"Cytoplasm, Nucleus",Nucleus
ENSP00000422701,0.17480469,0.546875,0.5546875,0.16308594,0.08740234,0.26367188,0.01165771,0.1953125,0.12402344,0.23046875,0.01879883,"Cytoplasm, Nucleus","Cytoplasm, Nucleus"
ENSP00000416133,0.140625,0.6796875,0.62109375,0.09960938,0.08154297,0.16894531,0.03735352,0.20019531,0.25976562,0.20019531,0.01586914,"Cytoplasm, Nucleus",Nucleus
ENSP00000410223,0.89453125,0.14453125,0.12890625,0.10839844,0.73828125,0.23828125,0.06005859,0.67578125,0.68359375,0.2890625,0.00970459,"Membrane, Cell membrane, Endoplasmic reticulum, Lysosome/Vacuole",Nucleus
ENSP00000461696,0.20214844,0.56640625,0.5234375,0.16015625,0.1875,0.18457031,0.01586914,0.1796875,0.31640625,0.34960938,0.16015625,Cytoplasm,Nucleus
ENSP00000429766,0.1953125,0.66796875,0.4375,0.15039062,0.23339844,0.22558594,0.03320312,0.03369141,0.24511719,0.21582031,0.01916504,Cytoplasm,Cytoplasm
ENSP00000339093,0.5703125,0.47460938,0.35351562,0.23925781,0.24804688,0.28710938,0.02038574,0.4375,0.48632812,0.515625,0.33007812,"Membrane, Cytoplasm",Golgi apparatus
ENSP00000471563,0.40625,0.69921875,0.38476562,0.09130859,0.40234375,0.18359375,0.0018692,0.06005859,0.43359375,0.21777344,0.00689697,Cytoplasm,"Cytoplasm, Nucleus"
ENSP00000470109,0.1328125,0.59375,0.546875,0.73828125,0.09521484,0.17285156,0.01544189,0.10107422,0.19921875,0.13574219,0.29492188,"Cytoplasm, Nucleus, Extracellular",Mitochondrion
ENSP00000464792,0.15625,0.45898438,0.5859375,0.14550781,0.08496094,0.80859375,0.17773438,0.09814453,0.22167969,0.10351562,0.11132812,"Nucleus, Mitochondrion",Nucleus
ENSP00000453633,0.3515625,0.52734375,0.49609375,0.08251953,0.24316406,0.14257812,0.0088501,0.18359375,0.31445312,0.14355469,0.00154877,Cytoplasm,"Cytoplasm, Cell membrane"
ENSP00000451510,0.24902344,0.51171875,0.55078125,0.30859375,0.13964844,0.29882812,0.0559082,0.2265625,0.32226562,0.328125,0.1484375,"Cytoplasm, Nucleus",Cytoplasm
ENSP00000434474,0.30664062,0.5625,0.3828125,0.2734375,0.25976562,0.5234375,0.02978516,0.29296875,0.40820312,0.49609375,0.21582031,Cytoplasm,Nucleus
ENSP00000423901,0.11279297,0.4140625,0.64453125,0.09277344,0.04150391,0.46484375,0.01098633,0.15234375,0.14453125,0.08496094,0.02233887,Nucleus,Nucleus
ENSP00000404012,0.2578125,0.48046875,0.6015625,0.37109375,0.20214844,0.54296875,0.01403809,0.26367188,0.43164062,0.3515625,0.27734375,"Cytoplasm, Nucleus","Cytoplasm, Nucleus"
ENSP00000401872,0.14746094,0.5703125,0.69140625,0.57421875,0.16210938,0.25585938,0.00506592,0.14941406,0.20898438,0.2578125,0.18164062,"Cytoplasm, Nucleus",Cytoplasm
ENSP00000498848,0.21875,0.48632812,0.41992188,0.46484375,0.08886719,0.25976562,0.04956055,0.23925781,0.18847656,0.24316406,0.22949219,Cytoplasm,Nucleus
ENSP00000498788,0.09521484,0.59765625,0.62109375,0.02124023,0.06738281,0.18847656,0.00689697,0.06347656,0.27539062,0.1484375,0.13867188,"Cytoplasm, Nucleus","Cytoplasm, Nucleus"
ENSP00000489370,0.36914062,0.49023438,0.53515625,0.33007812,0.19921875,0.46484375,0.06005859,0.37304688,0.42382812,0.390625,0.22558594,"Cytoplasm, Nucleus",Cytoplasm
ENSP00000431095,0.13378906,0.5390625,0.59375,0.31054688,0.07910156,0.15820312,0.05664062,0.16601562,0.21875,0.15332031,0.27148438,"Cytoplasm, Nucleus",Nucleus
ENSP00000402322,0.51171875,0.50390625,0.42382812,0.13769531,0.23925781,0.17578125,0.00337219,0.13476562,0.30664062,0.44140625,0.05493164,"Membrane, Cytoplasm","Cytoplasm, Cell membrane"
ENSP00000392615,0.203125,0.54296875,0.75390625,0.24121094,0.19433594,0.09960938,0.0022583,0.18164062,0.1328125,0.09423828,0.00164795,"Cytoplasm, Nucleus",Nucleus
ENSP00000370125,0.19335938,0.2734375,0.76953125,0.46679688,0.41015625,0.15722656,0.01794434,0.02160645,0.00860596,0.04956055,0.00650024,Nucleus,Nucleus
ENSP00000448545,0.46679688,0.27929688,0.17480469,0.04467773,0.12988281,0.83203125,0.02124023,0.18554688,0.10839844,0.09033203,0.0267334,"Membrane, Mitochondrion",Mitochondrion
ENSP00000429976,0.11425781,0.6796875,0.5234375,0.75390625,0.08251953,0.26367188,0.01324463,0.15429688,0.23632812,0.171875,0.71875,"Cytoplasm, Extracellular, Peroxisome",Mitochondrion
ENSP00000429873,0.12792969,0.44335938,0.30664062,0.40429688,0.10351562,0.2890625,0.01794434,0.18847656,0.3828125,0.18164062,0.05419922,None,Mitochondrion
ENSP00000424181,0.12792969,0.55078125,0.74609375,0.0324707,0.11425781,0.22265625,0.10839844,0.15917969,0.12158203,0.02893066,0.04541016,"Cytoplasm, Nucleus",Nucleus
ENSP00000423066,0.18945312,0.42773438,0.45507812,0.24804688,0.22949219,0.30273438,0.00689697,0.05175781,0.31640625,0.0071106,0.01794434,None,Cytoplasm
ENSP00000421897,0.24121094,0.734375,0.43164062,0.05493164,0.12402344,0.20898438,0.00170135,0.09814453,0.46679688,0.6015625,0.00830078,Cytoplasm,"Cytoplasm, Cell membrane"
ENSP00000395719,0.31445312,0.51953125,0.37109375,0.07275391,0.19824219,0.44921875,0.00308228,0.11425781,0.58203125,0.30859375,0.01000977,"Cytoplasm, Lysosome/Vacuole",Nucleus
ENSP00000502954,0.40429688,0.16113281,0.10253906,0.05834961,0.15527344,0.9453125,0.08642578,0.06298828,0.09277344,0.08056641,0.0390625,Mitochondrion,Mitochondrion
ENSP00000489587,0.16894531,0.21289062,0.3125,0.8125,0.18261719,0.2734375,0.0324707,0.22851562,0.06005859,0.09667969,0.0088501,Extracellular,Nucleus
ENSP00000457536,0.3984375,0.71875,0.3046875,0.44335938,0.28515625,0.38671875,0.00382996,0.16601562,0.27734375,0.3984375,0.06176758,Cytoplasm,"Cytoplasm, Cell membrane"
ENSP00000431233,0.24902344,0.48242188,0.21972656,0.51171875,0.09033203,0.43945312,0.06933594,0.50390625,0.55859375,0.44726562,0.10351562,Cytoplasm,Endoplasmic reticulum
ENSP00000426165,0.11425781,0.62109375,0.6015625,0.36914062,0.12109375,0.3984375,0.01245117,0.17773438,0.28710938,0.2578125,0.10351562,"Cytoplasm, Nucleus",Cytoplasm
ENSP00000421839,0.29882812,0.47851562,0.44921875,0.38085938,0.19238281,0.30664062,0.00735474,0.40039062,0.41601562,0.34375,0.2265625,Cytoplasm,"Cytoplasm, Nucleus"
ENSP00000409990,0.15429688,0.72265625,0.29101562,0.25,0.1796875,0.3203125,0.05419922,0.17871094,0.08642578,0.11425781,0.41015625,Cytoplasm,"Cytoplasm, Nucleus"
ENSP00000392767,0.31835938,0.66796875,0.36132812,0.28320312,0.39453125,0.13378906,0.01977539,0.21777344,0.36914062,0.22851562,0.01495361,Cytoplasm,Cytoplasm
ENSP00000372656,0.24316406,0.515625,0.42773438,0.4609375,0.06738281,0.34960938,0.11914062,0.5078125,0.36328125,0.53515625,0.31640625,Cytoplasm,Cell membrane
ENSP00000350398,0.21972656,0.62109375,0.55078125,0.36914062,0.140625,0.26367188,0.01635742,0.22949219,0.40234375,0.3671875,0.17871094,"Cytoplasm, Nucleus",Mitochondrion
ENSP00000506567,0.19824219,0.578125,0.32617188,0.38085938,0.15820312,0.23046875,0.12597656,0.22265625,0.14257812,0.36132812,0.02514648,Cytoplasm,"Cytoplasm, Nucleus"
ENSP00000505535,0.34960938,0.609375,0.51171875,0.02722168,0.25585938,0.35742188,0.00128174,0.18847656,0.4296875,0.44726562,0.00668335,Cytoplasm,Cytoplasm
ENSP00000482941,0.37109375,0.66015625,0.26367188,0.19042969,0.2734375,0.46679688,0.08056641,0.34960938,0.17089844,0.32226562,0.03613281,Cytoplasm,Mitochondrion
ENSP00000242152,0.24804688,0.11279297,0.07080078,0.90625,0.2578125,0.03466797,0.00610352,0.26757812,0.22167969,0.34765625,0.01403809,Extracellular,Golgi apparatus
ENSP00000476323,0.5703125,0.15527344,0.16796875,0.0390625,0.16210938,0.95703125,0.00970459,0.10498047,0.09130859,0.10107422,0.08251953,"Membrane, Mitochondrion",Mitochondrion
ENSP00000475468,0.27148438,0.4609375,0.421875,0.13378906,0.10839844,0.51171875,0.08251953,0.25,0.25,0.22265625,0.08251953,None,Nucleus
ENSP00000463707,0.28710938,0.58984375,0.515625,0.40429688,0.21289062,0.39257812,0.12890625,0.29296875,0.30078125,0.20898438,0.03320312,Cytoplasm,Cell membrane
ENSP00000453788,0.2734375,0.5078125,0.46679688,0.39648438,0.12402344,0.39257812,0.04077148,0.33984375,0.45117188,0.48242188,0.08740234,Cytoplasm,"Cytoplasm, Nucleus"
ENSP00000438281,0.23535156,0.671875,0.37695312,0.1328125,0.17773438,0.30273438,0.00689697,0.16308594,0.24804688,0.27734375,0.00650024,Cytoplasm,Cytoplasm
ENSP00000436308,0.06738281,0.22167969,0.90625,0.0267334,0.15527344,0.09423828,0.01031494,0.06347656,0.13769531,0.04882812,0.01281738,Nucleus,Nucleus
ENSP00000434262,0.31445312,0.5703125,0.3359375,0.20019531,0.23828125,0.38671875,0.05834961,0.26367188,0.1796875,0.22851562,0.00668335,Cytoplasm,Mitochondrion
ENSP00000432792,0.7265625,0.20898438,0.13183594,0.06835938,0.18847656,0.90625,0.13085938,0.24902344,0.31835938,0.1328125,0.08740234,"Membrane, Mitochondrion",Mitochondrion
ENSP00000408717,0.22167969,0.5703125,0.5,0.2890625,0.08886719,0.29492188,0.00254822,0.14746094,0.21875,0.26953125,0.14355469,Cytoplasm,Nucleus
ENSP00000453224,0.12597656,0.61328125,0.546875,0.6015625,0.09130859,0.2421875,0.09277344,0.13183594,0.17675781,0.41601562,0.03466797,"Cytoplasm, Nucleus",Endoplasmic reticulum
ENSP00000443808,0.25976562,0.47460938,0.49804688,0.31835938,0.140625,0.6171875,0.05029297,0.28320312,0.2578125,0.29296875,0.13476562,Cytoplasm,"Nucleus, Golgi apparatus"
ENSP00000431481,0.28515625,0.68359375,0.33203125,0.44726562,0.27539062,0.12988281,0.00970459,0.20605469,0.5390625,0.32226562,0.01098633,Cytoplasm,Nucleus
ENSP00000399672,0.14355469,0.546875,0.65234375,0.0559082,0.13867188,0.21972656,0.00650024,0.14355469,0.32421875,0.25585938,0.00860596,"Cytoplasm, Nucleus",Nucleus
ENSP00000399490,0.4921875,0.18457031,0.13964844,0.5,0.43359375,0.18261719,0.00689697,0.43359375,0.32226562,0.32226562,0.02478027,Membrane,Cell membrane
ENSP00000389994,0.12353516,0.64453125,0.47265625,0.68359375,0.10351562,0.09960938,0.01696777,0.11767578,0.12255859,0.29101562,0.03857422,"Cytoplasm, Extracellular",Cell membrane
ENSP00000502992,0.28125,0.19824219,0.16796875,0.04394531,0.08886719,0.91796875,0.19238281,0.03735352,0.06542969,0.05834961,0.02404785,Mitochondrion,Mitochondrion
ENSP00000464939,0.06542969,0.421875,0.828125,0.02124023,0.03369141,0.02233887,0.00093842,0.08154297,0.01245117,0.04345703,0.00317383,Nucleus,Nucleus
ENSP00000458914,0.26367188,0.51171875,0.6484375,0.33203125,0.20703125,0.45703125,0.02062988,0.16699219,0.37695312,0.28515625,0.21582031,"Cytoplasm, Nucleus",Mitochondrion
ENSP00000434280,0.48242188,0.28710938,0.39257812,0.17089844,0.19726562,0.40234375,0.01635742,0.31835938,0.2734375,0.09960938,0.05102539,Membrane,Mitochondrion
ENSP00000501350,0.21875,0.609375,0.5390625,0.31835938,0.16601562,0.18457031,0.01202393,0.16015625,0.35546875,0.30078125,0.06640625,"Cytoplasm, Nucleus",Nucleus
ENSP00000471320,0.15722656,0.5078125,0.37695312,0.53515625,0.08642578,0.2734375,0.06298828,0.24609375,0.44726562,0.38476562,0.16796875,Cytoplasm,Cytoplasm
ENSP00000466948,0.27929688,0.41601562,0.59375,0.14257812,0.05932617,0.5078125,0.01635742,0.15429688,0.15234375,0.140625,0.06542969,Nucleus,Cytoplasm
ENSP00000462705,0.16308594,0.68359375,0.50390625,0.10253906,0.2421875,0.22167969,0.00212097,0.19042969,0.24609375,0.23828125,0.11914062,Cytoplasm,"Cytoplasm, Nucleus"
ENSP00000437284,0.8828125,0.1328125,0.18945312,0.10693359,0.49414062,0.19433594,0.04394531,0.57421875,0.640625,0.45117188,0.00830078,"Membrane, Lysosome/Vacuole","Endoplasmic reticulum, Golgi apparatus"
ENSP00000437200,0.23339844,0.390625,0.7421875,0.23925781,0.11279297,0.16601562,0.02478027,0.19921875,0.15136719,0.21777344,0.00939941,Nucleus,Cytoplasm
ENSP00000421278,0.17675781,0.5234375,0.625,0.02978516,0.11572266,0.27539062,0.02722168,0.17089844,0.48632812,0.1796875,0.08740234,"Cytoplasm, Nucleus",Nucleus
ENSP00000404471,0.30078125,0.27539062,0.25195312,0.625,0.27734375,0.26757812,0.0071106,0.37695312,0.296875,0.3203125,0.12011719,None,Cell membrane
ENSP00000246551,0.828125,0.14941406,0.10107422,0.47070312,0.7734375,0.12353516,0.00805664,0.31054688,0.6875,0.31054688,0.10693359,"Membrane, Cell membrane, Lysosome/Vacuole",Cell membrane
ENSP00000450530,0.23632812,0.47460938,0.58203125,0.3203125,0.15039062,0.2890625,0.04882812,0.24804688,0.29296875,0.24316406,0.10693359,"Cytoplasm, Nucleus",Cytoplasm
ENSP00000445750,0.14355469,0.63671875,0.421875,0.46875,0.10107422,0.18261719,0.12792969,0.33398438,0.31054688,0.296875,0.19238281,Cytoplasm,Cytoplasm
ENSP00000441344,0.15234375,0.50390625,0.51171875,0.12988281,0.06347656,0.375,0.03320312,0.26953125,0.20019531,0.18261719,0.04077148,Cytoplasm,Mitochondrion
ENSP00000436643,0.9140625,0.15039062,0.25195312,0.04614258,0.09960938,0.26953125,0.0055542,0.62890625,0.49414062,0.33007812,0.17871094,"Membrane, Endoplasmic reticulum",Golgi apparatus
ENSP00000431952,0.12255859,0.58984375,0.38476562,0.73828125,0.09521484,0.07568359,0.11914062,0.20019531,0.20410156,0.35351562,0.10839844,"Cytoplasm, Extracellular","Cytoplasm, Nucleus"
ENSP00000404200,0.69140625,0.328125,0.09521484,0.0324707,0.12988281,0.93359375,0.05102539,0.13183594,0.33203125,0.09814453,0.3671875,"Membrane, Mitochondrion",Peroxisome
ENSP00000392945,0.27734375,0.16308594,0.17578125,0.13671875,0.07714844,0.90234375,0.06640625,0.125,0.12988281,0.14550781,0.05664062,Mitochondrion,Mitochondrion
ENSP00000477770,0.1796875,0.6328125,0.62890625,0.50390625,0.14355469,0.41210938,0.01361084,0.19824219,0.25195312,0.30664062,0.06103516,"Cytoplasm, Nucleus",Nucleus
ENSP00000457999,0.11425781,0.64453125,0.4921875,0.12890625,0.12988281,0.28320312,0.03320312,0.14160156,0.12353516,0.3515625,0.01452637,Cytoplasm,Nucleus
ENSP00000454415,0.2734375,0.14257812,0.15332031,0.04882812,0.08056641,0.92578125,0.06640625,0.04394531,0.06933594,0.06738281,0.08740234,Mitochondrion,Mitochondrion
ENSP00000446893,0.1953125,0.6015625,0.59375,0.29882812,0.17675781,0.39453125,0.0088501,0.11132812,0.23632812,0.19824219,0.13769531,"Cytoplasm, Nucleus","Cytoplasm, Cell membrane"
ENSP00000444859,0.18164062,0.578125,0.62109375,0.56640625,0.13378906,0.27148438,0.00491333,0.11279297,0.15820312,0.19726562,0.12988281,"Cytoplasm, Nucleus",Cell membrane
ENSP00000437258,0.43164062,0.5,0.48632812,0.12792969,0.30078125,0.3046875,0.02441406,0.26953125,0.31835938,0.26953125,0.2109375,Cytoplasm,"Endoplasmic reticulum, Golgi apparatus"
ENSP00000428555,0.421875,0.53515625,0.5,0.44335938,0.12353516,0.23828125,0.01202393,0.09277344,0.11767578,0.27734375,0.00735474,Cytoplasm,Cell membrane
ENSP00000423846,0.38085938,0.703125,0.22558594,0.26953125,0.26367188,0.20410156,0.04614258,0.16601562,0.328125,0.6875,0.04956055,"Cytoplasm, Golgi apparatus","Cytoplasm, Cell membrane, Endoplasmic reticulum"
ENSP00000406830,0.25,0.5,0.62890625,0.41210938,0.15722656,0.39453125,0.02893066,0.1484375,0.18554688,0.28515625,0.09277344,"Cytoplasm, Nucleus",Nucleus
ENSP00000317413,0.15625,0.59375,0.58984375,0.41210938,0.05273438,0.23535156,0.00830078,0.12597656,0.29882812,0.27929688,0.59375,"Cytoplasm, Nucleus",Nucleus
ENSP00000496807,0.38671875,0.45898438,0.390625,0.29296875,0.40820312,0.35546875,0.00370789,0.18164062,0.24804688,0.3046875,0.04736328,None,Cell membrane
ENSP00000473656,0.2109375,0.3515625,0.34765625,0.71484375,0.10253906,0.20214844,0.00141144,0.16796875,0.09277344,0.06103516,0.01361084,Extracellular,Nucleus
ENSP00000415158,0.82421875,0.10253906,0.08642578,0.13378906,0.50390625,0.09521484,0.00689697,0.35742188,0.50390625,0.171875,0.15527344,Membrane,Cell membrane
ENSP00000395964,0.19238281,0.55078125,0.6484375,0.8359375,0.31835938,0.16210938,0.01745605,0.09277344,0.09521484,0.28320312,0.82421875,"Cytoplasm, Nucleus, Extracellular, Peroxisome",Mitochondrion
ENSP00000363886,0.32421875,0.49804688,0.64453125,0.30859375,0.06005859,0.18359375,0.00231934,0.23242188,0.3671875,0.4453125,0.06640625,"Cytoplasm, Nucleus",Nucleus
ENSP00000357917,0.10693359,0.59375,0.390625,0.09960938,0.04394531,0.2109375,0.04882812,0.09667969,0.07714844,0.08154297,0.39648438,Cytoplasm,"Cytoplasm, Nucleus"
ENSP00000493433,0.26171875,0.46875,0.29882812,0.546875,0.35742188,0.46875,0.05664062,0.05664062,0.29101562,0.23632812,0.0057373,None,"Cytoplasm, Cell membrane"
ENSP00000484031,0.19921875,0.5390625,0.44921875,0.45507812,0.22265625,0.18554688,0.00939941,0.23339844,0.42578125,0.31054688,0.33984375,Cytoplasm,Nucleus
ENSP00000466596,0.23632812,0.43164062,0.515625,0.11767578,0.08642578,0.6328125,0.04882812,0.13476562,0.16113281,0.171875,0.09814453,None,Nucleus
ENSP00000464319,0.14746094,0.39257812,0.6171875,0.26367188,0.04077148,0.43945312,0.0390625,0.21875,0.17285156,0.14746094,0.04956055,Nucleus,"Cytoplasm, Nucleus"
ENSP00000454914,0.1875,0.53125,0.25585938,0.49023438,0.08154297,0.33007812,0.06542969,0.5859375,0.6484375,0.54296875,0.21777344,"Cytoplasm, Lysosome/Vacuole",Cytoplasm
ENSP00000453285,0.09521484,0.359375,0.51953125,0.14941406,0.03735352,0.43359375,0.10107422,0.08154297,0.08398438,0.05493164,0.02978516,None,"Cytoplasm, Endoplasmic reticulum"
ENSP00000432841,0.47460938,0.40625,0.33984375,0.31054688,0.15136719,0.5625,0.04199219,0.71484375,0.61328125,0.52734375,0.35351562,"Membrane, Endoplasmic reticulum, Lysosome/Vacuole",Golgi apparatus
ENSP00000422500,0.03173828,0.37109375,0.94140625,0.19238281,0.01940918,0.09130859,0.00154877,0.03369141,0.00830078,0.00939941,0.00668335,Nucleus,Nucleus
ENSP00000416332,0.28515625,0.48046875,0.54296875,0.12695312,0.10839844,0.46875,0.02893066,0.4140625,0.24902344,0.20898438,0.06738281,"Cytoplasm, Nucleus",Cell membrane
ENSP00000387490,0.06298828,0.45507812,0.6015625,0.484375,0.0534668,0.05102539,0.00159454,0.06347656,0.04956055,0.23046875,0.00915527,Nucleus,Nucleus
ENSP00000495146,0.17675781,0.5625,0.31054688,0.26953125,0.19433594,0.24804688,0.05834961,0.18261719,0.05932617,0.10107422,0.01403809,Cytoplasm,Cytoplasm
ENSP00000473892,0.2734375,0.50390625,0.6015625,0.24609375,0.1640625,0.41601562,0.08496094,0.30664062,0.36132812,0.35742188,0.09960938,"Cytoplasm, Nucleus",Mitochondrion
ENSP00000471874,0.19433594,0.57421875,0.6875,0.265625,0.12158203,0.27929688,0.01000977,0.16894531,0.23242188,0.24316406,0.10498047,"Cytoplasm, Nucleus","Cytoplasm, Endoplasmic reticulum"
ENSP00000447669,0.25585938,0.59375,0.50390625,0.30078125,0.12255859,0.26953125,0.02636719,0.34179688,0.29101562,0.31835938,0.125,Cytoplasm,Cytoplasm
ENSP00000436328,0.23046875,0.20605469,0.18457031,0.78515625,0.17578125,0.21777344,0.01135254,0.42578125,0.3671875,0.36328125,0.06298828,Extracellular,"Cytoplasm, Cell membrane"
ENSP00000436205,0.84375,0.19238281,0.21875,0.0534668,0.06835938,0.18261719,0.003479,0.42773438,0.43359375,0.47265625,0.35546875,Membrane,Golgi apparatus
ENSP00000432739,0.7109375,0.24804688,0.18359375,0.09667969,0.14550781,0.69921875,0.04345703,0.578125,0.26953125,0.22949219,0.06005859,"Membrane, Mitochondrion",Mitochondrion
ENSP00000423761,0.18847656,0.734375,0.5546875,0.17871094,0.30273438,0.23828125,0.04467773,0.13769531,0.12695312,0.21191406,0.01202393,"Cytoplasm, Nucleus",Nucleus
ENSP00000384450,0.15039062,0.546875,0.61328125,0.44140625,0.25195312,0.58203125,0.00170135,0.06298828,0.22265625,0.14160156,0.94140625,"Cytoplasm, Nucleus, Peroxisome",Cytoplasm
ENSP00000496153,0.23632812,0.48242188,0.52734375,0.515625,0.10498047,0.421875,0.09814453,0.17578125,0.12695312,0.14941406,0.02758789,Cytoplasm,Nucleus
ENSP00000475329,0.16113281,0.6171875,0.6171875,0.4375,0.14550781,0.19433594,0.06005859,0.12695312,0.15234375,0.24316406,0.02636719,"Cytoplasm, Nucleus",Nucleus
ENSP00000458264,0.1484375,0.5703125,0.6484375,0.06542969,0.15136719,0.23046875,0.00735474,0.06835938,0.06835938,0.06542969,0.00382996,"Cytoplasm, Nucleus",Nucleus
ENSP00000417786,0.30078125,0.45117188,0.515625,0.33203125,0.13085938,0.29492188,0.07714844,0.375,0.37304688,0.23632812,0.5859375,None,Nucleus
ENSP00000400596,0.14746094,0.33398438,0.39257812,0.1484375,0.05102539,0.625,0.09814453,0.07910156,0.07714844,0.08154297,0.12402344,None,"Cytoplasm, Endoplasmic reticulum"
ENSP00000388413,0.23046875,0.30078125,0.19824219,0.07177734,0.06933594,0.86328125,0.18359375,0.05834961,0.05419922,0.08154297,0.06347656,Mitochondrion,Mitochondrion
ENSP00000368383,0.23925781,0.62109375,0.52734375,0.29492188,0.25976562,0.32226562,0.00805664,0.16601562,0.29101562,0.15625,0.1796875,Cytoplasm,Cytoplasm
ENSP00000279259,0.26367188,0.59765625,0.625,0.21875,0.16894531,0.171875,0.00610352,0.5,0.57421875,0.2890625,0.01031494,"Cytoplasm, Nucleus, Lysosome/Vacuole","Cytoplasm, Nucleus, Endoplasmic reticulum"
ENSP00000481472,0.38085938,0.51953125,0.29101562,0.67578125,0.18847656,0.2734375,0.01403809,0.31445312,0.19335938,0.25390625,0.09277344,"Cytoplasm, Extracellular",Mitochondrion
ENSP00000477292,0.5546875,0.16015625,0.16894531,0.0534668,0.15234375,0.953125,0.01135254,0.11914062,0.09667969,0.10107422,0.11767578,"Membrane, Mitochondrion",Mitochondrion
ENSP00000468125,0.3125,0.20898438,0.29101562,0.1640625,0.12597656,0.94921875,0.01361084,0.08886719,0.12353516,0.12890625,0.421875,Mitochondrion,Mitochondrion
ENSP00000426046,0.37890625,0.4921875,0.48046875,0.11132812,0.30078125,0.18554688,0.00491333,0.17578125,0.69921875,0.34960938,0.078125,"Cytoplasm, Lysosome/Vacuole","Cytoplasm, Nucleus"
ENSP00000424002,0.37109375,0.578125,0.390625,0.28710938,0.2421875,0.1640625,0.01361084,0.38671875,0.359375,0.609375,0.01696777,Cytoplasm,Nucleus
ENSP00000409541,0.24902344,0.5546875,0.66015625,0.40429688,0.18847656,0.21875,0.04736328,0.16992188,0.20214844,0.24902344,0.01000977,"Cytoplasm, Nucleus",Golgi apparatus
ENSP00000407410,0.12695312,0.55078125,0.546875,0.28710938,0.07373047,0.11767578,0.24121094,0.33203125,0.20605469,0.265625,0.13867188,"Cytoplasm, Nucleus","Cytoplasm, Nucleus"
ENSP00000398804,0.6484375,0.47265625,0.390625,0.09277344,0.42773438,0.43554688,0.00830078,0.546875,0.703125,0.47070312,0.01361084,"Membrane, Cytoplasm, Lysosome/Vacuole",Nucleus
ENSP00000504615,0.23242188,0.609375,0.26171875,0.25195312,0.19335938,0.29492188,0.01403809,0.10693359,0.37304688,0.15136719,0.00247192,Cytoplasm,Cytoplasm
ENSP00000481423,0.15429688,0.70703125,0.44921875,0.24511719,0.18847656,0.21289062,0.01135254,0.11767578,0.19824219,0.22851562,0.04541016,Cytoplasm,Mitochondrion
ENSP00000443311,0.3984375,0.6796875,0.41601562,0.03369141,0.52734375,0.21582031,0.01495361,0.14550781,0.23925781,0.32226562,0.12792969,"Cytoplasm, Cell membrane",Cell membrane
ENSP00000422333,0.359375,0.26757812,0.28710938,0.6328125,0.18457031,0.2265625,0.02758789,0.36914062,0.296875,0.32421875,0.11914062,None,Cell membrane
ENSP00000422150,0.46875,0.42578125,0.33203125,0.40234375,0.18945312,0.28710938,0.03857422,0.50390625,0.4921875,0.5390625,0.23632812,Membrane,Cell membrane
ENSP00000502397,0.25585938,0.66015625,0.46289062,0.09033203,0.296875,0.359375,0.05834961,0.2265625,0.20214844,0.13085938,0.11767578,Cytoplasm,Nucleus
ENSP00000454489,0.203125,0.60546875,0.41601562,0.11914062,0.28710938,0.12890625,0.00830078,0.06640625,0.10498047,0.10498047,0.00150299,Cytoplasm,Cytoplasm
ENSP00000435912,0.31054688,0.63671875,0.2890625,0.32617188,0.1796875,0.33984375,0.06738281,0.15234375,0.20898438,0.13378906,0.01745605,Cytoplasm,Cytoplasm
ENSP00000429426,0.10253906,0.38671875,0.75390625,0.171875,0.10498047,0.06640625,0.01794434,0.12792969,0.06298828,0.03112793,0.00073242,Nucleus,Nucleus
ENSP00000429313,0.12890625,0.80078125,0.4453125,0.0559082,0.15917969,0.11767578,0.00537109,0.06835938,0.11914062,0.10986328,0.01135254,Cytoplasm,Cytoplasm
ENSP00000421951,0.390625,0.51171875,0.5390625,0.05175781,0.25976562,0.21972656,0.00014877,0.04467773,0.41796875,0.07568359,0.05029297,"Cytoplasm, Nucleus",Cytoplasm
ENSP00000506128,0.17480469,0.6328125,0.57421875,0.28320312,0.18847656,0.28125,0.0267334,0.06005859,0.13085938,0.21875,0.00537109,"Cytoplasm, Nucleus","Cytoplasm, Nucleus"
ENSP00000492309,0.22851562,0.1875,0.20703125,0.05419922,0.10351562,0.94921875,0.01165771,0.02478027,0.04663086,0.02758789,0.02844238,Mitochondrion,Mitochondrion
ENSP00000467331,0.61328125,0.33007812,0.15429688,0.1875,0.6328125,0.32421875,0.00193024,0.18847656,0.30273438,0.15820312,0.07275391,"Membrane, Cell membrane",Endoplasmic reticulum
ENSP00000450910,0.19238281,0.53515625,0.59375,0.40429688,0.14355469,0.23632812,0.08398438,0.16992188,0.1796875,0.13183594,0.25976562,"Cytoplasm, Nucleus",Nucleus
ENSP00000401314,0.41210938,0.6328125,0.484375,0.15234375,0.43359375,0.06738281,0.00154877,0.24316406,0.6875,0.61328125,0.00212097,"Cytoplasm, Lysosome/Vacuole",Cell membrane
ENSP00000508170,0.45117188,0.58203125,0.47851562,0.07568359,0.16210938,0.36132812,0.00405884,0.31835938,0.43945312,0.52734375,0.04956055,Cytoplasm,"Cytoplasm, Nucleus, Cell membrane"
ENSP00000480290,0.13671875,0.5078125,0.6328125,0.14355469,0.09521484,0.26757812,0.02758789,0.08154297,0.18359375,0.21875,0.03369141,"Cytoplasm, Nucleus",Golgi apparatus
ENSP00000469123,0.28710938,0.5078125,0.421875,0.13671875,0.26757812,0.6484375,0.00288391,0.30859375,0.49609375,0.3515625,0.32421875,"Cytoplasm, Mitochondrion",Cytoplasm
ENSP00000465425,0.07373047,0.6953125,0.62890625,0.05102539,0.06542969,0.14648438,0.0088501,0.2109375,0.07714844,0.203125,0.00915527,"Cytoplasm, Nucleus",Nucleus
ENSP00000464423,0.38085938,0.45507812,0.49414062,0.29882812,0.23535156,0.34960938,0.02600098,0.35742188,0.31640625,0.28125,0.10693359,None,Nucleus
ENSP00000462642,0.35546875,0.75390625,0.50390625,0.04394531,0.12255859,0.40429688,0.01165771,0.13476562,0.49804688,0.54296875,0.10107422,Cytoplasm,Cytoplasm
ENSP00000450763,0.10693359,0.6796875,0.52734375,0.55078125,0.09130859,0.08056641,0.02893066,0.14550781,0.22558594,0.14550781,0.08740234,Cytoplasm,Nucleus
ENSP00000436412,0.2421875,0.48242188,0.5703125,0.2734375,0.09130859,0.4140625,0.00193024,0.05834961,0.10498047,0.1953125,0.03027344,"Cytoplasm, Nucleus",Nucleus
ENSP00000428662,0.2109375,0.59375,0.58203125,0.08398438,0.16796875,0.39648438,0.0255127,0.19433594,0.11572266,0.12011719,0.28125,"Cytoplasm, Nucleus",Nucleus
ENSP00000424863,0.34960938,0.5703125,0.51171875,0.09521484,0.22949219,0.33789062,0.01403809,0.1875,0.2109375,0.37695312,0.05664062,Cytoplasm,Nucleus
ENSP00000395552,0.17089844,0.5625,0.66796875,0.06640625,0.06176758,0.12792969,0.00113678,0.17773438,0.16699219,0.15429688,0.06640625,"Cytoplasm, Nucleus",Nucleus
ENSP00000367939,0.796875,0.15039062,0.10498047,0.05834961,0.06176758,0.890625,0.01495361,0.2890625,0.12011719,0.05175781,0.12353516,"Membrane, Mitochondrion",Mitochondrion
ENSP00000506647,0.16894531,0.5703125,0.59765625,0.28320312,0.16699219,0.31835938,0.03955078,0.04467773,0.11279297,0.18554688,0.00521851,"Cytoplasm, Nucleus","Cytoplasm, Nucleus"
ENSP00000495572,0.33789062,0.7109375,0.28320312,0.3125,0.21875,0.55078125,0.02233887,0.36914062,0.31835938,0.5234375,0.28320312,Cytoplasm,Nucleus
ENSP00000487134,0.37890625,0.41601562,0.453125,0.34960938,0.16308594,0.38671875,0.09130859,0.32617188,0.26171875,0.40234375,0.07373047,None,Nucleus
ENSP00000468878,0.13476562,0.64453125,0.61328125,0.75,0.11279297,0.15332031,0.01403809,0.11767578,0.14648438,0.18847656,0.23632812,"Cytoplasm, Nucleus, Extracellular",Cytoplasm
ENSP00000466687,0.10693359,0.51953125,0.26953125,0.80078125,0.03369141,0.06640625,0.11572266,0.34960938,0.20410156,0.38671875,0.10253906,"Cytoplasm, Extracellular",Cytoplasm
ENSP00000465750,0.15722656,0.54296875,0.58203125,0.24511719,0.08398438,0.23242188,0.00506592,0.18359375,0.12792969,0.14941406,0.16015625,"Cytoplasm, Nucleus",Nucleus
ENSP00000464986,0.17773438,0.53125,0.62890625,0.58203125,0.11767578,0.21484375,0.07177734,0.14355469,0.11767578,0.23046875,0.02600098,"Cytoplasm, Nucleus",Nucleus
ENSP00000461448,0.23925781,0.48046875,0.37890625,0.27734375,0.15234375,0.39648438,0.0279541,0.06933594,0.12255859,0.24121094,0.05102539,Cytoplasm,Cytoplasm
ENSP00000421392,0.12988281,0.48632812,0.6328125,0.20898438,0.11914062,0.28320312,0.03320312,0.2890625,0.20605469,0.19921875,0.0088501,"Cytoplasm, Nucleus",Nucleus
ENSP00000417312,0.22167969,0.640625,0.54296875,0.28125,0.18457031,0.4140625,0.01452637,0.14257812,0.26757812,0.265625,0.25585938,"Cytoplasm, Nucleus",Nucleus
ENSP00000506933,0.15136719,0.5625,0.671875,0.36523438,0.07568359,0.22558594,0.01635742,0.15527344,0.31835938,0.21484375,0.06298828,"Cytoplasm, Nucleus",Nucleus
ENSP00000506074,0.1875,0.50390625,0.546875,0.16601562,0.09130859,0.48242188,0.04150391,0.21777344,0.34179688,0.33398438,0.28125,"Cytoplasm, Nucleus",Cytoplasm
ENSP00000501404,0.26953125,0.36328125,0.38476562,0.8046875,0.14648438,0.31445312,0.01635742,0.26367188,0.16992188,0.32226562,0.0078125,Extracellular,Mitochondrion
ENSP00000484006,0.2890625,0.16796875,0.15332031,0.890625,0.39257812,0.08642578,0.03564453,0.265625,0.29492188,0.3046875,0.02600098,Extracellular,Cell membrane
ENSP00000464503,0.13671875,0.62109375,0.84765625,0.07275391,0.11425781,0.13964844,0.00044441,0.12890625,0.11767578,0.08398438,0.00650024,"Cytoplasm, Nucleus",Nucleus
ENSP00000456237,0.078125,0.59765625,0.61328125,0.20605469,0.07080078,0.13964844,0.01855469,0.11572266,0.12597656,0.20019531,0.00860596,"Cytoplasm, Nucleus",Cytoplasm
ENSP00000444771,0.15039062,0.484375,0.33789062,0.7265625,0.0559082,0.14648438,0.03613281,0.28125,0.32421875,0.24609375,0.15136719,"Cytoplasm, Extracellular",Mitochondrion
ENSP00000431343,0.06542969,0.19335938,0.9140625,0.01495361,0.18164062,0.07568359,0.01281738,0.03686523,0.12695312,0.03686523,0.00970459,Nucleus,Nucleus
ENSP00000419128,0.14941406,0.65625,0.37695312,0.13769531,0.13183594,0.42382812,0.02368164,0.13964844,0.06005859,0.08398438,0.0402832,Cytoplasm,Mitochondrion
ENSP00000405084,0.41015625,0.45117188,0.43359375,0.24804688,0.15136719,0.40039062,0.0378418,0.48828125,0.36523438,0.34570312,0.1953125,None,Cell membrane
ENSP00000475845,0.73046875,0.37304688,0.37695312,0.04614258,0.79296875,0.21875,0.01135254,0.17578125,0.24902344,0.06542969,0.34765625,"Membrane, Cell membrane",Cell membrane
ENSP00000469232,0.13378906,0.63671875,0.62890625,0.7265625,0.12695312,0.328125,0.00370789,0.10986328,0.18945312,0.22265625,0.37304688,"Cytoplasm, Nucleus, Extracellular",Cytoplasm
ENSP00000431039,0.25976562,0.55078125,0.328125,0.29492188,0.13183594,0.36914062,0.03564453,0.29296875,0.3125,0.37304688,0.03686523,Cytoplasm,Mitochondrion
ENSP00000430859,0.25,0.37304688,0.62109375,0.12597656,0.14550781,0.46679688,0.00150299,0.23339844,0.36914062,0.11572266,0.02404785,Nucleus,"Cytoplasm, Nucleus"
ENSP00000429288,0.33203125,0.70703125,0.46679688,0.04467773,0.40820312,0.23632812,0.02038574,0.19921875,0.12402344,0.21972656,0.01544189,Cytoplasm,Cytoplasm
ENSP00000427003,0.23535156,0.55859375,0.41210938,0.38867188,0.10839844,0.35546875,0.03735352,0.17480469,0.375,0.28515625,0.44726562,Cytoplasm,"Cytoplasm, Nucleus"
ENSP00000506015,0.15429688,0.59765625,0.69921875,0.30273438,0.11279297,0.20410156,0.00592041,0.11132812,0.08251953,0.06347656,0.15820312,"Cytoplasm, Nucleus","Cytoplasm, Mitochondrion"
ENSP00000494757,0.21875,0.609375,0.65234375,0.06640625,0.29492188,0.359375,0.00170135,0.17089844,0.2890625,0.09521484,0.06738281,"Cytoplasm, Nucleus",Nucleus
ENSP00000467983,0.26367188,0.37695312,0.421875,0.33398438,0.08154297,0.35351562,0.02404785,0.48632812,0.46875,0.33398438,0.18164062,None,Mitochondrion
ENSP00000456776,0.2109375,0.5625,0.4921875,0.53125,0.10498047,0.32226562,0.02893066,0.18847656,0.21777344,0.32226562,0.07177734,Cytoplasm,"Cytoplasm, Nucleus"
ENSP00000454184,0.23632812,0.65234375,0.4921875,0.27539062,0.26953125,0.26367188,0.00506592,0.15527344,0.31445312,0.16796875,0.13769531,Cytoplasm,Cytoplasm
ENSP00000417789,0.11572266,0.48046875,0.359375,0.828125,0.05273438,0.06542969,0.27539062,0.06347656,0.03027344,0.09033203,0.12890625,"Cytoplasm, Extracellular",Cytoplasm
ENSP00000387792,0.078125,0.49023438,0.81640625,0.44140625,0.03027344,0.11572266,0.01635742,0.17871094,0.21484375,0.12353516,0.53515625,"Cytoplasm, Nucleus",Cytoplasm
ENSP00000468211,0.20019531,0.484375,0.62109375,0.62109375,0.12890625,0.22851562,0.06298828,0.16601562,0.078125,0.23046875,0.01635742,"Cytoplasm, Nucleus",Nucleus
ENSP00000460358,0.19921875,0.5234375,0.3984375,0.55078125,0.12158203,0.17871094,0.10351562,0.17480469,0.24511719,0.25390625,0.15332031,Cytoplasm,Mitochondrion
ENSP00000460265,0.08251953,0.703125,0.75,0.02160645,0.08740234,0.18164062,0.00120544,0.07177734,0.33203125,0.09521484,0.00288391,"Cytoplasm, Nucleus",Nucleus
ENSP00000454718,0.23828125,0.5390625,0.60546875,0.4765625,0.140625,0.30273438,0.0279541,0.23339844,0.2265625,0.33007812,0.0071106,"Cytoplasm, Nucleus",Cytoplasm
ENSP00000434812,0.09423828,0.6015625,0.43554688,0.73828125,0.05419922,0.07373047,0.13671875,0.15429688,0.12597656,0.26953125,0.21289062,"Cytoplasm, Extracellular","Cytoplasm, Nucleus, Cell membrane"
ENSP00000433003,0.28125,0.43945312,0.6953125,0.20898438,0.12255859,0.28320312,0.03735352,0.1953125,0.26757812,0.29882812,0.00521851,Nucleus,"Nucleus, Mitochondrion"
ENSP00000402829,0.2734375,0.57421875,0.54296875,0.28710938,0.171875,0.38867188,0.03063965,0.25390625,0.23242188,0.15722656,0.08056641,"Cytoplasm, Nucleus","Cytoplasm, Nucleus"
ENSP00000397870,0.25585938,0.17480469,0.16699219,0.82421875,0.28125,0.17089844,0.00756836,0.34765625,0.35351562,0.22949219,0.0402832,Extracellular,Cell membrane
ENSP00000384148,0.65625,0.27148438,0.15429688,0.2734375,0.34765625,0.2734375,0.05175781,0.5859375,0.43945312,0.36523438,0.03955078,Membrane,Cell membrane
ENSP00000376243,0.51953125,0.28320312,0.2578125,0.34179688,0.34375,0.22558594,0.06640625,0.71875,0.49023438,0.3671875,0.28320312,"Membrane, Endoplasmic reticulum",Cell membrane
ENSP00000471943,0.19238281,0.49414062,0.53515625,0.6484375,0.07177734,0.25195312,0.01940918,0.12695312,0.10107422,0.14941406,0.02929688,"Cytoplasm, Nucleus, Extracellular",Mitochondrion
ENSP00000425172,0.23632812,0.375,0.46679688,0.27734375,0.06738281,0.21582031,0.00970459,0.26953125,0.4921875,0.14746094,0.33984375,None,"Cytoplasm, Nucleus"
ENSP00000422786,0.18847656,0.578125,0.609375,0.5546875,0.11279297,0.25,0.01544189,0.23925781,0.20605469,0.38085938,0.01794434,"Cytoplasm, Nucleus",Cell membrane
ENSP00000388563,0.76171875,0.22558594,0.12402344,0.03686523,0.15136719,0.94140625,0.01544189,0.29101562,0.10693359,0.0559082,0.38671875,"Membrane, Mitochondrion",Mitochondrion
ENSP00000361981,0.16796875,0.72265625,0.5,0.05737305,0.17773438,0.26367188,0.0043335,0.22558594,0.28125,0.46679688,0.15332031,Cytoplasm,"Cytoplasm, Nucleus"
ENSP00000315936,0.73828125,0.20019531,0.16699219,0.43945312,0.6796875,0.11425781,0.00337219,0.23339844,0.52734375,0.20019531,0.09667969,"Membrane, Cell membrane",Cell membrane
ENSP00000499362,0.21289062,0.52734375,0.48046875,0.65625,0.13183594,0.23242188,0.11572266,0.18554688,0.18164062,0.29101562,0.02404785,"Cytoplasm, Extracellular",Cytoplasm
ENSP00000497470,0.5859375,0.24121094,0.17773438,0.44726562,0.39453125,0.14648438,0.00066757,0.41210938,0.57421875,0.625,0.03515625,"Membrane, Lysosome/Vacuole",Cytoplasm
ENSP00000461183,0.3671875,0.44726562,0.44726562,0.22363281,0.23535156,0.44921875,0.02844238,0.38476562,0.484375,0.21972656,0.32421875,None,"Mitochondrion, Endoplasmic reticulum"
ENSP00000449615,0.24511719,0.53125,0.6796875,0.24511719,0.18554688,0.31835938,0.01165771,0.28710938,0.23339844,0.25976562,0.03027344,"Cytoplasm, Nucleus",Cytoplasm
ENSP00000448684,0.08886719,0.49609375,0.6875,0.05029297,0.07373047,0.09960938,0.00628662,0.11572266,0.11572266,0.10986328,0.08154297,"Cytoplasm, Nucleus",Nucleus
ENSP00000447582,0.30273438,0.15039062,0.15429688,0.04199219,0.08154297,0.9375,0.03857422,0.03955078,0.06103516,0.07373047,0.02038574,Mitochondrion,Mitochondrion
ENSP00000436906,0.14941406,0.7265625,0.36132812,0.11767578,0.16210938,0.375,0.02478027,0.06005859,0.12255859,0.06542969,0.28710938,Cytoplasm,Mitochondrion
ENSP00000431052,0.16210938,0.50390625,0.578125,0.16113281,0.02233887,0.42773438,0.00132751,0.23828125,0.21582031,0.20898438,0.01403809,"Cytoplasm, Nucleus",Nucleus
ENSP00000354879,0.23242188,0.515625,0.51953125,0.47851562,0.20605469,0.3984375,0.01696777,0.23046875,0.42578125,0.359375,0.44140625,Cytoplasm,Mitochondrion
ENSP00000494699,0.1640625,0.55859375,0.515625,0.49023438,0.11572266,0.29296875,0.01281738,0.18261719,0.43359375,0.26171875,0.25,Cytoplasm,"Cytoplasm, Cell membrane"
ENSP00000468538,0.46289062,0.55859375,0.39257812,0.16210938,0.20898438,0.34570312,0.0011673,0.4453125,0.25390625,0.17285156,0.05102539,"Membrane, Cytoplasm",Nucleus
ENSP00000462954,0.39257812,0.5703125,0.3203125,0.21875,0.25,0.43554688,0.01403809,0.20800781,0.40429688,0.40820312,0.16796875,Cytoplasm,Golgi apparatus
ENSP00000458946,0.18261719,0.6484375,0.58984375,0.49804688,0.15820312,0.34765625,0.01879883,0.26953125,0.25585938,0.38085938,0.09814453,"Cytoplasm, Nucleus","Cytoplasm, Nucleus, Cell membrane"
ENSP00000438955,0.31640625,0.390625,0.18945312,0.73046875,0.27539062,0.34179688,0.01068115,0.25585938,0.203125,0.33398438,0.02258301,Extracellular,Golgi apparatus
ENSP00000421829,0.23632812,0.73828125,0.41015625,0.07080078,0.23535156,0.2421875,0.00360107,0.171875,0.16308594,0.19726562,0.08496094,Cytoplasm,Cell membrane
ENSP00000406989,0.26953125,0.53515625,0.23925781,0.4921875,0.16894531,0.3125,0.07568359,0.453125,0.38671875,0.35742188,0.08740234,Cytoplasm,Mitochondrion
ENSP00000389420,0.609375,0.26367188,0.26171875,0.36914062,0.2890625,0.578125,0.07080078,0.66015625,0.609375,0.45703125,0.25390625,"Membrane, Endoplasmic reticulum, Lysosome/Vacuole",Cell membrane
ENSP00000330730,0.54296875,0.54296875,0.19335938,0.12109375,0.359375,0.828125,0.01635742,0.27539062,0.14257812,0.16308594,0.00537109,"Membrane, Cytoplasm, Mitochondrion",Mitochondrion
ENSP00000466064,0.25976562,0.62109375,0.56640625,0.31445312,0.1875,0.359375,0.00491333,0.19921875,0.17578125,0.21289062,0.09960938,"Cytoplasm, Nucleus",Nucleus
ENSP00000452890,0.3984375,0.61328125,0.38867188,0.01586914,0.11572266,0.16992188,0.00010252,0.19238281,0.1953125,0.37890625,0.08642578,Cytoplasm,Nucleus
ENSP00000450486,0.14941406,0.33984375,0.74609375,0.18359375,0.04077148,0.18261719,0.00247192,0.24511719,0.09130859,0.10693359,0.01794434,Nucleus,Nucleus
ENSP00000430164,0.16699219,0.60546875,0.41992188,0.65625,0.07373047,0.25976562,0.03686523,0.33984375,0.31445312,0.44726562,0.16015625,"Cytoplasm, Extracellular",Cytoplasm
ENSP00000426926,0.45703125,0.421875,0.46679688,0.21289062,0.29101562,0.43164062,0.03173828,0.20898438,0.45507812,0.18945312,0.10839844,Membrane,"Cytoplasm, Mitochondrion"
ENSP00000425643,0.20605469,0.37890625,0.7109375,0.11572266,0.07177734,0.2109375,0.0055542,0.16894531,0.10839844,0.3125,0.00689697,Nucleus,Cytoplasm
ENSP00000417908,0.13867188,0.52734375,0.3984375,0.57421875,0.0480957,0.28710938,0.03955078,0.390625,0.41601562,0.30273438,0.20800781,Cytoplasm,Nucleus
ENSP00000404968,0.671875,0.46484375,0.29101562,0.12988281,0.35546875,0.34375,0.00939941,0.4921875,0.73046875,0.41601562,0.07714844,"Membrane, Lysosome/Vacuole",Nucleus
ENSP00000404861,0.859375,0.21289062,0.07373047,0.06005859,0.8125,0.11279297,0.0043335,0.2734375,0.42578125,0.37695312,0.00970459,"Membrane, Cell membrane",Cell membrane
ENSP00000392323,0.08740234,0.6875,0.56640625,0.15429688,0.09277344,0.2578125,0.00280762,0.23339844,0.07910156,0.16796875,0.06640625,"Cytoplasm, Nucleus",Nucleus
ENSP00000390139,0.140625,0.52734375,0.58203125,0.66015625,0.08398438,0.25390625,0.03955078,0.14355469,0.19824219,0.40625,0.00939941,"Cytoplasm, Nucleus, Extracellular",Cytoplasm
ENSP00000386934,0.5625,0.3515625,0.11425781,0.36914062,0.28125,0.83984375,0.07470703,0.23242188,0.16601562,0.39453125,0.0390625,"Membrane, Mitochondrion",Mitochondrion
ENSP00000502892,0.22363281,0.47265625,0.4453125,0.45507812,0.06738281,0.21582031,0.01245117,0.3125,0.1953125,0.17089844,0.4375,Cytoplasm,Cytoplasm
ENSP00000492948,0.19726562,0.609375,0.37109375,0.22363281,0.12402344,0.57421875,0.0279541,0.03320312,0.11132812,0.27734375,0.00445557,Cytoplasm,"Cytoplasm, Cell membrane"
ENSP00000452648,0.13671875,0.62890625,0.50390625,0.171875,0.05419922,0.40429688,0.00521851,0.24609375,0.19238281,0.11132812,0.0324707,Cytoplasm,Nucleus
ENSP00000401988,0.08642578,0.74609375,0.6484375,0.35351562,0.08154297,0.10839844,0.00128174,0.06005859,0.20605469,0.28710938,0.02001953,"Cytoplasm, Nucleus","Cytoplasm, Cell membrane"
ENSP00000396641,0.22167969,0.60546875,0.36523438,0.18554688,0.125,0.22949219,0.02197266,0.26367188,0.21289062,0.37109375,0.06738281,Cytoplasm,Nucleus
ENSP00000497449,0.1875,0.625,0.4609375,0.50390625,0.09033203,0.21777344,0.03955078,0.24804688,0.30273438,0.375,0.15136719,Cytoplasm,Golgi apparatus
ENSP00000493739,0.15625,0.5703125,0.53125,0.39453125,0.09960938,0.23242188,0.00689697,0.19042969,0.15332031,0.30859375,0.10839844,"Cytoplasm, Nucleus","Cytoplasm, Nucleus"
ENSP00000467615,0.08154297,0.74609375,0.5546875,0.29882812,0.04541016,0.20800781,0.0480957,0.22558594,0.26953125,0.09423828,0.10351562,"Cytoplasm, Nucleus",Nucleus
ENSP00000462246,0.1875,0.5703125,0.75,0.49023438,0.11132812,0.15917969,0.05932617,0.13476562,0.15136719,0.20214844,0.00650024,"Cytoplasm, Nucleus",Nucleus
ENSP00000457251,0.26171875,0.68359375,0.40429688,0.29492188,0.296875,0.23535156,0.04614258,0.25585938,0.16601562,0.31835938,0.07910156,Cytoplasm,Cytoplasm
ENSP00000453462,0.22851562,0.62890625,0.58984375,0.34570312,0.14941406,0.21972656,0.0055542,0.21191406,0.265625,0.28515625,0.24511719,"Cytoplasm, Nucleus",Nucleus
ENSP00000434072,0.45117188,0.13964844,0.14355469,0.0402832,0.16210938,0.953125,0.0559082,0.02758789,0.06542969,0.07470703,0.00939941,Mitochondrion,Mitochondrion
ENSP00000432253,0.25976562,0.5625,0.3671875,0.5390625,0.203125,0.22265625,0.03173828,0.18164062,0.11132812,0.19433594,0.01202393,Cytoplasm,Mitochondrion
ENSP00000493147,0.2890625,0.6484375,0.57421875,0.47851562,0.19433594,0.203125,0.01495361,0.17089844,0.16992188,0.19433594,0.01324463,"Cytoplasm, Nucleus","Cytoplasm, Cell membrane"
ENSP00000458340,0.20898438,0.69140625,0.39453125,0.06933594,0.09814453,0.21191406,0.00421143,0.07910156,0.24121094,0.15917969,0.8046875,"Cytoplasm, Peroxisome",Nucleus
ENSP00000427736,0.328125,0.59765625,0.4296875,0.39648438,0.2421875,0.42382812,0.02258301,0.09814453,0.33789062,0.17871094,0.12402344,Cytoplasm,Cytoplasm
ENSP00000394709,0.15039062,0.578125,0.39257812,0.0078125,0.10839844,0.375,0.01135254,0.14355469,0.21972656,0.203125,0.03735352,Cytoplasm,Nucleus
ENSP00000386477,0.29296875,0.17871094,0.12109375,0.90234375,0.30078125,0.10693359,0.01452637,0.45898438,0.51953125,0.36328125,0.00939941,Extracellular,Cell membrane
ENSP00000479464,0.17773438,0.62890625,0.50390625,0.46679688,0.11767578,0.14648438,0.09814453,0.29296875,0.2890625,0.22363281,0.29101562,Cytoplasm,Golgi apparatus
ENSP00000469702,0.14648438,0.5625,0.40625,0.6015625,0.06445312,0.18945312,0.10986328,0.140625,0.11279297,0.18457031,0.4140625,Cytoplasm,Nucleus
ENSP00000454923,0.28320312,0.578125,0.40429688,0.27929688,0.25,0.26171875,0.05419922,0.18457031,0.18554688,0.11767578,0.01165771,Cytoplasm,Mitochondrion
ENSP00000452630,0.23242188,0.515625,0.48046875,0.375,0.14257812,0.40234375,0.01495361,0.1953125,0.25390625,0.20605469,0.04736328,Cytoplasm,Nucleus
ENSP00000451127,0.23925781,0.5234375,0.6015625,0.47070312,0.1484375,0.21582031,0.02233887,0.24121094,0.18164062,0.35351562,0.0324707,"Cytoplasm, Nucleus","Cytoplasm, Nucleus"
ENSP00000435532,0.15136719,0.59375,0.3046875,0.671875,0.06640625,0.32421875,0.08251953,0.55859375,0.60546875,0.62109375,0.22558594,"Cytoplasm, Extracellular, Lysosome/Vacuole","Cytoplasm, Nucleus"
ENSP00000434221,0.05737305,0.22363281,0.90625,0.01696777,0.11132812,0.06738281,0.01495361,0.04077148,0.07275391,0.02722168,0.01281738,Nucleus,Nucleus
ENSP00000425714,0.18554688,0.6484375,0.30664062,0.65625,0.09423828,0.24804688,0.03564453,0.49414062,0.3515625,0.46679688,0.16113281,"Cytoplasm, Extracellular","Cytoplasm, Nucleus"
ENSP00000420469,0.25976562,0.67578125,0.4765625,0.26367188,0.20410156,0.28125,0.01000977,0.40039062,0.33984375,0.44140625,0.04394531,Cytoplasm,Cytoplasm
ENSP00000417714,0.13574219,0.6953125,0.3828125,0.22851562,0.17089844,0.27929688,0.01403809,0.14160156,0.06347656,0.08496094,0.02722168,Cytoplasm,Mitochondrion
ENSP00000375719,0.13085938,0.49414062,0.6640625,0.7734375,0.14648438,0.47460938,0.00491333,0.12402344,0.14355469,0.17578125,0.9375,"Cytoplasm, Nucleus, Extracellular, Peroxisome","Cytoplasm, Nucleus"
ENSP00000489555,0.02404785,0.15039062,0.87890625,0.22167969,0.00970459,0.00668335,0.00830078,0.0480957,0.01745605,0.04272461,0.0078125,Nucleus,Nucleus
ENSP00000468485,0.18847656,0.55859375,0.34960938,0.41015625,0.04467773,0.03955078,0.11572266,0.1953125,0.20605469,0.46679688,0.01165771,Cytoplasm,"Cytoplasm, Nucleus"
ENSP00000464865,0.2421875,0.58203125,0.53515625,0.4921875,0.18847656,0.51171875,0.00915527,0.3046875,0.40234375,0.43554688,0.30078125,"Cytoplasm, Nucleus",Nucleus
ENSP00000464429,0.19042969,0.59765625,0.55859375,0.3515625,0.12255859,0.25585938,0.02404785,0.16210938,0.21289062,0.28710938,0.05102539,"Cytoplasm, Nucleus",Nucleus
ENSP00000454035,0.12890625,0.67578125,0.48828125,0.3984375,0.16796875,0.12988281,0.03320312,0.13574219,0.16894531,0.375,0.00830078,Cytoplasm,Nucleus
ENSP00000429271,0.2734375,0.76953125,0.44335938,0.45898438,0.33398438,0.3515625,0.01324463,0.16992188,0.33984375,0.16015625,0.0378418,Cytoplasm,Cytoplasm
ENSP00000417446,0.22363281,0.45703125,0.55078125,0.34375,0.10986328,0.27148438,0.11767578,0.21484375,0.23828125,0.1953125,0.13476562,Nucleus,"Cytoplasm, Nucleus"
ENSP00000413612,0.15820312,0.7421875,0.58203125,0.09130859,0.16601562,0.12988281,0.0378418,0.26953125,0.12988281,0.04956055,0.09814453,"Cytoplasm, Nucleus",Cytoplasm
ENSP00000388905,0.17285156,0.54296875,0.41601562,0.32617188,0.09667969,0.24609375,0.0324707,0.328125,0.26171875,0.3359375,0.00592041,Cytoplasm,Nucleus
ENSP00000379376,0.21582031,0.56640625,0.3203125,0.1640625,0.07373047,0.35742188,0.00254822,0.31054688,0.22167969,0.17285156,0.05273438,Cytoplasm,Nucleus
ENSP00000507709,0.41796875,0.4453125,0.58984375,0.15820312,0.18554688,0.44921875,0.05102539,0.38085938,0.23242188,0.3984375,0.0255127,Nucleus,Endoplasmic reticulum
ENSP00000498726,0.16699219,0.48632812,0.58203125,0.47265625,0.08886719,0.1953125,0.01324463,0.11425781,0.17578125,0.13671875,0.11914062,"Cytoplasm, Nucleus",Nucleus
ENSP00000498247,0.19238281,0.6484375,0.59375,0.48046875,0.1796875,0.33007812,0.00506592,0.21875,0.265625,0.24902344,0.08886719,"Cytoplasm, Nucleus","Cytoplasm, Nucleus"
ENSP00000456297,0.32226562,0.15820312,0.10253906,0.88671875,0.2890625,0.15917969,0.00939941,0.35546875,0.48828125,0.3671875,0.02478027,Extracellular,Cell membrane
ENSP00000455781,0.33789062,0.51171875,0.5703125,0.48828125,0.18164062,0.328125,0.01544189,0.22167969,0.17285156,0.23339844,0.06445312,"Cytoplasm, Nucleus",Cell membrane
ENSP00000442380,0.24804688,0.44335938,0.45507812,0.20214844,0.10253906,0.44921875,0.01452637,0.2109375,0.25585938,0.16601562,0.16601562,None,Mitochondrion
ENSP00000430106,0.53125,0.51171875,0.51171875,0.01324463,0.16308594,0.453125,0.00405884,0.37109375,0.25390625,0.20214844,0.00360107,"Membrane, Cytoplasm",Nucleus
ENSP00000429437,0.19824219,0.59765625,0.37109375,0.53125,0.10693359,0.2890625,0.00689697,0.19824219,0.18261719,0.32421875,0.04272461,Cytoplasm,"Cytoplasm, Cell membrane"
ENSP00000418100,0.24121094,0.51171875,0.609375,0.05273438,0.11914062,0.24804688,0.00271606,0.12158203,0.3515625,0.1953125,0.1640625,"Cytoplasm, Nucleus",Nucleus
ENSP00000408607,0.14453125,0.6484375,0.515625,0.13867188,0.16699219,0.19726562,0.01831055,0.1328125,0.0480957,0.40039062,0.00735474,Cytoplasm,Nucleus
ENSP00000404233,0.17480469,0.5859375,0.6015625,0.40625,0.12402344,0.24121094,0.01000977,0.1328125,0.1796875,0.28515625,0.15234375,"Cytoplasm, Nucleus",Nucleus
ENSP00000398314,0.15527344,0.61328125,0.64453125,0.43554688,0.11767578,0.36914062,0.02929688,0.15820312,0.11572266,0.28125,0.0071106,"Cytoplasm, Nucleus",Nucleus
ENSP00000507486,0.45507812,0.2734375,0.23242188,0.08642578,0.08496094,0.76171875,0.00506592,0.21289062,0.09960938,0.16699219,0.04956055,"Membrane, Mitochondrion",Mitochondrion
ENSP00000491361,0.1875,0.55078125,0.44140625,0.50390625,0.05493164,0.39257812,0.00421143,0.16796875,0.26367188,0.43554688,0.0534668,Cytoplasm,"Nucleus, Golgi apparatus"
ENSP00000490465,0.11914062,0.59765625,0.55078125,0.07714844,0.05102539,0.2734375,0.00421143,0.24511719,0.2265625,0.31640625,0.02929688,"Cytoplasm, Nucleus",Mitochondrion
ENSP00000485945,0.12255859,0.4765625,0.52734375,0.65234375,0.0402832,0.12792969,0.00650024,0.11572266,0.34179688,0.41796875,0.07373047,"Cytoplasm, Extracellular",Nucleus
ENSP00000457404,0.29492188,0.50390625,0.5078125,0.390625,0.16601562,0.19726562,0.00915527,0.22851562,0.33789062,0.17675781,0.06298828,Cytoplasm,Cell membrane
ENSP00000456087,0.15820312,0.6484375,0.515625,0.08886719,0.10693359,0.47460938,0.01245117,0.19238281,0.2265625,0.13964844,0.03686523,Cytoplasm,Nucleus
ENSP00000443642,0.11279297,0.65234375,0.71484375,0.10986328,0.10986328,0.14648438,0.00254822,0.14453125,0.14453125,0.11279297,0.09130859,"Cytoplasm, Nucleus",Nucleus
ENSP00000435967,0.23828125,0.640625,0.36914062,0.63671875,0.203125,0.24511719,0.00970459,0.15527344,0.12402344,0.17773438,0.03515625,Cytoplasm,Mitochondrion
ENSP00000435145,0.25976562,0.5390625,0.45507812,0.49414062,0.15136719,0.32421875,0.00491333,0.22851562,0.28320312,0.25,0.20898438,Cytoplasm,Cell membrane
ENSP00000420538,0.30273438,0.19042969,0.21582031,0.03686523,0.10839844,0.9453125,0.08642578,0.05737305,0.07373047,0.04614258,0.08398438,Mitochondrion,Mitochondrion
ENSP00000377950,0.23339844,0.63671875,0.38085938,0.17285156,0.16894531,0.11767578,0.00939941,0.3125,0.18554688,0.24121094,0.06103516,Cytoplasm,Cell membrane
ENSP00000243040,0.18847656,0.67578125,0.27929688,0.11132812,0.15527344,0.19335938,0.01031494,0.11132812,0.36132812,0.13964844,0.0055542,Cytoplasm,Cytoplasm
ENSP00000502792,0.25585938,0.34179688,0.65234375,0.65234375,0.04150391,0.33984375,0.01635742,0.14160156,0.06103516,0.21484375,0.03027344,"Nucleus, Extracellular","Cytoplasm, Nucleus, Cell membrane"
ENSP00000451085,0.42773438,0.50390625,0.37695312,0.26367188,0.31445312,0.23046875,0.00297546,0.15527344,0.52734375,0.51171875,0.01635742,Cytoplasm,"Cytoplasm, Nucleus, Cell membrane"
ENSP00000435374,0.18457031,0.61328125,0.55859375,0.5546875,0.14257812,0.2890625,0.03686523,0.15136719,0.30664062,0.33984375,0.0255127,"Cytoplasm, Nucleus",Mitochondrion
ENSP00000429629,0.2578125,0.37695312,0.6875,0.30664062,0.09814453,0.43554688,0.00592041,0.10351562,0.07275391,0.09521484,0.703125,Nucleus,Nucleus
ENSP00000401344,0.05273438,0.47265625,0.90625,0.10351562,0.0402832,0.05419922,0.00064468,0.09960938,0.05664062,0.04394531,0.01324463,"Cytoplasm, Nucleus",Nucleus
ENSP00000490955,0.19824219,0.5703125,0.54296875,0.32421875,0.14550781,0.3125,0.01361084,0.20019531,0.23925781,0.30078125,0.02124023,"Cytoplasm, Nucleus",Cytoplasm
ENSP00000474497,0.296875,0.52734375,0.5859375,0.27539062,0.21191406,0.31445312,0.03686523,0.24511719,0.26953125,0.23828125,0.07910156,"Cytoplasm, Nucleus",Nucleus
ENSP00000454419,0.10839844,0.60546875,0.70703125,0.08740234,0.10253906,0.19726562,0.00271606,0.0559082,0.18359375,0.10498047,0.12011719,"Cytoplasm, Nucleus",Cell membrane
ENSP00000414865,0.20898438,0.60546875,0.5390625,0.45117188,0.11425781,0.26953125,0.02294922,0.14257812,0.15917969,0.16113281,0.12255859,"Cytoplasm, Nucleus",Cytoplasm
ENSP00000399816,0.17578125,0.5234375,0.6640625,0.3203125,0.07470703,0.37890625,0.01245117,0.35742188,0.45117188,0.34960938,0.03320312,"Cytoplasm, Nucleus",Cell membrane
ENSP00000376971,0.17285156,0.625,0.61328125,0.77734375,0.19726562,0.21582031,0.00830078,0.1796875,0.07714844,0.29101562,0.10986328,"Cytoplasm, Nucleus, Extracellular",Nucleus
ENSP00000361978,0.15820312,0.59375,0.53515625,0.26367188,0.10986328,0.203125,0.00756836,0.15234375,0.25585938,0.16992188,0.10839844,"Cytoplasm, Nucleus","Cytoplasm, Nucleus"
ENSP00000501354,0.3203125,0.53125,0.51171875,0.32226562,0.13085938,0.45703125,0.01245117,0.25585938,0.1953125,0.2734375,0.15234375,Cytoplasm,"Cytoplasm, Nucleus"
ENSP00000466525,0.19726562,0.49414062,0.3203125,0.4453125,0.08251953,0.31054688,0.03027344,0.3203125,0.38867188,0.14941406,0.10498047,Cytoplasm,Cytoplasm
ENSP00000451953,0.10986328,0.734375,0.20800781,0.48046875,0.125,0.34375,0.06176758,0.13085938,0.19726562,0.19042969,0.08642578,Cytoplasm,Cytoplasm
ENSP00000439003,0.21777344,0.578125,0.5703125,0.37109375,0.11279297,0.29296875,0.02294922,0.27539062,0.23925781,0.31835938,0.12988281,"Cytoplasm, Nucleus",Cytoplasm
ENSP00000430847,0.2421875,0.4609375,0.58203125,0.31445312,0.10839844,0.3359375,0.04663086,0.1953125,0.15039062,0.18164062,0.171875,Nucleus,Mitochondrion
ENSP00000413898,0.10107422,0.5859375,0.546875,0.34375,0.06835938,0.15332031,0.01696777,0.17089844,0.21191406,0.17773438,0.06005859,"Cytoplasm, Nucleus",Nucleus
ENSP00000408797,0.10839844,0.51171875,0.51953125,0.5625,0.07714844,0.26367188,0.0078125,0.03173828,0.08251953,0.07910156,0.00405884,Cytoplasm,Cytoplasm
ENSP00000401510,0.26953125,0.62890625,0.3671875,0.12353516,0.22265625,0.07568359,0.00445557,0.47265625,0.10693359,0.20898438,0.02478027,Cytoplasm,Cell membrane
ENSP00000263255,0.80859375,0.12988281,0.06005859,0.0267334,0.1875,0.953125,0.29101562,0.13476562,0.17675781,0.0480957,0.66015625,"Membrane, Mitochondrion",Peroxisome
ENSP00000501787,0.29882812,0.49414062,0.56640625,0.296875,0.15820312,0.390625,0.02978516,0.28125,0.25976562,0.35351562,0.19335938,"Cytoplasm, Nucleus",Nucleus
ENSP00000459305,0.20898438,0.61328125,0.36914062,0.5703125,0.16699219,0.12353516,0.01135254,0.16113281,0.20800781,0.22167969,0.06176758,Cytoplasm,Endoplasmic reticulum
ENSP00000452748,0.22167969,0.6484375,0.46484375,0.296875,0.09277344,0.32617188,0.00382996,0.20019531,0.10498047,0.16308594,0.08740234,Cytoplasm,Mitochondrion
ENSP00000452121,0.31445312,0.44921875,0.62890625,0.26367188,0.12597656,0.48632812,0.02978516,0.20605469,0.328125,0.34375,0.13085938,Nucleus,Cytoplasm
ENSP00000433930,0.23339844,0.56640625,0.5078125,0.49414062,0.20800781,0.20214844,0.05737305,0.18457031,0.34375,0.3359375,0.12988281,Cytoplasm,"Cytoplasm, Nucleus"
ENSP00000425028,0.15527344,0.61328125,0.43359375,0.68359375,0.10498047,0.21972656,0.01635742,0.17773438,0.2578125,0.2734375,0.46289062,"Cytoplasm, Extracellular",Nucleus
ENSP00000417527,0.11767578,0.66796875,0.49609375,0.28125,0.08154297,0.21972656,0.0057373,0.18554688,0.11572266,0.12353516,0.01403809,Cytoplasm,Golgi apparatus
ENSP00000412744,0.26757812,0.42382812,0.609375,0.27539062,0.16601562,0.35351562,0.01745605,0.265625,0.23632812,0.18359375,0.12597656,Nucleus,Nucleus
ENSP00000463481,0.21582031,0.515625,0.49023438,0.46679688,0.08154297,0.23535156,0.01544189,0.23046875,0.23339844,0.25585938,0.06835938,Cytoplasm,Mitochondrion
ENSP00000453486,0.14746094,0.6171875,0.73828125,0.02441406,0.16308594,0.21972656,0.00204468,0.10107422,0.25585938,0.10351562,0.06738281,"Cytoplasm, Nucleus",Nucleus
ENSP00000447739,0.22363281,0.6015625,0.58203125,0.2734375,0.13574219,0.43164062,0.01202393,0.13671875,0.33203125,0.24902344,0.04150391,"Cytoplasm, Nucleus",Nucleus
ENSP00000425452,0.19726562,0.54296875,0.65625,0.52734375,0.13964844,0.23046875,0.05664062,0.14160156,0.12597656,0.31835938,0.01696777,"Cytoplasm, Nucleus",Mitochondrion
ENSP00000413636,0.21289062,0.51953125,0.59375,0.40234375,0.14746094,0.171875,0.04077148,0.18457031,0.27734375,0.24511719,0.078125,"Cytoplasm, Nucleus",Nucleus
ENSP00000499306,0.20703125,0.47070312,0.53515625,0.27539062,0.11132812,0.34960938,0.04736328,0.15722656,0.26953125,0.21777344,0.0267334,"Cytoplasm, Nucleus",Nucleus
ENSP00000469593,0.15429688,0.69921875,0.41210938,0.34765625,0.24121094,0.15429688,0.01495361,0.19042969,0.17285156,0.17871094,0.02722168,Cytoplasm,Endoplasmic reticulum
ENSP00000463843,0.18457031,0.625,0.53515625,0.5078125,0.14160156,0.25,0.02331543,0.20800781,0.16601562,0.3203125,0.01696777,"Cytoplasm, Nucleus","Cytoplasm, Nucleus"
ENSP00000463823,0.11425781,0.58203125,0.38671875,0.6015625,0.07275391,0.20410156,0.04663086,0.22167969,0.4140625,0.34375,0.05834961,Cytoplasm,"Cytoplasm, Nucleus"
ENSP00000423844,0.25585938,0.52734375,0.49609375,0.54296875,0.1875,0.21777344,0.02331543,0.21484375,0.3046875,0.27148438,0.11572266,Cytoplasm,Cell membrane
ENSP00000411573,0.19921875,0.32421875,0.59375,0.28515625,0.04199219,0.18457031,0.00317383,0.25976562,0.29296875,0.140625,0.19921875,Nucleus,Nucleus
ENSP00000394401,0.22949219,0.421875,0.45898438,0.03564453,0.16113281,0.43359375,0.01794434,0.15039062,0.07714844,0.05932617,0.00308228,None,Nucleus
ENSP00000503895,0.18847656,0.578125,0.54296875,0.45703125,0.10253906,0.23828125,0.01403809,0.15332031,0.1953125,0.18554688,0.0534668,"Cytoplasm, Nucleus","Cytoplasm, Nucleus"
ENSP00000501638,0.13378906,0.3671875,0.4296875,0.42773438,0.0480957,0.21972656,0.00830078,0.17285156,0.0480957,0.18261719,0.00970459,None,Cytoplasm
ENSP00000498870,0.16015625,0.69921875,0.23925781,0.14746094,0.15820312,0.37109375,0.01544189,0.18847656,0.10693359,0.34765625,0.00805664,Cytoplasm,Cytoplasm
ENSP00000472504,0.15136719,0.5703125,0.6640625,0.29101562,0.09667969,0.24121094,0.00628662,0.18457031,0.21289062,0.1796875,0.19335938,"Cytoplasm, Nucleus",Endoplasmic reticulum
ENSP00000435644,0.27929688,0.53515625,0.40429688,0.39453125,0.04956055,0.31640625,0.00106812,0.12597656,0.35351562,0.34765625,0.0279541,Cytoplasm,"Cytoplasm, Nucleus, Cell membrane"
ENSP00000412823,0.16210938,0.609375,0.52734375,0.40625,0.07568359,0.26953125,0.02233887,0.18554688,0.1484375,0.23242188,0.04467773,Cytoplasm,Cytoplasm
ENSP00000412769,0.12890625,0.6875,0.53515625,0.19921875,0.09277344,0.08642578,0.00337219,0.1875,0.21191406,0.2734375,0.05029297,"Cytoplasm, Nucleus","Cytoplasm, Nucleus"
ENSP00000397589,0.33007812,0.44140625,0.46875,0.02233887,0.08154297,0.44335938,0.00506592,0.43359375,0.39648438,0.44335938,0.01696777,None,Cytoplasm
ENSP00000389322,0.17871094,0.53515625,0.73046875,0.40625,0.10498047,0.25195312,0.01098633,0.14453125,0.13769531,0.29492188,0.01544189,"Cytoplasm, Nucleus",Cytoplasm
ENSP00000493561,0.18359375,0.54296875,0.6953125,0.53125,0.09521484,0.14746094,0.00537109,0.18261719,0.16992188,0.2578125,0.04663086,"Cytoplasm, Nucleus",Nucleus
ENSP00000450676,0.15625,0.58203125,0.58984375,0.59765625,0.12890625,0.38671875,0.02368164,0.09814453,0.12158203,0.10253906,0.48632812,"Cytoplasm, Nucleus",Cytoplasm
ENSP00000449513,0.11572266,0.66015625,0.51953125,0.38671875,0.05834961,0.12158203,0.09521484,0.1875,0.24902344,0.29882812,0.14355469,Cytoplasm,Nucleus
ENSP00000425147,0.49804688,0.41992188,0.31835938,0.15625,0.23339844,0.42773438,0.02636719,0.50390625,0.49023438,0.51953125,0.12255859,Membrane,Nucleus
ENSP00000410149,0.2109375,0.51171875,0.61328125,0.42382812,0.19335938,0.44335938,0.00460815,0.23535156,0.29492188,0.34960938,0.28320312,"Cytoplasm, Nucleus",Cytoplasm
ENSP00000407378,0.20605469,0.55859375,0.58984375,0.51953125,0.14746094,0.21484375,0.02258301,0.19824219,0.14355469,0.24121094,0.02160645,"Cytoplasm, Nucleus",Cytoplasm
ENSP00000467134,0.08056641,0.46484375,0.34570312,0.5859375,0.06835938,0.11767578,0.19335938,0.13183594,0.16894531,0.15820312,0.06176758,None,Nucleus
ENSP00000466874,0.1796875,0.5859375,0.3828125,0.1484375,0.17285156,0.11767578,0.01879883,0.09130859,0.47265625,0.10986328,0.00075531,Cytoplasm,Nucleus
ENSP00000462170,0.20703125,0.44140625,0.4609375,0.23925781,0.08398438,0.32421875,0.05273438,0.29101562,0.28710938,0.31835938,0.0534668,None,Nucleus
ENSP00000431085,0.58203125,0.6015625,0.30078125,0.14941406,0.72265625,0.30078125,0.01281738,0.28710938,0.16699219,0.17285156,0.08642578,"Membrane, Cytoplasm, Cell membrane","Cytoplasm, Cell membrane"
ENSP00000419183,0.18847656,0.609375,0.359375,0.26367188,0.16699219,0.2734375,0.05493164,0.31640625,0.32617188,0.4140625,0.00860596,Cytoplasm,Nucleus
ENSP00000506523,0.3046875,0.5390625,0.48632812,0.41796875,0.25585938,0.16796875,0.01031494,0.20410156,0.24511719,0.27734375,0.01361084,Cytoplasm,"Cytoplasm, Nucleus"
ENSP00000504510,0.20800781,0.62890625,0.35546875,0.34179688,0.10986328,0.27734375,0.01403809,0.2734375,0.09667969,0.3125,0.04541016,Cytoplasm,Nucleus
ENSP00000498371,0.09814453,0.703125,0.33203125,0.24609375,0.16308594,0.36914062,0.02893066,0.12158203,0.265625,0.14355469,0.01745605,Cytoplasm,Nucleus
ENSP00000485723,0.22949219,0.55078125,0.40429688,0.44335938,0.08398438,0.17285156,0.07910156,0.32421875,0.15820312,0.19335938,0.41015625,Cytoplasm,Cell membrane
ENSP00000472858,0.2265625,0.53515625,0.48828125,0.57421875,0.16113281,0.359375,0.01940918,0.17578125,0.28125,0.23925781,0.20898438,Cytoplasm,Nucleus
ENSP00000462379,0.18457031,0.5390625,0.515625,0.58203125,0.09521484,0.30664062,0.01635742,0.11914062,0.22167969,0.36132812,0.09130859,Cytoplasm,Nucleus
ENSP00000429541,0.28125,0.30859375,0.40820312,0.43945312,0.0324707,0.5546875,0.00393677,0.20410156,0.31640625,0.51953125,0.0279541,None,Nucleus
ENSP00000422056,0.22363281,0.52734375,0.48828125,0.515625,0.1328125,0.21484375,0.00915527,0.11425781,0.1875,0.24804688,0.09033203,Cytoplasm,Cytoplasm
ENSP00000416618,0.24609375,0.45703125,0.50390625,0.33398438,0.14257812,0.3515625,0.03515625,0.25,0.31445312,0.20800781,0.06103516,None,Peroxisome
ENSP00000397228,0.2578125,0.5625,0.39648438,0.30859375,0.39453125,0.21875,0.01245117,0.22558594,0.3203125,0.11279297,0.00382996,Cytoplasm,Cytoplasm
ENSP00000390470,0.09033203,0.50390625,0.7265625,0.04345703,0.05737305,0.2578125,0.00337219,0.12011719,0.18847656,0.11425781,0.03857422,"Cytoplasm, Nucleus","Cytoplasm, Nucleus"
ENSP00000498338,0.08642578,0.27148438,0.7734375,0.41992188,0.23046875,0.1328125,0.01586914,0.03466797,0.01031494,0.03320312,0.01794434,Nucleus,Nucleus
ENSP00000455684,0.32226562,0.484375,0.359375,0.48242188,0.20019531,0.21875,0.01977539,0.2890625,0.43945312,0.31835938,0.18945312,Cytoplasm,Cytoplasm
ENSP00000448987,0.15820312,0.6171875,0.609375,0.1328125,0.12011719,0.22851562,0.00491333,0.15039062,0.30859375,0.23535156,0.06542969,"Cytoplasm, Nucleus",Nucleus
ENSP00000448846,0.28125,0.48632812,0.5859375,0.28320312,0.12011719,0.40625,0.01361084,0.16894531,0.24316406,0.20019531,0.04541016,"Cytoplasm, Nucleus",Mitochondrion
ENSP00000433504,0.29296875,0.578125,0.59765625,0.27929688,0.2421875,0.34570312,0.00650024,0.23925781,0.23925781,0.29296875,0.03857422,"Cytoplasm, Nucleus",Cytoplasm
ENSP00000424059,0.20898438,0.76953125,0.3203125,0.19824219,0.19238281,0.37695312,0.00128174,0.19238281,0.12255859,0.07910156,0.02722168,Cytoplasm,Nucleus
ENSP00000418507,0.16308594,0.7109375,0.5390625,0.55859375,0.13769531,0.23925781,0.0267334,0.23535156,0.42578125,0.39453125,0.05029297,"Cytoplasm, Nucleus",Nucleus
ENSP00000504330,0.1796875,0.59375,0.49804688,0.6328125,0.15820312,0.21289062,0.02124023,0.09423828,0.18261719,0.24609375,0.05932617,Cytoplasm,"Cytoplasm, Nucleus"
ENSP00000453067,0.2421875,0.375,0.53125,0.29101562,0.09521484,0.28320312,0.05029297,0.2890625,0.35351562,0.1484375,0.11425781,Nucleus,"Cytoplasm, Endoplasmic reticulum"
ENSP00000420535,0.70703125,0.21582031,0.24804688,0.11572266,0.16113281,0.31640625,0.00136566,0.67578125,0.18554688,0.30664062,0.00939941,"Membrane, Endoplasmic reticulum",Golgi apparatus
ENSP00000508281,0.23046875,0.53515625,0.45703125,0.36523438,0.12597656,0.3671875,0.00668335,0.28125,0.36132812,0.25585938,0.03857422,Cytoplasm,Cytoplasm
ENSP00000498123,0.2734375,0.50390625,0.5703125,0.2890625,0.14453125,0.52734375,0.04394531,0.23828125,0.3671875,0.30664062,0.01794434,"Cytoplasm, Nucleus",Endoplasmic reticulum
ENSP00000483687,0.26757812,0.40820312,0.5,0.25390625,0.09521484,0.375,0.01202393,0.41210938,0.44335938,0.25976562,0.2265625,None,Nucleus
ENSP00000460001,0.16796875,0.5703125,0.4609375,0.21875,0.12402344,0.32226562,0.02197266,0.16308594,0.12158203,0.16113281,0.00445557,Cytoplasm,"Cytoplasm, Nucleus"
ENSP00000440988,0.11279297,0.49609375,0.58203125,0.07275391,0.2109375,0.09033203,0.00445557,0.22851562,0.01495361,0.01940918,0.00204468,"Cytoplasm, Nucleus",Nucleus
ENSP00000393690,0.28125,0.50390625,0.578125,0.29492188,0.14550781,0.41015625,0.01281738,0.22558594,0.29492188,0.38671875,0.09130859,"Cytoplasm, Nucleus",Cytoplasm
ENSP00000464501,0.15917969,0.609375,0.671875,0.3515625,0.13574219,0.24511719,0.00592041,0.17773438,0.21191406,0.1953125,0.10107422,"Cytoplasm, Nucleus",Nucleus
ENSP00000463107,0.12890625,0.59765625,0.5234375,0.18945312,0.06103516,0.26757812,0.01165771,0.25,0.17480469,0.28710938,0.03735352,Cytoplasm,"Cytoplasm, Cell membrane"
ENSP00000462500,0.21777344,0.5390625,0.421875,0.29492188,0.16796875,0.27734375,0.03564453,0.23046875,0.45507812,0.23632812,0.06347656,Cytoplasm,"Mitochondrion, Endoplasmic reticulum"
ENSP00000456341,0.2734375,0.515625,0.59765625,0.328125,0.15234375,0.40429688,0.00970459,0.23242188,0.36523438,0.29492188,0.07470703,"Cytoplasm, Nucleus",Cell membrane
ENSP00000451809,0.16796875,0.56640625,0.56640625,0.421875,0.12988281,0.1796875,0.01940918,0.1875,0.21777344,0.27148438,0.01495361,"Cytoplasm, Nucleus",Mitochondrion
ENSP00000430614,0.17089844,0.66015625,0.58984375,0.58203125,0.140625,0.11425781,0.00915527,0.06347656,0.19824219,0.13183594,0.12158203,"Cytoplasm, Nucleus",Golgi apparatus
ENSP00000390830,0.62890625,0.3125,0.26757812,0.07373047,0.23046875,0.51953125,0.02233887,0.71484375,0.5078125,0.36914062,0.08056641,"Membrane, Endoplasmic reticulum",Nucleus
ENSP00000499303,0.18847656,0.6015625,0.5234375,0.28125,0.11279297,0.35742188,0.00830078,0.17871094,0.3125,0.26171875,0.0378418,Cytoplasm,Nucleus
ENSP00000473541,0.1953125,0.50390625,0.5,0.48046875,0.12792969,0.3515625,0.06103516,0.23046875,0.17285156,0.29101562,0.00970459,Cytoplasm,"Cytoplasm, Nucleus"
ENSP00000424124,0.19921875,0.6171875,0.5859375,0.34179688,0.10693359,0.31054688,0.00360107,0.20605469,0.22558594,0.30078125,0.10351562,"Cytoplasm, Nucleus",Nucleus
ENSP00000413962,0.27148438,0.45703125,0.28710938,0.33203125,0.12255859,0.44140625,0.00164795,0.4296875,0.171875,0.29492188,0.07568359,None,Cytoplasm
ENSP00000397787,0.21875,0.56640625,0.51953125,0.34960938,0.10839844,0.34960938,0.02233887,0.23828125,0.15332031,0.13964844,0.03417969,Cytoplasm,Nucleus
ENSP00000494068,0.19921875,0.5078125,0.69140625,0.43945312,0.12695312,0.26367188,0.05102539,0.15332031,0.2109375,0.29882812,0.00476074,"Cytoplasm, Nucleus",Endoplasmic reticulum
ENSP00000475294,0.24609375,0.50390625,0.6796875,0.24804688,0.14160156,0.32421875,0.01068115,0.20214844,0.2890625,0.4140625,0.05664062,"Cytoplasm, Nucleus",Cytoplasm
ENSP00000393507,0.18847656,0.68359375,0.41992188,0.10693359,0.15527344,0.48046875,0.03173828,0.1328125,0.27734375,0.12109375,0.0088501,Cytoplasm,Cytoplasm
ENSP00000243893,0.20019531,0.5546875,0.55078125,0.33203125,0.14355469,0.29492188,0.01324463,0.18164062,0.24121094,0.22949219,0.07910156,"Cytoplasm, Nucleus","Cytoplasm, Cell membrane"
ENSP00000467641,0.25585938,0.5234375,0.5390625,0.23535156,0.10986328,0.28515625,0.01745605,0.22265625,0.35351562,0.3125,0.08740234,"Cytoplasm, Nucleus",Cell membrane
ENSP00000449571,0.24804688,0.53515625,0.45117188,0.45507812,0.20019531,0.40039062,0.00735474,0.20800781,0.28710938,0.17773438,0.04345703,Cytoplasm,Mitochondrion
ENSP00000448045,0.12988281,0.6484375,0.45898438,0.7578125,0.08056641,0.09423828,0.02758789,0.140625,0.10351562,0.37890625,0.10498047,"Cytoplasm, Extracellular",Cytoplasm
ENSP00000421174,0.14355469,0.38867188,0.42578125,0.91015625,0.09033203,0.49609375,0.00970459,0.20800781,0.12109375,0.27734375,0.06933594,Extracellular,Cell membrane
ENSP00000410044,0.28125,0.5703125,0.55859375,0.23632812,0.11279297,0.46679688,0.01745605,0.34570312,0.4296875,0.359375,0.05029297,"Cytoplasm, Nucleus",Nucleus
ENSP00000407096,0.33203125,0.41992188,0.52734375,0.17089844,0.07910156,0.5546875,0.10839844,0.39648438,0.21289062,0.16894531,0.18945312,None,Peroxisome
ENSP00000495519,0.2421875,0.58203125,0.609375,0.26953125,0.12402344,0.2578125,0.02478027,0.22949219,0.15625,0.16992188,0.01879883,"Cytoplasm, Nucleus",Nucleus
ENSP00000465164,0.08496094,0.5546875,0.5,0.62890625,0.08642578,0.04467773,0.01745605,0.0480957,0.07470703,0.11767578,0.00650024,Cytoplasm,"Cytoplasm, Nucleus"
ENSP00000428255,0.12158203,0.66796875,0.4765625,0.15039062,0.10498047,0.20605469,0.00650024,0.18554688,0.13085938,0.1328125,0.00756836,Cytoplasm,Cytoplasm
ENSP00000423072,0.34765625,0.55078125,0.30664062,0.1640625,0.23046875,0.31835938,0.04345703,0.26757812,0.33398438,0.4296875,0.10107422,Cytoplasm,"Cytoplasm, Mitochondrion"
ENSP00000506493,0.23242188,0.46875,0.49023438,0.19433594,0.09814453,0.15234375,0.00970459,0.13574219,0.40234375,0.21484375,0.07910156,None,"Cytoplasm, Cell membrane"
ENSP00000504071,0.26171875,0.4765625,0.46679688,0.21484375,0.10693359,0.6953125,0.02600098,0.296875,0.27929688,0.3046875,0.03857422,"Cytoplasm, Mitochondrion",Mitochondrion
ENSP00000501857,0.1953125,0.56640625,0.56640625,0.46289062,0.14453125,0.3984375,0.00756836,0.18554688,0.18457031,0.29492188,0.19042969,"Cytoplasm, Nucleus",Nucleus
ENSP00000492676,0.21582031,0.53515625,0.609375,0.49414062,0.12158203,0.25195312,0.01916504,0.13574219,0.14746094,0.21875,0.06445312,"Cytoplasm, Nucleus","Cytoplasm, Nucleus"
ENSP00000466919,0.2578125,0.54296875,0.64453125,0.33203125,0.17089844,0.33007812,0.03466797,0.17480469,0.11132812,0.16601562,0.01403809,"Cytoplasm, Nucleus",Cytoplasm
ENSP00000456655,0.1796875,0.6328125,0.6328125,0.12353516,0.12792969,0.40429688,0.01098633,0.1640625,0.08642578,0.2109375,0.06347656,"Cytoplasm, Nucleus",Nucleus
ENSP00000452300,0.16113281,0.6796875,0.37304688,0.140625,0.10986328,0.19335938,0.01879883,0.23828125,0.15722656,0.37890625,0.01245117,Cytoplasm,Cell membrane
ENSP00000450780,0.11572266,0.59765625,0.359375,0.18261719,0.08398438,0.06542969,0.00405884,0.07568359,0.06738281,0.16308594,0.01202393,Cytoplasm,Nucleus
ENSP00000418252,0.25585938,0.5859375,0.49414062,0.43359375,0.10107422,0.24316406,0.01202393,0.15039062,0.12988281,0.20410156,0.02331543,Cytoplasm,"Cytoplasm, Cell membrane"
ENSP00000467710,0.16210938,0.609375,0.41601562,0.17773438,0.15820312,0.34179688,0.00317383,0.16601562,0.265625,0.2578125,0.01098633,Cytoplasm,"Cytoplasm, Cell membrane"
ENSP00000453480,0.23339844,0.59375,0.22949219,0.55078125,0.10839844,0.3984375,0.01165771,0.3203125,0.08740234,0.48828125,0.01281738,Cytoplasm,Mitochondrion
ENSP00000452500,0.21484375,0.6015625,0.50390625,0.35351562,0.12890625,0.23925781,0.01135254,0.16308594,0.29101562,0.34179688,0.06347656,Cytoplasm,Nucleus
ENSP00000435220,0.22167969,0.6171875,0.61328125,0.51171875,0.16601562,0.171875,0.01098633,0.13183594,0.18457031,0.26171875,0.01135254,"Cytoplasm, Nucleus",Cytoplasm
ENSP00000392049,0.16113281,0.53515625,0.5,0.38085938,0.09033203,0.2578125,0.02197266,0.1875,0.27148438,0.24121094,0.01135254,Cytoplasm,Cytoplasm
ENSP00000387481,0.22363281,0.47851562,0.46875,0.28125,0.11132812,0.328125,0.03173828,0.21289062,0.21972656,0.26367188,0.05175781,Cytoplasm,Nucleus
ENSP00000476460,0.16210938,0.6171875,0.47070312,0.515625,0.07714844,0.21484375,0.00521851,0.12988281,0.17675781,0.12402344,0.05493164,Cytoplasm,Cell membrane
ENSP00000452200,0.10839844,0.578125,0.25390625,0.9140625,0.05273438,0.0324707,0.13378906,0.09960938,0.08154297,0.27148438,0.02929688,"Cytoplasm, Extracellular",Nucleus
ENSP00000428531,0.30859375,0.4765625,0.52734375,0.29101562,0.15234375,0.31445312,0.0078125,0.26757812,0.21777344,0.24316406,0.11767578,Cytoplasm,Cytoplasm
ENSP00000408802,0.34765625,0.5078125,0.65625,0.21582031,0.20703125,0.4921875,0.0324707,0.26953125,0.15136719,0.12988281,0.10107422,"Cytoplasm, Nucleus",Cytoplasm
ENSP00000469760,0.19433594,0.5546875,0.5703125,0.23339844,0.08886719,0.29101562,0.02294922,0.27929688,0.33984375,0.25976562,0.09814453,"Cytoplasm, Nucleus","Cytoplasm, Nucleus"
ENSP00000466684,0.24804688,0.546875,0.51953125,0.33984375,0.125,0.32421875,0.02929688,0.27929688,0.14746094,0.26953125,0.13671875,Cytoplasm,Cytoplasm
ENSP00000464530,0.18359375,0.66796875,0.54296875,0.6015625,0.18554688,0.3359375,0.00756836,0.10693359,0.25,0.27539062,0.08056641,"Cytoplasm, Nucleus","Cytoplasm, Nucleus"
ENSP00000430805,0.31640625,0.45898438,0.5859375,0.16894531,0.140625,0.3671875,0.02722168,0.23339844,0.23046875,0.15136719,0.16601562,Nucleus,"Cytoplasm, Nucleus"
ENSP00000504163,0.22851562,0.609375,0.44140625,0.52734375,0.14941406,0.25390625,0.01831055,0.17773438,0.16796875,0.24609375,0.01586914,Cytoplasm,"Cytoplasm, Nucleus"
ENSP00000502465,0.2109375,0.5546875,0.5703125,0.5078125,0.15527344,0.38671875,0.0279541,0.12890625,0.1796875,0.26953125,0.23828125,"Cytoplasm, Nucleus",Nucleus
ENSP00000484996,0.18847656,0.59765625,0.3671875,0.51953125,0.11572266,0.25585938,0.0078125,0.24121094,0.31445312,0.34765625,0.0324707,Cytoplasm,Nucleus
ENSP00000455953,0.3125,0.45507812,0.51953125,0.26367188,0.19238281,0.21191406,0.07910156,0.18359375,0.43164062,0.26367188,0.26757812,None,Nucleus
ENSP00000448671,0.16113281,0.625,0.58984375,0.61328125,0.09814453,0.16992188,0.01403809,0.07275391,0.13769531,0.23242188,0.01165771,"Cytoplasm, Nucleus",Cell membrane
ENSP00000426535,0.11132812,0.47265625,0.3125,0.625,0.0324707,0.18554688,0.02404785,0.23828125,0.26367188,0.20703125,0.39453125,Cytoplasm,Nucleus
ENSP00000426210,0.23828125,0.52734375,0.42382812,0.22949219,0.13183594,0.5,0.02233887,0.21484375,0.3046875,0.203125,0.02929688,Cytoplasm,Cell membrane
ENSP00000402190,0.22949219,0.5703125,0.5234375,0.3203125,0.21191406,0.5390625,0.00317383,0.16699219,0.18261719,0.140625,0.02600098,Cytoplasm,Nucleus
ENSP00000395237,0.20898438,0.55859375,0.609375,0.36523438,0.08642578,0.37109375,0.00610352,0.18164062,0.22949219,0.23925781,0.07275391,"Cytoplasm, Nucleus","Cytoplasm, Nucleus"
ENSP00000388688,0.22558594,0.55078125,0.640625,0.54296875,0.15527344,0.24316406,0.03466797,0.13378906,0.08056641,0.24316406,0.0255127,"Cytoplasm, Nucleus",Cytoplasm
ENSP00000453192,0.29101562,0.5703125,0.49023438,0.49609375,0.17675781,0.34765625,0.01068115,0.19824219,0.19433594,0.23828125,0.01245117,Cytoplasm,Mitochondrion
ENSP00000475450,0.23828125,0.53515625,0.44726562,0.11279297,0.18847656,0.4609375,0.00073242,0.1875,0.07470703,0.11132812,0.05175781,Cytoplasm,Nucleus
ENSP00000466640,0.2578125,0.55078125,0.5390625,0.38476562,0.19433594,0.26367188,0.0390625,0.13183594,0.11279297,0.31640625,0.00506592,"Cytoplasm, Nucleus",Nucleus
ENSP00000459602,0.20019531,0.47265625,0.37890625,0.5859375,0.0402832,0.2578125,0.02478027,0.1953125,0.18164062,0.24121094,0.5625,Cytoplasm,Nucleus
ENSP00000349253,0.4296875,0.4921875,0.5390625,0.20898438,0.17871094,0.52734375,0.06176758,0.40039062,0.203125,0.28125,0.04150391,"Cytoplasm, Nucleus","Cytoplasm, Cell membrane"
ENSP00000490160,0.31835938,0.5,0.46679688,0.328125,0.12255859,0.51953125,0.02844238,0.38476562,0.33398438,0.41015625,0.17578125,Cytoplasm,Mitochondrion
ENSP00000437899,0.25390625,0.51953125,0.55859375,0.21191406,0.10498047,0.34765625,0.0055542,0.3046875,0.3828125,0.23632812,0.05664062,"Cytoplasm, Nucleus","Nucleus, Cell membrane"
ENSP00000415292,0.40820312,0.49414062,0.52734375,0.24511719,0.19726562,0.453125,0.01745605,0.33203125,0.22363281,0.296875,0.05493164,Cytoplasm,Golgi apparatus
ENSP00000408534,0.22363281,0.55078125,0.64453125,0.3359375,0.1484375,0.20800781,0.01135254,0.17089844,0.15429688,0.29492188,0.03613281,"Cytoplasm, Nucleus",Nucleus
ENSP00000400569,0.38476562,0.48632812,0.54296875,0.29296875,0.16992188,0.45117188,0.03613281,0.29492188,0.23925781,0.25585938,0.05932617,"Cytoplasm, Nucleus",Cytoplasm
ENSP00000430424,0.15429688,0.65234375,0.53515625,0.20703125,0.15136719,0.26367188,0.00735474,0.2109375,0.26367188,0.21972656,0.00689697,"Cytoplasm, Nucleus",Cytoplasm
ENSP00000457149,0.39257812,0.34960938,0.36914062,0.43164062,0.22558594,0.43554688,0.01977539,0.40429688,0.484375,0.40234375,0.22851562,None,Cell membrane
ENSP00000438862,0.25976562,0.61328125,0.53515625,0.32226562,0.17578125,0.26757812,0.01245117,0.13183594,0.09814453,0.15136719,0.07470703,"Cytoplasm, Nucleus",Nucleus
ENSP00000400271,0.17285156,0.5234375,0.63671875,0.14257812,0.05273438,0.43164062,0.00445557,0.17480469,0.12402344,0.27929688,0.01586914,"Cytoplasm, Nucleus",Mitochondrion
ENSP00000455184,0.34179688,0.46289062,0.43554688,0.31445312,0.1640625,0.50390625,0.01031494,0.25585938,0.19238281,0.24316406,0.24902344,None,Mitochondrion
ENSP00000504110,0.33398438,0.4609375,0.59765625,0.04882812,0.16210938,0.6171875,0.00254822,0.08886719,0.12695312,0.09033203,0.00735474,Nucleus,Cytoplasm
ENSP00000468113,0.29492188,0.47265625,0.63671875,0.23242188,0.16796875,0.35742188,0.02636719,0.16015625,0.18261719,0.26757812,0.0267334,"Cytoplasm, Nucleus","Cytoplasm, Nucleus"
ENSP00000387607,0.18359375,0.60546875,0.51953125,0.58203125,0.13378906,0.12695312,0.01831055,0.09423828,0.07373047,0.16894531,0.01544189,Cytoplasm,Nucleus
ENSP00000429046,0.15917969,0.4609375,0.48242188,0.25,0.18261719,0.3828125,0.01403809,0.17578125,0.04150391,0.04663086,0.00610352,None,Cytoplasm
ENSP00000464790,0.42578125,0.43359375,0.59375,0.09667969,0.21484375,0.515625,0.01403809,0.28125,0.24804688,0.25585938,0.02636719,Nucleus,Nucleus
ENSP00000477296,0.32226562,0.43359375,0.59375,0.2265625,0.10498047,0.38671875,0.00915527,0.29882812,0.31835938,0.24804688,0.04736328,Nucleus,"Cytoplasm, Nucleus"
