ACC,Membrane,Cytoplasm,Nucleus,Extracellular,Cell membrane,Mitochondrion,Plastid,Endoplasmic reticulum,Lysosome/Vacuole,Golgi apparatus,Peroxisome,Predictive_Entropy,Expected_Entropy,Mutual_Information,Uncertainty_Level
ENSP00000409472,"mean: 0.288794, var: 0.001559","mean: 0.428076, var: 0.004286","mean: 0.393604, var: 0.003150","mean: 0.314063, var: 0.003211","mean: 0.201343, var: 0.000288","mean: 0.290625, var: 0.006624","mean: 0.068558, var: 0.002011","mean: 0.280103, var: 0.002950","mean: 0.246338, var: 0.003203","mean: 0.322559, var: 0.001237","mean: 0.230804, var: 0.040360",3.7231639203235942,0.2915087774325573,3.431655142891037,High
ENSP00000374443,"mean: 0.320850, var: 0.000888","mean: 0.544775, var: 0.005506","mean: 0.407080, var: 0.000476","mean: 0.081070, var: 0.000828","mean: 0.251904, var: 0.002736","mean: 0.200940, var: 0.008973","mean: 0.031117, var: 0.000293","mean: 0.269409, var: 0.007932","mean: 0.301709, var: 0.006941","mean: 0.379932, var: 0.001610","mean: 0.061987, var: 0.005780",3.2978353998450434,0.21822981876251274,3.0796055810825305,High
ENSP00000352794,"mean: 0.412549, var: 0.005515","mean: 0.665527, var: 0.004760","mean: 0.318945, var: 0.003483","mean: 0.193787, var: 0.005306","mean: 0.452002, var: 0.008426","mean: 0.181750, var: 0.004364","mean: 0.033653, var: 0.000186","mean: 0.391943, var: 0.013279","mean: 0.266968, var: 0.013178","mean: 0.536377, var: 0.015068","mean: 0.068825, var: 0.001652",3.3396791086265356,0.35542955177955377,2.984249556846982,High
ENSP00000300648,"mean: 0.378809, var: 0.000852","mean: 0.533936, var: 0.018673","mean: 0.586133, var: 0.003545","mean: 0.028284, var: 0.000327","mean: 0.257178, var: 0.006963","mean: 0.437256, var: 0.001669","mean: 0.095331, var: 0.002421","mean: 0.213965, var: 0.004606","mean: 0.218750, var: 0.002757","mean: 0.276904, var: 0.006165","mean: 0.097500, var: 0.010874",3.296660752418045,0.28439486319659696,3.012265889221448,High
ENSP00000382610,"mean: 0.314160, var: 0.003619","mean: 0.617773, var: 0.003025","mean: 0.344482, var: 0.000498","mean: 0.213086, var: 0.002091","mean: 0.409961, var: 0.009977","mean: 0.228296, var: 0.001360","mean: 0.009570, var: 0.000068","mean: 0.251709, var: 0.004812","mean: 0.244727, var: 0.004241","mean: 0.376514, var: 0.005233","mean: 0.075705, var: 0.002739",3.3600006273740273,0.20267072742326314,3.157329899950764,High
ENSP00000416289,"mean: 0.249316, var: 0.002618","mean: 0.477100, var: 0.002500","mean: 0.540430, var: 0.013966","mean: 0.121143, var: 0.000578","mean: 0.182031, var: 0.002927","mean: 0.323413, var: 0.006035","mean: 0.013110, var: 0.000101","mean: 0.378540, var: 0.009058","mean: 0.245746, var: 0.012088","mean: 0.246405, var: 0.014582","mean: 0.127438, var: 0.008853",3.3399792356723137,0.3428362965280316,2.997142939144282,High
ENSP00000450998,"mean: 0.487500, var: 0.010739","mean: 0.575195, var: 0.004672","mean: 0.355469, var: 0.003485","mean: 0.268933, var: 0.009621","mean: 0.587939, var: 0.020027","mean: 0.250928, var: 0.006782","mean: 0.052870, var: 0.001135","mean: 0.339551, var: 0.003449","mean: 0.251733, var: 0.014202","mean: 0.509033, var: 0.014075","mean: 0.104456, var: 0.006039",3.4975354137158075,0.42887491897536517,3.0686604947404423,High
ENSP00000419330,"mean: 0.302441, var: 0.000500","mean: 0.551367, var: 0.004526","mean: 0.359814, var: 0.006074","mean: 0.184265, var: 0.002615","mean: 0.150891, var: 0.000432","mean: 0.384497, var: 0.007240","mean: 0.041315, var: 0.000726","mean: 0.344409, var: 0.008303","mean: 0.283643, var: 0.002792","mean: 0.616602, var: 0.003818","mean: 0.118227, var: 0.008097",3.42901136357432,0.2355004840747635,3.1935108794995566,High
ENSP00000390590,"mean: 0.303979, var: 0.015789","mean: 0.648730, var: 0.004883","mean: 0.292920, var: 0.006717","mean: 0.205481, var: 0.008305","mean: 0.392163, var: 0.019857","mean: 0.318115, var: 0.013399","mean: 0.016491, var: 0.000176","mean: 0.150073, var: 0.001701","mean: 0.135156, var: 0.001032","mean: 0.207324, var: 0.001423","mean: 0.213379, var: 0.008371",3.3376116385611896,0.3693218991507113,2.968289739410478,High
ENSP00000358106,"mean: 0.213281, var: 0.001813","mean: 0.578174, var: 0.007804","mean: 0.350146, var: 0.003000","mean: 0.163916, var: 0.014963","mean: 0.287598, var: 0.006837","mean: 0.155334, var: 0.001060","mean: 0.055862, var: 0.003468","mean: 0.308301, var: 0.018323","mean: 0.129407, var: 0.004544","mean: 0.168420, var: 0.001331","mean: 0.162137, var: 0.007435",3.3413739893817787,0.3336574761296561,3.0077165132521224,High
ENSP00000505465,"mean: 0.482715, var: 0.010881","mean: 0.422070, var: 0.003226","mean: 0.248584, var: 0.001014","mean: 0.068091, var: 0.000646","mean: 0.329004, var: 0.011287","mean: 0.412622, var: 0.010774","mean: 0.012379, var: 0.000171","mean: 0.361816, var: 0.006624","mean: 0.489502, var: 0.008976","mean: 0.278760, var: 0.022461","mean: 0.426501, var: 0.050935",3.467040998135275,0.49278108530783227,2.974259912827443,High
ENSP00000406144,"mean: 0.474854, var: 0.012179","mean: 0.425488, var: 0.004251","mean: 0.260620, var: 0.001224","mean: 0.057977, var: 0.000238","mean: 0.336597, var: 0.011292","mean: 0.406958, var: 0.010020","mean: 0.013518, var: 0.000159","mean: 0.364893, var: 0.006914","mean: 0.496045, var: 0.007808","mean: 0.280408, var: 0.022072","mean: 0.411230, var: 0.049472",3.460951857958708,0.4904188623745338,2.9705329955841746,High
ENSP00000506632,"mean: 0.605566, var: 0.002652","mean: 0.303418, var: 0.002787","mean: 0.349561, var: 0.000651","mean: 0.264941, var: 0.008370","mean: 0.239136, var: 0.001748","mean: 0.333643, var: 0.012013","mean: 0.022330, var: 0.000143","mean: 0.455322, var: 0.023777","mean: 0.484131, var: 0.028626","mean: 0.520264, var: 0.002185","mean: 0.094620, var: 0.005147",3.4506714652743935,0.37355692098024423,3.077114544294149,High
ENSP00000354874,"mean: 0.410352, var: 0.031574","mean: 0.423389, var: 0.003381","mean: 0.473584, var: 0.003249","mean: 0.249072, var: 0.009163","mean: 0.209888, var: 0.004116","mean: 0.569629, var: 0.002516","mean: 0.103357, var: 0.001660","mean: 0.486914, var: 0.035989","mean: 0.241455, var: 0.012646","mean: 0.431006, var: 0.014977","mean: 0.355127, var: 0.028182",3.7363517348603654,0.5766644695448361,3.1596872653155295,High
ENSP00000419516,"mean: 0.652832, var: 0.002176","mean: 0.210840, var: 0.000562","mean: 0.269824, var: 0.001086","mean: 0.083881, var: 0.001378","mean: 0.143201, var: 0.000766","mean: 0.495264, var: 0.003519","mean: 0.054175, var: 0.001336","mean: 0.564063, var: 0.007129","mean: 0.189404, var: 0.001129","mean: 0.413281, var: 0.004915","mean: 0.201331, var: 0.005432",3.2782142569834156,0.16562699054775998,3.1125872664356558,High
ENSP00000427820,"mean: 0.200854, var: 0.001773","mean: 0.530322, var: 0.003568","mean: 0.428906, var: 0.004346","mean: 0.276355, var: 0.012788","mean: 0.155762, var: 0.000289","mean: 0.351074, var: 0.003331","mean: 0.029559, var: 0.000345","mean: 0.188440, var: 0.002622","mean: 0.162451, var: 0.002352","mean: 0.293311, var: 0.006876","mean: 0.088477, var: 0.000703",3.3225136842657523,0.20399654300992515,3.1185171412558272,High
ENSP00000429826,"mean: 0.191821, var: 0.000491","mean: 0.588135, var: 0.008705","mean: 0.410303, var: 0.001592","mean: 0.348169, var: 0.006039","mean: 0.159912, var: 0.001691","mean: 0.321240, var: 0.003376","mean: 0.016706, var: 0.000204","mean: 0.275757, var: 0.005713","mean: 0.233765, var: 0.004371","mean: 0.331396, var: 0.001569","mean: 0.119647, var: 0.006705",3.4031148945805927,0.21483184551448695,3.1882830490661056,High
ENSP00000452984,"mean: 0.248730, var: 0.005091","mean: 0.698047, var: 0.005196","mean: 0.290576, var: 0.003912","mean: 0.125342, var: 0.001968","mean: 0.216333, var: 0.005354","mean: 0.265430, var: 0.010758","mean: 0.047021, var: 0.000755","mean: 0.279297, var: 0.016012","mean: 0.158618, var: 0.000190","mean: 0.376709, var: 0.008016","mean: 0.236053, var: 0.012441",3.4002940741447523,0.3314345642105131,3.068859509934239,High
ENSP00000318883,"mean: 0.572461, var: 0.006153","mean: 0.322510, var: 0.000663","mean: 0.197412, var: 0.000462","mean: 0.213013, var: 0.006484","mean: 0.235254, var: 0.002908","mean: 0.633496, var: 0.001828","mean: 0.040652, var: 0.000820","mean: 0.294067, var: 0.006560","mean: 0.255103, var: 0.003105","mean: 0.259668, var: 0.002673","mean: 0.582520, var: 0.013199",3.4671325549427627,0.23059181523976263,3.236540739703,High
ENSP00000413029,"mean: 0.168140, var: 0.001256","mean: 0.299365, var: 0.002763","mean: 0.202856, var: 0.002500","mean: 0.709570, var: 0.001586","mean: 0.149597, var: 0.001763","mean: 0.182019, var: 0.009613","mean: 0.186328, var: 0.008038","mean: 0.262793, var: 0.005888","mean: 0.226880, var: 0.006074","mean: 0.340479, var: 0.003237","mean: 0.222595, var: 0.003895",3.524277464854447,0.24587924089867977,3.2783982239557674,High
ENSP00000358932,"mean: 0.441748, var: 0.002405","mean: 0.413965, var: 0.001424","mean: 0.319727, var: 0.001876","mean: 0.166487, var: 0.008288","mean: 0.250928, var: 0.001418","mean: 0.497266, var: 0.025862","mean: 0.037053, var: 0.001249","mean: 0.450879, var: 0.001625","mean: 0.275610, var: 0.003155","mean: 0.286047, var: 0.008294","mean: 0.444214, var: 0.044138",3.6383475213492558,0.3936018487318171,3.2447456726174386,High
ENSP00000311486,"mean: 0.294238, var: 0.003559","mean: 0.529492, var: 0.005639","mean: 0.484180, var: 0.001437","mean: 0.184192, var: 0.006523","mean: 0.265210, var: 0.010761","mean: 0.394385, var: 0.003321","mean: 0.017724, var: 0.000330","mean: 0.254004, var: 0.005114","mean: 0.347534, var: 0.018462","mean: 0.338428, var: 0.007913","mean: 0.073576, var: 0.004636",3.4238922154140212,0.32575581427613703,3.098136401137884,High
ENSP00000489696,"mean: 0.276514, var: 0.001468","mean: 0.482031, var: 0.007323","mean: 0.468652, var: 0.006864","mean: 0.174731, var: 0.003440","mean: 0.149280, var: 0.002672","mean: 0.409253, var: 0.035196","mean: 0.115878, var: 0.007173","mean: 0.091187, var: 0.001342","mean: 0.079364, var: 0.001330","mean: 0.145270, var: 0.011328","mean: 0.283923, var: 0.017687",3.323710692933038,0.4081431515879831,2.915567541345055,High
ENSP00000477967,"mean: 0.572949, var: 0.009601","mean: 0.305908, var: 0.000625","mean: 0.234741, var: 0.000934","mean: 0.226135, var: 0.007925","mean: 0.237964, var: 0.003425","mean: 0.613086, var: 0.003890","mean: 0.041333, var: 0.001141","mean: 0.297241, var: 0.010149","mean: 0.153735, var: 0.001073","mean: 0.230908, var: 0.002388","mean: 0.579980, var: 0.019805",3.433992272900506,0.2888368359617257,3.14515543693878,High
ENSP00000307260,"mean: 0.688379, var: 0.008800","mean: 0.243921, var: 0.000048","mean: 0.256104, var: 0.002233","mean: 0.100073, var: 0.004306","mean: 0.274292, var: 0.002794","mean: 0.294263, var: 0.008501","mean: 0.043524, var: 0.000470","mean: 0.679199, var: 0.020250","mean: 0.267236, var: 0.002379","mean: 0.367822, var: 0.006006","mean: 0.134045, var: 0.002607",3.2842643384575214,0.2793476693445541,3.0049166691129674,High
ENSP00000497692,"mean: 0.298975, var: 0.001718","mean: 0.515039, var: 0.000698","mean: 0.446436, var: 0.004841","mean: 0.145837, var: 0.000283","mean: 0.200073, var: 0.001212","mean: 0.237109, var: 0.001687","mean: 0.018414, var: 0.000265","mean: 0.344873, var: 0.012839","mean: 0.356812, var: 0.013928","mean: 0.403467, var: 0.012331","mean: 0.043433, var: 0.002091",3.3175644810690916,0.2477666579889109,3.069797823080181,High
ENSP00000275072,"mean: 0.140662, var: 0.001753","mean: 0.637695, var: 0.010842","mean: 0.323779, var: 0.001169","mean: 0.441650, var: 0.003077","mean: 0.230151, var: 0.014203","mean: 0.263782, var: 0.028401","mean: 0.016769, var: 0.000248","mean: 0.256689, var: 0.004181","mean: 0.265845, var: 0.012322","mean: 0.167810, var: 0.002296","mean: 0.192316, var: 0.010312",3.3648751732867948,0.38769232595938247,2.9771828473274122,High
ENSP00000432878,"mean: 0.442529, var: 0.009039","mean: 0.633789, var: 0.002053","mean: 0.317236, var: 0.004848","mean: 0.217041, var: 0.000796","mean: 0.434131, var: 0.006027","mean: 0.471338, var: 0.003806","mean: 0.170020, var: 0.000953","mean: 0.268384, var: 0.007829","mean: 0.190454, var: 0.008782","mean: 0.546582, var: 0.005717","mean: 0.200378, var: 0.005784",3.684759611742975,0.28428554567327674,3.400474066069698,High
ENSP00000414103,"mean: 0.534131, var: 0.007282","mean: 0.517236, var: 0.003873","mean: 0.347607, var: 0.000340","mean: 0.160779, var: 0.002159","mean: 0.308154, var: 0.000350","mean: 0.382861, var: 0.005467","mean: 0.053137, var: 0.000504","mean: 0.615625, var: 0.020169","mean: 0.420605, var: 0.001196","mean: 0.665918, var: 0.001172","mean: 0.231165, var: 0.012592",3.4956408788767908,0.2581913616054907,3.2374495172713003,High
ENSP00000446242,"mean: 0.392603, var: 0.009709","mean: 0.376318, var: 0.004678","mean: 0.387744, var: 0.001159","mean: 0.269702, var: 0.004809","mean: 0.206982, var: 0.001800","mean: 0.673730, var: 0.002848","mean: 0.026996, var: 0.000726","mean: 0.309253, var: 0.003431","mean: 0.195996, var: 0.001609","mean: 0.362378, var: 0.009226","mean: 0.250208, var: 0.028676",3.5420734912602687,0.31180692013211103,3.2302665711281575,High
ENSP00000445481,"mean: 0.350244, var: 0.003937","mean: 0.529834, var: 0.003693","mean: 0.481348, var: 0.002537","mean: 0.192798, var: 0.002718","mean: 0.288379, var: 0.015506","mean: 0.365381, var: 0.002555","mean: 0.023035, var: 0.000529","mean: 0.202197, var: 0.003488","mean: 0.500708, var: 0.032657","mean: 0.423730, var: 0.008526","mean: 0.065392, var: 0.004955",3.398387741804737,0.3559670419980244,3.0424206998067125,High
ENSP00000335060,"mean: 0.273462, var: 0.002743","mean: 0.700977, var: 0.011527","mean: 0.225940, var: 0.004977","mean: 0.144647, var: 0.005826","mean: 0.231030, var: 0.002860","mean: 0.623975, var: 0.011810","mean: 0.014884, var: 0.000388","mean: 0.174280, var: 0.003817","mean: 0.287939, var: 0.011218","mean: 0.370190, var: 0.009471","mean: 0.279492, var: 0.022199",3.3019237142873417,0.39649633476169394,2.905427379525648,High
ENSP00000385529,"mean: 0.412061, var: 0.010321","mean: 0.539062, var: 0.002884","mean: 0.373633, var: 0.003823","mean: 0.035342, var: 0.000546","mean: 0.385303, var: 0.021114","mean: 0.318823, var: 0.005403","mean: 0.051466, var: 0.002184","mean: 0.101721, var: 0.001064","mean: 0.246021, var: 0.004467","mean: 0.334033, var: 0.002602","mean: 0.259619, var: 0.014267",3.3628859288172053,0.3200697007449215,3.042816228072284,High
ENSP00000413963,"mean: 0.186597, var: 0.002114","mean: 0.471436, var: 0.003937","mean: 0.517041, var: 0.003170","mean: 0.459082, var: 0.011686","mean: 0.120459, var: 0.001919","mean: 0.310815, var: 0.009215","mean: 0.070433, var: 0.002474","mean: 0.075128, var: 0.000949","mean: 0.205493, var: 0.010835","mean: 0.126208, var: 0.004084","mean: 0.497577, var: 0.097498",3.2994210475275816,0.4801655685705648,2.819255478957017,High
ENSP00000502859,"mean: 0.574072, var: 0.002900","mean: 0.346729, var: 0.002351","mean: 0.157654, var: 0.001776","mean: 0.215967, var: 0.004333","mean: 0.199121, var: 0.000622","mean: 0.545410, var: 0.003264","mean: 0.261951, var: 0.009977","mean: 0.371533, var: 0.007271","mean: 0.206689, var: 0.001807","mean: 0.229321, var: 0.000589","mean: 0.292505, var: 0.006823",3.7019943956487564,0.2208639537971735,3.481130441851583,High
ENSP00000468290,"mean: 0.312842, var: 0.010304","mean: 0.507471, var: 0.005385","mean: 0.518555, var: 0.002699","mean: 0.298779, var: 0.009390","mean: 0.180811, var: 0.001147","mean: 0.483984, var: 0.008584","mean: 0.005330, var: 0.000049","mean: 0.284180, var: 0.006527","mean: 0.208618, var: 0.001643","mean: 0.441260, var: 0.013746","mean: 0.100073, var: 0.002026",3.373469010675084,0.29902613519897586,3.074442875476108,High
ENSP00000387119,"mean: 0.207324, var: 0.001017","mean: 0.515869, var: 0.004694","mean: 0.447559, var: 0.000680","mean: 0.306323, var: 0.003761","mean: 0.226343, var: 0.001679","mean: 0.314038, var: 0.008565","mean: 0.036192, var: 0.000910","mean: 0.099683, var: 0.001467","mean: 0.282251, var: 0.005527","mean: 0.130762, var: 0.002990","mean: 0.367212, var: 0.029974",3.4308083254189983,0.2768202497654577,3.1539880756535403,High
ENSP00000496818,"mean: 0.283374, var: 0.001217","mean: 0.501465, var: 0.008238","mean: 0.335986, var: 0.001879","mean: 0.279956, var: 0.007375","mean: 0.248535, var: 0.002842","mean: 0.424438, var: 0.013856","mean: 0.197705, var: 0.002047","mean: 0.260864, var: 0.014146","mean: 0.221045, var: 0.003688","mean: 0.226831, var: 0.001894","mean: 0.206763, var: 0.014850",3.8031361518462763,0.3396244241381148,3.4635117277081617,High
ENSP00000486676,"mean: 0.595410, var: 0.014630","mean: 0.245923, var: 0.000259","mean: 0.220142, var: 0.000617","mean: 0.182007, var: 0.006580","mean: 0.176880, var: 0.000392","mean: 0.622119, var: 0.009062","mean: 0.043344, var: 0.001047","mean: 0.571436, var: 0.017906","mean: 0.226416, var: 0.002000","mean: 0.280420, var: 0.003365","mean: 0.425928, var: 0.047941",3.4108332363726017,0.40370543969272177,3.00712779667988,High
ENSP00000393970,"mean: 0.236084, var: 0.002221","mean: 0.602441, var: 0.003441","mean: 0.532715, var: 0.002845","mean: 0.213098, var: 0.005204","mean: 0.163855, var: 0.002148","mean: 0.362646, var: 0.004557","mean: 0.199585, var: 0.003926","mean: 0.314941, var: 0.001770","mean: 0.178857, var: 0.006235","mean: 0.250305, var: 0.005163","mean: 0.087550, var: 0.011379",3.528530177093839,0.25764971273552406,3.270880464358315,High
ENSP00000499274,"mean: 0.175269, var: 0.000472","mean: 0.406348, var: 0.002357","mean: 0.589063, var: 0.003488","mean: 0.281299, var: 0.011229","mean: 0.110095, var: 0.001066","mean: 0.302612, var: 0.010410","mean: 0.184290, var: 0.010865","mean: 0.301709, var: 0.004923","mean: 0.139233, var: 0.000811","mean: 0.361890, var: 0.008817","mean: 0.050719, var: 0.005671",3.4110842650712687,0.29494870940760126,3.1161355556636674,High
ENSP00000343717,"mean: 0.297070, var: 0.001697","mean: 0.509814, var: 0.006368","mean: 0.298071, var: 0.012310","mean: 0.222229, var: 0.010168","mean: 0.112976, var: 0.000489","mean: 0.556543, var: 0.011601","mean: 0.125912, var: 0.006997","mean: 0.292627, var: 0.012306","mean: 0.290405, var: 0.004976","mean: 0.372803, var: 0.001250","mean: 0.621338, var: 0.032577",3.614691856658751,0.4343687198099784,3.1803231368487728,High
ENSP00000225576,"mean: 0.617188, var: 0.006165","mean: 0.263452, var: 0.001216","mean: 0.313623, var: 0.000883","mean: 0.083557, var: 0.002619","mean: 0.184204, var: 0.000059","mean: 0.261133, var: 0.002630","mean: 0.064564, var: 0.002826","mean: 0.554541, var: 0.005841","mean: 0.287793, var: 0.005242","mean: 0.517236, var: 0.007791","mean: 0.120532, var: 0.004740",3.340925905794557,0.21486276444776403,3.126063141346793,High
ENSP00000280056,"mean: 0.297021, var: 0.001594","mean: 0.469971, var: 0.008715","mean: 0.480908, var: 0.003331","mean: 0.256592, var: 0.005595","mean: 0.110168, var: 0.000888","mean: 0.547510, var: 0.004724","mean: 0.066354, var: 0.002612","mean: 0.214343, var: 0.005078","mean: 0.120984, var: 0.002278","mean: 0.177222, var: 0.005962","mean: 0.301971, var: 0.021772",3.423245903002533,0.3012421126012239,3.122003790401309,High
ENSP00000436775,"mean: 0.214502, var: 0.000962","mean: 0.530371, var: 0.005099","mean: 0.497119, var: 0.001892","mean: 0.102563, var: 0.003680","mean: 0.205786, var: 0.002880","mean: 0.480127, var: 0.005749","mean: 0.018189, var: 0.000235","mean: 0.240601, var: 0.003857","mean: 0.233447, var: 0.002671","mean: 0.156653, var: 0.001353","mean: 0.253439, var: 0.020299",3.3187137121592496,0.2398740579864581,3.0788396541727914,High
ENSP00000407970,"mean: 0.195972, var: 0.003282","mean: 0.618555, var: 0.007416","mean: 0.299756, var: 0.002806","mean: 0.159262, var: 0.005804","mean: 0.228540, var: 0.006188","mean: 0.469141, var: 0.019526","mean: 0.022126, var: 0.000774","mean: 0.313550, var: 0.023334","mean: 0.180225, var: 0.003995","mean: 0.214111, var: 0.012616","mean: 0.629980, var: 0.028772",3.3405642623125544,0.4823916139208905,2.858172648391664,High
ENSP00000411565,"mean: 0.305908, var: 0.000950","mean: 0.416992, var: 0.010220","mean: 0.546191, var: 0.003515","mean: 0.221777, var: 0.003884","mean: 0.127466, var: 0.002049","mean: 0.495605, var: 0.003992","mean: 0.088246, var: 0.002510","mean: 0.161700, var: 0.004754","mean: 0.087946, var: 0.000963","mean: 0.170129, var: 0.004203","mean: 0.248212, var: 0.016446",3.3717471349434565,0.2673039412398023,3.1044431937036543,High
ENSP00000281703,"mean: 0.238452, var: 0.008463","mean: 0.655078, var: 0.005380","mean: 0.400439, var: 0.008780","mean: 0.335620, var: 0.015674","mean: 0.185083, var: 0.002662","mean: 0.356250, var: 0.005860","mean: 0.073428, var: 0.000816","mean: 0.231958, var: 0.003482","mean: 0.181067, var: 0.002020","mean: 0.260742, var: 0.009544","mean: 0.059758, var: 0.003894",3.390735928125336,0.32515419028824066,3.0655817378370953,High
ENSP00000476193,"mean: 0.323926, var: 0.018042","mean: 0.672461, var: 0.002725","mean: 0.164429, var: 0.000296","mean: 0.383203, var: 0.018342","mean: 0.247253, var: 0.025852","mean: 0.454883, var: 0.005387","mean: 0.099152, var: 0.006001","mean: 0.347119, var: 0.010307","mean: 0.289429, var: 0.010149","mean: 0.259668, var: 0.002854","mean: 0.110635, var: 0.011506",3.549171618012273,0.47945307023059724,3.069718547781676,High
ENSP00000378638,"mean: 0.336572, var: 0.011196","mean: 0.466260, var: 0.006147","mean: 0.431738, var: 0.001710","mean: 0.341589, var: 0.016636","mean: 0.179688, var: 0.002171","mean: 0.665918, var: 0.004264","mean: 0.027291, var: 0.000931","mean: 0.341357, var: 0.005496","mean: 0.238184, var: 0.002805","mean: 0.350854, var: 0.003041","mean: 0.277539, var: 0.009303",3.561147158179205,0.30993357678301764,3.251213581396187,High
ENSP00000364373,"mean: 0.202979, var: 0.001297","mean: 0.447607, var: 0.004269","mean: 0.419775, var: 0.004870","mean: 0.449805, var: 0.003621","mean: 0.143652, var: 0.000367","mean: 0.424902, var: 0.004123","mean: 0.172314, var: 0.002919","mean: 0.164600, var: 0.002586","mean: 0.261719, var: 0.007740","mean: 0.304395, var: 0.003247","mean: 0.164075, var: 0.011868",3.6590628684834767,0.24504840431549585,3.414014464167981,High
ENSP00000380612,"mean: 0.224658, var: 0.003376","mean: 0.646436, var: 0.014191","mean: 0.505225, var: 0.002097","mean: 0.229297, var: 0.005051","mean: 0.199426, var: 0.007323","mean: 0.410864, var: 0.023485","mean: 0.062438, var: 0.002075","mean: 0.212085, var: 0.003589","mean: 0.092401, var: 0.001295","mean: 0.240405, var: 0.003616","mean: 0.104074, var: 0.015324",3.2874170985491364,0.3693446787288707,2.9180724198202657,High
ENSP00000378580,"mean: 0.328857, var: 0.002451","mean: 0.469824, var: 0.003419","mean: 0.390625, var: 0.002191","mean: 0.412549, var: 0.003276","mean: 0.227173, var: 0.002692","mean: 0.490820, var: 0.003639","mean: 0.029572, var: 0.000398","mean: 0.326904, var: 0.000495","mean: 0.326709, var: 0.008882","mean: 0.379541, var: 0.003902","mean: 0.113574, var: 0.004836",3.588949591370917,0.1989289961393573,3.39002059523156,High
ENSP00000507949,"mean: 0.251489, var: 0.003545","mean: 0.462549, var: 0.005334","mean: 0.348706, var: 0.007058","mean: 0.404687, var: 0.001693","mean: 0.084598, var: 0.001537","mean: 0.597266, var: 0.001129","mean: 0.185217, var: 0.004089","mean: 0.166870, var: 0.003985","mean: 0.191064, var: 0.003811","mean: 0.172656, var: 0.007107","mean: 0.278552, var: 0.022056",3.5406476207156183,0.2963145224131277,3.2443330983024907,High
ENSP00000483433,"mean: 0.405566, var: 0.002142","mean: 0.381543, var: 0.008929","mean: 0.396191, var: 0.011072","mean: 0.449854, var: 0.025288","mean: 0.124884, var: 0.002097","mean: 0.343677, var: 0.009833","mean: 0.026119, var: 0.001022","mean: 0.376514, var: 0.009355","mean: 0.120929, var: 0.002201","mean: 0.286963, var: 0.011135","mean: 0.100694, var: 0.008621",3.394544501923799,0.411804664484421,2.9827398374393783,High
ENSP00000480632,"mean: 0.228882, var: 0.005317","mean: 0.349414, var: 0.006122","mean: 0.440869, var: 0.020844","mean: 0.143774, var: 0.009152","mean: 0.108929, var: 0.003056","mean: 0.359033, var: 0.021649","mean: 0.022342, var: 0.000756","mean: 0.383984, var: 0.018471","mean: 0.196289, var: 0.003993","mean: 0.242834, var: 0.044222","mean: 0.129419, var: 0.003734",3.334482969355069,0.5433549268573641,2.791128042497705,High
ENSP00000430870,"mean: 0.257690, var: 0.000256","mean: 0.499268, var: 0.002625","mean: 0.495117, var: 0.001594","mean: 0.246985, var: 0.005758","mean: 0.224829, var: 0.004041","mean: 0.382812, var: 0.012077","mean: 0.030752, var: 0.000769","mean: 0.295557, var: 0.005860","mean: 0.152808, var: 0.002464","mean: 0.246240, var: 0.005748","mean: 0.174902, var: 0.006443",3.4972069404752784,0.24587817084943045,3.251328769625848,High
ENSP00000300145,"mean: 0.260547, var: 0.001101","mean: 0.437842, var: 0.006447","mean: 0.285547, var: 0.001271","mean: 0.748437, var: 0.003201","mean: 0.161987, var: 0.001987","mean: 0.487939, var: 0.011992","mean: 0.043324, var: 0.001464","mean: 0.307910, var: 0.007361","mean: 0.212695, var: 0.005705","mean: 0.200793, var: 0.003969","mean: 0.293994, var: 0.004691",3.4419911396763196,0.25457011404207236,3.1874210256342472,High
ENSP00000259030,"mean: 0.489111, var: 0.009804","mean: 0.268359, var: 0.000397","mean: 0.383789, var: 0.000355","mean: 0.277612, var: 0.010195","mean: 0.198169, var: 0.000885","mean: 0.333008, var: 0.004943","mean: 0.018697, var: 0.000124","mean: 0.542383, var: 0.009813","mean: 0.294287, var: 0.009619","mean: 0.292676, var: 0.000668","mean: 0.118530, var: 0.002023",3.4916267327810497,0.23908599594950936,3.2525407368315404,High
ENSP00000323571,"mean: 0.396191, var: 0.007902","mean: 0.287622, var: 0.001691","mean: 0.275391, var: 0.000509","mean: 0.428955, var: 0.017659","mean: 0.141357, var: 0.001453","mean: 0.444434, var: 0.010549","mean: 0.126263, var: 0.002319","mean: 0.344360, var: 0.004267","mean: 0.147668, var: 0.001247","mean: 0.212695, var: 0.000916","mean: 0.156396, var: 0.005824",3.610662694466594,0.2637674630278886,3.3468952314387055,High
ENSP00000430946,"mean: 0.176660, var: 0.000695","mean: 0.431445, var: 0.006852","mean: 0.539941, var: 0.003310","mean: 0.252466, var: 0.007138","mean: 0.122607, var: 0.001330","mean: 0.295435, var: 0.020160","mean: 0.027986, var: 0.001153","mean: 0.232227, var: 0.002061","mean: 0.211011, var: 0.003883","mean: 0.233594, var: 0.001054","mean: 0.106540, var: 0.005653",3.3124449058025327,0.2594735611065792,3.0529713446959534,High
ENSP00000378493,"mean: 0.299097, var: 0.008276","mean: 0.461768, var: 0.001946","mean: 0.498242, var: 0.000481","mean: 0.185486, var: 0.006172","mean: 0.202368, var: 0.002789","mean: 0.522949, var: 0.009924","mean: 0.013601, var: 0.000154","mean: 0.361084, var: 0.008771","mean: 0.327222, var: 0.025154","mean: 0.338281, var: 0.004322","mean: 0.119678, var: 0.004280",3.4522924900450644,0.33148447943364634,3.120808010611418,High
ENSP00000494088,"mean: 0.421826, var: 0.008320","mean: 0.534424, var: 0.010448","mean: 0.295117, var: 0.006976","mean: 0.154700, var: 0.007721","mean: 0.262769, var: 0.005319","mean: 0.376758, var: 0.012424","mean: 0.068173, var: 0.003105","mean: 0.226538, var: 0.001966","mean: 0.331079, var: 0.022371","mean: 0.456152, var: 0.005089","mean: 0.185962, var: 0.006208",3.623096892125939,0.4156717058121654,3.207425186313774,High
ENSP00000413595,"mean: 0.296631, var: 0.005410","mean: 0.454541, var: 0.002052","mean: 0.561523, var: 0.006803","mean: 0.073343, var: 0.002478","mean: 0.171899, var: 0.000631","mean: 0.277905, var: 0.001340","mean: 0.057324, var: 0.000792","mean: 0.172876, var: 0.000907","mean: 0.283252, var: 0.005695","mean: 0.283179, var: 0.001579","mean: 0.099805, var: 0.006987",3.304991441670714,0.18957126534463822,3.115420176326076,High
ENSP00000506466,"mean: 0.299414, var: 0.002537","mean: 0.550195, var: 0.005883","mean: 0.437549, var: 0.004503","mean: 0.114954, var: 0.005782","mean: 0.226367, var: 0.002577","mean: 0.357129, var: 0.010239","mean: 0.028474, var: 0.000459","mean: 0.211377, var: 0.002851","mean: 0.157959, var: 0.000408","mean: 0.241016, var: 0.003443","mean: 0.131595, var: 0.005896",3.33530374884896,0.2349834578904426,3.1003202909585172,High
ENSP00000494393,"mean: 0.292773, var: 0.001036","mean: 0.600000, var: 0.001378","mean: 0.477344, var: 0.004383","mean: 0.337964, var: 0.009352","mean: 0.186646, var: 0.003464","mean: 0.332544, var: 0.014939","mean: 0.071848, var: 0.000644","mean: 0.271167, var: 0.009860","mean: 0.355322, var: 0.002894","mean: 0.660645, var: 0.008370","mean: 0.142044, var: 0.007389",3.5269861679818835,0.30960667989557933,3.217379488086304,High
ENSP00000446613,"mean: 0.193481, var: 0.000153","mean: 0.405762, var: 0.007599","mean: 0.392041, var: 0.004302","mean: 0.456689, var: 0.007374","mean: 0.071466, var: 0.000507","mean: 0.493848, var: 0.004179","mean: 0.283838, var: 0.006629","mean: 0.314136, var: 0.017093","mean: 0.193274, var: 0.013547","mean: 0.218286, var: 0.001613","mean: 0.315088, var: 0.022388",3.680812550211527,0.38130698228294213,3.299505567928585,High
ENSP00000416386,"mean: 0.351025, var: 0.004893","mean: 0.260107, var: 0.000544","mean: 0.191016, var: 0.002072","mean: 0.626563, var: 0.006741","mean: 0.307324, var: 0.003001","mean: 0.332129, var: 0.003148","mean: 0.038031, var: 0.000657","mean: 0.215723, var: 0.004413","mean: 0.217615, var: 0.005714","mean: 0.314209, var: 0.002573","mean: 0.078903, var: 0.002461",3.406782212206053,0.20057499713472535,3.2062072150713274,High
ENSP00000248104,"mean: 0.315894, var: 0.002827","mean: 0.607324, var: 0.003283","mean: 0.322998, var: 0.003317","mean: 0.144385, var: 0.002736","mean: 0.205566, var: 0.001687","mean: 0.246143, var: 0.006445","mean: 0.027640, var: 0.000478","mean: 0.199536, var: 0.001671","mean: 0.547314, var: 0.015562","mean: 0.519580, var: 0.006908","mean: 0.120871, var: 0.008765",3.327856225057724,0.2687481219972323,3.059108103060492,High
ENSP00000467407,"mean: 0.355078, var: 0.004697","mean: 0.433789, var: 0.005071","mean: 0.449365, var: 0.001885","mean: 0.316968, var: 0.005287","mean: 0.171265, var: 0.000647","mean: 0.570508, var: 0.004210","mean: 0.012459, var: 0.000228","mean: 0.365088, var: 0.011573","mean: 0.212927, var: 0.015258","mean: 0.455273, var: 0.006334","mean: 0.089552, var: 0.002388",3.402162698435661,0.2831139127416539,3.119048785694007,High
ENSP00000507941,"mean: 0.451709, var: 0.013505","mean: 0.527002, var: 0.001595","mean: 0.359912, var: 0.006800","mean: 0.079742, var: 0.001381","mean: 0.226221, var: 0.002088","mean: 0.610791, var: 0.009023","mean: 0.102615, var: 0.007627","mean: 0.469629, var: 0.003113","mean: 0.289062, var: 0.002292","mean: 0.432959, var: 0.002958","mean: 0.482959, var: 0.039967",3.5646352126789806,0.3817996782770402,3.1828355344019403,High
ENSP00000463053,"mean: 0.111938, var: 0.000318","mean: 0.381982, var: 0.004907","mean: 0.402295, var: 0.001733","mean: 0.375391, var: 0.007930","mean: 0.085706, var: 0.000332","mean: 0.511182, var: 0.001986","mean: 0.307324, var: 0.007666","mean: 0.105591, var: 0.001080","mean: 0.155042, var: 0.002140","mean: 0.133875, var: 0.000442","mean: 0.199646, var: 0.004329",3.3803049750587673,0.17789125916167542,3.202413715897092,High
ENSP00000339335,"mean: 0.272095, var: 0.001557","mean: 0.596729, var: 0.008048","mean: 0.370020, var: 0.001491","mean: 0.378076, var: 0.004801","mean: 0.171753, var: 0.001081","mean: 0.370215, var: 0.004165","mean: 0.014363, var: 0.000137","mean: 0.125891, var: 0.000431","mean: 0.323291, var: 0.011450","mean: 0.279858, var: 0.002173","mean: 0.072284, var: 0.004333",3.3014952430450366,0.2070636666479794,3.0944315763970573,High
ENSP00000481736,"mean: 0.223706, var: 0.002161","mean: 0.532715, var: 0.003122","mean: 0.545801, var: 0.000410","mean: 0.176416, var: 0.004036","mean: 0.167725, var: 0.002080","mean: 0.479150, var: 0.002854","mean: 0.022950, var: 0.000239","mean: 0.323633, var: 0.011112","mean: 0.314624, var: 0.018400","mean: 0.270532, var: 0.006188","mean: 0.162036, var: 0.004344",3.4231416821326235,0.26688894948458886,3.1562527326480345,High
ENSP00000455709,"mean: 0.232153, var: 0.001098","mean: 0.636426, var: 0.003253","mean: 0.398926, var: 0.002182","mean: 0.207605, var: 0.003848","mean: 0.177100, var: 0.000662","mean: 0.383154, var: 0.002241","mean: 0.013649, var: 0.000175","mean: 0.163550, var: 0.000675","mean: 0.315479, var: 0.007889","mean: 0.347754, var: 0.001878","mean: 0.271106, var: 0.015127",3.43361119415466,0.19922925155452928,3.234381942600131,High
ENSP00000402432,"mean: 0.207385, var: 0.005587","mean: 0.523145, var: 0.005091","mean: 0.413281, var: 0.004337","mean: 0.334033, var: 0.015758","mean: 0.165027, var: 0.001880","mean: 0.504590, var: 0.002069","mean: 0.021325, var: 0.000372","mean: 0.204016, var: 0.002748","mean: 0.268018, var: 0.007884","mean: 0.273877, var: 0.002589","mean: 0.489941, var: 0.042402",3.502620876608843,0.3761992788252084,3.1264215977836347,High
ENSP00000469165,"mean: 0.546387, var: 0.023592","mean: 0.345728, var: 0.007611","mean: 0.369727, var: 0.004681","mean: 0.170862, var: 0.004908","mean: 0.239917, var: 0.005144","mean: 0.366968, var: 0.013058","mean: 0.055789, var: 0.002791","mean: 0.430640, var: 0.026479","mean: 0.554150, var: 0.014681","mean: 0.439893, var: 0.008649","mean: 0.130722, var: 0.011024",3.5557497600292987,0.5258073262597526,3.029942433769546,High
ENSP00000429461,"mean: 0.243921, var: 0.000737","mean: 0.376025, var: 0.005328","mean: 0.262744, var: 0.000767","mean: 0.375732, var: 0.003658","mean: 0.098816, var: 0.001101","mean: 0.694336, var: 0.002407","mean: 0.151703, var: 0.005295","mean: 0.205566, var: 0.002336","mean: 0.174500, var: 0.005203","mean: 0.235913, var: 0.003292","mean: 0.251770, var: 0.012741",3.5168310796345077,0.2249208133925014,3.2919102662420063,High
ENSP00000350101,"mean: 0.206738, var: 0.004382","mean: 0.433691, var: 0.003153","mean: 0.492480, var: 0.003657","mean: 0.481250, var: 0.009513","mean: 0.231567, var: 0.007450","mean: 0.506201, var: 0.005779","mean: 0.017226, var: 0.000369","mean: 0.169849, var: 0.000578","mean: 0.192603, var: 0.004941","mean: 0.364648, var: 0.012907","mean: 0.165735, var: 0.006669",3.4264496606414325,0.2960573125960363,3.130392348045396,High
ENSP00000493494,"mean: 0.431641, var: 0.009256","mean: 0.658203, var: 0.002289","mean: 0.264160, var: 0.002925","mean: 0.131519, var: 0.001518","mean: 0.434082, var: 0.008773","mean: 0.275720, var: 0.007718","mean: 0.061453, var: 0.001482","mean: 0.187915, var: 0.002974","mean: 0.297437, var: 0.006349","mean: 0.317920, var: 0.001293","mean: 0.198218, var: 0.008614",3.505211464606816,0.2718972792611402,3.233314185345676,High
ENSP00000460273,"mean: 0.208447, var: 0.000728","mean: 0.370850, var: 0.002808","mean: 0.304712, var: 0.001775","mean: 0.362012, var: 0.003726","mean: 0.174854, var: 0.000679","mean: 0.381445, var: 0.004699","mean: 0.080774, var: 0.000924","mean: 0.328589, var: 0.004905","mean: 0.284766, var: 0.003978","mean: 0.280249, var: 0.006276","mean: 0.162000, var: 0.003336",3.6752108899902485,0.18934769303878737,3.485863196951461,High
ENSP00000448051,"mean: 0.378467, var: 0.008374","mean: 0.495361, var: 0.004775","mean: 0.579590, var: 0.000365","mean: 0.275244, var: 0.006878","mean: 0.290991, var: 0.002085","mean: 0.471143, var: 0.011507","mean: 0.023703, var: 0.000285","mean: 0.491406, var: 0.009301","mean: 0.311011, var: 0.009544","mean: 0.255566, var: 0.005623","mean: 0.184863, var: 0.009120",3.5625326377534647,0.32915091253915163,3.233381725214313,High
ENSP00000442083,"mean: 0.291479, var: 0.001953","mean: 0.408545, var: 0.001872","mean: 0.295898, var: 0.001201","mean: 0.203748, var: 0.011865","mean: 0.170093, var: 0.002498","mean: 0.778125, var: 0.000938","mean: 0.128345, var: 0.004290","mean: 0.204224, var: 0.001951","mean: 0.164331, var: 0.000403","mean: 0.321851, var: 0.003782","mean: 0.267676, var: 0.007559",3.5083538240260417,0.20286818274186488,3.305485641284177,High
ENSP00000429765,"mean: 0.531641, var: 0.002902","mean: 0.501953, var: 0.003089","mean: 0.283154, var: 0.004412","mean: 0.342700, var: 0.011095","mean: 0.546631, var: 0.011866","mean: 0.547461, var: 0.009848","mean: 0.097708, var: 0.003311","mean: 0.239941, var: 0.004905","mean: 0.361719, var: 0.013653","mean: 0.566846, var: 0.002814","mean: 0.350317, var: 0.008355",3.6928967217962256,0.36691574051833453,3.3259809812778913,High
ENSP00000348050,"mean: 0.617285, var: 0.006408","mean: 0.228638, var: 0.000768","mean: 0.255371, var: 0.000346","mean: 0.264185, var: 0.008733","mean: 0.288013, var: 0.003888","mean: 0.345801, var: 0.003894","mean: 0.008608, var: 0.000055","mean: 0.686963, var: 0.020997","mean: 0.192395, var: 0.003423","mean: 0.446533, var: 0.005305","mean: 0.149072, var: 0.006736",3.3208531198122495,0.287779983559173,3.0330731362530763,High
ENSP00000285333,"mean: 0.376514, var: 0.009095","mean: 0.496191, var: 0.004338","mean: 0.552930, var: 0.002213","mean: 0.293835, var: 0.015456","mean: 0.313477, var: 0.001916","mean: 0.294910, var: 0.012674","mean: 0.011048, var: 0.000317","mean: 0.163562, var: 0.001125","mean: 0.201392, var: 0.001469","mean: 0.242114, var: 0.005089","mean: 0.055770, var: 0.003218",3.299784257406076,0.27678944224816177,3.0229948151579142,High
ENSP00000499371,"mean: 0.230151, var: 0.000193","mean: 0.368311, var: 0.003800","mean: 0.556787, var: 0.004959","mean: 0.180103, var: 0.002127","mean: 0.091138, var: 0.000363","mean: 0.305151, var: 0.011342","mean: 0.071364, var: 0.003758","mean: 0.338892, var: 0.008732","mean: 0.369580, var: 0.020397","mean: 0.294312, var: 0.005764","mean: 0.075241, var: 0.004536",3.398869976846074,0.31187137436053713,3.086998602485537,High
ENSP00000319532,"mean: 0.247217, var: 0.002553","mean: 0.475732, var: 0.003227","mean: 0.555176, var: 0.000491","mean: 0.178137, var: 0.003839","mean: 0.173047, var: 0.001977","mean: 0.368555, var: 0.002468","mean: 0.023447, var: 0.000387","mean: 0.239795, var: 0.002290","mean: 0.185962, var: 0.004063","mean: 0.219897, var: 0.002281","mean: 0.183569, var: 0.004366",3.3918489591364804,0.16290605771008357,3.228942901426397,High
ENSP00000388887,"mean: 0.427441, var: 0.003306","mean: 0.567773, var: 0.004482","mean: 0.310254, var: 0.001071","mean: 0.085547, var: 0.000862","mean: 0.448193, var: 0.003385","mean: 0.230347, var: 0.002324","mean: 0.027083, var: 0.000133","mean: 0.298535, var: 0.008745","mean: 0.248022, var: 0.003908","mean: 0.323633, var: 0.001689","mean: 0.135968, var: 0.005693",3.3968333821640364,0.19438850282562378,3.2024448793384126,High
ENSP00000477624,"mean: 0.706836, var: 0.002272","mean: 0.257520, var: 0.000753","mean: 0.110742, var: 0.000912","mean: 0.147156, var: 0.003027","mean: 0.196387, var: 0.001569","mean: 0.795312, var: 0.000396","mean: 0.185400, var: 0.007698","mean: 0.339990, var: 0.002605","mean: 0.200684, var: 0.001476","mean: 0.201294, var: 0.001274","mean: 0.493408, var: 0.010785",3.294851874409202,0.17634135841580997,3.118510515993392,High
ENSP00000385962,"mean: 0.677051, var: 0.009143","mean: 0.138733, var: 0.000552","mean: 0.256787, var: 0.002435","mean: 0.306714, var: 0.007228","mean: 0.202100, var: 0.003041","mean: 0.332495, var: 0.004803","mean: 0.151086, var: 0.007810","mean: 0.588379, var: 0.016927","mean: 0.319604, var: 0.025905","mean: 0.309497, var: 0.009561","mean: 0.041555, var: 0.001309",3.3962740298870675,0.3953439007134216,3.000930129173646,High
ENSP00000340294,"mean: 0.559961, var: 0.002440","mean: 0.500830, var: 0.000792","mean: 0.306152, var: 0.001684","mean: 0.109906, var: 0.004756","mean: 0.369043, var: 0.001596","mean: 0.163049, var: 0.002810","mean: 0.034491, var: 0.001211","mean: 0.494043, var: 0.007102","mean: 0.371680, var: 0.024673","mean: 0.445605, var: 0.004993","mean: 0.182439, var: 0.029351",3.442645920871275,0.3479480672601252,3.09469785361115,High
ENSP00000508017,"mean: 0.203101, var: 0.000451","mean: 0.465723, var: 0.008269","mean: 0.540869, var: 0.007274","mean: 0.142285, var: 0.006510","mean: 0.107904, var: 0.001219","mean: 0.358228, var: 0.018003","mean: 0.038514, var: 0.001528","mean: 0.315405, var: 0.004395","mean: 0.204858, var: 0.002633","mean: 0.222546, var: 0.006469","mean: 0.160849, var: 0.008455",3.3399798402080796,0.3145830042861603,3.0253968359219194,High
ENSP00000481099,"mean: 0.252856, var: 0.006792","mean: 0.441602, var: 0.004789","mean: 0.479883, var: 0.001194","mean: 0.384814, var: 0.017012","mean: 0.168262, var: 0.001974","mean: 0.547510, var: 0.013444","mean: 0.064145, var: 0.004072","mean: 0.334473, var: 0.029401","mean: 0.148010, var: 0.002557","mean: 0.222131, var: 0.011673","mean: 0.152917, var: 0.004277",3.5047383887925214,0.42369361163799346,3.0810447771545277,High
ENSP00000386688,"mean: 0.125146, var: 0.000388","mean: 0.425244, var: 0.002729","mean: 0.323437, var: 0.007995","mean: 0.532861, var: 0.007214","mean: 0.085547, var: 0.000947","mean: 0.281055, var: 0.002523","mean: 0.323938, var: 0.027387","mean: 0.245190, var: 0.008478","mean: 0.144946, var: 0.003705","mean: 0.117993, var: 0.001012","mean: 0.365918, var: 0.031358",3.5010753600525577,0.390288188325733,3.110787171726825,High
ENSP00000383710,"mean: 0.185913, var: 0.002111","mean: 0.442139, var: 0.004322","mean: 0.446631, var: 0.003540","mean: 0.550195, var: 0.003594","mean: 0.183252, var: 0.002909","mean: 0.536523, var: 0.001160","mean: 0.052586, var: 0.002545","mean: 0.208740, var: 0.000938","mean: 0.134216, var: 0.002031","mean: 0.305444, var: 0.006545","mean: 0.172314, var: 0.007884",3.4240989918923237,0.2070021875642418,3.217096804328082,High
ENSP00000505459,"mean: 0.226099, var: 0.000100","mean: 0.405908, var: 0.008765","mean: 0.343555, var: 0.004216","mean: 0.444678, var: 0.011837","mean: 0.057968, var: 0.000588","mean: 0.469434, var: 0.005045","mean: 0.175269, var: 0.009368","mean: 0.289038, var: 0.015614","mean: 0.179590, var: 0.015744","mean: 0.242822, var: 0.003674","mean: 0.291187, var: 0.022059",3.624950837971371,0.42785628687565413,3.197094551095717,High
ENSP00000458425,"mean: 0.172778, var: 0.001297","mean: 0.443848, var: 0.009579","mean: 0.354687, var: 0.002719","mean: 0.479395, var: 0.026135","mean: 0.083496, var: 0.000228","mean: 0.368982, var: 0.031863","mean: 0.089377, var: 0.005955","mean: 0.081042, var: 0.000803","mean: 0.187463, var: 0.002079","mean: 0.140454, var: 0.005484","mean: 0.180817, var: 0.018051",3.277444276316459,0.42627639989428173,2.8511678764221773,High
ENSP00000433322,"mean: 0.315479, var: 0.004083","mean: 0.530713, var: 0.018208","mean: 0.439600, var: 0.006914","mean: 0.266943, var: 0.014994","mean: 0.169360, var: 0.002760","mean: 0.658105, var: 0.010543","mean: 0.058470, var: 0.001309","mean: 0.277539, var: 0.019392","mean: 0.113120, var: 0.004060","mean: 0.359277, var: 0.006949","mean: 0.168390, var: 0.014461",3.426164743816342,0.46032147484285785,2.965843268973484,High
ENSP00000500602,"mean: 0.141406, var: 0.000837","mean: 0.474609, var: 0.005198","mean: 0.402783, var: 0.004875","mean: 0.345264, var: 0.008311","mean: 0.054855, var: 0.000328","mean: 0.444727, var: 0.004089","mean: 0.157294, var: 0.005056","mean: 0.211829, var: 0.010516","mean: 0.228491, var: 0.003804","mean: 0.269800, var: 0.005682","mean: 0.290625, var: 0.024416",3.552959022945955,0.34000316465669833,3.2129558582892566,High
ENSP00000501444,"mean: 0.282275, var: 0.003544","mean: 0.514600, var: 0.001509","mean: 0.425049, var: 0.003645","mean: 0.133215, var: 0.002551","mean: 0.098608, var: 0.000305","mean: 0.196143, var: 0.005572","mean: 0.051048, var: 0.001595","mean: 0.218103, var: 0.026291","mean: 0.518945, var: 0.021930","mean: 0.455859, var: 0.002648","mean: 0.133796, var: 0.013378",3.3306754532848952,0.36000998619452385,2.970665467090371,High
ENSP00000497622,"mean: 0.332129, var: 0.002120","mean: 0.477441, var: 0.001570","mean: 0.380322, var: 0.001423","mean: 0.130463, var: 0.002100","mean: 0.185669, var: 0.002345","mean: 0.186963, var: 0.001074","mean: 0.026428, var: 0.000494","mean: 0.461133, var: 0.003632","mean: 0.549170, var: 0.009962","mean: 0.459668, var: 0.001354","mean: 0.072413, var: 0.005957",3.3080804001572934,0.17655095957821326,3.1315294405790803,High
ENSP00000435798,"mean: 0.335303, var: 0.002394","mean: 0.553564, var: 0.008464","mean: 0.479639, var: 0.000164","mean: 0.216785, var: 0.007440","mean: 0.348730, var: 0.005490","mean: 0.459814, var: 0.006030","mean: 0.010610, var: 0.000119","mean: 0.221582, var: 0.004557","mean: 0.151965, var: 0.001998","mean: 0.237402, var: 0.003039","mean: 0.077592, var: 0.005354",3.3104053564377462,0.23580530828546237,3.0746000481522837,High
ENSP00000386623,"mean: 0.141711, var: 0.000361","mean: 0.333350, var: 0.003501","mean: 0.548047, var: 0.004623","mean: 0.362012, var: 0.022301","mean: 0.042731, var: 0.000729","mean: 0.322900, var: 0.007371","mean: 0.028845, var: 0.000943","mean: 0.515771, var: 0.020574","mean: 0.225220, var: 0.008246","mean: 0.230408, var: 0.012448","mean: 0.199710, var: 0.028927",3.279687552432481,0.4569126047750963,2.822774947657385,High
ENSP00000392425,"mean: 0.583203, var: 0.003716","mean: 0.466748, var: 0.002341","mean: 0.281323, var: 0.004077","mean: 0.294116, var: 0.012724","mean: 0.579785, var: 0.013049","mean: 0.548242, var: 0.010693","mean: 0.107544, var: 0.004508","mean: 0.248853, var: 0.005739","mean: 0.356592, var: 0.012231","mean: 0.603125, var: 0.003462","mean: 0.366846, var: 0.005795",3.658872834523504,0.37537195626345715,3.283500878260047,High
ENSP00000498206,"mean: 0.311475, var: 0.001052","mean: 0.500342, var: 0.001060","mean: 0.387695, var: 0.001406","mean: 0.132520, var: 0.001534","mean: 0.162402, var: 0.002448","mean: 0.184497, var: 0.001284","mean: 0.021033, var: 0.000363","mean: 0.433887, var: 0.003127","mean: 0.501318, var: 0.008959","mean: 0.449707, var: 0.002069","mean: 0.074185, var: 0.006570",3.294011508424685,0.1658729805478014,3.1281385278768834,High
ENSP00000454999,"mean: 0.378467, var: 0.017636","mean: 0.426514, var: 0.005177","mean: 0.279932, var: 0.007379","mean: 0.262891, var: 0.012439","mean: 0.124304, var: 0.001292","mean: 0.316577, var: 0.015674","mean: 0.052055, var: 0.001796","mean: 0.328491, var: 0.011097","mean: 0.291479, var: 0.003393","mean: 0.116681, var: 0.003755","mean: 0.064108, var: 0.003690",3.367757998541205,0.38522256766268004,2.982535430878525,High
ENSP00000498150,"mean: 0.164380, var: 0.000288","mean: 0.560742, var: 0.002972","mean: 0.586230, var: 0.000485","mean: 0.337939, var: 0.010237","mean: 0.168677, var: 0.000558","mean: 0.436230, var: 0.003785","mean: 0.123083, var: 0.003439","mean: 0.174194, var: 0.001828","mean: 0.158752, var: 0.002150","mean: 0.145728, var: 0.001705","mean: 0.217731, var: 0.029056",3.4300193370493286,0.2534632762615689,3.17655606078776,High
ENSP00000475146,"mean: 0.333887, var: 0.008304","mean: 0.475146, var: 0.001621","mean: 0.395605, var: 0.001164","mean: 0.188184, var: 0.006482","mean: 0.266431, var: 0.004096","mean: 0.482275, var: 0.004734","mean: 0.055191, var: 0.001578","mean: 0.309814, var: 0.013710","mean: 0.311230, var: 0.008794","mean: 0.399854, var: 0.008226","mean: 0.139642, var: 0.011582",3.6327406216744533,0.3403348164311007,3.2924058052433525,High
ENSP00000413925,"mean: 0.219946, var: 0.002550","mean: 0.620215, var: 0.004955","mean: 0.423633, var: 0.006138","mean: 0.361255, var: 0.014058","mean: 0.237817, var: 0.002619","mean: 0.590430, var: 0.003271","mean: 0.017099, var: 0.000166","mean: 0.230145, var: 0.021074","mean: 0.314478, var: 0.019801","mean: 0.299487, var: 0.013694","mean: 0.179898, var: 0.008903",3.454833199344146,0.4282616056107597,3.026571593733386,High
ENSP00000368745,"mean: 0.529687, var: 0.009522","mean: 0.591113, var: 0.003393","mean: 0.393799, var: 0.000387","mean: 0.103644, var: 0.002419","mean: 0.408301, var: 0.005750","mean: 0.305127, var: 0.004107","mean: 0.014300, var: 0.000055","mean: 0.285962, var: 0.012887","mean: 0.308105, var: 0.005188","mean: 0.333594, var: 0.004849","mean: 0.072556, var: 0.001594",3.315275232104424,0.25348288889223175,3.061792343212192,High
ENSP00000474048,"mean: 0.174316, var: 0.002927","mean: 0.424512, var: 0.004774","mean: 0.408252, var: 0.003692","mean: 0.695898, var: 0.006474","mean: 0.173315, var: 0.001633","mean: 0.435498, var: 0.005540","mean: 0.021497, var: 0.000778","mean: 0.223901, var: 0.010044","mean: 0.142004, var: 0.002262","mean: 0.208472, var: 0.001872","mean: 0.397314, var: 0.008576",3.3404615237427087,0.2532951945423069,3.087166329200402,High
ENSP00000458596,"mean: 0.440576, var: 0.002728","mean: 0.497461, var: 0.000766","mean: 0.314575, var: 0.006525","mean: 0.319263, var: 0.008170","mean: 0.309570, var: 0.002007","mean: 0.658008, var: 0.006314","mean: 0.059111, var: 0.001829","mean: 0.355835, var: 0.007407","mean: 0.271704, var: 0.003815","mean: 0.411938, var: 0.013438","mean: 0.150037, var: 0.009008",3.6140493094415262,0.3076120183221122,3.306437291119414,High
ENSP00000469917,"mean: 0.226392, var: 0.002408","mean: 0.515918, var: 0.007136","mean: 0.450146, var: 0.001109","mean: 0.400391, var: 0.002270","mean: 0.117383, var: 0.000609","mean: 0.294043, var: 0.004673","mean: 0.023272, var: 0.000313","mean: 0.135730, var: 0.000859","mean: 0.282275, var: 0.010206","mean: 0.299878, var: 0.001899","mean: 0.118686, var: 0.008110",3.3446514457998195,0.20706432491695675,3.1375871208828627,High
ENSP00000432453,"mean: 0.472119, var: 0.007302","mean: 0.527539, var: 0.002542","mean: 0.383887, var: 0.001457","mean: 0.137378, var: 0.004142","mean: 0.307861, var: 0.008530","mean: 0.343213, var: 0.014902","mean: 0.021791, var: 0.000328","mean: 0.328906, var: 0.009249","mean: 0.409473, var: 0.004312","mean: 0.375928, var: 0.008478","mean: 0.144923, var: 0.007170",3.5241225859700767,0.3319521399018652,3.1921704460682117,High
ENSP00000394699,"mean: 0.504736, var: 0.005452","mean: 0.598926, var: 0.003117","mean: 0.379150, var: 0.000919","mean: 0.098059, var: 0.002629","mean: 0.490820, var: 0.009547","mean: 0.231250, var: 0.002729","mean: 0.061380, var: 0.000587","mean: 0.281885, var: 0.002120","mean: 0.346777, var: 0.002259","mean: 0.221863, var: 0.006417","mean: 0.037795, var: 0.001602",3.2888035740335724,0.20285564028841616,3.0859479337451563,High
ENSP00000472375,"mean: 0.139563, var: 0.000811","mean: 0.625537, var: 0.012720","mean: 0.327979, var: 0.002201","mean: 0.384424, var: 0.005428","mean: 0.107324, var: 0.000359","mean: 0.259668, var: 0.005302","mean: 0.172473, var: 0.021170","mean: 0.256104, var: 0.006830","mean: 0.176306, var: 0.002887","mean: 0.253247, var: 0.000539","mean: 0.134131, var: 0.002443",3.4663408228939794,0.28500403378651934,3.18133678910746,High
ENSP00000467651,"mean: 0.182935, var: 0.001034","mean: 0.353809, var: 0.003183","mean: 0.441602, var: 0.004073","mean: 0.174170, var: 0.007187","mean: 0.110175, var: 0.002631","mean: 0.512793, var: 0.006061","mean: 0.225842, var: 0.004844","mean: 0.158887, var: 0.000651","mean: 0.091461, var: 0.000699","mean: 0.170789, var: 0.001253","mean: 0.126477, var: 0.005366",3.3396168133586532,0.2019643762511306,3.1376524371075227,High
ENSP00000460067,"mean: 0.175977, var: 0.001680","mean: 0.425098, var: 0.004220","mean: 0.544531, var: 0.004975","mean: 0.413672, var: 0.009932","mean: 0.143213, var: 0.001398","mean: 0.438281, var: 0.002570","mean: 0.042116, var: 0.000689","mean: 0.181860, var: 0.001146","mean: 0.171143, var: 0.001690","mean: 0.168408, var: 0.000707","mean: 0.145789, var: 0.010192",3.3315845481587694,0.20594818884355665,3.1256363593152128,High
ENSP00000436824,"mean: 0.212134, var: 0.001741","mean: 0.529492, var: 0.003404","mean: 0.489795, var: 0.000331","mean: 0.112064, var: 0.006861","mean: 0.109412, var: 0.002472","mean: 0.388184, var: 0.009054","mean: 0.041449, var: 0.002250","mean: 0.310718, var: 0.005007","mean: 0.323437, var: 0.007737","mean: 0.275488, var: 0.000552","mean: 0.093970, var: 0.006304",3.307475171992673,0.23860891227193948,3.0688662597207337,High
ENSP00000428991,"mean: 0.363672, var: 0.002590","mean: 0.346680, var: 0.002640","mean: 0.401514, var: 0.003037","mean: 0.443359, var: 0.002255","mean: 0.177979, var: 0.001053","mean: 0.518164, var: 0.003156","mean: 0.057877, var: 0.001002","mean: 0.283472, var: 0.001585","mean: 0.352417, var: 0.015146","mean: 0.474463, var: 0.007124","mean: 0.086508, var: 0.003317",3.565295751413925,0.22259888021221497,3.34269687120171,High
ENSP00000363959,"mean: 0.257690, var: 0.009118","mean: 0.348682, var: 0.002789","mean: 0.576562, var: 0.006980","mean: 0.292957, var: 0.013178","mean: 0.098364, var: 0.000597","mean: 0.293042, var: 0.011268","mean: 0.016240, var: 0.000624","mean: 0.294287, var: 0.016414","mean: 0.287915, var: 0.013198","mean: 0.203723, var: 0.016472","mean: 0.280151, var: 0.016614",3.447728701734658,0.4708117549675175,2.9769169467671404,High
ENSP00000357457,"mean: 0.293213, var: 0.002151","mean: 0.666699, var: 0.000825","mean: 0.354346, var: 0.000303","mean: 0.166492, var: 0.003109","mean: 0.274072, var: 0.003761","mean: 0.335596, var: 0.002578","mean: 0.013789, var: 0.000096","mean: 0.186963, var: 0.001149","mean: 0.291406, var: 0.008878","mean: 0.483447, var: 0.009246","mean: 0.117531, var: 0.006711",3.3522120398300626,0.20333219754904872,3.148879842281014,High
ENSP00000497364,"mean: 0.276685, var: 0.000736","mean: 0.488477, var: 0.002727","mean: 0.441992, var: 0.001802","mean: 0.217920, var: 0.001796","mean: 0.156104, var: 0.000587","mean: 0.187292, var: 0.005038","mean: 0.039021, var: 0.001142","mean: 0.283911, var: 0.002335","mean: 0.478467, var: 0.012585","mean: 0.321753, var: 0.002776","mean: 0.131160, var: 0.018984",3.4700736677060284,0.24371880386612987,3.2263548638398984,High
ENSP00000482839,"mean: 0.341040, var: 0.010103","mean: 0.433105, var: 0.002923","mean: 0.387988, var: 0.003618","mean: 0.335596, var: 0.007008","mean: 0.280933, var: 0.005674","mean: 0.518359, var: 0.003764","mean: 0.020840, var: 0.000391","mean: 0.343408, var: 0.002409","mean: 0.336548, var: 0.010269","mean: 0.390918, var: 0.009001","mean: 0.213904, var: 0.009379",3.671618487848126,0.31973689556969503,3.351881592278431,High
ENSP00000479315,"mean: 0.217603, var: 0.003690","mean: 0.414453, var: 0.003575","mean: 0.413379, var: 0.002588","mean: 0.527832, var: 0.005366","mean: 0.166028, var: 0.004457","mean: 0.627148, var: 0.000568","mean: 0.066476, var: 0.002828","mean: 0.277954, var: 0.003382","mean: 0.262671, var: 0.010086","mean: 0.407642, var: 0.017096","mean: 0.270361, var: 0.020411",3.59675184557489,0.3438531197348581,3.2528987258400317,High
ENSP00000464077,"mean: 0.217847, var: 0.003041","mean: 0.519727, var: 0.004301","mean: 0.443945, var: 0.003786","mean: 0.309155, var: 0.015661","mean: 0.126416, var: 0.002296","mean: 0.555566, var: 0.005521","mean: 0.109406, var: 0.002697","mean: 0.230322, var: 0.002318","mean: 0.303540, var: 0.009833","mean: 0.337183, var: 0.009104","mean: 0.053903, var: 0.002242",3.4496895476191076,0.30184760759145424,3.1478419400276536,High
ENSP00000462344,"mean: 0.628906, var: 0.013720","mean: 0.243091, var: 0.002099","mean: 0.325879, var: 0.001089","mean: 0.195679, var: 0.004614","mean: 0.361621, var: 0.005351","mean: 0.403711, var: 0.001991","mean: 0.025246, var: 0.000357","mean: 0.547168, var: 0.012631","mean: 0.429395, var: 0.016136","mean: 0.472900, var: 0.014407","mean: 0.220251, var: 0.005859",3.5272872579704178,0.3602408540954474,3.1670464038749704,High
ENSP00000431638,"mean: 0.447754, var: 0.003001","mean: 0.493994, var: 0.005759","mean: 0.341895, var: 0.001554","mean: 0.095654, var: 0.002543","mean: 0.283716, var: 0.006073","mean: 0.432178, var: 0.004507","mean: 0.037944, var: 0.000471","mean: 0.448730, var: 0.024670","mean: 0.706348, var: 0.003725","mean: 0.416504, var: 0.005852","mean: 0.090775, var: 0.003388",3.3314611747465075,0.29284200491447315,3.0386191698320344,High
ENSP00000451256,"mean: 0.475830, var: 0.018862","mean: 0.571094, var: 0.000446","mean: 0.305688, var: 0.005801","mean: 0.115686, var: 0.002405","mean: 0.458740, var: 0.011277","mean: 0.189917, var: 0.002127","mean: 0.009236, var: 0.000119","mean: 0.187451, var: 0.001584","mean: 0.327051, var: 0.009937","mean: 0.245312, var: 0.006245","mean: 0.117499, var: 0.007398",3.277061906302503,0.3114882718895746,2.9655736344129284,High
ENSP00000417662,"mean: 0.202197, var: 0.001635","mean: 0.530225, var: 0.002173","mean: 0.458936, var: 0.002205","mean: 0.334424, var: 0.011521","mean: 0.150562, var: 0.000569","mean: 0.500537, var: 0.002864","mean: 0.055304, var: 0.001298","mean: 0.234033, var: 0.003565","mean: 0.214014, var: 0.002178","mean: 0.169556, var: 0.002421","mean: 0.259570, var: 0.008728",3.4957584238077666,0.20778852108674312,3.2879699027210236,High
ENSP00000335674,"mean: 0.281128, var: 0.003195","mean: 0.415332, var: 0.003307","mean: 0.469482, var: 0.001439","mean: 0.214319, var: 0.011851","mean: 0.199414, var: 0.000930","mean: 0.543652, var: 0.002573","mean: 0.031975, var: 0.000845","mean: 0.268652, var: 0.003470","mean: 0.206860, var: 0.002907","mean: 0.193237, var: 0.004240","mean: 0.201135, var: 0.009351",3.488996721023379,0.2305236342821811,3.2584730867411977,High
ENSP00000497176,"mean: 0.230396, var: 0.003251","mean: 0.417578, var: 0.004006","mean: 0.434326, var: 0.005798","mean: 0.523389, var: 0.003684","mean: 0.220801, var: 0.001587","mean: 0.507129, var: 0.003292","mean: 0.038420, var: 0.001351","mean: 0.293799, var: 0.002798","mean: 0.199341, var: 0.003014","mean: 0.320581, var: 0.008271","mean: 0.240308, var: 0.021064",3.595700812699145,0.28413639419833003,3.311564418500815,High
ENSP00000467906,"mean: 0.196069, var: 0.001087","mean: 0.491650, var: 0.007137","mean: 0.468311, var: 0.000920","mean: 0.355420, var: 0.009449","mean: 0.185327, var: 0.001242","mean: 0.500146, var: 0.002696","mean: 0.049802, var: 0.002288","mean: 0.231104, var: 0.005892","mean: 0.129614, var: 0.002059","mean: 0.271338, var: 0.004446","mean: 0.197009, var: 0.007147",3.477109618772428,0.2337206268326817,3.2433889919397463,High
ENSP00000420273,"mean: 0.471387, var: 0.005183","mean: 0.461377, var: 0.001617","mean: 0.344238, var: 0.000267","mean: 0.187793, var: 0.001819","mean: 0.509375, var: 0.013455","mean: 0.395410, var: 0.002390","mean: 0.130371, var: 0.001759","mean: 0.196484, var: 0.001651","mean: 0.232227, var: 0.002219","mean: 0.408643, var: 0.000546","mean: 0.251099, var: 0.008118",3.7401509286952312,0.20221122279806528,3.5379397058971658,High
ENSP00000378422,"mean: 0.167383, var: 0.000938","mean: 0.515479, var: 0.003117","mean: 0.500684, var: 0.004722","mean: 0.496973, var: 0.006009","mean: 0.131689, var: 0.000491","mean: 0.362793, var: 0.000423","mean: 0.040892, var: 0.000835","mean: 0.244287, var: 0.000605","mean: 0.211877, var: 0.006050","mean: 0.195557, var: 0.000706","mean: 0.195081, var: 0.006532",3.411218824846191,0.16686366237801492,3.2443551624681763,High
ENSP00000455941,"mean: 0.194824, var: 0.004003","mean: 0.307959, var: 0.002284","mean: 0.358423, var: 0.006423","mean: 0.533398, var: 0.017414","mean: 0.130383, var: 0.002041","mean: 0.583008, var: 0.006120","mean: 0.056015, var: 0.004215","mean: 0.193237, var: 0.003029","mean: 0.138000, var: 0.001911","mean: 0.278125, var: 0.012657","mean: 0.247900, var: 0.006220",3.418627285620815,0.3222592710612143,3.0963680145596006,High
ENSP00000429166,"mean: 0.207666, var: 0.001835","mean: 0.517285, var: 0.008274","mean: 0.298438, var: 0.002850","mean: 0.339453, var: 0.005555","mean: 0.123438, var: 0.001619","mean: 0.468896, var: 0.004503","mean: 0.086780, var: 0.004310","mean: 0.236987, var: 0.001496","mean: 0.148242, var: 0.000826","mean: 0.272412, var: 0.003911","mean: 0.331592, var: 0.028172",3.5649617499310415,0.2928324879330433,3.272129261997998,High
ENSP00000437580,"mean: 0.245312, var: 0.003228","mean: 0.587402, var: 0.006030","mean: 0.536768, var: 0.014484","mean: 0.117206, var: 0.001025","mean: 0.213892, var: 0.002071","mean: 0.381592, var: 0.009459","mean: 0.118433, var: 0.006556","mean: 0.134644, var: 0.003813","mean: 0.326587, var: 0.014763","mean: 0.269531, var: 0.014009","mean: 0.074289, var: 0.004873",3.3746153144878925,0.37677188496276875,2.997843429525124,High
ENSP00000427092,"mean: 0.372266, var: 0.002238","mean: 0.522119, var: 0.001299","mean: 0.348340, var: 0.001823","mean: 0.178882, var: 0.002163","mean: 0.366846, var: 0.005496","mean: 0.262231, var: 0.001284","mean: 0.080731, var: 0.001064","mean: 0.186353, var: 0.000450","mean: 0.282764, var: 0.004240","mean: 0.473145, var: 0.003018","mean: 0.136182, var: 0.006995",3.6002810080794596,0.1703541099091481,3.4299268981703115,High
ENSP00000422831,"mean: 0.352734, var: 0.003798","mean: 0.557324, var: 0.001029","mean: 0.377100, var: 0.000819","mean: 0.063893, var: 0.001116","mean: 0.274048, var: 0.002754","mean: 0.238953, var: 0.008528","mean: 0.047227, var: 0.001421","mean: 0.200269, var: 0.001462","mean: 0.265308, var: 0.002436","mean: 0.333813, var: 0.005390","mean: 0.080699, var: 0.004858",3.321310506767675,0.1860703388346262,3.135240167933049,High
ENSP00000451268,"mean: 0.371875, var: 0.007732","mean: 0.504541, var: 0.003540","mean: 0.409155, var: 0.007008","mean: 0.069312, var: 0.001399","mean: 0.209888, var: 0.000979","mean: 0.281934, var: 0.007125","mean: 0.053839, var: 0.000284","mean: 0.261206, var: 0.009179","mean: 0.267017, var: 0.004239","mean: 0.220300, var: 0.004552","mean: 0.042750, var: 0.002447",3.276856822823475,0.25134405220162126,3.025512770621854,High
ENSP00000346473,"mean: 0.260718, var: 0.000692","mean: 0.422266, var: 0.002773","mean: 0.364185, var: 0.006085","mean: 0.528223, var: 0.001417","mean: 0.192334, var: 0.001612","mean: 0.393994, var: 0.000949","mean: 0.156116, var: 0.004494","mean: 0.369775, var: 0.006698","mean: 0.204956, var: 0.005045","mean: 0.261621, var: 0.000773","mean: 0.207690, var: 0.011548",3.763442240165464,0.2202245195018108,3.543217720663653,High
ENSP00000435724,"mean: 0.338574, var: 0.001774","mean: 0.407959, var: 0.002547","mean: 0.461963, var: 0.000077","mean: 0.151208, var: 0.003403","mean: 0.303003, var: 0.003191","mean: 0.377832, var: 0.003048","mean: 0.143298, var: 0.005374","mean: 0.302881, var: 0.002595","mean: 0.201367, var: 0.004969","mean: 0.266016, var: 0.002766","mean: 0.316235, var: 0.006202",3.7836097099482693,0.20022585829015443,3.5833838516581147,High
ENSP00000481500,"mean: 0.245679, var: 0.000512","mean: 0.439795, var: 0.003068","mean: 0.401807, var: 0.000387","mean: 0.247363, var: 0.004485","mean: 0.151514, var: 0.000456","mean: 0.425830, var: 0.003515","mean: 0.047562, var: 0.001481","mean: 0.413867, var: 0.011892","mean: 0.289551, var: 0.009710","mean: 0.319873, var: 0.011775","mean: 0.270190, var: 0.006762",3.654528317815138,0.2657400900659683,3.3887882277491697,High
ENSP00000386558,"mean: 0.348975, var: 0.004846","mean: 0.437793, var: 0.002226","mean: 0.434619, var: 0.001376","mean: 0.130200, var: 0.004750","mean: 0.166602, var: 0.001931","mean: 0.220837, var: 0.006071","mean: 0.071634, var: 0.003139","mean: 0.159058, var: 0.001092","mean: 0.245630, var: 0.001901","mean: 0.206836, var: 0.004006","mean: 0.079916, var: 0.006964",3.3426972615155863,0.2111085544768081,3.1315887070387785,High
ENSP00000505003,"mean: 0.204907, var: 0.001219","mean: 0.494678, var: 0.004663","mean: 0.339966, var: 0.003708","mean: 0.329065, var: 0.014399","mean: 0.123791, var: 0.000841","mean: 0.464844, var: 0.005770","mean: 0.172266, var: 0.010222","mean: 0.211060, var: 0.004074","mean: 0.198999, var: 0.001935","mean: 0.231689, var: 0.001758","mean: 0.231549, var: 0.028315",3.650389913611301,0.34414960380440096,3.3062403098069,High
ENSP00000393196,"mean: 0.236328, var: 0.004098","mean: 0.459082, var: 0.004223","mean: 0.445166, var: 0.003260","mean: 0.419678, var: 0.005348","mean: 0.193286, var: 0.003212","mean: 0.499463, var: 0.000969","mean: 0.025354, var: 0.000547","mean: 0.231567, var: 0.000598","mean: 0.242798, var: 0.006020","mean: 0.395117, var: 0.009941","mean: 0.157349, var: 0.005629",3.5209009176544765,0.23174225417545186,3.2891586634790246,High
ENSP00000442180,"mean: 0.204736, var: 0.000365","mean: 0.497705, var: 0.002087","mean: 0.513574, var: 0.003065","mean: 0.343506, var: 0.009880","mean: 0.118091, var: 0.001003","mean: 0.395459, var: 0.000757","mean: 0.052400, var: 0.001833","mean: 0.226587, var: 0.000962","mean: 0.268066, var: 0.004513","mean: 0.273413, var: 0.001106","mean: 0.175018, var: 0.012472",3.503837729832498,0.19630730634762822,3.3075304234848697,High
ENSP00000422612,"mean: 0.426563, var: 0.002927","mean: 0.483301, var: 0.000563","mean: 0.314502, var: 0.001189","mean: 0.239014, var: 0.003211","mean: 0.383838, var: 0.007151","mean: 0.363086, var: 0.002302","mean: 0.212952, var: 0.002564","mean: 0.148962, var: 0.000627","mean: 0.230078, var: 0.004104","mean: 0.471631, var: 0.003552","mean: 0.126526, var: 0.007404",3.7232133165311696,0.19587941094648248,3.5273339055846873,High
ENSP00000484730,"mean: 0.278101, var: 0.002271","mean: 0.228271, var: 0.001350","mean: 0.214697, var: 0.001984","mean: 0.802344, var: 0.000833","mean: 0.221851, var: 0.000316","mean: 0.283252, var: 0.002519","mean: 0.040063, var: 0.000462","mean: 0.346582, var: 0.003945","mean: 0.261865, var: 0.008672","mean: 0.317676, var: 0.001412","mean: 0.072375, var: 0.002053",3.2928342647898416,0.1471500972475478,3.145684167542294,High
ENSP00000440305,"mean: 0.315820, var: 0.001025","mean: 0.347656, var: 0.002377","mean: 0.256152, var: 0.001241","mean: 0.238379, var: 0.003091","mean: 0.159827, var: 0.000598","mean: 0.545410, var: 0.001729","mean: 0.557275, var: 0.003465","mean: 0.357910, var: 0.006162","mean: 0.188403, var: 0.001244","mean: 0.199683, var: 0.002430","mean: 0.216504, var: 0.016092",3.706746092312963,0.2034142383458405,3.5033318539671225,High
ENSP00000421230,"mean: 0.382812, var: 0.003076","mean: 0.510840, var: 0.000817","mean: 0.313623, var: 0.001866","mean: 0.239038, var: 0.003487","mean: 0.371045, var: 0.007133","mean: 0.275757, var: 0.000789","mean: 0.102234, var: 0.001086","mean: 0.177930, var: 0.000163","mean: 0.265210, var: 0.003868","mean: 0.490332, var: 0.002829","mean: 0.116013, var: 0.006053",3.631232462084805,0.1737829002257954,3.4574495618590095,High
ENSP00000333624,"mean: 0.227710, var: 0.001283","mean: 0.479248, var: 0.004041","mean: 0.413672, var: 0.002694","mean: 0.435986, var: 0.006885","mean: 0.153345, var: 0.001255","mean: 0.493848, var: 0.002472","mean: 0.043027, var: 0.000961","mean: 0.217188, var: 0.001152","mean: 0.242163, var: 0.005126","mean: 0.253467, var: 0.002596","mean: 0.315942, var: 0.009500",3.574812094430547,0.20544556616623016,3.369366528264317,High
ENSP00000472837,"mean: 0.176978, var: 0.006567","mean: 0.646191, var: 0.003248","mean: 0.517725, var: 0.007804","mean: 0.445947, var: 0.011949","mean: 0.176733, var: 0.002133","mean: 0.332080, var: 0.001544","mean: 0.018333, var: 0.000264","mean: 0.207593, var: 0.004981","mean: 0.152191, var: 0.006648","mean: 0.140155, var: 0.004067","mean: 0.383479, var: 0.072795",3.2911364159369554,0.4405279662797845,2.850608449657171,High
ENSP00000471034,"mean: 0.231934, var: 0.000652","mean: 0.256714, var: 0.009451","mean: 0.326318, var: 0.005826","mean: 0.588428, var: 0.018640","mean: 0.078809, var: 0.002610","mean: 0.673730, var: 0.018308","mean: 0.049425, var: 0.002032","mean: 0.341187, var: 0.039707","mean: 0.159787, var: 0.030857","mean: 0.459473, var: 0.012851","mean: 0.326797, var: 0.079739",3.363163094839033,0.7474659712854419,2.6156971235535913,High
ENSP00000430836,"mean: 0.211548, var: 0.001453","mean: 0.504443, var: 0.003556","mean: 0.506689, var: 0.003906","mean: 0.075912, var: 0.001874","mean: 0.155054, var: 0.000675","mean: 0.354761, var: 0.005595","mean: 0.053900, var: 0.001452","mean: 0.216797, var: 0.005443","mean: 0.155200, var: 0.000415","mean: 0.238574, var: 0.002641","mean: 0.413208, var: 0.012074",3.355734287765071,0.2070088642174498,3.148725423547621,High
ENSP00000412812,"mean: 0.564697, var: 0.004248","mean: 0.584570, var: 0.002352","mean: 0.360059, var: 0.001599","mean: 0.086566, var: 0.002236","mean: 0.521289, var: 0.008521","mean: 0.278345, var: 0.001986","mean: 0.059979, var: 0.000655","mean: 0.297778, var: 0.003599","mean: 0.365869, var: 0.002531","mean: 0.259253, var: 0.005927","mean: 0.038908, var: 0.001783",3.2853934945423844,0.1962078010235862,3.089185693518798,High
ENSP00000489222,"mean: 0.299609, var: 0.001290","mean: 0.238354, var: 0.001214","mean: 0.226709, var: 0.002435","mean: 0.659473, var: 0.003815","mean: 0.157959, var: 0.001066","mean: 0.300098, var: 0.004589","mean: 0.113977, var: 0.003701","mean: 0.478564, var: 0.010311","mean: 0.286328, var: 0.008400","mean: 0.373389, var: 0.002022","mean: 0.134552, var: 0.009011",3.5626536655884005,0.2476534804191689,3.3150001851692315,High
ENSP00000294521,"mean: 0.520312, var: 0.006164","mean: 0.620508, var: 0.001340","mean: 0.269189, var: 0.001903","mean: 0.203760, var: 0.004489","mean: 0.620313, var: 0.006663","mean: 0.248547, var: 0.008033","mean: 0.037177, var: 0.000294","mean: 0.250806, var: 0.003459","mean: 0.360059, var: 0.007235","mean: 0.319922, var: 0.000910","mean: 0.161366, var: 0.006265",3.451709439495603,0.24437157344272734,3.207337866052876,High
ENSP00000464183,"mean: 0.433203, var: 0.003587","mean: 0.337451, var: 0.000776","mean: 0.386865, var: 0.002581","mean: 0.106274, var: 0.000834","mean: 0.185449, var: 0.002746","mean: 0.351123, var: 0.003103","mean: 0.027930, var: 0.000214","mean: 0.498682, var: 0.007524","mean: 0.526367, var: 0.009703","mean: 0.472461, var: 0.003313","mean: 0.083133, var: 0.005476",3.360324687527379,0.21217202208773278,3.148152665439646,High
ENSP00000403920,"mean: 0.228674, var: 0.009228","mean: 0.660547, var: 0.004365","mean: 0.420703, var: 0.004821","mean: 0.063889, var: 0.001594","mean: 0.182397, var: 0.007281","mean: 0.108746, var: 0.001287","mean: 0.074344, var: 0.000894","mean: 0.195795, var: 0.007576","mean: 0.447803, var: 0.016252","mean: 0.394482, var: 0.003961","mean: 0.284666, var: 0.088551",3.2998247635424414,0.4941402320561475,2.805684531486294,High
ENSP00000454778,"mean: 0.272241, var: 0.009930","mean: 0.570996, var: 0.002999","mean: 0.484424, var: 0.003805","mean: 0.150113, var: 0.006358","mean: 0.274072, var: 0.004543","mean: 0.348242, var: 0.006626","mean: 0.008470, var: 0.000082","mean: 0.303613, var: 0.010344","mean: 0.257959, var: 0.002296","mean: 0.211426, var: 0.000863","mean: 0.088571, var: 0.003299",3.327112810738744,0.26126994796977066,3.0658428627689736,High
ENSP00000451544,"mean: 0.219727, var: 0.001000","mean: 0.513330, var: 0.000966","mean: 0.271851, var: 0.002463","mean: 0.160950, var: 0.005012","mean: 0.085291, var: 0.000507","mean: 0.407568, var: 0.017257","mean: 0.215137, var: 0.010641","mean: 0.152942, var: 0.000890","mean: 0.306006, var: 0.002157","mean: 0.370166, var: 0.009332","mean: 0.094611, var: 0.012743",3.470184097091409,0.29589701708269156,3.1742870800087175,High
ENSP00000482082,"mean: 0.130713, var: 0.000179","mean: 0.531934, var: 0.004428","mean: 0.488672, var: 0.004560","mean: 0.471289, var: 0.005882","mean: 0.075604, var: 0.000444","mean: 0.343945, var: 0.000397","mean: 0.118756, var: 0.004430","mean: 0.153345, var: 0.000981","mean: 0.179810, var: 0.003008","mean: 0.234253, var: 0.000644","mean: 0.093250, var: 0.003829",3.278826444592088,0.16117981674523854,3.1176466278468493,High
ENSP00000418261,"mean: 0.275928, var: 0.001590","mean: 0.423535, var: 0.005854","mean: 0.188647, var: 0.000756","mean: 0.160535, var: 0.007188","mean: 0.073932, var: 0.000171","mean: 0.734570, var: 0.008632","mean: 0.318237, var: 0.024531","mean: 0.201917, var: 0.004961","mean: 0.145837, var: 0.002443","mean: 0.111139, var: 0.002456","mean: 0.332935, var: 0.043318",3.3251340471270416,0.40647209221650277,2.918661954910539,High
ENSP00000429362,"mean: 0.267065, var: 0.001318","mean: 0.408301, var: 0.003217","mean: 0.429932, var: 0.001585","mean: 0.270044, var: 0.001011","mean: 0.157935, var: 0.000567","mean: 0.324951, var: 0.005242","mean: 0.100977, var: 0.003888","mean: 0.282129, var: 0.003922","mean: 0.283032, var: 0.008074","mean: 0.318945, var: 0.007105","mean: 0.308203, var: 0.008379",3.764529685861332,0.23359621769076855,3.5309334681705637,High
ENSP00000504761,"mean: 0.574316, var: 0.010043","mean: 0.223340, var: 0.000730","mean: 0.204028, var: 0.000094","mean: 0.317407, var: 0.023584","mean: 0.268750, var: 0.000327","mean: 0.261865, var: 0.007198","mean: 0.012458, var: 0.000175","mean: 0.607080, var: 0.014796","mean: 0.359863, var: 0.012963","mean: 0.519482, var: 0.008881","mean: 0.098654, var: 0.001808",3.3399916484398013,0.3524205336551485,2.987571114784653,High
ENSP00000474618,"mean: 0.156299, var: 0.000954","mean: 0.476611, var: 0.004123","mean: 0.595996, var: 0.002724","mean: 0.350464, var: 0.012541","mean: 0.143604, var: 0.000344","mean: 0.322803, var: 0.010535","mean: 0.025562, var: 0.000769","mean: 0.184814, var: 0.002804","mean: 0.134119, var: 0.000209","mean: 0.274341, var: 0.003534","mean: 0.165424, var: 0.007287",3.2905549385816313,0.23056428973520818,3.0599906488464232,High
ENSP00000446554,"mean: 0.535791, var: 0.003923","mean: 0.572363, var: 0.003091","mean: 0.351562, var: 0.001432","mean: 0.098047, var: 0.002330","mean: 0.463232, var: 0.008239","mean: 0.285620, var: 0.001744","mean: 0.071954, var: 0.001460","mean: 0.264404, var: 0.004430","mean: 0.353833, var: 0.004121","mean: 0.248169, var: 0.004968","mean: 0.036761, var: 0.001792",3.339287349089457,0.2075790944468901,3.1317082546425667,High
ENSP00000439818,"mean: 0.373486, var: 0.002551","mean: 0.392041, var: 0.005694","mean: 0.256543, var: 0.005791","mean: 0.235242, var: 0.012800","mean: 0.184644, var: 0.001280","mean: 0.410010, var: 0.003254","mean: 0.183490, var: 0.011151","mean: 0.480762, var: 0.006668","mean: 0.155872, var: 0.001721","mean: 0.233618, var: 0.005706","mean: 0.248749, var: 0.037936",3.7405940542030285,0.40554692561707406,3.3350471285859546,High
ENSP00000428129,"mean: 0.185449, var: 0.004093","mean: 0.474170, var: 0.005402","mean: 0.505713, var: 0.003730","mean: 0.522168, var: 0.011645","mean: 0.208582, var: 0.005322","mean: 0.607959, var: 0.008873","mean: 0.023524, var: 0.000475","mean: 0.180444, var: 0.000747","mean: 0.217798, var: 0.005239","mean: 0.328931, var: 0.014554","mean: 0.117145, var: 0.001011",3.3259512587084656,0.2982668187666873,3.0276844399417784,High
ENSP00000420578,"mean: 0.165723, var: 0.001657","mean: 0.481055, var: 0.002418","mean: 0.455127, var: 0.005793","mean: 0.562549, var: 0.003589","mean: 0.166479, var: 0.002503","mean: 0.574902, var: 0.002792","mean: 0.055118, var: 0.002003","mean: 0.246289, var: 0.001420","mean: 0.252515, var: 0.009485","mean: 0.355908, var: 0.008768","mean: 0.222644, var: 0.009689",3.5030320489753763,0.2590374738023733,3.2439945751730033,High
ENSP00000363197,"mean: 0.476807, var: 0.009041","mean: 0.182324, var: 0.001058","mean: 0.143469, var: 0.000666","mean: 0.639551, var: 0.002695","mean: 0.253052, var: 0.002758","mean: 0.277319, var: 0.002931","mean: 0.140637, var: 0.001306","mean: 0.454492, var: 0.014005","mean: 0.361768, var: 0.009159","mean: 0.465576, var: 0.001936","mean: 0.212012, var: 0.003475",3.6181880658323418,0.24716671424603429,3.3710213515863074,High
ENSP00000487557,"mean: 0.212646, var: 0.001050","mean: 0.469775, var: 0.004107","mean: 0.447754, var: 0.001873","mean: 0.468066, var: 0.000800","mean: 0.142847, var: 0.001124","mean: 0.372705, var: 0.000539","mean: 0.078210, var: 0.001336","mean: 0.218701, var: 0.002030","mean: 0.229541, var: 0.006181","mean: 0.273438, var: 0.001104","mean: 0.082953, var: 0.004164",3.4756745603814365,0.14213347799879472,3.333541082382642,High
ENSP00000407002,"mean: 0.328052, var: 0.002009","mean: 0.615479, var: 0.005523","mean: 0.392041, var: 0.004991","mean: 0.130005, var: 0.004142","mean: 0.405127, var: 0.005839","mean: 0.516357, var: 0.024123","mean: 0.053040, var: 0.000556","mean: 0.187012, var: 0.008879","mean: 0.432178, var: 0.018181","mean: 0.293677, var: 0.011002","mean: 0.049342, var: 0.004515",3.3442158301773595,0.4032142214864739,2.9410016086908857,High
ENSP00000217185,"mean: 0.222998, var: 0.005550","mean: 0.580225, var: 0.005718","mean: 0.463965, var: 0.002037","mean: 0.441943, var: 0.006381","mean: 0.246362, var: 0.001873","mean: 0.335498, var: 0.002603","mean: 0.010307, var: 0.000127","mean: 0.199524, var: 0.004252","mean: 0.230371, var: 0.000798","mean: 0.290039, var: 0.004045","mean: 0.226538, var: 0.007007",3.4815163373495004,0.21758045948075824,3.263935877868742,High
ENSP00000479486,"mean: 0.246826, var: 0.001395","mean: 0.444531, var: 0.003319","mean: 0.437598, var: 0.002031","mean: 0.247034, var: 0.012674","mean: 0.176025, var: 0.000896","mean: 0.426563, var: 0.003966","mean: 0.027412, var: 0.000949","mean: 0.360352, var: 0.008049","mean: 0.246509, var: 0.003322","mean: 0.232764, var: 0.005434","mean: 0.310400, var: 0.002685",3.5960355804709097,0.2329025008978258,3.363133079573084,High
ENSP00000479441,"mean: 0.486719, var: 0.009558","mean: 0.412793, var: 0.004279","mean: 0.306592, var: 0.003588","mean: 0.184265, var: 0.011561","mean: 0.360400, var: 0.005459","mean: 0.460254, var: 0.002493","mean: 0.020265, var: 0.000455","mean: 0.431543, var: 0.004520","mean: 0.393701, var: 0.010821","mean: 0.329419, var: 0.007582","mean: 0.190833, var: 0.002133",3.6053404816790877,0.30995764530426967,3.295382836374818,High
ENSP00000439667,"mean: 0.166577, var: 0.000540","mean: 0.383203, var: 0.004048","mean: 0.432471, var: 0.004388","mean: 0.401904, var: 0.011260","mean: 0.116272, var: 0.000219","mean: 0.724316, var: 0.006117","mean: 0.130078, var: 0.004342","mean: 0.187695, var: 0.003486","mean: 0.186462, var: 0.002509","mean: 0.283301, var: 0.003586","mean: 0.273376, var: 0.019876",3.483131282194338,0.290166109047088,3.19296517314725,High
ENSP00000412249,"mean: 0.375977, var: 0.007345","mean: 0.485156, var: 0.002131","mean: 0.455859, var: 0.005278","mean: 0.254773, var: 0.013976","mean: 0.344189, var: 0.012029","mean: 0.448096, var: 0.004698","mean: 0.017395, var: 0.000177","mean: 0.233496, var: 0.004453","mean: 0.227051, var: 0.008886","mean: 0.317261, var: 0.008586","mean: 0.080692, var: 0.003775",3.46606293391913,0.3444501361515015,3.1216127977676287,High
ENSP00000306362,"mean: 0.256079, var: 0.004196","mean: 0.491943, var: 0.008202","mean: 0.484082, var: 0.003359","mean: 0.222510, var: 0.006127","mean: 0.078717, var: 0.000951","mean: 0.547314, var: 0.015933","mean: 0.043591, var: 0.001112","mean: 0.377246, var: 0.003168","mean: 0.245923, var: 0.010275","mean: 0.429492, var: 0.011089","mean: 0.132361, var: 0.012921",3.3933305799822717,0.36422527403817223,3.0291053059440993,High
ENSP00000496961,"mean: 0.327148, var: 0.001307","mean: 0.519141, var: 0.000242","mean: 0.405957, var: 0.005046","mean: 0.123682, var: 0.001830","mean: 0.151575, var: 0.001438","mean: 0.161572, var: 0.001810","mean: 0.036978, var: 0.000637","mean: 0.372803, var: 0.000921","mean: 0.530566, var: 0.008213","mean: 0.435596, var: 0.000840","mean: 0.087553, var: 0.008679",3.312126628869979,0.1674747476160447,3.1446518812539344,High
ENSP00000443968,"mean: 0.185693, var: 0.000844","mean: 0.558252, var: 0.007941","mean: 0.611426, var: 0.006245","mean: 0.230127, var: 0.006854","mean: 0.164758, var: 0.003758","mean: 0.455371, var: 0.004703","mean: 0.089252, var: 0.001179","mean: 0.205896, var: 0.006204","mean: 0.202783, var: 0.007823","mean: 0.198608, var: 0.002371","mean: 0.221465, var: 0.038620",3.451784834156915,0.3738522135336309,3.077932620623284,High
ENSP00000431368,"mean: 0.230664, var: 0.001471","mean: 0.494434, var: 0.001659","mean: 0.575586, var: 0.001015","mean: 0.300098, var: 0.002981","mean: 0.124084, var: 0.000935","mean: 0.692187, var: 0.009590","mean: 0.071721, var: 0.002791","mean: 0.237451, var: 0.003678","mean: 0.212500, var: 0.002707","mean: 0.279565, var: 0.006460","mean: 0.221655, var: 0.016663",3.4291018584484276,0.24947442773525236,3.1796274307131753,High
ENSP00000338932,"mean: 0.155493, var: 0.000320","mean: 0.447119, var: 0.000750","mean: 0.533301, var: 0.000457","mean: 0.229846, var: 0.008957","mean: 0.073102, var: 0.000400","mean: 0.356641, var: 0.005125","mean: 0.118018, var: 0.004402","mean: 0.250830, var: 0.006941","mean: 0.211890, var: 0.000739","mean: 0.211047, var: 0.004937","mean: 0.320715, var: 0.016926",3.502365328581903,0.2428460934340682,3.259519235147835,High
ENSP00000435800,"mean: 0.718652, var: 0.014823","mean: 0.225391, var: 0.003076","mean: 0.258911, var: 0.000297","mean: 0.146674, var: 0.009137","mean: 0.411914, var: 0.004613","mean: 0.368750, var: 0.004133","mean: 0.103394, var: 0.002570","mean: 0.503467, var: 0.017211","mean: 0.431445, var: 0.008707","mean: 0.481152, var: 0.007117","mean: 0.155096, var: 0.005350",3.5217185629237306,0.36276288086193376,3.158955682061797,High
ENSP00000416644,"mean: 0.230127, var: 0.001031","mean: 0.537061, var: 0.004258","mean: 0.262817, var: 0.001577","mean: 0.418677, var: 0.012460","mean: 0.161523, var: 0.000490","mean: 0.219312, var: 0.005211","mean: 0.066785, var: 0.002413","mean: 0.221484, var: 0.008611","mean: 0.173987, var: 0.002307","mean: 0.286719, var: 0.008870","mean: 0.076096, var: 0.006960",3.3879555287977863,0.27226655170840564,3.1156889770893805,High
ENSP00000389303,"mean: 0.212036, var: 0.004752","mean: 0.516943, var: 0.005566","mean: 0.442334, var: 0.003475","mean: 0.280981, var: 0.006267","mean: 0.148010, var: 0.001453","mean: 0.515967, var: 0.004971","mean: 0.024415, var: 0.000529","mean: 0.195435, var: 0.002455","mean: 0.290747, var: 0.012842","mean: 0.228052, var: 0.000098","mean: 0.509961, var: 0.026696",3.461030118249245,0.31394296135553995,3.147087156893705,High
ENSP00000493744,"mean: 0.167700, var: 0.000710","mean: 0.631445, var: 0.005903","mean: 0.413428, var: 0.001720","mean: 0.141565, var: 0.003147","mean: 0.066943, var: 0.000398","mean: 0.441748, var: 0.004882","mean: 0.053134, var: 0.002072","mean: 0.286060, var: 0.006568","mean: 0.275635, var: 0.000090","mean: 0.260645, var: 0.006267","mean: 0.271777, var: 0.016328",3.3472921177073984,0.23925235136510573,3.1080397663422925,High
ENSP00000450525,"mean: 0.207007, var: 0.002224","mean: 0.520264, var: 0.001975","mean: 0.405371, var: 0.004174","mean: 0.308496, var: 0.003399","mean: 0.199829, var: 0.003287","mean: 0.277466, var: 0.001764","mean: 0.089105, var: 0.000719","mean: 0.100757, var: 0.000830","mean: 0.143567, var: 0.001353","mean: 0.218945, var: 0.001730","mean: 0.061264, var: 0.002446",3.3013298081573006,0.14378663214029502,3.1575431760170054,High
ENSP00000492536,"mean: 0.142468, var: 0.000947","mean: 0.566602, var: 0.006396","mean: 0.407959, var: 0.006997","mean: 0.650293, var: 0.004922","mean: 0.102686, var: 0.000425","mean: 0.290308, var: 0.002425","mean: 0.153033, var: 0.010711","mean: 0.153674, var: 0.000752","mean: 0.214307, var: 0.013268","mean: 0.115729, var: 0.001932","mean: 0.579932, var: 0.012645",3.308623271033541,0.29636939184558264,3.0122538791879583,High
ENSP00000430889,"mean: 0.222705, var: 0.001246","mean: 0.471680, var: 0.004290","mean: 0.508643, var: 0.004443","mean: 0.320703, var: 0.005708","mean: 0.124719, var: 0.001207","mean: 0.246704, var: 0.003133","mean: 0.147357, var: 0.005549","mean: 0.226465, var: 0.003515","mean: 0.192456, var: 0.000869","mean: 0.295215, var: 0.002705","mean: 0.141217, var: 0.010377",3.574658380734098,0.22965596862011087,3.345002412113987,High
ENSP00000425460,"mean: 0.596973, var: 0.009166","mean: 0.249512, var: 0.002728","mean: 0.301758, var: 0.000234","mean: 0.170886, var: 0.003531","mean: 0.121277, var: 0.001440","mean: 0.537158, var: 0.002675","mean: 0.189526, var: 0.006232","mean: 0.632031, var: 0.019735","mean: 0.131714, var: 0.000304","mean: 0.363110, var: 0.015886","mean: 0.373535, var: 0.006439",3.515388318830635,0.31615269959639414,3.1992356192342406,High
ENSP00000393696,"mean: 0.128528, var: 0.000224","mean: 0.300928, var: 0.006362","mean: 0.421191, var: 0.015815","mean: 0.691406, var: 0.001977","mean: 0.084045, var: 0.000327","mean: 0.422852, var: 0.001765","mean: 0.131390, var: 0.006091","mean: 0.223291, var: 0.004171","mean: 0.106940, var: 0.002574","mean: 0.173145, var: 0.004655","mean: 0.263672, var: 0.035291",3.312124695388614,0.3380515664291163,2.974073128959498,High
ENSP00000455767,"mean: 0.195520, var: 0.003541","mean: 0.364990, var: 0.014286","mean: 0.314795, var: 0.004645","mean: 0.425830, var: 0.018116","mean: 0.157922, var: 0.002896","mean: 0.569385, var: 0.016415","mean: 0.073653, var: 0.003970","mean: 0.408398, var: 0.021531","mean: 0.168213, var: 0.011316","mean: 0.257910, var: 0.003794","mean: 0.278845, var: 0.035121",3.589812149781432,0.5567491768099909,3.033062972971441,High
ENSP00000460301,"mean: 0.351367, var: 0.005359","mean: 0.426074, var: 0.001769","mean: 0.407959, var: 0.002204","mean: 0.085342, var: 0.002368","mean: 0.219019, var: 0.003262","mean: 0.273755, var: 0.004213","mean: 0.013916, var: 0.000239","mean: 0.297266, var: 0.007511","mean: 0.272241, var: 0.013703","mean: 0.513867, var: 0.015792","mean: 0.089499, var: 0.009834",3.3265171096928925,0.3172292695604307,3.009287840132462,High
ENSP00000446783,"mean: 0.134607, var: 0.000369","mean: 0.493652, var: 0.003635","mean: 0.480322, var: 0.009805","mean: 0.361914, var: 0.003395","mean: 0.096082, var: 0.000333","mean: 0.261475, var: 0.000727","mean: 0.340039, var: 0.014647","mean: 0.272607, var: 0.002771","mean: 0.202100, var: 0.004937","mean: 0.170642, var: 0.002554","mean: 0.105475, var: 0.003617",3.4975330259397013,0.2358954595084975,3.2616375664312036,High
ENSP00000446665,"mean: 0.189661, var: 0.002772","mean: 0.511133, var: 0.007046","mean: 0.472803, var: 0.007976","mean: 0.365820, var: 0.005236","mean: 0.157825, var: 0.002862","mean: 0.459961, var: 0.001902","mean: 0.178235, var: 0.006193","mean: 0.213257, var: 0.002459","mean: 0.180701, var: 0.004169","mean: 0.235205, var: 0.005728","mean: 0.130725, var: 0.001363",3.581473108932424,0.2536207508059634,3.3278523581264605,High
ENSP00000443772,"mean: 0.510059, var: 0.013554","mean: 0.489014, var: 0.004433","mean: 0.327905, var: 0.009428","mean: 0.400708, var: 0.044023","mean: 0.373779, var: 0.011413","mean: 0.285010, var: 0.003705","mean: 0.020025, var: 0.000390","mean: 0.183447, var: 0.000523","mean: 0.271729, var: 0.002918","mean: 0.243506, var: 0.004918","mean: 0.165747, var: 0.027329",3.536208438785992,0.4841266556404882,3.0520817831455034,High
ENSP00000435556,"mean: 0.482129, var: 0.002871","mean: 0.528662, var: 0.001968","mean: 0.380908, var: 0.002101","mean: 0.116382, var: 0.001190","mean: 0.459033, var: 0.003523","mean: 0.263647, var: 0.002208","mean: 0.056561, var: 0.000551","mean: 0.413623, var: 0.009763","mean: 0.286328, var: 0.000528","mean: 0.440723, var: 0.000997","mean: 0.171997, var: 0.006110",3.565144601676631,0.17478842822547372,3.390356173451157,High
ENSP00000424323,"mean: 0.143579, var: 0.001306","mean: 0.561865, var: 0.006460","mean: 0.484082, var: 0.004041","mean: 0.260815, var: 0.006996","mean: 0.128577, var: 0.001283","mean: 0.434375, var: 0.002559","mean: 0.032418, var: 0.001078","mean: 0.187146, var: 0.002831","mean: 0.189624, var: 0.002394","mean: 0.222168, var: 0.002824","mean: 0.396509, var: 0.014515",3.371335044256768,0.23847886032705568,3.1328561839297127,High
ENSP00000434141,"mean: 0.210547, var: 0.001852","mean: 0.452441, var: 0.005544","mean: 0.340063, var: 0.003176","mean: 0.449902, var: 0.007645","mean: 0.135651, var: 0.002621","mean: 0.695703, var: 0.002069","mean: 0.070273, var: 0.001355","mean: 0.204761, var: 0.002047","mean: 0.146082, var: 0.001414","mean: 0.312646, var: 0.003261","mean: 0.189001, var: 0.003223",3.4071484098524034,0.19241132106252304,3.2147370887898803,High
ENSP00000401748,"mean: 0.119666, var: 0.001330","mean: 0.556104, var: 0.006838","mean: 0.381982, var: 0.002845","mean: 0.344189, var: 0.025910","mean: 0.077405, var: 0.000960","mean: 0.330518, var: 0.006136","mean: 0.298438, var: 0.024460","mean: 0.279224, var: 0.009968","mean: 0.267139, var: 0.015877","mean: 0.258899, var: 0.007040","mean: 0.190085, var: 0.023431",3.614217008038427,0.51747548213683,3.0967415259015967,High
ENSP00000463892,"mean: 0.379199, var: 0.004201","mean: 0.387402, var: 0.000501","mean: 0.441016, var: 0.001820","mean: 0.125128, var: 0.003255","mean: 0.178870, var: 0.004653","mean: 0.305786, var: 0.007118","mean: 0.051175, var: 0.003300","mean: 0.392432, var: 0.005120","mean: 0.509277, var: 0.010892","mean: 0.494873, var: 0.004341","mean: 0.137012, var: 0.021446",3.509656902325176,0.31821580013718487,3.191441102187991,High
ENSP00000453357,"mean: 0.263550, var: 0.005836","mean: 0.412402, var: 0.001488","mean: 0.365332, var: 0.003188","mean: 0.464697, var: 0.014910","mean: 0.232324, var: 0.004477","mean: 0.605762, var: 0.003141","mean: 0.022007, var: 0.000564","mean: 0.256274, var: 0.002953","mean: 0.271704, var: 0.013106","mean: 0.391504, var: 0.011457","mean: 0.215186, var: 0.000779",3.5681545134848776,0.29807229550648495,3.2700822179783926,High
ENSP00000343218,"mean: 0.153271, var: 0.001408","mean: 0.464648, var: 0.003649","mean: 0.532861, var: 0.001392","mean: 0.343799, var: 0.007170","mean: 0.120398, var: 0.001183","mean: 0.504297, var: 0.018271","mean: 0.010532, var: 0.000100","mean: 0.177271, var: 0.004994","mean: 0.235596, var: 0.003596","mean: 0.177161, var: 0.006410","mean: 0.219963, var: 0.031281",3.2811635950435263,0.3437678505342665,2.93739574450926,High
ENSP00000479447,"mean: 0.109277, var: 0.000504","mean: 0.501318, var: 0.012207","mean: 0.412598, var: 0.004936","mean: 0.616211, var: 0.006102","mean: 0.075464, var: 0.000511","mean: 0.585645, var: 0.004708","mean: 0.258472, var: 0.003361","mean: 0.188086, var: 0.003394","mean: 0.110541, var: 0.001669","mean: 0.212598, var: 0.001533","mean: 0.220862, var: 0.006131",3.3302037098992927,0.23432453007101064,3.095879179828282,High
ENSP00000409858,"mean: 0.213354, var: 0.000811","mean: 0.468408, var: 0.001885","mean: 0.620215, var: 0.000262","mean: 0.230859, var: 0.003585","mean: 0.143335, var: 0.000744","mean: 0.335205, var: 0.004497","mean: 0.037732, var: 0.000818","mean: 0.191699, var: 0.003364","mean: 0.132251, var: 0.001125","mean: 0.215308, var: 0.004018","mean: 0.161981, var: 0.015077",3.2977145004571553,0.18763113121378522,3.11008336924337,High
ENSP00000505503,"mean: 0.156299, var: 0.001099","mean: 0.449805, var: 0.006212","mean: 0.373291, var: 0.007655","mean: 0.665430, var: 0.002591","mean: 0.113660, var: 0.000401","mean: 0.462305, var: 0.001988","mean: 0.218323, var: 0.009959","mean: 0.136975, var: 0.001227","mean: 0.098486, var: 0.000268","mean: 0.190967, var: 0.003676","mean: 0.234631, var: 0.015959",3.3813257408841877,0.2502633734435229,3.1310623674406646,High
ENSP00000493139,"mean: 0.253833, var: 0.001020","mean: 0.258984, var: 0.002253","mean: 0.209229, var: 0.000690","mean: 0.634082, var: 0.006227","mean: 0.073346, var: 0.000101","mean: 0.386963, var: 0.002994","mean: 0.076260, var: 0.003594","mean: 0.409424, var: 0.009470","mean: 0.296387, var: 0.002969","mean: 0.357324, var: 0.007080","mean: 0.177100, var: 0.006449",3.4697065983287745,0.22495434287174543,3.244752255457029,High
ENSP00000482498,"mean: 0.253882, var: 0.001136","mean: 0.381641, var: 0.001080","mean: 0.371045, var: 0.002124","mean: 0.546436, var: 0.004955","mean: 0.101245, var: 0.000649","mean: 0.529150, var: 0.003739","mean: 0.348120, var: 0.014211","mean: 0.237354, var: 0.002791","mean: 0.137292, var: 0.002738","mean: 0.184241, var: 0.002546","mean: 0.340967, var: 0.027223",3.642265191025957,0.28643966063805065,3.3558255303879063,High
ENSP00000414661,"mean: 0.162927, var: 0.005347","mean: 0.595508, var: 0.005205","mean: 0.509375, var: 0.001916","mean: 0.425269, var: 0.020025","mean: 0.068436, var: 0.000994","mean: 0.530957, var: 0.008920","mean: 0.122723, var: 0.015531","mean: 0.219238, var: 0.001971","mean: 0.290894, var: 0.016992","mean: 0.419629, var: 0.029162","mean: 0.173099, var: 0.036733",3.448556073248104,0.5652696505038974,2.8832864227442068,High
ENSP00000407464,"mean: 0.311523, var: 0.001333","mean: 0.573730, var: 0.003373","mean: 0.350293, var: 0.000704","mean: 0.305005, var: 0.008851","mean: 0.313330, var: 0.002895","mean: 0.409277, var: 0.008753","mean: 0.026281, var: 0.000333","mean: 0.215076, var: 0.005706","mean: 0.243555, var: 0.002108","mean: 0.376123, var: 0.000766","mean: 0.048560, var: 0.003694",3.4257936854027156,0.20468674272408469,3.221106942678631,High
ENSP00000471518,"mean: 0.241089, var: 0.001766","mean: 0.201758, var: 0.002394","mean: 0.146228, var: 0.000791","mean: 0.780859, var: 0.003188","mean: 0.164563, var: 0.002561","mean: 0.385596, var: 0.005153","mean: 0.361853, var: 0.042014","mean: 0.197461, var: 0.002365","mean: 0.332739, var: 0.019207","mean: 0.364307, var: 0.007552","mean: 0.031288, var: 0.000671",3.335177673448478,0.35724158346144097,2.977936089987037,High
ENSP00000420568,"mean: 0.176697, var: 0.003317","mean: 0.493945, var: 0.005499","mean: 0.440137, var: 0.006453","mean: 0.544336, var: 0.008828","mean: 0.205591, var: 0.002286","mean: 0.430469, var: 0.002044","mean: 0.032001, var: 0.001231","mean: 0.161060, var: 0.000511","mean: 0.137769, var: 0.002148","mean: 0.244409, var: 0.005439","mean: 0.130603, var: 0.001571",3.322511279105365,0.2122240474319631,3.110287231673402,High
ENSP00000499772,"mean: 0.200488, var: 0.001111","mean: 0.321240, var: 0.009229","mean: 0.311450, var: 0.006076","mean: 0.509961, var: 0.011063","mean: 0.105365, var: 0.001353","mean: 0.481445, var: 0.007022","mean: 0.097675, var: 0.003522","mean: 0.367163, var: 0.021695","mean: 0.157581, var: 0.011275","mean: 0.313940, var: 0.004879","mean: 0.179611, var: 0.013397",3.5410909150183123,0.41270821539684904,3.128382699621463,High
ENSP00000355831,"mean: 0.127002, var: 0.000415","mean: 0.466602, var: 0.008854","mean: 0.415869, var: 0.008481","mean: 0.556152, var: 0.001233","mean: 0.087762, var: 0.000795","mean: 0.454639, var: 0.004356","mean: 0.258008, var: 0.007796","mean: 0.238916, var: 0.006889","mean: 0.105884, var: 0.000990","mean: 0.198071, var: 0.000744","mean: 0.322021, var: 0.029478",3.4957743504314585,0.31138054746903915,3.1843938029624193,High
ENSP00000505087,"mean: 0.260571, var: 0.001936","mean: 0.481934, var: 0.003144","mean: 0.527930, var: 0.001019","mean: 0.203320, var: 0.002037","mean: 0.198633, var: 0.002346","mean: 0.350049, var: 0.003098","mean: 0.069800, var: 0.001178","mean: 0.215723, var: 0.003232","mean: 0.203809, var: 0.003181","mean: 0.284766, var: 0.002179","mean: 0.142761, var: 0.011133",3.528277375056561,0.19015950816910843,3.3381178668874525,High
ENSP00000502095,"mean: 0.276953, var: 0.001330","mean: 0.427734, var: 0.002344","mean: 0.384912, var: 0.000755","mean: 0.423584, var: 0.005069","mean: 0.171436, var: 0.001337","mean: 0.445117, var: 0.001429","mean: 0.188184, var: 0.003173","mean: 0.325659, var: 0.005529","mean: 0.312476, var: 0.006279","mean: 0.370459, var: 0.003093","mean: 0.324585, var: 0.012019",3.8890733384458285,0.22326584376161757,3.665807494684211,High
ENSP00000464419,"mean: 0.168408, var: 0.002250","mean: 0.536328, var: 0.003342","mean: 0.537939, var: 0.005464","mean: 0.439111, var: 0.011478","mean: 0.142017, var: 0.001851","mean: 0.444775, var: 0.001915","mean: 0.038474, var: 0.000942","mean: 0.315405, var: 0.005826","mean: 0.188647, var: 0.001676","mean: 0.190796, var: 0.000888","mean: 0.294568, var: 0.011087",3.4466125549712574,0.2395489122512111,3.2070636427200463,High
ENSP00000502101,"mean: 0.222168, var: 0.001562","mean: 0.559277, var: 0.005955","mean: 0.378125, var: 0.006924","mean: 0.132727, var: 0.004747","mean: 0.104736, var: 0.001195","mean: 0.379590, var: 0.006285","mean: 0.084229, var: 0.007068","mean: 0.250586, var: 0.002803","mean: 0.229431, var: 0.008658","mean: 0.310425, var: 0.015309","mean: 0.276508, var: 0.026055",3.510552393518366,0.39195504603483866,3.1185973474835276,High
ENSP00000464089,"mean: 0.403271, var: 0.006890","mean: 0.534375, var: 0.002246","mean: 0.507275, var: 0.003709","mean: 0.125208, var: 0.002219","mean: 0.240479, var: 0.004163","mean: 0.245239, var: 0.016469","mean: 0.030499, var: 0.000504","mean: 0.147314, var: 0.001415","mean: 0.287720, var: 0.005721","mean: 0.469189, var: 0.013428","mean: 0.113881, var: 0.006147",3.342429431205986,0.3045901971354868,3.0378392340704994,High
ENSP00000430095,"mean: 0.408398, var: 0.002489","mean: 0.455225, var: 0.004904","mean: 0.370996, var: 0.006539","mean: 0.109729, var: 0.003204","mean: 0.142578, var: 0.000843","mean: 0.561035, var: 0.008406","mean: 0.047461, var: 0.001042","mean: 0.414404, var: 0.009312","mean: 0.433936, var: 0.006280","mean: 0.538672, var: 0.013480","mean: 0.139227, var: 0.014891",3.4160344079919067,0.341675812293034,3.0743585956988726,High
ENSP00000406980,"mean: 0.354346, var: 0.002123","mean: 0.504785, var: 0.001950","mean: 0.333350, var: 0.002017","mean: 0.202637, var: 0.006290","mean: 0.315625, var: 0.002043","mean: 0.450879, var: 0.007438","mean: 0.127832, var: 0.002196","mean: 0.279248, var: 0.006283","mean: 0.181982, var: 0.001639","mean: 0.281445, var: 0.004134","mean: 0.120900, var: 0.007197",3.6670290051318615,0.23275008086970278,3.4342789242621587,High
ENSP00000454124,"mean: 0.173462, var: 0.001497","mean: 0.526172, var: 0.003427","mean: 0.480078, var: 0.005649","mean: 0.380566, var: 0.005696","mean: 0.146179, var: 0.000706","mean: 0.344727, var: 0.001391","mean: 0.061308, var: 0.002490","mean: 0.245190, var: 0.001880","mean: 0.272192, var: 0.006151","mean: 0.228247, var: 0.002396","mean: 0.220068, var: 0.004759",3.550273256719661,0.20010080463184382,3.350172452087817,High
ENSP00000421209,"mean: 0.166675, var: 0.000382","mean: 0.465674, var: 0.002732","mean: 0.509717, var: 0.001558","mean: 0.317456, var: 0.015866","mean: 0.121936, var: 0.000259","mean: 0.465918, var: 0.006831","mean: 0.062988, var: 0.002227","mean: 0.243335, var: 0.006673","mean: 0.197839, var: 0.004139","mean: 0.260425, var: 0.003454","mean: 0.138721, var: 0.013460",3.4377324647453062,0.27845555639404845,3.159276908351258,High
ENSP00000404242,"mean: 0.412256, var: 0.008913","mean: 0.341895, var: 0.003001","mean: 0.314966, var: 0.004069","mean: 0.586426, var: 0.003000","mean: 0.318018, var: 0.006986","mean: 0.266528, var: 0.002200","mean: 0.122205, var: 0.004385","mean: 0.398291, var: 0.008915","mean: 0.161499, var: 0.001882","mean: 0.198047, var: 0.001532","mean: 0.081400, var: 0.002061",3.568721957744652,0.24784101275470397,3.320880944989948,High
ENSP00000453826,"mean: 0.246069, var: 0.003632","mean: 0.400488, var: 0.001271","mean: 0.505029, var: 0.005559","mean: 0.210242, var: 0.011576","mean: 0.173975, var: 0.000403","mean: 0.476660, var: 0.003194","mean: 0.055042, var: 0.001666","mean: 0.268579, var: 0.004368","mean: 0.246411, var: 0.002892","mean: 0.240649, var: 0.001859","mean: 0.299292, var: 0.011763",3.603483659946241,0.24611318283182507,3.357370477114416,High
ENSP00000504953,"mean: 0.246899, var: 0.001263","mean: 0.392432, var: 0.004350","mean: 0.496973, var: 0.006336","mean: 0.360156, var: 0.006735","mean: 0.121436, var: 0.000570","mean: 0.195068, var: 0.000860","mean: 0.068677, var: 0.001227","mean: 0.216089, var: 0.001928","mean: 0.226013, var: 0.004441","mean: 0.312573, var: 0.001244","mean: 0.049118, var: 0.001793",3.3652130945171277,0.1721507769496332,3.1930623175674944,High
ENSP00000450740,"mean: 0.162366, var: 0.000873","mean: 0.326123, var: 0.002860","mean: 0.553711, var: 0.014814","mean: 0.284985, var: 0.004017","mean: 0.108679, var: 0.000771","mean: 0.177173, var: 0.000572","mean: 0.310937, var: 0.006267","mean: 0.249097, var: 0.005339","mean: 0.068622, var: 0.000163","mean: 0.091724, var: 0.000393","mean: 0.172375, var: 0.009201",3.308922526897157,0.22462885071149435,3.0842936761856627,High
ENSP00000323414,"mean: 0.211572, var: 0.002206","mean: 0.506787, var: 0.003312","mean: 0.448682, var: 0.004612","mean: 0.313770, var: 0.004265","mean: 0.195532, var: 0.002664","mean: 0.433594, var: 0.003197","mean: 0.083850, var: 0.002388","mean: 0.304199, var: 0.003143","mean: 0.324829, var: 0.011667","mean: 0.336865, var: 0.005630","mean: 0.180811, var: 0.007065",3.6886753609901533,0.26325564254078787,3.4254197184493655,High
ENSP00000503038,"mean: 0.301807, var: 0.001415","mean: 0.434277, var: 0.003892","mean: 0.367627, var: 0.000617","mean: 0.417041, var: 0.002786","mean: 0.127026, var: 0.001449","mean: 0.610645, var: 0.000923","mean: 0.115244, var: 0.005105","mean: 0.280176, var: 0.010679","mean: 0.208789, var: 0.004192","mean: 0.303491, var: 0.006762","mean: 0.243073, var: 0.035800",3.657904127232384,0.31910775568126704,3.338796371551117,High
ENSP00000486916,"mean: 0.208057, var: 0.001216","mean: 0.503320, var: 0.004685","mean: 0.423877, var: 0.000530","mean: 0.153491, var: 0.004231","mean: 0.189636, var: 0.001969","mean: 0.490234, var: 0.019844","mean: 0.017373, var: 0.000219","mean: 0.246265, var: 0.006676","mean: 0.365967, var: 0.006204","mean: 0.197229, var: 0.002544","mean: 0.343225, var: 0.063656",3.4590341555066795,0.4078040079116609,3.0512301475950188,High
ENSP00000462962,"mean: 0.158997, var: 0.000599","mean: 0.419482, var: 0.016786","mean: 0.415332, var: 0.003101","mean: 0.516895, var: 0.007910","mean: 0.065860, var: 0.001529","mean: 0.641748, var: 0.019700","mean: 0.088153, var: 0.003253","mean: 0.251685, var: 0.026976","mean: 0.123654, var: 0.011760","mean: 0.265259, var: 0.004977","mean: 0.181856, var: 0.009827",3.308426824887416,0.4566846456571661,2.85174217923025,High
ENSP00000456998,"mean: 0.146143, var: 0.000728","mean: 0.539307, var: 0.012282","mean: 0.523438, var: 0.002285","mean: 0.297510, var: 0.016229","mean: 0.202563, var: 0.001035","mean: 0.551025, var: 0.004153","mean: 0.028389, var: 0.001220","mean: 0.246533, var: 0.016151","mean: 0.158777, var: 0.002657","mean: 0.222559, var: 0.007119","mean: 0.179907, var: 0.002601",3.3469292362917162,0.3112213235498746,3.0357079127418416,High
ENSP00000339093,"mean: 0.544629, var: 0.004398","mean: 0.396338, var: 0.001545","mean: 0.342334, var: 0.001609","mean: 0.225415, var: 0.005273","mean: 0.258521, var: 0.002837","mean: 0.446338, var: 0.004410","mean: 0.063577, var: 0.003353","mean: 0.428564, var: 0.008024","mean: 0.267993, var: 0.009485","mean: 0.433594, var: 0.008538","mean: 0.191458, var: 0.011252",3.6803558974576465,0.3055997219334894,3.374756175524157,High
ENSP00000451510,"mean: 0.190552, var: 0.000808","mean: 0.458252, var: 0.002625","mean: 0.452148, var: 0.003408","mean: 0.403955, var: 0.004092","mean: 0.123767, var: 0.001225","mean: 0.354834, var: 0.000546","mean: 0.094736, var: 0.002135","mean: 0.148987, var: 0.000884","mean: 0.185864, var: 0.002533","mean: 0.261816, var: 0.000177","mean: 0.126886, var: 0.008340",3.4572798694597355,0.15147296902227161,3.3058069004374637,High
ENSP00000434474,"mean: 0.216675, var: 0.000926","mean: 0.535059, var: 0.003574","mean: 0.407813, var: 0.001990","mean: 0.388818, var: 0.005692","mean: 0.227100, var: 0.001680","mean: 0.513184, var: 0.004275","mean: 0.043811, var: 0.001094","mean: 0.235425, var: 0.001714","mean: 0.246680, var: 0.001637","mean: 0.343018, var: 0.002504","mean: 0.148425, var: 0.004718",3.551050013668994,0.17159598393591702,3.379454029733077,High
ENSP00000404012,"mean: 0.207910, var: 0.004923","mean: 0.449658, var: 0.002873","mean: 0.453418, var: 0.003302","mean: 0.441699, var: 0.017635","mean: 0.199243, var: 0.004860","mean: 0.619629, var: 0.004206","mean: 0.031853, var: 0.000732","mean: 0.209570, var: 0.000584","mean: 0.300977, var: 0.015157","mean: 0.306641, var: 0.006554","mean: 0.176331, var: 0.002232",3.4906478031119206,0.301650073645539,3.1889977294663816,High
ENSP00000498848,"mean: 0.206714, var: 0.001306","mean: 0.402002, var: 0.004931","mean: 0.372168, var: 0.004900","mean: 0.544482, var: 0.001249","mean: 0.091168, var: 0.000531","mean: 0.469189, var: 0.003489","mean: 0.152051, var: 0.004200","mean: 0.234229, var: 0.005325","mean: 0.098254, var: 0.001414","mean: 0.233057, var: 0.000696","mean: 0.237610, var: 0.011174",3.4997304090065353,0.20844209413267897,3.2912883148738565,High
ENSP00000489370,"mean: 0.250415, var: 0.002876","mean: 0.462061, var: 0.003486","mean: 0.417627, var: 0.002108","mean: 0.479639, var: 0.004465","mean: 0.137671, var: 0.001651","mean: 0.527100, var: 0.005652","mean: 0.107538, var: 0.004346","mean: 0.277319, var: 0.003388","mean: 0.256348, var: 0.005710","mean: 0.309009, var: 0.002122","mean: 0.195081, var: 0.002381",3.657208892917257,0.2133807797653463,3.4438281131519104,High
ENSP00000402322,"mean: 0.364648, var: 0.002015","mean: 0.492236, var: 0.003514","mean: 0.439990, var: 0.003792","mean: 0.118320, var: 0.004040","mean: 0.166406, var: 0.001475","mean: 0.221094, var: 0.004843","mean: 0.050082, var: 0.002410","mean: 0.170972, var: 0.000401","mean: 0.234058, var: 0.006509","mean: 0.326733, var: 0.003151","mean: 0.089011, var: 0.004598",3.3352497014695444,0.20453692413388397,3.1307127773356602,High
ENSP00000431233,"mean: 0.216675, var: 0.001071","mean: 0.375879, var: 0.007468","mean: 0.257642, var: 0.003547","mean: 0.609473, var: 0.004673","mean: 0.118799, var: 0.000696","mean: 0.653711, var: 0.008485","mean: 0.170898, var: 0.002545","mean: 0.319409, var: 0.019318","mean: 0.167053, var: 0.005215","mean: 0.348828, var: 0.010594","mean: 0.133783, var: 0.004124",3.4832080802785366,0.324189415406405,3.1590186648721317,High
ENSP00000421839,"mean: 0.215527, var: 0.002114","mean: 0.465479, var: 0.004312","mean: 0.356860, var: 0.004793","mean: 0.458398, var: 0.003077","mean: 0.148315, var: 0.001468","mean: 0.375195, var: 0.000494","mean: 0.036295, var: 0.000939","mean: 0.323730, var: 0.004295","mean: 0.266357, var: 0.007808","mean: 0.330811, var: 0.003579","mean: 0.185510, var: 0.003852",3.5791412978104358,0.2026536443411598,3.376487653469276,High
ENSP00000392767,"mean: 0.329834, var: 0.004071","mean: 0.616895, var: 0.004740","mean: 0.337695, var: 0.013776","mean: 0.261646, var: 0.008575","mean: 0.336816, var: 0.002570","mean: 0.153101, var: 0.003935","mean: 0.028563, var: 0.000499","mean: 0.193652, var: 0.000143","mean: 0.283008, var: 0.005774","mean: 0.225732, var: 0.005061","mean: 0.083910, var: 0.005856",3.355717826688459,0.27640277395451285,3.079315052733946,High
ENSP00000372656,"mean: 0.153906, var: 0.000207","mean: 0.497168, var: 0.003711","mean: 0.379248, var: 0.005163","mean: 0.503076, var: 0.003112","mean: 0.059906, var: 0.000393","mean: 0.469434, var: 0.001832","mean: 0.269434, var: 0.008030","mean: 0.320020, var: 0.008635","mean: 0.183569, var: 0.002666","mean: 0.353955, var: 0.002359","mean: 0.263245, var: 0.006088",3.620518790744556,0.22320640292923727,3.397312387815319,High
ENSP00000350398,"mean: 0.152661, var: 0.000735","mean: 0.560059, var: 0.004817","mean: 0.512354, var: 0.004334","mean: 0.434668, var: 0.005251","mean: 0.117615, var: 0.000254","mean: 0.309668, var: 0.000651","mean: 0.080341, var: 0.002344","mean: 0.143274, var: 0.000831","mean: 0.168213, var: 0.001773","mean: 0.208789, var: 0.001447","mean: 0.159131, var: 0.007175",3.3314782183934,0.16523816196639363,3.1662400564270063,High
ENSP00000506567,"mean: 0.202734, var: 0.001492","mean: 0.524658, var: 0.004713","mean: 0.321704, var: 0.002381","mean: 0.440723, var: 0.006762","mean: 0.195117, var: 0.001868","mean: 0.371191, var: 0.003378","mean: 0.296997, var: 0.016774","mean: 0.129529, var: 0.002410","mean: 0.089825, var: 0.000388","mean: 0.226733, var: 0.003560","mean: 0.127011, var: 0.010757",3.5149380270207136,0.26905834614810553,3.245879680872608,High
ENSP00000482941,"mean: 0.324268, var: 0.001600","mean: 0.575098, var: 0.001296","mean: 0.281372, var: 0.003780","mean: 0.157849, var: 0.004120","mean: 0.261987, var: 0.003118","mean: 0.532764, var: 0.001741","mean: 0.157404, var: 0.024733","mean: 0.180420, var: 0.001495","mean: 0.134351, var: 0.001082","mean: 0.245386, var: 0.002302","mean: 0.056343, var: 0.001751",3.3944217059377784,0.2253970606835133,3.169024645254265,High
ENSP00000475468,"mean: 0.211768, var: 0.000531","mean: 0.415332, var: 0.001775","mean: 0.436523, var: 0.001448","mean: 0.249731, var: 0.005947","mean: 0.108557, var: 0.000309","mean: 0.482275, var: 0.008198","mean: 0.163611, var: 0.005477","mean: 0.230811, var: 0.010218","mean: 0.163013, var: 0.000638","mean: 0.246057, var: 0.007781","mean: 0.176312, var: 0.019070",3.576000967586171,0.2904091464436688,3.285591821142502,High
ENSP00000463707,"mean: 0.188184, var: 0.000669","mean: 0.538770, var: 0.002658","mean: 0.491064, var: 0.000801","mean: 0.453857, var: 0.002578","mean: 0.121387, var: 0.000952","mean: 0.453467, var: 0.001608","mean: 0.278979, var: 0.003460","mean: 0.258008, var: 0.006717","mean: 0.181226, var: 0.000587","mean: 0.287646, var: 0.005052","mean: 0.086905, var: 0.008100",3.5558483003076993,0.18199901633313018,3.373849283974569,High
ENSP00000453788,"mean: 0.205005, var: 0.000295","mean: 0.457471, var: 0.002097","mean: 0.437500, var: 0.005077","mean: 0.487158, var: 0.004211","mean: 0.123865, var: 0.000653","mean: 0.523633, var: 0.005099","mean: 0.144519, var: 0.002576","mean: 0.224414, var: 0.004165","mean: 0.209229, var: 0.002983","mean: 0.334326, var: 0.003855","mean: 0.114563, var: 0.005550",3.5488294764355834,0.20267901631218835,3.346150460123395,High
ENSP00000443808,"mean: 0.193481, var: 0.001452","mean: 0.424756, var: 0.004075","mean: 0.342676, var: 0.003904","mean: 0.390527, var: 0.010702","mean: 0.112415, var: 0.000962","mean: 0.625684, var: 0.003474","mean: 0.174829, var: 0.005911","mean: 0.227881, var: 0.002355","mean: 0.153723, var: 0.004319","mean: 0.251221, var: 0.002503","mean: 0.128009, var: 0.003307",3.49473078967861,0.2304508723041847,3.2642799173744255,High
ENSP00000458914,"mean: 0.182764, var: 0.001238","mean: 0.496777, var: 0.004903","mean: 0.521387, var: 0.001616","mean: 0.398389, var: 0.006801","mean: 0.145667, var: 0.001749","mean: 0.573242, var: 0.008492","mean: 0.052737, var: 0.001239","mean: 0.137317, var: 0.000256","mean: 0.273682, var: 0.010470","mean: 0.209058, var: 0.000252","mean: 0.148584, var: 0.003341",3.356918294619519,0.2095651605670234,3.1473531340524956,High
ENSP00000471320,"mean: 0.143677, var: 0.000659","mean: 0.401709, var: 0.004293","mean: 0.357764, var: 0.009831","mean: 0.619434, var: 0.007345","mean: 0.121924, var: 0.000293","mean: 0.472998, var: 0.002727","mean: 0.118579, var: 0.004044","mean: 0.194165, var: 0.006906","mean: 0.110577, var: 0.001342","mean: 0.243188, var: 0.001234","mean: 0.170038, var: 0.010996",3.379917661948926,0.25162329312805176,3.1282943688208746,High
ENSP00000466948,"mean: 0.276758, var: 0.002416","mean: 0.417920, var: 0.004494","mean: 0.475488, var: 0.001701","mean: 0.190015, var: 0.004166","mean: 0.076349, var: 0.000597","mean: 0.539697, var: 0.002471","mean: 0.097128, var: 0.003042","mean: 0.220007, var: 0.007781","mean: 0.147998, var: 0.003239","mean: 0.221924, var: 0.004027","mean: 0.132886, var: 0.014859",3.363073830313826,0.2505226872750407,3.1125511430387856,High
ENSP00000421278,"mean: 0.154297, var: 0.000524","mean: 0.508057, var: 0.004684","mean: 0.621094, var: 0.001462","mean: 0.101172, var: 0.003289","mean: 0.105273, var: 0.000373","mean: 0.223181, var: 0.004846","mean: 0.101221, var: 0.002924","mean: 0.208350, var: 0.002835","mean: 0.320581, var: 0.003140","mean: 0.237891, var: 0.007264","mean: 0.162909, var: 0.009888",3.292249912854457,0.21940073181067138,3.0728491810437855,High
ENSP00000404471,"mean: 0.224561, var: 0.001284","mean: 0.264917, var: 0.002205","mean: 0.201831, var: 0.003317","mean: 0.653613, var: 0.003481","mean: 0.230078, var: 0.003618","mean: 0.309253, var: 0.007771","mean: 0.023901, var: 0.000370","mean: 0.251978, var: 0.002124","mean: 0.200195, var: 0.003916","mean: 0.287231, var: 0.001575","mean: 0.134167, var: 0.001294",3.375631682598713,0.17523276043222713,3.2003989221664857,High
ENSP00000450530,"mean: 0.186646, var: 0.001038","mean: 0.415771, var: 0.001947","mean: 0.511230, var: 0.003992","mean: 0.392627, var: 0.003374","mean: 0.140942, var: 0.001458","mean: 0.338135, var: 0.000245","mean: 0.091351, var: 0.001627","mean: 0.155725, var: 0.001855","mean: 0.170898, var: 0.002033","mean: 0.213086, var: 0.000284","mean: 0.136041, var: 0.009021",3.442001371692057,0.1516054603558595,3.2903959113361974,High
ENSP00000445750,"mean: 0.156995, var: 0.001491","mean: 0.515625, var: 0.010247","mean: 0.410229, var: 0.009958","mean: 0.392725, var: 0.004845","mean: 0.163452, var: 0.001241","mean: 0.374268, var: 0.003698","mean: 0.229834, var: 0.008043","mean: 0.194995, var: 0.005710","mean: 0.095807, var: 0.000632","mean: 0.164795, var: 0.000722","mean: 0.197021, var: 0.002923",3.527296562668812,0.2526102413205285,3.2746863213482835,High
ENSP00000441344,"mean: 0.147937, var: 0.000390","mean: 0.452686, var: 0.003263","mean: 0.442139, var: 0.002082","mean: 0.248560, var: 0.009434","mean: 0.069440, var: 0.000389","mean: 0.431201, var: 0.004270","mean: 0.141638, var: 0.006798","mean: 0.248853, var: 0.006564","mean: 0.149109, var: 0.001745","mean: 0.175024, var: 0.002406","mean: 0.171027, var: 0.015543",3.410055299588413,0.2621811590004708,3.147874140587942,High
ENSP00000437258,"mean: 0.356836, var: 0.001355","mean: 0.456592, var: 0.001771","mean: 0.416650, var: 0.002877","mean: 0.164905, var: 0.003930","mean: 0.253442, var: 0.001764","mean: 0.276929, var: 0.006553","mean: 0.078491, var: 0.002484","mean: 0.267114, var: 0.002466","mean: 0.224316, var: 0.001096","mean: 0.284741, var: 0.002318","mean: 0.209656, var: 0.005196",3.663988372983775,0.1814707091422952,3.48251766384148,High
ENSP00000317413,"mean: 0.144861, var: 0.000693","mean: 0.528320, var: 0.004426","mean: 0.506982, var: 0.007202","mean: 0.367871, var: 0.003695","mean: 0.064954, var: 0.000240","mean: 0.323779, var: 0.000906","mean: 0.081673, var: 0.007335","mean: 0.114087, var: 0.000594","mean: 0.151672, var: 0.001811","mean: 0.172241, var: 0.000522","mean: 0.404517, var: 0.019029",3.2793107606786633,0.2248310972093573,3.054479663469306,High
ENSP00000496807,"mean: 0.320190, var: 0.005483","mean: 0.462451, var: 0.002414","mean: 0.358105, var: 0.001859","mean: 0.242566, var: 0.007097","mean: 0.308130, var: 0.003395","mean: 0.352319, var: 0.009647","mean: 0.016803, var: 0.000301","mean: 0.197021, var: 0.000460","mean: 0.291602, var: 0.008602","mean: 0.362500, var: 0.006058","mean: 0.079651, var: 0.003185",3.4803536126692967,0.25010622401239263,3.230247388656904,High
ENSP00000363886,"mean: 0.291626, var: 0.001605","mean: 0.502588, var: 0.003388","mean: 0.537354, var: 0.007539","mean: 0.340686, var: 0.023914","mean: 0.103070, var: 0.001514","mean: 0.225269, var: 0.005283","mean: 0.019383, var: 0.000659","mean: 0.234839, var: 0.001026","mean: 0.452393, var: 0.024917","mean: 0.492236, var: 0.025087","mean: 0.137880, var: 0.019291",3.373311829042588,0.4657583401718112,2.907553488870777,High
ENSP00000484031,"mean: 0.194751, var: 0.002680","mean: 0.489502, var: 0.006976","mean: 0.378638, var: 0.007381","mean: 0.526123, var: 0.009390","mean: 0.177319, var: 0.000670","mean: 0.390967, var: 0.006664","mean: 0.079877, var: 0.004279","mean: 0.182153, var: 0.000948","mean: 0.246631, var: 0.010906","mean: 0.176270, var: 0.004441","mean: 0.384131, var: 0.020543",3.5786040408519604,0.35194930937897734,3.226654731472983,High
ENSP00000466596,"mean: 0.162170, var: 0.001074","mean: 0.466357, var: 0.008960","mean: 0.401367, var: 0.001138","mean: 0.224988, var: 0.008680","mean: 0.069781, var: 0.000509","mean: 0.490723, var: 0.003739","mean: 0.093640, var: 0.002793","mean: 0.210400, var: 0.006026","mean: 0.155664, var: 0.002368","mean: 0.242993, var: 0.006230","mean: 0.093265, var: 0.004471",3.292171448035754,0.24063099429109946,3.0515404537446544,High
ENSP00000454914,"mean: 0.143970, var: 0.000925","mean: 0.418896, var: 0.013457","mean: 0.278076, var: 0.004670","mean: 0.566504, var: 0.008866","mean: 0.121277, var: 0.001333","mean: 0.635205, var: 0.016384","mean: 0.114740, var: 0.002653","mean: 0.350146, var: 0.024684","mean: 0.141919, var: 0.006579","mean: 0.331763, var: 0.006303","mean: 0.215379, var: 0.028779",3.455165482125964,0.48179030736130535,2.9733751747646586,High
ENSP00000432841,"mean: 0.389355, var: 0.003914","mean: 0.367920, var: 0.002190","mean: 0.413965, var: 0.003872","mean: 0.311548, var: 0.004940","mean: 0.185864, var: 0.000120","mean: 0.600098, var: 0.003686","mean: 0.122760, var: 0.006458","mean: 0.556885, var: 0.022281","mean: 0.280908, var: 0.008602","mean: 0.429150, var: 0.002364","mean: 0.399524, var: 0.049134",3.752548729532177,0.42515781299275157,3.327390916539425,High
ENSP00000416332,"mean: 0.204272, var: 0.000397","mean: 0.461133, var: 0.005712","mean: 0.446533, var: 0.003021","mean: 0.210938, var: 0.004959","mean: 0.076367, var: 0.000502","mean: 0.433301, var: 0.001517","mean: 0.099008, var: 0.003634","mean: 0.324365, var: 0.007010","mean: 0.187842, var: 0.003454","mean: 0.256787, var: 0.002973","mean: 0.151459, var: 0.010693",3.4717130968802303,0.23070563028243263,3.2410074665977975,High
ENSP00000495146,"mean: 0.216235, var: 0.001540","mean: 0.454150, var: 0.000581","mean: 0.321143, var: 0.002129","mean: 0.201733, var: 0.006378","mean: 0.181323, var: 0.000255","mean: 0.325488, var: 0.005802","mean: 0.170538, var: 0.007057","mean: 0.143738, var: 0.000760","mean: 0.080743, var: 0.000565","mean: 0.154785, var: 0.002534","mean: 0.059622, var: 0.003125",3.292825674876466,0.16944046987751535,3.1233852049989506,High
ENSP00000473892,"mean: 0.180029, var: 0.000950","mean: 0.458594, var: 0.004504","mean: 0.483447, var: 0.005404","mean: 0.333081, var: 0.006389","mean: 0.126648, var: 0.001485","mean: 0.451660, var: 0.002054","mean: 0.156506, var: 0.006246","mean: 0.211987, var: 0.001255","mean: 0.266479, var: 0.007580","mean: 0.289478, var: 0.003497","mean: 0.116064, var: 0.002818",3.584774890430542,0.22724466353031783,3.357530226900224,High
ENSP00000447669,"mean: 0.192285, var: 0.000430","mean: 0.509180, var: 0.002688","mean: 0.438623, var: 0.002597","mean: 0.429639, var: 0.001298","mean: 0.098627, var: 0.000822","mean: 0.349414, var: 0.000648","mean: 0.114661, var: 0.004873","mean: 0.264819, var: 0.005751","mean: 0.177051, var: 0.002323","mean: 0.271997, var: 0.001738","mean: 0.155103, var: 0.011646",3.5309338908489813,0.18652902022001444,3.344404870628967,High
ENSP00000432739,"mean: 0.635059, var: 0.006357","mean: 0.223828, var: 0.001269","mean: 0.191406, var: 0.000329","mean: 0.164447, var: 0.006764","mean: 0.139856, var: 0.002247","mean: 0.743066, var: 0.003874","mean: 0.146191, var: 0.004395","mean: 0.495068, var: 0.013796","mean: 0.187537, var: 0.004978","mean: 0.219214, var: 0.002584","mean: 0.159442, var: 0.013765",3.3009961770935483,0.2959993797193183,3.00499679737423,High
ENSP00000417786,"mean: 0.197607, var: 0.000300","mean: 0.422070, var: 0.003088","mean: 0.483105, var: 0.006076","mean: 0.357764, var: 0.001930","mean: 0.091089, var: 0.000605","mean: 0.362988, var: 0.000625","mean: 0.218274, var: 0.011984","mean: 0.336084, var: 0.005208","mean: 0.267944, var: 0.007554","mean: 0.241235, var: 0.001814","mean: 0.467578, var: 0.010477",3.7398165367844376,0.24895848696520265,3.4908580498192348,High
ENSP00000481472,"mean: 0.351123, var: 0.003809","mean: 0.473096, var: 0.002821","mean: 0.275171, var: 0.002673","mean: 0.581152, var: 0.002212","mean: 0.175903, var: 0.000886","mean: 0.454102, var: 0.003008","mean: 0.161066, var: 0.006317","mean: 0.240381, var: 0.004159","mean: 0.159460, var: 0.004426","mean: 0.221826, var: 0.001686","mean: 0.147791, var: 0.007113",3.602380863099074,0.21556328778997333,3.386817575309101,High
ENSP00000426046,"mean: 0.342334, var: 0.010461","mean: 0.462793, var: 0.000556","mean: 0.416357, var: 0.008628","mean: 0.102936, var: 0.001944","mean: 0.199097, var: 0.002000","mean: 0.214417, var: 0.005525","mean: 0.049478, var: 0.000865","mean: 0.291907, var: 0.024582","mean: 0.533398, var: 0.014570","mean: 0.431079, var: 0.017146","mean: 0.106532, var: 0.017951",3.4186022709640747,0.44685356962768774,2.971748701336387,High
ENSP00000424002,"mean: 0.331543, var: 0.001384","mean: 0.556738, var: 0.001340","mean: 0.409082, var: 0.001139","mean: 0.319629, var: 0.002628","mean: 0.213525, var: 0.001650","mean: 0.221118, var: 0.004306","mean: 0.117297, var: 0.002846","mean: 0.292725, var: 0.006195","mean: 0.178003, var: 0.002636","mean: 0.500635, var: 0.011512","mean: 0.061655, var: 0.004460",3.5220442604992734,0.21470474554724495,3.3073395149520284,High
ENSP00000409541,"mean: 0.224365, var: 0.003348","mean: 0.505127, var: 0.006190","mean: 0.479395, var: 0.007426","mean: 0.487354, var: 0.013143","mean: 0.140637, var: 0.002515","mean: 0.343970, var: 0.007150","mean: 0.162097, var: 0.004711","mean: 0.165955, var: 0.002130","mean: 0.231812, var: 0.006913","mean: 0.267822, var: 0.011916","mean: 0.020723, var: 0.000408",3.3910423907169776,0.3229762356876555,3.0680661550293222,High
ENSP00000407410,"mean: 0.134644, var: 0.000476","mean: 0.413232, var: 0.006149","mean: 0.556543, var: 0.001276","mean: 0.379199, var: 0.001911","mean: 0.097205, var: 0.001217","mean: 0.312402, var: 0.003497","mean: 0.322900, var: 0.009596","mean: 0.214490, var: 0.010241","mean: 0.060219, var: 0.001001","mean: 0.171216, var: 0.001343","mean: 0.221643, var: 0.009622",3.4195933197438304,0.23533850488833158,3.1842548148554988,High
ENSP00000398804,"mean: 0.669238, var: 0.003532","mean: 0.458203, var: 0.000778","mean: 0.385205, var: 0.001504","mean: 0.156946, var: 0.001584","mean: 0.432861, var: 0.002874","mean: 0.527246, var: 0.005082","mean: 0.096384, var: 0.005434","mean: 0.431812, var: 0.019503","mean: 0.531543, var: 0.001614","mean: 0.527002, var: 0.004580","mean: 0.086498, var: 0.012571",3.457739563667291,0.2843519583924056,3.1733876052748857,High
ENSP00000422333,"mean: 0.283423, var: 0.002743","mean: 0.287720, var: 0.001957","mean: 0.228101, var: 0.002258","mean: 0.734375, var: 0.000609","mean: 0.139099, var: 0.000748","mean: 0.333472, var: 0.003824","mean: 0.154004, var: 0.003546","mean: 0.319312, var: 0.009651","mean: 0.179846, var: 0.003667","mean: 0.258057, var: 0.002175","mean: 0.198169, var: 0.003912",3.5517328886881283,0.1937040980256014,3.358028790662527,High
ENSP00000422150,"mean: 0.401611, var: 0.007867","mean: 0.364258, var: 0.001727","mean: 0.294165, var: 0.003434","mean: 0.423730, var: 0.002503","mean: 0.173682, var: 0.002096","mean: 0.410596, var: 0.002629","mean: 0.280615, var: 0.011853","mean: 0.352271, var: 0.014441","mean: 0.329321, var: 0.007285","mean: 0.395850, var: 0.004031","mean: 0.264990, var: 0.006865",3.93624001064365,0.31817155193363006,3.6180684587100203,High
ENSP00000502397,"mean: 0.214331, var: 0.001034","mean: 0.569482, var: 0.003604","mean: 0.418262, var: 0.005349","mean: 0.101434, var: 0.003932","mean: 0.191699, var: 0.002213","mean: 0.419775, var: 0.006109","mean: 0.126221, var: 0.002817","mean: 0.254980, var: 0.007266","mean: 0.143433, var: 0.000393","mean: 0.169495, var: 0.002980","mean: 0.230371, var: 0.010390",3.4557432948517732,0.24200071163671563,3.2137425832150575,High
ENSP00000435912,"mean: 0.245947, var: 0.001538","mean: 0.505176, var: 0.004856","mean: 0.333569, var: 0.005598","mean: 0.296460, var: 0.013943","mean: 0.114124, var: 0.000469","mean: 0.342407, var: 0.011227","mean: 0.158508, var: 0.004240","mean: 0.136182, var: 0.001592","mean: 0.115002, var: 0.000398","mean: 0.164038, var: 0.002535","mean: 0.099384, var: 0.021203",3.3694728630588684,0.3118293288142922,3.0576435342445762,High
ENSP00000450910,"mean: 0.157043, var: 0.001256","mean: 0.479004, var: 0.003529","mean: 0.481738, var: 0.003833","mean: 0.432129, var: 0.004509","mean: 0.118799, var: 0.000276","mean: 0.356055, var: 0.003024","mean: 0.176953, var: 0.015075","mean: 0.170801, var: 0.002525","mean: 0.130627, var: 0.003626","mean: 0.132837, var: 0.001086","mean: 0.196704, var: 0.007859",3.4406589685590676,0.23801944069751874,3.2026395278615487,High
ENSP00000469123,"mean: 0.194019, var: 0.000977","mean: 0.526953, var: 0.008660","mean: 0.382764, var: 0.002868","mean: 0.249292, var: 0.009543","mean: 0.197241, var: 0.001266","mean: 0.548047, var: 0.006421","mean: 0.020605, var: 0.000489","mean: 0.305078, var: 0.006457","mean: 0.300928, var: 0.007383","mean: 0.353491, var: 0.012585","mean: 0.274854, var: 0.022967",3.5455321891872837,0.36420143021308715,3.1813307589741964,High
ENSP00000464423,"mean: 0.254419, var: 0.003503","mean: 0.435840, var: 0.004086","mean: 0.405615, var: 0.003746","mean: 0.400098, var: 0.004397","mean: 0.165918, var: 0.000547","mean: 0.376953, var: 0.001999","mean: 0.078949, var: 0.002891","mean: 0.277002, var: 0.003088","mean: 0.209375, var: 0.002454","mean: 0.299243, var: 0.005352","mean: 0.128143, var: 0.002381",3.616262729534699,0.19547745865196603,3.420785270882733,High
ENSP00000424863,"mean: 0.266040, var: 0.002692","mean: 0.518213, var: 0.004115","mean: 0.432471, var: 0.005058","mean: 0.188306, var: 0.002345","mean: 0.155835, var: 0.002436","mean: 0.442383, var: 0.011448","mean: 0.071588, var: 0.001376","mean: 0.161816, var: 0.001798","mean: 0.146594, var: 0.000507","mean: 0.279834, var: 0.000447","mean: 0.093625, var: 0.006362",3.363424271141934,0.20520161185324073,3.1582226592886933,High
ENSP00000495572,"mean: 0.219824, var: 0.000502","mean: 0.671094, var: 0.003768","mean: 0.346704, var: 0.006748","mean: 0.265356, var: 0.006236","mean: 0.146130, var: 0.000344","mean: 0.497363, var: 0.008979","mean: 0.047363, var: 0.001566","mean: 0.247705, var: 0.006487","mean: 0.163647, var: 0.000743","mean: 0.296094, var: 0.006668","mean: 0.283667, var: 0.019198",3.4525198403003823,0.292741575149134,3.1597782651512483,High
ENSP00000487134,"mean: 0.264526, var: 0.001090","mean: 0.416699, var: 0.003949","mean: 0.370801, var: 0.003031","mean: 0.477100, var: 0.000977","mean: 0.103943, var: 0.000579","mean: 0.432861, var: 0.001322","mean: 0.115674, var: 0.003101","mean: 0.310303, var: 0.007613","mean: 0.214819, var: 0.004625","mean: 0.372070, var: 0.001800","mean: 0.092010, var: 0.004787",3.5656370875485064,0.18358004719758184,3.3820570403509245,High
ENSP00000506074,"mean: 0.165112, var: 0.000445","mean: 0.470459, var: 0.003595","mean: 0.533496, var: 0.000681","mean: 0.262378, var: 0.008414","mean: 0.089545, var: 0.000585","mean: 0.554150, var: 0.007661","mean: 0.072360, var: 0.003604","mean: 0.177747, var: 0.004367","mean: 0.277490, var: 0.003899","mean: 0.231006, var: 0.002187","mean: 0.323303, var: 0.021521",3.4379422399928803,0.27215646065116594,3.1657857793417143,High
ENSP00000405084,"mean: 0.308789, var: 0.000988","mean: 0.416162, var: 0.003518","mean: 0.371191, var: 0.001683","mean: 0.332520, var: 0.004293","mean: 0.114526, var: 0.000703","mean: 0.449609, var: 0.001729","mean: 0.093243, var: 0.002721","mean: 0.414160, var: 0.004875","mean: 0.297681, var: 0.007724","mean: 0.363916, var: 0.003088","mean: 0.229932, var: 0.010567",3.7221337514730553,0.22248132610571258,3.4996524253673424,High
ENSP00000431039,"mean: 0.247729, var: 0.002122","mean: 0.480664, var: 0.004918","mean: 0.284448, var: 0.002041","mean: 0.475781, var: 0.009072","mean: 0.113135, var: 0.001318","mean: 0.383301, var: 0.002264","mean: 0.096790, var: 0.001255","mean: 0.190283, var: 0.004834","mean: 0.197656, var: 0.002779","mean: 0.307349, var: 0.003560","mean: 0.080768, var: 0.005289",3.4509570618674785,0.21533651673672366,3.2356205451307547,High
ENSP00000430859,"mean: 0.203735, var: 0.000645","mean: 0.453955, var: 0.008072","mean: 0.500049, var: 0.002578","mean: 0.205695, var: 0.007775","mean: 0.101453, var: 0.001153","mean: 0.403320, var: 0.010306","mean: 0.017272, var: 0.000315","mean: 0.234082, var: 0.002370","mean: 0.236353, var: 0.000823","mean: 0.217139, var: 0.004469","mean: 0.117471, var: 0.005771",3.2869657504254595,0.22835978432995777,3.058605966095502,High
ENSP00000427003,"mean: 0.179492, var: 0.000706","mean: 0.503906, var: 0.004575","mean: 0.388525, var: 0.005018","mean: 0.391748, var: 0.005183","mean: 0.089478, var: 0.000086","mean: 0.455469, var: 0.000469","mean: 0.143164, var: 0.008433","mean: 0.164771, var: 0.003144","mean: 0.188721, var: 0.003878","mean: 0.193286, var: 0.003859","mean: 0.389990, var: 0.004184",3.5372538376134157,0.2122926986564872,3.3249611389569287,High
ENSP00000467983,"mean: 0.171948, var: 0.000390","mean: 0.326709, var: 0.003214","mean: 0.429883, var: 0.007919","mean: 0.508398, var: 0.007488","mean: 0.069012, var: 0.000701","mean: 0.442578, var: 0.000938","mean: 0.087897, var: 0.002725","mean: 0.411426, var: 0.010785","mean: 0.225732, var: 0.009601","mean: 0.276172, var: 0.001817","mean: 0.276514, var: 0.016659",3.5462513076443942,0.2973345580679985,3.2489167495763955,High
ENSP00000456776,"mean: 0.158374, var: 0.000602","mean: 0.509033, var: 0.003903","mean: 0.423779, var: 0.004195","mean: 0.566211, var: 0.006241","mean: 0.092175, var: 0.001331","mean: 0.439551, var: 0.004718","mean: 0.158508, var: 0.007884","mean: 0.156726, var: 0.001885","mean: 0.182202, var: 0.003878","mean: 0.242090, var: 0.000492","mean: 0.095551, var: 0.003579",3.3629173533981604,0.21028930259677586,3.1526280508013844,High
ENSP00000460358,"mean: 0.187891, var: 0.003634","mean: 0.501465, var: 0.007055","mean: 0.331836, var: 0.009335","mean: 0.610449, var: 0.000597","mean: 0.121887, var: 0.000875","mean: 0.436426, var: 0.006511","mean: 0.395801, var: 0.009097","mean: 0.135065, var: 0.001999","mean: 0.133459, var: 0.002517","mean: 0.178687, var: 0.001790","mean: 0.281274, var: 0.002746",3.5165120487990893,0.24012864609568102,3.2763834027034084,High
ENSP00000454718,"mean: 0.190601, var: 0.002094","mean: 0.498047, var: 0.006841","mean: 0.502002, var: 0.005629","mean: 0.508008, var: 0.016515","mean: 0.107440, var: 0.002227","mean: 0.440771, var: 0.010432","mean: 0.111511, var: 0.005951","mean: 0.190796, var: 0.002652","mean: 0.216370, var: 0.005515","mean: 0.286914, var: 0.006511","mean: 0.024418, var: 0.000466",3.294657640904521,0.3164148536754867,2.9782427872290342,High
ENSP00000402829,"mean: 0.247192, var: 0.002068","mean: 0.499170, var: 0.003091","mean: 0.457227, var: 0.003849","mean: 0.320142, var: 0.004660","mean: 0.163867, var: 0.000836","mean: 0.420068, var: 0.002157","mean: 0.165027, var: 0.005568","mean: 0.230005, var: 0.003363","mean: 0.176611, var: 0.002038","mean: 0.203979, var: 0.000591","mean: 0.117792, var: 0.004958",3.5932498119027008,0.18761529113414624,3.4056345207685546,High
ENSP00000384148,"mean: 0.548682, var: 0.004159","mean: 0.270215, var: 0.001898","mean: 0.180127, var: 0.000501","mean: 0.475781, var: 0.008562","mean: 0.261304, var: 0.002734","mean: 0.386035, var: 0.005075","mean: 0.295459, var: 0.015818","mean: 0.496240, var: 0.016803","mean: 0.288550, var: 0.004072","mean: 0.264746, var: 0.003054","mean: 0.163483, var: 0.017528",3.777713039228318,0.36744610809197076,3.410266931136347,High
ENSP00000376243,"mean: 0.396631, var: 0.002088","mean: 0.257861, var: 0.001992","mean: 0.223389, var: 0.002029","mean: 0.490137, var: 0.003370","mean: 0.273218, var: 0.000685","mean: 0.273975, var: 0.002349","mean: 0.166699, var: 0.003653","mean: 0.619678, var: 0.010348","mean: 0.315332, var: 0.011064","mean: 0.360205, var: 0.017682","mean: 0.245679, var: 0.002799",3.7816173647658986,0.2816894644218822,3.4999279003440162,High
ENSP00000425172,"mean: 0.178442, var: 0.000166","mean: 0.362354, var: 0.003484","mean: 0.494531, var: 0.008446","mean: 0.404297, var: 0.002376","mean: 0.077258, var: 0.000750","mean: 0.230640, var: 0.001070","mean: 0.067462, var: 0.001540","mean: 0.251428, var: 0.008339","mean: 0.222681, var: 0.008504","mean: 0.184888, var: 0.000884","mean: 0.233606, var: 0.010621",3.4411537747648895,0.23347910672566755,3.207674668039222,High
ENSP00000499362,"mean: 0.189185, var: 0.000883","mean: 0.510400, var: 0.006315","mean: 0.394580, var: 0.005283","mean: 0.692090, var: 0.002639","mean: 0.109210, var: 0.001091","mean: 0.406982, var: 0.002923","mean: 0.312280, var: 0.006441","mean: 0.138879, var: 0.001296","mean: 0.160815, var: 0.002862","mean: 0.241162, var: 0.000858","mean: 0.075992, var: 0.003281",3.3579871615804158,0.18876211305838686,3.169225048522029,High
ENSP00000497470,"mean: 0.592041, var: 0.013617","mean: 0.171387, var: 0.000263","mean: 0.169946, var: 0.002075","mean: 0.350928, var: 0.003395","mean: 0.336865, var: 0.006204","mean: 0.245605, var: 0.008295","mean: 0.008238, var: 0.000123","mean: 0.452637, var: 0.017674","mean: 0.379053, var: 0.003781","mean: 0.508154, var: 0.011310","mean: 0.075793, var: 0.001723",3.298245325438795,0.3192565753315228,2.9789887501072725,High
ENSP00000461183,"mean: 0.235791, var: 0.001653","mean: 0.457959, var: 0.003784","mean: 0.401318, var: 0.004005","mean: 0.293652, var: 0.007934","mean: 0.137219, var: 0.000579","mean: 0.440283, var: 0.002351","mean: 0.075809, var: 0.002931","mean: 0.364160, var: 0.005484","mean: 0.272168, var: 0.003381","mean: 0.258569, var: 0.004815","mean: 0.240747, var: 0.003245",3.6684419266156656,0.21989453389866864,3.448547392716997,High
ENSP00000354879,"mean: 0.149170, var: 0.000696","mean: 0.496729, var: 0.006034","mean: 0.458691, var: 0.004069","mean: 0.571973, var: 0.002689","mean: 0.135229, var: 0.000368","mean: 0.417139, var: 0.001909","mean: 0.047470, var: 0.000960","mean: 0.173779, var: 0.000901","mean: 0.178296, var: 0.002237","mean: 0.239453, var: 0.001427","mean: 0.201489, var: 0.006070",3.3649881777817545,0.1560439073145057,3.208944270467249,High
ENSP00000494699,"mean: 0.136340, var: 0.000351","mean: 0.523730, var: 0.003816","mean: 0.466406, var: 0.005179","mean: 0.500146, var: 0.007727","mean: 0.090381, var: 0.000092","mean: 0.354590, var: 0.001830","mean: 0.069592, var: 0.002470","mean: 0.192310, var: 0.002675","mean: 0.223438, var: 0.004026","mean: 0.175049, var: 0.001705","mean: 0.301978, var: 0.008888",3.40156676548309,0.20698750912042424,3.194579256362666,High
ENSP00000468538,"mean: 0.354443, var: 0.004605","mean: 0.461426, var: 0.004710","mean: 0.366162, var: 0.004330","mean: 0.195752, var: 0.015341","mean: 0.215967, var: 0.001584","mean: 0.233765, var: 0.009707","mean: 0.014496, var: 0.000419","mean: 0.311670, var: 0.008977","mean: 0.335669, var: 0.010465","mean: 0.283496, var: 0.010630","mean: 0.083844, var: 0.006996",3.4387469971277285,0.3691746515889127,3.0695723455388157,High
ENSP00000462954,"mean: 0.407471, var: 0.005726","mean: 0.488232, var: 0.002461","mean: 0.302368, var: 0.002244","mean: 0.204797, var: 0.003968","mean: 0.243823, var: 0.006267","mean: 0.432715, var: 0.006340","mean: 0.102100, var: 0.002203","mean: 0.181592, var: 0.004096","mean: 0.284375, var: 0.001834","mean: 0.355103, var: 0.008695","mean: 0.272998, var: 0.012474",3.731314173083786,0.28734593400698066,3.4439682390768054,High
ENSP00000458946,"mean: 0.158044, var: 0.001430","mean: 0.567627, var: 0.008859","mean: 0.462500, var: 0.002202","mean: 0.538672, var: 0.002170","mean: 0.159180, var: 0.000969","mean: 0.427539, var: 0.000404","mean: 0.073566, var: 0.001888","mean: 0.168579, var: 0.001587","mean: 0.148254, var: 0.003057","mean: 0.292114, var: 0.008091","mean: 0.092377, var: 0.004017",3.313319083838963,0.18880552361047392,3.124513560228489,High
ENSP00000406989,"mean: 0.187720, var: 0.000926","mean: 0.447070, var: 0.010130","mean: 0.310571, var: 0.004887","mean: 0.505176, var: 0.004951","mean: 0.172510, var: 0.001459","mean: 0.449316, var: 0.006574","mean: 0.186346, var: 0.010489","mean: 0.301147, var: 0.028868","mean: 0.101697, var: 0.002074","mean: 0.226953, var: 0.002379","mean: 0.108510, var: 0.005126",3.529200537040384,0.3521896823755184,3.1770108546648657,High
ENSP00000389420,"mean: 0.469141, var: 0.001063","mean: 0.274512, var: 0.003408","mean: 0.234375, var: 0.000802","mean: 0.467529, var: 0.011003","mean: 0.194629, var: 0.000803","mean: 0.556934, var: 0.003410","mean: 0.166980, var: 0.005519","mean: 0.591162, var: 0.010725","mean: 0.391016, var: 0.009706","mean: 0.402637, var: 0.001999","mean: 0.332471, var: 0.006024",3.759165672876011,0.2726136806001215,3.48655199227589,High
ENSP00000430164,"mean: 0.139539, var: 0.000276","mean: 0.489355, var: 0.006442","mean: 0.413672, var: 0.005006","mean: 0.693750, var: 0.001720","mean: 0.099023, var: 0.000825","mean: 0.531055, var: 0.006341","mean: 0.140015, var: 0.004298","mean: 0.189905, var: 0.004690","mean: 0.093561, var: 0.001130","mean: 0.275610, var: 0.005691","mean: 0.180588, var: 0.011059",3.285107379097495,0.2456449681202445,3.039462410977251,High
ENSP00000426926,"mean: 0.364551, var: 0.002017","mean: 0.443604, var: 0.002820","mean: 0.410254, var: 0.001286","mean: 0.308301, var: 0.000506","mean: 0.206934, var: 0.000421","mean: 0.415430, var: 0.004636","mean: 0.067635, var: 0.001456","mean: 0.322632, var: 0.008162","mean: 0.278125, var: 0.003550","mean: 0.347461, var: 0.002253","mean: 0.167926, var: 0.008992",3.7176511707861635,0.19453369804730963,3.523117472738854,High
ENSP00000417908,"mean: 0.124609, var: 0.000724","mean: 0.419727, var: 0.006965","mean: 0.394043, var: 0.006876","mean: 0.613184, var: 0.000991","mean: 0.072720, var: 0.000798","mean: 0.534912, var: 0.004202","mean: 0.236609, var: 0.011647","mean: 0.265356, var: 0.010240","mean: 0.130682, var: 0.002998","mean: 0.220557, var: 0.001947","mean: 0.228528, var: 0.015530",3.4457846336075115,0.30264230773106565,3.143142325876446,High
ENSP00000404968,"mean: 0.559766, var: 0.002022","mean: 0.431787, var: 0.002351","mean: 0.285791, var: 0.001396","mean: 0.170068, var: 0.003429","mean: 0.261499, var: 0.000716","mean: 0.512207, var: 0.009274","mean: 0.093439, var: 0.002779","mean: 0.472998, var: 0.009555","mean: 0.588525, var: 0.007082","mean: 0.408350, var: 0.002374","mean: 0.331543, var: 0.027470",3.6594534069748823,0.31293773980125233,3.34651566717363,High
ENSP00000502892,"mean: 0.165869, var: 0.000164","mean: 0.391016, var: 0.004594","mean: 0.437451, var: 0.004794","mean: 0.455176, var: 0.001914","mean: 0.064124, var: 0.000659","mean: 0.385303, var: 0.002099","mean: 0.088031, var: 0.006469","mean: 0.277808, var: 0.004457","mean: 0.114282, var: 0.001867","mean: 0.161963, var: 0.000657","mean: 0.386084, var: 0.010252",3.408616882812736,0.2017560189310573,3.206860863881679,High
ENSP00000497449,"mean: 0.164966, var: 0.000653","mean: 0.569971, var: 0.003866","mean: 0.397705, var: 0.004221","mean: 0.563574, var: 0.000973","mean: 0.086615, var: 0.000585","mean: 0.365527, var: 0.001828","mean: 0.149353, var: 0.010700","mean: 0.179639, var: 0.001993","mean: 0.166968, var: 0.003750","mean: 0.262085, var: 0.003003","mean: 0.182825, var: 0.008030",3.440206477726004,0.2100554475654842,3.2301510301605196,High
ENSP00000453462,"mean: 0.204712, var: 0.001594","mean: 0.523975, var: 0.004266","mean: 0.528516, var: 0.006247","mean: 0.271094, var: 0.005608","mean: 0.155640, var: 0.001577","mean: 0.250220, var: 0.004997","mean: 0.093439, var: 0.006344","mean: 0.149622, var: 0.001892","mean: 0.197559, var: 0.001421","mean: 0.256543, var: 0.002403","mean: 0.267834, var: 0.008691",3.518379884490787,0.23999915164557567,3.2783807328452115,High
ENSP00000432253,"mean: 0.269653, var: 0.003083","mean: 0.461426, var: 0.002076","mean: 0.319556, var: 0.002337","mean: 0.451172, var: 0.008906","mean: 0.183203, var: 0.001900","mean: 0.386719, var: 0.007033","mean: 0.108752, var: 0.001801","mean: 0.138928, var: 0.002079","mean: 0.099677, var: 0.001044","mean: 0.143994, var: 0.000153","mean: 0.054087, var: 0.003792",3.294451038085377,0.1874884376708136,3.1069626004145636,High
ENSP00000427736,"mean: 0.222144, var: 0.000743","mean: 0.555664, var: 0.006119","mean: 0.424219, var: 0.003356","mean: 0.377881, var: 0.002394","mean: 0.171924, var: 0.001113","mean: 0.364453, var: 0.003258","mean: 0.062900, var: 0.001958","mean: 0.168445, var: 0.005266","mean: 0.230835, var: 0.008141","mean: 0.201807, var: 0.004522","mean: 0.168111, var: 0.020186",3.4979676601826446,0.2785293875319878,3.219438272650657,High
ENSP00000479464,"mean: 0.170911, var: 0.000815","mean: 0.561621, var: 0.007778","mean: 0.463623, var: 0.013376","mean: 0.402246, var: 0.000576","mean: 0.120630, var: 0.000543","mean: 0.285645, var: 0.001737","mean: 0.282983, var: 0.011560","mean: 0.198047, var: 0.002742","mean: 0.152661, var: 0.001135","mean: 0.194202, var: 0.002599","mean: 0.299097, var: 0.004882",3.6058232570257505,0.23758827235193053,3.36823498467382,High
ENSP00000469702,"mean: 0.148560, var: 0.000892","mean: 0.475098, var: 0.008140","mean: 0.359399, var: 0.006803","mean: 0.555908, var: 0.002687","mean: 0.083374, var: 0.000652","mean: 0.375781, var: 0.002131","mean: 0.275391, var: 0.009210","mean: 0.114392, var: 0.000809","mean: 0.072156, var: 0.000170","mean: 0.130066, var: 0.000820","mean: 0.280835, var: 0.008669",3.320764553536191,0.21055886669440482,3.110205686841786,High
ENSP00000454923,"mean: 0.217310, var: 0.001484","mean: 0.509375, var: 0.002472","mean: 0.413525, var: 0.001119","mean: 0.411108, var: 0.011439","mean: 0.163696, var: 0.000638","mean: 0.372168, var: 0.003767","mean: 0.195764, var: 0.003766","mean: 0.153430, var: 0.002511","mean: 0.175537, var: 0.000843","mean: 0.128198, var: 0.001442","mean: 0.062519, var: 0.005849",3.418959623394662,0.19048848614234506,3.228471137252317,High
ENSP00000452630,"mean: 0.186377, var: 0.000464","mean: 0.463428, var: 0.001861","mean: 0.434863, var: 0.001140","mean: 0.476709, var: 0.006871","mean: 0.113037, var: 0.001223","mean: 0.459326, var: 0.003743","mean: 0.054071, var: 0.001447","mean: 0.161475, var: 0.002442","mean: 0.179211, var: 0.002854","mean: 0.180823, var: 0.002371","mean: 0.099152, var: 0.008760",3.2872856320689614,0.18302759457459433,3.104258037494367,High
ENSP00000451127,"mean: 0.205762, var: 0.002314","mean: 0.461230, var: 0.003144","mean: 0.518652, var: 0.003356","mean: 0.501367, var: 0.002968","mean: 0.120325, var: 0.001689","mean: 0.329102, var: 0.001324","mean: 0.104581, var: 0.004474","mean: 0.158337, var: 0.002251","mean: 0.146277, var: 0.001628","mean: 0.247266, var: 0.001589","mean: 0.068893, var: 0.003845",3.328384330107595,0.1681095517643216,3.160274778343273,High
ENSP00000435532,"mean: 0.119165, var: 0.000602","mean: 0.445068, var: 0.010940","mean: 0.347534, var: 0.008535","mean: 0.594092, var: 0.008866","mean: 0.116736, var: 0.001113","mean: 0.569189, var: 0.010432","mean: 0.082971, var: 0.002990","mean: 0.370532, var: 0.037229","mean: 0.105106, var: 0.003088","mean: 0.365063, var: 0.007075","mean: 0.146352, var: 0.006176",3.322249588118895,0.41577581862750973,2.9064737694913854,High
ENSP00000425714,"mean: 0.145752, var: 0.000494","mean: 0.481641, var: 0.014412","mean: 0.368945, var: 0.005757","mean: 0.666602, var: 0.004552","mean: 0.105273, var: 0.000994","mean: 0.545264, var: 0.006887","mean: 0.093317, var: 0.004816","mean: 0.292896, var: 0.021062","mean: 0.084225, var: 0.001842","mean: 0.308838, var: 0.009370","mean: 0.174045, var: 0.014289",3.2950251871678935,0.3833207202500732,2.9117044669178203,High
ENSP00000420469,"mean: 0.215552, var: 0.003114","mean: 0.586523, var: 0.003052","mean: 0.482568, var: 0.004498","mean: 0.288623, var: 0.014045","mean: 0.177393, var: 0.001239","mean: 0.388672, var: 0.001511","mean: 0.036920, var: 0.000792","mean: 0.218994, var: 0.008492","mean: 0.166467, var: 0.002556","mean: 0.248877, var: 0.006111","mean: 0.069344, var: 0.004094",3.3121130206005773,0.25304005409841723,3.05907296650216,High
ENSP00000468485,"mean: 0.264746, var: 0.003573","mean: 0.386572, var: 0.003336","mean: 0.370972, var: 0.007926","mean: 0.505371, var: 0.013725","mean: 0.076312, var: 0.000817","mean: 0.200842, var: 0.004787","mean: 0.367480, var: 0.025962","mean: 0.241431, var: 0.008605","mean: 0.153235, var: 0.006579","mean: 0.327319, var: 0.008950","mean: 0.071965, var: 0.007207",3.5041305964748073,0.41426264213116815,3.089867954343639,High
ENSP00000464865,"mean: 0.192529, var: 0.003155","mean: 0.538721, var: 0.004418","mean: 0.436279, var: 0.002950","mean: 0.549072, var: 0.002397","mean: 0.172388, var: 0.000994","mean: 0.594434, var: 0.006089","mean: 0.044279, var: 0.002054","mean: 0.215283, var: 0.000959","mean: 0.211597, var: 0.004200","mean: 0.331836, var: 0.004744","mean: 0.239087, var: 0.001662",3.4591952967965196,0.19009276757482632,3.2691025292216933,High
ENSP00000464429,"mean: 0.185132, var: 0.001134","mean: 0.499756, var: 0.004316","mean: 0.495605, var: 0.006345","mean: 0.440576, var: 0.007080","mean: 0.143677, var: 0.000587","mean: 0.416064, var: 0.003683","mean: 0.087207, var: 0.001895","mean: 0.127441, var: 0.000746","mean: 0.148730, var: 0.001640","mean: 0.194409, var: 0.000644","mean: 0.110535, var: 0.006001",3.3321021155682016,0.186553546185435,3.1455485693827665,High
ENSP00000429271,"mean: 0.191455, var: 0.000731","mean: 0.644043, var: 0.002254","mean: 0.453027, var: 0.005873","mean: 0.344556, var: 0.008781","mean: 0.232983, var: 0.001306","mean: 0.288647, var: 0.005808","mean: 0.039496, var: 0.000597","mean: 0.208154, var: 0.006167","mean: 0.237061, var: 0.010453","mean: 0.171423, var: 0.002846","mean: 0.113415, var: 0.009906",3.3685218664436665,0.27522508114980027,3.093296785293866,High
ENSP00000417446,"mean: 0.187354, var: 0.000696","mean: 0.429346, var: 0.003044","mean: 0.510254, var: 0.004056","mean: 0.363037, var: 0.002101","mean: 0.116760, var: 0.000675","mean: 0.289917, var: 0.002601","mean: 0.204663, var: 0.006465","mean: 0.177954, var: 0.001835","mean: 0.150574, var: 0.001743","mean: 0.187549, var: 0.000614","mean: 0.143469, var: 0.007427",3.50708755733448,0.17457033047335266,3.3325172268611274,High
ENSP00000507709,"mean: 0.293774, var: 0.002136","mean: 0.443457, var: 0.005309","mean: 0.474707, var: 0.002839","mean: 0.288306, var: 0.009412","mean: 0.120007, var: 0.002071","mean: 0.465625, var: 0.001599","mean: 0.074103, var: 0.001822","mean: 0.365527, var: 0.003166","mean: 0.300049, var: 0.008412","mean: 0.451172, var: 0.006340","mean: 0.063901, var: 0.003059",3.49982374835533,0.2443065401417613,3.2555172082135684,High
ENSP00000455781,"mean: 0.238770, var: 0.002874","mean: 0.461230, var: 0.004530","mean: 0.457422, var: 0.005593","mean: 0.515381, var: 0.005349","mean: 0.109399, var: 0.000853","mean: 0.462891, var: 0.008078","mean: 0.052118, var: 0.001172","mean: 0.214502, var: 0.003335","mean: 0.177917, var: 0.003373","mean: 0.202686, var: 0.000480","mean: 0.084212, var: 0.002398",3.320145274530196,0.2074711364020211,3.112674138128175,High
ENSP00000442380,"mean: 0.218994, var: 0.000804","mean: 0.380029, var: 0.001604","mean: 0.411719, var: 0.006089","mean: 0.215967, var: 0.005146","mean: 0.108881, var: 0.000875","mean: 0.497363, var: 0.000940","mean: 0.204919, var: 0.016964","mean: 0.188098, var: 0.002303","mean: 0.159424, var: 0.001014","mean: 0.174390, var: 0.001589","mean: 0.270313, var: 0.013937",3.575463282080684,0.24687307054639177,3.3285902115342925,High
ENSP00000429437,"mean: 0.198730, var: 0.000643","mean: 0.529199, var: 0.003678","mean: 0.391211, var: 0.002667","mean: 0.410449, var: 0.007924","mean: 0.089978, var: 0.000234","mean: 0.315332, var: 0.002068","mean: 0.053848, var: 0.001707","mean: 0.172485, var: 0.006290","mean: 0.137988, var: 0.000753","mean: 0.281104, var: 0.004312","mean: 0.088763, var: 0.007708",3.2766142559723863,0.2033868322341306,3.0732274237382557,High
ENSP00000457404,"mean: 0.234326, var: 0.001467","mean: 0.455566, var: 0.005052","mean: 0.430908, var: 0.004025","mean: 0.452148, var: 0.002481","mean: 0.115540, var: 0.000401","mean: 0.284619, var: 0.000674","mean: 0.074951, var: 0.003027","mean: 0.216089, var: 0.003990","mean: 0.236816, var: 0.007673","mean: 0.184912, var: 0.001549","mean: 0.133789, var: 0.007955",3.47445406009054,0.2068657679199573,3.2675882921705823,High
ENSP00000435967,"mean: 0.247632, var: 0.002252","mean: 0.536279, var: 0.003131","mean: 0.333301, var: 0.003785","mean: 0.516309, var: 0.004700","mean: 0.183545, var: 0.001178","mean: 0.396777, var: 0.003511","mean: 0.083157, var: 0.001980","mean: 0.143799, var: 0.001260","mean: 0.128833, var: 0.001798","mean: 0.170093, var: 0.000086","mean: 0.092352, var: 0.004596",3.3362453172364317,0.16351634695544343,3.172728970280988,High
ENSP00000435145,"mean: 0.211499, var: 0.001649","mean: 0.457568, var: 0.001561","mean: 0.446240, var: 0.006657","mean: 0.481738, var: 0.003613","mean: 0.115735, var: 0.000227","mean: 0.381055, var: 0.000836","mean: 0.032423, var: 0.000813","mean: 0.228149, var: 0.000981","mean: 0.205981, var: 0.003459","mean: 0.195532, var: 0.001086","mean: 0.235510, var: 0.018054",3.4488756714069537,0.19423228948807633,3.2546433819188776,High
ENSP00000377950,"mean: 0.268555, var: 0.003168","mean: 0.554541, var: 0.002573","mean: 0.330786, var: 0.003627","mean: 0.275439, var: 0.010576","mean: 0.172363, var: 0.001811","mean: 0.233691, var: 0.008388","mean: 0.072021, var: 0.002452","mean: 0.252197, var: 0.012046","mean: 0.214307, var: 0.002234","mean: 0.191626, var: 0.004116","mean: 0.183315, var: 0.017799",3.5384979250999273,0.32952736050288456,3.2089705645970428,High
ENSP00000451085,"mean: 0.311963, var: 0.000602","mean: 0.405811, var: 0.007958","mean: 0.470459, var: 0.007658","mean: 0.206366, var: 0.011036","mean: 0.319409, var: 0.006340","mean: 0.294385, var: 0.006784","mean: 0.016146, var: 0.000447","mean: 0.138477, var: 0.000577","mean: 0.345020, var: 0.020407","mean: 0.334497, var: 0.004582","mean: 0.039141, var: 0.002420",3.335035665212775,0.3223603390155847,3.0126753261971904,High
ENSP00000474497,"mean: 0.238330, var: 0.000749","mean: 0.500439, var: 0.004234","mean: 0.466357, var: 0.005601","mean: 0.354297, var: 0.004203","mean: 0.144763, var: 0.001389","mean: 0.386328, var: 0.001001","mean: 0.101859, var: 0.004222","mean: 0.254614, var: 0.003585","mean: 0.279712, var: 0.004952","mean: 0.278638, var: 0.001398","mean: 0.142316, var: 0.008811",3.629650225620952,0.2170541575039387,3.412596068117013,High
ENSP00000414865,"mean: 0.209497, var: 0.001471","mean: 0.519287, var: 0.002791","mean: 0.414453, var: 0.003912","mean: 0.405469, var: 0.001514","mean: 0.122510, var: 0.000706","mean: 0.395410, var: 0.003050","mean: 0.173596, var: 0.009645","mean: 0.129456, var: 0.001504","mean: 0.117493, var: 0.001923","mean: 0.143091, var: 0.000037","mean: 0.161536, var: 0.011962",3.4158231400853176,0.20021258047714513,3.2156105596081725,High
ENSP00000399816,"mean: 0.128564, var: 0.000397","mean: 0.435059, var: 0.001580","mean: 0.611523, var: 0.006440","mean: 0.370264, var: 0.009113","mean: 0.088171, var: 0.000314","mean: 0.423828, var: 0.000788","mean: 0.103210, var: 0.004685","mean: 0.204053, var: 0.001629","mean: 0.270630, var: 0.008892","mean: 0.266479, var: 0.001344","mean: 0.092935, var: 0.005314",3.358011626419295,0.21105908739288962,3.1469525390264055,High
ENSP00000361978,"mean: 0.177417, var: 0.000660","mean: 0.514355, var: 0.003933","mean: 0.519092, var: 0.005807","mean: 0.315576, var: 0.001959","mean: 0.118420, var: 0.000396","mean: 0.265332, var: 0.001235","mean: 0.120410, var: 0.005214","mean: 0.155762, var: 0.001774","mean: 0.191162, var: 0.001947","mean: 0.171375, var: 0.001239","mean: 0.221655, var: 0.013488",3.4548392724808075,0.1972679086030802,3.2575713638777275,High
ENSP00000501354,"mean: 0.232788, var: 0.000332","mean: 0.496582, var: 0.005382","mean: 0.445264, var: 0.001606","mean: 0.403809, var: 0.000666","mean: 0.104425, var: 0.000939","mean: 0.430566, var: 0.001287","mean: 0.040126, var: 0.001057","mean: 0.239185, var: 0.002663","mean: 0.180530, var: 0.003080","mean: 0.272974, var: 0.002244","mean: 0.162146, var: 0.009929",3.441753646772809,0.16141431717787993,3.280339329594929,High
ENSP00000439003,"mean: 0.157642, var: 0.000100","mean: 0.505029, var: 0.002872","mean: 0.503271, var: 0.003097","mean: 0.399951, var: 0.002029","mean: 0.101965, var: 0.000360","mean: 0.381982, var: 0.000064","mean: 0.091043, var: 0.004128","mean: 0.190869, var: 0.002092","mean: 0.133984, var: 0.001647","mean: 0.213403, var: 0.001402","mean: 0.168466, var: 0.010449",3.381988428948128,0.15467042246986898,3.2273180064782587,High
ENSP00000430847,"mean: 0.211401, var: 0.001342","mean: 0.438037, var: 0.003416","mean: 0.466748, var: 0.003682","mean: 0.318799, var: 0.001640","mean: 0.112939, var: 0.000882","mean: 0.412451, var: 0.000979","mean: 0.106018, var: 0.002648","mean: 0.172021, var: 0.001741","mean: 0.140356, var: 0.002241","mean: 0.198242, var: 0.000807","mean: 0.144891, var: 0.010209",3.438789228172732,0.1654071381705517,3.2733820900021806,High
ENSP00000401510,"mean: 0.269238, var: 0.003960","mean: 0.557227, var: 0.001462","mean: 0.320776, var: 0.007381","mean: 0.209863, var: 0.009262","mean: 0.200562, var: 0.002965","mean: 0.178406, var: 0.007430","mean: 0.053122, var: 0.001479","mean: 0.281763, var: 0.012420","mean: 0.126135, var: 0.001460","mean: 0.194800, var: 0.008393","mean: 0.099520, var: 0.007422",3.323532337588806,0.31491312832107277,3.0086192092677333,High
ENSP00000501787,"mean: 0.193262, var: 0.000699","mean: 0.458887, var: 0.003581","mean: 0.499707, var: 0.001974","mean: 0.341919, var: 0.011113","mean: 0.102350, var: 0.001261","mean: 0.467236, var: 0.002849","mean: 0.060486, var: 0.002904","mean: 0.243652, var: 0.001534","mean: 0.198584, var: 0.003935","mean: 0.262354, var: 0.001087","mean: 0.183112, var: 0.009646",3.474192831416121,0.2135397823597019,3.260653049056419,High
ENSP00000459305,"mean: 0.223193, var: 0.001154","mean: 0.493262, var: 0.003163","mean: 0.344849, var: 0.005034","mean: 0.471289, var: 0.007512","mean: 0.141052, var: 0.000549","mean: 0.253564, var: 0.007242","mean: 0.098807, var: 0.004800","mean: 0.154504, var: 0.003724","mean: 0.192920, var: 0.002647","mean: 0.180591, var: 0.000890","mean: 0.141245, var: 0.010618",3.4494247413676242,0.24587752009046737,3.203547221277157,High
ENSP00000452121,"mean: 0.218408, var: 0.001361","mean: 0.398047, var: 0.002931","mean: 0.532471, var: 0.002981","mean: 0.365796, var: 0.008704","mean: 0.119641, var: 0.000643","mean: 0.498242, var: 0.002810","mean: 0.048058, var: 0.001200","mean: 0.153479, var: 0.000831","mean: 0.186890, var: 0.002433","mean: 0.259766, var: 0.001254","mean: 0.151303, var: 0.009499",3.3864170683351,0.1871527650018417,3.1992643033332584,High
ENSP00000433930,"mean: 0.218262, var: 0.005740","mean: 0.530762, var: 0.003709","mean: 0.383496, var: 0.005926","mean: 0.504541, var: 0.005181","mean: 0.158008, var: 0.002576","mean: 0.408789, var: 0.011487","mean: 0.144434, var: 0.006343","mean: 0.170532, var: 0.001889","mean: 0.330542, var: 0.018589","mean: 0.235352, var: 0.000594","mean: 0.184485, var: 0.005749",3.637673772874294,0.326798246121957,3.3108755267523367,High
ENSP00000412744,"mean: 0.173633, var: 0.000483","mean: 0.475342, var: 0.004238","mean: 0.557813, var: 0.000520","mean: 0.315942, var: 0.014986","mean: 0.094971, var: 0.000445","mean: 0.347729, var: 0.008528","mean: 0.054092, var: 0.002350","mean: 0.284546, var: 0.006651","mean: 0.188892, var: 0.001145","mean: 0.191357, var: 0.005636","mean: 0.183936, var: 0.003482",3.3961506214553103,0.2420063448999588,3.1541442765553516,High
ENSP00000463481,"mean: 0.177466, var: 0.000309","mean: 0.429150, var: 0.003913","mean: 0.460303, var: 0.004433","mean: 0.518311, var: 0.000844","mean: 0.071704, var: 0.000273","mean: 0.342432, var: 0.000518","mean: 0.083710, var: 0.002693","mean: 0.190918, var: 0.003213","mean: 0.174512, var: 0.003450","mean: 0.205811, var: 0.000293","mean: 0.126105, var: 0.009023",3.3384617102586884,0.15914454588141264,3.179317164377276,High
ENSP00000447739,"mean: 0.184924, var: 0.002784","mean: 0.522510, var: 0.002814","mean: 0.479785, var: 0.003718","mean: 0.481055, var: 0.013007","mean: 0.121106, var: 0.001289","mean: 0.550244, var: 0.015864","mean: 0.103326, var: 0.002261","mean: 0.117700, var: 0.000373","mean: 0.226953, var: 0.010888","mean: 0.228247, var: 0.002572","mean: 0.067213, var: 0.001903",3.281655071814959,0.27769131908970407,3.003963752725255,High
ENSP00000413636,"mean: 0.152637, var: 0.000289","mean: 0.478857, var: 0.003493","mean: 0.503760, var: 0.007261","mean: 0.414697, var: 0.006362","mean: 0.112134, var: 0.000181","mean: 0.231055, var: 0.001534","mean: 0.184735, var: 0.011413","mean: 0.172632, var: 0.002372","mean: 0.214746, var: 0.003199","mean: 0.188599, var: 0.000617","mean: 0.121716, var: 0.005005",3.450341616958703,0.21638739311767305,3.23395422384103,High
ENSP00000499306,"mean: 0.189966, var: 0.000532","mean: 0.459521, var: 0.006601","mean: 0.473340, var: 0.002523","mean: 0.320386, var: 0.006194","mean: 0.105957, var: 0.000536","mean: 0.418799, var: 0.004821","mean: 0.221338, var: 0.006518","mean: 0.185584, var: 0.004806","mean: 0.178430, var: 0.005907","mean: 0.262549, var: 0.003440","mean: 0.098080, var: 0.009912",3.5266276017967333,0.26750646333242306,3.25912113846431,High
ENSP00000423844,"mean: 0.214722, var: 0.001527","mean: 0.479248, var: 0.003283","mean: 0.427246, var: 0.005318","mean: 0.522852, var: 0.002433","mean: 0.144482, var: 0.000818","mean: 0.367090, var: 0.001682","mean: 0.119574, var: 0.007359","mean: 0.185913, var: 0.001956","mean: 0.223999, var: 0.007222","mean: 0.192847, var: 0.000145","mean: 0.160016, var: 0.012720",3.5451048241307044,0.22848323728315725,3.316621586847547,High
ENSP00000503895,"mean: 0.162134, var: 0.000236","mean: 0.499121, var: 0.004793","mean: 0.466895, var: 0.005164","mean: 0.411865, var: 0.004257","mean: 0.086310, var: 0.000240","mean: 0.305469, var: 0.002123","mean: 0.079382, var: 0.003316","mean: 0.139429, var: 0.001946","mean: 0.177368, var: 0.002578","mean: 0.175818, var: 0.001053","mean: 0.129163, var: 0.009308",3.289037942653515,0.19026651938081182,3.098771423272703,High
ENSP00000501638,"mean: 0.218823, var: 0.000941","mean: 0.290845, var: 0.005509","mean: 0.246948, var: 0.003364","mean: 0.439258, var: 0.013273","mean: 0.064484, var: 0.000124","mean: 0.297534, var: 0.007615","mean: 0.175073, var: 0.011279","mean: 0.183203, var: 0.001710","mean: 0.151672, var: 0.006221","mean: 0.230322, var: 0.002385","mean: 0.099243, var: 0.003476",3.4053777693565803,0.27715530871557875,3.1282224606410014,High
ENSP00000435644,"mean: 0.280029, var: 0.000960","mean: 0.523877, var: 0.006704","mean: 0.438867, var: 0.019444","mean: 0.367773, var: 0.007323","mean: 0.081458, var: 0.001329","mean: 0.310132, var: 0.018747","mean: 0.018380, var: 0.000941","mean: 0.211670, var: 0.001289","mean: 0.333545, var: 0.017681","mean: 0.411963, var: 0.012452","mean: 0.157867, var: 0.033720",3.416902373323656,0.4915909627666325,2.9253114105570233,High
ENSP00000449513,"mean: 0.121985, var: 0.000290","mean: 0.563574, var: 0.006940","mean: 0.471387, var: 0.007775","mean: 0.383789, var: 0.002032","mean: 0.079852, var: 0.000234","mean: 0.301929, var: 0.001121","mean: 0.214160, var: 0.009224","mean: 0.125244, var: 0.001803","mean: 0.110944, var: 0.001815","mean: 0.194592, var: 0.002598","mean: 0.158563, var: 0.007486",3.3099797151143564,0.21495055610308478,3.0950291590112715,High
ENSP00000425147,"mean: 0.443408, var: 0.001747","mean: 0.379541, var: 0.002306","mean: 0.269824, var: 0.002273","mean: 0.202612, var: 0.001996","mean: 0.198938, var: 0.002265","mean: 0.450391, var: 0.001463","mean: 0.075067, var: 0.001391","mean: 0.433643, var: 0.005520","mean: 0.350708, var: 0.007719","mean: 0.408252, var: 0.001792","mean: 0.170825, var: 0.007095",3.6775010242087864,0.19651254336013535,3.480988480848651,High
ENSP00000410149,"mean: 0.147290, var: 0.001218","mean: 0.486816, var: 0.002447","mean: 0.575049, var: 0.004381","mean: 0.464111, var: 0.010463","mean: 0.160840, var: 0.000774","mean: 0.422900, var: 0.001171","mean: 0.014717, var: 0.000236","mean: 0.186963, var: 0.001628","mean: 0.176746, var: 0.003072","mean: 0.250854, var: 0.004767","mean: 0.197845, var: 0.006492",3.314229901917632,0.19622058002681542,3.1180093218908165,High
ENSP00000407378,"mean: 0.196814, var: 0.002439","mean: 0.488574, var: 0.003699","mean: 0.489551, var: 0.005840","mean: 0.487695, var: 0.011312","mean: 0.121326, var: 0.001570","mean: 0.322852, var: 0.001695","mean: 0.101373, var: 0.002843","mean: 0.167175, var: 0.002547","mean: 0.182458, var: 0.003087","mean: 0.207446, var: 0.001901","mean: 0.056570, var: 0.001923",3.3208926201205964,0.2107405788569468,3.1101520412636496,High
ENSP00000462170,"mean: 0.181763, var: 0.000772","mean: 0.392725, var: 0.002544","mean: 0.462744, var: 0.002665","mean: 0.321216, var: 0.005674","mean: 0.101208, var: 0.000673","mean: 0.387109, var: 0.002447","mean: 0.076404, var: 0.002334","mean: 0.224707, var: 0.009773","mean: 0.184375, var: 0.002743","mean: 0.232178, var: 0.001071","mean: 0.138684, var: 0.018041",3.4542745699286774,0.24082073482222097,3.2134538351064563,High
ENSP00000431085,"mean: 0.544238, var: 0.001094","mean: 0.560107, var: 0.004376","mean: 0.316211, var: 0.000268","mean: 0.118530, var: 0.001291","mean: 0.645215, var: 0.008744","mean: 0.350635, var: 0.002584","mean: 0.092169, var: 0.000932","mean: 0.245410, var: 0.000816","mean: 0.151587, var: 0.001312","mean: 0.212402, var: 0.001038","mean: 0.171573, var: 0.012799",3.404771900483717,0.1827875953908012,3.221984305092916,High
ENSP00000506523,"mean: 0.280469, var: 0.004780","mean: 0.477246, var: 0.004226","mean: 0.416797, var: 0.003093","mean: 0.523145, var: 0.011602","mean: 0.189331, var: 0.002680","mean: 0.337744, var: 0.001780","mean: 0.096429, var: 0.002229","mean: 0.181873, var: 0.004580","mean: 0.211035, var: 0.006965","mean: 0.236255, var: 0.001407","mean: 0.048575, var: 0.001905",3.44665090454553,0.23940238025301783,3.2072485242925124,High
ENSP00000485723,"mean: 0.198779, var: 0.000620","mean: 0.466016, var: 0.005348","mean: 0.387207, var: 0.007595","mean: 0.399854, var: 0.001566","mean: 0.083185, var: 0.000859","mean: 0.327686, var: 0.002274","mean: 0.181165, var: 0.012201","mean: 0.243481, var: 0.003569","mean: 0.092090, var: 0.000484","mean: 0.171484, var: 0.000682","mean: 0.282410, var: 0.014363",3.515867837414814,0.24311529581970664,3.2727525415951075,High
ENSP00000472858,"mean: 0.197290, var: 0.001423","mean: 0.481201, var: 0.003406","mean: 0.427197, var: 0.004371","mean: 0.543408, var: 0.004679","mean: 0.143262, var: 0.000160","mean: 0.448437, var: 0.003758","mean: 0.097852, var: 0.004958","mean: 0.209790, var: 0.002589","mean: 0.213623, var: 0.006573","mean: 0.160425, var: 0.001743","mean: 0.250183, var: 0.009564",3.529970007345626,0.2302192933015631,3.299750714044063,High
ENSP00000429541,"mean: 0.250903, var: 0.003657","mean: 0.334424, var: 0.005438","mean: 0.373193, var: 0.013006","mean: 0.392822, var: 0.024625","mean: 0.052551, var: 0.001411","mean: 0.467358, var: 0.019752","mean: 0.032555, var: 0.001255","mean: 0.290112, var: 0.016263","mean: 0.291040, var: 0.036504","mean: 0.468506, var: 0.006859","mean: 0.104626, var: 0.012335",3.3795761463579868,0.5679419185082556,2.8116342278497313,High
ENSP00000416618,"mean: 0.204932, var: 0.000844","mean: 0.433838, var: 0.003105","mean: 0.447803, var: 0.003824","mean: 0.340625, var: 0.007227","mean: 0.122107, var: 0.000616","mean: 0.374463, var: 0.001278","mean: 0.123096, var: 0.005001","mean: 0.200073, var: 0.002460","mean: 0.235742, var: 0.005074","mean: 0.203149, var: 0.003514","mean: 0.147656, var: 0.010343",3.5650009991302034,0.2291145676761272,3.3358864314540764,High
ENSP00000455684,"mean: 0.256201, var: 0.002281","mean: 0.435937, var: 0.004146","mean: 0.315552, var: 0.004077","mean: 0.528076, var: 0.001507","mean: 0.149268, var: 0.000261","mean: 0.340381, var: 0.003117","mean: 0.217859, var: 0.010151","mean: 0.233105, var: 0.004923","mean: 0.303711, var: 0.011067","mean: 0.259180, var: 0.001263","mean: 0.271704, var: 0.006119",3.8000997263999956,0.251195810086351,3.5489039163136447,High
ENSP00000448846,"mean: 0.238086, var: 0.002023","mean: 0.434229, var: 0.003837","mean: 0.481689, var: 0.003701","mean: 0.371191, var: 0.006344","mean: 0.102252, var: 0.000753","mean: 0.485547, var: 0.001391","mean: 0.066101, var: 0.001762","mean: 0.169714, var: 0.002791","mean: 0.190625, var: 0.003599","mean: 0.165869, var: 0.000757","mean: 0.099976, var: 0.006935",3.3323422045220554,0.18903546919685724,3.143306735325198,High
ENSP00000433504,"mean: 0.232031, var: 0.002495","mean: 0.494092, var: 0.001850","mean: 0.503223, var: 0.003516","mean: 0.420996, var: 0.007822","mean: 0.189136, var: 0.001274","mean: 0.424414, var: 0.000834","mean: 0.034329, var: 0.000664","mean: 0.196826, var: 0.002487","mean: 0.133850, var: 0.002692","mean: 0.228931, var: 0.000880","mean: 0.066754, var: 0.003709",3.298883388836375,0.16147030246117858,3.1374130863751963,High
ENSP00000418507,"mean: 0.136682, var: 0.001435","mean: 0.623535, var: 0.003373","mean: 0.466211, var: 0.005356","mean: 0.549756, var: 0.007593","mean: 0.136963, var: 0.000813","mean: 0.386426, var: 0.006669","mean: 0.122827, var: 0.004545","mean: 0.163709, var: 0.001005","mean: 0.228564, var: 0.011203","mean: 0.226733, var: 0.000913","mean: 0.081796, var: 0.001498",3.3233448820962637,0.2307595284177486,3.092585353678515,High
ENSP00000453067,"mean: 0.177271, var: 0.000187","mean: 0.326514, var: 0.001422","mean: 0.509277, var: 0.007211","mean: 0.404346, var: 0.005229","mean: 0.084070, var: 0.000283","mean: 0.311719, var: 0.001083","mean: 0.165308, var: 0.003213","mean: 0.277490, var: 0.008438","mean: 0.198657, var: 0.004544","mean: 0.174463, var: 0.001277","mean: 0.162012, var: 0.009560",3.5272843552484594,0.21989061996195436,3.307393735286505,High
ENSP00000420535,"mean: 0.652832, var: 0.006717","mean: 0.186328, var: 0.002828","mean: 0.201538, var: 0.001245","mean: 0.220483, var: 0.010857","mean: 0.178076, var: 0.002084","mean: 0.366260, var: 0.003491","mean: 0.043584, var: 0.000711","mean: 0.555713, var: 0.010598","mean: 0.275439, var: 0.016618","mean: 0.392676, var: 0.001353","mean: 0.061389, var: 0.002567",3.279348946258622,0.2859317169877208,2.993417229270901,High
ENSP00000508281,"mean: 0.189233, var: 0.000382","mean: 0.457373, var: 0.001756","mean: 0.446240, var: 0.004934","mean: 0.397119, var: 0.005475","mean: 0.103235, var: 0.000552","mean: 0.368896, var: 0.002056","mean: 0.055902, var: 0.001202","mean: 0.219519, var: 0.004466","mean: 0.228223, var: 0.002394","mean: 0.238281, var: 0.002236","mean: 0.103485, var: 0.010323",3.409709433059233,0.19329585814023825,3.2164135749189944,High
ENSP00000498123,"mean: 0.221729, var: 0.002199","mean: 0.454883, var: 0.003689","mean: 0.445947, var: 0.003538","mean: 0.437646, var: 0.010144","mean: 0.112640, var: 0.001662","mean: 0.590723, var: 0.003517","mean: 0.138629, var: 0.003569","mean: 0.202856, var: 0.004934","mean: 0.314136, var: 0.011689","mean: 0.312598, var: 0.003773","mean: 0.047993, var: 0.002585",3.441521169818167,0.26594828720538705,3.17557288261278,High
ENSP00000483687,"mean: 0.177051, var: 0.000592","mean: 0.380518, var: 0.003772","mean: 0.446729, var: 0.005780","mean: 0.425537, var: 0.006455","mean: 0.084033, var: 0.000871","mean: 0.447363, var: 0.002868","mean: 0.044751, var: 0.000850","mean: 0.349951, var: 0.006343","mean: 0.216333, var: 0.005518","mean: 0.248511, var: 0.000952","mean: 0.223779, var: 0.009869",3.4843811984066817,0.2297119328407179,3.2546692655659637,High
ENSP00000393690,"mean: 0.201709, var: 0.000693","mean: 0.444141, var: 0.003328","mean: 0.497461, var: 0.004107","mean: 0.357886, var: 0.007436","mean: 0.116382, var: 0.001261","mean: 0.423486, var: 0.000277","mean: 0.076721, var: 0.003266","mean: 0.183154, var: 0.002645","mean: 0.257935, var: 0.007261","mean: 0.262671, var: 0.000272","mean: 0.132471, var: 0.009856",3.4889987906322513,0.2116515444365263,3.277347246195725,High
ENSP00000462500,"mean: 0.177002, var: 0.000218","mean: 0.510889, var: 0.004494","mean: 0.374194, var: 0.005141","mean: 0.350049, var: 0.007242","mean: 0.115100, var: 0.000415","mean: 0.308301, var: 0.004448","mean: 0.129297, var: 0.003348","mean: 0.218799, var: 0.003783","mean: 0.288574, var: 0.004850","mean: 0.219641, var: 0.003995","mean: 0.128290, var: 0.009968",3.5484733440051017,0.2502576855252987,3.298215658479803,High
ENSP00000456341,"mean: 0.207861, var: 0.000779","mean: 0.476953, var: 0.002886","mean: 0.506494, var: 0.002393","mean: 0.352954, var: 0.012244","mean: 0.129639, var: 0.001384","mean: 0.492773, var: 0.001431","mean: 0.066656, var: 0.003407","mean: 0.196021, var: 0.001832","mean: 0.332373, var: 0.010640","mean: 0.256543, var: 0.001039","mean: 0.150024, var: 0.008205",3.504990230828604,0.23507224175297703,3.269917989075627,High
ENSP00000390830,"mean: 0.602539, var: 0.001793","mean: 0.279761, var: 0.002883","mean: 0.252295, var: 0.000988","mean: 0.165222, var: 0.003194","mean: 0.208789, var: 0.001121","mean: 0.520996, var: 0.002338","mean: 0.090997, var: 0.001770","mean: 0.707617, var: 0.006089","mean: 0.329102, var: 0.003812","mean: 0.412402, var: 0.002106","mean: 0.219678, var: 0.009320",3.500123124429553,0.1952321581923539,3.3048909662371995,High
ENSP00000413962,"mean: 0.278296, var: 0.004647","mean: 0.439014, var: 0.002992","mean: 0.352441, var: 0.002829","mean: 0.367651, var: 0.015217","mean: 0.131665, var: 0.000606","mean: 0.403662, var: 0.010070","mean: 0.040221, var: 0.001700","mean: 0.273779, var: 0.014837","mean: 0.186365, var: 0.002720","mean: 0.288843, var: 0.009508","mean: 0.115079, var: 0.009699",3.4904728252801873,0.352043470778201,3.1384293545019863,High
ENSP00000397787,"mean: 0.207764, var: 0.001962","mean: 0.493066, var: 0.003123","mean: 0.465234, var: 0.002409","mean: 0.406494, var: 0.002818","mean: 0.096100, var: 0.001113","mean: 0.463525, var: 0.004943","mean: 0.117645, var: 0.005526","mean: 0.224292, var: 0.006120","mean: 0.146021, var: 0.002868","mean: 0.199976, var: 0.002441","mean: 0.101602, var: 0.009444",3.4007438941894668,0.23055588407923563,3.1701880101102313,High
ENSP00000243893,"mean: 0.184521, var: 0.000959","mean: 0.500293, var: 0.003987","mean: 0.458643, var: 0.004065","mean: 0.382129, var: 0.003016","mean: 0.121143, var: 0.000242","mean: 0.335986, var: 0.001255","mean: 0.114233, var: 0.004719","mean: 0.168848, var: 0.002825","mean: 0.146411, var: 0.003846","mean: 0.181665, var: 0.001462","mean: 0.151370, var: 0.009269",3.430707947533885,0.19515011798803328,3.2355578295458516,High
ENSP00000467641,"mean: 0.161157, var: 0.000086","mean: 0.438330, var: 0.002925","mean: 0.484912, var: 0.004316","mean: 0.341528, var: 0.010191","mean: 0.112134, var: 0.000152","mean: 0.410791, var: 0.002391","mean: 0.103485, var: 0.005471","mean: 0.149207, var: 0.001947","mean: 0.160107, var: 0.003248","mean: 0.204614, var: 0.001788","mean: 0.131702, var: 0.011307",3.387938817915566,0.22512713211844293,3.162811685797123,High
ENSP00000449571,"mean: 0.206152, var: 0.000544","mean: 0.465869, var: 0.001585","mean: 0.371680, var: 0.001838","mean: 0.411084, var: 0.010075","mean: 0.154541, var: 0.000042","mean: 0.461621, var: 0.001186","mean: 0.071732, var: 0.002497","mean: 0.191064, var: 0.004516","mean: 0.216357, var: 0.007098","mean: 0.166541, var: 0.002866","mean: 0.107089, var: 0.007786",3.4343240484840325,0.20967471951308705,3.2246493289709455,High
ENSP00000410044,"mean: 0.226831, var: 0.002016","mean: 0.501270, var: 0.003064","mean: 0.473193, var: 0.003193","mean: 0.329248, var: 0.008274","mean: 0.116724, var: 0.000948","mean: 0.530811, var: 0.000878","mean: 0.075565, var: 0.002911","mean: 0.267432, var: 0.006802","mean: 0.299561, var: 0.006999","mean: 0.308496, var: 0.000695","mean: 0.094937, var: 0.006367",3.484765908229736,0.2239646079873664,3.26080130024237,High
ENSP00000407096,"mean: 0.203906, var: 0.000350","mean: 0.456982, var: 0.008602","mean: 0.475293, var: 0.003069","mean: 0.228589, var: 0.003175","mean: 0.062436, var: 0.000426","mean: 0.428369, var: 0.005497","mean: 0.202728, var: 0.012305","mean: 0.367749, var: 0.013650","mean: 0.230688, var: 0.004417","mean: 0.231592, var: 0.007858","mean: 0.300049, var: 0.009817",3.639050531878225,0.33177530315906434,3.3072752287191607,High
ENSP00000495519,"mean: 0.200269, var: 0.000572","mean: 0.523779, var: 0.005593","mean: 0.538086, var: 0.005088","mean: 0.327075, var: 0.005369","mean: 0.097955, var: 0.001089","mean: 0.342773, var: 0.001364","mean: 0.111334, var: 0.005029","mean: 0.215894, var: 0.004732","mean: 0.183838, var: 0.002561","mean: 0.215015, var: 0.002385","mean: 0.087584, var: 0.005649",3.384843810590771,0.21551782036473574,3.169325990226035,High
ENSP00000423072,"mean: 0.316211, var: 0.001366","mean: 0.550439, var: 0.004819","mean: 0.321924, var: 0.001529","mean: 0.180725, var: 0.003264","mean: 0.257031, var: 0.003200","mean: 0.348975, var: 0.004484","mean: 0.095195, var: 0.005714","mean: 0.255176, var: 0.005478","mean: 0.185229, var: 0.001512","mean: 0.323145, var: 0.009061","mean: 0.118341, var: 0.009098",3.585672596571075,0.2591795952371454,3.3264930013339296,High
ENSP00000506493,"mean: 0.196753, var: 0.000998","mean: 0.394189, var: 0.007344","mean: 0.478467, var: 0.011354","mean: 0.373389, var: 0.011703","mean: 0.090015, var: 0.000212","mean: 0.262427, var: 0.000681","mean: 0.061856, var: 0.002166","mean: 0.165002, var: 0.000745","mean: 0.177466, var: 0.005029","mean: 0.169861, var: 0.001322","mean: 0.103110, var: 0.005100",3.2868607738615068,0.2335999685401752,3.0532608053213317,High
ENSP00000504071,"mean: 0.202100, var: 0.000439","mean: 0.459717, var: 0.004261","mean: 0.441992, var: 0.001696","mean: 0.277637, var: 0.010780","mean: 0.087378, var: 0.000414","mean: 0.630273, var: 0.003681","mean: 0.051906, var: 0.001499","mean: 0.211523, var: 0.006059","mean: 0.190405, var: 0.002631","mean: 0.265845, var: 0.007793","mean: 0.110883, var: 0.008070",3.2949979451359908,0.2431976840801397,3.0518002610558512,High
ENSP00000501857,"mean: 0.147144, var: 0.000130","mean: 0.500732, var: 0.003453","mean: 0.540771, var: 0.003246","mean: 0.429199, var: 0.007598","mean: 0.114832, var: 0.000181","mean: 0.463818, var: 0.001018","mean: 0.062253, var: 0.003200","mean: 0.150500, var: 0.001453","mean: 0.135852, var: 0.002113","mean: 0.195508, var: 0.002872","mean: 0.212726, var: 0.016161",3.306060576348454,0.2093650903612444,3.0966954859872096,High
ENSP00000418252,"mean: 0.221045, var: 0.001274","mean: 0.469482, var: 0.004322","mean: 0.444141, var: 0.005114","mean: 0.428662, var: 0.007164","mean: 0.089008, var: 0.000922","mean: 0.360449, var: 0.003445","mean: 0.085291, var: 0.005186","mean: 0.150354, var: 0.001702","mean: 0.161108, var: 0.003312","mean: 0.220337, var: 0.000736","mean: 0.078751, var: 0.005801",3.3177313515157416,0.2125848744127151,3.1051464771030264,High
ENSP00000453480,"mean: 0.298608, var: 0.005142","mean: 0.395166, var: 0.000455","mean: 0.279980, var: 0.003499","mean: 0.555908, var: 0.005507","mean: 0.165344, var: 0.001461","mean: 0.437891, var: 0.007740","mean: 0.106287, var: 0.006803","mean: 0.152704, var: 0.005884","mean: 0.134863, var: 0.002683","mean: 0.290991, var: 0.005932","mean: 0.049070, var: 0.003481",3.372361963588557,0.2563689386212151,3.115993024967342,High
ENSP00000452500,"mean: 0.191406, var: 0.000382","mean: 0.528467, var: 0.004366","mean: 0.416846, var: 0.004643","mean: 0.461279, var: 0.004532","mean: 0.107141, var: 0.000437","mean: 0.392480, var: 0.003405","mean: 0.076306, var: 0.003821","mean: 0.139648, var: 0.001339","mean: 0.197998, var: 0.006953","mean: 0.266431, var: 0.001051","mean: 0.137088, var: 0.011371",3.3982768630057762,0.22164971355924615,3.17662714944653,High
ENSP00000387481,"mean: 0.209131, var: 0.002082","mean: 0.416504, var: 0.003353","mean: 0.422656, var: 0.003684","mean: 0.402051, var: 0.014961","mean: 0.110596, var: 0.000942","mean: 0.459180, var: 0.002716","mean: 0.105127, var: 0.001756","mean: 0.153259, var: 0.002150","mean: 0.109497, var: 0.002745","mean: 0.234180, var: 0.002238","mean: 0.089676, var: 0.005347",3.345943932743407,0.2202593101268006,3.1256846226166064,High
ENSP00000428531,"mean: 0.241846, var: 0.002600","mean: 0.471484, var: 0.012892","mean: 0.490381, var: 0.008788","mean: 0.263452, var: 0.009630","mean: 0.113501, var: 0.001477","mean: 0.481104, var: 0.011273","mean: 0.088327, var: 0.003136","mean: 0.174664, var: 0.007764","mean: 0.153943, var: 0.005810","mean: 0.194196, var: 0.005640","mean: 0.178552, var: 0.012459",3.430668282621591,0.3876258222349769,3.043042460386614,High
ENSP00000408802,"mean: 0.236011, var: 0.001525","mean: 0.478467, var: 0.004464","mean: 0.529102, var: 0.002644","mean: 0.311426, var: 0.004765","mean: 0.153894, var: 0.001154","mean: 0.518652, var: 0.006800","mean: 0.057655, var: 0.001135","mean: 0.243188, var: 0.002302","mean: 0.143530, var: 0.002624","mean: 0.209033, var: 0.001682","mean: 0.109714, var: 0.006196",3.378742640209547,0.19648375333116574,3.1822588868783814,High
ENSP00000469760,"mean: 0.130432, var: 0.000237","mean: 0.485205, var: 0.003515","mean: 0.525537, var: 0.006017","mean: 0.315576, var: 0.006267","mean: 0.086615, var: 0.000562","mean: 0.321631, var: 0.000414","mean: 0.169055, var: 0.012056","mean: 0.220264, var: 0.001941","mean: 0.201001, var: 0.004560","mean: 0.207495, var: 0.002314","mean: 0.189679, var: 0.012371",3.493246758733966,0.2501751648255637,3.243071593908402,High
ENSP00000466684,"mean: 0.184644, var: 0.000072","mean: 0.512842, var: 0.004834","mean: 0.467090, var: 0.001986","mean: 0.355664, var: 0.001358","mean: 0.104773, var: 0.000585","mean: 0.400537, var: 0.000555","mean: 0.109534, var: 0.009228","mean: 0.244360, var: 0.001930","mean: 0.131787, var: 0.002848","mean: 0.232886, var: 0.002667","mean: 0.194153, var: 0.011703",3.4917096140467763,0.1961421475115275,3.295567466535249,High
ENSP00000430805,"mean: 0.240576, var: 0.001369","mean: 0.430127, var: 0.003198","mean: 0.501318, var: 0.003272","mean: 0.179468, var: 0.003929","mean: 0.118823, var: 0.000443","mean: 0.371875, var: 0.000676","mean: 0.074638, var: 0.003090","mean: 0.253931, var: 0.003589","mean: 0.218018, var: 0.004579","mean: 0.198633, var: 0.002862","mean: 0.171887, var: 0.009905",3.4786196947457952,0.20144300139853316,3.277176693347262,High
ENSP00000502465,"mean: 0.142285, var: 0.000161","mean: 0.499854, var: 0.003462","mean: 0.524561, var: 0.004170","mean: 0.476562, var: 0.006504","mean: 0.110864, var: 0.000291","mean: 0.460156, var: 0.002502","mean: 0.093100, var: 0.005158","mean: 0.115674, var: 0.000882","mean: 0.130457, var: 0.001635","mean: 0.164612, var: 0.001201","mean: 0.212610, var: 0.011927",3.279128791160423,0.19874845891541418,3.0803803322450087,High
ENSP00000484996,"mean: 0.163257, var: 0.000629","mean: 0.520898, var: 0.005330","mean: 0.379346, var: 0.005280","mean: 0.534717, var: 0.004933","mean: 0.113086, var: 0.000563","mean: 0.390771, var: 0.000842","mean: 0.110577, var: 0.008151","mean: 0.154700, var: 0.001725","mean: 0.204736, var: 0.007121","mean: 0.265063, var: 0.009645","mean: 0.117676, var: 0.006806",3.4124093821763957,0.26071592903607066,3.151693453140325,High
ENSP00000455953,"mean: 0.175732, var: 0.000251","mean: 0.478857, var: 0.004772","mean: 0.485498, var: 0.006438","mean: 0.332080, var: 0.006960","mean: 0.090405, var: 0.000336","mean: 0.266382, var: 0.001254","mean: 0.100745, var: 0.006345","mean: 0.211499, var: 0.000991","mean: 0.314355, var: 0.015400","mean: 0.197205, var: 0.004485","mean: 0.220386, var: 0.002315",3.5217695733753973,0.24724422829257997,3.274525345082817,High
ENSP00000426210,"mean: 0.213696, var: 0.001363","mean: 0.464062, var: 0.001832","mean: 0.444043, var: 0.005664","mean: 0.291772, var: 0.009993","mean: 0.152808, var: 0.001534","mean: 0.509229, var: 0.003520","mean: 0.039629, var: 0.000445","mean: 0.155774, var: 0.003768","mean: 0.172119, var: 0.003080","mean: 0.198645, var: 0.010322","mean: 0.110362, var: 0.014707",3.321377101032713,0.2772300548068568,3.044147046225856,High
ENSP00000453192,"mean: 0.240601, var: 0.003709","mean: 0.477148, var: 0.003990","mean: 0.402441, var: 0.003601","mean: 0.532324, var: 0.013859","mean: 0.126697, var: 0.001877","mean: 0.460498, var: 0.002533","mean: 0.085153, var: 0.003424","mean: 0.174744, var: 0.005111","mean: 0.208057, var: 0.009701","mean: 0.233350, var: 0.003330","mean: 0.055064, var: 0.003103",3.357041003962853,0.2775871704664811,3.079453833496372,High
ENSP00000459602,"mean: 0.162085, var: 0.000304","mean: 0.368262, var: 0.003077","mean: 0.373120, var: 0.007980","mean: 0.579980, var: 0.001546","mean: 0.056329, var: 0.000644","mean: 0.436719, var: 0.005861","mean: 0.125000, var: 0.008122","mean: 0.213208, var: 0.003599","mean: 0.104327, var: 0.001241","mean: 0.185181, var: 0.000311","mean: 0.342456, var: 0.016679",3.3749640425163743,0.2421156531068266,3.132848389409548,High
ENSP00000349253,"mean: 0.289478, var: 0.001704","mean: 0.476562, var: 0.004908","mean: 0.455908, var: 0.002290","mean: 0.272412, var: 0.005430","mean: 0.110193, var: 0.001375","mean: 0.507275, var: 0.001991","mean: 0.077600, var: 0.002208","mean: 0.408301, var: 0.004616","mean: 0.287817, var: 0.008199","mean: 0.350806, var: 0.003710","mean: 0.078131, var: 0.004335",3.500956383473025,0.22271035249326165,3.278246030979763,High
ENSP00000490160,"mean: 0.185400, var: 0.000185","mean: 0.445312, var: 0.003121","mean: 0.399902, var: 0.002621","mean: 0.451562, var: 0.008371","mean: 0.085675, var: 0.000600","mean: 0.554639, var: 0.002414","mean: 0.105038, var: 0.008252","mean: 0.321631, var: 0.004821","mean: 0.218701, var: 0.003976","mean: 0.317334, var: 0.002296","mean: 0.211298, var: 0.010126",3.5623439611065635,0.24195078695821273,3.3203931741483506,High
ENSP00000437899,"mean: 0.167358, var: 0.000079","mean: 0.473047, var: 0.004289","mean: 0.564355, var: 0.002636","mean: 0.281689, var: 0.002883","mean: 0.080859, var: 0.000428","mean: 0.327441, var: 0.001312","mean: 0.047826, var: 0.001944","mean: 0.192017, var: 0.004207","mean: 0.254224, var: 0.006624","mean: 0.212842, var: 0.003010","mean: 0.135107, var: 0.010641",3.31213264819872,0.20287264844639508,3.109259999752325,High
ENSP00000415292,"mean: 0.316895, var: 0.003017","mean: 0.463965, var: 0.003885","mean: 0.454443, var: 0.003229","mean: 0.309790, var: 0.008016","mean: 0.132690, var: 0.002343","mean: 0.452148, var: 0.001839","mean: 0.036241, var: 0.001056","mean: 0.364600, var: 0.004541","mean: 0.279810, var: 0.007163","mean: 0.336816, var: 0.003384","mean: 0.092458, var: 0.004564",3.499949802948999,0.23301838509967612,3.2669314178493227,High
ENSP00000400569,"mean: 0.294751, var: 0.002323","mean: 0.458301, var: 0.004438","mean: 0.444727, var: 0.003847","mean: 0.353809, var: 0.003248","mean: 0.119366, var: 0.001550","mean: 0.525879, var: 0.003916","mean: 0.083524, var: 0.002478","mean: 0.292554, var: 0.007357","mean: 0.248389, var: 0.006137","mean: 0.301074, var: 0.002340","mean: 0.100513, var: 0.007086",3.5425335079412266,0.24137516868642223,3.3011583392548043,High
ENSP00000457149,"mean: 0.228857, var: 0.001344","mean: 0.351172, var: 0.004248","mean: 0.317603, var: 0.002246","mean: 0.572070, var: 0.008305","mean: 0.129468, var: 0.001413","mean: 0.457324, var: 0.000722","mean: 0.055853, var: 0.001309","mean: 0.319189, var: 0.004132","mean: 0.322070, var: 0.008088","mean: 0.320166, var: 0.002778","mean: 0.214966, var: 0.006606",3.59686860409233,0.21991892001861701,3.376949684073713,High
ENSP00000438862,"mean: 0.220850, var: 0.001742","mean: 0.566699, var: 0.004648","mean: 0.449170, var: 0.005076","mean: 0.336060, var: 0.008970","mean: 0.133105, var: 0.000698","mean: 0.353418, var: 0.003661","mean: 0.065527, var: 0.002126","mean: 0.146484, var: 0.001410","mean: 0.147241, var: 0.003322","mean: 0.171313, var: 0.001635","mean: 0.114740, var: 0.006038",3.310041650566908,0.2133870488274324,3.0966546017394756,High
ENSP00000455184,"mean: 0.223706, var: 0.000160","mean: 0.411719, var: 0.004458","mean: 0.363037, var: 0.002752","mean: 0.330273, var: 0.008595","mean: 0.115149, var: 0.000976","mean: 0.573486, var: 0.003604","mean: 0.058392, var: 0.003717","mean: 0.215405, var: 0.001290","mean: 0.141479, var: 0.003482","mean: 0.188306, var: 0.002103","mean: 0.289050, var: 0.019901",3.4482619912647987,0.24967403695038548,3.198587954314413,High
ENSP00000468113,"mean: 0.219141, var: 0.001439","mean: 0.443018, var: 0.005318","mean: 0.506885, var: 0.001978","mean: 0.371240, var: 0.010867","mean: 0.136951, var: 0.000743","mean: 0.452393, var: 0.002550","mean: 0.052969, var: 0.001197","mean: 0.155176, var: 0.002972","mean: 0.148462, var: 0.005590","mean: 0.209692, var: 0.001040","mean: 0.077185, var: 0.006830",3.289945821013834,0.21483395985133324,3.075111861162501,High
ENSP00000464790,"mean: 0.320654, var: 0.001992","mean: 0.435937, var: 0.002727","mean: 0.459180, var: 0.002597","mean: 0.211633, var: 0.014042","mean: 0.188257, var: 0.000256","mean: 0.463135, var: 0.002238","mean: 0.030997, var: 0.000485","mean: 0.295190, var: 0.003346","mean: 0.234619, var: 0.007844","mean: 0.284082, var: 0.005569","mean: 0.067150, var: 0.005265",3.430427101052707,0.23695224525980846,3.1934748557928985,High
ENSP00000477296,"mean: 0.214502, var: 0.000405","mean: 0.418652, var: 0.003470","mean: 0.513428, var: 0.005038","mean: 0.358154, var: 0.005381","mean: 0.086981, var: 0.000445","mean: 0.366211, var: 0.000954","mean: 0.039743, var: 0.000532","mean: 0.280811, var: 0.010818","mean: 0.228223, var: 0.004422","mean: 0.238159, var: 0.001022","mean: 0.110101, var: 0.009803",3.3917076267035187,0.21698372877785083,3.174723897925668,High
