Metric,Value
Subset Accuracy,0.33488642981945255
Jaccard,0.48905066977285966
MicroF1,0.5750177767243423
MacroF1,0.4257307542868716
MCC_Cytoplasm,0.3045057132566798
MCC_Nucleus,0.40367422253496377
MCC_Cell membrane,0.3379326721443692
MCC_Mitochondrion,0.57046834360265
MCC_Endoplasmic reticulum,0.10775935137816672
MCC_Golgi apparatus,0.15924705642445125
