ACC,Membrane,Cytoplasm,Nucleus,Extracellular,Cell membrane,Mitochondrion,Plastid,Endoplasmic reticulum,Lysosome/Vacuole,Golgi apparatus,Peroxisome,Predictive_Entropy,Uncertainty_Level
ENSP00000496878,"mean: 0.704785, var: 0.011179","mean: 0.231616, var: 0.000106","mean: 0.099146, var: 0.000175","mean: 0.426123, var: 0.019279","mean: 0.670898, var: 0.011501","mean: 0.151440, var: 0.003597","mean: 0.011735, var: 0.000051","mean: 0.238110, var: 0.000485","mean: 0.428467, var: 0.003522","mean: 0.334277, var: 0.001043","mean: 0.079266, var: 0.001010",3.055858725332463,High
ENSP00000496254,"mean: 0.406885, var: 0.005953","mean: 0.705371, var: 0.002724","mean: 0.225854, var: 0.001771","mean: 0.083551, var: 0.001081","mean: 0.406592, var: 0.007838","mean: 0.182568, var: 0.002162","mean: 0.007224, var: 0.000030","mean: 0.172571, var: 0.002599","mean: 0.227075, var: 0.000788","mean: 0.244482, var: 0.003366","mean: 0.046127, var: 0.001277",2.9936429282305346,High
ENSP00000495099,"mean: 0.302295, var: 0.000636","mean: 0.627246, var: 0.001610","mean: 0.445898, var: 0.002351","mean: 0.113281, var: 0.000324","mean: 0.207056, var: 0.001021","mean: 0.178638, var: 0.000788","mean: 0.025984, var: 0.000161","mean: 0.297583, var: 0.004191","mean: 0.334082, var: 0.010708","mean: 0.507275, var: 0.006411","mean: 0.037766, var: 0.000736",3.184644707154397,High
ENSP00000478783,"mean: 0.288916, var: 0.001380","mean: 0.436426, var: 0.002259","mean: 0.526758, var: 0.003976","mean: 0.070581, var: 0.001293","mean: 0.139685, var: 0.000484","mean: 0.125732, var: 0.001244","mean: 0.019430, var: 0.000161","mean: 0.201575, var: 0.005120","mean: 0.193781, var: 0.006062","mean: 0.375488, var: 0.003080","mean: 0.029559, var: 0.001186",2.9703225667099415,High
ENSP00000466285,"mean: 0.289185, var: 0.001956","mean: 0.564160, var: 0.009954","mean: 0.321289, var: 0.000295","mean: 0.348779, var: 0.018097","mean: 0.269043, var: 0.003211","mean: 0.416309, var: 0.004380","mean: 0.008372, var: 0.000056","mean: 0.203101, var: 0.002979","mean: 0.067725, var: 0.000017","mean: 0.135107, var: 0.000754","mean: 0.027809, var: 0.000972",3.0481386122407255,High
ENSP00000453443,"mean: 0.292871, var: 0.003109","mean: 0.646875, var: 0.001347","mean: 0.383496, var: 0.005402","mean: 0.101776, var: 0.001965","mean: 0.363428, var: 0.006093","mean: 0.181738, var: 0.001008","mean: 0.005099, var: 0.000024","mean: 0.186035, var: 0.006998","mean: 0.125232, var: 0.000218","mean: 0.169165, var: 0.001596","mean: 0.025407, var: 0.000391",2.9131647197004136,High
ENSP00000431179,"mean: 0.313062, var: 0.009979","mean: 0.662402, var: 0.006078","mean: 0.360645, var: 0.002940","mean: 0.130927, var: 0.005277","mean: 0.333472, var: 0.018499","mean: 0.170996, var: 0.001322","mean: 0.024564, var: 0.000314","mean: 0.168701, var: 0.001836","mean: 0.214722, var: 0.002805","mean: 0.477979, var: 0.002397","mean: 0.069653, var: 0.000456",3.1986318737652315,High
ENSP00000431129,"mean: 0.381641, var: 0.001155","mean: 0.712305, var: 0.003111","mean: 0.231567, var: 0.002703","mean: 0.071393, var: 0.000936","mean: 0.331177, var: 0.004061","mean: 0.262842, var: 0.002289","mean: 0.004204, var: 0.000009","mean: 0.290210, var: 0.004408","mean: 0.207495, var: 0.001283","mean: 0.341797, var: 0.001177","mean: 0.031786, var: 0.000406",3.0385738062623173,High
ENSP00000417570,"mean: 0.335400, var: 0.003491","mean: 0.318945, var: 0.000798","mean: 0.162012, var: 0.001401","mean: 0.754395, var: 0.000618","mean: 0.355127, var: 0.003845","mean: 0.253491, var: 0.004676","mean: 0.019782, var: 0.000209","mean: 0.259692, var: 0.001913","mean: 0.270068, var: 0.004408","mean: 0.358545, var: 0.003541","mean: 0.056403, var: 0.001048",3.265128637600965,High
ENSP00000414689,"mean: 0.295728, var: 0.006282","mean: 0.280762, var: 0.001306","mean: 0.259277, var: 0.000360","mean: 0.747070, var: 0.002082","mean: 0.384302, var: 0.022821","mean: 0.173389, var: 0.003089","mean: 0.010610, var: 0.000111","mean: 0.236572, var: 0.002112","mean: 0.124207, var: 0.000670","mean: 0.183325, var: 0.000960","mean: 0.022266, var: 0.000287",3.0001383507625965,High
ENSP00000414510,"mean: 0.279346, var: 0.004143","mean: 0.752539, var: 0.014452","mean: 0.254419, var: 0.002767","mean: 0.270044, var: 0.016881","mean: 0.305615, var: 0.002824","mean: 0.217163, var: 0.001280","mean: 0.017946, var: 0.000166","mean: 0.160083, var: 0.000558","mean: 0.233398, var: 0.002956","mean: 0.462109, var: 0.002198","mean: 0.033385, var: 0.001427",3.141142684865213,High
ENSP00000412763,"mean: 0.716357, var: 0.019575","mean: 0.240625, var: 0.000281","mean: 0.118518, var: 0.000242","mean: 0.345654, var: 0.018667","mean: 0.664893, var: 0.025717","mean: 0.141394, var: 0.003868","mean: 0.032751, var: 0.000053","mean: 0.220190, var: 0.002733","mean: 0.384473, var: 0.015292","mean: 0.378955, var: 0.001537","mean: 0.069620, var: 0.000978",3.1155663909938425,High
ENSP00000410157,"mean: 0.265674, var: 0.004511","mean: 0.527881, var: 0.003472","mean: 0.464648, var: 0.006012","mean: 0.043033, var: 0.001073","mean: 0.272681, var: 0.005104","mean: 0.124329, var: 0.000824","mean: 0.015127, var: 0.000187","mean: 0.208569, var: 0.002709","mean: 0.283936, var: 0.010792","mean: 0.288086, var: 0.000077","mean: 0.006624, var: 0.000081",2.9340184973830223,High
ENSP00000409472,"mean: 0.288794, var: 0.001559","mean: 0.428076, var: 0.004286","mean: 0.393604, var: 0.003150","mean: 0.314063, var: 0.003211","mean: 0.201343, var: 0.000288","mean: 0.290625, var: 0.006624","mean: 0.068558, var: 0.002011","mean: 0.280103, var: 0.002950","mean: 0.246338, var: 0.003203","mean: 0.322559, var: 0.001237","mean: 0.230804, var: 0.040360",3.7231639203235942,High
ENSP00000407046,"mean: 0.815332, var: 0.001952","mean: 0.317871, var: 0.002785","mean: 0.153882, var: 0.002359","mean: 0.072925, var: 0.001240","mean: 0.528271, var: 0.005348","mean: 0.145227, var: 0.004233","mean: 0.016694, var: 0.000184","mean: 0.452197, var: 0.003266","mean: 0.399463, var: 0.006537","mean: 0.551318, var: 0.003298","mean: 0.049475, var: 0.000070",2.897818280113319,High
ENSP00000400217,"mean: 0.262305, var: 0.003031","mean: 0.260937, var: 0.000425","mean: 0.146155, var: 0.000946","mean: 0.862793, var: 0.002405","mean: 0.299292, var: 0.005278","mean: 0.169153, var: 0.007350","mean: 0.015447, var: 0.000129","mean: 0.293896, var: 0.005778","mean: 0.268140, var: 0.007342","mean: 0.298999, var: 0.003090","mean: 0.039011, var: 0.000614",3.036390723214098,High
ENSP00000386239,"mean: 0.156628, var: 0.001324","mean: 0.557568, var: 0.006748","mean: 0.608398, var: 0.006036","mean: 0.130194, var: 0.001989","mean: 0.167749, var: 0.002696","mean: 0.361011, var: 0.003799","mean: 0.004023, var: 0.000021","mean: 0.187231, var: 0.003086","mean: 0.101379, var: 0.000427","mean: 0.144202, var: 0.001262","mean: 0.039600, var: 0.001629",2.8261815728449045,High
ENSP00000382269,"mean: 0.278735, var: 0.002036","mean: 0.665918, var: 0.003644","mean: 0.524609, var: 0.007258","mean: 0.055547, var: 0.001800","mean: 0.195142, var: 0.001044","mean: 0.221582, var: 0.001313","mean: 0.076666, var: 0.003226","mean: 0.201416, var: 0.004889","mean: 0.269934, var: 0.023361","mean: 0.208911, var: 0.001631","mean: 0.020864, var: 0.000549",3.059612547403191,High
ENSP00000380888,"mean: 0.195288, var: 0.001521","mean: 0.608789, var: 0.007676","mean: 0.617090, var: 0.015189","mean: 0.029522, var: 0.000819","mean: 0.106531, var: 0.000423","mean: 0.331787, var: 0.003009","mean: 0.021912, var: 0.000198","mean: 0.165137, var: 0.000813","mean: 0.300366, var: 0.001953","mean: 0.204248, var: 0.004735","mean: 0.080710, var: 0.004072",2.897550583768178,High
ENSP00000379083,"mean: 0.312915, var: 0.009113","mean: 0.629687, var: 0.009693","mean: 0.412109, var: 0.006004","mean: 0.384790, var: 0.047246","mean: 0.305957, var: 0.008407","mean: 0.231665, var: 0.001182","mean: 0.029465, var: 0.000608","mean: 0.090320, var: 0.000294","mean: 0.052625, var: 0.000830","mean: 0.150037, var: 0.000789","mean: 0.038292, var: 0.000219",2.974270384676565,High
ENSP00000374443,"mean: 0.320850, var: 0.000888","mean: 0.544775, var: 0.005506","mean: 0.407080, var: 0.000476","mean: 0.081070, var: 0.000828","mean: 0.251904, var: 0.002736","mean: 0.200940, var: 0.008973","mean: 0.031117, var: 0.000293","mean: 0.269409, var: 0.007932","mean: 0.301709, var: 0.006941","mean: 0.379932, var: 0.001610","mean: 0.061987, var: 0.005780",3.2978353998450434,High
ENSP00000366757,"mean: 0.367676, var: 0.001926","mean: 0.798145, var: 0.002358","mean: 0.162231, var: 0.003024","mean: 0.063324, var: 0.000721","mean: 0.411572, var: 0.004968","mean: 0.192114, var: 0.001085","mean: 0.005903, var: 0.000014","mean: 0.208691, var: 0.002389","mean: 0.204883, var: 0.000646","mean: 0.344727, var: 0.000316","mean: 0.025937, var: 0.000342",2.8438950413537665,High
ENSP00000364003,"mean: 0.350220, var: 0.008770","mean: 0.624902, var: 0.001605","mean: 0.399316, var: 0.003972","mean: 0.073810, var: 0.001624","mean: 0.414453, var: 0.006460","mean: 0.255078, var: 0.001416","mean: 0.010527, var: 0.000021","mean: 0.230444, var: 0.009095","mean: 0.223633, var: 0.007190","mean: 0.226611, var: 0.003780","mean: 0.055801, var: 0.000745",3.1522941066330032,High
ENSP00000363891,"mean: 0.853320, var: 0.002377","mean: 0.149683, var: 0.000130","mean: 0.120154, var: 0.000200","mean: 0.073691, var: 0.005331","mean: 0.561133, var: 0.004584","mean: 0.208472, var: 0.003086","mean: 0.023443, var: 0.000874","mean: 0.420752, var: 0.013295","mean: 0.433887, var: 0.010481","mean: 0.438379, var: 0.005587","mean: 0.038742, var: 0.000612",2.8194940600486076,High
ENSP00000362580,"mean: 0.360449, var: 0.010293","mean: 0.669336, var: 0.002124","mean: 0.306250, var: 0.001306","mean: 0.101306, var: 0.001865","mean: 0.518848, var: 0.013514","mean: 0.187732, var: 0.002587","mean: 0.007873, var: 0.000024","mean: 0.111243, var: 0.000244","mean: 0.210205, var: 0.003502","mean: 0.177136, var: 0.001821","mean: 0.047449, var: 0.000884",2.946847791755678,High
ENSP00000357206,"mean: 0.189392, var: 0.005435","mean: 0.660742, var: 0.009499","mean: 0.395361, var: 0.002998","mean: 0.242944, var: 0.004992","mean: 0.193982, var: 0.005910","mean: 0.263977, var: 0.010383","mean: 0.005566, var: 0.000040","mean: 0.121033, var: 0.001870","mean: 0.197803, var: 0.004338","mean: 0.353857, var: 0.010283","mean: 0.036031, var: 0.001401",3.0616531432423058,High
ENSP00000353010,"mean: 0.520703, var: 0.001360","mean: 0.451660, var: 0.004942","mean: 0.312012, var: 0.001885","mean: 0.069916, var: 0.000269","mean: 0.250464, var: 0.002227","mean: 0.591895, var: 0.003213","mean: 0.031541, var: 0.000388","mean: 0.395459, var: 0.006008","mean: 0.374756, var: 0.008254","mean: 0.520459, var: 0.007756","mean: 0.048659, var: 0.002006",3.2360414551448162,High
ENSP00000352794,"mean: 0.412549, var: 0.005515","mean: 0.665527, var: 0.004760","mean: 0.318945, var: 0.003483","mean: 0.193787, var: 0.005306","mean: 0.452002, var: 0.008426","mean: 0.181750, var: 0.004364","mean: 0.033653, var: 0.000186","mean: 0.391943, var: 0.013279","mean: 0.266968, var: 0.013178","mean: 0.536377, var: 0.015068","mean: 0.068825, var: 0.001652",3.3396791086265356,High
ENSP00000348564,"mean: 0.204858, var: 0.000483","mean: 0.602637, var: 0.005556","mean: 0.441162, var: 0.002583","mean: 0.140503, var: 0.002232","mean: 0.137854, var: 0.001132","mean: 0.237427, var: 0.005902","mean: 0.007655, var: 0.000069","mean: 0.318848, var: 0.012845","mean: 0.199731, var: 0.001525","mean: 0.332471, var: 0.006316","mean: 0.109863, var: 0.004730",3.213543287482083,High
ENSP00000344383,"mean: 0.302783, var: 0.000689","mean: 0.626172, var: 0.001704","mean: 0.435400, var: 0.002194","mean: 0.121021, var: 0.000466","mean: 0.207520, var: 0.000914","mean: 0.173682, var: 0.000778","mean: 0.024191, var: 0.000129","mean: 0.298999, var: 0.004906","mean: 0.332422, var: 0.010532","mean: 0.510938, var: 0.007249","mean: 0.034285, var: 0.000648",3.1787203645459416,High
ENSP00000301607,"mean: 0.209912, var: 0.000316","mean: 0.644824, var: 0.009116","mean: 0.393115, var: 0.000923","mean: 0.151892, var: 0.001661","mean: 0.197168, var: 0.001862","mean: 0.186450, var: 0.000064","mean: 0.022210, var: 0.000107","mean: 0.085193, var: 0.000885","mean: 0.195752, var: 0.002117","mean: 0.276758, var: 0.002461","mean: 0.027851, var: 0.001008",2.966094650023991,High
ENSP00000300648,"mean: 0.378809, var: 0.000852","mean: 0.533936, var: 0.018673","mean: 0.586133, var: 0.003545","mean: 0.028284, var: 0.000327","mean: 0.257178, var: 0.006963","mean: 0.437256, var: 0.001669","mean: 0.095331, var: 0.002421","mean: 0.213965, var: 0.004606","mean: 0.218750, var: 0.002757","mean: 0.276904, var: 0.006165","mean: 0.097500, var: 0.010874",3.296660752418045,High
ENSP00000294383,"mean: 0.208643, var: 0.000132","mean: 0.646973, var: 0.009876","mean: 0.549561, var: 0.011071","mean: 0.083636, var: 0.001414","mean: 0.213062, var: 0.002366","mean: 0.122034, var: 0.001680","mean: 0.025977, var: 0.000401","mean: 0.151416, var: 0.000564","mean: 0.231348, var: 0.003587","mean: 0.322314, var: 0.001772","mean: 0.023578, var: 0.000919",2.90393849836007,High
ENSP00000280758,"mean: 0.261475, var: 0.002577","mean: 0.544727, var: 0.002071","mean: 0.503662, var: 0.005940","mean: 0.056033, var: 0.001030","mean: 0.260449, var: 0.004987","mean: 0.108093, var: 0.001390","mean: 0.015521, var: 0.000226","mean: 0.197559, var: 0.001035","mean: 0.283496, var: 0.020033","mean: 0.322168, var: 0.002822","mean: 0.009874, var: 0.000180",2.9323544043759355,High
ENSP00000264868,"mean: 0.796777, var: 0.004701","mean: 0.223145, var: 0.000119","mean: 0.160400, var: 0.000424","mean: 0.143427, var: 0.006632","mean: 0.421387, var: 0.005658","mean: 0.286353, var: 0.004754","mean: 0.041907, var: 0.000806","mean: 0.654883, var: 0.004611","mean: 0.316455, var: 0.003435","mean: 0.448975, var: 0.001309","mean: 0.157849, var: 0.002635",3.235240740853204,High
ENSP00000261609,"mean: 0.217480, var: 0.000490","mean: 0.597461, var: 0.004128","mean: 0.547266, var: 0.001562","mean: 0.091333, var: 0.001786","mean: 0.127771, var: 0.000145","mean: 0.278271, var: 0.005770","mean: 0.069102, var: 0.003881","mean: 0.161816, var: 0.000490","mean: 0.254004, var: 0.002631","mean: 0.269360, var: 0.004790","mean: 0.070667, var: 0.005522",3.1748885200930985,High
ENSP00000244007,"mean: 0.437988, var: 0.012514","mean: 0.657129, var: 0.002482","mean: 0.393823, var: 0.015401","mean: 0.072620, var: 0.001695","mean: 0.470459, var: 0.014300","mean: 0.160547, var: 0.003072","mean: 0.007230, var: 0.000038","mean: 0.154736, var: 0.000681","mean: 0.265259, var: 0.001405","mean: 0.265869, var: 0.000751","mean: 0.012571, var: 0.000182",2.9269644194073554,High
ENSP00000416033,"mean: 0.116650, var: 0.000932","mean: 0.695020, var: 0.017194","mean: 0.371826, var: 0.002193","mean: 0.279736, var: 0.009142","mean: 0.156921, var: 0.002077","mean: 0.209814, var: 0.008401","mean: 0.011782, var: 0.000147","mean: 0.148242, var: 0.001832","mean: 0.094470, var: 0.000123","mean: 0.156372, var: 0.000130","mean: 0.062793, var: 0.000316",2.8681223291235116,High
ENSP00000364042,"mean: 0.686328, var: 0.009689","mean: 0.243433, var: 0.000335","mean: 0.135901, var: 0.000580","mean: 0.517676, var: 0.010631","mean: 0.649170, var: 0.016262","mean: 0.115393, var: 0.001089","mean: 0.007146, var: 0.000036","mean: 0.298267, var: 0.002942","mean: 0.448047, var: 0.004755","mean: 0.414062, var: 0.004669","mean: 0.031138, var: 0.000286",2.9730057641153205,High
ENSP00000305839,"mean: 0.403662, var: 0.021090","mean: 0.434912, var: 0.006405","mean: 0.562109, var: 0.001398","mean: 0.190051, var: 0.004990","mean: 0.554419, var: 0.048784","mean: 0.234253, var: 0.002261","mean: 0.010545, var: 0.000100","mean: 0.162463, var: 0.001575","mean: 0.232141, var: 0.014468","mean: 0.314404, var: 0.004759","mean: 0.019782, var: 0.000292",3.158349463778587,High
ENSP00000382610,"mean: 0.314160, var: 0.003619","mean: 0.617773, var: 0.003025","mean: 0.344482, var: 0.000498","mean: 0.213086, var: 0.002091","mean: 0.409961, var: 0.009977","mean: 0.228296, var: 0.001360","mean: 0.009570, var: 0.000068","mean: 0.251709, var: 0.004812","mean: 0.244727, var: 0.004241","mean: 0.376514, var: 0.005233","mean: 0.075705, var: 0.002739",3.3600006273740273,High
ENSP00000496378,"mean: 0.334082, var: 0.002737","mean: 0.648145, var: 0.005611","mean: 0.307153, var: 0.007706","mean: 0.065741, var: 0.000441","mean: 0.185205, var: 0.000510","mean: 0.217908, var: 0.007654","mean: 0.019484, var: 0.000311","mean: 0.252783, var: 0.010865","mean: 0.449512, var: 0.014363","mean: 0.739551, var: 0.007505","mean: 0.046235, var: 0.001289",2.982235271548043,High
ENSP00000413889,"mean: 0.244751, var: 0.004022","mean: 0.561816, var: 0.001456","mean: 0.464307, var: 0.006311","mean: 0.049329, var: 0.001090","mean: 0.231055, var: 0.006523","mean: 0.124170, var: 0.001288","mean: 0.017159, var: 0.000273","mean: 0.178857, var: 0.000389","mean: 0.296191, var: 0.015112","mean: 0.352393, var: 0.002373","mean: 0.007370, var: 0.000091",2.912363969853309,High
ENSP00000349439,"mean: 0.470752, var: 0.012799","mean: 0.242114, var: 0.002099","mean: 0.245142, var: 0.001581","mean: 0.287231, var: 0.016855","mean: 0.239478, var: 0.001398","mean: 0.232996, var: 0.011892","mean: 0.015270, var: 0.000129","mean: 0.607031, var: 0.005157","mean: 0.233032, var: 0.003738","mean: 0.518115, var: 0.005563","mean: 0.039015, var: 0.000513",3.256286276657136,High
ENSP00000468082,"mean: 0.302686, var: 0.002401","mean: 0.584912, var: 0.010391","mean: 0.307959, var: 0.000396","mean: 0.325977, var: 0.015927","mean: 0.283765, var: 0.003950","mean: 0.427100, var: 0.004155","mean: 0.010197, var: 0.000077","mean: 0.195142, var: 0.003135","mean: 0.074475, var: 0.000021","mean: 0.131567, var: 0.000584","mean: 0.027368, var: 0.001002",3.0486923718713332,High
ENSP00000346701,"mean: 0.715723, var: 0.007146","mean: 0.301563, var: 0.000397","mean: 0.237354, var: 0.001746","mean: 0.169836, var: 0.008942","mean: 0.375732, var: 0.005402","mean: 0.166125, var: 0.002518","mean: 0.013390, var: 0.000038","mean: 0.559521, var: 0.005960","mean: 0.364404, var: 0.006273","mean: 0.618359, var: 0.004128","mean: 0.106238, var: 0.001254",3.19529870366533,High
ENSP00000332111,"mean: 0.131055, var: 0.000274","mean: 0.636914, var: 0.008903","mean: 0.403223, var: 0.006041","mean: 0.283032, var: 0.017080","mean: 0.129553, var: 0.001741","mean: 0.240234, var: 0.010143","mean: 0.124158, var: 0.002611","mean: 0.108264, var: 0.000473","mean: 0.067639, var: 0.001193","mean: 0.155713, var: 0.001267","mean: 0.279504, var: 0.016664",3.212272924030577,High
ENSP00000467054,"mean: 0.324072, var: 0.003414","mean: 0.598242, var: 0.004067","mean: 0.329419, var: 0.003893","mean: 0.139453, var: 0.001396","mean: 0.222632, var: 0.002647","mean: 0.211548, var: 0.001586","mean: 0.004402, var: 0.000020","mean: 0.212231, var: 0.001023","mean: 0.477734, var: 0.003560","mean: 0.425049, var: 0.002465","mean: 0.022543, var: 0.000592",3.13098379915064,High
ENSP00000357460,"mean: 0.223389, var: 0.001428","mean: 0.645020, var: 0.006593","mean: 0.240063, var: 0.004275","mean: 0.145264, var: 0.004661","mean: 0.201636, var: 0.001204","mean: 0.134802, var: 0.001517","mean: 0.008926, var: 0.000055","mean: 0.161816, var: 0.004011","mean: 0.339795, var: 0.015553","mean: 0.544238, var: 0.013016","mean: 0.034640, var: 0.000642",2.9846410414337927,High
ENSP00000505762,"mean: 0.408789, var: 0.004459","mean: 0.633594, var: 0.000278","mean: 0.281665, var: 0.001918","mean: 0.129712, var: 0.001578","mean: 0.496680, var: 0.008576","mean: 0.221436, var: 0.000728","mean: 0.004043, var: 0.000013","mean: 0.195068, var: 0.001045","mean: 0.375439, var: 0.001270","mean: 0.340845, var: 0.004427","mean: 0.057735, var: 0.002180",3.1984713778261455,High
ENSP00000391268,"mean: 0.674805, var: 0.007700","mean: 0.242505, var: 0.000123","mean: 0.138550, var: 0.000671","mean: 0.403931, var: 0.011808","mean: 0.674805, var: 0.011001","mean: 0.130676, var: 0.002993","mean: 0.007385, var: 0.000035","mean: 0.312354, var: 0.000742","mean: 0.363672, var: 0.009730","mean: 0.429590, var: 0.006434","mean: 0.063144, var: 0.000784",3.085316186035256,High
ENSP00000416289,"mean: 0.249316, var: 0.002618","mean: 0.477100, var: 0.002500","mean: 0.540430, var: 0.013966","mean: 0.121143, var: 0.000578","mean: 0.182031, var: 0.002927","mean: 0.323413, var: 0.006035","mean: 0.013110, var: 0.000101","mean: 0.378540, var: 0.009058","mean: 0.245746, var: 0.012088","mean: 0.246405, var: 0.014582","mean: 0.127438, var: 0.008853",3.3399792356723137,High
ENSP00000364372,"mean: 0.191113, var: 0.000690","mean: 0.554004, var: 0.005645","mean: 0.535352, var: 0.001813","mean: 0.079712, var: 0.002672","mean: 0.163379, var: 0.000655","mean: 0.137823, var: 0.004827","mean: 0.025191, var: 0.000281","mean: 0.254187, var: 0.010952","mean: 0.279956, var: 0.004869","mean: 0.336621, var: 0.024438","mean: 0.014491, var: 0.000332",2.9738837996902125,High
ENSP00000348828,"mean: 0.441504, var: 0.002830","mean: 0.643262, var: 0.002161","mean: 0.312646, var: 0.001930","mean: 0.103418, var: 0.002007","mean: 0.417383, var: 0.002318","mean: 0.154517, var: 0.001252","mean: 0.012848, var: 0.000070","mean: 0.187476, var: 0.001546","mean: 0.250708, var: 0.002990","mean: 0.282959, var: 0.004458","mean: 0.020457, var: 0.000309",3.0496068854185454,High
ENSP00000314914,"mean: 0.255225, var: 0.004876","mean: 0.650488, var: 0.002338","mean: 0.389258, var: 0.002029","mean: 0.127863, var: 0.004525","mean: 0.326465, var: 0.004828","mean: 0.255957, var: 0.006533","mean: 0.008181, var: 0.000040","mean: 0.202942, var: 0.007897","mean: 0.166272, var: 0.002033","mean: 0.194092, var: 0.001691","mean: 0.140045, var: 0.004082",3.227572424492754,High
ENSP00000500647,"mean: 0.311499, var: 0.003459","mean: 0.675977, var: 0.001164","mean: 0.376318, var: 0.003179","mean: 0.132227, var: 0.001595","mean: 0.402734, var: 0.006945","mean: 0.175244, var: 0.000327","mean: 0.005560, var: 0.000022","mean: 0.220312, var: 0.007645","mean: 0.165771, var: 0.000963","mean: 0.200122, var: 0.003280","mean: 0.018189, var: 0.000219",2.98971732963998,High
ENSP00000409731,"mean: 0.286646, var: 0.011362","mean: 0.664746, var: 0.006501","mean: 0.465137, var: 0.005041","mean: 0.336951, var: 0.036132","mean: 0.351685, var: 0.016931","mean: 0.240820, var: 0.000348","mean: 0.017276, var: 0.000243","mean: 0.103662, var: 0.000396","mean: 0.071417, var: 0.000557","mean: 0.136487, var: 0.001018","mean: 0.050366, var: 0.000310",2.9784511748278475,High
ENSP00000314004,"mean: 0.215649, var: 0.001174","mean: 0.607031, var: 0.005991","mean: 0.625488, var: 0.001612","mean: 0.113666, var: 0.001348","mean: 0.143567, var: 0.000581","mean: 0.219043, var: 0.003201","mean: 0.010511, var: 0.000159","mean: 0.185706, var: 0.006337","mean: 0.321533, var: 0.005786","mean: 0.486035, var: 0.003721","mean: 0.048513, var: 0.002479",3.0085918996420173,High
ENSP00000289746,"mean: 0.719434, var: 0.011834","mean: 0.269971, var: 0.000042","mean: 0.148730, var: 0.001044","mean: 0.237915, var: 0.006217","mean: 0.753027, var: 0.009031","mean: 0.098328, var: 0.002010","mean: 0.004092, var: 0.000013","mean: 0.253662, var: 0.001280","mean: 0.383398, var: 0.003808","mean: 0.303711, var: 0.000780","mean: 0.076752, var: 0.001616",2.95409262757948,High
ENSP00000288976,"mean: 0.187256, var: 0.001602","mean: 0.660840, var: 0.006411","mean: 0.371533, var: 0.003464","mean: 0.110925, var: 0.002950","mean: 0.247119, var: 0.003181","mean: 0.224414, var: 0.004576","mean: 0.012719, var: 0.000170","mean: 0.201685, var: 0.004811","mean: 0.227734, var: 0.011985","mean: 0.262207, var: 0.004182","mean: 0.039382, var: 0.001115",3.0737539860964467,High
ENSP00000450998,"mean: 0.487500, var: 0.010739","mean: 0.575195, var: 0.004672","mean: 0.355469, var: 0.003485","mean: 0.268933, var: 0.009621","mean: 0.587939, var: 0.020027","mean: 0.250928, var: 0.006782","mean: 0.052870, var: 0.001135","mean: 0.339551, var: 0.003449","mean: 0.251733, var: 0.014202","mean: 0.509033, var: 0.014075","mean: 0.104456, var: 0.006039",3.4975354137158075,High
ENSP00000376504,"mean: 0.212677, var: 0.008560","mean: 0.707129, var: 0.002877","mean: 0.347559, var: 0.001735","mean: 0.207971, var: 0.005111","mean: 0.225623, var: 0.014042","mean: 0.222644, var: 0.018255","mean: 0.009397, var: 0.000066","mean: 0.292603, var: 0.001383","mean: 0.213843, var: 0.010353","mean: 0.243127, var: 0.010022","mean: 0.074887, var: 0.002201",3.2097661295079685,High
ENSP00000430048,"mean: 0.101685, var: 0.000114","mean: 0.643652, var: 0.008519","mean: 0.442383, var: 0.007226","mean: 0.219946, var: 0.013053","mean: 0.104297, var: 0.000626","mean: 0.221326, var: 0.010600","mean: 0.118799, var: 0.003258","mean: 0.084851, var: 0.000368","mean: 0.069202, var: 0.001391","mean: 0.116882, var: 0.000285","mean: 0.322778, var: 0.010749",3.0425656750986896,High
ENSP00000288439,"mean: 0.816113, var: 0.003086","mean: 0.172803, var: 0.000144","mean: 0.134888, var: 0.000083","mean: 0.100177, var: 0.005523","mean: 0.535400, var: 0.003268","mean: 0.236182, var: 0.002708","mean: 0.043333, var: 0.002395","mean: 0.428174, var: 0.008280","mean: 0.415332, var: 0.008598","mean: 0.439893, var: 0.004940","mean: 0.050150, var: 0.001074",3.0207340850375126,High
ENSP00000419330,"mean: 0.302441, var: 0.000500","mean: 0.551367, var: 0.004526","mean: 0.359814, var: 0.006074","mean: 0.184265, var: 0.002615","mean: 0.150891, var: 0.000432","mean: 0.384497, var: 0.007240","mean: 0.041315, var: 0.000726","mean: 0.344409, var: 0.008303","mean: 0.283643, var: 0.002792","mean: 0.616602, var: 0.003818","mean: 0.118227, var: 0.008097",3.42901136357432,High
ENSP00000387099,"mean: 0.162988, var: 0.001698","mean: 0.574072, var: 0.007119","mean: 0.260156, var: 0.001352","mean: 0.661133, var: 0.001570","mean: 0.167615, var: 0.003195","mean: 0.259448, var: 0.008846","mean: 0.010740, var: 0.000152","mean: 0.261865, var: 0.005210","mean: 0.224390, var: 0.003903","mean: 0.273022, var: 0.007678","mean: 0.135875, var: 0.004757",3.2481154470766036,High
ENSP00000397869,"mean: 0.291479, var: 0.003423","mean: 0.536816, var: 0.001468","mean: 0.415332, var: 0.002915","mean: 0.095166, var: 0.000917","mean: 0.294336, var: 0.006600","mean: 0.103235, var: 0.000750","mean: 0.007740, var: 0.000031","mean: 0.296216, var: 0.003508","mean: 0.424902, var: 0.017354","mean: 0.313843, var: 0.010584","mean: 0.043052, var: 0.002227",3.1372823632186133,High
ENSP00000450973,"mean: 0.246704, var: 0.002938","mean: 0.787988, var: 0.002234","mean: 0.256128, var: 0.003662","mean: 0.086371, var: 0.000524","mean: 0.251172, var: 0.000094","mean: 0.241675, var: 0.003429","mean: 0.006830, var: 0.000035","mean: 0.197827, var: 0.006540","mean: 0.204199, var: 0.002188","mean: 0.256250, var: 0.002034","mean: 0.095355, var: 0.000996",3.0356947949008557,High
ENSP00000371607,"mean: 0.259814, var: 0.001305","mean: 0.183325, var: 0.000846","mean: 0.123657, var: 0.000641","mean: 0.208081, var: 0.004110","mean: 0.134497, var: 0.002473","mean: 0.835645, var: 0.000637","mean: 0.128479, var: 0.002251","mean: 0.136694, var: 0.002322","mean: 0.084692, var: 0.000084","mean: 0.176855, var: 0.000724","mean: 0.144580, var: 0.003129",2.996918826304806,High
ENSP00000390590,"mean: 0.303979, var: 0.015789","mean: 0.648730, var: 0.004883","mean: 0.292920, var: 0.006717","mean: 0.205481, var: 0.008305","mean: 0.392163, var: 0.019857","mean: 0.318115, var: 0.013399","mean: 0.016491, var: 0.000176","mean: 0.150073, var: 0.001701","mean: 0.135156, var: 0.001032","mean: 0.207324, var: 0.001423","mean: 0.213379, var: 0.008371",3.3376116385611896,High
ENSP00000363878,"mean: 0.384717, var: 0.000648","mean: 0.622949, var: 0.003718","mean: 0.514795, var: 0.003249","mean: 0.172070, var: 0.001928","mean: 0.273682, var: 0.001588","mean: 0.105481, var: 0.001415","mean: 0.013235, var: 0.000250","mean: 0.132776, var: 0.001616","mean: 0.347168, var: 0.011333","mean: 0.646631, var: 0.013131","mean: 0.031965, var: 0.001559",2.983446694415735,High
ENSP00000386830,"mean: 0.178723, var: 0.001724","mean: 0.471777, var: 0.000684","mean: 0.693750, var: 0.001880","mean: 0.037988, var: 0.000399","mean: 0.062054, var: 0.000368","mean: 0.319800, var: 0.004354","mean: 0.081274, var: 0.002176","mean: 0.284790, var: 0.006078","mean: 0.144824, var: 0.000849","mean: 0.216895, var: 0.002792","mean: 0.399951, var: 0.021952",3.1166919434595957,High
ENSP00000423638,"mean: 0.345068, var: 0.002928","mean: 0.730762, var: 0.000898","mean: 0.344922, var: 0.009505","mean: 0.190491, var: 0.003511","mean: 0.397070, var: 0.007238","mean: 0.171436, var: 0.012110","mean: 0.065594, var: 0.000823","mean: 0.151196, var: 0.000664","mean: 0.157538, var: 0.003450","mean: 0.568994, var: 0.004996","mean: 0.071130, var: 0.003317",3.2128072588051513,High
ENSP00000393856,"mean: 0.352930, var: 0.005313","mean: 0.634082, var: 0.001254","mean: 0.545166, var: 0.012362","mean: 0.039421, var: 0.000425","mean: 0.433594, var: 0.017469","mean: 0.139795, var: 0.002415","mean: 0.023569, var: 0.000190","mean: 0.107361, var: 0.001172","mean: 0.202972, var: 0.009841","mean: 0.271875, var: 0.004457","mean: 0.026688, var: 0.000703",2.854421341092397,High
ENSP00000215582,"mean: 0.252002, var: 0.002240","mean: 0.814648, var: 0.002021","mean: 0.240234, var: 0.005437","mean: 0.162549, var: 0.006285","mean: 0.308716, var: 0.002705","mean: 0.224841, var: 0.007522","mean: 0.010007, var: 0.000087","mean: 0.125586, var: 0.000853","mean: 0.230469, var: 0.001194","mean: 0.313574, var: 0.005403","mean: 0.115796, var: 0.001500",3.1088411735147123,High
ENSP00000305557,"mean: 0.339893, var: 0.001190","mean: 0.629980, var: 0.002078","mean: 0.318018, var: 0.005517","mean: 0.060602, var: 0.001159","mean: 0.329443, var: 0.000562","mean: 0.135291, var: 0.001392","mean: 0.005717, var: 0.000016","mean: 0.279150, var: 0.005985","mean: 0.399658, var: 0.004569","mean: 0.530127, var: 0.003716","mean: 0.024106, var: 0.000252",3.0070380809972916,High
ENSP00000465742,"mean: 0.450391, var: 0.012941","mean: 0.631445, var: 0.002426","mean: 0.372021, var: 0.001270","mean: 0.119757, var: 0.002615","mean: 0.460107, var: 0.007222","mean: 0.211401, var: 0.002155","mean: 0.002184, var: 0.000005","mean: 0.252197, var: 0.001079","mean: 0.573389, var: 0.009797","mean: 0.361523, var: 0.004663","mean: 0.019320, var: 0.000386",3.0810459465598066,High
ENSP00000426528,"mean: 0.344434, var: 0.006625","mean: 0.634473, var: 0.001542","mean: 0.407275, var: 0.002351","mean: 0.083527, var: 0.001428","mean: 0.455420, var: 0.006104","mean: 0.186902, var: 0.002084","mean: 0.012798, var: 0.000051","mean: 0.154333, var: 0.003443","mean: 0.167126, var: 0.003630","mean: 0.209717, var: 0.002681","mean: 0.108064, var: 0.007467",3.1118353802642664,High
ENSP00000269856,"mean: 0.182910, var: 0.002187","mean: 0.572314, var: 0.009917","mean: 0.504150, var: 0.002567","mean: 0.075427, var: 0.000562","mean: 0.202283, var: 0.002111","mean: 0.247632, var: 0.003017","mean: 0.016568, var: 0.000125","mean: 0.175146, var: 0.001045","mean: 0.305225, var: 0.021805","mean: 0.207666, var: 0.002402","mean: 0.044422, var: 0.003035",3.039272378306782,High
ENSP00000508232,"mean: 0.268774, var: 0.009057","mean: 0.440771, var: 0.009684","mean: 0.572803, var: 0.020084","mean: 0.099200, var: 0.002092","mean: 0.225488, var: 0.006568","mean: 0.176392, var: 0.003566","mean: 0.032002, var: 0.000658","mean: 0.249463, var: 0.001708","mean: 0.124017, var: 0.001492","mean: 0.142371, var: 0.002596","mean: 0.054387, var: 0.002810",3.055790002830457,High
ENSP00000357352,"mean: 0.604932, var: 0.013817","mean: 0.358350, var: 0.000308","mean: 0.216040, var: 0.000611","mean: 0.101532, var: 0.002190","mean: 0.703711, var: 0.011861","mean: 0.207214, var: 0.006448","mean: 0.007401, var: 0.000037","mean: 0.188330, var: 0.005668","mean: 0.266333, var: 0.004854","mean: 0.196436, var: 0.000388","mean: 0.037595, var: 0.000573",2.9546525337836487,High
ENSP00000421294,"mean: 0.321045, var: 0.002169","mean: 0.629199, var: 0.007240","mean: 0.298218, var: 0.003278","mean: 0.115356, var: 0.000943","mean: 0.320020, var: 0.001322","mean: 0.111780, var: 0.001895","mean: 0.009478, var: 0.000072","mean: 0.148450, var: 0.000800","mean: 0.330713, var: 0.006951","mean: 0.377295, var: 0.006746","mean: 0.020467, var: 0.000263",3.0164076446398327,High
ENSP00000358106,"mean: 0.213281, var: 0.001813","mean: 0.578174, var: 0.007804","mean: 0.350146, var: 0.003000","mean: 0.163916, var: 0.014963","mean: 0.287598, var: 0.006837","mean: 0.155334, var: 0.001060","mean: 0.055862, var: 0.003468","mean: 0.308301, var: 0.018323","mean: 0.129407, var: 0.004544","mean: 0.168420, var: 0.001331","mean: 0.162137, var: 0.007435",3.3413739893817787,High
ENSP00000425670,"mean: 0.249463, var: 0.001114","mean: 0.793848, var: 0.001843","mean: 0.355298, var: 0.010767","mean: 0.221533, var: 0.005282","mean: 0.298096, var: 0.012027","mean: 0.240820, var: 0.008941","mean: 0.064294, var: 0.001806","mean: 0.143372, var: 0.002090","mean: 0.141772, var: 0.004553","mean: 0.531348, var: 0.005396","mean: 0.086890, var: 0.003065",3.2149882886711607,High
ENSP00000442992,"mean: 0.216968, var: 0.002092","mean: 0.478711, var: 0.001230","mean: 0.642090, var: 0.002753","mean: 0.050148, var: 0.000692","mean: 0.073987, var: 0.000445","mean: 0.322388, var: 0.003986","mean: 0.082269, var: 0.002880","mean: 0.304126, var: 0.005373","mean: 0.157788, var: 0.000673","mean: 0.271777, var: 0.004130","mean: 0.434033, var: 0.022582",3.2514872610965724,High
ENSP00000302879,"mean: 0.404346, var: 0.005824","mean: 0.575684, var: 0.001979","mean: 0.336963, var: 0.001399","mean: 0.124835, var: 0.003724","mean: 0.487451, var: 0.010844","mean: 0.212378, var: 0.006619","mean: 0.027278, var: 0.000176","mean: 0.363550, var: 0.010821","mean: 0.120923, var: 0.001052","mean: 0.300464, var: 0.002366","mean: 0.054956, var: 0.000803",3.2319238354508864,High
ENSP00000362442,"mean: 0.287183, var: 0.005419","mean: 0.586816, var: 0.007986","mean: 0.296069, var: 0.001717","mean: 0.131131, var: 0.003996","mean: 0.168860, var: 0.003886","mean: 0.121594, var: 0.001894","mean: 0.005064, var: 0.000021","mean: 0.197766, var: 0.004137","mean: 0.243286, var: 0.005165","mean: 0.263794, var: 0.012848","mean: 0.025216, var: 0.000653",2.9899156100550597,High
ENSP00000434245,"mean: 0.720703, var: 0.006177","mean: 0.208887, var: 0.001222","mean: 0.130811, var: 0.000636","mean: 0.238525, var: 0.006054","mean: 0.575049, var: 0.009022","mean: 0.311133, var: 0.003286","mean: 0.016953, var: 0.000302","mean: 0.255811, var: 0.000625","mean: 0.285522, var: 0.006029","mean: 0.262061, var: 0.006274","mean: 0.042499, var: 0.000551",3.1134606464873307,High
ENSP00000273963,"mean: 0.162671, var: 0.000121","mean: 0.642383, var: 0.004672","mean: 0.476025, var: 0.002303","mean: 0.086438, var: 0.001432","mean: 0.098267, var: 0.000069","mean: 0.134229, var: 0.003144","mean: 0.033259, var: 0.000671","mean: 0.147693, var: 0.001158","mean: 0.204468, var: 0.005038","mean: 0.274902, var: 0.000768","mean: 0.060378, var: 0.003253",2.886949548133005,High
ENSP00000274457,"mean: 0.158813, var: 0.005114","mean: 0.576270, var: 0.015794","mean: 0.492529, var: 0.005043","mean: 0.052954, var: 0.000377","mean: 0.175208, var: 0.003057","mean: 0.220422, var: 0.004000","mean: 0.019324, var: 0.000225","mean: 0.146643, var: 0.001707","mean: 0.257214, var: 0.014968","mean: 0.183875, var: 0.002950","mean: 0.033798, var: 0.001819",2.8856687370178826,High
ENSP00000501797,"mean: 0.283716, var: 0.001765","mean: 0.781543, var: 0.001980","mean: 0.337500, var: 0.009131","mean: 0.214355, var: 0.005335","mean: 0.321167, var: 0.010221","mean: 0.258081, var: 0.008764","mean: 0.064673, var: 0.001418","mean: 0.170459, var: 0.002295","mean: 0.128802, var: 0.002538","mean: 0.540820, var: 0.009603","mean: 0.099634, var: 0.003360",3.265997207271434,High
ENSP00000209884,"mean: 0.239966, var: 0.001141","mean: 0.622461, var: 0.004695","mean: 0.486621, var: 0.001539","mean: 0.136975, var: 0.001605","mean: 0.191113, var: 0.001787","mean: 0.186841, var: 0.002139","mean: 0.025598, var: 0.000330","mean: 0.144739, var: 0.000650","mean: 0.223145, var: 0.002975","mean: 0.250610, var: 0.003230","mean: 0.089548, var: 0.006051",3.1612473649459982,High
ENSP00000497850,"mean: 0.804199, var: 0.006352","mean: 0.288379, var: 0.000766","mean: 0.126428, var: 0.000669","mean: 0.130573, var: 0.005358","mean: 0.607617, var: 0.005078","mean: 0.094830, var: 0.002217","mean: 0.003719, var: 0.000011","mean: 0.511475, var: 0.011692","mean: 0.380518, var: 0.011937","mean: 0.433301, var: 0.000308","mean: 0.043146, var: 0.000468",2.8166187189286602,High
ENSP00000452721,"mean: 0.475830, var: 0.011168","mean: 0.647363, var: 0.001606","mean: 0.318799, var: 0.001291","mean: 0.102142, var: 0.002432","mean: 0.460498, var: 0.007595","mean: 0.147668, var: 0.000904","mean: 0.003716, var: 0.000013","mean: 0.289038, var: 0.004794","mean: 0.549023, var: 0.004254","mean: 0.424268, var: 0.001509","mean: 0.015057, var: 0.000314",3.00761406845662,High
ENSP00000500708,"mean: 0.139832, var: 0.000883","mean: 0.559375, var: 0.004025","mean: 0.548926, var: 0.001415","mean: 0.123450, var: 0.002395","mean: 0.053418, var: 0.000520","mean: 0.430664, var: 0.008440","mean: 0.026050, var: 0.000694","mean: 0.123462, var: 0.000536","mean: 0.251929, var: 0.014270","mean: 0.188892, var: 0.001516","mean: 0.040318, var: 0.001939",2.851694945605209,High
ENSP00000505465,"mean: 0.482715, var: 0.010881","mean: 0.422070, var: 0.003226","mean: 0.248584, var: 0.001014","mean: 0.068091, var: 0.000646","mean: 0.329004, var: 0.011287","mean: 0.412622, var: 0.010774","mean: 0.012379, var: 0.000171","mean: 0.361816, var: 0.006624","mean: 0.489502, var: 0.008976","mean: 0.278760, var: 0.022461","mean: 0.426501, var: 0.050935",3.467040998135275,High
ENSP00000338235,"mean: 0.852051, var: 0.001942","mean: 0.171948, var: 0.000642","mean: 0.162256, var: 0.000999","mean: 0.107550, var: 0.001583","mean: 0.381152, var: 0.001220","mean: 0.180957, var: 0.003824","mean: 0.014800, var: 0.000050","mean: 0.735547, var: 0.006949","mean: 0.219995, var: 0.000991","mean: 0.462256, var: 0.001549","mean: 0.119397, var: 0.003814",2.8828504755550486,High
ENSP00000479078,"mean: 0.484570, var: 0.010364","mean: 0.622656, var: 0.002069","mean: 0.366260, var: 0.001040","mean: 0.121643, var: 0.002775","mean: 0.500391, var: 0.008021","mean: 0.222046, var: 0.001768","mean: 0.002846, var: 0.000008","mean: 0.290381, var: 0.002401","mean: 0.567236, var: 0.007055","mean: 0.381104, var: 0.001798","mean: 0.020912, var: 0.000494",3.096688513520506,High
ENSP00000406144,"mean: 0.474854, var: 0.012179","mean: 0.425488, var: 0.004251","mean: 0.260620, var: 0.001224","mean: 0.057977, var: 0.000238","mean: 0.336597, var: 0.011292","mean: 0.406958, var: 0.010020","mean: 0.013518, var: 0.000159","mean: 0.364893, var: 0.006914","mean: 0.496045, var: 0.007808","mean: 0.280408, var: 0.022072","mean: 0.411230, var: 0.049472",3.460951857958708,High
ENSP00000354034,"mean: 0.564844, var: 0.021214","mean: 0.328174, var: 0.001679","mean: 0.247852, var: 0.002843","mean: 0.238098, var: 0.009766","mean: 0.617969, var: 0.026024","mean: 0.149976, var: 0.002464","mean: 0.021597, var: 0.000030","mean: 0.233813, var: 0.009920","mean: 0.268799, var: 0.005362","mean: 0.324878, var: 0.008009","mean: 0.021459, var: 0.000250",3.181165313454529,High
ENSP00000392811,"mean: 0.531250, var: 0.027756","mean: 0.301465, var: 0.002075","mean: 0.216333, var: 0.001397","mean: 0.455725, var: 0.028111","mean: 0.650977, var: 0.029230","mean: 0.086664, var: 0.002384","mean: 0.021778, var: 0.000131","mean: 0.197998, var: 0.000432","mean: 0.295020, var: 0.008851","mean: 0.255957, var: 0.001654","mean: 0.034093, var: 0.000493",3.106381614809304,High
ENSP00000506632,"mean: 0.605566, var: 0.002652","mean: 0.303418, var: 0.002787","mean: 0.349561, var: 0.000651","mean: 0.264941, var: 0.008370","mean: 0.239136, var: 0.001748","mean: 0.333643, var: 0.012013","mean: 0.022330, var: 0.000143","mean: 0.455322, var: 0.023777","mean: 0.484131, var: 0.028626","mean: 0.520264, var: 0.002185","mean: 0.094620, var: 0.005147",3.4506714652743935,High
ENSP00000505154,"mean: 0.209399, var: 0.007224","mean: 0.527051, var: 0.008229","mean: 0.323486, var: 0.004992","mean: 0.455420, var: 0.009579","mean: 0.212439, var: 0.004969","mean: 0.448779, var: 0.011502","mean: 0.005885, var: 0.000052","mean: 0.182336, var: 0.006627","mean: 0.205054, var: 0.003587","mean: 0.085297, var: 0.000974","mean: 0.037966, var: 0.001284",3.0765041463273977,High
ENSP00000479888,"mean: 0.493213, var: 0.022205","mean: 0.550244, var: 0.011877","mean: 0.355127, var: 0.004229","mean: 0.125415, var: 0.004187","mean: 0.439307, var: 0.006802","mean: 0.199585, var: 0.003900","mean: 0.004003, var: 0.000022","mean: 0.233252, var: 0.002109","mean: 0.575586, var: 0.028679","mean: 0.423242, var: 0.011099","mean: 0.023766, var: 0.000615",3.1206874482607896,High
ENSP00000450036,"mean: 0.690527, var: 0.009236","mean: 0.231665, var: 0.000171","mean: 0.195776, var: 0.000696","mean: 0.312402, var: 0.011365","mean: 0.597314, var: 0.004141","mean: 0.120044, var: 0.001585","mean: 0.005301, var: 0.000022","mean: 0.379980, var: 0.003125","mean: 0.535937, var: 0.016221","mean: 0.466016, var: 0.002674","mean: 0.067285, var: 0.000445",3.106679369470533,High
ENSP00000380690,"mean: 0.333911, var: 0.007085","mean: 0.638379, var: 0.003871","mean: 0.339624, var: 0.009096","mean: 0.077197, var: 0.000579","mean: 0.231982, var: 0.003094","mean: 0.179334, var: 0.003921","mean: 0.006809, var: 0.000023","mean: 0.179980, var: 0.001828","mean: 0.375488, var: 0.009874","mean: 0.622510, var: 0.007967","mean: 0.061313, var: 0.001282",3.041075541860388,High
ENSP00000307128,"mean: 0.556396, var: 0.017683","mean: 0.407324, var: 0.001147","mean: 0.244116, var: 0.000875","mean: 0.097302, var: 0.002191","mean: 0.649365, var: 0.013603","mean: 0.253235, var: 0.008525","mean: 0.008249, var: 0.000037","mean: 0.242017, var: 0.011109","mean: 0.252417, var: 0.008521","mean: 0.211938, var: 0.001646","mean: 0.050964, var: 0.000546",3.102094637081107,High
ENSP00000341490,"mean: 0.240405, var: 0.003253","mean: 0.227734, var: 0.001378","mean: 0.141174, var: 0.001067","mean: 0.881348, var: 0.000774","mean: 0.257593, var: 0.003435","mean: 0.162170, var: 0.003046","mean: 0.006199, var: 0.000036","mean: 0.271875, var: 0.011952","mean: 0.219116, var: 0.002231","mean: 0.306787, var: 0.002225","mean: 0.023228, var: 0.000147",2.879880425850864,High
ENSP00000354874,"mean: 0.410352, var: 0.031574","mean: 0.423389, var: 0.003381","mean: 0.473584, var: 0.003249","mean: 0.249072, var: 0.009163","mean: 0.209888, var: 0.004116","mean: 0.569629, var: 0.002516","mean: 0.103357, var: 0.001660","mean: 0.486914, var: 0.035989","mean: 0.241455, var: 0.012646","mean: 0.431006, var: 0.014977","mean: 0.355127, var: 0.028182",3.7363517348603654,High
ENSP00000408858,"mean: 0.293896, var: 0.000962","mean: 0.743457, var: 0.003442","mean: 0.230505, var: 0.011322","mean: 0.038110, var: 0.001003","mean: 0.289233, var: 0.006100","mean: 0.428711, var: 0.012728","mean: 0.030722, var: 0.000698","mean: 0.125867, var: 0.001568","mean: 0.114862, var: 0.002679","mean: 0.109943, var: 0.002703","mean: 0.065826, var: 0.002354",2.803214703722698,High
ENSP00000446410,"mean: 0.256763, var: 0.004409","mean: 0.614551, var: 0.005439","mean: 0.356763, var: 0.005095","mean: 0.098499, var: 0.002444","mean: 0.184375, var: 0.000440","mean: 0.253296, var: 0.006825","mean: 0.019925, var: 0.000480","mean: 0.186609, var: 0.006634","mean: 0.215552, var: 0.000396","mean: 0.264575, var: 0.017416","mean: 0.092938, var: 0.005112",3.198518122495387,High
ENSP00000337816,"mean: 0.447119, var: 0.012204","mean: 0.194067, var: 0.000495","mean: 0.138892, var: 0.001116","mean: 0.665137, var: 0.027237","mean: 0.581494, var: 0.018760","mean: 0.209937, var: 0.003372","mean: 0.005095, var: 0.000022","mean: 0.269214, var: 0.002127","mean: 0.247705, var: 0.002029","mean: 0.268433, var: 0.001014","mean: 0.026520, var: 0.000228",3.041585867528851,High
ENSP00000419516,"mean: 0.652832, var: 0.002176","mean: 0.210840, var: 0.000562","mean: 0.269824, var: 0.001086","mean: 0.083881, var: 0.001378","mean: 0.143201, var: 0.000766","mean: 0.495264, var: 0.003519","mean: 0.054175, var: 0.001336","mean: 0.564063, var: 0.007129","mean: 0.189404, var: 0.001129","mean: 0.413281, var: 0.004915","mean: 0.201331, var: 0.005432",3.2782142569834156,High
ENSP00000376826,"mean: 0.315747, var: 0.002592","mean: 0.689355, var: 0.002747","mean: 0.310742, var: 0.001488","mean: 0.173901, var: 0.004083","mean: 0.297095, var: 0.003679","mean: 0.179285, var: 0.004282","mean: 0.007521, var: 0.000045","mean: 0.115308, var: 0.000409","mean: 0.161401, var: 0.001416","mean: 0.356348, var: 0.006698","mean: 0.045801, var: 0.000584",3.045719279132085,High
ENSP00000350469,"mean: 0.355273, var: 0.007915","mean: 0.612500, var: 0.001120","mean: 0.445410, var: 0.001085","mean: 0.090509, var: 0.001219","mean: 0.494775, var: 0.008186","mean: 0.187793, var: 0.001731","mean: 0.011496, var: 0.000042","mean: 0.187549, var: 0.003670","mean: 0.193066, var: 0.004214","mean: 0.211816, var: 0.002263","mean: 0.121585, var: 0.007135",3.175516448628588,High
ENSP00000426451,"mean: 0.224609, var: 0.001727","mean: 0.590723, var: 0.006049","mean: 0.455176, var: 0.006278","mean: 0.079315, var: 0.001168","mean: 0.154553, var: 0.000778","mean: 0.143774, var: 0.004959","mean: 0.069406, var: 0.003071","mean: 0.188550, var: 0.002367","mean: 0.263403, var: 0.009928","mean: 0.283276, var: 0.002636","mean: 0.097345, var: 0.008844",3.208297884238407,High
ENSP00000220751,"mean: 0.396436, var: 0.005516","mean: 0.661523, var: 0.000444","mean: 0.441064, var: 0.000986","mean: 0.057962, var: 0.000921","mean: 0.424854, var: 0.004695","mean: 0.227490, var: 0.004465","mean: 0.004268, var: 0.000017","mean: 0.227490, var: 0.020679","mean: 0.316357, var: 0.010028","mean: 0.269629, var: 0.012023","mean: 0.026685, var: 0.000446",3.0410865628897126,High
ENSP00000311837,"mean: 0.529980, var: 0.003295","mean: 0.602246, var: 0.002165","mean: 0.344287, var: 0.004360","mean: 0.090765, var: 0.002368","mean: 0.572412, var: 0.006000","mean: 0.180286, var: 0.004051","mean: 0.002969, var: 0.000006","mean: 0.164944, var: 0.005381","mean: 0.307983, var: 0.011415","mean: 0.302197, var: 0.005040","mean: 0.009360, var: 0.000106",2.9375972592934145,High
ENSP00000427820,"mean: 0.200854, var: 0.001773","mean: 0.530322, var: 0.003568","mean: 0.428906, var: 0.004346","mean: 0.276355, var: 0.012788","mean: 0.155762, var: 0.000289","mean: 0.351074, var: 0.003331","mean: 0.029559, var: 0.000345","mean: 0.188440, var: 0.002622","mean: 0.162451, var: 0.002352","mean: 0.293311, var: 0.006876","mean: 0.088477, var: 0.000703",3.3225136842657523,High
ENSP00000377093,"mean: 0.786914, var: 0.001707","mean: 0.156079, var: 0.000406","mean: 0.248950, var: 0.002171","mean: 0.048904, var: 0.001017","mean: 0.137122, var: 0.001966","mean: 0.533105, var: 0.005398","mean: 0.078680, var: 0.003356","mean: 0.747852, var: 0.002080","mean: 0.209058, var: 0.002063","mean: 0.466211, var: 0.009520","mean: 0.274536, var: 0.009824",3.035201928138529,High
ENSP00000307318,"mean: 0.241455, var: 0.000868","mean: 0.190186, var: 0.000873","mean: 0.088522, var: 0.001528","mean: 0.785840, var: 0.001844","mean: 0.204834, var: 0.001753","mean: 0.097284, var: 0.003041","mean: 0.031650, var: 0.000028","mean: 0.355371, var: 0.012518","mean: 0.310901, var: 0.022928","mean: 0.305688, var: 0.003897","mean: 0.017807, var: 0.000116",2.8884565029027085,High
ENSP00000293404,"mean: 0.223779, var: 0.001592","mean: 0.197925, var: 0.000890","mean: 0.140063, var: 0.000921","mean: 0.152148, var: 0.004681","mean: 0.128418, var: 0.000722","mean: 0.701074, var: 0.002459","mean: 0.189844, var: 0.005492","mean: 0.093170, var: 0.000698","mean: 0.080310, var: 0.000593","mean: 0.113672, var: 0.000592","mean: 0.079236, var: 0.001614",2.9171330352464704,High
ENSP00000264639,"mean: 0.307617, var: 0.001930","mean: 0.584326, var: 0.006976","mean: 0.542676, var: 0.002772","mean: 0.048404, var: 0.000446","mean: 0.223486, var: 0.002751","mean: 0.141638, var: 0.000727","mean: 0.016349, var: 0.000184","mean: 0.146875, var: 0.001755","mean: 0.331250, var: 0.001345","mean: 0.313452, var: 0.009748","mean: 0.024443, var: 0.001277",2.935922935513628,High
ENSP00000393621,"mean: 0.323047, var: 0.002643","mean: 0.686719, var: 0.002992","mean: 0.304346, var: 0.001549","mean: 0.175171, var: 0.004076","mean: 0.301953, var: 0.003727","mean: 0.180444, var: 0.004516","mean: 0.008106, var: 0.000051","mean: 0.116687, var: 0.000469","mean: 0.169141, var: 0.001445","mean: 0.354980, var: 0.006902","mean: 0.051663, var: 0.000593",3.071878184373608,High
ENSP00000498712,"mean: 0.262891, var: 0.000177","mean: 0.214722, var: 0.001972","mean: 0.215234, var: 0.002420","mean: 0.156262, var: 0.010892","mean: 0.082251, var: 0.001024","mean: 0.886426, var: 0.004461","mean: 0.081641, var: 0.001453","mean: 0.171692, var: 0.007487","mean: 0.069553, var: 0.001681","mean: 0.127795, var: 0.001680","mean: 0.166583, var: 0.009722",2.868503405240588,High
ENSP00000429826,"mean: 0.191821, var: 0.000491","mean: 0.588135, var: 0.008705","mean: 0.410303, var: 0.001592","mean: 0.348169, var: 0.006039","mean: 0.159912, var: 0.001691","mean: 0.321240, var: 0.003376","mean: 0.016706, var: 0.000204","mean: 0.275757, var: 0.005713","mean: 0.233765, var: 0.004371","mean: 0.331396, var: 0.001569","mean: 0.119647, var: 0.006705",3.4031148945805927,High
ENSP00000317445,"mean: 0.244849, var: 0.001338","mean: 0.142322, var: 0.000189","mean: 0.098584, var: 0.000175","mean: 0.946777, var: 0.000318","mean: 0.212183, var: 0.008897","mean: 0.253601, var: 0.017206","mean: 0.020777, var: 0.000212","mean: 0.180444, var: 0.000672","mean: 0.291577, var: 0.008763","mean: 0.292944, var: 0.004057","mean: 0.055210, var: 0.002761",2.8474965349299968,High
ENSP00000269383,"mean: 0.095142, var: 0.003187","mean: 0.707910, var: 0.008419","mean: 0.487842, var: 0.001883","mean: 0.130020, var: 0.017435","mean: 0.071768, var: 0.001331","mean: 0.416919, var: 0.016784","mean: 0.001264, var: 0.000002","mean: 0.172717, var: 0.007858","mean: 0.330005, var: 0.014014","mean: 0.248901, var: 0.015733","mean: 0.046735, var: 0.002455",2.804469923088093,High
ENSP00000388320,"mean: 0.228833, var: 0.004209","mean: 0.467187, var: 0.003412","mean: 0.622852, var: 0.005352","mean: 0.037885, var: 0.001120","mean: 0.126270, var: 0.000259","mean: 0.314282, var: 0.002691","mean: 0.003560, var: 0.000017","mean: 0.220166, var: 0.001325","mean: 0.182104, var: 0.003466","mean: 0.210675, var: 0.008456","mean: 0.016810, var: 0.000465",2.7971887406580502,High
ENSP00000257570,"mean: 0.156238, var: 0.001320","mean: 0.545264, var: 0.003272","mean: 0.437500, var: 0.005073","mean: 0.461816, var: 0.013524","mean: 0.217468, var: 0.003941","mean: 0.331152, var: 0.004346","mean: 0.002326, var: 0.000008","mean: 0.282104, var: 0.002907","mean: 0.220361, var: 0.004227","mean: 0.089496, var: 0.002274","mean: 0.027856, var: 0.000836",3.057111805342999,High
ENSP00000366936,"mean: 0.499658, var: 0.014621","mean: 0.640527, var: 0.001161","mean: 0.319922, var: 0.002846","mean: 0.069409, var: 0.001119","mean: 0.638623, var: 0.026558","mean: 0.237817, var: 0.001002","mean: 0.005200, var: 0.000008","mean: 0.138892, var: 0.000392","mean: 0.198584, var: 0.004593","mean: 0.258838, var: 0.002625","mean: 0.043103, var: 0.000474",2.917638886313509,High
ENSP00000353971,"mean: 0.312354, var: 0.000468","mean: 0.480127, var: 0.006311","mean: 0.578906, var: 0.000860","mean: 0.055798, var: 0.000558","mean: 0.255908, var: 0.002057","mean: 0.154334, var: 0.001256","mean: 0.010431, var: 0.000076","mean: 0.313965, var: 0.015758","mean: 0.340869, var: 0.016356","mean: 0.368848, var: 0.003775","mean: 0.041320, var: 0.001996",3.1081062751099457,High
ENSP00000452984,"mean: 0.248730, var: 0.005091","mean: 0.698047, var: 0.005196","mean: 0.290576, var: 0.003912","mean: 0.125342, var: 0.001968","mean: 0.216333, var: 0.005354","mean: 0.265430, var: 0.010758","mean: 0.047021, var: 0.000755","mean: 0.279297, var: 0.016012","mean: 0.158618, var: 0.000190","mean: 0.376709, var: 0.008016","mean: 0.236053, var: 0.012441",3.4002940741447523,High
ENSP00000451621,"mean: 0.312280, var: 0.019281","mean: 0.656543, var: 0.012276","mean: 0.583789, var: 0.008782","mean: 0.048453, var: 0.001218","mean: 0.109119, var: 0.000064","mean: 0.214478, var: 0.007560","mean: 0.026023, var: 0.000558","mean: 0.200000, var: 0.001608","mean: 0.173169, var: 0.002955","mean: 0.491260, var: 0.070249","mean: 0.041617, var: 0.000582",2.874487833542912,High
ENSP00000481873,"mean: 0.274243, var: 0.001443","mean: 0.705273, var: 0.009249","mean: 0.366553, var: 0.000227","mean: 0.161340, var: 0.006277","mean: 0.301001, var: 0.002751","mean: 0.277734, var: 0.002745","mean: 0.015169, var: 0.000154","mean: 0.164368, var: 0.001642","mean: 0.226758, var: 0.001985","mean: 0.378516, var: 0.004141","mean: 0.031096, var: 0.001233",3.1529134447930542,High
ENSP00000353013,"mean: 0.714844, var: 0.013177","mean: 0.220532, var: 0.000833","mean: 0.120715, var: 0.000075","mean: 0.398413, var: 0.018864","mean: 0.734180, var: 0.016377","mean: 0.111377, var: 0.001981","mean: 0.011657, var: 0.000054","mean: 0.258911, var: 0.003753","mean: 0.280664, var: 0.006305","mean: 0.392529, var: 0.003662","mean: 0.074591, var: 0.000693",2.98559615090376,High
ENSP00000386297,"mean: 0.188147, var: 0.003258","mean: 0.496143, var: 0.004691","mean: 0.212476, var: 0.001563","mean: 0.795703, var: 0.003307","mean: 0.177148, var: 0.002912","mean: 0.281567, var: 0.009012","mean: 0.009834, var: 0.000115","mean: 0.258765, var: 0.006352","mean: 0.292358, var: 0.008152","mean: 0.329663, var: 0.016748","mean: 0.185147, var: 0.009423",3.2693419094665104,High
ENSP00000378228,"mean: 0.485498, var: 0.006219","mean: 0.694922, var: 0.005931","mean: 0.264233, var: 0.009452","mean: 0.119156, var: 0.003878","mean: 0.468799, var: 0.000685","mean: 0.117322, var: 0.000395","mean: 0.009879, var: 0.000024","mean: 0.144226, var: 0.005215","mean: 0.542334, var: 0.004504","mean: 0.546875, var: 0.022373","mean: 0.010767, var: 0.000226",2.851020330461351,High
ENSP00000318883,"mean: 0.572461, var: 0.006153","mean: 0.322510, var: 0.000663","mean: 0.197412, var: 0.000462","mean: 0.213013, var: 0.006484","mean: 0.235254, var: 0.002908","mean: 0.633496, var: 0.001828","mean: 0.040652, var: 0.000820","mean: 0.294067, var: 0.006560","mean: 0.255103, var: 0.003105","mean: 0.259668, var: 0.002673","mean: 0.582520, var: 0.013199",3.4671325549427627,High
ENSP00000484345,"mean: 0.444678, var: 0.006552","mean: 0.639648, var: 0.004061","mean: 0.402197, var: 0.001704","mean: 0.112213, var: 0.002806","mean: 0.457764, var: 0.006161","mean: 0.218408, var: 0.003360","mean: 0.006767, var: 0.000038","mean: 0.260718, var: 0.002966","mean: 0.411572, var: 0.004861","mean: 0.433887, var: 0.007976","mean: 0.026412, var: 0.000965",3.155882269460412,High
ENSP00000413029,"mean: 0.168140, var: 0.001256","mean: 0.299365, var: 0.002763","mean: 0.202856, var: 0.002500","mean: 0.709570, var: 0.001586","mean: 0.149597, var: 0.001763","mean: 0.182019, var: 0.009613","mean: 0.186328, var: 0.008038","mean: 0.262793, var: 0.005888","mean: 0.226880, var: 0.006074","mean: 0.340479, var: 0.003237","mean: 0.222595, var: 0.003895",3.524277464854447,High
ENSP00000395942,"mean: 0.387842, var: 0.007185","mean: 0.530420, var: 0.001357","mean: 0.445996, var: 0.000237","mean: 0.082190, var: 0.001654","mean: 0.221484, var: 0.004589","mean: 0.076862, var: 0.000408","mean: 0.006455, var: 0.000016","mean: 0.285474, var: 0.006583","mean: 0.332886, var: 0.004764","mean: 0.586816, var: 0.003839","mean: 0.036302, var: 0.001173",2.9899962244634497,High
ENSP00000414379,"mean: 0.361621, var: 0.001649","mean: 0.682422, var: 0.003653","mean: 0.354102, var: 0.012436","mean: 0.012911, var: 0.000132","mean: 0.260254, var: 0.001925","mean: 0.402100, var: 0.018454","mean: 0.090437, var: 0.006059","mean: 0.300500, var: 0.018123","mean: 0.113336, var: 0.002217","mean: 0.104773, var: 0.002267","mean: 0.087887, var: 0.007204",3.0445010114141446,High
ENSP00000484162,"mean: 0.142249, var: 0.000139","mean: 0.494727, var: 0.003867","mean: 0.648828, var: 0.001466","mean: 0.114349, var: 0.005967","mean: 0.137122, var: 0.001671","mean: 0.377808, var: 0.012833","mean: 0.008635, var: 0.000100","mean: 0.280469, var: 0.009047","mean: 0.109045, var: 0.000741","mean: 0.217456, var: 0.005900","mean: 0.082138, var: 0.006822",2.970720081720369,High
ENSP00000311318,"mean: 0.240210, var: 0.001652","mean: 0.538379, var: 0.002145","mean: 0.557129, var: 0.002129","mean: 0.083298, var: 0.003417","mean: 0.114868, var: 0.001187","mean: 0.203516, var: 0.007407","mean: 0.004034, var: 0.000022","mean: 0.324365, var: 0.009827","mean: 0.310278, var: 0.009813","mean: 0.439404, var: 0.016086","mean: 0.048810, var: 0.000655",3.040734783256811,High
ENSP00000356046,"mean: 0.269629, var: 0.008513","mean: 0.705078, var: 0.001843","mean: 0.409766, var: 0.004785","mean: 0.048410, var: 0.001198","mean: 0.275842, var: 0.021645","mean: 0.267236, var: 0.000487","mean: 0.011012, var: 0.000177","mean: 0.193188, var: 0.002299","mean: 0.347827, var: 0.010905","mean: 0.248462, var: 0.002227","mean: 0.074845, var: 0.004814",3.0944667798869823,High
ENSP00000481304,"mean: 0.378711, var: 0.015377","mean: 0.543408, var: 0.001396","mean: 0.538379, var: 0.001528","mean: 0.032246, var: 0.000530","mean: 0.244019, var: 0.005357","mean: 0.383789, var: 0.002839","mean: 0.006193, var: 0.000033","mean: 0.336450, var: 0.002788","mean: 0.381348, var: 0.016591","mean: 0.486963, var: 0.014022","mean: 0.136011, var: 0.002452",3.2423464076723922,High
ENSP00000358932,"mean: 0.441748, var: 0.002405","mean: 0.413965, var: 0.001424","mean: 0.319727, var: 0.001876","mean: 0.166487, var: 0.008288","mean: 0.250928, var: 0.001418","mean: 0.497266, var: 0.025862","mean: 0.037053, var: 0.001249","mean: 0.450879, var: 0.001625","mean: 0.275610, var: 0.003155","mean: 0.286047, var: 0.008294","mean: 0.444214, var: 0.044138",3.6383475213492558,High
ENSP00000311486,"mean: 0.294238, var: 0.003559","mean: 0.529492, var: 0.005639","mean: 0.484180, var: 0.001437","mean: 0.184192, var: 0.006523","mean: 0.265210, var: 0.010761","mean: 0.394385, var: 0.003321","mean: 0.017724, var: 0.000330","mean: 0.254004, var: 0.005114","mean: 0.347534, var: 0.018462","mean: 0.338428, var: 0.007913","mean: 0.073576, var: 0.004636",3.4238922154140212,High
ENSP00000489696,"mean: 0.276514, var: 0.001468","mean: 0.482031, var: 0.007323","mean: 0.468652, var: 0.006864","mean: 0.174731, var: 0.003440","mean: 0.149280, var: 0.002672","mean: 0.409253, var: 0.035196","mean: 0.115878, var: 0.007173","mean: 0.091187, var: 0.001342","mean: 0.079364, var: 0.001330","mean: 0.145270, var: 0.011328","mean: 0.283923, var: 0.017687",3.323710692933038,High
ENSP00000357484,"mean: 0.373047, var: 0.008259","mean: 0.609180, var: 0.001000","mean: 0.401611, var: 0.003593","mean: 0.039763, var: 0.000966","mean: 0.333862, var: 0.006292","mean: 0.175354, var: 0.004513","mean: 0.004181, var: 0.000007","mean: 0.198193, var: 0.001489","mean: 0.190869, var: 0.002106","mean: 0.335156, var: 0.005878","mean: 0.024010, var: 0.000646",2.9516304975265713,High
ENSP00000333049,"mean: 0.320312, var: 0.001079","mean: 0.652832, var: 0.010682","mean: 0.497803, var: 0.002837","mean: 0.095062, var: 0.001535","mean: 0.252222, var: 0.003341","mean: 0.238245, var: 0.004310","mean: 0.007633, var: 0.000063","mean: 0.120410, var: 0.001606","mean: 0.233032, var: 0.006546","mean: 0.238452, var: 0.007823","mean: 0.028113, var: 0.000740",2.976953822963351,High
ENSP00000477967,"mean: 0.572949, var: 0.009601","mean: 0.305908, var: 0.000625","mean: 0.234741, var: 0.000934","mean: 0.226135, var: 0.007925","mean: 0.237964, var: 0.003425","mean: 0.613086, var: 0.003890","mean: 0.041333, var: 0.001141","mean: 0.297241, var: 0.010149","mean: 0.153735, var: 0.001073","mean: 0.230908, var: 0.002388","mean: 0.579980, var: 0.019805",3.433992272900506,High
ENSP00000433771,"mean: 0.254565, var: 0.007166","mean: 0.728516, var: 0.002186","mean: 0.448486, var: 0.003863","mean: 0.042172, var: 0.001426","mean: 0.236523, var: 0.015206","mean: 0.238135, var: 0.001169","mean: 0.013197, var: 0.000201","mean: 0.215771, var: 0.002682","mean: 0.339819, var: 0.009622","mean: 0.232520, var: 0.000613","mean: 0.071536, var: 0.005473",3.0375607638579645,High
ENSP00000497847,"mean: 0.177832, var: 0.000163","mean: 0.737695, var: 0.005047","mean: 0.370068, var: 0.011941","mean: 0.073938, var: 0.001720","mean: 0.253442, var: 0.002085","mean: 0.346924, var: 0.003180","mean: 0.020172, var: 0.000326","mean: 0.189111, var: 0.003773","mean: 0.323047, var: 0.010870","mean: 0.323096, var: 0.004312","mean: 0.084698, var: 0.002664",3.1399687997770536,High
ENSP00000438460,"mean: 0.148193, var: 0.003640","mean: 0.263281, var: 0.000596","mean: 0.743359, var: 0.000948","mean: 0.527148, var: 0.024777","mean: 0.206958, var: 0.001565","mean: 0.322778, var: 0.011017","mean: 0.007891, var: 0.000090","mean: 0.350317, var: 0.055396","mean: 0.162683, var: 0.003603","mean: 0.064046, var: 0.001114","mean: 0.681641, var: 0.088198",3.0216130050623047,High
ENSP00000333779,"mean: 0.752832, var: 0.011486","mean: 0.165894, var: 0.000600","mean: 0.128711, var: 0.000320","mean: 0.283325, var: 0.007833","mean: 0.644043, var: 0.019971","mean: 0.116248, var: 0.000816","mean: 0.017619, var: 0.000129","mean: 0.239209, var: 0.001728","mean: 0.409961, var: 0.012788","mean: 0.302246, var: 0.003383","mean: 0.086200, var: 0.001044",3.018305683987248,High
ENSP00000397759,"mean: 0.514355, var: 0.008493","mean: 0.649121, var: 0.005022","mean: 0.321924, var: 0.001985","mean: 0.063449, var: 0.001785","mean: 0.341602, var: 0.005118","mean: 0.256421, var: 0.002544","mean: 0.016649, var: 0.000162","mean: 0.415771, var: 0.013272","mean: 0.515771, var: 0.000526","mean: 0.746094, var: 0.001932","mean: 0.069791, var: 0.003135",3.0571034793006024,High
ENSP00000307260,"mean: 0.688379, var: 0.008800","mean: 0.243921, var: 0.000048","mean: 0.256104, var: 0.002233","mean: 0.100073, var: 0.004306","mean: 0.274292, var: 0.002794","mean: 0.294263, var: 0.008501","mean: 0.043524, var: 0.000470","mean: 0.679199, var: 0.020250","mean: 0.267236, var: 0.002379","mean: 0.367822, var: 0.006006","mean: 0.134045, var: 0.002607",3.2842643384575214,High
ENSP00000380142,"mean: 0.238916, var: 0.001024","mean: 0.444287, var: 0.004496","mean: 0.556836, var: 0.003723","mean: 0.049182, var: 0.000878","mean: 0.150928, var: 0.000452","mean: 0.278125, var: 0.007144","mean: 0.023248, var: 0.000440","mean: 0.195386, var: 0.001071","mean: 0.232739, var: 0.000894","mean: 0.163452, var: 0.000703","mean: 0.072356, var: 0.006203",3.0497954106204865,High
ENSP00000490739,"mean: 0.252856, var: 0.001445","mean: 0.521240, var: 0.004518","mean: 0.397021, var: 0.002465","mean: 0.632861, var: 0.016676","mean: 0.197009, var: 0.001537","mean: 0.254248, var: 0.006302","mean: 0.011273, var: 0.000087","mean: 0.104211, var: 0.002052","mean: 0.193188, var: 0.002286","mean: 0.123877, var: 0.001247","mean: 0.314636, var: 0.037072",3.2381611491895086,High
ENSP00000429947,"mean: 0.229883, var: 0.002491","mean: 0.690137, var: 0.004762","mean: 0.552490, var: 0.001926","mean: 0.030397, var: 0.000362","mean: 0.223047, var: 0.002536","mean: 0.184692, var: 0.001294","mean: 0.016725, var: 0.000152","mean: 0.291113, var: 0.010838","mean: 0.184827, var: 0.001928","mean: 0.251929, var: 0.002642","mean: 0.045829, var: 0.002765",2.9028328433948194,High
ENSP00000497692,"mean: 0.298975, var: 0.001718","mean: 0.515039, var: 0.000698","mean: 0.446436, var: 0.004841","mean: 0.145837, var: 0.000283","mean: 0.200073, var: 0.001212","mean: 0.237109, var: 0.001687","mean: 0.018414, var: 0.000265","mean: 0.344873, var: 0.012839","mean: 0.356812, var: 0.013928","mean: 0.403467, var: 0.012331","mean: 0.043433, var: 0.002091",3.3175644810690916,High
ENSP00000438154,"mean: 0.160034, var: 0.000387","mean: 0.566943, var: 0.006351","mean: 0.412207, var: 0.004738","mean: 0.167059, var: 0.008390","mean: 0.233667, var: 0.004794","mean: 0.155469, var: 0.006669","mean: 0.023821, var: 0.000702","mean: 0.151355, var: 0.002305","mean: 0.123657, var: 0.000913","mean: 0.102130, var: 0.001959","mean: 0.040001, var: 0.003254",2.903363557768328,High
ENSP00000408854,"mean: 0.157971, var: 0.001005","mean: 0.523486, var: 0.008733","mean: 0.541895, var: 0.001382","mean: 0.075116, var: 0.000961","mean: 0.104236, var: 0.000296","mean: 0.153467, var: 0.006229","mean: 0.113321, var: 0.009941","mean: 0.153284, var: 0.002403","mean: 0.214648, var: 0.001824","mean: 0.175623, var: 0.001005","mean: 0.113293, var: 0.012312",3.096862549832872,High
ENSP00000376597,"mean: 0.251953, var: 0.002168","mean: 0.411182, var: 0.000897","mean: 0.612793, var: 0.002535","mean: 0.130472, var: 0.007597","mean: 0.104126, var: 0.000463","mean: 0.154480, var: 0.004747","mean: 0.009731, var: 0.000092","mean: 0.118738, var: 0.001867","mean: 0.361353, var: 0.031881","mean: 0.201929, var: 0.001906","mean: 0.030932, var: 0.001297",2.899119224003937,High
ENSP00000275072,"mean: 0.140662, var: 0.001753","mean: 0.637695, var: 0.010842","mean: 0.323779, var: 0.001169","mean: 0.441650, var: 0.003077","mean: 0.230151, var: 0.014203","mean: 0.263782, var: 0.028401","mean: 0.016769, var: 0.000248","mean: 0.256689, var: 0.004181","mean: 0.265845, var: 0.012322","mean: 0.167810, var: 0.002296","mean: 0.192316, var: 0.010312",3.3648751732867948,High
ENSP00000483972,"mean: 0.243018, var: 0.002332","mean: 0.637598, var: 0.006744","mean: 0.323364, var: 0.004832","mean: 0.068198, var: 0.001633","mean: 0.169751, var: 0.000890","mean: 0.395850, var: 0.001654","mean: 0.028099, var: 0.000469","mean: 0.086255, var: 0.001575","mean: 0.095459, var: 0.000958","mean: 0.256958, var: 0.002124","mean: 0.049471, var: 0.002708",2.8806800596968225,High
ENSP00000432878,"mean: 0.442529, var: 0.009039","mean: 0.633789, var: 0.002053","mean: 0.317236, var: 0.004848","mean: 0.217041, var: 0.000796","mean: 0.434131, var: 0.006027","mean: 0.471338, var: 0.003806","mean: 0.170020, var: 0.000953","mean: 0.268384, var: 0.007829","mean: 0.190454, var: 0.008782","mean: 0.546582, var: 0.005717","mean: 0.200378, var: 0.005784",3.684759611742975,High
ENSP00000355814,"mean: 0.166492, var: 0.001829","mean: 0.581250, var: 0.013221","mean: 0.437012, var: 0.000328","mean: 0.089331, var: 0.001342","mean: 0.122937, var: 0.000961","mean: 0.408936, var: 0.005550","mean: 0.053355, var: 0.002225","mean: 0.171826, var: 0.002082","mean: 0.078745, var: 0.000910","mean: 0.173621, var: 0.002376","mean: 0.124048, var: 0.004093",3.036768143597445,High
ENSP00000414103,"mean: 0.534131, var: 0.007282","mean: 0.517236, var: 0.003873","mean: 0.347607, var: 0.000340","mean: 0.160779, var: 0.002159","mean: 0.308154, var: 0.000350","mean: 0.382861, var: 0.005467","mean: 0.053137, var: 0.000504","mean: 0.615625, var: 0.020169","mean: 0.420605, var: 0.001196","mean: 0.665918, var: 0.001172","mean: 0.231165, var: 0.012592",3.4956408788767908,High
ENSP00000367483,"mean: 0.215991, var: 0.001128","mean: 0.302148, var: 0.000924","mean: 0.214893, var: 0.000936","mean: 0.765723, var: 0.001670","mean: 0.267236, var: 0.002201","mean: 0.178882, var: 0.002932","mean: 0.036937, var: 0.001136","mean: 0.311938, var: 0.007491","mean: 0.136169, var: 0.001827","mean: 0.179907, var: 0.002016","mean: 0.041496, var: 0.001153",3.0853429374100148,High
ENSP00000507848,"mean: 0.313745, var: 0.008240","mean: 0.491260, var: 0.004180","mean: 0.501758, var: 0.008747","mean: 0.038016, var: 0.000366","mean: 0.206470, var: 0.004010","mean: 0.214343, var: 0.008095","mean: 0.007505, var: 0.000079","mean: 0.165088, var: 0.001585","mean: 0.322900, var: 0.014911","mean: 0.208044, var: 0.005248","mean: 0.028905, var: 0.001009",2.9672081752910526,High
ENSP00000369361,"mean: 0.203394, var: 0.000212","mean: 0.716309, var: 0.009248","mean: 0.254883, var: 0.003178","mean: 0.191357, var: 0.003477","mean: 0.218188, var: 0.001794","mean: 0.171692, var: 0.001773","mean: 0.009369, var: 0.000074","mean: 0.074725, var: 0.000572","mean: 0.157104, var: 0.000882","mean: 0.231445, var: 0.005420","mean: 0.027786, var: 0.001280",2.8290905915821822,High
ENSP00000326194,"mean: 0.254565, var: 0.012819","mean: 0.606250, var: 0.000537","mean: 0.623340, var: 0.006066","mean: 0.062073, var: 0.001697","mean: 0.092566, var: 0.000616","mean: 0.288745, var: 0.001880","mean: 0.017213, var: 0.000512","mean: 0.300708, var: 0.004097","mean: 0.164185, var: 0.004310","mean: 0.385596, var: 0.001720","mean: 0.096259, var: 0.002821",3.0185043339228885,High
ENSP00000386502,"mean: 0.249048, var: 0.001311","mean: 0.490723, var: 0.005537","mean: 0.463086, var: 0.002130","mean: 0.115369, var: 0.001944","mean: 0.300317, var: 0.007656","mean: 0.420801, var: 0.018717","mean: 0.021854, var: 0.000133","mean: 0.061340, var: 0.000143","mean: 0.179382, var: 0.003615","mean: 0.120288, var: 0.000856","mean: 0.032647, var: 0.001940",2.956162780697685,High
ENSP00000440875,"mean: 0.816504, var: 0.005628","mean: 0.220898, var: 0.000286","mean: 0.089819, var: 0.000143","mean: 0.264478, var: 0.008198","mean: 0.818262, var: 0.005373","mean: 0.197412, var: 0.002015","mean: 0.007127, var: 0.000029","mean: 0.247461, var: 0.002331","mean: 0.416846, var: 0.011877","mean: 0.474121, var: 0.005208","mean: 0.050287, var: 0.000268",2.8014852906206396,High
ENSP00000445928,"mean: 0.141321, var: 0.000914","mean: 0.369580, var: 0.005054","mean: 0.595801, var: 0.008837","mean: 0.310254, var: 0.007464","mean: 0.128223, var: 0.000142","mean: 0.412402, var: 0.008991","mean: 0.027970, var: 0.001104","mean: 0.204028, var: 0.004338","mean: 0.077838, var: 0.000386","mean: 0.156946, var: 0.002651","mean: 0.094876, var: 0.007311",3.081864935878756,High
ENSP00000385020,"mean: 0.483154, var: 0.003612","mean: 0.633887, var: 0.005211","mean: 0.340820, var: 0.007363","mean: 0.104990, var: 0.002290","mean: 0.472070, var: 0.003069","mean: 0.209277, var: 0.003203","mean: 0.005972, var: 0.000024","mean: 0.131100, var: 0.004329","mean: 0.387988, var: 0.005927","mean: 0.315063, var: 0.006230","mean: 0.014386, var: 0.000280",3.01480830257898,High
ENSP00000286234,"mean: 0.491309, var: 0.012453","mean: 0.600586, var: 0.000782","mean: 0.340674, var: 0.001278","mean: 0.070822, var: 0.000696","mean: 0.426514, var: 0.007159","mean: 0.205310, var: 0.002792","mean: 0.016290, var: 0.000094","mean: 0.184375, var: 0.000842","mean: 0.375146, var: 0.008817","mean: 0.435303, var: 0.009888","mean: 0.009839, var: 0.000091",3.0523535348348974,High
ENSP00000445690,"mean: 0.353027, var: 0.005903","mean: 0.645020, var: 0.002120","mean: 0.386670, var: 0.004728","mean: 0.061922, var: 0.001662","mean: 0.290747, var: 0.007204","mean: 0.197083, var: 0.006702","mean: 0.011512, var: 0.000041","mean: 0.244824, var: 0.007271","mean: 0.223621, var: 0.007058","mean: 0.413477, var: 0.009822","mean: 0.028908, var: 0.001017",3.067770812593293,High
ENSP00000446242,"mean: 0.392603, var: 0.009709","mean: 0.376318, var: 0.004678","mean: 0.387744, var: 0.001159","mean: 0.269702, var: 0.004809","mean: 0.206982, var: 0.001800","mean: 0.673730, var: 0.002848","mean: 0.026996, var: 0.000726","mean: 0.309253, var: 0.003431","mean: 0.195996, var: 0.001609","mean: 0.362378, var: 0.009226","mean: 0.250208, var: 0.028676",3.5420734912602687,High
ENSP00000381461,"mean: 0.212793, var: 0.000552","mean: 0.444238, var: 0.001422","mean: 0.389648, var: 0.001951","mean: 0.119690, var: 0.003831","mean: 0.125769, var: 0.000876","mean: 0.154016, var: 0.007254","mean: 0.079265, var: 0.006564","mean: 0.116101, var: 0.002554","mean: 0.194702, var: 0.007894","mean: 0.253760, var: 0.011989","mean: 0.066312, var: 0.003377",3.157391080980769,High
ENSP00000438521,"mean: 0.480957, var: 0.002005","mean: 0.604980, var: 0.001679","mean: 0.296777, var: 0.003907","mean: 0.101746, var: 0.000280","mean: 0.518994, var: 0.003892","mean: 0.235864, var: 0.003751","mean: 0.015542, var: 0.000045","mean: 0.270361, var: 0.001193","mean: 0.417822, var: 0.009620","mean: 0.424658, var: 0.001606","mean: 0.042480, var: 0.000165",3.2110919100745394,High
ENSP00000420269,"mean: 0.208936, var: 0.000686","mean: 0.266528, var: 0.003466","mean: 0.129590, var: 0.000572","mean: 0.206299, var: 0.009615","mean: 0.094373, var: 0.001244","mean: 0.698828, var: 0.009391","mean: 0.507666, var: 0.009059","mean: 0.090186, var: 0.000917","mean: 0.055927, var: 0.000088","mean: 0.101978, var: 0.000211","mean: 0.338525, var: 0.040679",3.065087961442555,High
ENSP00000445481,"mean: 0.350244, var: 0.003937","mean: 0.529834, var: 0.003693","mean: 0.481348, var: 0.002537","mean: 0.192798, var: 0.002718","mean: 0.288379, var: 0.015506","mean: 0.365381, var: 0.002555","mean: 0.023035, var: 0.000529","mean: 0.202197, var: 0.003488","mean: 0.500708, var: 0.032657","mean: 0.423730, var: 0.008526","mean: 0.065392, var: 0.004955",3.398387741804737,High
ENSP00000399234,"mean: 0.270557, var: 0.000524","mean: 0.503027, var: 0.004029","mean: 0.609766, var: 0.002164","mean: 0.063333, var: 0.000656","mean: 0.185486, var: 0.003110","mean: 0.259766, var: 0.006140","mean: 0.017323, var: 0.000367","mean: 0.242578, var: 0.000234","mean: 0.121271, var: 0.002787","mean: 0.241528, var: 0.003753","mean: 0.063233, var: 0.003614",3.0258247548369055,High
ENSP00000317437,"mean: 0.196753, var: 0.003153","mean: 0.511328, var: 0.005112","mean: 0.584668, var: 0.001451","mean: 0.068008, var: 0.002449","mean: 0.135907, var: 0.002141","mean: 0.201953, var: 0.001198","mean: 0.029595, var: 0.001483","mean: 0.305127, var: 0.003534","mean: 0.296411, var: 0.012191","mean: 0.202161, var: 0.004736","mean: 0.060852, var: 0.000753",3.0741216511849005,High
ENSP00000479512,"mean: 0.170654, var: 0.001561","mean: 0.526025, var: 0.003657","mean: 0.456104, var: 0.004871","mean: 0.476367, var: 0.007488","mean: 0.246362, var: 0.005096","mean: 0.375732, var: 0.008053","mean: 0.002314, var: 0.000008","mean: 0.241992, var: 0.002320","mean: 0.228540, var: 0.005263","mean: 0.077411, var: 0.001459","mean: 0.032475, var: 0.000739",3.0680053048850366,High
ENSP00000437207,"mean: 0.258228, var: 0.002927","mean: 0.689160, var: 0.003348","mean: 0.452490, var: 0.000776","mean: 0.252271, var: 0.004440","mean: 0.449805, var: 0.015949","mean: 0.098083, var: 0.000451","mean: 0.005411, var: 0.000043","mean: 0.193268, var: 0.007873","mean: 0.218201, var: 0.014459","mean: 0.257495, var: 0.011119","mean: 0.018944, var: 0.000397",3.002130223842118,High
ENSP00000318575,"mean: 0.227612, var: 0.007423","mean: 0.659082, var: 0.004399","mean: 0.317578, var: 0.004566","mean: 0.069350, var: 0.003365","mean: 0.198877, var: 0.003568","mean: 0.152539, var: 0.005690","mean: 0.021724, var: 0.000990","mean: 0.184094, var: 0.006670","mean: 0.277075, var: 0.005590","mean: 0.190723, var: 0.002539","mean: 0.049799, var: 0.002342",2.984781417013751,High
ENSP00000485288,"mean: 0.162402, var: 0.000225","mean: 0.594824, var: 0.004286","mean: 0.546289, var: 0.007937","mean: 0.038715, var: 0.000784","mean: 0.117786, var: 0.000355","mean: 0.489111, var: 0.014666","mean: 0.068495, var: 0.003240","mean: 0.055627, var: 0.000592","mean: 0.123816, var: 0.001519","mean: 0.069751, var: 0.003589","mean: 0.303540, var: 0.007997",2.81272085720987,High
ENSP00000320431,"mean: 0.596143, var: 0.005696","mean: 0.221118, var: 0.000355","mean: 0.202222, var: 0.000242","mean: 0.444849, var: 0.018850","mean: 0.127478, var: 0.000914","mean: 0.235156, var: 0.005156","mean: 0.008745, var: 0.000066","mean: 0.455273, var: 0.005874","mean: 0.169250, var: 0.002029","mean: 0.699219, var: 0.007674","mean: 0.042389, var: 0.000539",3.0130787419931493,High
ENSP00000260563,"mean: 0.287402, var: 0.023362","mean: 0.427539, var: 0.012048","mean: 0.537939, var: 0.013261","mean: 0.057627, var: 0.002469","mean: 0.181934, var: 0.000579","mean: 0.441650, var: 0.038928","mean: 0.027314, var: 0.001055","mean: 0.031094, var: 0.000280","mean: 0.087573, var: 0.000863","mean: 0.056311, var: 0.000886","mean: 0.208673, var: 0.028214",2.799100221567665,High
ENSP00000243082,"mean: 0.185083, var: 0.005489","mean: 0.434424, var: 0.002689","mean: 0.678223, var: 0.002070","mean: 0.184186, var: 0.009116","mean: 0.171686, var: 0.007294","mean: 0.296118, var: 0.005026","mean: 0.022984, var: 0.000431","mean: 0.295435, var: 0.010025","mean: 0.096863, var: 0.002433","mean: 0.136026, var: 0.004706","mean: 0.040611, var: 0.001457",2.986800755171585,High
ENSP00000426083,"mean: 0.236841, var: 0.004572","mean: 0.617773, var: 0.011161","mean: 0.206372, var: 0.007557","mean: 0.167364, var: 0.010292","mean: 0.253687, var: 0.000717","mean: 0.462158, var: 0.017061","mean: 0.080658, var: 0.001967","mean: 0.092932, var: 0.000954","mean: 0.157513, var: 0.008445","mean: 0.108899, var: 0.000494","mean: 0.076254, var: 0.005019",3.120911237505785,High
ENSP00000405752,"mean: 0.567676, var: 0.014684","mean: 0.624219, var: 0.006920","mean: 0.294214, var: 0.001568","mean: 0.051671, var: 0.001701","mean: 0.330664, var: 0.003345","mean: 0.287549, var: 0.004914","mean: 0.014129, var: 0.000138","mean: 0.395703, var: 0.018826","mean: 0.496094, var: 0.002677","mean: 0.731738, var: 0.003937","mean: 0.065627, var: 0.001812",3.035046691936654,High
ENSP00000459933,"mean: 0.257935, var: 0.021898","mean: 0.533984, var: 0.003617","mean: 0.488550, var: 0.038204","mean: 0.057831, var: 0.000125","mean: 0.100366, var: 0.001074","mean: 0.212622, var: 0.004509","mean: 0.028705, var: 0.000960","mean: 0.481738, var: 0.025932","mean: 0.225159, var: 0.011545","mean: 0.306714, var: 0.027390","mean: 0.015744, var: 0.000318",2.9765473422822346,High
ENSP00000379284,"mean: 0.333521, var: 0.012413","mean: 0.495898, var: 0.000654","mean: 0.309424, var: 0.003120","mean: 0.079190, var: 0.002891","mean: 0.314575, var: 0.011305","mean: 0.181763, var: 0.002265","mean: 0.030902, var: 0.000493","mean: 0.250757, var: 0.005186","mean: 0.109445, var: 0.002945","mean: 0.138293, var: 0.002570","mean: 0.029600, var: 0.000921",3.025779475885713,High
ENSP00000335060,"mean: 0.273462, var: 0.002743","mean: 0.700977, var: 0.011527","mean: 0.225940, var: 0.004977","mean: 0.144647, var: 0.005826","mean: 0.231030, var: 0.002860","mean: 0.623975, var: 0.011810","mean: 0.014884, var: 0.000388","mean: 0.174280, var: 0.003817","mean: 0.287939, var: 0.011218","mean: 0.370190, var: 0.009471","mean: 0.279492, var: 0.022199",3.3019237142873417,High
ENSP00000430121,"mean: 0.191626, var: 0.000324","mean: 0.491699, var: 0.002437","mean: 0.651074, var: 0.002137","mean: 0.166809, var: 0.004704","mean: 0.140173, var: 0.001110","mean: 0.124817, var: 0.003122","mean: 0.071982, var: 0.004580","mean: 0.198267, var: 0.002280","mean: 0.162744, var: 0.000984","mean: 0.172217, var: 0.002495","mean: 0.183984, var: 0.009231",3.199053295684631,High
ENSP00000493763,"mean: 0.233777, var: 0.007044","mean: 0.601074, var: 0.017025","mean: 0.135498, var: 0.001758","mean: 0.349902, var: 0.032905","mean: 0.053937, var: 0.000516","mean: 0.254358, var: 0.015026","mean: 0.057417, var: 0.002816","mean: 0.156653, var: 0.016172","mean: 0.344873, var: 0.022519","mean: 0.168668, var: 0.006833","mean: 0.166016, var: 0.008151",3.209624017899277,High
ENSP00000427300,"mean: 0.123328, var: 0.001805","mean: 0.424951, var: 0.008343","mean: 0.645605, var: 0.002440","mean: 0.217407, var: 0.003635","mean: 0.046713, var: 0.000449","mean: 0.451221, var: 0.017830","mean: 0.117853, var: 0.005552","mean: 0.201758, var: 0.006588","mean: 0.095941, var: 0.001412","mean: 0.164380, var: 0.006375","mean: 0.093415, var: 0.016101",3.0563370907315073,High
ENSP00000480216,"mean: 0.169727, var: 0.004041","mean: 0.605371, var: 0.005995","mean: 0.557617, var: 0.007019","mean: 0.077231, var: 0.001278","mean: 0.207642, var: 0.005308","mean: 0.350781, var: 0.004865","mean: 0.007883, var: 0.000066","mean: 0.185901, var: 0.006747","mean: 0.202869, var: 0.012596","mean: 0.151245, var: 0.001489","mean: 0.044117, var: 0.002315",2.9201641487902155,High
ENSP00000410603,"mean: 0.352881, var: 0.011519","mean: 0.485986, var: 0.003667","mean: 0.612305, var: 0.000841","mean: 0.049341, var: 0.000532","mean: 0.414600, var: 0.015985","mean: 0.262744, var: 0.000140","mean: 0.014690, var: 0.000030","mean: 0.160242, var: 0.000775","mean: 0.306885, var: 0.003263","mean: 0.310352, var: 0.011834","mean: 0.039752, var: 0.000379",3.092535189575738,High
ENSP00000385529,"mean: 0.412061, var: 0.010321","mean: 0.539062, var: 0.002884","mean: 0.373633, var: 0.003823","mean: 0.035342, var: 0.000546","mean: 0.385303, var: 0.021114","mean: 0.318823, var: 0.005403","mean: 0.051466, var: 0.002184","mean: 0.101721, var: 0.001064","mean: 0.246021, var: 0.004467","mean: 0.334033, var: 0.002602","mean: 0.259619, var: 0.014267",3.3628859288172053,High
ENSP00000413963,"mean: 0.186597, var: 0.002114","mean: 0.471436, var: 0.003937","mean: 0.517041, var: 0.003170","mean: 0.459082, var: 0.011686","mean: 0.120459, var: 0.001919","mean: 0.310815, var: 0.009215","mean: 0.070433, var: 0.002474","mean: 0.075128, var: 0.000949","mean: 0.205493, var: 0.010835","mean: 0.126208, var: 0.004084","mean: 0.497577, var: 0.097498",3.2994210475275816,High
ENSP00000369411,"mean: 0.332471, var: 0.006037","mean: 0.513330, var: 0.007628","mean: 0.332166, var: 0.018063","mean: 0.020176, var: 0.000384","mean: 0.151001, var: 0.000333","mean: 0.235413, var: 0.008258","mean: 0.026421, var: 0.000867","mean: 0.296851, var: 0.007691","mean: 0.122275, var: 0.011471","mean: 0.173969, var: 0.003793","mean: 0.038377, var: 0.001363",2.9220946658528697,High
ENSP00000438158,"mean: 0.186426, var: 0.004696","mean: 0.696875, var: 0.005731","mean: 0.485547, var: 0.004212","mean: 0.240457, var: 0.018083","mean: 0.150012, var: 0.006477","mean: 0.354712, var: 0.008485","mean: 0.072552, var: 0.001197","mean: 0.168536, var: 0.004841","mean: 0.176575, var: 0.002925","mean: 0.229248, var: 0.002931","mean: 0.096652, var: 0.006550",3.270668137112202,High
ENSP00000362685,"mean: 0.118933, var: 0.001544","mean: 0.648633, var: 0.004417","mean: 0.487158, var: 0.007071","mean: 0.085480, var: 0.000853","mean: 0.122363, var: 0.001078","mean: 0.221143, var: 0.004025","mean: 0.034091, var: 0.000689","mean: 0.131970, var: 0.000316","mean: 0.240735, var: 0.011772","mean: 0.143445, var: 0.002388","mean: 0.078766, var: 0.001927",2.8893250221031392,High
ENSP00000502859,"mean: 0.574072, var: 0.002900","mean: 0.346729, var: 0.002351","mean: 0.157654, var: 0.001776","mean: 0.215967, var: 0.004333","mean: 0.199121, var: 0.000622","mean: 0.545410, var: 0.003264","mean: 0.261951, var: 0.009977","mean: 0.371533, var: 0.007271","mean: 0.206689, var: 0.001807","mean: 0.229321, var: 0.000589","mean: 0.292505, var: 0.006823",3.7019943956487564,High
ENSP00000299163,"mean: 0.082245, var: 0.000561","mean: 0.597559, var: 0.006345","mean: 0.364648, var: 0.007877","mean: 0.144458, var: 0.001648","mean: 0.053378, var: 0.000735","mean: 0.249524, var: 0.016265","mean: 0.092862, var: 0.003916","mean: 0.252991, var: 0.017483","mean: 0.117126, var: 0.000832","mean: 0.234839, var: 0.008175","mean: 0.039744, var: 0.002320",2.951322628051809,High
ENSP00000463121,"mean: 0.298218, var: 0.000854","mean: 0.397803, var: 0.004863","mean: 0.574316, var: 0.014751","mean: 0.088141, var: 0.000403","mean: 0.140735, var: 0.002258","mean: 0.238922, var: 0.010472","mean: 0.010838, var: 0.000116","mean: 0.142029, var: 0.000716","mean: 0.163025, var: 0.004195","mean: 0.155103, var: 0.004303","mean: 0.029021, var: 0.000909",2.891837348177676,High
ENSP00000243878,"mean: 0.158521, var: 0.001436","mean: 0.613623, var: 0.005653","mean: 0.316748, var: 0.004664","mean: 0.096497, var: 0.002080","mean: 0.178076, var: 0.001281","mean: 0.232324, var: 0.005503","mean: 0.004224, var: 0.000015","mean: 0.099780, var: 0.001246","mean: 0.181641, var: 0.003974","mean: 0.109711, var: 0.001276","mean: 0.098712, var: 0.002454",2.8617331704226707,High
ENSP00000386280,"mean: 0.484131, var: 0.007291","mean: 0.290015, var: 0.002086","mean: 0.301099, var: 0.004891","mean: 0.136646, var: 0.009493","mean: 0.225513, var: 0.000964","mean: 0.555322, var: 0.007350","mean: 0.011537, var: 0.000106","mean: 0.190552, var: 0.001086","mean: 0.095654, var: 0.000405","mean: 0.094116, var: 0.000732","mean: 0.304932, var: 0.004936",3.182541565670773,High
ENSP00000357920,"mean: 0.198401, var: 0.004172","mean: 0.268286, var: 0.001756","mean: 0.227161, var: 0.010322","mean: 0.131049, var: 0.010323","mean: 0.051779, var: 0.001093","mean: 0.461035, var: 0.012726","mean: 0.131403, var: 0.009749","mean: 0.488672, var: 0.004516","mean: 0.165588, var: 0.000682","mean: 0.289136, var: 0.039986","mean: 0.857715, var: 0.007974",3.1919489663826415,High
ENSP00000356974,"mean: 0.283667, var: 0.007438","mean: 0.244019, var: 0.000365","mean: 0.165833, var: 0.000675","mean: 0.843555, var: 0.003179","mean: 0.395117, var: 0.016997","mean: 0.174109, var: 0.003525","mean: 0.010718, var: 0.000085","mean: 0.318604, var: 0.005830","mean: 0.192749, var: 0.002881","mean: 0.345410, var: 0.016063","mean: 0.044089, var: 0.000186",3.049502050908468,High
ENSP00000432382,"mean: 0.551514, var: 0.016993","mean: 0.664551, var: 0.006864","mean: 0.327295, var: 0.001882","mean: 0.043092, var: 0.000990","mean: 0.376074, var: 0.005956","mean: 0.300439, var: 0.004412","mean: 0.009857, var: 0.000044","mean: 0.316406, var: 0.013889","mean: 0.478223, var: 0.001628","mean: 0.645898, var: 0.002571","mean: 0.057146, var: 0.001585",3.038184672275897,High
ENSP00000319739,"mean: 0.268848, var: 0.001212","mean: 0.218774, var: 0.003417","mean: 0.178662, var: 0.000395","mean: 0.333252, var: 0.008388","mean: 0.237695, var: 0.001651","mean: 0.116650, var: 0.003055","mean: 0.007833, var: 0.000048","mean: 0.631836, var: 0.003089","mean: 0.316626, var: 0.009351","mean: 0.372168, var: 0.005725","mean: 0.058899, var: 0.001120",3.1785388660136737,High
ENSP00000468290,"mean: 0.312842, var: 0.010304","mean: 0.507471, var: 0.005385","mean: 0.518555, var: 0.002699","mean: 0.298779, var: 0.009390","mean: 0.180811, var: 0.001147","mean: 0.483984, var: 0.008584","mean: 0.005330, var: 0.000049","mean: 0.284180, var: 0.006527","mean: 0.208618, var: 0.001643","mean: 0.441260, var: 0.013746","mean: 0.100073, var: 0.002026",3.373469010675084,High
ENSP00000463424,"mean: 0.263525, var: 0.000714","mean: 0.628906, var: 0.010389","mean: 0.394580, var: 0.011311","mean: 0.105963, var: 0.006002","mean: 0.160413, var: 0.002270","mean: 0.159723, var: 0.016000","mean: 0.031107, var: 0.001342","mean: 0.218848, var: 0.001622","mean: 0.177625, var: 0.001869","mean: 0.207007, var: 0.004475","mean: 0.101122, var: 0.009364",3.139593915622039,High
ENSP00000420802,"mean: 0.642285, var: 0.006139","mean: 0.264478, var: 0.000252","mean: 0.114392, var: 0.000069","mean: 0.394873, var: 0.016164","mean: 0.708105, var: 0.008306","mean: 0.120215, var: 0.001784","mean: 0.004654, var: 0.000010","mean: 0.367383, var: 0.001551","mean: 0.446875, var: 0.012472","mean: 0.293066, var: 0.004999","mean: 0.057617, var: 0.000442",3.027074250165678,High
ENSP00000360597,"mean: 0.711621, var: 0.015776","mean: 0.204663, var: 0.000210","mean: 0.120398, var: 0.000110","mean: 0.334290, var: 0.021343","mean: 0.644043, var: 0.013046","mean: 0.215906, var: 0.006225","mean: 0.005189, var: 0.000013","mean: 0.385937, var: 0.004238","mean: 0.410498, var: 0.015140","mean: 0.360449, var: 0.006652","mean: 0.077917, var: 0.000579",3.129188648180622,High
ENSP00000478061,"mean: 0.514404, var: 0.004142","mean: 0.645703, var: 0.002269","mean: 0.460742, var: 0.001684","mean: 0.096671, var: 0.002103","mean: 0.702246, var: 0.005883","mean: 0.101038, var: 0.001063","mean: 0.016475, var: 0.000154","mean: 0.234741, var: 0.001874","mean: 0.220679, var: 0.001003","mean: 0.370605, var: 0.014299","mean: 0.031072, var: 0.000495",2.9041585820024167,High
ENSP00000387119,"mean: 0.207324, var: 0.001017","mean: 0.515869, var: 0.004694","mean: 0.447559, var: 0.000680","mean: 0.306323, var: 0.003761","mean: 0.226343, var: 0.001679","mean: 0.314038, var: 0.008565","mean: 0.036192, var: 0.000910","mean: 0.099683, var: 0.001467","mean: 0.282251, var: 0.005527","mean: 0.130762, var: 0.002990","mean: 0.367212, var: 0.029974",3.4308083254189983,High
ENSP00000469035,"mean: 0.271289, var: 0.003217","mean: 0.528955, var: 0.005300","mean: 0.376611, var: 0.010480","mean: 0.113159, var: 0.002174","mean: 0.291895, var: 0.007194","mean: 0.185382, var: 0.014186","mean: 0.011748, var: 0.000223","mean: 0.145703, var: 0.002287","mean: 0.210278, var: 0.016653","mean: 0.149530, var: 0.020185","mean: 0.550543, var: 0.077688",3.25047623007282,High
ENSP00000435393,"mean: 0.310352, var: 0.001387","mean: 0.466602, var: 0.005399","mean: 0.588281, var: 0.002334","mean: 0.103540, var: 0.002030","mean: 0.185669, var: 0.001036","mean: 0.292505, var: 0.004684","mean: 0.031302, var: 0.000287","mean: 0.204456, var: 0.006405","mean: 0.236670, var: 0.002749","mean: 0.302344, var: 0.003775","mean: 0.033880, var: 0.001578",3.1883141332101306,High
ENSP00000332049,"mean: 0.689063, var: 0.001916","mean: 0.249561, var: 0.000713","mean: 0.151831, var: 0.000456","mean: 0.271338, var: 0.004386","mean: 0.732324, var: 0.004560","mean: 0.106433, var: 0.000796","mean: 0.008323, var: 0.000041","mean: 0.334570, var: 0.004461","mean: 0.321875, var: 0.008006","mean: 0.372168, var: 0.006759","mean: 0.040353, var: 0.000298",2.9781814244714777,High
ENSP00000374550,"mean: 0.115515, var: 0.001145","mean: 0.484229, var: 0.002370","mean: 0.754199, var: 0.001178","mean: 0.152185, var: 0.004823","mean: 0.099481, var: 0.000781","mean: 0.220166, var: 0.002878","mean: 0.032658, var: 0.000563","mean: 0.181006, var: 0.002657","mean: 0.116895, var: 0.000691","mean: 0.101575, var: 0.000804","mean: 0.202332, var: 0.004216",2.890160044822225,High
ENSP00000427011,"mean: 0.759570, var: 0.009179","mean: 0.261230, var: 0.001174","mean: 0.201685, var: 0.000962","mean: 0.098022, var: 0.001435","mean: 0.748145, var: 0.006598","mean: 0.180951, var: 0.004543","mean: 0.008600, var: 0.000040","mean: 0.186255, var: 0.002608","mean: 0.461279, var: 0.007194","mean: 0.377393, var: 0.004343","mean: 0.024126, var: 0.000256",2.804995625094622,High
ENSP00000380217,"mean: 0.700195, var: 0.008247","mean: 0.283789, var: 0.000243","mean: 0.105811, var: 0.000053","mean: 0.351660, var: 0.017596","mean: 0.750977, var: 0.008992","mean: 0.139185, var: 0.002165","mean: 0.004665, var: 0.000011","mean: 0.366455, var: 0.001837","mean: 0.469238, var: 0.015133","mean: 0.311914, var: 0.005319","mean: 0.078217, var: 0.000982",3.012363142438578,High
ENSP00000390152,"mean: 0.327393, var: 0.008128","mean: 0.165503, var: 0.000557","mean: 0.150452, var: 0.001417","mean: 0.873242, var: 0.000647","mean: 0.414062, var: 0.010322","mean: 0.119519, var: 0.000906","mean: 0.022218, var: 0.000227","mean: 0.188062, var: 0.001025","mean: 0.214380, var: 0.006312","mean: 0.302075, var: 0.003575","mean: 0.018218, var: 0.000252",2.8491383259332284,High
ENSP00000480722,"mean: 0.104187, var: 0.000860","mean: 0.617188, var: 0.012696","mean: 0.474805, var: 0.001473","mean: 0.106244, var: 0.002800","mean: 0.132605, var: 0.001607","mean: 0.526563, var: 0.017065","mean: 0.015707, var: 0.000320","mean: 0.113416, var: 0.001536","mean: 0.085541, var: 0.000811","mean: 0.094745, var: 0.001060","mean: 0.346808, var: 0.044020",2.8439447215480325,High
ENSP00000291691,"mean: 0.154651, var: 0.003631","mean: 0.504199, var: 0.005839","mean: 0.575586, var: 0.000434","mean: 0.327856, var: 0.004153","mean: 0.111670, var: 0.001173","mean: 0.234253, var: 0.008562","mean: 0.005157, var: 0.000027","mean: 0.098022, var: 0.000317","mean: 0.074408, var: 0.000227","mean: 0.128284, var: 0.000434","mean: 0.107617, var: 0.003951",2.853761432576197,High
ENSP00000339326,"mean: 0.187329, var: 0.002535","mean: 0.620508, var: 0.001774","mean: 0.623340, var: 0.000764","mean: 0.284387, var: 0.013754","mean: 0.187793, var: 0.002160","mean: 0.351611, var: 0.010659","mean: 0.003927, var: 0.000027","mean: 0.149939, var: 0.002558","mean: 0.156396, var: 0.001639","mean: 0.204834, var: 0.001791","mean: 0.017599, var: 0.000314",2.93599246415813,High
ENSP00000468486,"mean: 0.135803, var: 0.002024","mean: 0.582422, var: 0.001873","mean: 0.452246, var: 0.003532","mean: 0.230737, var: 0.001980","mean: 0.083600, var: 0.000594","mean: 0.303809, var: 0.008485","mean: 0.027106, var: 0.000511","mean: 0.095972, var: 0.001217","mean: 0.132361, var: 0.004090","mean: 0.191931, var: 0.006619","mean: 0.027695, var: 0.001912",2.85915202037739,High
ENSP00000326693,"mean: 0.705566, var: 0.000980","mean: 0.117151, var: 0.000850","mean: 0.153101, var: 0.000050","mean: 0.041223, var: 0.000435","mean: 0.107654, var: 0.001189","mean: 0.874219, var: 0.002519","mean: 0.275903, var: 0.017750","mean: 0.213916, var: 0.007892","mean: 0.209033, var: 0.004331","mean: 0.169586, var: 0.006494","mean: 0.450684, var: 0.034240",2.9459743723213077,High
ENSP00000496818,"mean: 0.283374, var: 0.001217","mean: 0.501465, var: 0.008238","mean: 0.335986, var: 0.001879","mean: 0.279956, var: 0.007375","mean: 0.248535, var: 0.002842","mean: 0.424438, var: 0.013856","mean: 0.197705, var: 0.002047","mean: 0.260864, var: 0.014146","mean: 0.221045, var: 0.003688","mean: 0.226831, var: 0.001894","mean: 0.206763, var: 0.014850",3.8031361518462763,High
ENSP00000268125,"mean: 0.408643, var: 0.009364","mean: 0.661914, var: 0.005491","mean: 0.383008, var: 0.002328","mean: 0.108228, var: 0.001795","mean: 0.161890, var: 0.006192","mean: 0.263354, var: 0.005026","mean: 0.022724, var: 0.000427","mean: 0.387109, var: 0.022364","mean: 0.308765, var: 0.014276","mean: 0.339038, var: 0.010218","mean: 0.057846, var: 0.001381",3.2410047450343904,High
ENSP00000359795,"mean: 0.480713, var: 0.009706","mean: 0.610840, var: 0.000366","mean: 0.404736, var: 0.003356","mean: 0.081165, var: 0.001699","mean: 0.620410, var: 0.013963","mean: 0.089526, var: 0.002928","mean: 0.018977, var: 0.000081","mean: 0.213354, var: 0.002604","mean: 0.117651, var: 0.001542","mean: 0.275049, var: 0.006160","mean: 0.017131, var: 0.000315",2.816651140416854,High
ENSP00000486676,"mean: 0.595410, var: 0.014630","mean: 0.245923, var: 0.000259","mean: 0.220142, var: 0.000617","mean: 0.182007, var: 0.006580","mean: 0.176880, var: 0.000392","mean: 0.622119, var: 0.009062","mean: 0.043344, var: 0.001047","mean: 0.571436, var: 0.017906","mean: 0.226416, var: 0.002000","mean: 0.280420, var: 0.003365","mean: 0.425928, var: 0.047941",3.4108332363726017,High
ENSP00000440227,"mean: 0.185803, var: 0.007493","mean: 0.645703, var: 0.002845","mean: 0.230200, var: 0.000645","mean: 0.090594, var: 0.001042","mean: 0.074060, var: 0.000861","mean: 0.468677, var: 0.020343","mean: 0.190756, var: 0.011307","mean: 0.211584, var: 0.006090","mean: 0.163428, var: 0.002379","mean: 0.164807, var: 0.003114","mean: 0.193665, var: 0.017690",3.2545364150502616,High
ENSP00000371408,"mean: 0.656055, var: 0.016318","mean: 0.432520, var: 0.002524","mean: 0.358740, var: 0.003991","mean: 0.042160, var: 0.000627","mean: 0.615869, var: 0.021964","mean: 0.324512, var: 0.002197","mean: 0.016234, var: 0.000152","mean: 0.253198, var: 0.002587","mean: 0.519922, var: 0.013905","mean: 0.686914, var: 0.010575","mean: 0.208325, var: 0.012582",3.14354837993895,High
ENSP00000430457,"mean: 0.455908, var: 0.006187","mean: 0.582520, var: 0.001203","mean: 0.356494, var: 0.000886","mean: 0.059470, var: 0.000857","mean: 0.395361, var: 0.002916","mean: 0.214771, var: 0.001954","mean: 0.020055, var: 0.000172","mean: 0.185718, var: 0.001976","mean: 0.334766, var: 0.011109","mean: 0.399268, var: 0.009596","mean: 0.013393, var: 0.000174",3.0874087466829407,High
ENSP00000307695,"mean: 0.262500, var: 0.006724","mean: 0.592187, var: 0.004155","mean: 0.471631, var: 0.003034","mean: 0.095209, var: 0.002713","mean: 0.246558, var: 0.004721","mean: 0.234692, var: 0.004495","mean: 0.007939, var: 0.000069","mean: 0.182825, var: 0.004324","mean: 0.170557, var: 0.003973","mean: 0.153821, var: 0.000930","mean: 0.134271, var: 0.002246",3.133388042625779,High
ENSP00000225972,"mean: 0.769336, var: 0.000805","mean: 0.179517, var: 0.000088","mean: 0.316968, var: 0.012231","mean: 0.091708, var: 0.005858","mean: 0.282446, var: 0.000681","mean: 0.363770, var: 0.006451","mean: 0.039911, var: 0.000507","mean: 0.579785, var: 0.006626","mean: 0.284644, var: 0.003225","mean: 0.408545, var: 0.003310","mean: 0.123694, var: 0.002457",3.2447686146469423,High
ENSP00000329214,"mean: 0.550293, var: 0.001918","mean: 0.199023, var: 0.000200","mean: 0.171191, var: 0.000743","mean: 0.478662, var: 0.015246","mean: 0.115527, var: 0.000802","mean: 0.212744, var: 0.004762","mean: 0.016333, var: 0.000124","mean: 0.420605, var: 0.002540","mean: 0.169885, var: 0.003201","mean: 0.613281, var: 0.007326","mean: 0.028290, var: 0.000446",3.0167129804811688,High
ENSP00000321679,"mean: 0.204834, var: 0.001632","mean: 0.601172, var: 0.002477","mean: 0.472754, var: 0.004419","mean: 0.113855, var: 0.000977","mean: 0.268262, var: 0.002904","mean: 0.218933, var: 0.007114","mean: 0.011915, var: 0.000156","mean: 0.168408, var: 0.004295","mean: 0.174927, var: 0.006792","mean: 0.254834, var: 0.006250","mean: 0.047935, var: 0.000975",3.069558513006569,High
ENSP00000346300,"mean: 0.367212, var: 0.012793","mean: 0.640625, var: 0.004581","mean: 0.432422, var: 0.007515","mean: 0.080640, var: 0.001768","mean: 0.315820, var: 0.009004","mean: 0.092975, var: 0.000843","mean: 0.011045, var: 0.000107","mean: 0.088196, var: 0.001570","mean: 0.294012, var: 0.019002","mean: 0.301001, var: 0.006330","mean: 0.013171, var: 0.000185",2.845825558292085,High
ENSP00000279206,"mean: 0.200073, var: 0.004811","mean: 0.598975, var: 0.007238","mean: 0.347266, var: 0.003377","mean: 0.168384, var: 0.007958","mean: 0.284692, var: 0.012946","mean: 0.478174, var: 0.024075","mean: 0.011047, var: 0.000163","mean: 0.259058, var: 0.018249","mean: 0.144348, var: 0.001274","mean: 0.195679, var: 0.006988","mean: 0.797754, var: 0.017573",3.1851944566452057,High
ENSP00000407646,"mean: 0.264941, var: 0.030520","mean: 0.404102, var: 0.005935","mean: 0.471924, var: 0.003271","mean: 0.193427, var: 0.010162","mean: 0.159912, var: 0.020576","mean: 0.304639, var: 0.005132","mean: 0.023235, var: 0.000308","mean: 0.141620, var: 0.007790","mean: 0.057867, var: 0.000827","mean: 0.116943, var: 0.002265","mean: 0.017623, var: 0.000444",2.8967216209228335,High
ENSP00000274000,"mean: 0.619336, var: 0.016999","mean: 0.422607, var: 0.000238","mean: 0.396729, var: 0.001373","mean: 0.028116, var: 0.000273","mean: 0.558740, var: 0.027659","mean: 0.292334, var: 0.002971","mean: 0.054745, var: 0.001432","mean: 0.112122, var: 0.000834","mean: 0.391504, var: 0.007141","mean: 0.464062, var: 0.010612","mean: 0.148084, var: 0.004293",3.223301648458273,High
ENSP00000457284,"mean: 0.244604, var: 0.003704","mean: 0.237939, var: 0.000284","mean: 0.126245, var: 0.000286","mean: 0.903613, var: 0.000436","mean: 0.343359, var: 0.008027","mean: 0.146265, var: 0.004608","mean: 0.008333, var: 0.000039","mean: 0.215405, var: 0.002722","mean: 0.264722, var: 0.006956","mean: 0.343701, var: 0.009383","mean: 0.025649, var: 0.000120",2.870566707876114,High
ENSP00000326305,"mean: 0.879199, var: 0.001100","mean: 0.178223, var: 0.000916","mean: 0.116467, var: 0.000328","mean: 0.027301, var: 0.000394","mean: 0.327197, var: 0.003429","mean: 0.918555, var: 0.000423","mean: 0.077795, var: 0.002438","mean: 0.329395, var: 0.006570","mean: 0.192090, var: 0.002372","mean: 0.274341, var: 0.005363","mean: 0.308081, var: 0.012417",2.811805594254606,High
ENSP00000393970,"mean: 0.236084, var: 0.002221","mean: 0.602441, var: 0.003441","mean: 0.532715, var: 0.002845","mean: 0.213098, var: 0.005204","mean: 0.163855, var: 0.002148","mean: 0.362646, var: 0.004557","mean: 0.199585, var: 0.003926","mean: 0.314941, var: 0.001770","mean: 0.178857, var: 0.006235","mean: 0.250305, var: 0.005163","mean: 0.087550, var: 0.011379",3.528530177093839,High
ENSP00000446662,"mean: 0.259399, var: 0.000996","mean: 0.225464, var: 0.000643","mean: 0.150061, var: 0.000648","mean: 0.820117, var: 0.000848","mean: 0.331787, var: 0.001530","mean: 0.110046, var: 0.001869","mean: 0.009850, var: 0.000036","mean: 0.362695, var: 0.002852","mean: 0.428271, var: 0.015179","mean: 0.348633, var: 0.001588","mean: 0.025659, var: 0.000172",2.9799210682560617,High
ENSP00000283429,"mean: 0.217297, var: 0.002885","mean: 0.464795, var: 0.004311","mean: 0.216943, var: 0.010362","mean: 0.116339, var: 0.002753","mean: 0.247119, var: 0.007253","mean: 0.299561, var: 0.023549","mean: 0.035619, var: 0.001610","mean: 0.140186, var: 0.002009","mean: 0.158057, var: 0.006602","mean: 0.157874, var: 0.002552","mean: 0.615381, var: 0.035388",3.25215036517874,High
ENSP00000408065,"mean: 0.195471, var: 0.004020","mean: 0.555859, var: 0.017993","mean: 0.453662, var: 0.018068","mean: 0.303125, var: 0.015960","mean: 0.223718, var: 0.014759","mean: 0.128699, var: 0.001897","mean: 0.038193, var: 0.000540","mean: 0.067429, var: 0.001061","mean: 0.098038, var: 0.002035","mean: 0.107434, var: 0.003145","mean: 0.016221, var: 0.000420",2.8054910832407156,High
ENSP00000392629,"mean: 0.395605, var: 0.008435","mean: 0.259399, var: 0.001440","mean: 0.133691, var: 0.000093","mean: 0.773438, var: 0.003354","mean: 0.310962, var: 0.004575","mean: 0.366553, var: 0.001636","mean: 0.009396, var: 0.000098","mean: 0.266650, var: 0.009067","mean: 0.192334, var: 0.001057","mean: 0.229321, var: 0.002666","mean: 0.039714, var: 0.000806",3.0949284173112437,High
ENSP00000371061,"mean: 0.210828, var: 0.002977","mean: 0.571094, var: 0.008162","mean: 0.551367, var: 0.000821","mean: 0.117963, var: 0.000973","mean: 0.175891, var: 0.003105","mean: 0.227393, var: 0.011465","mean: 0.011402, var: 0.000148","mean: 0.265088, var: 0.005122","mean: 0.259912, var: 0.002038","mean: 0.274512, var: 0.004507","mean: 0.067223, var: 0.004378",3.1605190926721027,High
ENSP00000265164,"mean: 0.196924, var: 0.001155","mean: 0.675586, var: 0.001553","mean: 0.560205, var: 0.004182","mean: 0.265625, var: 0.009965","mean: 0.243848, var: 0.004356","mean: 0.416406, var: 0.006583","mean: 0.012814, var: 0.000193","mean: 0.180371, var: 0.004271","mean: 0.289111, var: 0.013541","mean: 0.212280, var: 0.000405","mean: 0.026503, var: 0.000975",3.119366121416244,High
ENSP00000438605,"mean: 0.270288, var: 0.007023","mean: 0.427832, var: 0.002524","mean: 0.208276, var: 0.003201","mean: 0.722168, var: 0.003379","mean: 0.316187, var: 0.008289","mean: 0.307935, var: 0.002854","mean: 0.004567, var: 0.000018","mean: 0.225488, var: 0.001169","mean: 0.199072, var: 0.004022","mean: 0.319922, var: 0.004176","mean: 0.036664, var: 0.000830",3.1730544278303374,High
ENSP00000429225,"mean: 0.570703, var: 0.003935","mean: 0.663867, var: 0.002181","mean: 0.256958, var: 0.004876","mean: 0.033411, var: 0.000146","mean: 0.372412, var: 0.002201","mean: 0.719141, var: 0.010743","mean: 0.029188, var: 0.000357","mean: 0.524902, var: 0.014954","mean: 0.506494, var: 0.012055","mean: 0.673340, var: 0.007191","mean: 0.437805, var: 0.031098",3.073682284554879,High
ENSP00000420452,"mean: 0.197681, var: 0.002244","mean: 0.242383, var: 0.002086","mean: 0.183923, var: 0.002933","mean: 0.824316, var: 0.001208","mean: 0.218091, var: 0.001614","mean: 0.204309, var: 0.008427","mean: 0.015276, var: 0.000384","mean: 0.255249, var: 0.008004","mean: 0.187756, var: 0.004193","mean: 0.288599, var: 0.002726","mean: 0.049298, var: 0.001412",3.024739103576429,High
ENSP00000413666,"mean: 0.208569, var: 0.001173","mean: 0.429883, var: 0.001212","mean: 0.660547, var: 0.001599","mean: 0.106348, var: 0.005502","mean: 0.149731, var: 0.003985","mean: 0.187872, var: 0.008549","mean: 0.015195, var: 0.000227","mean: 0.066949, var: 0.000230","mean: 0.139136, var: 0.001265","mean: 0.132471, var: 0.001052","mean: 0.088138, var: 0.003809",2.801456034059887,High
ENSP00000448029,"mean: 0.743555, var: 0.004587","mean: 0.255786, var: 0.000083","mean: 0.150464, var: 0.000198","mean: 0.230493, var: 0.006399","mean: 0.648926, var: 0.002501","mean: 0.174243, var: 0.001966","mean: 0.007568, var: 0.000033","mean: 0.397803, var: 0.003100","mean: 0.547559, var: 0.010351","mean: 0.442090, var: 0.001700","mean: 0.092261, var: 0.001044",3.091546199592015,High
ENSP00000443578,"mean: 0.232446, var: 0.001611","mean: 0.439795, var: 0.004800","mean: 0.396729, var: 0.003468","mean: 0.228088, var: 0.006353","mean: 0.107031, var: 0.000982","mean: 0.425342, var: 0.010682","mean: 0.021271, var: 0.000490","mean: 0.223633, var: 0.005225","mean: 0.087091, var: 0.003098","mean: 0.222021, var: 0.004663","mean: 0.052624, var: 0.004228",3.1256223802023806,High
ENSP00000362691,"mean: 0.174072, var: 0.002815","mean: 0.549072, var: 0.005085","mean: 0.477832, var: 0.022912","mean: 0.071478, var: 0.001061","mean: 0.141797, var: 0.006277","mean: 0.203235, var: 0.003979","mean: 0.050043, var: 0.000699","mean: 0.149536, var: 0.004921","mean: 0.275708, var: 0.010560","mean: 0.159155, var: 0.004267","mean: 0.121951, var: 0.002769",3.114144405166796,High
ENSP00000499274,"mean: 0.175269, var: 0.000472","mean: 0.406348, var: 0.002357","mean: 0.589063, var: 0.003488","mean: 0.281299, var: 0.011229","mean: 0.110095, var: 0.001066","mean: 0.302612, var: 0.010410","mean: 0.184290, var: 0.010865","mean: 0.301709, var: 0.004923","mean: 0.139233, var: 0.000811","mean: 0.361890, var: 0.008817","mean: 0.050719, var: 0.005671",3.4110842650712687,High
ENSP00000453021,"mean: 0.400000, var: 0.008463","mean: 0.614844, var: 0.002797","mean: 0.318604, var: 0.000471","mean: 0.098730, var: 0.002504","mean: 0.429102, var: 0.004377","mean: 0.258813, var: 0.003935","mean: 0.013082, var: 0.000042","mean: 0.175537, var: 0.001527","mean: 0.285425, var: 0.005542","mean: 0.177307, var: 0.001796","mean: 0.074243, var: 0.001247",3.191245997447528,High
ENSP00000356374,"mean: 0.170459, var: 0.008326","mean: 0.574951, var: 0.005317","mean: 0.578467, var: 0.010627","mean: 0.039005, var: 0.000543","mean: 0.126990, var: 0.002203","mean: 0.119766, var: 0.003386","mean: 0.076658, var: 0.003469","mean: 0.176697, var: 0.004019","mean: 0.331665, var: 0.006812","mean: 0.349341, var: 0.017639","mean: 0.260562, var: 0.024547",3.1662415107483524,High
ENSP00000507343,"mean: 0.288208, var: 0.002487","mean: 0.639160, var: 0.008599","mean: 0.498584, var: 0.002418","mean: 0.069293, var: 0.002322","mean: 0.173901, var: 0.001038","mean: 0.272559, var: 0.006885","mean: 0.004651, var: 0.000028","mean: 0.308423, var: 0.014687","mean: 0.349170, var: 0.010584","mean: 0.254590, var: 0.000201","mean: 0.123180, var: 0.010754",3.196539521635426,High
ENSP00000415689,"mean: 0.131030, var: 0.000441","mean: 0.548877, var: 0.010084","mean: 0.550684, var: 0.004312","mean: 0.179675, var: 0.003120","mean: 0.124158, var: 0.001433","mean: 0.130988, var: 0.002734","mean: 0.037071, var: 0.001259","mean: 0.135498, var: 0.002296","mean: 0.172510, var: 0.006202","mean: 0.319482, var: 0.005718","mean: 0.027396, var: 0.000786",2.9170238708922236,High
ENSP00000357919,"mean: 0.228406, var: 0.006106","mean: 0.268896, var: 0.001900","mean: 0.230847, var: 0.011910","mean: 0.098691, var: 0.006773","mean: 0.048361, var: 0.001093","mean: 0.424268, var: 0.012083","mean: 0.198807, var: 0.022470","mean: 0.587500, var: 0.007058","mean: 0.228125, var: 0.000457","mean: 0.283032, var: 0.039178","mean: 0.801172, var: 0.012726",3.273284098790815,High
ENSP00000430243,"mean: 0.150989, var: 0.002663","mean: 0.647656, var: 0.008986","mean: 0.562939, var: 0.006184","mean: 0.127930, var: 0.000972","mean: 0.061682, var: 0.000312","mean: 0.270081, var: 0.009975","mean: 0.096866, var: 0.003912","mean: 0.212598, var: 0.006002","mean: 0.153931, var: 0.003686","mean: 0.260584, var: 0.011724","mean: 0.130174, var: 0.012335",3.1378779758306354,High
ENSP00000343717,"mean: 0.297070, var: 0.001697","mean: 0.509814, var: 0.006368","mean: 0.298071, var: 0.012310","mean: 0.222229, var: 0.010168","mean: 0.112976, var: 0.000489","mean: 0.556543, var: 0.011601","mean: 0.125912, var: 0.006997","mean: 0.292627, var: 0.012306","mean: 0.290405, var: 0.004976","mean: 0.372803, var: 0.001250","mean: 0.621338, var: 0.032577",3.614691856658751,High
ENSP00000401085,"mean: 0.280371, var: 0.012927","mean: 0.734766, var: 0.006865","mean: 0.427051, var: 0.003323","mean: 0.128072, var: 0.006367","mean: 0.361377, var: 0.014626","mean: 0.340796, var: 0.016010","mean: 0.008434, var: 0.000055","mean: 0.151721, var: 0.005057","mean: 0.130974, var: 0.005202","mean: 0.152441, var: 0.001270","mean: 0.212311, var: 0.028497",3.152606939608706,High
ENSP00000363055,"mean: 0.144116, var: 0.001222","mean: 0.605469, var: 0.007123","mean: 0.438574, var: 0.001376","mean: 0.154334, var: 0.006574","mean: 0.154749, var: 0.001074","mean: 0.366553, var: 0.003550","mean: 0.003459, var: 0.000014","mean: 0.143225, var: 0.000488","mean: 0.179980, var: 0.001194","mean: 0.196606, var: 0.003842","mean: 0.058761, var: 0.003509",2.982398745414462,High
ENSP00000463927,"mean: 0.755762, var: 0.006371","mean: 0.214185, var: 0.000400","mean: 0.124524, var: 0.000016","mean: 0.304297, var: 0.015363","mean: 0.778516, var: 0.013118","mean: 0.107098, var: 0.001480","mean: 0.008156, var: 0.000032","mean: 0.303174, var: 0.001212","mean: 0.260010, var: 0.001723","mean: 0.304419, var: 0.003308","mean: 0.052167, var: 0.000790",2.86471346075892,High
ENSP00000225576,"mean: 0.617188, var: 0.006165","mean: 0.263452, var: 0.001216","mean: 0.313623, var: 0.000883","mean: 0.083557, var: 0.002619","mean: 0.184204, var: 0.000059","mean: 0.261133, var: 0.002630","mean: 0.064564, var: 0.002826","mean: 0.554541, var: 0.005841","mean: 0.287793, var: 0.005242","mean: 0.517236, var: 0.007791","mean: 0.120532, var: 0.004740",3.340925905794557,High
ENSP00000264468,"mean: 0.312842, var: 0.003109","mean: 0.245435, var: 0.002351","mean: 0.160278, var: 0.003520","mean: 0.715234, var: 0.005437","mean: 0.368555, var: 0.004713","mean: 0.109253, var: 0.001978","mean: 0.015602, var: 0.000034","mean: 0.276294, var: 0.007024","mean: 0.169702, var: 0.001103","mean: 0.242383, var: 0.000936","mean: 0.018774, var: 0.000404",2.9906872254790193,High
ENSP00000504884,"mean: 0.289258, var: 0.004930","mean: 0.694141, var: 0.004239","mean: 0.441895, var: 0.003333","mean: 0.115460, var: 0.002562","mean: 0.299658, var: 0.005040","mean: 0.196985, var: 0.004270","mean: 0.003893, var: 0.000020","mean: 0.208545, var: 0.003288","mean: 0.379395, var: 0.001800","mean: 0.410400, var: 0.005878","mean: 0.060556, var: 0.002425",3.155057312310568,High
ENSP00000480322,"mean: 0.753418, var: 0.003593","mean: 0.105530, var: 0.000168","mean: 0.094495, var: 0.001432","mean: 0.357324, var: 0.013341","mean: 0.644922, var: 0.003899","mean: 0.223901, var: 0.002188","mean: 0.031900, var: 0.000123","mean: 0.128430, var: 0.000664","mean: 0.332153, var: 0.004753","mean: 0.142493, var: 0.003609","mean: 0.086423, var: 0.002582",2.8880694901564525,High
ENSP00000494695,"mean: 0.121399, var: 0.000077","mean: 0.389404, var: 0.004087","mean: 0.723047, var: 0.005112","mean: 0.158136, var: 0.006877","mean: 0.086938, var: 0.000147","mean: 0.408350, var: 0.002975","mean: 0.077481, var: 0.002437","mean: 0.144385, var: 0.000536","mean: 0.226257, var: 0.016074","mean: 0.160547, var: 0.003989","mean: 0.100481, var: 0.005792",3.065842638572037,High
ENSP00000361338,"mean: 0.826367, var: 0.004951","mean: 0.142749, var: 0.000220","mean: 0.102356, var: 0.000148","mean: 0.104434, var: 0.005455","mean: 0.447314, var: 0.011505","mean: 0.251001, var: 0.007396","mean: 0.036188, var: 0.000465","mean: 0.643359, var: 0.010711","mean: 0.173169, var: 0.003381","mean: 0.367041, var: 0.001380","mean: 0.072001, var: 0.003360",2.8763745436299435,High
ENSP00000357932,"mean: 0.203149, var: 0.000277","mean: 0.643750, var: 0.009239","mean: 0.445850, var: 0.005376","mean: 0.091931, var: 0.003266","mean: 0.175049, var: 0.000862","mean: 0.355176, var: 0.007670","mean: 0.031389, var: 0.000746","mean: 0.110229, var: 0.000829","mean: 0.271875, var: 0.003623","mean: 0.291504, var: 0.006806","mean: 0.109940, var: 0.005447",3.167472549783999,High
ENSP00000309973,"mean: 0.167944, var: 0.000743","mean: 0.535840, var: 0.003257","mean: 0.515674, var: 0.002793","mean: 0.235913, var: 0.007059","mean: 0.173657, var: 0.001180","mean: 0.223193, var: 0.007142","mean: 0.118958, var: 0.009658","mean: 0.183118, var: 0.002902","mean: 0.107007, var: 0.000170","mean: 0.134546, var: 0.000595","mean: 0.098776, var: 0.005090",3.256752259867064,High
ENSP00000307508,"mean: 0.509131, var: 0.015246","mean: 0.546777, var: 0.003194","mean: 0.386084, var: 0.002879","mean: 0.063193, var: 0.001805","mean: 0.500830, var: 0.007498","mean: 0.076547, var: 0.002145","mean: 0.030396, var: 0.000212","mean: 0.233704, var: 0.004815","mean: 0.203113, var: 0.004542","mean: 0.253882, var: 0.014093","mean: 0.041725, var: 0.002808",3.0090372274053028,High
ENSP00000280056,"mean: 0.297021, var: 0.001594","mean: 0.469971, var: 0.008715","mean: 0.480908, var: 0.003331","mean: 0.256592, var: 0.005595","mean: 0.110168, var: 0.000888","mean: 0.547510, var: 0.004724","mean: 0.066354, var: 0.002612","mean: 0.214343, var: 0.005078","mean: 0.120984, var: 0.002278","mean: 0.177222, var: 0.005962","mean: 0.301971, var: 0.021772",3.423245903002533,High
ENSP00000436775,"mean: 0.214502, var: 0.000962","mean: 0.530371, var: 0.005099","mean: 0.497119, var: 0.001892","mean: 0.102563, var: 0.003680","mean: 0.205786, var: 0.002880","mean: 0.480127, var: 0.005749","mean: 0.018189, var: 0.000235","mean: 0.240601, var: 0.003857","mean: 0.233447, var: 0.002671","mean: 0.156653, var: 0.001353","mean: 0.253439, var: 0.020299",3.3187137121592496,High
ENSP00000407970,"mean: 0.195972, var: 0.003282","mean: 0.618555, var: 0.007416","mean: 0.299756, var: 0.002806","mean: 0.159262, var: 0.005804","mean: 0.228540, var: 0.006188","mean: 0.469141, var: 0.019526","mean: 0.022126, var: 0.000774","mean: 0.313550, var: 0.023334","mean: 0.180225, var: 0.003995","mean: 0.214111, var: 0.012616","mean: 0.629980, var: 0.028772",3.3405642623125544,High
ENSP00000497159,"mean: 0.097034, var: 0.001583","mean: 0.414648, var: 0.006724","mean: 0.511768, var: 0.005097","mean: 0.176208, var: 0.009150","mean: 0.044653, var: 0.000483","mean: 0.331494, var: 0.013991","mean: 0.070546, var: 0.006026","mean: 0.176392, var: 0.002071","mean: 0.107007, var: 0.002005","mean: 0.289526, var: 0.007932","mean: 0.105783, var: 0.005016",3.0736943200693636,High
ENSP00000427754,"mean: 0.402002, var: 0.005535","mean: 0.608643, var: 0.005699","mean: 0.386377, var: 0.007136","mean: 0.113406, var: 0.005358","mean: 0.321973, var: 0.002556","mean: 0.435840, var: 0.002887","mean: 0.016357, var: 0.000295","mean: 0.171899, var: 0.004360","mean: 0.399438, var: 0.022473","mean: 0.258325, var: 0.001493","mean: 0.028617, var: 0.000321",3.197555656570181,High
ENSP00000309023,"mean: 0.621729, var: 0.016875","mean: 0.406543, var: 0.000330","mean: 0.398779, var: 0.001935","mean: 0.027576, var: 0.000254","mean: 0.574463, var: 0.028421","mean: 0.261621, var: 0.002586","mean: 0.040004, var: 0.000774","mean: 0.113831, var: 0.000923","mean: 0.425244, var: 0.009173","mean: 0.434180, var: 0.008751","mean: 0.153577, var: 0.002894",3.185976212529206,High
ENSP00000484054,"mean: 0.336719, var: 0.001482","mean: 0.697656, var: 0.002187","mean: 0.204895, var: 0.003440","mean: 0.115564, var: 0.001532","mean: 0.272754, var: 0.005443","mean: 0.159851, var: 0.003579","mean: 0.010534, var: 0.000153","mean: 0.170947, var: 0.001240","mean: 0.404980, var: 0.003703","mean: 0.615820, var: 0.003786","mean: 0.024648, var: 0.000379",2.94515012639255,High
ENSP00000411565,"mean: 0.305908, var: 0.000950","mean: 0.416992, var: 0.010220","mean: 0.546191, var: 0.003515","mean: 0.221777, var: 0.003884","mean: 0.127466, var: 0.002049","mean: 0.495605, var: 0.003992","mean: 0.088246, var: 0.002510","mean: 0.161700, var: 0.004754","mean: 0.087946, var: 0.000963","mean: 0.170129, var: 0.004203","mean: 0.248212, var: 0.016446",3.3717471349434565,High
ENSP00000366235,"mean: 0.228955, var: 0.002001","mean: 0.564746, var: 0.011503","mean: 0.399414, var: 0.001184","mean: 0.092236, var: 0.002997","mean: 0.157092, var: 0.000742","mean: 0.262305, var: 0.010774","mean: 0.011164, var: 0.000061","mean: 0.190393, var: 0.002436","mean: 0.290918, var: 0.001800","mean: 0.225659, var: 0.008682","mean: 0.100528, var: 0.002963",3.1804852956129577,High
ENSP00000434982,"mean: 0.227954, var: 0.000658","mean: 0.656250, var: 0.001940","mean: 0.572217, var: 0.013797","mean: 0.015247, var: 0.000149","mean: 0.299951, var: 0.001461","mean: 0.190833, var: 0.017157","mean: 0.019666, var: 0.000232","mean: 0.413379, var: 0.005130","mean: 0.169934, var: 0.004791","mean: 0.181018, var: 0.013950","mean: 0.167957, var: 0.047028",3.0266150987613454,High
ENSP00000448952,"mean: 0.273462, var: 0.002891","mean: 0.729590, var: 0.005391","mean: 0.341333, var: 0.003224","mean: 0.150977, var: 0.002588","mean: 0.259619, var: 0.006225","mean: 0.148828, var: 0.002054","mean: 0.006637, var: 0.000040","mean: 0.108142, var: 0.001558","mean: 0.368994, var: 0.008952","mean: 0.254565, var: 0.003468","mean: 0.038540, var: 0.000911",2.986034298214068,High
ENSP00000331268,"mean: 0.198145, var: 0.001264","mean: 0.649023, var: 0.001175","mean: 0.541602, var: 0.006333","mean: 0.069714, var: 0.000496","mean: 0.253540, var: 0.001457","mean: 0.186731, var: 0.002951","mean: 0.054431, var: 0.001881","mean: 0.128284, var: 0.002133","mean: 0.140588, var: 0.004063","mean: 0.194263, var: 0.003861","mean: 0.041899, var: 0.002855",2.9293018731864318,High
ENSP00000281703,"mean: 0.238452, var: 0.008463","mean: 0.655078, var: 0.005380","mean: 0.400439, var: 0.008780","mean: 0.335620, var: 0.015674","mean: 0.185083, var: 0.002662","mean: 0.356250, var: 0.005860","mean: 0.073428, var: 0.000816","mean: 0.231958, var: 0.003482","mean: 0.181067, var: 0.002020","mean: 0.260742, var: 0.009544","mean: 0.059758, var: 0.003894",3.390735928125336,High
ENSP00000501353,"mean: 0.177747, var: 0.001097","mean: 0.588867, var: 0.002867","mean: 0.491748, var: 0.009450","mean: 0.067706, var: 0.001987","mean: 0.162720, var: 0.001064","mean: 0.175684, var: 0.002523","mean: 0.005814, var: 0.000044","mean: 0.117444, var: 0.001817","mean: 0.139966, var: 0.002803","mean: 0.195776, var: 0.001214","mean: 0.076489, var: 0.000769",2.823779385578975,High
ENSP00000428838,"mean: 0.186670, var: 0.000761","mean: 0.551758, var: 0.003370","mean: 0.727539, var: 0.001376","mean: 0.129968, var: 0.000403","mean: 0.154114, var: 0.001237","mean: 0.115332, var: 0.001328","mean: 0.059782, var: 0.003685","mean: 0.140906, var: 0.000668","mean: 0.143445, var: 0.000589","mean: 0.166809, var: 0.004076","mean: 0.050314, var: 0.004648",2.847569712052553,High
ENSP00000349709,"mean: 0.581787, var: 0.008716","mean: 0.285083, var: 0.000696","mean: 0.144336, var: 0.000146","mean: 0.399121, var: 0.010969","mean: 0.622363, var: 0.003626","mean: 0.157739, var: 0.001168","mean: 0.003943, var: 0.000011","mean: 0.473145, var: 0.002385","mean: 0.349829, var: 0.004674","mean: 0.241577, var: 0.002447","mean: 0.051840, var: 0.000644",3.1452624838136565,High
ENSP00000166139,"mean: 0.259790, var: 0.002943","mean: 0.242163, var: 0.000299","mean: 0.122021, var: 0.000267","mean: 0.902637, var: 0.000343","mean: 0.306567, var: 0.003771","mean: 0.209375, var: 0.006705","mean: 0.007179, var: 0.000026","mean: 0.239697, var: 0.000370","mean: 0.380518, var: 0.007058","mean: 0.377051, var: 0.011831","mean: 0.024049, var: 0.000176",2.9354715921958525,High
ENSP00000476193,"mean: 0.323926, var: 0.018042","mean: 0.672461, var: 0.002725","mean: 0.164429, var: 0.000296","mean: 0.383203, var: 0.018342","mean: 0.247253, var: 0.025852","mean: 0.454883, var: 0.005387","mean: 0.099152, var: 0.006001","mean: 0.347119, var: 0.010307","mean: 0.289429, var: 0.010149","mean: 0.259668, var: 0.002854","mean: 0.110635, var: 0.011506",3.549171618012273,High
ENSP00000467433,"mean: 0.313672, var: 0.013112","mean: 0.572021, var: 0.015045","mean: 0.370483, var: 0.013952","mean: 0.047059, var: 0.001480","mean: 0.504858, var: 0.066338","mean: 0.258350, var: 0.013672","mean: 0.021039, var: 0.001040","mean: 0.071188, var: 0.001865","mean: 0.162817, var: 0.005213","mean: 0.120935, var: 0.007127","mean: 0.082613, var: 0.004613",2.9159753174761938,High
ENSP00000417520,"mean: 0.192773, var: 0.001264","mean: 0.176733, var: 0.002293","mean: 0.109277, var: 0.001193","mean: 0.755566, var: 0.005582","mean: 0.236670, var: 0.002025","mean: 0.151526, var: 0.004484","mean: 0.020412, var: 0.000057","mean: 0.506689, var: 0.015874","mean: 0.310059, var: 0.004715","mean: 0.291064, var: 0.001064","mean: 0.008910, var: 0.000062",2.892627714933811,High
ENSP00000375397,"mean: 0.185229, var: 0.001094","mean: 0.481299, var: 0.000491","mean: 0.611328, var: 0.002970","mean: 0.128113, var: 0.002825","mean: 0.201782, var: 0.001539","mean: 0.277417, var: 0.003823","mean: 0.017439, var: 0.000325","mean: 0.162329, var: 0.000438","mean: 0.129419, var: 0.000363","mean: 0.133533, var: 0.000986","mean: 0.052933, var: 0.001634",2.961844608213375,High
ENSP00000497242,"mean: 0.120642, var: 0.001257","mean: 0.460156, var: 0.004628","mean: 0.369531, var: 0.002357","mean: 0.733594, var: 0.006322","mean: 0.190967, var: 0.002217","mean: 0.306714, var: 0.006658","mean: 0.059829, var: 0.004449","mean: 0.113031, var: 0.002913","mean: 0.091376, var: 0.001601","mean: 0.125269, var: 0.002141","mean: 0.097308, var: 0.003749",3.006611291813969,High
ENSP00000259699,"mean: 0.677246, var: 0.006385","mean: 0.273242, var: 0.000389","mean: 0.104883, var: 0.000026","mean: 0.378955, var: 0.014650","mean: 0.744531, var: 0.006955","mean: 0.136963, var: 0.001844","mean: 0.004780, var: 0.000011","mean: 0.364502, var: 0.001676","mean: 0.438135, var: 0.009850","mean: 0.297314, var: 0.004731","mean: 0.075403, var: 0.000607",3.0250902342777928,High
ENSP00000427883,"mean: 0.244360, var: 0.002908","mean: 0.211792, var: 0.001084","mean: 0.146606, var: 0.001890","mean: 0.773438, var: 0.007294","mean: 0.175000, var: 0.000609","mean: 0.139465, var: 0.002531","mean: 0.035806, var: 0.000416","mean: 0.279712, var: 0.004606","mean: 0.249561, var: 0.005470","mean: 0.340576, var: 0.008770","mean: 0.014348, var: 0.000119",2.9827222319661706,High
ENSP00000378638,"mean: 0.336572, var: 0.011196","mean: 0.466260, var: 0.006147","mean: 0.431738, var: 0.001710","mean: 0.341589, var: 0.016636","mean: 0.179688, var: 0.002171","mean: 0.665918, var: 0.004264","mean: 0.027291, var: 0.000931","mean: 0.341357, var: 0.005496","mean: 0.238184, var: 0.002805","mean: 0.350854, var: 0.003041","mean: 0.277539, var: 0.009303",3.561147158179205,High
ENSP00000364373,"mean: 0.202979, var: 0.001297","mean: 0.447607, var: 0.004269","mean: 0.419775, var: 0.004870","mean: 0.449805, var: 0.003621","mean: 0.143652, var: 0.000367","mean: 0.424902, var: 0.004123","mean: 0.172314, var: 0.002919","mean: 0.164600, var: 0.002586","mean: 0.261719, var: 0.007740","mean: 0.304395, var: 0.003247","mean: 0.164075, var: 0.011868",3.6590628684834767,High
ENSP00000345674,"mean: 0.247119, var: 0.003681","mean: 0.543750, var: 0.007506","mean: 0.362671, var: 0.010335","mean: 0.114813, var: 0.002778","mean: 0.229126, var: 0.003379","mean: 0.160071, var: 0.014579","mean: 0.014115, var: 0.000323","mean: 0.171118, var: 0.003214","mean: 0.163678, var: 0.010504","mean: 0.142967, var: 0.021573","mean: 0.624170, var: 0.094603",3.1547119641148713,High
ENSP00000290330,"mean: 0.284302, var: 0.003528","mean: 0.539111, var: 0.005661","mean: 0.448389, var: 0.007545","mean: 0.074640, var: 0.000267","mean: 0.102057, var: 0.001499","mean: 0.111993, var: 0.005260","mean: 0.022622, var: 0.000273","mean: 0.149646, var: 0.002222","mean: 0.397314, var: 0.003423","mean: 0.539990, var: 0.022538","mean: 0.029369, var: 0.001004",2.8951507925800164,High
ENSP00000343134,"mean: 0.199487, var: 0.005305","mean: 0.399463, var: 0.002907","mean: 0.509106, var: 0.017699","mean: 0.056981, var: 0.001366","mean: 0.170410, var: 0.004732","mean: 0.167059, var: 0.020141","mean: 0.045609, var: 0.002402","mean: 0.139709, var: 0.002675","mean: 0.201135, var: 0.011410","mean: 0.153903, var: 0.024015","mean: 0.504230, var: 0.081290",3.167223783782185,High
ENSP00000313776,"mean: 0.669043, var: 0.006133","mean: 0.274951, var: 0.000393","mean: 0.110706, var: 0.000075","mean: 0.360596, var: 0.015515","mean: 0.744824, var: 0.007486","mean: 0.113245, var: 0.001501","mean: 0.004796, var: 0.000012","mean: 0.344385, var: 0.001470","mean: 0.449121, var: 0.011694","mean: 0.277563, var: 0.003644","mean: 0.069373, var: 0.000765",2.994541839480314,High
ENSP00000341125,"mean: 0.216174, var: 0.005347","mean: 0.421777, var: 0.007329","mean: 0.461279, var: 0.000724","mean: 0.427173, var: 0.016614","mean: 0.230469, var: 0.004333","mean: 0.398389, var: 0.006590","mean: 0.003466, var: 0.000020","mean: 0.203760, var: 0.002722","mean: 0.199805, var: 0.003927","mean: 0.086169, var: 0.002853","mean: 0.046005, var: 0.001203",3.138803509238355,High
ENSP00000258301,"mean: 0.847852, var: 0.001245","mean: 0.202637, var: 0.001043","mean: 0.123560, var: 0.000560","mean: 0.064822, var: 0.003104","mean: 0.443506, var: 0.004832","mean: 0.279468, var: 0.007079","mean: 0.014671, var: 0.000235","mean: 0.322778, var: 0.003035","mean: 0.593262, var: 0.002287","mean: 0.587012, var: 0.010139","mean: 0.155933, var: 0.000416",2.9551852098671225,High
ENSP00000455091,"mean: 0.279541, var: 0.005752","mean: 0.634180, var: 0.007578","mean: 0.519824, var: 0.010341","mean: 0.039359, var: 0.000358","mean: 0.236670, var: 0.001698","mean: 0.217432, var: 0.007575","mean: 0.012764, var: 0.000054","mean: 0.202246, var: 0.001169","mean: 0.098257, var: 0.009578","mean: 0.226099, var: 0.010457","mean: 0.035300, var: 0.002490",2.8464694706548133,High
ENSP00000420052,"mean: 0.758496, var: 0.002465","mean: 0.171948, var: 0.000757","mean: 0.200439, var: 0.000226","mean: 0.058130, var: 0.001479","mean: 0.146338, var: 0.000781","mean: 0.470703, var: 0.008418","mean: 0.034898, var: 0.000282","mean: 0.708203, var: 0.003886","mean: 0.236597, var: 0.003274","mean: 0.450635, var: 0.008428","mean: 0.198633, var: 0.011003",3.0185735343900344,High
ENSP00000383626,"mean: 0.371973, var: 0.000909","mean: 0.708496, var: 0.001029","mean: 0.253784, var: 0.002936","mean: 0.211621, var: 0.007613","mean: 0.523682, var: 0.002523","mean: 0.207764, var: 0.001918","mean: 0.007379, var: 0.000030","mean: 0.196191, var: 0.001672","mean: 0.263916, var: 0.003646","mean: 0.277393, var: 0.006980","mean: 0.013558, var: 0.000241",3.075222182057812,High
ENSP00000380612,"mean: 0.224658, var: 0.003376","mean: 0.646436, var: 0.014191","mean: 0.505225, var: 0.002097","mean: 0.229297, var: 0.005051","mean: 0.199426, var: 0.007323","mean: 0.410864, var: 0.023485","mean: 0.062438, var: 0.002075","mean: 0.212085, var: 0.003589","mean: 0.092401, var: 0.001295","mean: 0.240405, var: 0.003616","mean: 0.104074, var: 0.015324",3.2874170985491364,High
ENSP00000378580,"mean: 0.328857, var: 0.002451","mean: 0.469824, var: 0.003419","mean: 0.390625, var: 0.002191","mean: 0.412549, var: 0.003276","mean: 0.227173, var: 0.002692","mean: 0.490820, var: 0.003639","mean: 0.029572, var: 0.000398","mean: 0.326904, var: 0.000495","mean: 0.326709, var: 0.008882","mean: 0.379541, var: 0.003902","mean: 0.113574, var: 0.004836",3.588949591370917,High
ENSP00000507949,"mean: 0.251489, var: 0.003545","mean: 0.462549, var: 0.005334","mean: 0.348706, var: 0.007058","mean: 0.404687, var: 0.001693","mean: 0.084598, var: 0.001537","mean: 0.597266, var: 0.001129","mean: 0.185217, var: 0.004089","mean: 0.166870, var: 0.003985","mean: 0.191064, var: 0.003811","mean: 0.172656, var: 0.007107","mean: 0.278552, var: 0.022056",3.5406476207156183,High
ENSP00000489978,"mean: 0.169324, var: 0.001483","mean: 0.572168, var: 0.004482","mean: 0.610449, var: 0.002125","mean: 0.259424, var: 0.002453","mean: 0.264136, var: 0.003349","mean: 0.344141, var: 0.002377","mean: 0.028477, var: 0.000721","mean: 0.171021, var: 0.000253","mean: 0.085626, var: 0.001041","mean: 0.112482, var: 0.001249","mean: 0.099512, var: 0.001607",3.0794292340167755,High
ENSP00000483433,"mean: 0.405566, var: 0.002142","mean: 0.381543, var: 0.008929","mean: 0.396191, var: 0.011072","mean: 0.449854, var: 0.025288","mean: 0.124884, var: 0.002097","mean: 0.343677, var: 0.009833","mean: 0.026119, var: 0.001022","mean: 0.376514, var: 0.009355","mean: 0.120929, var: 0.002201","mean: 0.286963, var: 0.011135","mean: 0.100694, var: 0.008621",3.394544501923799,High
ENSP00000480632,"mean: 0.228882, var: 0.005317","mean: 0.349414, var: 0.006122","mean: 0.440869, var: 0.020844","mean: 0.143774, var: 0.009152","mean: 0.108929, var: 0.003056","mean: 0.359033, var: 0.021649","mean: 0.022342, var: 0.000756","mean: 0.383984, var: 0.018471","mean: 0.196289, var: 0.003993","mean: 0.242834, var: 0.044222","mean: 0.129419, var: 0.003734",3.334482969355069,High
ENSP00000430870,"mean: 0.257690, var: 0.000256","mean: 0.499268, var: 0.002625","mean: 0.495117, var: 0.001594","mean: 0.246985, var: 0.005758","mean: 0.224829, var: 0.004041","mean: 0.382812, var: 0.012077","mean: 0.030752, var: 0.000769","mean: 0.295557, var: 0.005860","mean: 0.152808, var: 0.002464","mean: 0.246240, var: 0.005748","mean: 0.174902, var: 0.006443",3.4972069404752784,High
ENSP00000383625,"mean: 0.342529, var: 0.000768","mean: 0.713086, var: 0.001383","mean: 0.263477, var: 0.002758","mean: 0.234875, var: 0.008630","mean: 0.506104, var: 0.002658","mean: 0.203589, var: 0.001958","mean: 0.008844, var: 0.000048","mean: 0.175977, var: 0.001581","mean: 0.244312, var: 0.003309","mean: 0.265039, var: 0.007108","mean: 0.012913, var: 0.000229",3.0684818303370767,High
ENSP00000300145,"mean: 0.260547, var: 0.001101","mean: 0.437842, var: 0.006447","mean: 0.285547, var: 0.001271","mean: 0.748437, var: 0.003201","mean: 0.161987, var: 0.001987","mean: 0.487939, var: 0.011992","mean: 0.043324, var: 0.001464","mean: 0.307910, var: 0.007361","mean: 0.212695, var: 0.005705","mean: 0.200793, var: 0.003969","mean: 0.293994, var: 0.004691",3.4419911396763196,High
ENSP00000259030,"mean: 0.489111, var: 0.009804","mean: 0.268359, var: 0.000397","mean: 0.383789, var: 0.000355","mean: 0.277612, var: 0.010195","mean: 0.198169, var: 0.000885","mean: 0.333008, var: 0.004943","mean: 0.018697, var: 0.000124","mean: 0.542383, var: 0.009813","mean: 0.294287, var: 0.009619","mean: 0.292676, var: 0.000668","mean: 0.118530, var: 0.002023",3.4916267327810497,High
ENSP00000323571,"mean: 0.396191, var: 0.007902","mean: 0.287622, var: 0.001691","mean: 0.275391, var: 0.000509","mean: 0.428955, var: 0.017659","mean: 0.141357, var: 0.001453","mean: 0.444434, var: 0.010549","mean: 0.126263, var: 0.002319","mean: 0.344360, var: 0.004267","mean: 0.147668, var: 0.001247","mean: 0.212695, var: 0.000916","mean: 0.156396, var: 0.005824",3.610662694466594,High
ENSP00000487380,"mean: 0.381543, var: 0.005376","mean: 0.564404, var: 0.003805","mean: 0.464062, var: 0.006209","mean: 0.011556, var: 0.000065","mean: 0.210840, var: 0.000869","mean: 0.497363, var: 0.020581","mean: 0.068312, var: 0.003660","mean: 0.123486, var: 0.002096","mean: 0.102930, var: 0.000377","mean: 0.161853, var: 0.002780","mean: 0.081199, var: 0.005171",2.9481344077318488,High
ENSP00000430946,"mean: 0.176660, var: 0.000695","mean: 0.431445, var: 0.006852","mean: 0.539941, var: 0.003310","mean: 0.252466, var: 0.007138","mean: 0.122607, var: 0.001330","mean: 0.295435, var: 0.020160","mean: 0.027986, var: 0.001153","mean: 0.232227, var: 0.002061","mean: 0.211011, var: 0.003883","mean: 0.233594, var: 0.001054","mean: 0.106540, var: 0.005653",3.3124449058025327,High
ENSP00000437411,"mean: 0.302979, var: 0.002167","mean: 0.627344, var: 0.004146","mean: 0.278394, var: 0.001171","mean: 0.222815, var: 0.010440","mean: 0.247241, var: 0.004894","mean: 0.216821, var: 0.001078","mean: 0.010268, var: 0.000075","mean: 0.138940, var: 0.004236","mean: 0.342407, var: 0.005390","mean: 0.616016, var: 0.002204","mean: 0.028272, var: 0.001029",3.1092395485322966,High
ENSP00000378493,"mean: 0.299097, var: 0.008276","mean: 0.461768, var: 0.001946","mean: 0.498242, var: 0.000481","mean: 0.185486, var: 0.006172","mean: 0.202368, var: 0.002789","mean: 0.522949, var: 0.009924","mean: 0.013601, var: 0.000154","mean: 0.361084, var: 0.008771","mean: 0.327222, var: 0.025154","mean: 0.338281, var: 0.004322","mean: 0.119678, var: 0.004280",3.4522924900450644,High
ENSP00000343482,"mean: 0.742676, var: 0.004631","mean: 0.215381, var: 0.000435","mean: 0.093970, var: 0.000543","mean: 0.366260, var: 0.003850","mean: 0.739453, var: 0.007546","mean: 0.058173, var: 0.000628","mean: 0.012580, var: 0.000141","mean: 0.354199, var: 0.004161","mean: 0.481934, var: 0.005546","mean: 0.268750, var: 0.007733","mean: 0.059015, var: 0.000627",2.824977566348102,High
ENSP00000494088,"mean: 0.421826, var: 0.008320","mean: 0.534424, var: 0.010448","mean: 0.295117, var: 0.006976","mean: 0.154700, var: 0.007721","mean: 0.262769, var: 0.005319","mean: 0.376758, var: 0.012424","mean: 0.068173, var: 0.003105","mean: 0.226538, var: 0.001966","mean: 0.331079, var: 0.022371","mean: 0.456152, var: 0.005089","mean: 0.185962, var: 0.006208",3.623096892125939,High
ENSP00000389368,"mean: 0.306738, var: 0.001862","mean: 0.528369, var: 0.008860","mean: 0.459180, var: 0.000180","mean: 0.101056, var: 0.004676","mean: 0.198340, var: 0.000366","mean: 0.463281, var: 0.007017","mean: 0.041640, var: 0.001102","mean: 0.322607, var: 0.009771","mean: 0.146606, var: 0.004049","mean: 0.231909, var: 0.002840","mean: 0.028263, var: 0.001424",3.1844339661833363,High
ENSP00000413595,"mean: 0.296631, var: 0.005410","mean: 0.454541, var: 0.002052","mean: 0.561523, var: 0.006803","mean: 0.073343, var: 0.002478","mean: 0.171899, var: 0.000631","mean: 0.277905, var: 0.001340","mean: 0.057324, var: 0.000792","mean: 0.172876, var: 0.000907","mean: 0.283252, var: 0.005695","mean: 0.283179, var: 0.001579","mean: 0.099805, var: 0.006987",3.304991441670714,High
ENSP00000506466,"mean: 0.299414, var: 0.002537","mean: 0.550195, var: 0.005883","mean: 0.437549, var: 0.004503","mean: 0.114954, var: 0.005782","mean: 0.226367, var: 0.002577","mean: 0.357129, var: 0.010239","mean: 0.028474, var: 0.000459","mean: 0.211377, var: 0.002851","mean: 0.157959, var: 0.000408","mean: 0.241016, var: 0.003443","mean: 0.131595, var: 0.005896",3.33530374884896,High
ENSP00000494393,"mean: 0.292773, var: 0.001036","mean: 0.600000, var: 0.001378","mean: 0.477344, var: 0.004383","mean: 0.337964, var: 0.009352","mean: 0.186646, var: 0.003464","mean: 0.332544, var: 0.014939","mean: 0.071848, var: 0.000644","mean: 0.271167, var: 0.009860","mean: 0.355322, var: 0.002894","mean: 0.660645, var: 0.008370","mean: 0.142044, var: 0.007389",3.5269861679818835,High
ENSP00000408819,"mean: 0.367114, var: 0.011060","mean: 0.243896, var: 0.001771","mean: 0.192017, var: 0.001360","mean: 0.601562, var: 0.013164","mean: 0.437061, var: 0.009758","mean: 0.142651, var: 0.003206","mean: 0.004844, var: 0.000024","mean: 0.239819, var: 0.006823","mean: 0.185486, var: 0.004479","mean: 0.208057, var: 0.001171","mean: 0.035785, var: 0.000589",3.1007112782628723,High
ENSP00000345468,"mean: 0.834180, var: 0.003068","mean: 0.183984, var: 0.001819","mean: 0.188013, var: 0.000572","mean: 0.108472, var: 0.000748","mean: 0.705859, var: 0.005300","mean: 0.217944, var: 0.001105","mean: 0.061981, var: 0.000113","mean: 0.378247, var: 0.023292","mean: 0.476709, var: 0.013416","mean: 0.604297, var: 0.016371","mean: 0.018930, var: 0.000362",2.8685328617955395,High
ENSP00000438355,"mean: 0.877832, var: 0.001734","mean: 0.154810, var: 0.001857","mean: 0.066888, var: 0.000127","mean: 0.033940, var: 0.000790","mean: 0.322559, var: 0.007134","mean: 0.878027, var: 0.001347","mean: 0.083380, var: 0.001485","mean: 0.319702, var: 0.007759","mean: 0.343750, var: 0.000677","mean: 0.193445, var: 0.008252","mean: 0.364087, var: 0.020579",2.802541271687211,High
ENSP00000446613,"mean: 0.193481, var: 0.000153","mean: 0.405762, var: 0.007599","mean: 0.392041, var: 0.004302","mean: 0.456689, var: 0.007374","mean: 0.071466, var: 0.000507","mean: 0.493848, var: 0.004179","mean: 0.283838, var: 0.006629","mean: 0.314136, var: 0.017093","mean: 0.193274, var: 0.013547","mean: 0.218286, var: 0.001613","mean: 0.315088, var: 0.022388",3.680812550211527,High
ENSP00000416386,"mean: 0.351025, var: 0.004893","mean: 0.260107, var: 0.000544","mean: 0.191016, var: 0.002072","mean: 0.626563, var: 0.006741","mean: 0.307324, var: 0.003001","mean: 0.332129, var: 0.003148","mean: 0.038031, var: 0.000657","mean: 0.215723, var: 0.004413","mean: 0.217615, var: 0.005714","mean: 0.314209, var: 0.002573","mean: 0.078903, var: 0.002461",3.406782212206053,High
ENSP00000402554,"mean: 0.207104, var: 0.000505","mean: 0.528711, var: 0.007336","mean: 0.538379, var: 0.002008","mean: 0.183948, var: 0.002522","mean: 0.180444, var: 0.000443","mean: 0.370654, var: 0.002848","mean: 0.026628, var: 0.000458","mean: 0.314868, var: 0.010546","mean: 0.109216, var: 0.001024","mean: 0.136938, var: 0.001704","mean: 0.042302, var: 0.002105",3.0930230284906526,High
ENSP00000354921,"mean: 0.140710, var: 0.000397","mean: 0.623340, var: 0.006708","mean: 0.470020, var: 0.004035","mean: 0.231482, var: 0.007316","mean: 0.172314, var: 0.000541","mean: 0.303442, var: 0.008377","mean: 0.009183, var: 0.000078","mean: 0.180713, var: 0.000738","mean: 0.173242, var: 0.000266","mean: 0.241089, var: 0.006654","mean: 0.064494, var: 0.002695",3.1047293237131424,High
ENSP00000248104,"mean: 0.315894, var: 0.002827","mean: 0.607324, var: 0.003283","mean: 0.322998, var: 0.003317","mean: 0.144385, var: 0.002736","mean: 0.205566, var: 0.001687","mean: 0.246143, var: 0.006445","mean: 0.027640, var: 0.000478","mean: 0.199536, var: 0.001671","mean: 0.547314, var: 0.015562","mean: 0.519580, var: 0.006908","mean: 0.120871, var: 0.008765",3.327856225057724,High
ENSP00000467407,"mean: 0.355078, var: 0.004697","mean: 0.433789, var: 0.005071","mean: 0.449365, var: 0.001885","mean: 0.316968, var: 0.005287","mean: 0.171265, var: 0.000647","mean: 0.570508, var: 0.004210","mean: 0.012459, var: 0.000228","mean: 0.365088, var: 0.011573","mean: 0.212927, var: 0.015258","mean: 0.455273, var: 0.006334","mean: 0.089552, var: 0.002388",3.402162698435661,High
ENSP00000355815,"mean: 0.171582, var: 0.000419","mean: 0.511377, var: 0.004157","mean: 0.469238, var: 0.001657","mean: 0.193835, var: 0.006149","mean: 0.147351, var: 0.001305","mean: 0.272803, var: 0.008176","mean: 0.065292, var: 0.001870","mean: 0.124573, var: 0.001266","mean: 0.092065, var: 0.000444","mean: 0.207031, var: 0.000477","mean: 0.065536, var: 0.002211",3.1169124532103814,High
ENSP00000494221,"mean: 0.122595, var: 0.000314","mean: 0.483936, var: 0.003623","mean: 0.585156, var: 0.011312","mean: 0.146204, var: 0.003549","mean: 0.070111, var: 0.000491","mean: 0.213074, var: 0.008942","mean: 0.017673, var: 0.000366","mean: 0.163892, var: 0.003115","mean: 0.084460, var: 0.001387","mean: 0.229028, var: 0.005492","mean: 0.077137, var: 0.009659",2.8306848702947813,High
ENSP00000461388,"mean: 0.177917, var: 0.003308","mean: 0.568066, var: 0.007437","mean: 0.373730, var: 0.007543","mean: 0.114227, var: 0.005103","mean: 0.186243, var: 0.002942","mean: 0.399561, var: 0.010469","mean: 0.010722, var: 0.000125","mean: 0.133435, var: 0.001164","mean: 0.176709, var: 0.003638","mean: 0.199182, var: 0.002492","mean: 0.032368, var: 0.000987",2.979737829702123,High
ENSP00000357904,"mean: 0.273218, var: 0.007132","mean: 0.644434, var: 0.002708","mean: 0.427100, var: 0.000753","mean: 0.022990, var: 0.000128","mean: 0.241089, var: 0.003980","mean: 0.118262, var: 0.005244","mean: 0.007338, var: 0.000058","mean: 0.185559, var: 0.005364","mean: 0.243433, var: 0.002972","mean: 0.171912, var: 0.004211","mean: 0.042636, var: 0.001861",2.8129582864655607,High
ENSP00000356332,"mean: 0.643115, var: 0.011427","mean: 0.290063, var: 0.000547","mean: 0.124536, var: 0.000026","mean: 0.409375, var: 0.012018","mean: 0.670801, var: 0.005857","mean: 0.193701, var: 0.001343","mean: 0.005178, var: 0.000016","mean: 0.466992, var: 0.002911","mean: 0.364307, var: 0.006335","mean: 0.261157, var: 0.002198","mean: 0.063071, var: 0.000801",3.1293665942161155,High
ENSP00000473501,"mean: 0.170056, var: 0.001129","mean: 0.651660, var: 0.006484","mean: 0.404126, var: 0.006930","mean: 0.212500, var: 0.017071","mean: 0.237744, var: 0.003380","mean: 0.295496, var: 0.020644","mean: 0.010001, var: 0.000108","mean: 0.093323, var: 0.000246","mean: 0.118579, var: 0.001235","mean: 0.156085, var: 0.003613","mean: 0.183228, var: 0.005927",3.0984501941884446,High
ENSP00000385303,"mean: 0.835840, var: 0.002043","mean: 0.210767, var: 0.003593","mean: 0.079077, var: 0.000215","mean: 0.037358, var: 0.000988","mean: 0.229248, var: 0.002305","mean: 0.793848, var: 0.001363","mean: 0.058969, var: 0.001647","mean: 0.350610, var: 0.008309","mean: 0.329590, var: 0.005733","mean: 0.183374, var: 0.006550","mean: 0.472485, var: 0.040950",2.8879330371223073,High
ENSP00000507941,"mean: 0.451709, var: 0.013505","mean: 0.527002, var: 0.001595","mean: 0.359912, var: 0.006800","mean: 0.079742, var: 0.001381","mean: 0.226221, var: 0.002088","mean: 0.610791, var: 0.009023","mean: 0.102615, var: 0.007627","mean: 0.469629, var: 0.003113","mean: 0.289062, var: 0.002292","mean: 0.432959, var: 0.002958","mean: 0.482959, var: 0.039967",3.5646352126789806,High
ENSP00000434998,"mean: 0.212061, var: 0.000801","mean: 0.608691, var: 0.002021","mean: 0.401318, var: 0.002875","mean: 0.146216, var: 0.002478","mean: 0.257886, var: 0.002298","mean: 0.185034, var: 0.000790","mean: 0.006143, var: 0.000039","mean: 0.274951, var: 0.009057","mean: 0.191162, var: 0.004592","mean: 0.270105, var: 0.008583","mean: 0.036655, var: 0.000858",3.1176140045162644,High
ENSP00000489757,"mean: 0.204639, var: 0.001162","mean: 0.332324, var: 0.006348","mean: 0.342725, var: 0.008667","mean: 0.095575, var: 0.002140","mean: 0.118518, var: 0.001961","mean: 0.521191, var: 0.050256","mean: 0.059159, var: 0.004149","mean: 0.237036, var: 0.009131","mean: 0.110217, var: 0.001282","mean: 0.096667, var: 0.001470","mean: 0.461963, var: 0.023508",3.2087310910526483,High
ENSP00000440485,"mean: 0.377539, var: 0.007669","mean: 0.575830, var: 0.006218","mean: 0.398975, var: 0.003764","mean: 0.251855, var: 0.005398","mean: 0.306274, var: 0.006273","mean: 0.219824, var: 0.004214","mean: 0.014568, var: 0.000145","mean: 0.149463, var: 0.000498","mean: 0.107709, var: 0.002188","mean: 0.171143, var: 0.009074","mean: 0.060385, var: 0.004869",3.1522031957995647,High
ENSP00000385972,"mean: 0.252954, var: 0.001626","mean: 0.502246, var: 0.004232","mean: 0.520947, var: 0.001988","mean: 0.153247, var: 0.000428","mean: 0.110046, var: 0.000073","mean: 0.292773, var: 0.001435","mean: 0.019391, var: 0.000168","mean: 0.335791, var: 0.003272","mean: 0.287427, var: 0.002694","mean: 0.327393, var: 0.002259","mean: 0.055987, var: 0.002361",3.2514322513799074,High
ENSP00000465413,"mean: 0.193066, var: 0.001427","mean: 0.525928, var: 0.001278","mean: 0.545801, var: 0.000570","mean: 0.110736, var: 0.003640","mean: 0.125830, var: 0.001373","mean: 0.354517, var: 0.009307","mean: 0.023943, var: 0.000541","mean: 0.215137, var: 0.004509","mean: 0.233496, var: 0.001965","mean: 0.284473, var: 0.001799","mean: 0.089349, var: 0.004295",3.191087785572841,High
ENSP00000433578,"mean: 0.198242, var: 0.000544","mean: 0.520020, var: 0.004454","mean: 0.661328, var: 0.001426","mean: 0.103552, var: 0.000975","mean: 0.124890, var: 0.000803","mean: 0.235303, var: 0.002791","mean: 0.060765, var: 0.002209","mean: 0.207422, var: 0.004766","mean: 0.344873, var: 0.001075","mean: 0.327148, var: 0.007339","mean: 0.134708, var: 0.010431",3.26858059180886,High
ENSP00000463053,"mean: 0.111938, var: 0.000318","mean: 0.381982, var: 0.004907","mean: 0.402295, var: 0.001733","mean: 0.375391, var: 0.007930","mean: 0.085706, var: 0.000332","mean: 0.511182, var: 0.001986","mean: 0.307324, var: 0.007666","mean: 0.105591, var: 0.001080","mean: 0.155042, var: 0.002140","mean: 0.133875, var: 0.000442","mean: 0.199646, var: 0.004329",3.3803049750587673,High
ENSP00000339335,"mean: 0.272095, var: 0.001557","mean: 0.596729, var: 0.008048","mean: 0.370020, var: 0.001491","mean: 0.378076, var: 0.004801","mean: 0.171753, var: 0.001081","mean: 0.370215, var: 0.004165","mean: 0.014363, var: 0.000137","mean: 0.125891, var: 0.000431","mean: 0.323291, var: 0.011450","mean: 0.279858, var: 0.002173","mean: 0.072284, var: 0.004333",3.3014952430450366,High
ENSP00000494836,"mean: 0.201733, var: 0.003609","mean: 0.516113, var: 0.005024","mean: 0.489063, var: 0.005580","mean: 0.101941, var: 0.002897","mean: 0.133429, var: 0.003330","mean: 0.700488, var: 0.007037","mean: 0.044932, var: 0.001565","mean: 0.241565, var: 0.005542","mean: 0.236182, var: 0.003860","mean: 0.099939, var: 0.002016","mean: 0.167914, var: 0.013462",3.118207592355365,High
ENSP00000481736,"mean: 0.223706, var: 0.002161","mean: 0.532715, var: 0.003122","mean: 0.545801, var: 0.000410","mean: 0.176416, var: 0.004036","mean: 0.167725, var: 0.002080","mean: 0.479150, var: 0.002854","mean: 0.022950, var: 0.000239","mean: 0.323633, var: 0.011112","mean: 0.314624, var: 0.018400","mean: 0.270532, var: 0.006188","mean: 0.162036, var: 0.004344",3.4231416821326235,High
ENSP00000400978,"mean: 0.838379, var: 0.004126","mean: 0.169873, var: 0.000750","mean: 0.159888, var: 0.000761","mean: 0.150745, var: 0.002108","mean: 0.415918, var: 0.006580","mean: 0.169617, var: 0.004727","mean: 0.050434, var: 0.001976","mean: 0.582568, var: 0.012088","mean: 0.339990, var: 0.002557","mean: 0.450537, var: 0.002783","mean: 0.076170, var: 0.002646",3.0806431295668353,High
ENSP00000321691,"mean: 0.104895, var: 0.000472","mean: 0.754102, var: 0.011181","mean: 0.415015, var: 0.015196","mean: 0.190634, var: 0.012989","mean: 0.170459, var: 0.003472","mean: 0.421069, var: 0.014936","mean: 0.158926, var: 0.011968","mean: 0.134241, var: 0.002566","mean: 0.052618, var: 0.001395","mean: 0.064905, var: 0.001563","mean: 0.184607, var: 0.040277",3.0023110398261394,High
ENSP00000357933,"mean: 0.134460, var: 0.000601","mean: 0.554590, var: 0.003881","mean: 0.595313, var: 0.002830","mean: 0.098114, var: 0.002944","mean: 0.117004, var: 0.000557","mean: 0.360596, var: 0.005110","mean: 0.044931, var: 0.001483","mean: 0.114893, var: 0.000454","mean: 0.209155, var: 0.000933","mean: 0.181897, var: 0.003219","mean: 0.186261, var: 0.012318",3.090442812281872,High
ENSP00000420230,"mean: 0.695312, var: 0.002029","mean: 0.242505, var: 0.000327","mean: 0.134766, var: 0.000271","mean: 0.289990, var: 0.005875","mean: 0.702832, var: 0.004665","mean: 0.129700, var: 0.000487","mean: 0.010018, var: 0.000066","mean: 0.295239, var: 0.004070","mean: 0.332959, var: 0.009069","mean: 0.343579, var: 0.007643","mean: 0.047281, var: 0.000448",3.021887544492228,High
ENSP00000455709,"mean: 0.232153, var: 0.001098","mean: 0.636426, var: 0.003253","mean: 0.398926, var: 0.002182","mean: 0.207605, var: 0.003848","mean: 0.177100, var: 0.000662","mean: 0.383154, var: 0.002241","mean: 0.013649, var: 0.000175","mean: 0.163550, var: 0.000675","mean: 0.315479, var: 0.007889","mean: 0.347754, var: 0.001878","mean: 0.271106, var: 0.015127",3.43361119415466,High
ENSP00000402432,"mean: 0.207385, var: 0.005587","mean: 0.523145, var: 0.005091","mean: 0.413281, var: 0.004337","mean: 0.334033, var: 0.015758","mean: 0.165027, var: 0.001880","mean: 0.504590, var: 0.002069","mean: 0.021325, var: 0.000372","mean: 0.204016, var: 0.002748","mean: 0.268018, var: 0.007884","mean: 0.273877, var: 0.002589","mean: 0.489941, var: 0.042402",3.502620876608843,High
ENSP00000378347,"mean: 0.260254, var: 0.002064","mean: 0.210376, var: 0.002397","mean: 0.143591, var: 0.000330","mean: 0.423047, var: 0.008178","mean: 0.256763, var: 0.002733","mean: 0.123407, var: 0.003176","mean: 0.005029, var: 0.000022","mean: 0.602930, var: 0.001670","mean: 0.325659, var: 0.010635","mean: 0.359863, var: 0.005827","mean: 0.049759, var: 0.000695",3.142308619561028,High
ENSP00000507974,"mean: 0.352295, var: 0.007150","mean: 0.468750, var: 0.004536","mean: 0.506494, var: 0.001196","mean: 0.181519, var: 0.002136","mean: 0.336914, var: 0.009277","mean: 0.120892, var: 0.005021","mean: 0.019398, var: 0.000420","mean: 0.135730, var: 0.001048","mean: 0.261963, var: 0.009929","mean: 0.092853, var: 0.002107","mean: 0.038869, var: 0.001279",3.0443297780238487,High
ENSP00000469165,"mean: 0.546387, var: 0.023592","mean: 0.345728, var: 0.007611","mean: 0.369727, var: 0.004681","mean: 0.170862, var: 0.004908","mean: 0.239917, var: 0.005144","mean: 0.366968, var: 0.013058","mean: 0.055789, var: 0.002791","mean: 0.430640, var: 0.026479","mean: 0.554150, var: 0.014681","mean: 0.439893, var: 0.008649","mean: 0.130722, var: 0.011024",3.5557497600292987,High
ENSP00000390921,"mean: 0.263062, var: 0.001123","mean: 0.610840, var: 0.003206","mean: 0.554248, var: 0.002310","mean: 0.109338, var: 0.001387","mean: 0.174512, var: 0.000701","mean: 0.122827, var: 0.003860","mean: 0.009468, var: 0.000089","mean: 0.182275, var: 0.000406","mean: 0.378613, var: 0.002228","mean: 0.279248, var: 0.009979","mean: 0.019363, var: 0.000575",2.93840577031466,High
ENSP00000483724,"mean: 0.184521, var: 0.001148","mean: 0.323413, var: 0.004374","mean: 0.508398, var: 0.001935","mean: 0.209937, var: 0.013452","mean: 0.085211, var: 0.000487","mean: 0.259619, var: 0.009356","mean: 0.155438, var: 0.006319","mean: 0.072382, var: 0.000447","mean: 0.050385, var: 0.000285","mean: 0.162207, var: 0.000752","mean: 0.170929, var: 0.017033",3.135436771898254,High
ENSP00000465103,"mean: 0.190015, var: 0.001814","mean: 0.462109, var: 0.002341","mean: 0.616211, var: 0.002542","mean: 0.316870, var: 0.011029","mean: 0.206030, var: 0.001935","mean: 0.349463, var: 0.007716","mean: 0.021392, var: 0.000508","mean: 0.216431, var: 0.001208","mean: 0.137305, var: 0.001201","mean: 0.209668, var: 0.002526","mean: 0.085501, var: 0.002751",3.2516057766170845,High
ENSP00000429461,"mean: 0.243921, var: 0.000737","mean: 0.376025, var: 0.005328","mean: 0.262744, var: 0.000767","mean: 0.375732, var: 0.003658","mean: 0.098816, var: 0.001101","mean: 0.694336, var: 0.002407","mean: 0.151703, var: 0.005295","mean: 0.205566, var: 0.002336","mean: 0.174500, var: 0.005203","mean: 0.235913, var: 0.003292","mean: 0.251770, var: 0.012741",3.5168310796345077,High
ENSP00000417697,"mean: 0.768262, var: 0.002108","mean: 0.094959, var: 0.000183","mean: 0.089569, var: 0.001235","mean: 0.326440, var: 0.009040","mean: 0.618652, var: 0.004630","mean: 0.231250, var: 0.002155","mean: 0.029021, var: 0.000105","mean: 0.140820, var: 0.001052","mean: 0.372729, var: 0.007208","mean: 0.153381, var: 0.004702","mean: 0.112625, var: 0.007640",2.9234697724432706,High
ENSP00000395172,"mean: 0.110352, var: 0.000300","mean: 0.411621, var: 0.000849","mean: 0.713379, var: 0.003125","mean: 0.105823, var: 0.003170","mean: 0.055853, var: 0.000380","mean: 0.233936, var: 0.000315","mean: 0.011376, var: 0.000197","mean: 0.238110, var: 0.009294","mean: 0.224707, var: 0.007010","mean: 0.172522, var: 0.002634","mean: 0.101219, var: 0.004873",2.8512877245486257,High
ENSP00000435478,"mean: 0.302832, var: 0.007846","mean: 0.686914, var: 0.005041","mean: 0.243860, var: 0.007172","mean: 0.079956, var: 0.002519","mean: 0.269287, var: 0.006886","mean: 0.279932, var: 0.006672","mean: 0.037257, var: 0.001182","mean: 0.156006, var: 0.005572","mean: 0.138818, var: 0.001205","mean: 0.157324, var: 0.000347","mean: 0.156725, var: 0.006868",3.1434840573801237,High
ENSP00000364366,"mean: 0.321777, var: 0.001557","mean: 0.667676, var: 0.002438","mean: 0.495947, var: 0.006576","mean: 0.043430, var: 0.000688","mean: 0.260339, var: 0.008818","mean: 0.222168, var: 0.002272","mean: 0.013419, var: 0.000149","mean: 0.331714, var: 0.006787","mean: 0.270801, var: 0.002742","mean: 0.388477, var: 0.002505","mean: 0.063162, var: 0.002437",3.122589874811215,High
ENSP00000350101,"mean: 0.206738, var: 0.004382","mean: 0.433691, var: 0.003153","mean: 0.492480, var: 0.003657","mean: 0.481250, var: 0.009513","mean: 0.231567, var: 0.007450","mean: 0.506201, var: 0.005779","mean: 0.017226, var: 0.000369","mean: 0.169849, var: 0.000578","mean: 0.192603, var: 0.004941","mean: 0.364648, var: 0.012907","mean: 0.165735, var: 0.006669",3.4264496606414325,High
ENSP00000443330,"mean: 0.397314, var: 0.003775","mean: 0.503418, var: 0.001673","mean: 0.424268, var: 0.009473","mean: 0.150369, var: 0.009953","mean: 0.344873, var: 0.004231","mean: 0.234900, var: 0.007024","mean: 0.018536, var: 0.000203","mean: 0.111151, var: 0.001186","mean: 0.259351, var: 0.005473","mean: 0.394556, var: 0.011793","mean: 0.017171, var: 0.000334",3.173175237654918,High
ENSP00000359727,"mean: 0.221143, var: 0.000415","mean: 0.582520, var: 0.006089","mean: 0.400879, var: 0.004408","mean: 0.095575, var: 0.001871","mean: 0.221606, var: 0.004673","mean: 0.217737, var: 0.008329","mean: 0.040842, var: 0.001219","mean: 0.066431, var: 0.000056","mean: 0.164648, var: 0.000771","mean: 0.218738, var: 0.004035","mean: 0.194971, var: 0.021169",3.1641572244887732,High
ENSP00000507540,"mean: 0.307617, var: 0.004654","mean: 0.572656, var: 0.002829","mean: 0.474072, var: 0.000402","mean: 0.129913, var: 0.002559","mean: 0.198120, var: 0.002905","mean: 0.342554, var: 0.013333","mean: 0.010021, var: 0.000100","mean: 0.314453, var: 0.004433","mean: 0.396167, var: 0.011663","mean: 0.421191, var: 0.012119","mean: 0.037135, var: 0.002379",3.2518193767344057,High
ENSP00000493494,"mean: 0.431641, var: 0.009256","mean: 0.658203, var: 0.002289","mean: 0.264160, var: 0.002925","mean: 0.131519, var: 0.001518","mean: 0.434082, var: 0.008773","mean: 0.275720, var: 0.007718","mean: 0.061453, var: 0.001482","mean: 0.187915, var: 0.002974","mean: 0.297437, var: 0.006349","mean: 0.317920, var: 0.001293","mean: 0.198218, var: 0.008614",3.505211464606816,High
ENSP00000482619,"mean: 0.175818, var: 0.003347","mean: 0.444482, var: 0.007161","mean: 0.432666, var: 0.004189","mean: 0.646582, var: 0.004808","mean: 0.171936, var: 0.004101","mean: 0.408691, var: 0.004790","mean: 0.032177, var: 0.000960","mean: 0.145862, var: 0.002103","mean: 0.081439, var: 0.000558","mean: 0.230396, var: 0.007455","mean: 0.163098, var: 0.001985",3.2084601753627973,High
ENSP00000445058,"mean: 0.436963, var: 0.006783","mean: 0.573145, var: 0.005792","mean: 0.403369, var: 0.002277","mean: 0.137085, var: 0.003689","mean: 0.301489, var: 0.004500","mean: 0.185681, var: 0.003532","mean: 0.038102, var: 0.001623","mean: 0.232153, var: 0.000609","mean: 0.107782, var: 0.001692","mean: 0.298682, var: 0.005886","mean: 0.060513, var: 0.004495",3.227819193576117,High
ENSP00000460273,"mean: 0.208447, var: 0.000728","mean: 0.370850, var: 0.002808","mean: 0.304712, var: 0.001775","mean: 0.362012, var: 0.003726","mean: 0.174854, var: 0.000679","mean: 0.381445, var: 0.004699","mean: 0.080774, var: 0.000924","mean: 0.328589, var: 0.004905","mean: 0.284766, var: 0.003978","mean: 0.280249, var: 0.006276","mean: 0.162000, var: 0.003336",3.6752108899902485,High
ENSP00000422756,"mean: 0.214111, var: 0.001373","mean: 0.465527, var: 0.005220","mean: 0.458057, var: 0.000678","mean: 0.147485, var: 0.006783","mean: 0.088800, var: 0.001093","mean: 0.223486, var: 0.006119","mean: 0.012919, var: 0.000324","mean: 0.202588, var: 0.001153","mean: 0.195874, var: 0.002794","mean: 0.274438, var: 0.006712","mean: 0.056123, var: 0.001737",3.091217091268427,High
ENSP00000301838,"mean: 0.231250, var: 0.000718","mean: 0.670508, var: 0.004549","mean: 0.421777, var: 0.005153","mean: 0.165332, var: 0.009457","mean: 0.248779, var: 0.001769","mean: 0.162378, var: 0.001110","mean: 0.007469, var: 0.000050","mean: 0.059882, var: 0.000135","mean: 0.309741, var: 0.001519","mean: 0.185938, var: 0.000988","mean: 0.020769, var: 0.000591",2.8710379207249344,High
ENSP00000448051,"mean: 0.378467, var: 0.008374","mean: 0.495361, var: 0.004775","mean: 0.579590, var: 0.000365","mean: 0.275244, var: 0.006878","mean: 0.290991, var: 0.002085","mean: 0.471143, var: 0.011507","mean: 0.023703, var: 0.000285","mean: 0.491406, var: 0.009301","mean: 0.311011, var: 0.009544","mean: 0.255566, var: 0.005623","mean: 0.184863, var: 0.009120",3.5625326377534647,High
ENSP00000442083,"mean: 0.291479, var: 0.001953","mean: 0.408545, var: 0.001872","mean: 0.295898, var: 0.001201","mean: 0.203748, var: 0.011865","mean: 0.170093, var: 0.002498","mean: 0.778125, var: 0.000938","mean: 0.128345, var: 0.004290","mean: 0.204224, var: 0.001951","mean: 0.164331, var: 0.000403","mean: 0.321851, var: 0.003782","mean: 0.267676, var: 0.007559",3.5083538240260417,High
ENSP00000434508,"mean: 0.194580, var: 0.001280","mean: 0.509277, var: 0.006453","mean: 0.537891, var: 0.000606","mean: 0.135333, var: 0.003779","mean: 0.117651, var: 0.002374","mean: 0.292236, var: 0.010497","mean: 0.029852, var: 0.000776","mean: 0.099780, var: 0.001817","mean: 0.099225, var: 0.001682","mean: 0.298755, var: 0.007690","mean: 0.094153, var: 0.002357",3.0250963887787625,High
ENSP00000429765,"mean: 0.531641, var: 0.002902","mean: 0.501953, var: 0.003089","mean: 0.283154, var: 0.004412","mean: 0.342700, var: 0.011095","mean: 0.546631, var: 0.011866","mean: 0.547461, var: 0.009848","mean: 0.097708, var: 0.003311","mean: 0.239941, var: 0.004905","mean: 0.361719, var: 0.013653","mean: 0.566846, var: 0.002814","mean: 0.350317, var: 0.008355",3.6928967217962256,High
ENSP00000428609,"mean: 0.284790, var: 0.001000","mean: 0.523340, var: 0.002464","mean: 0.354346, var: 0.002190","mean: 0.052446, var: 0.002226","mean: 0.155115, var: 0.001762","mean: 0.585791, var: 0.004944","mean: 0.040399, var: 0.000904","mean: 0.085022, var: 0.000206","mean: 0.141296, var: 0.001227","mean: 0.131445, var: 0.000990","mean: 0.075752, var: 0.007846",2.899049466726035,High
ENSP00000479243,"mean: 0.558594, var: 0.004233","mean: 0.198242, var: 0.000547","mean: 0.134485, var: 0.000862","mean: 0.640039, var: 0.004326","mean: 0.618604, var: 0.007460","mean: 0.087280, var: 0.000597","mean: 0.005261, var: 0.000026","mean: 0.218018, var: 0.003448","mean: 0.251123, var: 0.002349","mean: 0.259717, var: 0.002881","mean: 0.034770, var: 0.000554",2.885095990824051,High
ENSP00000348050,"mean: 0.617285, var: 0.006408","mean: 0.228638, var: 0.000768","mean: 0.255371, var: 0.000346","mean: 0.264185, var: 0.008733","mean: 0.288013, var: 0.003888","mean: 0.345801, var: 0.003894","mean: 0.008608, var: 0.000055","mean: 0.686963, var: 0.020997","mean: 0.192395, var: 0.003423","mean: 0.446533, var: 0.005305","mean: 0.149072, var: 0.006736",3.3208531198122495,High
ENSP00000285333,"mean: 0.376514, var: 0.009095","mean: 0.496191, var: 0.004338","mean: 0.552930, var: 0.002213","mean: 0.293835, var: 0.015456","mean: 0.313477, var: 0.001916","mean: 0.294910, var: 0.012674","mean: 0.011048, var: 0.000317","mean: 0.163562, var: 0.001125","mean: 0.201392, var: 0.001469","mean: 0.242114, var: 0.005089","mean: 0.055770, var: 0.003218",3.299784257406076,High
ENSP00000339690,"mean: 0.707031, var: 0.004733","mean: 0.205200, var: 0.000657","mean: 0.099744, var: 0.000560","mean: 0.479004, var: 0.005106","mean: 0.688477, var: 0.008515","mean: 0.090961, var: 0.002087","mean: 0.023210, var: 0.000382","mean: 0.331519, var: 0.003029","mean: 0.387646, var: 0.001032","mean: 0.268335, var: 0.006255","mean: 0.070038, var: 0.001206",2.98758111907429,High
ENSP00000479128,"mean: 0.266064, var: 0.000615","mean: 0.454980, var: 0.008380","mean: 0.485254, var: 0.004588","mean: 0.324707, var: 0.005074","mean: 0.143591, var: 0.000487","mean: 0.558643, var: 0.008743","mean: 0.047464, var: 0.000641","mean: 0.373071, var: 0.019243","mean: 0.082661, var: 0.002129","mean: 0.221509, var: 0.004243","mean: 0.053476, var: 0.003157",3.2397007169220307,High
ENSP00000431979,"mean: 0.129980, var: 0.000429","mean: 0.373193, var: 0.003581","mean: 0.640039, var: 0.003600","mean: 0.352783, var: 0.002782","mean: 0.094824, var: 0.000382","mean: 0.657617, var: 0.001192","mean: 0.049553, var: 0.001030","mean: 0.210791, var: 0.003192","mean: 0.112329, var: 0.000889","mean: 0.162659, var: 0.003473","mean: 0.158093, var: 0.005990",3.094902662086384,High
ENSP00000499371,"mean: 0.230151, var: 0.000193","mean: 0.368311, var: 0.003800","mean: 0.556787, var: 0.004959","mean: 0.180103, var: 0.002127","mean: 0.091138, var: 0.000363","mean: 0.305151, var: 0.011342","mean: 0.071364, var: 0.003758","mean: 0.338892, var: 0.008732","mean: 0.369580, var: 0.020397","mean: 0.294312, var: 0.005764","mean: 0.075241, var: 0.004536",3.398869976846074,High
ENSP00000319532,"mean: 0.247217, var: 0.002553","mean: 0.475732, var: 0.003227","mean: 0.555176, var: 0.000491","mean: 0.178137, var: 0.003839","mean: 0.173047, var: 0.001977","mean: 0.368555, var: 0.002468","mean: 0.023447, var: 0.000387","mean: 0.239795, var: 0.002290","mean: 0.185962, var: 0.004063","mean: 0.219897, var: 0.002281","mean: 0.183569, var: 0.004366",3.3918489591364804,High
ENSP00000384925,"mean: 0.397241, var: 0.008207","mean: 0.585986, var: 0.011123","mean: 0.315186, var: 0.002346","mean: 0.052260, var: 0.001482","mean: 0.347900, var: 0.007175","mean: 0.312354, var: 0.002299","mean: 0.019374, var: 0.000568","mean: 0.077182, var: 0.000872","mean: 0.135974, var: 0.004526","mean: 0.245581, var: 0.008144","mean: 0.058924, var: 0.001579",2.9859625184734644,High
ENSP00000388887,"mean: 0.427441, var: 0.003306","mean: 0.567773, var: 0.004482","mean: 0.310254, var: 0.001071","mean: 0.085547, var: 0.000862","mean: 0.448193, var: 0.003385","mean: 0.230347, var: 0.002324","mean: 0.027083, var: 0.000133","mean: 0.298535, var: 0.008745","mean: 0.248022, var: 0.003908","mean: 0.323633, var: 0.001689","mean: 0.135968, var: 0.005693",3.3968333821640364,High
ENSP00000361577,"mean: 0.304468, var: 0.011689","mean: 0.575488, var: 0.003310","mean: 0.484229, var: 0.004903","mean: 0.058740, var: 0.000933","mean: 0.224341, var: 0.003221","mean: 0.197412, var: 0.000444","mean: 0.005924, var: 0.000054","mean: 0.296631, var: 0.007201","mean: 0.160620, var: 0.004389","mean: 0.191394, var: 0.004023","mean: 0.071724, var: 0.001939",3.043346782407285,High
ENSP00000477624,"mean: 0.706836, var: 0.002272","mean: 0.257520, var: 0.000753","mean: 0.110742, var: 0.000912","mean: 0.147156, var: 0.003027","mean: 0.196387, var: 0.001569","mean: 0.795312, var: 0.000396","mean: 0.185400, var: 0.007698","mean: 0.339990, var: 0.002605","mean: 0.200684, var: 0.001476","mean: 0.201294, var: 0.001274","mean: 0.493408, var: 0.010785",3.294851874409202,High
ENSP00000435383,"mean: 0.362598, var: 0.010597","mean: 0.654492, var: 0.002926","mean: 0.302490, var: 0.005346","mean: 0.049228, var: 0.001112","mean: 0.279785, var: 0.009859","mean: 0.211133, var: 0.002707","mean: 0.032447, var: 0.000929","mean: 0.237793, var: 0.010215","mean: 0.319336, var: 0.003251","mean: 0.275903, var: 0.005374","mean: 0.107284, var: 0.004990",3.252030245438034,High
ENSP00000443879,"mean: 0.278271, var: 0.003023","mean: 0.643555, var: 0.004018","mean: 0.280713, var: 0.006230","mean: 0.107367, var: 0.002943","mean: 0.334595, var: 0.009188","mean: 0.231860, var: 0.000664","mean: 0.010219, var: 0.000071","mean: 0.123145, var: 0.001622","mean: 0.338428, var: 0.015952","mean: 0.458154, var: 0.008125","mean: 0.029344, var: 0.001277",3.07360684445701,High
ENSP00000412141,"mean: 0.442334, var: 0.000382","mean: 0.431934, var: 0.002608","mean: 0.438574, var: 0.006356","mean: 0.147018, var: 0.007374","mean: 0.478516, var: 0.004274","mean: 0.335889, var: 0.007117","mean: 0.016416, var: 0.000161","mean: 0.306812, var: 0.013416","mean: 0.106067, var: 0.000934","mean: 0.141125, var: 0.005525","mean: 0.052596, var: 0.001272",3.18508556918985,High
ENSP00000435057,"mean: 0.308813, var: 0.003132","mean: 0.581836, var: 0.009670","mean: 0.391895, var: 0.002005","mean: 0.213165, var: 0.010630","mean: 0.347998, var: 0.002328","mean: 0.474707, var: 0.005446","mean: 0.007939, var: 0.000063","mean: 0.106567, var: 0.000082","mean: 0.220850, var: 0.007425","mean: 0.200024, var: 0.005212","mean: 0.042434, var: 0.002286",3.162103599061103,High
ENSP00000337340,"mean: 0.171240, var: 0.001045","mean: 0.526025, var: 0.001375","mean: 0.524170, var: 0.004239","mean: 0.137689, var: 0.007575","mean: 0.252759, var: 0.005887","mean: 0.194165, var: 0.007825","mean: 0.040601, var: 0.001170","mean: 0.137305, var: 0.001389","mean: 0.100684, var: 0.001256","mean: 0.122760, var: 0.001728","mean: 0.036432, var: 0.001571",2.9295856496405768,High
ENSP00000494697,"mean: 0.168311, var: 0.006077","mean: 0.673438, var: 0.002209","mean: 0.611133, var: 0.004375","mean: 0.069763, var: 0.002160","mean: 0.264697, var: 0.011888","mean: 0.578613, var: 0.024056","mean: 0.010728, var: 0.000108","mean: 0.292749, var: 0.010243","mean: 0.229333, var: 0.016886","mean: 0.076872, var: 0.003256","mean: 0.089544, var: 0.004386",2.8805545044316543,High
ENSP00000385962,"mean: 0.677051, var: 0.009143","mean: 0.138733, var: 0.000552","mean: 0.256787, var: 0.002435","mean: 0.306714, var: 0.007228","mean: 0.202100, var: 0.003041","mean: 0.332495, var: 0.004803","mean: 0.151086, var: 0.007810","mean: 0.588379, var: 0.016927","mean: 0.319604, var: 0.025905","mean: 0.309497, var: 0.009561","mean: 0.041555, var: 0.001309",3.3962740298870675,High
ENSP00000379758,"mean: 0.891992, var: 0.009546","mean: 0.164648, var: 0.000799","mean: 0.106702, var: 0.001246","mean: 0.110791, var: 0.022408","mean: 0.358813, var: 0.003529","mean: 0.398047, var: 0.004573","mean: 0.029252, var: 0.001000","mean: 0.603760, var: 0.004361","mean: 0.331689, var: 0.002505","mean: 0.623926, var: 0.010979","mean: 0.127783, var: 0.003585",2.9471513811345034,High
ENSP00000340294,"mean: 0.559961, var: 0.002440","mean: 0.500830, var: 0.000792","mean: 0.306152, var: 0.001684","mean: 0.109906, var: 0.004756","mean: 0.369043, var: 0.001596","mean: 0.163049, var: 0.002810","mean: 0.034491, var: 0.001211","mean: 0.494043, var: 0.007102","mean: 0.371680, var: 0.024673","mean: 0.445605, var: 0.004993","mean: 0.182439, var: 0.029351",3.442645920871275,High
ENSP00000414323,"mean: 0.171631, var: 0.001062","mean: 0.608154, var: 0.010697","mean: 0.391260, var: 0.001626","mean: 0.285693, var: 0.003671","mean: 0.154224, var: 0.000828","mean: 0.291406, var: 0.007352","mean: 0.005709, var: 0.000037","mean: 0.132129, var: 0.000834","mean: 0.295386, var: 0.012406","mean: 0.475684, var: 0.017723","mean: 0.095102, var: 0.005722",3.2119510009478818,High
ENSP00000508017,"mean: 0.203101, var: 0.000451","mean: 0.465723, var: 0.008269","mean: 0.540869, var: 0.007274","mean: 0.142285, var: 0.006510","mean: 0.107904, var: 0.001219","mean: 0.358228, var: 0.018003","mean: 0.038514, var: 0.001528","mean: 0.315405, var: 0.004395","mean: 0.204858, var: 0.002633","mean: 0.222546, var: 0.006469","mean: 0.160849, var: 0.008455",3.3399798402080796,High
ENSP00000347275,"mean: 0.790137, var: 0.002846","mean: 0.092603, var: 0.000165","mean: 0.090027, var: 0.001346","mean: 0.306372, var: 0.010164","mean: 0.632227, var: 0.002940","mean: 0.220825, var: 0.002869","mean: 0.037894, var: 0.000172","mean: 0.162292, var: 0.001217","mean: 0.387500, var: 0.008245","mean: 0.150952, var: 0.004209","mean: 0.120390, var: 0.007550",2.935828922149344,High
ENSP00000481099,"mean: 0.252856, var: 0.006792","mean: 0.441602, var: 0.004789","mean: 0.479883, var: 0.001194","mean: 0.384814, var: 0.017012","mean: 0.168262, var: 0.001974","mean: 0.547510, var: 0.013444","mean: 0.064145, var: 0.004072","mean: 0.334473, var: 0.029401","mean: 0.148010, var: 0.002557","mean: 0.222131, var: 0.011673","mean: 0.152917, var: 0.004277",3.5047383887925214,High
ENSP00000394858,"mean: 0.762012, var: 0.002406","mean: 0.097534, var: 0.000216","mean: 0.091791, var: 0.001205","mean: 0.335205, var: 0.009238","mean: 0.648145, var: 0.005006","mean: 0.207446, var: 0.001850","mean: 0.023114, var: 0.000103","mean: 0.144641, var: 0.000786","mean: 0.360596, var: 0.006809","mean: 0.149329, var: 0.004644","mean: 0.078042, var: 0.003040",2.8446376420645367,High
ENSP00000386688,"mean: 0.125146, var: 0.000388","mean: 0.425244, var: 0.002729","mean: 0.323437, var: 0.007995","mean: 0.532861, var: 0.007214","mean: 0.085547, var: 0.000947","mean: 0.281055, var: 0.002523","mean: 0.323938, var: 0.027387","mean: 0.245190, var: 0.008478","mean: 0.144946, var: 0.003705","mean: 0.117993, var: 0.001012","mean: 0.365918, var: 0.031358",3.5010753600525577,High
ENSP00000383710,"mean: 0.185913, var: 0.002111","mean: 0.442139, var: 0.004322","mean: 0.446631, var: 0.003540","mean: 0.550195, var: 0.003594","mean: 0.183252, var: 0.002909","mean: 0.536523, var: 0.001160","mean: 0.052586, var: 0.002545","mean: 0.208740, var: 0.000938","mean: 0.134216, var: 0.002031","mean: 0.305444, var: 0.006545","mean: 0.172314, var: 0.007884",3.4240989918923237,High
ENSP00000505459,"mean: 0.226099, var: 0.000100","mean: 0.405908, var: 0.008765","mean: 0.343555, var: 0.004216","mean: 0.444678, var: 0.011837","mean: 0.057968, var: 0.000588","mean: 0.469434, var: 0.005045","mean: 0.175269, var: 0.009368","mean: 0.289038, var: 0.015614","mean: 0.179590, var: 0.015744","mean: 0.242822, var: 0.003674","mean: 0.291187, var: 0.022059",3.624950837971371,High
ENSP00000493145,"mean: 0.213281, var: 0.004779","mean: 0.396582, var: 0.002984","mean: 0.457813, var: 0.005706","mean: 0.553467, var: 0.006137","mean: 0.177649, var: 0.002581","mean: 0.426904, var: 0.001018","mean: 0.044032, var: 0.001034","mean: 0.183813, var: 0.002350","mean: 0.099274, var: 0.000778","mean: 0.276050, var: 0.015508","mean: 0.061267, var: 0.001336",3.2563545715109203,High
ENSP00000458425,"mean: 0.172778, var: 0.001297","mean: 0.443848, var: 0.009579","mean: 0.354687, var: 0.002719","mean: 0.479395, var: 0.026135","mean: 0.083496, var: 0.000228","mean: 0.368982, var: 0.031863","mean: 0.089377, var: 0.005955","mean: 0.081042, var: 0.000803","mean: 0.187463, var: 0.002079","mean: 0.140454, var: 0.005484","mean: 0.180817, var: 0.018051",3.277444276316459,High
ENSP00000356372,"mean: 0.202490, var: 0.003470","mean: 0.618164, var: 0.005332","mean: 0.497754, var: 0.017011","mean: 0.070038, var: 0.001200","mean: 0.074536, var: 0.001666","mean: 0.296777, var: 0.000920","mean: 0.074426, var: 0.001860","mean: 0.218384, var: 0.005427","mean: 0.557813, var: 0.018289","mean: 0.566992, var: 0.010925","mean: 0.173157, var: 0.023439",3.1848414242269745,High
ENSP00000329920,"mean: 0.765723, var: 0.007267","mean: 0.240234, var: 0.001136","mean: 0.144922, var: 0.000539","mean: 0.169025, var: 0.011470","mean: 0.657617, var: 0.011209","mean: 0.061285, var: 0.000430","mean: 0.002017, var: 0.000004","mean: 0.212158, var: 0.002509","mean: 0.310791, var: 0.009713","mean: 0.468311, var: 0.001726","mean: 0.072702, var: 0.002756",2.824662286926834,High
ENSP00000497105,"mean: 0.183362, var: 0.002917","mean: 0.547363, var: 0.010315","mean: 0.441504, var: 0.007711","mean: 0.073242, var: 0.001289","mean: 0.086377, var: 0.001003","mean: 0.272070, var: 0.011011","mean: 0.070335, var: 0.001613","mean: 0.154602, var: 0.003873","mean: 0.296875, var: 0.012126","mean: 0.250513, var: 0.004702","mean: 0.183331, var: 0.015605",3.2526600963783086,High
ENSP00000442817,"mean: 0.087573, var: 0.000115","mean: 0.530225, var: 0.004382","mean: 0.566553, var: 0.004962","mean: 0.058160, var: 0.001516","mean: 0.053506, var: 0.000459","mean: 0.305273, var: 0.008224","mean: 0.039215, var: 0.002014","mean: 0.189697, var: 0.003513","mean: 0.242297, var: 0.009915","mean: 0.315771, var: 0.019523","mean: 0.144005, var: 0.020235",2.9847930872827124,High
ENSP00000433322,"mean: 0.315479, var: 0.004083","mean: 0.530713, var: 0.018208","mean: 0.439600, var: 0.006914","mean: 0.266943, var: 0.014994","mean: 0.169360, var: 0.002760","mean: 0.658105, var: 0.010543","mean: 0.058470, var: 0.001309","mean: 0.277539, var: 0.019392","mean: 0.113120, var: 0.004060","mean: 0.359277, var: 0.006949","mean: 0.168390, var: 0.014461",3.426164743816342,High
ENSP00000415044,"mean: 0.137805, var: 0.000286","mean: 0.385889, var: 0.003995","mean: 0.333105, var: 0.003127","mean: 0.770117, var: 0.005339","mean: 0.141602, var: 0.001168","mean: 0.539062, var: 0.012361","mean: 0.190295, var: 0.003802","mean: 0.237000, var: 0.008657","mean: 0.124634, var: 0.003188","mean: 0.274634, var: 0.008060","mean: 0.063924, var: 0.002255",3.264987466430067,High
ENSP00000414071,"mean: 0.913672, var: 0.005769","mean: 0.170239, var: 0.001275","mean: 0.090094, var: 0.000654","mean: 0.088857, var: 0.016338","mean: 0.377051, var: 0.004330","mean: 0.442285, var: 0.006480","mean: 0.032081, var: 0.001090","mean: 0.610205, var: 0.003820","mean: 0.361719, var: 0.002060","mean: 0.587012, var: 0.007784","mean: 0.136865, var: 0.004616",2.90892117413589,High
ENSP00000450791,"mean: 0.271484, var: 0.005678","mean: 0.186475, var: 0.000725","mean: 0.117773, var: 0.000664","mean: 0.852637, var: 0.000512","mean: 0.274097, var: 0.002610","mean: 0.187109, var: 0.005335","mean: 0.006206, var: 0.000025","mean: 0.347046, var: 0.011415","mean: 0.205884, var: 0.002474","mean: 0.360303, var: 0.006585","mean: 0.029913, var: 0.000172",2.9203447471520976,High
ENSP00000433561,"mean: 0.402441, var: 0.003605","mean: 0.580957, var: 0.011512","mean: 0.433350, var: 0.006845","mean: 0.074313, var: 0.000860","mean: 0.206543, var: 0.000289","mean: 0.060156, var: 0.000601","mean: 0.025597, var: 0.000513","mean: 0.118188, var: 0.001572","mean: 0.165253, var: 0.016537","mean: 0.205945, var: 0.007371","mean: 0.032011, var: 0.001355",2.8115176400415463,High
ENSP00000343060,"mean: 0.111169, var: 0.000391","mean: 0.492920, var: 0.004638","mean: 0.507471, var: 0.005602","mean: 0.163733, var: 0.007835","mean: 0.065759, var: 0.000036","mean: 0.301270, var: 0.016825","mean: 0.048671, var: 0.003090","mean: 0.070825, var: 0.000360","mean: 0.057446, var: 0.000498","mean: 0.108813, var: 0.000508","mean: 0.150421, var: 0.009198",2.7988878041042806,High
ENSP00000362463,"mean: 0.266663, var: 0.014967","mean: 0.756348, var: 0.009483","mean: 0.274072, var: 0.001117","mean: 0.097235, var: 0.007665","mean: 0.173993, var: 0.008629","mean: 0.409180, var: 0.028967","mean: 0.020173, var: 0.000397","mean: 0.320117, var: 0.002910","mean: 0.089642, var: 0.002284","mean: 0.192896, var: 0.014270","mean: 0.145935, var: 0.005786",3.0728455701059993,High
ENSP00000346239,"mean: 0.165186, var: 0.000386","mean: 0.676074, var: 0.008095","mean: 0.412354, var: 0.013977","mean: 0.174207, var: 0.010341","mean: 0.241162, var: 0.007170","mean: 0.290381, var: 0.012791","mean: 0.125342, var: 0.009302","mean: 0.190112, var: 0.004691","mean: 0.081982, var: 0.001755","mean: 0.058142, var: 0.001287","mean: 0.161674, var: 0.042862",3.174870348591071,High
ENSP00000304327,"mean: 0.137305, var: 0.001290","mean: 0.564111, var: 0.003554","mean: 0.649414, var: 0.000415","mean: 0.168201, var: 0.007393","mean: 0.181079, var: 0.002156","mean: 0.299097, var: 0.005347","mean: 0.013855, var: 0.000235","mean: 0.143164, var: 0.000398","mean: 0.126428, var: 0.000135","mean: 0.161145, var: 0.002671","mean: 0.093303, var: 0.003325",2.960691436162441,High
ENSP00000500602,"mean: 0.141406, var: 0.000837","mean: 0.474609, var: 0.005198","mean: 0.402783, var: 0.004875","mean: 0.345264, var: 0.008311","mean: 0.054855, var: 0.000328","mean: 0.444727, var: 0.004089","mean: 0.157294, var: 0.005056","mean: 0.211829, var: 0.010516","mean: 0.228491, var: 0.003804","mean: 0.269800, var: 0.005682","mean: 0.290625, var: 0.024416",3.552959022945955,High
ENSP00000460661,"mean: 0.176025, var: 0.003393","mean: 0.435986, var: 0.005947","mean: 0.432715, var: 0.003378","mean: 0.620508, var: 0.008513","mean: 0.161133, var: 0.003723","mean: 0.449219, var: 0.003697","mean: 0.048439, var: 0.001839","mean: 0.121875, var: 0.000617","mean: 0.107825, var: 0.001328","mean: 0.262842, var: 0.013475","mean: 0.106915, var: 0.001194",3.2134983755056936,High
ENSP00000253023,"mean: 0.332129, var: 0.004782","mean: 0.618164, var: 0.005228","mean: 0.499902, var: 0.006169","mean: 0.049930, var: 0.000641","mean: 0.205688, var: 0.001736","mean: 0.196863, var: 0.003026","mean: 0.028826, var: 0.000723","mean: 0.252856, var: 0.002365","mean: 0.467822, var: 0.022706","mean: 0.442627, var: 0.003330","mean: 0.043671, var: 0.001755",3.1076665016417557,High
ENSP00000506294,"mean: 0.179248, var: 0.003611","mean: 0.445215, var: 0.009230","mean: 0.395557, var: 0.000742","mean: 0.465283, var: 0.016135","mean: 0.217993, var: 0.004490","mean: 0.460205, var: 0.006202","mean: 0.005908, var: 0.000054","mean: 0.117053, var: 0.004649","mean: 0.206311, var: 0.006066","mean: 0.066748, var: 0.001087","mean: 0.035470, var: 0.000940",2.9866323353253006,High
ENSP00000501444,"mean: 0.282275, var: 0.003544","mean: 0.514600, var: 0.001509","mean: 0.425049, var: 0.003645","mean: 0.133215, var: 0.002551","mean: 0.098608, var: 0.000305","mean: 0.196143, var: 0.005572","mean: 0.051048, var: 0.001595","mean: 0.218103, var: 0.026291","mean: 0.518945, var: 0.021930","mean: 0.455859, var: 0.002648","mean: 0.133796, var: 0.013378",3.3306754532848952,High
ENSP00000497622,"mean: 0.332129, var: 0.002120","mean: 0.477441, var: 0.001570","mean: 0.380322, var: 0.001423","mean: 0.130463, var: 0.002100","mean: 0.185669, var: 0.002345","mean: 0.186963, var: 0.001074","mean: 0.026428, var: 0.000494","mean: 0.461133, var: 0.003632","mean: 0.549170, var: 0.009962","mean: 0.459668, var: 0.001354","mean: 0.072413, var: 0.005957",3.3080804001572934,High
ENSP00000436575,"mean: 0.248315, var: 0.003792","mean: 0.394580, var: 0.002579","mean: 0.604980, var: 0.015756","mean: 0.090396, var: 0.004952","mean: 0.080835, var: 0.001024","mean: 0.497998, var: 0.008790","mean: 0.009314, var: 0.000172","mean: 0.134583, var: 0.000815","mean: 0.128107, var: 0.004475","mean: 0.307764, var: 0.006643","mean: 0.088459, var: 0.008690",2.9385968234952937,High
ENSP00000435798,"mean: 0.335303, var: 0.002394","mean: 0.553564, var: 0.008464","mean: 0.479639, var: 0.000164","mean: 0.216785, var: 0.007440","mean: 0.348730, var: 0.005490","mean: 0.459814, var: 0.006030","mean: 0.010610, var: 0.000119","mean: 0.221582, var: 0.004557","mean: 0.151965, var: 0.001998","mean: 0.237402, var: 0.003039","mean: 0.077592, var: 0.005354",3.3104053564377462,High
ENSP00000386623,"mean: 0.141711, var: 0.000361","mean: 0.333350, var: 0.003501","mean: 0.548047, var: 0.004623","mean: 0.362012, var: 0.022301","mean: 0.042731, var: 0.000729","mean: 0.322900, var: 0.007371","mean: 0.028845, var: 0.000943","mean: 0.515771, var: 0.020574","mean: 0.225220, var: 0.008246","mean: 0.230408, var: 0.012448","mean: 0.199710, var: 0.028927",3.279687552432481,High
ENSP00000450228,"mean: 0.209009, var: 0.002535","mean: 0.581738, var: 0.006397","mean: 0.578027, var: 0.002342","mean: 0.202429, var: 0.010020","mean: 0.190125, var: 0.001349","mean: 0.338232, var: 0.010084","mean: 0.057155, var: 0.001541","mean: 0.225464, var: 0.003751","mean: 0.101996, var: 0.002973","mean: 0.135669, var: 0.001422","mean: 0.023147, var: 0.000500",3.0552265187550423,High
ENSP00000392425,"mean: 0.583203, var: 0.003716","mean: 0.466748, var: 0.002341","mean: 0.281323, var: 0.004077","mean: 0.294116, var: 0.012724","mean: 0.579785, var: 0.013049","mean: 0.548242, var: 0.010693","mean: 0.107544, var: 0.004508","mean: 0.248853, var: 0.005739","mean: 0.356592, var: 0.012231","mean: 0.603125, var: 0.003462","mean: 0.366846, var: 0.005795",3.658872834523504,High
ENSP00000498206,"mean: 0.311475, var: 0.001052","mean: 0.500342, var: 0.001060","mean: 0.387695, var: 0.001406","mean: 0.132520, var: 0.001534","mean: 0.162402, var: 0.002448","mean: 0.184497, var: 0.001284","mean: 0.021033, var: 0.000363","mean: 0.433887, var: 0.003127","mean: 0.501318, var: 0.008959","mean: 0.449707, var: 0.002069","mean: 0.074185, var: 0.006570",3.294011508424685,High
ENSP00000454999,"mean: 0.378467, var: 0.017636","mean: 0.426514, var: 0.005177","mean: 0.279932, var: 0.007379","mean: 0.262891, var: 0.012439","mean: 0.124304, var: 0.001292","mean: 0.316577, var: 0.015674","mean: 0.052055, var: 0.001796","mean: 0.328491, var: 0.011097","mean: 0.291479, var: 0.003393","mean: 0.116681, var: 0.003755","mean: 0.064108, var: 0.003690",3.367757998541205,High
ENSP00000450934,"mean: 0.127014, var: 0.000699","mean: 0.584473, var: 0.001112","mean: 0.512598, var: 0.007533","mean: 0.170520, var: 0.008200","mean: 0.126794, var: 0.000757","mean: 0.246265, var: 0.009187","mean: 0.131415, var: 0.006125","mean: 0.110193, var: 0.001408","mean: 0.096564, var: 0.001775","mean: 0.131641, var: 0.002786","mean: 0.188882, var: 0.020663",3.1442878759319006,High
ENSP00000449299,"mean: 0.169238, var: 0.001797","mean: 0.444971, var: 0.009564","mean: 0.374170, var: 0.002814","mean: 0.472705, var: 0.015662","mean: 0.192700, var: 0.002394","mean: 0.483203, var: 0.003664","mean: 0.005834, var: 0.000049","mean: 0.129300, var: 0.007863","mean: 0.170496, var: 0.002701","mean: 0.065698, var: 0.000713","mean: 0.027323, var: 0.000737",2.9250808139603044,High
ENSP00000344330,"mean: 0.693457, var: 0.009950","mean: 0.519336, var: 0.002066","mean: 0.252271, var: 0.001120","mean: 0.085062, var: 0.003821","mean: 0.614111, var: 0.013318","mean: 0.361377, var: 0.008679","mean: 0.008605, var: 0.000032","mean: 0.152313, var: 0.003097","mean: 0.455859, var: 0.004478","mean: 0.385742, var: 0.004799","mean: 0.021314, var: 0.000382",2.953569297163574,High
ENSP00000453201,"mean: 0.275024, var: 0.005085","mean: 0.574512, var: 0.007133","mean: 0.415479, var: 0.001524","mean: 0.059094, var: 0.000829","mean: 0.249121, var: 0.004525","mean: 0.294629, var: 0.005975","mean: 0.011383, var: 0.000136","mean: 0.136230, var: 0.001809","mean: 0.187451, var: 0.006221","mean: 0.143225, var: 0.002048","mean: 0.050917, var: 0.002764",2.9780939476829418,High
ENSP00000409820,"mean: 0.768457, var: 0.003122","mean: 0.236401, var: 0.000687","mean: 0.210742, var: 0.000721","mean: 0.085486, var: 0.003578","mean: 0.420361, var: 0.006782","mean: 0.421777, var: 0.014568","mean: 0.063513, var: 0.000401","mean: 0.735840, var: 0.015184","mean: 0.322192, var: 0.005622","mean: 0.411816, var: 0.000436","mean: 0.219312, var: 0.009805",3.2739536411207797,High
ENSP00000372651,"mean: 0.141321, var: 0.001752","mean: 0.453564, var: 0.006481","mean: 0.521826, var: 0.003395","mean: 0.613672, var: 0.004114","mean: 0.149988, var: 0.001313","mean: 0.359424, var: 0.002329","mean: 0.030967, var: 0.000658","mean: 0.134302, var: 0.000714","mean: 0.111951, var: 0.001225","mean: 0.282422, var: 0.011614","mean: 0.074454, var: 0.001915",3.0993762195597085,High
ENSP00000498150,"mean: 0.164380, var: 0.000288","mean: 0.560742, var: 0.002972","mean: 0.586230, var: 0.000485","mean: 0.337939, var: 0.010237","mean: 0.168677, var: 0.000558","mean: 0.436230, var: 0.003785","mean: 0.123083, var: 0.003439","mean: 0.174194, var: 0.001828","mean: 0.158752, var: 0.002150","mean: 0.145728, var: 0.001705","mean: 0.217731, var: 0.029056",3.4300193370493286,High
ENSP00000475146,"mean: 0.333887, var: 0.008304","mean: 0.475146, var: 0.001621","mean: 0.395605, var: 0.001164","mean: 0.188184, var: 0.006482","mean: 0.266431, var: 0.004096","mean: 0.482275, var: 0.004734","mean: 0.055191, var: 0.001578","mean: 0.309814, var: 0.013710","mean: 0.311230, var: 0.008794","mean: 0.399854, var: 0.008226","mean: 0.139642, var: 0.011582",3.6327406216744533,High
ENSP00000413925,"mean: 0.219946, var: 0.002550","mean: 0.620215, var: 0.004955","mean: 0.423633, var: 0.006138","mean: 0.361255, var: 0.014058","mean: 0.237817, var: 0.002619","mean: 0.590430, var: 0.003271","mean: 0.017099, var: 0.000166","mean: 0.230145, var: 0.021074","mean: 0.314478, var: 0.019801","mean: 0.299487, var: 0.013694","mean: 0.179898, var: 0.008903",3.454833199344146,High
ENSP00000368745,"mean: 0.529687, var: 0.009522","mean: 0.591113, var: 0.003393","mean: 0.393799, var: 0.000387","mean: 0.103644, var: 0.002419","mean: 0.408301, var: 0.005750","mean: 0.305127, var: 0.004107","mean: 0.014300, var: 0.000055","mean: 0.285962, var: 0.012887","mean: 0.308105, var: 0.005188","mean: 0.333594, var: 0.004849","mean: 0.072556, var: 0.001594",3.315275232104424,High
ENSP00000474048,"mean: 0.174316, var: 0.002927","mean: 0.424512, var: 0.004774","mean: 0.408252, var: 0.003692","mean: 0.695898, var: 0.006474","mean: 0.173315, var: 0.001633","mean: 0.435498, var: 0.005540","mean: 0.021497, var: 0.000778","mean: 0.223901, var: 0.010044","mean: 0.142004, var: 0.002262","mean: 0.208472, var: 0.001872","mean: 0.397314, var: 0.008576",3.3404615237427087,High
ENSP00000492149,"mean: 0.129712, var: 0.000677","mean: 0.543994, var: 0.004028","mean: 0.697949, var: 0.000802","mean: 0.167151, var: 0.002640","mean: 0.113562, var: 0.000140","mean: 0.206689, var: 0.000570","mean: 0.024384, var: 0.000819","mean: 0.173425, var: 0.001649","mean: 0.194348, var: 0.003210","mean: 0.160767, var: 0.001451","mean: 0.211658, var: 0.004021",3.054287832195749,High
ENSP00000404950,"mean: 0.376465, var: 0.002483","mean: 0.201636, var: 0.000899","mean: 0.108521, var: 0.000341","mean: 0.668164, var: 0.006851","mean: 0.444824, var: 0.004965","mean: 0.099292, var: 0.000985","mean: 0.010601, var: 0.000030","mean: 0.264795, var: 0.009618","mean: 0.198608, var: 0.004281","mean: 0.218433, var: 0.002506","mean: 0.010994, var: 0.000049",2.8937366843946126,High
ENSP00000367901,"mean: 0.142041, var: 0.001262","mean: 0.562451, var: 0.003769","mean: 0.654492, var: 0.000131","mean: 0.145184, var: 0.004647","mean: 0.182605, var: 0.001877","mean: 0.303906, var: 0.006721","mean: 0.010764, var: 0.000127","mean: 0.146497, var: 0.000449","mean: 0.117541, var: 0.000286","mean: 0.155219, var: 0.003337","mean: 0.091956, var: 0.003023",2.9213731780219843,High
ENSP00000462446,"mean: 0.818262, var: 0.003727","mean: 0.171948, var: 0.000550","mean: 0.142432, var: 0.000998","mean: 0.147437, var: 0.002062","mean: 0.462207, var: 0.007845","mean: 0.387402, var: 0.003497","mean: 0.036985, var: 0.001613","mean: 0.448193, var: 0.006511","mean: 0.522412, var: 0.016887","mean: 0.423413, var: 0.011778","mean: 0.166296, var: 0.001622",3.233807994129073,High
ENSP00000442725,"mean: 0.482520, var: 0.002681","mean: 0.464307, var: 0.000668","mean: 0.341138, var: 0.005582","mean: 0.046768, var: 0.000487","mean: 0.230469, var: 0.003271","mean: 0.268359, var: 0.007402","mean: 0.015258, var: 0.000216","mean: 0.124237, var: 0.002732","mean: 0.405615, var: 0.003942","mean: 0.370410, var: 0.011934","mean: 0.072241, var: 0.003533",3.1558459528839466,High
ENSP00000441425,"mean: 0.274243, var: 0.008673","mean: 0.487695, var: 0.004003","mean: 0.355615, var: 0.004692","mean: 0.284357, var: 0.024201","mean: 0.234827, var: 0.005104","mean: 0.253906, var: 0.015300","mean: 0.014544, var: 0.000194","mean: 0.174756, var: 0.001942","mean: 0.102295, var: 0.002448","mean: 0.173853, var: 0.002996","mean: 0.048040, var: 0.004529",3.168138029038655,High
ENSP00000347133,"mean: 0.159912, var: 0.000378","mean: 0.503125, var: 0.006241","mean: 0.547949, var: 0.000209","mean: 0.116510, var: 0.003015","mean: 0.110986, var: 0.000838","mean: 0.405029, var: 0.005652","mean: 0.014165, var: 0.000204","mean: 0.173706, var: 0.001937","mean: 0.235156, var: 0.004071","mean: 0.206677, var: 0.006124","mean: 0.290283, var: 0.008679",3.2185383340198683,High
ENSP00000458596,"mean: 0.440576, var: 0.002728","mean: 0.497461, var: 0.000766","mean: 0.314575, var: 0.006525","mean: 0.319263, var: 0.008170","mean: 0.309570, var: 0.002007","mean: 0.658008, var: 0.006314","mean: 0.059111, var: 0.001829","mean: 0.355835, var: 0.007407","mean: 0.271704, var: 0.003815","mean: 0.411938, var: 0.013438","mean: 0.150037, var: 0.009008",3.6140493094415262,High
ENSP00000444110,"mean: 0.215820, var: 0.001303","mean: 0.614551, var: 0.004252","mean: 0.489746, var: 0.003218","mean: 0.067079, var: 0.001397","mean: 0.236279, var: 0.003138","mean: 0.314575, var: 0.006284","mean: 0.020977, var: 0.000419","mean: 0.064078, var: 0.000494","mean: 0.100122, var: 0.000074","mean: 0.183838, var: 0.002305","mean: 0.067120, var: 0.002238",2.8459015939364085,High
ENSP00000469917,"mean: 0.226392, var: 0.002408","mean: 0.515918, var: 0.007136","mean: 0.450146, var: 0.001109","mean: 0.400391, var: 0.002270","mean: 0.117383, var: 0.000609","mean: 0.294043, var: 0.004673","mean: 0.023272, var: 0.000313","mean: 0.135730, var: 0.000859","mean: 0.282275, var: 0.010206","mean: 0.299878, var: 0.001899","mean: 0.118686, var: 0.008110",3.3446514457998195,High
ENSP00000467566,"mean: 0.249951, var: 0.003147","mean: 0.198608, var: 0.000546","mean: 0.100378, var: 0.000398","mean: 0.806738, var: 0.002888","mean: 0.227026, var: 0.000772","mean: 0.230713, var: 0.002195","mean: 0.019559, var: 0.000037","mean: 0.332056, var: 0.006670","mean: 0.336230, var: 0.003358","mean: 0.242676, var: 0.001150","mean: 0.016098, var: 0.000109",2.9661695867177107,High
ENSP00000457082,"mean: 0.178833, var: 0.000094","mean: 0.445508, var: 0.002920","mean: 0.676660, var: 0.000725","mean: 0.046835, var: 0.000808","mean: 0.125610, var: 0.000190","mean: 0.206787, var: 0.001154","mean: 0.121295, var: 0.009540","mean: 0.177930, var: 0.000610","mean: 0.139075, var: 0.000743","mean: 0.138251, var: 0.004648","mean: 0.231189, var: 0.010397",3.1117388013816942,High
ENSP00000433033,"mean: 0.161572, var: 0.001054","mean: 0.388184, var: 0.023557","mean: 0.249976, var: 0.002077","mean: 0.673145, var: 0.010660","mean: 0.094635, var: 0.001735","mean: 0.641797, var: 0.030748","mean: 0.100916, var: 0.001785","mean: 0.299194, var: 0.043465","mean: 0.059548, var: 0.002054","mean: 0.335791, var: 0.015677","mean: 0.089128, var: 0.005721",3.124961933933096,High
ENSP00000432453,"mean: 0.472119, var: 0.007302","mean: 0.527539, var: 0.002542","mean: 0.383887, var: 0.001457","mean: 0.137378, var: 0.004142","mean: 0.307861, var: 0.008530","mean: 0.343213, var: 0.014902","mean: 0.021791, var: 0.000328","mean: 0.328906, var: 0.009249","mean: 0.409473, var: 0.004312","mean: 0.375928, var: 0.008478","mean: 0.144923, var: 0.007170",3.5241225859700767,High
ENSP00000394699,"mean: 0.504736, var: 0.005452","mean: 0.598926, var: 0.003117","mean: 0.379150, var: 0.000919","mean: 0.098059, var: 0.002629","mean: 0.490820, var: 0.009547","mean: 0.231250, var: 0.002729","mean: 0.061380, var: 0.000587","mean: 0.281885, var: 0.002120","mean: 0.346777, var: 0.002259","mean: 0.221863, var: 0.006417","mean: 0.037795, var: 0.001602",3.2888035740335724,High
ENSP00000357374,"mean: 0.270996, var: 0.002208","mean: 0.194922, var: 0.001723","mean: 0.146375, var: 0.000766","mean: 0.737207, var: 0.001319","mean: 0.252832, var: 0.002526","mean: 0.123450, var: 0.001545","mean: 0.049265, var: 0.000627","mean: 0.311719, var: 0.002604","mean: 0.284448, var: 0.002419","mean: 0.267090, var: 0.003833","mean: 0.037665, var: 0.000616",3.1298754717600463,High
ENSP00000472375,"mean: 0.139563, var: 0.000811","mean: 0.625537, var: 0.012720","mean: 0.327979, var: 0.002201","mean: 0.384424, var: 0.005428","mean: 0.107324, var: 0.000359","mean: 0.259668, var: 0.005302","mean: 0.172473, var: 0.021170","mean: 0.256104, var: 0.006830","mean: 0.176306, var: 0.002887","mean: 0.253247, var: 0.000539","mean: 0.134131, var: 0.002443",3.4663408228939794,High
ENSP00000467651,"mean: 0.182935, var: 0.001034","mean: 0.353809, var: 0.003183","mean: 0.441602, var: 0.004073","mean: 0.174170, var: 0.007187","mean: 0.110175, var: 0.002631","mean: 0.512793, var: 0.006061","mean: 0.225842, var: 0.004844","mean: 0.158887, var: 0.000651","mean: 0.091461, var: 0.000699","mean: 0.170789, var: 0.001253","mean: 0.126477, var: 0.005366",3.3396168133586532,High
ENSP00000460067,"mean: 0.175977, var: 0.001680","mean: 0.425098, var: 0.004220","mean: 0.544531, var: 0.004975","mean: 0.413672, var: 0.009932","mean: 0.143213, var: 0.001398","mean: 0.438281, var: 0.002570","mean: 0.042116, var: 0.000689","mean: 0.181860, var: 0.001146","mean: 0.171143, var: 0.001690","mean: 0.168408, var: 0.000707","mean: 0.145789, var: 0.010192",3.3315845481587694,High
ENSP00000453781,"mean: 0.141174, var: 0.000456","mean: 0.402295, var: 0.002224","mean: 0.362109, var: 0.003105","mean: 0.334009, var: 0.012186","mean: 0.111926, var: 0.000299","mean: 0.692773, var: 0.000787","mean: 0.228711, var: 0.005259","mean: 0.093933, var: 0.001127","mean: 0.088818, var: 0.000538","mean: 0.097736, var: 0.000764","mean: 0.093158, var: 0.011438",3.0992176572836323,High
ENSP00000436824,"mean: 0.212134, var: 0.001741","mean: 0.529492, var: 0.003404","mean: 0.489795, var: 0.000331","mean: 0.112064, var: 0.006861","mean: 0.109412, var: 0.002472","mean: 0.388184, var: 0.009054","mean: 0.041449, var: 0.002250","mean: 0.310718, var: 0.005007","mean: 0.323437, var: 0.007737","mean: 0.275488, var: 0.000552","mean: 0.093970, var: 0.006304",3.307475171992673,High
ENSP00000428991,"mean: 0.363672, var: 0.002590","mean: 0.346680, var: 0.002640","mean: 0.401514, var: 0.003037","mean: 0.443359, var: 0.002255","mean: 0.177979, var: 0.001053","mean: 0.518164, var: 0.003156","mean: 0.057877, var: 0.001002","mean: 0.283472, var: 0.001585","mean: 0.352417, var: 0.015146","mean: 0.474463, var: 0.007124","mean: 0.086508, var: 0.003317",3.565295751413925,High
ENSP00000421390,"mean: 0.184973, var: 0.007060","mean: 0.490430, var: 0.007148","mean: 0.573096, var: 0.008905","mean: 0.122974, var: 0.000812","mean: 0.104968, var: 0.001155","mean: 0.200586, var: 0.007319","mean: 0.036224, var: 0.001939","mean: 0.160291, var: 0.001317","mean: 0.179028, var: 0.003407","mean: 0.276953, var: 0.005962","mean: 0.049211, var: 0.005769",3.0225934790783575,High
ENSP00000456783,"mean: 0.379541, var: 0.007330","mean: 0.729688, var: 0.002339","mean: 0.324170, var: 0.003084","mean: 0.065179, var: 0.000461","mean: 0.328052, var: 0.005663","mean: 0.239722, var: 0.002941","mean: 0.003442, var: 0.000012","mean: 0.120325, var: 0.000215","mean: 0.409888, var: 0.019194","mean: 0.426807, var: 0.006211","mean: 0.123763, var: 0.010345",3.11069680964393,High
ENSP00000412265,"mean: 0.131897, var: 0.001271","mean: 0.532617, var: 0.002800","mean: 0.468799, var: 0.005072","mean: 0.452051, var: 0.016042","mean: 0.120068, var: 0.000536","mean: 0.406836, var: 0.004478","mean: 0.070718, var: 0.002919","mean: 0.091174, var: 0.000181","mean: 0.132312, var: 0.001820","mean: 0.200928, var: 0.002042","mean: 0.120441, var: 0.005388",3.1878555660027112,High
ENSP00000363959,"mean: 0.257690, var: 0.009118","mean: 0.348682, var: 0.002789","mean: 0.576562, var: 0.006980","mean: 0.292957, var: 0.013178","mean: 0.098364, var: 0.000597","mean: 0.293042, var: 0.011268","mean: 0.016240, var: 0.000624","mean: 0.294287, var: 0.016414","mean: 0.287915, var: 0.013198","mean: 0.203723, var: 0.016472","mean: 0.280151, var: 0.016614",3.447728701734658,High
ENSP00000357457,"mean: 0.293213, var: 0.002151","mean: 0.666699, var: 0.000825","mean: 0.354346, var: 0.000303","mean: 0.166492, var: 0.003109","mean: 0.274072, var: 0.003761","mean: 0.335596, var: 0.002578","mean: 0.013789, var: 0.000096","mean: 0.186963, var: 0.001149","mean: 0.291406, var: 0.008878","mean: 0.483447, var: 0.009246","mean: 0.117531, var: 0.006711",3.3522120398300626,High
ENSP00000434444,"mean: 0.099304, var: 0.000322","mean: 0.378613, var: 0.001648","mean: 0.717480, var: 0.003400","mean: 0.215576, var: 0.002962","mean: 0.031715, var: 0.000460","mean: 0.214209, var: 0.002454","mean: 0.064420, var: 0.002921","mean: 0.161755, var: 0.002286","mean: 0.100641, var: 0.001273","mean: 0.116174, var: 0.000853","mean: 0.122971, var: 0.014772",2.8157971949838503,High
ENSP00000434386,"mean: 0.215283, var: 0.003172","mean: 0.508838, var: 0.006238","mean: 0.503027, var: 0.004016","mean: 0.584717, var: 0.022672","mean: 0.148035, var: 0.001969","mean: 0.253760, var: 0.008188","mean: 0.027703, var: 0.000585","mean: 0.068335, var: 0.001944","mean: 0.254321, var: 0.014280","mean: 0.115424, var: 0.003944","mean: 0.464140, var: 0.094265",3.2010119340655177,High
ENSP00000258662,"mean: 0.311963, var: 0.005375","mean: 0.674512, var: 0.007118","mean: 0.436377, var: 0.006053","mean: 0.014855, var: 0.000090","mean: 0.182520, var: 0.000359","mean: 0.407715, var: 0.016979","mean: 0.025677, var: 0.000538","mean: 0.240015, var: 0.007448","mean: 0.045364, var: 0.000305","mean: 0.184216, var: 0.006510","mean: 0.383130, var: 0.007245",2.9856916180990565,High
ENSP00000497364,"mean: 0.276685, var: 0.000736","mean: 0.488477, var: 0.002727","mean: 0.441992, var: 0.001802","mean: 0.217920, var: 0.001796","mean: 0.156104, var: 0.000587","mean: 0.187292, var: 0.005038","mean: 0.039021, var: 0.001142","mean: 0.283911, var: 0.002335","mean: 0.478467, var: 0.012585","mean: 0.321753, var: 0.002776","mean: 0.131160, var: 0.018984",3.4700736677060284,High
ENSP00000486048,"mean: 0.433105, var: 0.015706","mean: 0.549414, var: 0.001597","mean: 0.474805, var: 0.003881","mean: 0.101025, var: 0.003881","mean: 0.345898, var: 0.006621","mean: 0.286450, var: 0.017828","mean: 0.001685, var: 0.000002","mean: 0.105035, var: 0.001438","mean: 0.305225, var: 0.002053","mean: 0.258789, var: 0.009866","mean: 0.026548, var: 0.000540",3.0578482806959246,High
ENSP00000460751,"mean: 0.177271, var: 0.001196","mean: 0.430957, var: 0.003378","mean: 0.696484, var: 0.003546","mean: 0.250024, var: 0.013529","mean: 0.115295, var: 0.000432","mean: 0.318164, var: 0.001413","mean: 0.023287, var: 0.000568","mean: 0.172412, var: 0.001053","mean: 0.169019, var: 0.002293","mean: 0.133539, var: 0.004194","mean: 0.149695, var: 0.000884",3.1256430682255854,High
ENSP00000408628,"mean: 0.214111, var: 0.000688","mean: 0.145166, var: 0.001313","mean: 0.082141, var: 0.000497","mean: 0.836816, var: 0.006270","mean: 0.150708, var: 0.000463","mean: 0.114941, var: 0.001820","mean: 0.041342, var: 0.000600","mean: 0.481836, var: 0.023158","mean: 0.280566, var: 0.004666","mean: 0.371899, var: 0.007326","mean: 0.035394, var: 0.000430",2.824613191818875,High
ENSP00000482839,"mean: 0.341040, var: 0.010103","mean: 0.433105, var: 0.002923","mean: 0.387988, var: 0.003618","mean: 0.335596, var: 0.007008","mean: 0.280933, var: 0.005674","mean: 0.518359, var: 0.003764","mean: 0.020840, var: 0.000391","mean: 0.343408, var: 0.002409","mean: 0.336548, var: 0.010269","mean: 0.390918, var: 0.009001","mean: 0.213904, var: 0.009379",3.671618487848126,High
ENSP00000479315,"mean: 0.217603, var: 0.003690","mean: 0.414453, var: 0.003575","mean: 0.413379, var: 0.002588","mean: 0.527832, var: 0.005366","mean: 0.166028, var: 0.004457","mean: 0.627148, var: 0.000568","mean: 0.066476, var: 0.002828","mean: 0.277954, var: 0.003382","mean: 0.262671, var: 0.010086","mean: 0.407642, var: 0.017096","mean: 0.270361, var: 0.020411",3.59675184557489,High
ENSP00000464899,"mean: 0.174463, var: 0.004964","mean: 0.447363, var: 0.005253","mean: 0.443213, var: 0.005589","mean: 0.182117, var: 0.003242","mean: 0.110809, var: 0.000656","mean: 0.326099, var: 0.006626","mean: 0.055716, var: 0.001900","mean: 0.222485, var: 0.000736","mean: 0.071655, var: 0.001735","mean: 0.147900, var: 0.004319","mean: 0.091118, var: 0.011055",3.1295445614061115,High
ENSP00000464077,"mean: 0.217847, var: 0.003041","mean: 0.519727, var: 0.004301","mean: 0.443945, var: 0.003786","mean: 0.309155, var: 0.015661","mean: 0.126416, var: 0.002296","mean: 0.555566, var: 0.005521","mean: 0.109406, var: 0.002697","mean: 0.230322, var: 0.002318","mean: 0.303540, var: 0.009833","mean: 0.337183, var: 0.009104","mean: 0.053903, var: 0.002242",3.4496895476191076,High
ENSP00000462344,"mean: 0.628906, var: 0.013720","mean: 0.243091, var: 0.002099","mean: 0.325879, var: 0.001089","mean: 0.195679, var: 0.004614","mean: 0.361621, var: 0.005351","mean: 0.403711, var: 0.001991","mean: 0.025246, var: 0.000357","mean: 0.547168, var: 0.012631","mean: 0.429395, var: 0.016136","mean: 0.472900, var: 0.014407","mean: 0.220251, var: 0.005859",3.5272872579704178,High
ENSP00000431638,"mean: 0.447754, var: 0.003001","mean: 0.493994, var: 0.005759","mean: 0.341895, var: 0.001554","mean: 0.095654, var: 0.002543","mean: 0.283716, var: 0.006073","mean: 0.432178, var: 0.004507","mean: 0.037944, var: 0.000471","mean: 0.448730, var: 0.024670","mean: 0.706348, var: 0.003725","mean: 0.416504, var: 0.005852","mean: 0.090775, var: 0.003388",3.3314611747465075,High
ENSP00000451256,"mean: 0.475830, var: 0.018862","mean: 0.571094, var: 0.000446","mean: 0.305688, var: 0.005801","mean: 0.115686, var: 0.002405","mean: 0.458740, var: 0.011277","mean: 0.189917, var: 0.002127","mean: 0.009236, var: 0.000119","mean: 0.187451, var: 0.001584","mean: 0.327051, var: 0.009937","mean: 0.245312, var: 0.006245","mean: 0.117499, var: 0.007398",3.277061906302503,High
ENSP00000439269,"mean: 0.309155, var: 0.010193","mean: 0.795508, var: 0.003013","mean: 0.394678, var: 0.004002","mean: 0.107184, var: 0.001996","mean: 0.175122, var: 0.001749","mean: 0.183679, var: 0.005890","mean: 0.063824, var: 0.001014","mean: 0.186548, var: 0.005795","mean: 0.201636, var: 0.009914","mean: 0.541260, var: 0.012613","mean: 0.040477, var: 0.002238",3.0413606677252374,High
ENSP00000417662,"mean: 0.202197, var: 0.001635","mean: 0.530225, var: 0.002173","mean: 0.458936, var: 0.002205","mean: 0.334424, var: 0.011521","mean: 0.150562, var: 0.000569","mean: 0.500537, var: 0.002864","mean: 0.055304, var: 0.001298","mean: 0.234033, var: 0.003565","mean: 0.214014, var: 0.002178","mean: 0.169556, var: 0.002421","mean: 0.259570, var: 0.008728",3.4957584238077666,High
ENSP00000335674,"mean: 0.281128, var: 0.003195","mean: 0.415332, var: 0.003307","mean: 0.469482, var: 0.001439","mean: 0.214319, var: 0.011851","mean: 0.199414, var: 0.000930","mean: 0.543652, var: 0.002573","mean: 0.031975, var: 0.000845","mean: 0.268652, var: 0.003470","mean: 0.206860, var: 0.002907","mean: 0.193237, var: 0.004240","mean: 0.201135, var: 0.009351",3.488996721023379,High
ENSP00000497176,"mean: 0.230396, var: 0.003251","mean: 0.417578, var: 0.004006","mean: 0.434326, var: 0.005798","mean: 0.523389, var: 0.003684","mean: 0.220801, var: 0.001587","mean: 0.507129, var: 0.003292","mean: 0.038420, var: 0.001351","mean: 0.293799, var: 0.002798","mean: 0.199341, var: 0.003014","mean: 0.320581, var: 0.008271","mean: 0.240308, var: 0.021064",3.595700812699145,High
ENSP00000467906,"mean: 0.196069, var: 0.001087","mean: 0.491650, var: 0.007137","mean: 0.468311, var: 0.000920","mean: 0.355420, var: 0.009449","mean: 0.185327, var: 0.001242","mean: 0.500146, var: 0.002696","mean: 0.049802, var: 0.002288","mean: 0.231104, var: 0.005892","mean: 0.129614, var: 0.002059","mean: 0.271338, var: 0.004446","mean: 0.197009, var: 0.007147",3.477109618772428,High
ENSP00000426551,"mean: 0.140930, var: 0.000577","mean: 0.597559, var: 0.003841","mean: 0.574805, var: 0.005816","mean: 0.067465, var: 0.001767","mean: 0.149341, var: 0.001765","mean: 0.200305, var: 0.005146","mean: 0.026292, var: 0.000806","mean: 0.105408, var: 0.000797","mean: 0.110791, var: 0.000208","mean: 0.138379, var: 0.001328","mean: 0.296198, var: 0.016236",2.9007118422894766,High
ENSP00000420273,"mean: 0.471387, var: 0.005183","mean: 0.461377, var: 0.001617","mean: 0.344238, var: 0.000267","mean: 0.187793, var: 0.001819","mean: 0.509375, var: 0.013455","mean: 0.395410, var: 0.002390","mean: 0.130371, var: 0.001759","mean: 0.196484, var: 0.001651","mean: 0.232227, var: 0.002219","mean: 0.408643, var: 0.000546","mean: 0.251099, var: 0.008118",3.7401509286952312,High
ENSP00000378422,"mean: 0.167383, var: 0.000938","mean: 0.515479, var: 0.003117","mean: 0.500684, var: 0.004722","mean: 0.496973, var: 0.006009","mean: 0.131689, var: 0.000491","mean: 0.362793, var: 0.000423","mean: 0.040892, var: 0.000835","mean: 0.244287, var: 0.000605","mean: 0.211877, var: 0.006050","mean: 0.195557, var: 0.000706","mean: 0.195081, var: 0.006532",3.411218824846191,High
ENSP00000394340,"mean: 0.206689, var: 0.001874","mean: 0.662793, var: 0.003511","mean: 0.313818, var: 0.004554","mean: 0.262756, var: 0.013362","mean: 0.227539, var: 0.002355","mean: 0.126740, var: 0.004728","mean: 0.016377, var: 0.000192","mean: 0.120544, var: 0.000469","mean: 0.131421, var: 0.001019","mean: 0.188916, var: 0.000380","mean: 0.042258, var: 0.001942",2.9495892985336534,High
ENSP00000357381,"mean: 0.277490, var: 0.003119","mean: 0.140747, var: 0.000875","mean: 0.113403, var: 0.000513","mean: 0.826270, var: 0.001712","mean: 0.279175, var: 0.004898","mean: 0.106616, var: 0.001065","mean: 0.039124, var: 0.000167","mean: 0.300830, var: 0.002397","mean: 0.233447, var: 0.002683","mean: 0.241992, var: 0.002818","mean: 0.018076, var: 0.000129",2.874786372733883,High
ENSP00000300433,"mean: 0.715430, var: 0.004851","mean: 0.163867, var: 0.000882","mean: 0.128503, var: 0.000348","mean: 0.399414, var: 0.010141","mean: 0.724414, var: 0.005561","mean: 0.115161, var: 0.001702","mean: 0.007585, var: 0.000019","mean: 0.262769, var: 0.004201","mean: 0.381982, var: 0.003593","mean: 0.276831, var: 0.002896","mean: 0.014700, var: 0.000068",2.8220541655367852,High
ENSP00000455941,"mean: 0.194824, var: 0.004003","mean: 0.307959, var: 0.002284","mean: 0.358423, var: 0.006423","mean: 0.533398, var: 0.017414","mean: 0.130383, var: 0.002041","mean: 0.583008, var: 0.006120","mean: 0.056015, var: 0.004215","mean: 0.193237, var: 0.003029","mean: 0.138000, var: 0.001911","mean: 0.278125, var: 0.012657","mean: 0.247900, var: 0.006220",3.418627285620815,High
ENSP00000440575,"mean: 0.125684, var: 0.001360","mean: 0.525049, var: 0.006621","mean: 0.657715, var: 0.000998","mean: 0.168134, var: 0.008631","mean: 0.106824, var: 0.000585","mean: 0.291846, var: 0.002563","mean: 0.012730, var: 0.000203","mean: 0.124683, var: 0.000449","mean: 0.204736, var: 0.002178","mean: 0.151855, var: 0.000716","mean: 0.157433, var: 0.006524",2.9897583504766914,High
ENSP00000429166,"mean: 0.207666, var: 0.001835","mean: 0.517285, var: 0.008274","mean: 0.298438, var: 0.002850","mean: 0.339453, var: 0.005555","mean: 0.123438, var: 0.001619","mean: 0.468896, var: 0.004503","mean: 0.086780, var: 0.004310","mean: 0.236987, var: 0.001496","mean: 0.148242, var: 0.000826","mean: 0.272412, var: 0.003911","mean: 0.331592, var: 0.028172",3.5649617499310415,High
ENSP00000455296,"mean: 0.176221, var: 0.001991","mean: 0.497461, var: 0.012120","mean: 0.307861, var: 0.007953","mean: 0.076575, var: 0.002834","mean: 0.062445, var: 0.000517","mean: 0.453955, var: 0.012957","mean: 0.015202, var: 0.000322","mean: 0.086780, var: 0.001321","mean: 0.231506, var: 0.005363","mean: 0.113472, var: 0.005924","mean: 0.092828, var: 0.018063",2.8265057819015817,High
ENSP00000437580,"mean: 0.245312, var: 0.003228","mean: 0.587402, var: 0.006030","mean: 0.536768, var: 0.014484","mean: 0.117206, var: 0.001025","mean: 0.213892, var: 0.002071","mean: 0.381592, var: 0.009459","mean: 0.118433, var: 0.006556","mean: 0.134644, var: 0.003813","mean: 0.326587, var: 0.014763","mean: 0.269531, var: 0.014009","mean: 0.074289, var: 0.004873",3.3746153144878925,High
ENSP00000435888,"mean: 0.549951, var: 0.003514","mean: 0.541357, var: 0.006505","mean: 0.256787, var: 0.006706","mean: 0.083911, var: 0.001838","mean: 0.212988, var: 0.002410","mean: 0.474316, var: 0.003661","mean: 0.140610, var: 0.008026","mean: 0.678320, var: 0.032864","mean: 0.597949, var: 0.000997","mean: 0.773730, var: 0.003993","mean: 0.207211, var: 0.010492",3.272516247969926,High
ENSP00000427092,"mean: 0.372266, var: 0.002238","mean: 0.522119, var: 0.001299","mean: 0.348340, var: 0.001823","mean: 0.178882, var: 0.002163","mean: 0.366846, var: 0.005496","mean: 0.262231, var: 0.001284","mean: 0.080731, var: 0.001064","mean: 0.186353, var: 0.000450","mean: 0.282764, var: 0.004240","mean: 0.473145, var: 0.003018","mean: 0.136182, var: 0.006995",3.6002810080794596,High
ENSP00000422831,"mean: 0.352734, var: 0.003798","mean: 0.557324, var: 0.001029","mean: 0.377100, var: 0.000819","mean: 0.063893, var: 0.001116","mean: 0.274048, var: 0.002754","mean: 0.238953, var: 0.008528","mean: 0.047227, var: 0.001421","mean: 0.200269, var: 0.001462","mean: 0.265308, var: 0.002436","mean: 0.333813, var: 0.005390","mean: 0.080699, var: 0.004858",3.321310506767675,High
ENSP00000400637,"mean: 0.126294, var: 0.000412","mean: 0.500830, var: 0.006556","mean: 0.586621, var: 0.003747","mean: 0.145984, var: 0.004136","mean: 0.050723, var: 0.000220","mean: 0.417480, var: 0.009163","mean: 0.027706, var: 0.000258","mean: 0.095432, var: 0.002850","mean: 0.162439, var: 0.005035","mean: 0.173193, var: 0.004076","mean: 0.116377, var: 0.006859",2.8901100832562423,High
ENSP00000451268,"mean: 0.371875, var: 0.007732","mean: 0.504541, var: 0.003540","mean: 0.409155, var: 0.007008","mean: 0.069312, var: 0.001399","mean: 0.209888, var: 0.000979","mean: 0.281934, var: 0.007125","mean: 0.053839, var: 0.000284","mean: 0.261206, var: 0.009179","mean: 0.267017, var: 0.004239","mean: 0.220300, var: 0.004552","mean: 0.042750, var: 0.002447",3.276856822823475,High
ENSP00000346473,"mean: 0.260718, var: 0.000692","mean: 0.422266, var: 0.002773","mean: 0.364185, var: 0.006085","mean: 0.528223, var: 0.001417","mean: 0.192334, var: 0.001612","mean: 0.393994, var: 0.000949","mean: 0.156116, var: 0.004494","mean: 0.369775, var: 0.006698","mean: 0.204956, var: 0.005045","mean: 0.261621, var: 0.000773","mean: 0.207690, var: 0.011548",3.763442240165464,High
ENSP00000462839,"mean: 0.928027, var: 0.004739","mean: 0.155652, var: 0.001100","mean: 0.075293, var: 0.000625","mean: 0.086827, var: 0.016829","mean: 0.394238, var: 0.007621","mean: 0.442188, var: 0.006733","mean: 0.043655, var: 0.002064","mean: 0.631494, var: 0.005319","mean: 0.353467, var: 0.000743","mean: 0.598437, var: 0.009182","mean: 0.114801, var: 0.003833",2.8438922117374754,High
ENSP00000435724,"mean: 0.338574, var: 0.001774","mean: 0.407959, var: 0.002547","mean: 0.461963, var: 0.000077","mean: 0.151208, var: 0.003403","mean: 0.303003, var: 0.003191","mean: 0.377832, var: 0.003048","mean: 0.143298, var: 0.005374","mean: 0.302881, var: 0.002595","mean: 0.201367, var: 0.004969","mean: 0.266016, var: 0.002766","mean: 0.316235, var: 0.006202",3.7836097099482693,High
ENSP00000408251,"mean: 0.262085, var: 0.000551","mean: 0.546533, var: 0.005371","mean: 0.588086, var: 0.001059","mean: 0.159717, var: 0.002266","mean: 0.195996, var: 0.001197","mean: 0.145483, var: 0.002751","mean: 0.011847, var: 0.000088","mean: 0.324097, var: 0.010474","mean: 0.318115, var: 0.001799","mean: 0.183154, var: 0.002358","mean: 0.067387, var: 0.005556",3.1609028217562427,High
ENSP00000396061,"mean: 0.375635, var: 0.004257","mean: 0.707031, var: 0.007091","mean: 0.217603, var: 0.003802","mean: 0.151404, var: 0.000773","mean: 0.258740, var: 0.004077","mean: 0.279810, var: 0.011261","mean: 0.009649, var: 0.000153","mean: 0.229102, var: 0.001322","mean: 0.434741, var: 0.021371","mean: 0.210742, var: 0.007819","mean: 0.064112, var: 0.004617",3.1855690181059804,High
ENSP00000481500,"mean: 0.245679, var: 0.000512","mean: 0.439795, var: 0.003068","mean: 0.401807, var: 0.000387","mean: 0.247363, var: 0.004485","mean: 0.151514, var: 0.000456","mean: 0.425830, var: 0.003515","mean: 0.047562, var: 0.001481","mean: 0.413867, var: 0.011892","mean: 0.289551, var: 0.009710","mean: 0.319873, var: 0.011775","mean: 0.270190, var: 0.006762",3.654528317815138,High
ENSP00000469800,"mean: 0.161389, var: 0.002290","mean: 0.703516, var: 0.004035","mean: 0.363086, var: 0.003855","mean: 0.212146, var: 0.011457","mean: 0.132812, var: 0.000646","mean: 0.282617, var: 0.002664","mean: 0.027199, var: 0.000351","mean: 0.142517, var: 0.005751","mean: 0.177808, var: 0.002599","mean: 0.408936, var: 0.018750","mean: 0.044315, var: 0.003981",3.0503617310263853,High
ENSP00000411992,"mean: 0.199756, var: 0.000533","mean: 0.483203, var: 0.011697","mean: 0.441260, var: 0.004387","mean: 0.474048, var: 0.031585","mean: 0.069055, var: 0.000733","mean: 0.631641, var: 0.003540","mean: 0.093747, var: 0.003160","mean: 0.242651, var: 0.009018","mean: 0.107788, var: 0.002260","mean: 0.248926, var: 0.001659","mean: 0.105909, var: 0.016629",3.2523957974471065,High
ENSP00000386558,"mean: 0.348975, var: 0.004846","mean: 0.437793, var: 0.002226","mean: 0.434619, var: 0.001376","mean: 0.130200, var: 0.004750","mean: 0.166602, var: 0.001931","mean: 0.220837, var: 0.006071","mean: 0.071634, var: 0.003139","mean: 0.159058, var: 0.001092","mean: 0.245630, var: 0.001901","mean: 0.206836, var: 0.004006","mean: 0.079916, var: 0.006964",3.3426972615155863,High
ENSP00000505003,"mean: 0.204907, var: 0.001219","mean: 0.494678, var: 0.004663","mean: 0.339966, var: 0.003708","mean: 0.329065, var: 0.014399","mean: 0.123791, var: 0.000841","mean: 0.464844, var: 0.005770","mean: 0.172266, var: 0.010222","mean: 0.211060, var: 0.004074","mean: 0.198999, var: 0.001935","mean: 0.231689, var: 0.001758","mean: 0.231549, var: 0.028315",3.650389913611301,High
ENSP00000393196,"mean: 0.236328, var: 0.004098","mean: 0.459082, var: 0.004223","mean: 0.445166, var: 0.003260","mean: 0.419678, var: 0.005348","mean: 0.193286, var: 0.003212","mean: 0.499463, var: 0.000969","mean: 0.025354, var: 0.000547","mean: 0.231567, var: 0.000598","mean: 0.242798, var: 0.006020","mean: 0.395117, var: 0.009941","mean: 0.157349, var: 0.005629",3.5209009176544765,High
ENSP00000442180,"mean: 0.204736, var: 0.000365","mean: 0.497705, var: 0.002087","mean: 0.513574, var: 0.003065","mean: 0.343506, var: 0.009880","mean: 0.118091, var: 0.001003","mean: 0.395459, var: 0.000757","mean: 0.052400, var: 0.001833","mean: 0.226587, var: 0.000962","mean: 0.268066, var: 0.004513","mean: 0.273413, var: 0.001106","mean: 0.175018, var: 0.012472",3.503837729832498,High
ENSP00000422612,"mean: 0.426563, var: 0.002927","mean: 0.483301, var: 0.000563","mean: 0.314502, var: 0.001189","mean: 0.239014, var: 0.003211","mean: 0.383838, var: 0.007151","mean: 0.363086, var: 0.002302","mean: 0.212952, var: 0.002564","mean: 0.148962, var: 0.000627","mean: 0.230078, var: 0.004104","mean: 0.471631, var: 0.003552","mean: 0.126526, var: 0.007404",3.7232133165311696,High
ENSP00000357089,"mean: 0.222229, var: 0.022778","mean: 0.725000, var: 0.020412","mean: 0.371545, var: 0.027020","mean: 0.225610, var: 0.003013","mean: 0.298938, var: 0.051154","mean: 0.273267, var: 0.005886","mean: 0.015094, var: 0.000203","mean: 0.210474, var: 0.029070","mean: 0.145471, var: 0.002754","mean: 0.262170, var: 0.012207","mean: 0.016603, var: 0.000340",3.0774158098582345,High
ENSP00000506592,"mean: 0.292822, var: 0.001609","mean: 0.614551, var: 0.009403","mean: 0.528027, var: 0.007008","mean: 0.081223, var: 0.003768","mean: 0.203271, var: 0.002470","mean: 0.462988, var: 0.007642","mean: 0.037238, var: 0.001443","mean: 0.110168, var: 0.001104","mean: 0.111023, var: 0.001022","mean: 0.096695, var: 0.007723","mean: 0.154993, var: 0.007535",3.004765883248128,High
ENSP00000484730,"mean: 0.278101, var: 0.002271","mean: 0.228271, var: 0.001350","mean: 0.214697, var: 0.001984","mean: 0.802344, var: 0.000833","mean: 0.221851, var: 0.000316","mean: 0.283252, var: 0.002519","mean: 0.040063, var: 0.000462","mean: 0.346582, var: 0.003945","mean: 0.261865, var: 0.008672","mean: 0.317676, var: 0.001412","mean: 0.072375, var: 0.002053",3.2928342647898416,High
ENSP00000474781,"mean: 0.591504, var: 0.002640","mean: 0.312988, var: 0.005723","mean: 0.205273, var: 0.001310","mean: 0.096545, var: 0.001436","mean: 0.119360, var: 0.000846","mean: 0.866016, var: 0.001733","mean: 0.113550, var: 0.003164","mean: 0.373145, var: 0.003256","mean: 0.265308, var: 0.001372","mean: 0.216357, var: 0.004823","mean: 0.237830, var: 0.014467",3.2428519238880313,High
ENSP00000440305,"mean: 0.315820, var: 0.001025","mean: 0.347656, var: 0.002377","mean: 0.256152, var: 0.001241","mean: 0.238379, var: 0.003091","mean: 0.159827, var: 0.000598","mean: 0.545410, var: 0.001729","mean: 0.557275, var: 0.003465","mean: 0.357910, var: 0.006162","mean: 0.188403, var: 0.001244","mean: 0.199683, var: 0.002430","mean: 0.216504, var: 0.016092",3.706746092312963,High
ENSP00000421230,"mean: 0.382812, var: 0.003076","mean: 0.510840, var: 0.000817","mean: 0.313623, var: 0.001866","mean: 0.239038, var: 0.003487","mean: 0.371045, var: 0.007133","mean: 0.275757, var: 0.000789","mean: 0.102234, var: 0.001086","mean: 0.177930, var: 0.000163","mean: 0.265210, var: 0.003868","mean: 0.490332, var: 0.002829","mean: 0.116013, var: 0.006053",3.631232462084805,High
ENSP00000437954,"mean: 0.458594, var: 0.011745","mean: 0.321533, var: 0.001128","mean: 0.113574, var: 0.000592","mean: 0.702930, var: 0.004333","mean: 0.424854, var: 0.009126","mean: 0.307080, var: 0.004181","mean: 0.010414, var: 0.000057","mean: 0.255737, var: 0.002613","mean: 0.307837, var: 0.019195","mean: 0.459717, var: 0.005829","mean: 0.042010, var: 0.000765",3.192798535826195,High
ENSP00000435761,"mean: 0.429785, var: 0.004731","mean: 0.554590, var: 0.003621","mean: 0.494385, var: 0.002168","mean: 0.148914, var: 0.000487","mean: 0.152832, var: 0.004084","mean: 0.301538, var: 0.007507","mean: 0.050420, var: 0.001564","mean: 0.341748, var: 0.002903","mean: 0.695752, var: 0.027053","mean: 0.694336, var: 0.007551","mean: 0.054901, var: 0.003685",3.1528950913510596,High
ENSP00000333624,"mean: 0.227710, var: 0.001283","mean: 0.479248, var: 0.004041","mean: 0.413672, var: 0.002694","mean: 0.435986, var: 0.006885","mean: 0.153345, var: 0.001255","mean: 0.493848, var: 0.002472","mean: 0.043027, var: 0.000961","mean: 0.217188, var: 0.001152","mean: 0.242163, var: 0.005126","mean: 0.253467, var: 0.002596","mean: 0.315942, var: 0.009500",3.574812094430547,High
ENSP00000334125,"mean: 0.125342, var: 0.000894","mean: 0.429883, var: 0.009974","mean: 0.310742, var: 0.001267","mean: 0.824219, var: 0.003593","mean: 0.147815, var: 0.002730","mean: 0.660449, var: 0.015235","mean: 0.208313, var: 0.014148","mean: 0.244177, var: 0.017380","mean: 0.092592, var: 0.002627","mean: 0.411523, var: 0.012226","mean: 0.074576, var: 0.002344",3.152672299852804,High
ENSP00000472837,"mean: 0.176978, var: 0.006567","mean: 0.646191, var: 0.003248","mean: 0.517725, var: 0.007804","mean: 0.445947, var: 0.011949","mean: 0.176733, var: 0.002133","mean: 0.332080, var: 0.001544","mean: 0.018333, var: 0.000264","mean: 0.207593, var: 0.004981","mean: 0.152191, var: 0.006648","mean: 0.140155, var: 0.004067","mean: 0.383479, var: 0.072795",3.2911364159369554,High
ENSP00000471034,"mean: 0.231934, var: 0.000652","mean: 0.256714, var: 0.009451","mean: 0.326318, var: 0.005826","mean: 0.588428, var: 0.018640","mean: 0.078809, var: 0.002610","mean: 0.673730, var: 0.018308","mean: 0.049425, var: 0.002032","mean: 0.341187, var: 0.039707","mean: 0.159787, var: 0.030857","mean: 0.459473, var: 0.012851","mean: 0.326797, var: 0.079739",3.363163094839033,High
ENSP00000430836,"mean: 0.211548, var: 0.001453","mean: 0.504443, var: 0.003556","mean: 0.506689, var: 0.003906","mean: 0.075912, var: 0.001874","mean: 0.155054, var: 0.000675","mean: 0.354761, var: 0.005595","mean: 0.053900, var: 0.001452","mean: 0.216797, var: 0.005443","mean: 0.155200, var: 0.000415","mean: 0.238574, var: 0.002641","mean: 0.413208, var: 0.012074",3.355734287765071,High
ENSP00000416164,"mean: 0.390527, var: 0.008767","mean: 0.478223, var: 0.002054","mean: 0.479980, var: 0.007245","mean: 0.125330, var: 0.002250","mean: 0.183960, var: 0.005986","mean: 0.157104, var: 0.003523","mean: 0.018778, var: 0.000296","mean: 0.266016, var: 0.003884","mean: 0.401611, var: 0.013086","mean: 0.410132, var: 0.023175","mean: 0.023827, var: 0.000496",3.182654207103921,High
ENSP00000412812,"mean: 0.564697, var: 0.004248","mean: 0.584570, var: 0.002352","mean: 0.360059, var: 0.001599","mean: 0.086566, var: 0.002236","mean: 0.521289, var: 0.008521","mean: 0.278345, var: 0.001986","mean: 0.059979, var: 0.000655","mean: 0.297778, var: 0.003599","mean: 0.365869, var: 0.002531","mean: 0.259253, var: 0.005927","mean: 0.038908, var: 0.001783",3.2853934945423844,High
ENSP00000406065,"mean: 0.113489, var: 0.000784","mean: 0.454688, var: 0.002792","mean: 0.651465, var: 0.000891","mean: 0.435205, var: 0.016926","mean: 0.136182, var: 0.000948","mean: 0.536914, var: 0.008927","mean: 0.023547, var: 0.000337","mean: 0.272754, var: 0.003759","mean: 0.172644, var: 0.002062","mean: 0.118268, var: 0.002080","mean: 0.209656, var: 0.020966",3.1778877098839917,High
ENSP00000493305,"mean: 0.137292, var: 0.000325","mean: 0.564355, var: 0.002112","mean: 0.559570, var: 0.004136","mean: 0.222864, var: 0.011356","mean: 0.183325, var: 0.002139","mean: 0.355127, var: 0.003022","mean: 0.036537, var: 0.000235","mean: 0.141766, var: 0.002841","mean: 0.116223, var: 0.000598","mean: 0.119922, var: 0.001559","mean: 0.061846, var: 0.002882",3.00804791233719,High
ENSP00000489222,"mean: 0.299609, var: 0.001290","mean: 0.238354, var: 0.001214","mean: 0.226709, var: 0.002435","mean: 0.659473, var: 0.003815","mean: 0.157959, var: 0.001066","mean: 0.300098, var: 0.004589","mean: 0.113977, var: 0.003701","mean: 0.478564, var: 0.010311","mean: 0.286328, var: 0.008400","mean: 0.373389, var: 0.002022","mean: 0.134552, var: 0.009011",3.5626536655884005,High
ENSP00000436936,"mean: 0.311182, var: 0.000704","mean: 0.542822, var: 0.002960","mean: 0.387549, var: 0.003403","mean: 0.157263, var: 0.003827","mean: 0.284839, var: 0.009303","mean: 0.395093, var: 0.009301","mean: 0.106219, var: 0.004749","mean: 0.054953, var: 0.000949","mean: 0.130652, var: 0.002296","mean: 0.131207, var: 0.002262","mean: 0.093682, var: 0.010121",3.2296100420660667,High
ENSP00000435577,"mean: 0.117712, var: 0.000262","mean: 0.579785, var: 0.002285","mean: 0.506201, var: 0.004596","mean: 0.166785, var: 0.003942","mean: 0.100232, var: 0.000846","mean: 0.297949, var: 0.001509","mean: 0.053914, var: 0.002653","mean: 0.100928, var: 0.000885","mean: 0.167896, var: 0.002707","mean: 0.175305, var: 0.005033","mean: 0.128738, var: 0.012588",3.0602280086460323,High
ENSP00000427520,"mean: 0.772559, var: 0.003478","mean: 0.184180, var: 0.000695","mean: 0.208374, var: 0.002709","mean: 0.177148, var: 0.001266","mean: 0.716113, var: 0.005871","mean: 0.201135, var: 0.005311","mean: 0.015890, var: 0.000131","mean: 0.230884, var: 0.003667","mean: 0.490479, var: 0.014506","mean: 0.414844, var: 0.009542","mean: 0.033940, var: 0.001021",2.939565188407958,High
ENSP00000440181,"mean: 0.123108, var: 0.000953","mean: 0.533838, var: 0.001613","mean: 0.735156, var: 0.001493","mean: 0.179565, var: 0.005985","mean: 0.151208, var: 0.001271","mean: 0.219507, var: 0.003157","mean: 0.152161, var: 0.010756","mean: 0.149390, var: 0.001882","mean: 0.080298, var: 0.001391","mean: 0.106030, var: 0.000604","mean: 0.066288, var: 0.005319",2.93683020935913,High
ENSP00000436907,"mean: 0.334863, var: 0.006765","mean: 0.340967, var: 0.000989","mean: 0.467920, var: 0.002239","mean: 0.098084, var: 0.003662","mean: 0.291699, var: 0.014088","mean: 0.442676, var: 0.003126","mean: 0.031142, var: 0.000612","mean: 0.080548, var: 0.001709","mean: 0.130640, var: 0.005746","mean: 0.153519, var: 0.011503","mean: 0.039034, var: 0.001215",3.027564229229741,High
ENSP00000294521,"mean: 0.520312, var: 0.006164","mean: 0.620508, var: 0.001340","mean: 0.269189, var: 0.001903","mean: 0.203760, var: 0.004489","mean: 0.620313, var: 0.006663","mean: 0.248547, var: 0.008033","mean: 0.037177, var: 0.000294","mean: 0.250806, var: 0.003459","mean: 0.360059, var: 0.007235","mean: 0.319922, var: 0.000910","mean: 0.161366, var: 0.006265",3.451709439495603,High
ENSP00000483601,"mean: 0.267480, var: 0.007806","mean: 0.422705, var: 0.006396","mean: 0.616504, var: 0.001908","mean: 0.142200, var: 0.004968","mean: 0.133521, var: 0.002299","mean: 0.467139, var: 0.016817","mean: 0.037305, var: 0.002244","mean: 0.309595, var: 0.020179","mean: 0.123730, var: 0.002230","mean: 0.304663, var: 0.002195","mean: 0.095773, var: 0.011157",3.2476721326002806,High
ENSP00000464183,"mean: 0.433203, var: 0.003587","mean: 0.337451, var: 0.000776","mean: 0.386865, var: 0.002581","mean: 0.106274, var: 0.000834","mean: 0.185449, var: 0.002746","mean: 0.351123, var: 0.003103","mean: 0.027930, var: 0.000214","mean: 0.498682, var: 0.007524","mean: 0.526367, var: 0.009703","mean: 0.472461, var: 0.003313","mean: 0.083133, var: 0.005476",3.360324687527379,High
ENSP00000403920,"mean: 0.228674, var: 0.009228","mean: 0.660547, var: 0.004365","mean: 0.420703, var: 0.004821","mean: 0.063889, var: 0.001594","mean: 0.182397, var: 0.007281","mean: 0.108746, var: 0.001287","mean: 0.074344, var: 0.000894","mean: 0.195795, var: 0.007576","mean: 0.447803, var: 0.016252","mean: 0.394482, var: 0.003961","mean: 0.284666, var: 0.088551",3.2998247635424414,High
ENSP00000463294,"mean: 0.159326, var: 0.000825","mean: 0.578564, var: 0.003730","mean: 0.477051, var: 0.001435","mean: 0.282788, var: 0.014984","mean: 0.119128, var: 0.000955","mean: 0.337061, var: 0.000958","mean: 0.027701, var: 0.000641","mean: 0.165674, var: 0.000343","mean: 0.200415, var: 0.001312","mean: 0.244458, var: 0.001122","mean: 0.125079, var: 0.007154",3.2632128295839813,High
ENSP00000454778,"mean: 0.272241, var: 0.009930","mean: 0.570996, var: 0.002999","mean: 0.484424, var: 0.003805","mean: 0.150113, var: 0.006358","mean: 0.274072, var: 0.004543","mean: 0.348242, var: 0.006626","mean: 0.008470, var: 0.000082","mean: 0.303613, var: 0.010344","mean: 0.257959, var: 0.002296","mean: 0.211426, var: 0.000863","mean: 0.088571, var: 0.003299",3.327112810738744,High
ENSP00000451361,"mean: 0.330811, var: 0.019683","mean: 0.396387, var: 0.005727","mean: 0.702051, var: 0.011222","mean: 0.037085, var: 0.001123","mean: 0.240466, var: 0.018918","mean: 0.469385, var: 0.016294","mean: 0.006024, var: 0.000046","mean: 0.099243, var: 0.001518","mean: 0.146240, var: 0.001519","mean: 0.072775, var: 0.001871","mean: 0.153049, var: 0.024971",2.8201779312723643,High
ENSP00000399432,"mean: 0.123767, var: 0.000688","mean: 0.565967, var: 0.002513","mean: 0.467920, var: 0.003092","mean: 0.102234, var: 0.003898","mean: 0.129993, var: 0.000492","mean: 0.296899, var: 0.011880","mean: 0.018297, var: 0.000323","mean: 0.148779, var: 0.001149","mean: 0.086981, var: 0.000719","mean: 0.127185, var: 0.001655","mean: 0.085463, var: 0.003986",2.836594500951459,High
ENSP00000487797,"mean: 0.145337, var: 0.000580","mean: 0.621582, var: 0.003818","mean: 0.595996, var: 0.003787","mean: 0.055762, var: 0.000947","mean: 0.131628, var: 0.000409","mean: 0.213159, var: 0.004966","mean: 0.038925, var: 0.001047","mean: 0.146191, var: 0.002181","mean: 0.169385, var: 0.001659","mean: 0.203418, var: 0.003850","mean: 0.125323, var: 0.005724",2.934103063561513,High
ENSP00000451544,"mean: 0.219727, var: 0.001000","mean: 0.513330, var: 0.000966","mean: 0.271851, var: 0.002463","mean: 0.160950, var: 0.005012","mean: 0.085291, var: 0.000507","mean: 0.407568, var: 0.017257","mean: 0.215137, var: 0.010641","mean: 0.152942, var: 0.000890","mean: 0.306006, var: 0.002157","mean: 0.370166, var: 0.009332","mean: 0.094611, var: 0.012743",3.470184097091409,High
ENSP00000402732,"mean: 0.692773, var: 0.004779","mean: 0.103821, var: 0.000016","mean: 0.117310, var: 0.000426","mean: 0.107043, var: 0.002528","mean: 0.390186, var: 0.007714","mean: 0.132849, var: 0.001610","mean: 0.030872, var: 0.000499","mean: 0.403906, var: 0.006411","mean: 0.387207, var: 0.009657","mean: 0.288818, var: 0.001727","mean: 0.020937, var: 0.000545",2.8959712257862615,High
ENSP00000482082,"mean: 0.130713, var: 0.000179","mean: 0.531934, var: 0.004428","mean: 0.488672, var: 0.004560","mean: 0.471289, var: 0.005882","mean: 0.075604, var: 0.000444","mean: 0.343945, var: 0.000397","mean: 0.118756, var: 0.004430","mean: 0.153345, var: 0.000981","mean: 0.179810, var: 0.003008","mean: 0.234253, var: 0.000644","mean: 0.093250, var: 0.003829",3.278826444592088,High
ENSP00000436674,"mean: 0.690137, var: 0.003919","mean: 0.085388, var: 0.000077","mean: 0.104211, var: 0.000189","mean: 0.128967, var: 0.005299","mean: 0.384717, var: 0.009886","mean: 0.198242, var: 0.003721","mean: 0.037528, var: 0.000690","mean: 0.441455, var: 0.006301","mean: 0.391602, var: 0.023040","mean: 0.294751, var: 0.002146","mean: 0.020002, var: 0.000445",2.943776800517667,High
ENSP00000418261,"mean: 0.275928, var: 0.001590","mean: 0.423535, var: 0.005854","mean: 0.188647, var: 0.000756","mean: 0.160535, var: 0.007188","mean: 0.073932, var: 0.000171","mean: 0.734570, var: 0.008632","mean: 0.318237, var: 0.024531","mean: 0.201917, var: 0.004961","mean: 0.145837, var: 0.002443","mean: 0.111139, var: 0.002456","mean: 0.332935, var: 0.043318",3.3251340471270416,High
ENSP00000431853,"mean: 0.190796, var: 0.000814","mean: 0.559619, var: 0.001881","mean: 0.554395, var: 0.006218","mean: 0.068024, var: 0.001556","mean: 0.125549, var: 0.000938","mean: 0.327295, var: 0.001508","mean: 0.076553, var: 0.003348","mean: 0.131372, var: 0.000027","mean: 0.212012, var: 0.002465","mean: 0.213965, var: 0.005440","mean: 0.410522, var: 0.014027",3.264510490376413,High
ENSP00000429362,"mean: 0.267065, var: 0.001318","mean: 0.408301, var: 0.003217","mean: 0.429932, var: 0.001585","mean: 0.270044, var: 0.001011","mean: 0.157935, var: 0.000567","mean: 0.324951, var: 0.005242","mean: 0.100977, var: 0.003888","mean: 0.282129, var: 0.003922","mean: 0.283032, var: 0.008074","mean: 0.318945, var: 0.007105","mean: 0.308203, var: 0.008379",3.764529685861332,High
ENSP00000498027,"mean: 0.185645, var: 0.000662","mean: 0.467090, var: 0.008304","mean: 0.616895, var: 0.001193","mean: 0.105174, var: 0.010130","mean: 0.113867, var: 0.001750","mean: 0.475342, var: 0.014023","mean: 0.087680, var: 0.001488","mean: 0.158716, var: 0.002290","mean: 0.103387, var: 0.001705","mean: 0.183270, var: 0.007500","mean: 0.036261, var: 0.002392",2.9753814613031073,High
ENSP00000462831,"mean: 0.264868, var: 0.001317","mean: 0.581055, var: 0.002198","mean: 0.449756, var: 0.001660","mean: 0.077982, var: 0.002336","mean: 0.332959, var: 0.003866","mean: 0.308838, var: 0.002199","mean: 0.026643, var: 0.000362","mean: 0.117078, var: 0.001521","mean: 0.134265, var: 0.001565","mean: 0.145959, var: 0.001474","mean: 0.103857, var: 0.002586",3.0881111485615618,High
ENSP00000431058,"mean: 0.361670, var: 0.007398","mean: 0.371143, var: 0.001432","mean: 0.446826, var: 0.008570","mean: 0.112805, var: 0.003959","mean: 0.332446, var: 0.013232","mean: 0.202075, var: 0.001967","mean: 0.002148, var: 0.000004","mean: 0.117047, var: 0.001758","mean: 0.257874, var: 0.009610","mean: 0.189380, var: 0.009290","mean: 0.008574, var: 0.000123",3.000763368657829,High
ENSP00000504761,"mean: 0.574316, var: 0.010043","mean: 0.223340, var: 0.000730","mean: 0.204028, var: 0.000094","mean: 0.317407, var: 0.023584","mean: 0.268750, var: 0.000327","mean: 0.261865, var: 0.007198","mean: 0.012458, var: 0.000175","mean: 0.607080, var: 0.014796","mean: 0.359863, var: 0.012963","mean: 0.519482, var: 0.008881","mean: 0.098654, var: 0.001808",3.3399916484398013,High
ENSP00000474618,"mean: 0.156299, var: 0.000954","mean: 0.476611, var: 0.004123","mean: 0.595996, var: 0.002724","mean: 0.350464, var: 0.012541","mean: 0.143604, var: 0.000344","mean: 0.322803, var: 0.010535","mean: 0.025562, var: 0.000769","mean: 0.184814, var: 0.002804","mean: 0.134119, var: 0.000209","mean: 0.274341, var: 0.003534","mean: 0.165424, var: 0.007287",3.2905549385816313,High
ENSP00000464988,"mean: 0.148901, var: 0.001443","mean: 0.479590, var: 0.001267","mean: 0.626465, var: 0.001416","mean: 0.173499, var: 0.002970","mean: 0.158569, var: 0.000244","mean: 0.231494, var: 0.003925","mean: 0.088663, var: 0.001719","mean: 0.196436, var: 0.008112","mean: 0.113788, var: 0.002196","mean: 0.144080, var: 0.002732","mean: 0.124062, var: 0.017529",3.1834683799281334,High
ENSP00000446554,"mean: 0.535791, var: 0.003923","mean: 0.572363, var: 0.003091","mean: 0.351562, var: 0.001432","mean: 0.098047, var: 0.002330","mean: 0.463232, var: 0.008239","mean: 0.285620, var: 0.001744","mean: 0.071954, var: 0.001460","mean: 0.264404, var: 0.004430","mean: 0.353833, var: 0.004121","mean: 0.248169, var: 0.004968","mean: 0.036761, var: 0.001792",3.339287349089457,High
ENSP00000439818,"mean: 0.373486, var: 0.002551","mean: 0.392041, var: 0.005694","mean: 0.256543, var: 0.005791","mean: 0.235242, var: 0.012800","mean: 0.184644, var: 0.001280","mean: 0.410010, var: 0.003254","mean: 0.183490, var: 0.011151","mean: 0.480762, var: 0.006668","mean: 0.155872, var: 0.001721","mean: 0.233618, var: 0.005706","mean: 0.248749, var: 0.037936",3.7405940542030285,High
ENSP00000428129,"mean: 0.185449, var: 0.004093","mean: 0.474170, var: 0.005402","mean: 0.505713, var: 0.003730","mean: 0.522168, var: 0.011645","mean: 0.208582, var: 0.005322","mean: 0.607959, var: 0.008873","mean: 0.023524, var: 0.000475","mean: 0.180444, var: 0.000747","mean: 0.217798, var: 0.005239","mean: 0.328931, var: 0.014554","mean: 0.117145, var: 0.001011",3.3259512587084656,High
ENSP00000420578,"mean: 0.165723, var: 0.001657","mean: 0.481055, var: 0.002418","mean: 0.455127, var: 0.005793","mean: 0.562549, var: 0.003589","mean: 0.166479, var: 0.002503","mean: 0.574902, var: 0.002792","mean: 0.055118, var: 0.002003","mean: 0.246289, var: 0.001420","mean: 0.252515, var: 0.009485","mean: 0.355908, var: 0.008768","mean: 0.222644, var: 0.009689",3.5030320489753763,High
ENSP00000490665,"mean: 0.306055, var: 0.007119","mean: 0.617090, var: 0.004273","mean: 0.464648, var: 0.003447","mean: 0.087402, var: 0.002546","mean: 0.441797, var: 0.018953","mean: 0.238745, var: 0.008064","mean: 0.021072, var: 0.000277","mean: 0.101721, var: 0.000162","mean: 0.214978, var: 0.013315","mean: 0.166565, var: 0.001898","mean: 0.094794, var: 0.004022",3.098468032801485,High
ENSP00000482852,"mean: 0.644043, var: 0.028565","mean: 0.205298, var: 0.000306","mean: 0.124548, var: 0.000491","mean: 0.577881, var: 0.018075","mean: 0.613721, var: 0.033298","mean: 0.110083, var: 0.001708","mean: 0.034592, var: 0.000558","mean: 0.307666, var: 0.016379","mean: 0.354639, var: 0.007952","mean: 0.278442, var: 0.002478","mean: 0.054938, var: 0.000190",3.089365461896925,High
ENSP00000480335,"mean: 0.197559, var: 0.002385","mean: 0.237695, var: 0.001315","mean: 0.231177, var: 0.002140","mean: 0.796680, var: 0.000431","mean: 0.257349, var: 0.004727","mean: 0.168457, var: 0.001142","mean: 0.035007, var: 0.000480","mean: 0.350635, var: 0.004854","mean: 0.193384, var: 0.004613","mean: 0.181274, var: 0.000332","mean: 0.052487, var: 0.000703",3.097722747042915,High
ENSP00000479714,"mean: 0.210327, var: 0.002073","mean: 0.676270, var: 0.003034","mean: 0.473242, var: 0.004853","mean: 0.082245, var: 0.002396","mean: 0.274146, var: 0.002135","mean: 0.325781, var: 0.004109","mean: 0.010230, var: 0.000124","mean: 0.226819, var: 0.005457","mean: 0.145447, var: 0.002215","mean: 0.233618, var: 0.003692","mean: 0.072061, var: 0.002497",3.0651380811228504,High
ENSP00000458835,"mean: 0.843652, var: 0.004112","mean: 0.270728, var: 0.001558","mean: 0.258398, var: 0.000566","mean: 0.105164, var: 0.005406","mean: 0.599756, var: 0.008916","mean: 0.119092, var: 0.001959","mean: 0.004872, var: 0.000024","mean: 0.550342, var: 0.016552","mean: 0.474805, var: 0.018299","mean: 0.689941, var: 0.006184","mean: 0.105060, var: 0.002155",2.844801867284512,High
ENSP00000425484,"mean: 0.349756, var: 0.001563","mean: 0.553906, var: 0.004781","mean: 0.356055, var: 0.001557","mean: 0.088065, var: 0.000976","mean: 0.412451, var: 0.004568","mean: 0.114783, var: 0.002092","mean: 0.066292, var: 0.002455","mean: 0.164526, var: 0.002915","mean: 0.088538, var: 0.001357","mean: 0.216553, var: 0.001971","mean: 0.014246, var: 0.000233",2.9733926910829824,High
ENSP00000363197,"mean: 0.476807, var: 0.009041","mean: 0.182324, var: 0.001058","mean: 0.143469, var: 0.000666","mean: 0.639551, var: 0.002695","mean: 0.253052, var: 0.002758","mean: 0.277319, var: 0.002931","mean: 0.140637, var: 0.001306","mean: 0.454492, var: 0.014005","mean: 0.361768, var: 0.009159","mean: 0.465576, var: 0.001936","mean: 0.212012, var: 0.003475",3.6181880658323418,High
ENSP00000487557,"mean: 0.212646, var: 0.001050","mean: 0.469775, var: 0.004107","mean: 0.447754, var: 0.001873","mean: 0.468066, var: 0.000800","mean: 0.142847, var: 0.001124","mean: 0.372705, var: 0.000539","mean: 0.078210, var: 0.001336","mean: 0.218701, var: 0.002030","mean: 0.229541, var: 0.006181","mean: 0.273438, var: 0.001104","mean: 0.082953, var: 0.004164",3.4756745603814365,High
ENSP00000470495,"mean: 0.472607, var: 0.013236","mean: 0.417334, var: 0.001327","mean: 0.387256, var: 0.005149","mean: 0.134125, var: 0.002995","mean: 0.424414, var: 0.007488","mean: 0.294409, var: 0.016577","mean: 0.003907, var: 0.000016","mean: 0.247607, var: 0.005261","mean: 0.484912, var: 0.002703","mean: 0.301416, var: 0.006867","mean: 0.018717, var: 0.000601",3.233697055368818,High
ENSP00000422281,"mean: 0.574072, var: 0.027842","mean: 0.586279, var: 0.006270","mean: 0.449854, var: 0.004261","mean: 0.299902, var: 0.018201","mean: 0.341211, var: 0.014371","mean: 0.279871, var: 0.011425","mean: 0.102771, var: 0.000301","mean: 0.091290, var: 0.001794","mean: 0.614258, var: 0.019813","mean: 0.142712, var: 0.002824","mean: 0.031072, var: 0.001044",3.2128936034623785,High
ENSP00000407002,"mean: 0.328052, var: 0.002009","mean: 0.615479, var: 0.005523","mean: 0.392041, var: 0.004991","mean: 0.130005, var: 0.004142","mean: 0.405127, var: 0.005839","mean: 0.516357, var: 0.024123","mean: 0.053040, var: 0.000556","mean: 0.187012, var: 0.008879","mean: 0.432178, var: 0.018181","mean: 0.293677, var: 0.011002","mean: 0.049342, var: 0.004515",3.3442158301773595,High
ENSP00000217185,"mean: 0.222998, var: 0.005550","mean: 0.580225, var: 0.005718","mean: 0.463965, var: 0.002037","mean: 0.441943, var: 0.006381","mean: 0.246362, var: 0.001873","mean: 0.335498, var: 0.002603","mean: 0.010307, var: 0.000127","mean: 0.199524, var: 0.004252","mean: 0.230371, var: 0.000798","mean: 0.290039, var: 0.004045","mean: 0.226538, var: 0.007007",3.4815163373495004,High
ENSP00000506808,"mean: 0.297485, var: 0.002548","mean: 0.249219, var: 0.001577","mean: 0.255640, var: 0.000902","mean: 0.055147, var: 0.002030","mean: 0.080258, var: 0.001157","mean: 0.744531, var: 0.003921","mean: 0.054738, var: 0.001241","mean: 0.243262, var: 0.010666","mean: 0.097107, var: 0.001019","mean: 0.097058, var: 0.002505","mean: 0.107855, var: 0.013766",2.833442415386536,High
ENSP00000479486,"mean: 0.246826, var: 0.001395","mean: 0.444531, var: 0.003319","mean: 0.437598, var: 0.002031","mean: 0.247034, var: 0.012674","mean: 0.176025, var: 0.000896","mean: 0.426563, var: 0.003966","mean: 0.027412, var: 0.000949","mean: 0.360352, var: 0.008049","mean: 0.246509, var: 0.003322","mean: 0.232764, var: 0.005434","mean: 0.310400, var: 0.002685",3.5960355804709097,High
ENSP00000479441,"mean: 0.486719, var: 0.009558","mean: 0.412793, var: 0.004279","mean: 0.306592, var: 0.003588","mean: 0.184265, var: 0.011561","mean: 0.360400, var: 0.005459","mean: 0.460254, var: 0.002493","mean: 0.020265, var: 0.000455","mean: 0.431543, var: 0.004520","mean: 0.393701, var: 0.010821","mean: 0.329419, var: 0.007582","mean: 0.190833, var: 0.002133",3.6053404816790877,High
ENSP00000465889,"mean: 0.201636, var: 0.001554","mean: 0.249414, var: 0.000380","mean: 0.174304, var: 0.000815","mean: 0.830957, var: 0.001438","mean: 0.173975, var: 0.000990","mean: 0.272656, var: 0.006023","mean: 0.016055, var: 0.000229","mean: 0.294287, var: 0.004036","mean: 0.255908, var: 0.004255","mean: 0.297729, var: 0.001311","mean: 0.056232, var: 0.000763",3.0838468062104303,High
ENSP00000455277,"mean: 0.190576, var: 0.001437","mean: 0.575781, var: 0.002132","mean: 0.533594, var: 0.002845","mean: 0.117291, var: 0.004192","mean: 0.138428, var: 0.000322","mean: 0.211792, var: 0.002056","mean: 0.020306, var: 0.000340","mean: 0.106281, var: 0.000814","mean: 0.200464, var: 0.000575","mean: 0.136414, var: 0.000496","mean: 0.027272, var: 0.002063",2.832274823890562,High
ENSP00000427935,"mean: 0.087878, var: 0.000672","mean: 0.546875, var: 0.011224","mean: 0.618555, var: 0.003091","mean: 0.176410, var: 0.017770","mean: 0.039835, var: 0.000267","mean: 0.193073, var: 0.006927","mean: 0.081915, var: 0.005175","mean: 0.224731, var: 0.018926","mean: 0.161719, var: 0.003370","mean: 0.216321, var: 0.011771","mean: 0.050704, var: 0.004594",2.9103450638220667,High
ENSP00000390926,"mean: 0.145386, var: 0.001521","mean: 0.612500, var: 0.001850","mean: 0.514746, var: 0.001813","mean: 0.214209, var: 0.005572","mean: 0.107837, var: 0.001537","mean: 0.234692, var: 0.004894","mean: 0.005771, var: 0.000045","mean: 0.136279, var: 0.002251","mean: 0.201685, var: 0.001534","mean: 0.421533, var: 0.010612","mean: 0.053999, var: 0.002929",2.9788685646021946,High
ENSP00000310182,"mean: 0.862988, var: 0.002482","mean: 0.244312, var: 0.002444","mean: 0.148108, var: 0.000400","mean: 0.086377, var: 0.001951","mean: 0.414111, var: 0.009554","mean: 0.204614, var: 0.003753","mean: 0.035849, var: 0.001165","mean: 0.700684, var: 0.001101","mean: 0.401221, var: 0.006883","mean: 0.493896, var: 0.001314","mean: 0.248340, var: 0.011825",3.084911988579535,High
ENSP00000485355,"mean: 0.191016, var: 0.001034","mean: 0.479297, var: 0.001518","mean: 0.403516, var: 0.004463","mean: 0.136548, var: 0.003115","mean: 0.086511, var: 0.000583","mean: 0.474805, var: 0.006760","mean: 0.049393, var: 0.000793","mean: 0.242700, var: 0.008975","mean: 0.198047, var: 0.003343","mean: 0.262878, var: 0.014914","mean: 0.058495, var: 0.003878",3.2023609536910924,High
ENSP00000389278,"mean: 0.771094, var: 0.007630","mean: 0.252148, var: 0.003487","mean: 0.247241, var: 0.002404","mean: 0.111517, var: 0.003046","mean: 0.496387, var: 0.019763","mean: 0.120355, var: 0.002066","mean: 0.010502, var: 0.000049","mean: 0.449219, var: 0.010298","mean: 0.395215, var: 0.011477","mean: 0.505029, var: 0.001229","mean: 0.109055, var: 0.003586",3.101330799506042,High
ENSP00000362773,"mean: 0.235010, var: 0.002449","mean: 0.441943, var: 0.000986","mean: 0.302661, var: 0.005256","mean: 0.403735, var: 0.024381","mean: 0.219751, var: 0.000587","mean: 0.483545, var: 0.004077","mean: 0.077007, var: 0.001202","mean: 0.069287, var: 0.000626","mean: 0.059025, var: 0.002139","mean: 0.272583, var: 0.009413","mean: 0.024897, var: 0.000305",3.1091164491500733,High
ENSP00000430257,"mean: 0.291675, var: 0.001853","mean: 0.504883, var: 0.000503","mean: 0.409473, var: 0.004352","mean: 0.069502, var: 0.001109","mean: 0.162451, var: 0.001953","mean: 0.253418, var: 0.005856","mean: 0.020090, var: 0.000204","mean: 0.217603, var: 0.004673","mean: 0.438525, var: 0.021121","mean: 0.361230, var: 0.014055","mean: 0.076727, var: 0.002452",3.2351399959075526,High
ENSP00000382364,"mean: 0.157288, var: 0.002888","mean: 0.420557, var: 0.003960","mean: 0.570996, var: 0.000830","mean: 0.165808, var: 0.009253","mean: 0.099066, var: 0.002855","mean: 0.265454, var: 0.004654","mean: 0.015628, var: 0.000287","mean: 0.329102, var: 0.008533","mean: 0.157581, var: 0.004852","mean: 0.131909, var: 0.003016","mean: 0.067599, var: 0.001900",3.0254912866701265,High
ENSP00000498993,"mean: 0.183838, var: 0.001112","mean: 0.360547, var: 0.003351","mean: 0.320654, var: 0.003031","mean: 0.312280, var: 0.011582","mean: 0.128979, var: 0.002263","mean: 0.784277, var: 0.001882","mean: 0.043071, var: 0.001302","mean: 0.173767, var: 0.001129","mean: 0.115027, var: 0.000743","mean: 0.232153, var: 0.002631","mean: 0.505469, var: 0.013854",3.2342689058427214,High
ENSP00000466188,"mean: 0.179932, var: 0.000756","mean: 0.596484, var: 0.002478","mean: 0.464453, var: 0.009680","mean: 0.133255, var: 0.010054","mean: 0.192188, var: 0.001820","mean: 0.223999, var: 0.005616","mean: 0.009534, var: 0.000068","mean: 0.130591, var: 0.000549","mean: 0.101801, var: 0.002819","mean: 0.236597, var: 0.002596","mean: 0.063864, var: 0.003850",2.953191588275986,High
ENSP00000439667,"mean: 0.166577, var: 0.000540","mean: 0.383203, var: 0.004048","mean: 0.432471, var: 0.004388","mean: 0.401904, var: 0.011260","mean: 0.116272, var: 0.000219","mean: 0.724316, var: 0.006117","mean: 0.130078, var: 0.004342","mean: 0.187695, var: 0.003486","mean: 0.186462, var: 0.002509","mean: 0.283301, var: 0.003586","mean: 0.273376, var: 0.019876",3.483131282194338,High
ENSP00000429102,"mean: 0.171997, var: 0.000731","mean: 0.681543, var: 0.002360","mean: 0.396240, var: 0.002637","mean: 0.108344, var: 0.000898","mean: 0.138916, var: 0.001102","mean: 0.236377, var: 0.003621","mean: 0.025990, var: 0.000229","mean: 0.127563, var: 0.001546","mean: 0.152722, var: 0.002617","mean: 0.189014, var: 0.000854","mean: 0.038232, var: 0.001126",2.87100029816123,High
ENSP00000412249,"mean: 0.375977, var: 0.007345","mean: 0.485156, var: 0.002131","mean: 0.455859, var: 0.005278","mean: 0.254773, var: 0.013976","mean: 0.344189, var: 0.012029","mean: 0.448096, var: 0.004698","mean: 0.017395, var: 0.000177","mean: 0.233496, var: 0.004453","mean: 0.227051, var: 0.008886","mean: 0.317261, var: 0.008586","mean: 0.080692, var: 0.003775",3.46606293391913,High
ENSP00000306362,"mean: 0.256079, var: 0.004196","mean: 0.491943, var: 0.008202","mean: 0.484082, var: 0.003359","mean: 0.222510, var: 0.006127","mean: 0.078717, var: 0.000951","mean: 0.547314, var: 0.015933","mean: 0.043591, var: 0.001112","mean: 0.377246, var: 0.003168","mean: 0.245923, var: 0.010275","mean: 0.429492, var: 0.011089","mean: 0.132361, var: 0.012921",3.3933305799822717,High
ENSP00000508310,"mean: 0.317700, var: 0.002920","mean: 0.457959, var: 0.012426","mean: 0.527686, var: 0.002369","mean: 0.237878, var: 0.017071","mean: 0.171906, var: 0.005057","mean: 0.261816, var: 0.018854","mean: 0.009767, var: 0.000167","mean: 0.174536, var: 0.000455","mean: 0.211414, var: 0.005201","mean: 0.225720, var: 0.015703","mean: 0.082321, var: 0.003287",3.2743681202623636,High
ENSP00000496961,"mean: 0.327148, var: 0.001307","mean: 0.519141, var: 0.000242","mean: 0.405957, var: 0.005046","mean: 0.123682, var: 0.001830","mean: 0.151575, var: 0.001438","mean: 0.161572, var: 0.001810","mean: 0.036978, var: 0.000637","mean: 0.372803, var: 0.000921","mean: 0.530566, var: 0.008213","mean: 0.435596, var: 0.000840","mean: 0.087553, var: 0.008679",3.312126628869979,High
ENSP00000467104,"mean: 0.172632, var: 0.001192","mean: 0.327661, var: 0.016435","mean: 0.383643, var: 0.009607","mean: 0.700098, var: 0.008588","mean: 0.129004, var: 0.000488","mean: 0.320776, var: 0.013175","mean: 0.263513, var: 0.022059","mean: 0.034372, var: 0.000340","mean: 0.025507, var: 0.000145","mean: 0.134314, var: 0.007203","mean: 0.087799, var: 0.001704",2.959010863139123,High
ENSP00000443968,"mean: 0.185693, var: 0.000844","mean: 0.558252, var: 0.007941","mean: 0.611426, var: 0.006245","mean: 0.230127, var: 0.006854","mean: 0.164758, var: 0.003758","mean: 0.455371, var: 0.004703","mean: 0.089252, var: 0.001179","mean: 0.205896, var: 0.006204","mean: 0.202783, var: 0.007823","mean: 0.198608, var: 0.002371","mean: 0.221465, var: 0.038620",3.451784834156915,High
ENSP00000431368,"mean: 0.230664, var: 0.001471","mean: 0.494434, var: 0.001659","mean: 0.575586, var: 0.001015","mean: 0.300098, var: 0.002981","mean: 0.124084, var: 0.000935","mean: 0.692187, var: 0.009590","mean: 0.071721, var: 0.002791","mean: 0.237451, var: 0.003678","mean: 0.212500, var: 0.002707","mean: 0.279565, var: 0.006460","mean: 0.221655, var: 0.016663",3.4291018584484276,High
ENSP00000338932,"mean: 0.155493, var: 0.000320","mean: 0.447119, var: 0.000750","mean: 0.533301, var: 0.000457","mean: 0.229846, var: 0.008957","mean: 0.073102, var: 0.000400","mean: 0.356641, var: 0.005125","mean: 0.118018, var: 0.004402","mean: 0.250830, var: 0.006941","mean: 0.211890, var: 0.000739","mean: 0.211047, var: 0.004937","mean: 0.320715, var: 0.016926",3.502365328581903,High
ENSP00000259254,"mean: 0.768652, var: 0.004224","mean: 0.225537, var: 0.000504","mean: 0.101648, var: 0.000333","mean: 0.312231, var: 0.006110","mean: 0.752246, var: 0.006235","mean: 0.108313, var: 0.001004","mean: 0.013805, var: 0.000067","mean: 0.201392, var: 0.002581","mean: 0.433643, var: 0.004820","mean: 0.304688, var: 0.003696","mean: 0.073169, var: 0.000576",2.8864975916421187,High
ENSP00000409925,"mean: 0.147522, var: 0.002445","mean: 0.703418, var: 0.008359","mean: 0.352026, var: 0.009024","mean: 0.054800, var: 0.001208","mean: 0.150732, var: 0.000979","mean: 0.297900, var: 0.007368","mean: 0.053107, var: 0.001020","mean: 0.125000, var: 0.001717","mean: 0.081824, var: 0.001386","mean: 0.113306, var: 0.000390","mean: 0.107162, var: 0.008846",2.8091665245093655,High
ENSP00000295834,"mean: 0.171735, var: 0.006980","mean: 0.836719, var: 0.002117","mean: 0.431982, var: 0.004543","mean: 0.286182, var: 0.010026","mean: 0.250061, var: 0.015214","mean: 0.192419, var: 0.005013","mean: 0.081378, var: 0.001242","mean: 0.176578, var: 0.008693","mean: 0.039243, var: 0.001022","mean: 0.082794, var: 0.002528","mean: 0.084632, var: 0.008025",2.8887550765215617,High
ENSP00000497676,"mean: 0.160791, var: 0.001628","mean: 0.586670, var: 0.005737","mean: 0.462549, var: 0.004666","mean: 0.514600, var: 0.010134","mean: 0.164441, var: 0.001352","mean: 0.418604, var: 0.005862","mean: 0.047371, var: 0.002009","mean: 0.111719, var: 0.000604","mean: 0.108215, var: 0.002989","mean: 0.158374, var: 0.000794","mean: 0.158948, var: 0.004984",3.1807747127688457,High
ENSP00000469738,"mean: 0.157751, var: 0.000401","mean: 0.636816, var: 0.003112","mean: 0.629102, var: 0.003347","mean: 0.022733, var: 0.000351","mean: 0.092059, var: 0.000613","mean: 0.259180, var: 0.011837","mean: 0.020491, var: 0.000309","mean: 0.167603, var: 0.002109","mean: 0.121021, var: 0.004385","mean: 0.193237, var: 0.007694","mean: 0.207455, var: 0.019797",2.804379393117423,High
ENSP00000435800,"mean: 0.718652, var: 0.014823","mean: 0.225391, var: 0.003076","mean: 0.258911, var: 0.000297","mean: 0.146674, var: 0.009137","mean: 0.411914, var: 0.004613","mean: 0.368750, var: 0.004133","mean: 0.103394, var: 0.002570","mean: 0.503467, var: 0.017211","mean: 0.431445, var: 0.008707","mean: 0.481152, var: 0.007117","mean: 0.155096, var: 0.005350",3.5217185629237306,High
ENSP00000431985,"mean: 0.155505, var: 0.000745","mean: 0.397461, var: 0.002038","mean: 0.603271, var: 0.006796","mean: 0.216968, var: 0.008174","mean: 0.103198, var: 0.000278","mean: 0.144092, var: 0.002703","mean: 0.188660, var: 0.007203","mean: 0.177100, var: 0.005105","mean: 0.143872, var: 0.001105","mean: 0.114343, var: 0.000402","mean: 0.127393, var: 0.008695",3.216674131322187,High
ENSP00000416644,"mean: 0.230127, var: 0.001031","mean: 0.537061, var: 0.004258","mean: 0.262817, var: 0.001577","mean: 0.418677, var: 0.012460","mean: 0.161523, var: 0.000490","mean: 0.219312, var: 0.005211","mean: 0.066785, var: 0.002413","mean: 0.221484, var: 0.008611","mean: 0.173987, var: 0.002307","mean: 0.286719, var: 0.008870","mean: 0.076096, var: 0.006960",3.3879555287977863,High
ENSP00000389303,"mean: 0.212036, var: 0.004752","mean: 0.516943, var: 0.005566","mean: 0.442334, var: 0.003475","mean: 0.280981, var: 0.006267","mean: 0.148010, var: 0.001453","mean: 0.515967, var: 0.004971","mean: 0.024415, var: 0.000529","mean: 0.195435, var: 0.002455","mean: 0.290747, var: 0.012842","mean: 0.228052, var: 0.000098","mean: 0.509961, var: 0.026696",3.461030118249245,High
ENSP00000471657,"mean: 0.069281, var: 0.000538","mean: 0.534424, var: 0.003150","mean: 0.558594, var: 0.006240","mean: 0.633496, var: 0.003270","mean: 0.065350, var: 0.000061","mean: 0.344092, var: 0.005504","mean: 0.146771, var: 0.012640","mean: 0.169287, var: 0.001946","mean: 0.083441, var: 0.002082","mean: 0.063428, var: 0.000153","mean: 0.158276, var: 0.006285",2.935897003746866,High
ENSP00000429672,"mean: 0.131860, var: 0.000799","mean: 0.548486, var: 0.006130","mean: 0.431299, var: 0.005697","mean: 0.614160, var: 0.001923","mean: 0.122961, var: 0.000754","mean: 0.455664, var: 0.007456","mean: 0.133997, var: 0.003246","mean: 0.092517, var: 0.000759","mean: 0.062915, var: 0.000312","mean: 0.213647, var: 0.002597","mean: 0.054034, var: 0.002447",3.025537147170187,High
ENSP00000493744,"mean: 0.167700, var: 0.000710","mean: 0.631445, var: 0.005903","mean: 0.413428, var: 0.001720","mean: 0.141565, var: 0.003147","mean: 0.066943, var: 0.000398","mean: 0.441748, var: 0.004882","mean: 0.053134, var: 0.002072","mean: 0.286060, var: 0.006568","mean: 0.275635, var: 0.000090","mean: 0.260645, var: 0.006267","mean: 0.271777, var: 0.016328",3.3472921177073984,High
ENSP00000487240,"mean: 0.114392, var: 0.000267","mean: 0.547656, var: 0.005707","mean: 0.664648, var: 0.000672","mean: 0.140698, var: 0.004001","mean: 0.109595, var: 0.000480","mean: 0.193970, var: 0.004430","mean: 0.053642, var: 0.001586","mean: 0.133667, var: 0.002061","mean: 0.159204, var: 0.000600","mean: 0.146716, var: 0.002770","mean: 0.134180, var: 0.011047",2.955192777163127,High
ENSP00000450525,"mean: 0.207007, var: 0.002224","mean: 0.520264, var: 0.001975","mean: 0.405371, var: 0.004174","mean: 0.308496, var: 0.003399","mean: 0.199829, var: 0.003287","mean: 0.277466, var: 0.001764","mean: 0.089105, var: 0.000719","mean: 0.100757, var: 0.000830","mean: 0.143567, var: 0.001353","mean: 0.218945, var: 0.001730","mean: 0.061264, var: 0.002446",3.3013298081573006,High
ENSP00000377351,"mean: 0.226514, var: 0.008887","mean: 0.798145, var: 0.003418","mean: 0.419043, var: 0.001741","mean: 0.268970, var: 0.007932","mean: 0.265747, var: 0.011949","mean: 0.269019, var: 0.003785","mean: 0.086465, var: 0.001933","mean: 0.346387, var: 0.009654","mean: 0.057175, var: 0.000924","mean: 0.183594, var: 0.005396","mean: 0.114371, var: 0.013192",3.2410840343421903,High
ENSP00000492536,"mean: 0.142468, var: 0.000947","mean: 0.566602, var: 0.006396","mean: 0.407959, var: 0.006997","mean: 0.650293, var: 0.004922","mean: 0.102686, var: 0.000425","mean: 0.290308, var: 0.002425","mean: 0.153033, var: 0.010711","mean: 0.153674, var: 0.000752","mean: 0.214307, var: 0.013268","mean: 0.115729, var: 0.001932","mean: 0.579932, var: 0.012645",3.308623271033541,High
ENSP00000461981,"mean: 0.139209, var: 0.000313","mean: 0.649316, var: 0.007787","mean: 0.525244, var: 0.003918","mean: 0.254004, var: 0.004649","mean: 0.104858, var: 0.000640","mean: 0.300342, var: 0.002563","mean: 0.077591, var: 0.002602","mean: 0.117383, var: 0.000697","mean: 0.122925, var: 0.001611","mean: 0.139551, var: 0.001357","mean: 0.173114, var: 0.011956",3.1248271149344906,High
ENSP00000430152,"mean: 0.407275, var: 0.002554","mean: 0.394092, var: 0.002065","mean: 0.513672, var: 0.002853","mean: 0.141782, var: 0.004383","mean: 0.205078, var: 0.001558","mean: 0.268774, var: 0.005597","mean: 0.007117, var: 0.000070","mean: 0.131213, var: 0.002652","mean: 0.490186, var: 0.020115","mean: 0.509082, var: 0.011718","mean: 0.028834, var: 0.001550",3.1271501714685255,High
ENSP00000505173,"mean: 0.341846, var: 0.002661","mean: 0.751074, var: 0.006724","mean: 0.364990, var: 0.003884","mean: 0.073181, var: 0.001145","mean: 0.242773, var: 0.004499","mean: 0.191309, var: 0.002062","mean: 0.018103, var: 0.000291","mean: 0.164990, var: 0.003311","mean: 0.312866, var: 0.008808","mean: 0.381104, var: 0.001680","mean: 0.119492, var: 0.005846",3.1561953642723855,High
ENSP00000494012,"mean: 0.141479, var: 0.001119","mean: 0.244604, var: 0.001324","mean: 0.728125, var: 0.022180","mean: 0.246338, var: 0.005090","mean: 0.077930, var: 0.000456","mean: 0.230029, var: 0.016243","mean: 0.113531, var: 0.014149","mean: 0.201916, var: 0.003730","mean: 0.102368, var: 0.000999","mean: 0.123578, var: 0.004446","mean: 0.129845, var: 0.025995",3.0609973161683803,High
ENSP00000427277,"mean: 0.745508, var: 0.003090","mean: 0.214258, var: 0.000843","mean: 0.127795, var: 0.000311","mean: 0.290894, var: 0.013311","mean: 0.696875, var: 0.006157","mean: 0.172290, var: 0.003129","mean: 0.010515, var: 0.000097","mean: 0.237305, var: 0.002828","mean: 0.518652, var: 0.006684","mean: 0.448633, var: 0.007298","mean: 0.132996, var: 0.005328",3.083454861821487,High
ENSP00000411349,"mean: 0.162378, var: 0.000463","mean: 0.541357, var: 0.003634","mean: 0.446973, var: 0.005461","mean: 0.192358, var: 0.001520","mean: 0.124194, var: 0.001061","mean: 0.263135, var: 0.001895","mean: 0.051661, var: 0.001505","mean: 0.069434, var: 0.000182","mean: 0.271533, var: 0.016203","mean: 0.320215, var: 0.003895","mean: 0.129956, var: 0.010795",3.2368720014419488,High
ENSP00000397302,"mean: 0.232104, var: 0.001411","mean: 0.232764, var: 0.001730","mean: 0.241772, var: 0.003486","mean: 0.217090, var: 0.008730","mean: 0.089594, var: 0.000463","mean: 0.900977, var: 0.001573","mean: 0.062656, var: 0.001560","mean: 0.169250, var: 0.002566","mean: 0.073151, var: 0.000804","mean: 0.178662, var: 0.002178","mean: 0.324829, var: 0.029037",3.001733723291469,High
ENSP00000442703,"mean: 0.193652, var: 0.000240","mean: 0.184082, var: 0.000484","mean: 0.230127, var: 0.003460","mean: 0.139691, var: 0.004298","mean: 0.086359, var: 0.000671","mean: 0.724121, var: 0.003004","mean: 0.135327, var: 0.011511","mean: 0.116479, var: 0.000405","mean: 0.082153, var: 0.000220","mean: 0.052820, var: 0.000257","mean: 0.182874, var: 0.008435",2.8801964012254517,High
ENSP00000430889,"mean: 0.222705, var: 0.001246","mean: 0.471680, var: 0.004290","mean: 0.508643, var: 0.004443","mean: 0.320703, var: 0.005708","mean: 0.124719, var: 0.001207","mean: 0.246704, var: 0.003133","mean: 0.147357, var: 0.005549","mean: 0.226465, var: 0.003515","mean: 0.192456, var: 0.000869","mean: 0.295215, var: 0.002705","mean: 0.141217, var: 0.010377",3.574658380734098,High
ENSP00000425460,"mean: 0.596973, var: 0.009166","mean: 0.249512, var: 0.002728","mean: 0.301758, var: 0.000234","mean: 0.170886, var: 0.003531","mean: 0.121277, var: 0.001440","mean: 0.537158, var: 0.002675","mean: 0.189526, var: 0.006232","mean: 0.632031, var: 0.019735","mean: 0.131714, var: 0.000304","mean: 0.363110, var: 0.015886","mean: 0.373535, var: 0.006439",3.515388318830635,High
ENSP00000393696,"mean: 0.128528, var: 0.000224","mean: 0.300928, var: 0.006362","mean: 0.421191, var: 0.015815","mean: 0.691406, var: 0.001977","mean: 0.084045, var: 0.000327","mean: 0.422852, var: 0.001765","mean: 0.131390, var: 0.006091","mean: 0.223291, var: 0.004171","mean: 0.106940, var: 0.002574","mean: 0.173145, var: 0.004655","mean: 0.263672, var: 0.035291",3.312124695388614,High
ENSP00000455767,"mean: 0.195520, var: 0.003541","mean: 0.364990, var: 0.014286","mean: 0.314795, var: 0.004645","mean: 0.425830, var: 0.018116","mean: 0.157922, var: 0.002896","mean: 0.569385, var: 0.016415","mean: 0.073653, var: 0.003970","mean: 0.408398, var: 0.021531","mean: 0.168213, var: 0.011316","mean: 0.257910, var: 0.003794","mean: 0.278845, var: 0.035121",3.589812149781432,High
ENSP00000460301,"mean: 0.351367, var: 0.005359","mean: 0.426074, var: 0.001769","mean: 0.407959, var: 0.002204","mean: 0.085342, var: 0.002368","mean: 0.219019, var: 0.003262","mean: 0.273755, var: 0.004213","mean: 0.013916, var: 0.000239","mean: 0.297266, var: 0.007511","mean: 0.272241, var: 0.013703","mean: 0.513867, var: 0.015792","mean: 0.089499, var: 0.009834",3.3265171096928925,High
ENSP00000446783,"mean: 0.134607, var: 0.000369","mean: 0.493652, var: 0.003635","mean: 0.480322, var: 0.009805","mean: 0.361914, var: 0.003395","mean: 0.096082, var: 0.000333","mean: 0.261475, var: 0.000727","mean: 0.340039, var: 0.014647","mean: 0.272607, var: 0.002771","mean: 0.202100, var: 0.004937","mean: 0.170642, var: 0.002554","mean: 0.105475, var: 0.003617",3.4975330259397013,High
ENSP00000446665,"mean: 0.189661, var: 0.002772","mean: 0.511133, var: 0.007046","mean: 0.472803, var: 0.007976","mean: 0.365820, var: 0.005236","mean: 0.157825, var: 0.002862","mean: 0.459961, var: 0.001902","mean: 0.178235, var: 0.006193","mean: 0.213257, var: 0.002459","mean: 0.180701, var: 0.004169","mean: 0.235205, var: 0.005728","mean: 0.130725, var: 0.001363",3.581473108932424,High
ENSP00000505534,"mean: 0.178271, var: 0.000627","mean: 0.660156, var: 0.006428","mean: 0.408838, var: 0.003581","mean: 0.166467, var: 0.004718","mean: 0.167310, var: 0.000702","mean: 0.231262, var: 0.010751","mean: 0.025713, var: 0.000554","mean: 0.160242, var: 0.003411","mean: 0.123730, var: 0.001313","mean: 0.273438, var: 0.001721","mean: 0.079398, var: 0.002336",3.085260982745729,High
ENSP00000443772,"mean: 0.510059, var: 0.013554","mean: 0.489014, var: 0.004433","mean: 0.327905, var: 0.009428","mean: 0.400708, var: 0.044023","mean: 0.373779, var: 0.011413","mean: 0.285010, var: 0.003705","mean: 0.020025, var: 0.000390","mean: 0.183447, var: 0.000523","mean: 0.271729, var: 0.002918","mean: 0.243506, var: 0.004918","mean: 0.165747, var: 0.027329",3.536208438785992,High
ENSP00000435556,"mean: 0.482129, var: 0.002871","mean: 0.528662, var: 0.001968","mean: 0.380908, var: 0.002101","mean: 0.116382, var: 0.001190","mean: 0.459033, var: 0.003523","mean: 0.263647, var: 0.002208","mean: 0.056561, var: 0.000551","mean: 0.413623, var: 0.009763","mean: 0.286328, var: 0.000528","mean: 0.440723, var: 0.000997","mean: 0.171997, var: 0.006110",3.565144601676631,High
ENSP00000424323,"mean: 0.143579, var: 0.001306","mean: 0.561865, var: 0.006460","mean: 0.484082, var: 0.004041","mean: 0.260815, var: 0.006996","mean: 0.128577, var: 0.001283","mean: 0.434375, var: 0.002559","mean: 0.032418, var: 0.001078","mean: 0.187146, var: 0.002831","mean: 0.189624, var: 0.002394","mean: 0.222168, var: 0.002824","mean: 0.396509, var: 0.014515",3.371335044256768,High
ENSP00000417479,"mean: 0.314844, var: 0.009439","mean: 0.420020, var: 0.002202","mean: 0.375977, var: 0.005350","mean: 0.292334, var: 0.010191","mean: 0.303882, var: 0.004082","mean: 0.136169, var: 0.002770","mean: 0.008866, var: 0.000040","mean: 0.110742, var: 0.001960","mean: 0.453125, var: 0.014999","mean: 0.373560, var: 0.021891","mean: 0.009500, var: 0.000147",3.1453385468295942,High
ENSP00000498324,"mean: 0.181982, var: 0.001495","mean: 0.374316, var: 0.006104","mean: 0.475635, var: 0.005159","mean: 0.618652, var: 0.010002","mean: 0.068274, var: 0.001582","mean: 0.594629, var: 0.018485","mean: 0.042662, var: 0.001175","mean: 0.298047, var: 0.003545","mean: 0.095172, var: 0.002120","mean: 0.204980, var: 0.006623","mean: 0.398758, var: 0.063550",3.2314794007102083,High
ENSP00000493492,"mean: 0.115759, var: 0.000727","mean: 0.541943, var: 0.005601","mean: 0.559473, var: 0.001050","mean: 0.197461, var: 0.007615","mean: 0.058737, var: 0.000321","mean: 0.434912, var: 0.006811","mean: 0.048633, var: 0.001221","mean: 0.215540, var: 0.011184","mean: 0.232031, var: 0.001877","mean: 0.276111, var: 0.009709","mean: 0.104736, var: 0.010084",3.1638920614336543,High
ENSP00000434141,"mean: 0.210547, var: 0.001852","mean: 0.452441, var: 0.005544","mean: 0.340063, var: 0.003176","mean: 0.449902, var: 0.007645","mean: 0.135651, var: 0.002621","mean: 0.695703, var: 0.002069","mean: 0.070273, var: 0.001355","mean: 0.204761, var: 0.002047","mean: 0.146082, var: 0.001414","mean: 0.312646, var: 0.003261","mean: 0.189001, var: 0.003223",3.4071484098524034,High
ENSP00000429192,"mean: 0.368628, var: 0.010716","mean: 0.395508, var: 0.001328","mean: 0.550293, var: 0.028446","mean: 0.093195, var: 0.006580","mean: 0.189209, var: 0.009278","mean: 0.326416, var: 0.001510","mean: 0.022784, var: 0.000120","mean: 0.235205, var: 0.014041","mean: 0.239087, var: 0.011013","mean: 0.184668, var: 0.015247","mean: 0.016022, var: 0.000656",3.111922201559093,High
ENSP00000401748,"mean: 0.119666, var: 0.001330","mean: 0.556104, var: 0.006838","mean: 0.381982, var: 0.002845","mean: 0.344189, var: 0.025910","mean: 0.077405, var: 0.000960","mean: 0.330518, var: 0.006136","mean: 0.298438, var: 0.024460","mean: 0.279224, var: 0.009968","mean: 0.267139, var: 0.015877","mean: 0.258899, var: 0.007040","mean: 0.190085, var: 0.023431",3.614217008038427,High
ENSP00000399267,"mean: 0.330957, var: 0.001309","mean: 0.690723, var: 0.006896","mean: 0.289160, var: 0.005487","mean: 0.130396, var: 0.002359","mean: 0.294653, var: 0.004248","mean: 0.122107, var: 0.003695","mean: 0.038622, var: 0.000701","mean: 0.210425, var: 0.002068","mean: 0.171716, var: 0.002694","mean: 0.376880, var: 0.007027","mean: 0.033574, var: 0.000524",3.1007045206645403,High
ENSP00000376096,"mean: 0.241553, var: 0.000985","mean: 0.239429, var: 0.000983","mean: 0.214185, var: 0.001721","mean: 0.605029, var: 0.006221","mean: 0.263818, var: 0.000183","mean: 0.111804, var: 0.001592","mean: 0.013779, var: 0.000200","mean: 0.472656, var: 0.010347","mean: 0.269775, var: 0.005496","mean: 0.175854, var: 0.004416","mean: 0.042099, var: 0.000515",3.12168567549871,High
ENSP00000463892,"mean: 0.379199, var: 0.004201","mean: 0.387402, var: 0.000501","mean: 0.441016, var: 0.001820","mean: 0.125128, var: 0.003255","mean: 0.178870, var: 0.004653","mean: 0.305786, var: 0.007118","mean: 0.051175, var: 0.003300","mean: 0.392432, var: 0.005120","mean: 0.509277, var: 0.010892","mean: 0.494873, var: 0.004341","mean: 0.137012, var: 0.021446",3.509656902325176,High
ENSP00000453357,"mean: 0.263550, var: 0.005836","mean: 0.412402, var: 0.001488","mean: 0.365332, var: 0.003188","mean: 0.464697, var: 0.014910","mean: 0.232324, var: 0.004477","mean: 0.605762, var: 0.003141","mean: 0.022007, var: 0.000564","mean: 0.256274, var: 0.002953","mean: 0.271704, var: 0.013106","mean: 0.391504, var: 0.011457","mean: 0.215186, var: 0.000779",3.5681545134848776,High
ENSP00000453208,"mean: 0.148499, var: 0.001540","mean: 0.406641, var: 0.002591","mean: 0.646484, var: 0.000927","mean: 0.155676, var: 0.010438","mean: 0.093518, var: 0.001416","mean: 0.273236, var: 0.019832","mean: 0.022404, var: 0.000788","mean: 0.102759, var: 0.001240","mean: 0.093665, var: 0.000646","mean: 0.130981, var: 0.001617","mean: 0.176532, var: 0.013782",2.909890517613953,High
ENSP00000451718,"mean: 0.310156, var: 0.013929","mean: 0.519385, var: 0.001257","mean: 0.581201, var: 0.010238","mean: 0.070087, var: 0.003025","mean: 0.279126, var: 0.007820","mean: 0.253369, var: 0.004045","mean: 0.008940, var: 0.000042","mean: 0.087573, var: 0.000310","mean: 0.262036, var: 0.009733","mean: 0.189050, var: 0.003622","mean: 0.054840, var: 0.002755",2.9895785126284746,High
ENSP00000372205,"mean: 0.147107, var: 0.002470","mean: 0.428711, var: 0.014113","mean: 0.376953, var: 0.003087","mean: 0.690039, var: 0.008656","mean: 0.194165, var: 0.002935","mean: 0.318018, var: 0.010546","mean: 0.198871, var: 0.006591","mean: 0.055951, var: 0.000605","mean: 0.032704, var: 0.000469","mean: 0.133099, var: 0.006226","mean: 0.025750, var: 0.000433",2.9084299774845395,High
ENSP00000343218,"mean: 0.153271, var: 0.001408","mean: 0.464648, var: 0.003649","mean: 0.532861, var: 0.001392","mean: 0.343799, var: 0.007170","mean: 0.120398, var: 0.001183","mean: 0.504297, var: 0.018271","mean: 0.010532, var: 0.000100","mean: 0.177271, var: 0.004994","mean: 0.235596, var: 0.003596","mean: 0.177161, var: 0.006410","mean: 0.219963, var: 0.031281",3.2811635950435263,High
ENSP00000479447,"mean: 0.109277, var: 0.000504","mean: 0.501318, var: 0.012207","mean: 0.412598, var: 0.004936","mean: 0.616211, var: 0.006102","mean: 0.075464, var: 0.000511","mean: 0.585645, var: 0.004708","mean: 0.258472, var: 0.003361","mean: 0.188086, var: 0.003394","mean: 0.110541, var: 0.001669","mean: 0.212598, var: 0.001533","mean: 0.220862, var: 0.006131",3.3302037098992927,High
ENSP00000466951,"mean: 0.280371, var: 0.004359","mean: 0.483887, var: 0.000551","mean: 0.408496, var: 0.002214","mean: 0.185584, var: 0.009506","mean: 0.130768, var: 0.001866","mean: 0.167578, var: 0.000942","mean: 0.008839, var: 0.000097","mean: 0.241284, var: 0.006012","mean: 0.336963, var: 0.001895","mean: 0.705762, var: 0.004483","mean: 0.078706, var: 0.006199",3.1488506114266013,High
ENSP00000463688,"mean: 0.138647, var: 0.000885","mean: 0.510889, var: 0.004191","mean: 0.526855, var: 0.003806","mean: 0.295959, var: 0.010114","mean: 0.190674, var: 0.001078","mean: 0.370068, var: 0.006920","mean: 0.005199, var: 0.000029","mean: 0.161890, var: 0.003660","mean: 0.193237, var: 0.002110","mean: 0.130981, var: 0.002191","mean: 0.217773, var: 0.029233",3.2368437412803104,High
ENSP00000409858,"mean: 0.213354, var: 0.000811","mean: 0.468408, var: 0.001885","mean: 0.620215, var: 0.000262","mean: 0.230859, var: 0.003585","mean: 0.143335, var: 0.000744","mean: 0.335205, var: 0.004497","mean: 0.037732, var: 0.000818","mean: 0.191699, var: 0.003364","mean: 0.132251, var: 0.001125","mean: 0.215308, var: 0.004018","mean: 0.161981, var: 0.015077",3.2977145004571553,High
ENSP00000505503,"mean: 0.156299, var: 0.001099","mean: 0.449805, var: 0.006212","mean: 0.373291, var: 0.007655","mean: 0.665430, var: 0.002591","mean: 0.113660, var: 0.000401","mean: 0.462305, var: 0.001988","mean: 0.218323, var: 0.009959","mean: 0.136975, var: 0.001227","mean: 0.098486, var: 0.000268","mean: 0.190967, var: 0.003676","mean: 0.234631, var: 0.015959",3.3813257408841877,High
ENSP00000493139,"mean: 0.253833, var: 0.001020","mean: 0.258984, var: 0.002253","mean: 0.209229, var: 0.000690","mean: 0.634082, var: 0.006227","mean: 0.073346, var: 0.000101","mean: 0.386963, var: 0.002994","mean: 0.076260, var: 0.003594","mean: 0.409424, var: 0.009470","mean: 0.296387, var: 0.002969","mean: 0.357324, var: 0.007080","mean: 0.177100, var: 0.006449",3.4697065983287745,High
ENSP00000482498,"mean: 0.253882, var: 0.001136","mean: 0.381641, var: 0.001080","mean: 0.371045, var: 0.002124","mean: 0.546436, var: 0.004955","mean: 0.101245, var: 0.000649","mean: 0.529150, var: 0.003739","mean: 0.348120, var: 0.014211","mean: 0.237354, var: 0.002791","mean: 0.137292, var: 0.002738","mean: 0.184241, var: 0.002546","mean: 0.340967, var: 0.027223",3.642265191025957,High
ENSP00000482052,"mean: 0.170020, var: 0.005217","mean: 0.435107, var: 0.005513","mean: 0.461768, var: 0.014825","mean: 0.287695, var: 0.008161","mean: 0.075735, var: 0.001483","mean: 0.159528, var: 0.010104","mean: 0.021278, var: 0.000724","mean: 0.086035, var: 0.001521","mean: 0.118640, var: 0.002231","mean: 0.158325, var: 0.008916","mean: 0.041788, var: 0.003024",2.837172331287787,High
ENSP00000454688,"mean: 0.389355, var: 0.006386","mean: 0.682031, var: 0.003295","mean: 0.327393, var: 0.000584","mean: 0.068567, var: 0.000888","mean: 0.315625, var: 0.000619","mean: 0.322852, var: 0.002105","mean: 0.004713, var: 0.000022","mean: 0.218628, var: 0.002350","mean: 0.284717, var: 0.002332","mean: 0.263330, var: 0.000987","mean: 0.108740, var: 0.005001",3.2145394741318714,High
ENSP00000414661,"mean: 0.162927, var: 0.005347","mean: 0.595508, var: 0.005205","mean: 0.509375, var: 0.001916","mean: 0.425269, var: 0.020025","mean: 0.068436, var: 0.000994","mean: 0.530957, var: 0.008920","mean: 0.122723, var: 0.015531","mean: 0.219238, var: 0.001971","mean: 0.290894, var: 0.016992","mean: 0.419629, var: 0.029162","mean: 0.173099, var: 0.036733",3.448556073248104,High
ENSP00000407464,"mean: 0.311523, var: 0.001333","mean: 0.573730, var: 0.003373","mean: 0.350293, var: 0.000704","mean: 0.305005, var: 0.008851","mean: 0.313330, var: 0.002895","mean: 0.409277, var: 0.008753","mean: 0.026281, var: 0.000333","mean: 0.215076, var: 0.005706","mean: 0.243555, var: 0.002108","mean: 0.376123, var: 0.000766","mean: 0.048560, var: 0.003694",3.4257936854027156,High
ENSP00000396366,"mean: 0.298340, var: 0.001063","mean: 0.500537, var: 0.005943","mean: 0.553711, var: 0.001125","mean: 0.131604, var: 0.002858","mean: 0.320947, var: 0.003747","mean: 0.161780, var: 0.003398","mean: 0.028577, var: 0.000271","mean: 0.182251, var: 0.002891","mean: 0.122131, var: 0.001220","mean: 0.292554, var: 0.006571","mean: 0.018851, var: 0.000473",3.063978218160759,High
ENSP00000497786,"mean: 0.143848, var: 0.000546","mean: 0.297900, var: 0.004283","mean: 0.267627, var: 0.001642","mean: 0.193848, var: 0.006981","mean: 0.078461, var: 0.000146","mean: 0.294971, var: 0.008984","mean: 0.819922, var: 0.006236","mean: 0.093225, var: 0.000226","mean: 0.095142, var: 0.001013","mean: 0.105127, var: 0.000353","mean: 0.288354, var: 0.011271",3.0735094054784824,High
ENSP00000471518,"mean: 0.241089, var: 0.001766","mean: 0.201758, var: 0.002394","mean: 0.146228, var: 0.000791","mean: 0.780859, var: 0.003188","mean: 0.164563, var: 0.002561","mean: 0.385596, var: 0.005153","mean: 0.361853, var: 0.042014","mean: 0.197461, var: 0.002365","mean: 0.332739, var: 0.019207","mean: 0.364307, var: 0.007552","mean: 0.031288, var: 0.000671",3.335177673448478,High
ENSP00000420568,"mean: 0.176697, var: 0.003317","mean: 0.493945, var: 0.005499","mean: 0.440137, var: 0.006453","mean: 0.544336, var: 0.008828","mean: 0.205591, var: 0.002286","mean: 0.430469, var: 0.002044","mean: 0.032001, var: 0.001231","mean: 0.161060, var: 0.000511","mean: 0.137769, var: 0.002148","mean: 0.244409, var: 0.005439","mean: 0.130603, var: 0.001571",3.322511279105365,High
ENSP00000387794,"mean: 0.278687, var: 0.003538","mean: 0.687891, var: 0.001498","mean: 0.397168, var: 0.001940","mean: 0.072412, var: 0.000996","mean: 0.433740, var: 0.007267","mean: 0.233423, var: 0.002426","mean: 0.023756, var: 0.000233","mean: 0.206299, var: 0.006341","mean: 0.096497, var: 0.000241","mean: 0.155640, var: 0.001493","mean: 0.099600, var: 0.001586",3.0315591968263256,High
ENSP00000499772,"mean: 0.200488, var: 0.001111","mean: 0.321240, var: 0.009229","mean: 0.311450, var: 0.006076","mean: 0.509961, var: 0.011063","mean: 0.105365, var: 0.001353","mean: 0.481445, var: 0.007022","mean: 0.097675, var: 0.003522","mean: 0.367163, var: 0.021695","mean: 0.157581, var: 0.011275","mean: 0.313940, var: 0.004879","mean: 0.179611, var: 0.013397",3.5410909150183123,High
ENSP00000453703,"mean: 0.116602, var: 0.000487","mean: 0.691895, var: 0.004870","mean: 0.461621, var: 0.001533","mean: 0.263281, var: 0.008909","mean: 0.166174, var: 0.001977","mean: 0.186670, var: 0.002202","mean: 0.006714, var: 0.000044","mean: 0.095728, var: 0.000670","mean: 0.202686, var: 0.002221","mean: 0.241968, var: 0.004584","mean: 0.100634, var: 0.008194",2.9812806706496797,High
ENSP00000501275,"mean: 0.148157, var: 0.000753","mean: 0.495508, var: 0.009253","mean: 0.457129, var: 0.002218","mean: 0.325146, var: 0.002967","mean: 0.098096, var: 0.000400","mean: 0.242700, var: 0.009737","mean: 0.031171, var: 0.000683","mean: 0.120819, var: 0.002756","mean: 0.108447, var: 0.001949","mean: 0.203052, var: 0.002233","mean: 0.107211, var: 0.005054",3.092863502306366,High
ENSP00000471042,"mean: 0.179077, var: 0.000669","mean: 0.573535, var: 0.003544","mean: 0.561670, var: 0.007012","mean: 0.098883, var: 0.004152","mean: 0.095721, var: 0.000458","mean: 0.406641, var: 0.004857","mean: 0.074649, var: 0.004400","mean: 0.120740, var: 0.000708","mean: 0.086011, var: 0.000462","mean: 0.155371, var: 0.001510","mean: 0.263135, var: 0.015669",3.070717712974762,High
ENSP00000462912,"mean: 0.245337, var: 0.001172","mean: 0.641309, var: 0.004243","mean: 0.419092, var: 0.001849","mean: 0.075824, var: 0.001199","mean: 0.295850, var: 0.005107","mean: 0.304932, var: 0.001246","mean: 0.015768, var: 0.000215","mean: 0.096936, var: 0.000512","mean: 0.256128, var: 0.002349","mean: 0.272290, var: 0.001026","mean: 0.167340, var: 0.006802",3.206042722324181,High
ENSP00000428370,"mean: 0.184216, var: 0.003482","mean: 0.472607, var: 0.007765","mean: 0.622168, var: 0.010013","mean: 0.056470, var: 0.000772","mean: 0.099084, var: 0.002524","mean: 0.220941, var: 0.010520","mean: 0.019961, var: 0.000236","mean: 0.250269, var: 0.013260","mean: 0.144434, var: 0.002919","mean: 0.182690, var: 0.001494","mean: 0.039086, var: 0.001409",2.827595715905193,High
ENSP00000355831,"mean: 0.127002, var: 0.000415","mean: 0.466602, var: 0.008854","mean: 0.415869, var: 0.008481","mean: 0.556152, var: 0.001233","mean: 0.087762, var: 0.000795","mean: 0.454639, var: 0.004356","mean: 0.258008, var: 0.007796","mean: 0.238916, var: 0.006889","mean: 0.105884, var: 0.000990","mean: 0.198071, var: 0.000744","mean: 0.322021, var: 0.029478",3.4957743504314585,High
ENSP00000505087,"mean: 0.260571, var: 0.001936","mean: 0.481934, var: 0.003144","mean: 0.527930, var: 0.001019","mean: 0.203320, var: 0.002037","mean: 0.198633, var: 0.002346","mean: 0.350049, var: 0.003098","mean: 0.069800, var: 0.001178","mean: 0.215723, var: 0.003232","mean: 0.203809, var: 0.003181","mean: 0.284766, var: 0.002179","mean: 0.142761, var: 0.011133",3.528277375056561,High
ENSP00000503145,"mean: 0.118677, var: 0.000765","mean: 0.591650, var: 0.007015","mean: 0.548633, var: 0.003189","mean: 0.589697, var: 0.018690","mean: 0.140869, var: 0.001490","mean: 0.566064, var: 0.007997","mean: 0.049353, var: 0.002682","mean: 0.138245, var: 0.000820","mean: 0.180005, var: 0.006164","mean: 0.222559, var: 0.003040","mean: 0.202393, var: 0.005272",3.1909257058454297,High
ENSP00000502095,"mean: 0.276953, var: 0.001330","mean: 0.427734, var: 0.002344","mean: 0.384912, var: 0.000755","mean: 0.423584, var: 0.005069","mean: 0.171436, var: 0.001337","mean: 0.445117, var: 0.001429","mean: 0.188184, var: 0.003173","mean: 0.325659, var: 0.005529","mean: 0.312476, var: 0.006279","mean: 0.370459, var: 0.003093","mean: 0.324585, var: 0.012019",3.8890733384458285,High
ENSP00000469135,"mean: 0.178467, var: 0.000846","mean: 0.181421, var: 0.001193","mean: 0.093628, var: 0.000195","mean: 0.812109, var: 0.004194","mean: 0.259204, var: 0.003625","mean: 0.082172, var: 0.001058","mean: 0.070398, var: 0.000528","mean: 0.349072, var: 0.005147","mean: 0.270313, var: 0.009537","mean: 0.207544, var: 0.002137","mean: 0.016293, var: 0.000126",2.8645423207569136,High
ENSP00000464419,"mean: 0.168408, var: 0.002250","mean: 0.536328, var: 0.003342","mean: 0.537939, var: 0.005464","mean: 0.439111, var: 0.011478","mean: 0.142017, var: 0.001851","mean: 0.444775, var: 0.001915","mean: 0.038474, var: 0.000942","mean: 0.315405, var: 0.005826","mean: 0.188647, var: 0.001676","mean: 0.190796, var: 0.000888","mean: 0.294568, var: 0.011087",3.4466125549712574,High
ENSP00000502101,"mean: 0.222168, var: 0.001562","mean: 0.559277, var: 0.005955","mean: 0.378125, var: 0.006924","mean: 0.132727, var: 0.004747","mean: 0.104736, var: 0.001195","mean: 0.379590, var: 0.006285","mean: 0.084229, var: 0.007068","mean: 0.250586, var: 0.002803","mean: 0.229431, var: 0.008658","mean: 0.310425, var: 0.015309","mean: 0.276508, var: 0.026055",3.510552393518366,High
ENSP00000478133,"mean: 0.108936, var: 0.000318","mean: 0.658496, var: 0.004232","mean: 0.617969, var: 0.003872","mean: 0.181482, var: 0.004346","mean: 0.157507, var: 0.002856","mean: 0.308008, var: 0.000664","mean: 0.041574, var: 0.000809","mean: 0.051825, var: 0.000070","mean: 0.107104, var: 0.001009","mean: 0.133264, var: 0.001084","mean: 0.096821, var: 0.006526",2.7971497654296873,High
ENSP00000464089,"mean: 0.403271, var: 0.006890","mean: 0.534375, var: 0.002246","mean: 0.507275, var: 0.003709","mean: 0.125208, var: 0.002219","mean: 0.240479, var: 0.004163","mean: 0.245239, var: 0.016469","mean: 0.030499, var: 0.000504","mean: 0.147314, var: 0.001415","mean: 0.287720, var: 0.005721","mean: 0.469189, var: 0.013428","mean: 0.113881, var: 0.006147",3.342429431205986,High
ENSP00000452439,"mean: 0.139563, var: 0.001100","mean: 0.694824, var: 0.004011","mean: 0.411621, var: 0.007489","mean: 0.311035, var: 0.013558","mean: 0.133337, var: 0.001195","mean: 0.249878, var: 0.005178","mean: 0.204065, var: 0.010434","mean: 0.137988, var: 0.000416","mean: 0.178027, var: 0.002590","mean: 0.143652, var: 0.001422","mean: 0.069857, var: 0.001551",3.241130937268274,High
ENSP00000421606,"mean: 0.154053, var: 0.000619","mean: 0.618164, var: 0.004371","mean: 0.498486, var: 0.004394","mean: 0.144012, var: 0.005311","mean: 0.146130, var: 0.000667","mean: 0.273364, var: 0.001289","mean: 0.051088, var: 0.002274","mean: 0.110474, var: 0.000975","mean: 0.161310, var: 0.007423","mean: 0.274243, var: 0.006408","mean: 0.038971, var: 0.001892",3.018058145995689,High
ENSP00000266964,"mean: 0.343848, var: 0.001790","mean: 0.525488, var: 0.013803","mean: 0.258179, var: 0.004389","mean: 0.082083, var: 0.001800","mean: 0.094806, var: 0.001230","mean: 0.302124, var: 0.018098","mean: 0.025473, var: 0.001044","mean: 0.144861, var: 0.002446","mean: 0.411475, var: 0.005772","mean: 0.244287, var: 0.017482","mean: 0.114651, var: 0.016522",3.1763433983356064,High
ENSP00000453470,"mean: 0.158691, var: 0.002427","mean: 0.483984, var: 0.003910","mean: 0.581641, var: 0.002286","mean: 0.131528, var: 0.007163","mean: 0.118365, var: 0.002228","mean: 0.348779, var: 0.011385","mean: 0.021411, var: 0.000777","mean: 0.131274, var: 0.000922","mean: 0.169751, var: 0.000727","mean: 0.117676, var: 0.003560","mean: 0.339270, var: 0.055064",3.113744023144123,High
ENSP00000430095,"mean: 0.408398, var: 0.002489","mean: 0.455225, var: 0.004904","mean: 0.370996, var: 0.006539","mean: 0.109729, var: 0.003204","mean: 0.142578, var: 0.000843","mean: 0.561035, var: 0.008406","mean: 0.047461, var: 0.001042","mean: 0.414404, var: 0.009312","mean: 0.433936, var: 0.006280","mean: 0.538672, var: 0.013480","mean: 0.139227, var: 0.014891",3.4160344079919067,High
ENSP00000421676,"mean: 0.166309, var: 0.000398","mean: 0.360303, var: 0.003063","mean: 0.485254, var: 0.003597","mean: 0.572852, var: 0.010837","mean: 0.058777, var: 0.000739","mean: 0.600586, var: 0.010967","mean: 0.054916, var: 0.001239","mean: 0.200024, var: 0.002736","mean: 0.069534, var: 0.001476","mean: 0.216992, var: 0.002915","mean: 0.278131, var: 0.022693",3.1630524872655945,High
ENSP00000406980,"mean: 0.354346, var: 0.002123","mean: 0.504785, var: 0.001950","mean: 0.333350, var: 0.002017","mean: 0.202637, var: 0.006290","mean: 0.315625, var: 0.002043","mean: 0.450879, var: 0.007438","mean: 0.127832, var: 0.002196","mean: 0.279248, var: 0.006283","mean: 0.181982, var: 0.001639","mean: 0.281445, var: 0.004134","mean: 0.120900, var: 0.007197",3.6670290051318615,High
ENSP00000480532,"mean: 0.158643, var: 0.000231","mean: 0.503174, var: 0.003728","mean: 0.489795, var: 0.001476","mean: 0.472803, var: 0.019865","mean: 0.107629, var: 0.000446","mean: 0.509961, var: 0.002979","mean: 0.047104, var: 0.001892","mean: 0.147119, var: 0.001091","mean: 0.173145, var: 0.002711","mean: 0.211694, var: 0.002666","mean: 0.154770, var: 0.011501",3.2717228236453666,High
ENSP00000454124,"mean: 0.173462, var: 0.001497","mean: 0.526172, var: 0.003427","mean: 0.480078, var: 0.005649","mean: 0.380566, var: 0.005696","mean: 0.146179, var: 0.000706","mean: 0.344727, var: 0.001391","mean: 0.061308, var: 0.002490","mean: 0.245190, var: 0.001880","mean: 0.272192, var: 0.006151","mean: 0.228247, var: 0.002396","mean: 0.220068, var: 0.004759",3.550273256719661,High
ENSP00000433148,"mean: 0.718945, var: 0.004991","mean: 0.115552, var: 0.000377","mean: 0.153601, var: 0.000653","mean: 0.149902, var: 0.003712","mean: 0.537451, var: 0.014002","mean: 0.184668, var: 0.002314","mean: 0.046320, var: 0.001502","mean: 0.372949, var: 0.004685","mean: 0.465918, var: 0.014727","mean: 0.279004, var: 0.001359","mean: 0.040170, var: 0.002038",3.0557637240415088,High
ENSP00000421209,"mean: 0.166675, var: 0.000382","mean: 0.465674, var: 0.002732","mean: 0.509717, var: 0.001558","mean: 0.317456, var: 0.015866","mean: 0.121936, var: 0.000259","mean: 0.465918, var: 0.006831","mean: 0.062988, var: 0.002227","mean: 0.243335, var: 0.006673","mean: 0.197839, var: 0.004139","mean: 0.260425, var: 0.003454","mean: 0.138721, var: 0.013460",3.4377324647453062,High
ENSP00000404242,"mean: 0.412256, var: 0.008913","mean: 0.341895, var: 0.003001","mean: 0.314966, var: 0.004069","mean: 0.586426, var: 0.003000","mean: 0.318018, var: 0.006986","mean: 0.266528, var: 0.002200","mean: 0.122205, var: 0.004385","mean: 0.398291, var: 0.008915","mean: 0.161499, var: 0.001882","mean: 0.198047, var: 0.001532","mean: 0.081400, var: 0.002061",3.568721957744652,High
ENSP00000362011,"mean: 0.114502, var: 0.000207","mean: 0.512256, var: 0.004578","mean: 0.583594, var: 0.002280","mean: 0.351855, var: 0.027558","mean: 0.104260, var: 0.000113","mean: 0.365186, var: 0.002717","mean: 0.021161, var: 0.000313","mean: 0.129004, var: 0.001899","mean: 0.141675, var: 0.001571","mean: 0.100977, var: 0.000550","mean: 0.167303, var: 0.016384",3.0295111826021413,High
ENSP00000453826,"mean: 0.246069, var: 0.003632","mean: 0.400488, var: 0.001271","mean: 0.505029, var: 0.005559","mean: 0.210242, var: 0.011576","mean: 0.173975, var: 0.000403","mean: 0.476660, var: 0.003194","mean: 0.055042, var: 0.001666","mean: 0.268579, var: 0.004368","mean: 0.246411, var: 0.002892","mean: 0.240649, var: 0.001859","mean: 0.299292, var: 0.011763",3.603483659946241,High
ENSP00000437094,"mean: 0.272217, var: 0.002318","mean: 0.707520, var: 0.002618","mean: 0.378076, var: 0.004008","mean: 0.039809, var: 0.000704","mean: 0.153174, var: 0.000331","mean: 0.242249, var: 0.007917","mean: 0.007166, var: 0.000038","mean: 0.147278, var: 0.002981","mean: 0.398315, var: 0.008697","mean: 0.411768, var: 0.002850","mean: 0.101887, var: 0.009551",3.0081025587866037,High
ENSP00000422708,"mean: 0.144238, var: 0.005449","mean: 0.694336, var: 0.004185","mean: 0.322754, var: 0.011348","mean: 0.029861, var: 0.000648","mean: 0.098541, var: 0.002346","mean: 0.463367, var: 0.035112","mean: 0.017996, var: 0.000282","mean: 0.228418, var: 0.004765","mean: 0.131168, var: 0.006805","mean: 0.087021, var: 0.005685","mean: 0.346411, var: 0.024849",2.8429350269578766,High
ENSP00000504953,"mean: 0.246899, var: 0.001263","mean: 0.392432, var: 0.004350","mean: 0.496973, var: 0.006336","mean: 0.360156, var: 0.006735","mean: 0.121436, var: 0.000570","mean: 0.195068, var: 0.000860","mean: 0.068677, var: 0.001227","mean: 0.216089, var: 0.001928","mean: 0.226013, var: 0.004441","mean: 0.312573, var: 0.001244","mean: 0.049118, var: 0.001793",3.3652130945171277,High
ENSP00000489835,"mean: 0.123737, var: 0.001696","mean: 0.577930, var: 0.002276","mean: 0.644141, var: 0.000611","mean: 0.055811, var: 0.001341","mean: 0.089697, var: 0.000964","mean: 0.306836, var: 0.001425","mean: 0.036469, var: 0.000604","mean: 0.160706, var: 0.002437","mean: 0.147107, var: 0.004525","mean: 0.195490, var: 0.009922","mean: 0.155069, var: 0.022930",2.9032331114693344,High
ENSP00000483888,"mean: 0.454346, var: 0.014754","mean: 0.238135, var: 0.001799","mean: 0.224316, var: 0.002609","mean: 0.186517, var: 0.011290","mean: 0.061475, var: 0.000093","mean: 0.841602, var: 0.002294","mean: 0.181982, var: 0.005915","mean: 0.358838, var: 0.006373","mean: 0.168347, var: 0.003723","mean: 0.247583, var: 0.009934","mean: 0.133154, var: 0.004630",3.2571065525282226,High
ENSP00000432533,"mean: 0.123206, var: 0.000508","mean: 0.469043, var: 0.006312","mean: 0.640527, var: 0.001562","mean: 0.177393, var: 0.010477","mean: 0.099792, var: 0.000849","mean: 0.277661, var: 0.002675","mean: 0.036447, var: 0.000354","mean: 0.185681, var: 0.002413","mean: 0.095349, var: 0.001318","mean: 0.106131, var: 0.002006","mean: 0.070163, var: 0.004796",2.8728716964469,High
ENSP00000423727,"mean: 0.182568, var: 0.000890","mean: 0.146228, var: 0.000411","mean: 0.097040, var: 0.000544","mean: 0.868848, var: 0.000273","mean: 0.112952, var: 0.000757","mean: 0.162573, var: 0.006579","mean: 0.069263, var: 0.000856","mean: 0.255371, var: 0.003911","mean: 0.227026, var: 0.003214","mean: 0.205786, var: 0.002210","mean: 0.055286, var: 0.002504",2.8373020985434168,High
ENSP00000450740,"mean: 0.162366, var: 0.000873","mean: 0.326123, var: 0.002860","mean: 0.553711, var: 0.014814","mean: 0.284985, var: 0.004017","mean: 0.108679, var: 0.000771","mean: 0.177173, var: 0.000572","mean: 0.310937, var: 0.006267","mean: 0.249097, var: 0.005339","mean: 0.068622, var: 0.000163","mean: 0.091724, var: 0.000393","mean: 0.172375, var: 0.009201",3.308922526897157,High
ENSP00000323414,"mean: 0.211572, var: 0.002206","mean: 0.506787, var: 0.003312","mean: 0.448682, var: 0.004612","mean: 0.313770, var: 0.004265","mean: 0.195532, var: 0.002664","mean: 0.433594, var: 0.003197","mean: 0.083850, var: 0.002388","mean: 0.304199, var: 0.003143","mean: 0.324829, var: 0.011667","mean: 0.336865, var: 0.005630","mean: 0.180811, var: 0.007065",3.6886753609901533,High
ENSP00000503038,"mean: 0.301807, var: 0.001415","mean: 0.434277, var: 0.003892","mean: 0.367627, var: 0.000617","mean: 0.417041, var: 0.002786","mean: 0.127026, var: 0.001449","mean: 0.610645, var: 0.000923","mean: 0.115244, var: 0.005105","mean: 0.280176, var: 0.010679","mean: 0.208789, var: 0.004192","mean: 0.303491, var: 0.006762","mean: 0.243073, var: 0.035800",3.657904127232384,High
ENSP00000486916,"mean: 0.208057, var: 0.001216","mean: 0.503320, var: 0.004685","mean: 0.423877, var: 0.000530","mean: 0.153491, var: 0.004231","mean: 0.189636, var: 0.001969","mean: 0.490234, var: 0.019844","mean: 0.017373, var: 0.000219","mean: 0.246265, var: 0.006676","mean: 0.365967, var: 0.006204","mean: 0.197229, var: 0.002544","mean: 0.343225, var: 0.063656",3.4590341555066795,High
ENSP00000462962,"mean: 0.158997, var: 0.000599","mean: 0.419482, var: 0.016786","mean: 0.415332, var: 0.003101","mean: 0.516895, var: 0.007910","mean: 0.065860, var: 0.001529","mean: 0.641748, var: 0.019700","mean: 0.088153, var: 0.003253","mean: 0.251685, var: 0.026976","mean: 0.123654, var: 0.011760","mean: 0.265259, var: 0.004977","mean: 0.181856, var: 0.009827",3.308426824887416,High
ENSP00000456998,"mean: 0.146143, var: 0.000728","mean: 0.539307, var: 0.012282","mean: 0.523438, var: 0.002285","mean: 0.297510, var: 0.016229","mean: 0.202563, var: 0.001035","mean: 0.551025, var: 0.004153","mean: 0.028389, var: 0.001220","mean: 0.246533, var: 0.016151","mean: 0.158777, var: 0.002657","mean: 0.222559, var: 0.007119","mean: 0.179907, var: 0.002601",3.3469292362917162,High
ENSP00000422701,"mean: 0.171997, var: 0.002534","mean: 0.514990, var: 0.005107","mean: 0.521387, var: 0.003389","mean: 0.221191, var: 0.005021","mean: 0.119006, var: 0.000972","mean: 0.283215, var: 0.011633","mean: 0.036821, var: 0.000999","mean: 0.204260, var: 0.007403","mean: 0.143994, var: 0.003672","mean: 0.235571, var: 0.005811","mean: 0.066736, var: 0.009469",3.174693385759211,High
ENSP00000461696,"mean: 0.150671, var: 0.000406","mean: 0.503174, var: 0.002256","mean: 0.589014, var: 0.006575","mean: 0.202893, var: 0.005314","mean: 0.190088, var: 0.002906","mean: 0.151074, var: 0.003706","mean: 0.052148, var: 0.001092","mean: 0.099957, var: 0.001143","mean: 0.174268, var: 0.002669","mean: 0.233301, var: 0.001468","mean: 0.158829, var: 0.019890",3.187772848889685,High
ENSP00000429766,"mean: 0.321777, var: 0.006463","mean: 0.529248, var: 0.003974","mean: 0.443799, var: 0.001796","mean: 0.125018, var: 0.002896","mean: 0.324634, var: 0.006906","mean: 0.216589, var: 0.006473","mean: 0.024613, var: 0.000301","mean: 0.067651, var: 0.000458","mean: 0.347046, var: 0.012944","mean: 0.277344, var: 0.011537","mean: 0.019809, var: 0.000655",3.0927113023249424,High
ENSP00000339093,"mean: 0.544629, var: 0.004398","mean: 0.396338, var: 0.001545","mean: 0.342334, var: 0.001609","mean: 0.225415, var: 0.005273","mean: 0.258521, var: 0.002837","mean: 0.446338, var: 0.004410","mean: 0.063577, var: 0.003353","mean: 0.428564, var: 0.008024","mean: 0.267993, var: 0.009485","mean: 0.433594, var: 0.008538","mean: 0.191458, var: 0.011252",3.6803558974576465,High
ENSP00000471563,"mean: 0.447656, var: 0.016017","mean: 0.588867, var: 0.001823","mean: 0.454199, var: 0.004169","mean: 0.133792, var: 0.005170","mean: 0.409473, var: 0.008057","mean: 0.347339, var: 0.018369","mean: 0.006004, var: 0.000049","mean: 0.111377, var: 0.001160","mean: 0.412158, var: 0.009370","mean: 0.305029, var: 0.004880","mean: 0.025685, var: 0.000953",3.1288317717297955,High
ENSP00000470109,"mean: 0.105017, var: 0.001769","mean: 0.496533, var: 0.003513","mean: 0.511963, var: 0.005484","mean: 0.718750, var: 0.002157","mean: 0.093512, var: 0.000993","mean: 0.335059, var: 0.003107","mean: 0.081058, var: 0.003466","mean: 0.132166, var: 0.001516","mean: 0.068600, var: 0.001845","mean: 0.062207, var: 0.000750","mean: 0.158740, var: 0.003019",2.8722454348622595,High
ENSP00000464792,"mean: 0.136389, var: 0.000555","mean: 0.372900, var: 0.002561","mean: 0.553613, var: 0.004010","mean: 0.193713, var: 0.006185","mean: 0.081885, var: 0.001273","mean: 0.746777, var: 0.001847","mean: 0.239783, var: 0.005775","mean: 0.089392, var: 0.000337","mean: 0.153247, var: 0.002666","mean: 0.119312, var: 0.000604","mean: 0.157422, var: 0.014536",3.098251762263122,High
ENSP00000453633,"mean: 0.362109, var: 0.006707","mean: 0.374170, var: 0.007352","mean: 0.545312, var: 0.013771","mean: 0.110150, var: 0.002948","mean: 0.199341, var: 0.001229","mean: 0.248340, var: 0.002270","mean: 0.041200, var: 0.000992","mean: 0.159021, var: 0.005545","mean: 0.244360, var: 0.010744","mean: 0.211920, var: 0.019022","mean: 0.030388, var: 0.002452",3.179825162857386,High
ENSP00000451510,"mean: 0.190552, var: 0.000808","mean: 0.458252, var: 0.002625","mean: 0.452148, var: 0.003408","mean: 0.403955, var: 0.004092","mean: 0.123767, var: 0.001225","mean: 0.354834, var: 0.000546","mean: 0.094736, var: 0.002135","mean: 0.148987, var: 0.000884","mean: 0.185864, var: 0.002533","mean: 0.261816, var: 0.000177","mean: 0.126886, var: 0.008340",3.4572798694597355,High
ENSP00000434474,"mean: 0.216675, var: 0.000926","mean: 0.535059, var: 0.003574","mean: 0.407813, var: 0.001990","mean: 0.388818, var: 0.005692","mean: 0.227100, var: 0.001680","mean: 0.513184, var: 0.004275","mean: 0.043811, var: 0.001094","mean: 0.235425, var: 0.001714","mean: 0.246680, var: 0.001637","mean: 0.343018, var: 0.002504","mean: 0.148425, var: 0.004718",3.551050013668994,High
ENSP00000404012,"mean: 0.207910, var: 0.004923","mean: 0.449658, var: 0.002873","mean: 0.453418, var: 0.003302","mean: 0.441699, var: 0.017635","mean: 0.199243, var: 0.004860","mean: 0.619629, var: 0.004206","mean: 0.031853, var: 0.000732","mean: 0.209570, var: 0.000584","mean: 0.300977, var: 0.015157","mean: 0.306641, var: 0.006554","mean: 0.176331, var: 0.002232",3.4906478031119206,High
ENSP00000401872,"mean: 0.128870, var: 0.003326","mean: 0.575879, var: 0.004598","mean: 0.605371, var: 0.001430","mean: 0.520068, var: 0.012484","mean: 0.172473, var: 0.002512","mean: 0.354883, var: 0.001667","mean: 0.017036, var: 0.000358","mean: 0.110132, var: 0.000732","mean: 0.085098, var: 0.001209","mean: 0.159839, var: 0.002872","mean: 0.150261, var: 0.010561",2.996380640808911,High
ENSP00000498848,"mean: 0.206714, var: 0.001306","mean: 0.402002, var: 0.004931","mean: 0.372168, var: 0.004900","mean: 0.544482, var: 0.001249","mean: 0.091168, var: 0.000531","mean: 0.469189, var: 0.003489","mean: 0.152051, var: 0.004200","mean: 0.234229, var: 0.005325","mean: 0.098254, var: 0.001414","mean: 0.233057, var: 0.000696","mean: 0.237610, var: 0.011174",3.4997304090065353,High
ENSP00000489370,"mean: 0.250415, var: 0.002876","mean: 0.462061, var: 0.003486","mean: 0.417627, var: 0.002108","mean: 0.479639, var: 0.004465","mean: 0.137671, var: 0.001651","mean: 0.527100, var: 0.005652","mean: 0.107538, var: 0.004346","mean: 0.277319, var: 0.003388","mean: 0.256348, var: 0.005710","mean: 0.309009, var: 0.002122","mean: 0.195081, var: 0.002381",3.657208892917257,High
ENSP00000431095,"mean: 0.113855, var: 0.000434","mean: 0.462451, var: 0.004969","mean: 0.466748, var: 0.004965","mean: 0.420557, var: 0.002779","mean: 0.069141, var: 0.000087","mean: 0.299072, var: 0.001535","mean: 0.158166, var: 0.006290","mean: 0.150110, var: 0.001573","mean: 0.106018, var: 0.002011","mean: 0.119299, var: 0.000703","mean: 0.156110, var: 0.009037",3.227509980217686,High
ENSP00000402322,"mean: 0.364648, var: 0.002015","mean: 0.492236, var: 0.003514","mean: 0.439990, var: 0.003792","mean: 0.118320, var: 0.004040","mean: 0.166406, var: 0.001475","mean: 0.221094, var: 0.004843","mean: 0.050082, var: 0.002410","mean: 0.170972, var: 0.000401","mean: 0.234058, var: 0.006509","mean: 0.326733, var: 0.003151","mean: 0.089011, var: 0.004598",3.3352497014695444,High
ENSP00000429976,"mean: 0.095660, var: 0.000816","mean: 0.589941, var: 0.010121","mean: 0.453369, var: 0.005834","mean: 0.615332, var: 0.016877","mean: 0.090601, var: 0.000183","mean: 0.520117, var: 0.005128","mean: 0.067999, var: 0.005197","mean: 0.121069, var: 0.001946","mean: 0.119952, var: 0.007685","mean: 0.096674, var: 0.002184","mean: 0.284058, var: 0.043032",3.0270201640878507,High
ENSP00000429873,"mean: 0.130139, var: 0.000280","mean: 0.374561, var: 0.002633","mean: 0.288965, var: 0.001867","mean: 0.579785, var: 0.002665","mean: 0.082800, var: 0.000126","mean: 0.318726, var: 0.004192","mean: 0.059503, var: 0.000753","mean: 0.121204, var: 0.001928","mean: 0.290869, var: 0.009268","mean: 0.165955, var: 0.001706","mean: 0.076843, var: 0.003998",3.156793192404429,High
ENSP00000424181,"mean: 0.104272, var: 0.000697","mean: 0.496289, var: 0.005610","mean: 0.736426, var: 0.001547","mean: 0.049844, var: 0.001698","mean: 0.086734, var: 0.000834","mean: 0.227612, var: 0.004166","mean: 0.211462, var: 0.006462","mean: 0.198291, var: 0.005807","mean: 0.113342, var: 0.000869","mean: 0.105719, var: 0.004562","mean: 0.199854, var: 0.020672",2.962683732840428,High
ENSP00000421897,"mean: 0.355054, var: 0.006702","mean: 0.648633, var: 0.003375","mean: 0.336890, var: 0.010537","mean: 0.310449, var: 0.037537","mean: 0.149768, var: 0.002048","mean: 0.144958, var: 0.003809","mean: 0.007472, var: 0.000069","mean: 0.221277, var: 0.015376","mean: 0.463721, var: 0.006969","mean: 0.589893, var: 0.027776","mean: 0.045149, var: 0.001712",3.120357600228656,High
ENSP00000395719,"mean: 0.307227, var: 0.000794","mean: 0.496631, var: 0.002659","mean: 0.376123, var: 0.008039","mean: 0.129297, var: 0.002873","mean: 0.162158, var: 0.000829","mean: 0.288000, var: 0.011448","mean: 0.008212, var: 0.000086","mean: 0.174121, var: 0.000413","mean: 0.487939, var: 0.001290","mean: 0.396484, var: 0.004534","mean: 0.050391, var: 0.003220",3.2072406878798043,High
ENSP00000489587,"mean: 0.173047, var: 0.001604","mean: 0.171948, var: 0.002650","mean: 0.199048, var: 0.001107","mean: 0.780078, var: 0.002540","mean: 0.145630, var: 0.000333","mean: 0.344141, var: 0.002055","mean: 0.193262, var: 0.014038","mean: 0.149658, var: 0.001581","mean: 0.069006, var: 0.000530","mean: 0.152307, var: 0.001950","mean: 0.031849, var: 0.000408",2.951823819612813,High
ENSP00000457536,"mean: 0.339746, var: 0.002971","mean: 0.695801, var: 0.007341","mean: 0.308105, var: 0.001834","mean: 0.225513, var: 0.006333","mean: 0.292847, var: 0.009735","mean: 0.266284, var: 0.010510","mean: 0.015290, var: 0.000309","mean: 0.148254, var: 0.001558","mean: 0.211450, var: 0.001380","mean: 0.218164, var: 0.004981","mean: 0.071834, var: 0.001885",3.2265177192663006,High
ENSP00000431233,"mean: 0.216675, var: 0.001071","mean: 0.375879, var: 0.007468","mean: 0.257642, var: 0.003547","mean: 0.609473, var: 0.004673","mean: 0.118799, var: 0.000696","mean: 0.653711, var: 0.008485","mean: 0.170898, var: 0.002545","mean: 0.319409, var: 0.019318","mean: 0.167053, var: 0.005215","mean: 0.348828, var: 0.010594","mean: 0.133783, var: 0.004124",3.4832080802785366,High
ENSP00000426165,"mean: 0.116516, var: 0.001325","mean: 0.568164, var: 0.006935","mean: 0.567871, var: 0.006497","mean: 0.364063, var: 0.007389","mean: 0.136133, var: 0.000763","mean: 0.310742, var: 0.005720","mean: 0.052008, var: 0.002772","mean: 0.171692, var: 0.002490","mean: 0.138489, var: 0.000189","mean: 0.267993, var: 0.007162","mean: 0.080882, var: 0.002327",3.181904104270742,High
ENSP00000421839,"mean: 0.215527, var: 0.002114","mean: 0.465479, var: 0.004312","mean: 0.356860, var: 0.004793","mean: 0.458398, var: 0.003077","mean: 0.148315, var: 0.001468","mean: 0.375195, var: 0.000494","mean: 0.036295, var: 0.000939","mean: 0.323730, var: 0.004295","mean: 0.266357, var: 0.007808","mean: 0.330811, var: 0.003579","mean: 0.185510, var: 0.003852",3.5791412978104358,High
ENSP00000409990,"mean: 0.126489, var: 0.001367","mean: 0.677344, var: 0.003418","mean: 0.452051, var: 0.008299","mean: 0.119189, var: 0.002621","mean: 0.108972, var: 0.000218","mean: 0.317432, var: 0.009849","mean: 0.193091, var: 0.008124","mean: 0.196826, var: 0.003804","mean: 0.080103, var: 0.001284","mean: 0.081299, var: 0.001415","mean: 0.227100, var: 0.019995",3.1240155864758856,High
ENSP00000392767,"mean: 0.329834, var: 0.004071","mean: 0.616895, var: 0.004740","mean: 0.337695, var: 0.013776","mean: 0.261646, var: 0.008575","mean: 0.336816, var: 0.002570","mean: 0.153101, var: 0.003935","mean: 0.028563, var: 0.000499","mean: 0.193652, var: 0.000143","mean: 0.283008, var: 0.005774","mean: 0.225732, var: 0.005061","mean: 0.083910, var: 0.005856",3.355717826688459,High
ENSP00000372656,"mean: 0.153906, var: 0.000207","mean: 0.497168, var: 0.003711","mean: 0.379248, var: 0.005163","mean: 0.503076, var: 0.003112","mean: 0.059906, var: 0.000393","mean: 0.469434, var: 0.001832","mean: 0.269434, var: 0.008030","mean: 0.320020, var: 0.008635","mean: 0.183569, var: 0.002666","mean: 0.353955, var: 0.002359","mean: 0.263245, var: 0.006088",3.620518790744556,High
ENSP00000350398,"mean: 0.152661, var: 0.000735","mean: 0.560059, var: 0.004817","mean: 0.512354, var: 0.004334","mean: 0.434668, var: 0.005251","mean: 0.117615, var: 0.000254","mean: 0.309668, var: 0.000651","mean: 0.080341, var: 0.002344","mean: 0.143274, var: 0.000831","mean: 0.168213, var: 0.001773","mean: 0.208789, var: 0.001447","mean: 0.159131, var: 0.007175",3.3314782183934,High
ENSP00000506567,"mean: 0.202734, var: 0.001492","mean: 0.524658, var: 0.004713","mean: 0.321704, var: 0.002381","mean: 0.440723, var: 0.006762","mean: 0.195117, var: 0.001868","mean: 0.371191, var: 0.003378","mean: 0.296997, var: 0.016774","mean: 0.129529, var: 0.002410","mean: 0.089825, var: 0.000388","mean: 0.226733, var: 0.003560","mean: 0.127011, var: 0.010757",3.5149380270207136,High
ENSP00000505535,"mean: 0.411426, var: 0.015103","mean: 0.653223, var: 0.005024","mean: 0.395508, var: 0.003569","mean: 0.059293, var: 0.002479","mean: 0.278369, var: 0.005434","mean: 0.348975, var: 0.006506","mean: 0.006868, var: 0.000068","mean: 0.289575, var: 0.004436","mean: 0.372949, var: 0.003433","mean: 0.369238, var: 0.001086","mean: 0.030046, var: 0.001212",3.1354400768636617,High
ENSP00000482941,"mean: 0.324268, var: 0.001600","mean: 0.575098, var: 0.001296","mean: 0.281372, var: 0.003780","mean: 0.157849, var: 0.004120","mean: 0.261987, var: 0.003118","mean: 0.532764, var: 0.001741","mean: 0.157404, var: 0.024733","mean: 0.180420, var: 0.001495","mean: 0.134351, var: 0.001082","mean: 0.245386, var: 0.002302","mean: 0.056343, var: 0.001751",3.3944217059377784,High
ENSP00000475468,"mean: 0.211768, var: 0.000531","mean: 0.415332, var: 0.001775","mean: 0.436523, var: 0.001448","mean: 0.249731, var: 0.005947","mean: 0.108557, var: 0.000309","mean: 0.482275, var: 0.008198","mean: 0.163611, var: 0.005477","mean: 0.230811, var: 0.010218","mean: 0.163013, var: 0.000638","mean: 0.246057, var: 0.007781","mean: 0.176312, var: 0.019070",3.576000967586171,High
ENSP00000463707,"mean: 0.188184, var: 0.000669","mean: 0.538770, var: 0.002658","mean: 0.491064, var: 0.000801","mean: 0.453857, var: 0.002578","mean: 0.121387, var: 0.000952","mean: 0.453467, var: 0.001608","mean: 0.278979, var: 0.003460","mean: 0.258008, var: 0.006717","mean: 0.181226, var: 0.000587","mean: 0.287646, var: 0.005052","mean: 0.086905, var: 0.008100",3.5558483003076993,High
ENSP00000453788,"mean: 0.205005, var: 0.000295","mean: 0.457471, var: 0.002097","mean: 0.437500, var: 0.005077","mean: 0.487158, var: 0.004211","mean: 0.123865, var: 0.000653","mean: 0.523633, var: 0.005099","mean: 0.144519, var: 0.002576","mean: 0.224414, var: 0.004165","mean: 0.209229, var: 0.002983","mean: 0.334326, var: 0.003855","mean: 0.114563, var: 0.005550",3.5488294764355834,High
ENSP00000438281,"mean: 0.165112, var: 0.001016","mean: 0.605762, var: 0.002779","mean: 0.336890, var: 0.007456","mean: 0.158838, var: 0.001068","mean: 0.168066, var: 0.001409","mean: 0.236084, var: 0.001764","mean: 0.006351, var: 0.000023","mean: 0.055499, var: 0.000178","mean: 0.198633, var: 0.010474","mean: 0.343213, var: 0.021438","mean: 0.020906, var: 0.000805",2.8618896228705024,High
ENSP00000434262,"mean: 0.247388, var: 0.000728","mean: 0.458643, var: 0.001175","mean: 0.335596, var: 0.002158","mean: 0.215442, var: 0.011662","mean: 0.152319, var: 0.001450","mean: 0.541064, var: 0.008361","mean: 0.112225, var: 0.003154","mean: 0.144629, var: 0.000148","mean: 0.127869, var: 0.001052","mean: 0.148608, var: 0.000308","mean: 0.055328, var: 0.006577",3.250723752818274,High
ENSP00000432792,"mean: 0.745898, var: 0.003395","mean: 0.125000, var: 0.001368","mean: 0.113733, var: 0.000342","mean: 0.089044, var: 0.003272","mean: 0.150098, var: 0.000416","mean: 0.890918, var: 0.001081","mean: 0.285901, var: 0.031752","mean: 0.468213, var: 0.012364","mean: 0.215833, var: 0.008169","mean: 0.170581, var: 0.003114","mean: 0.121454, var: 0.004293",2.9307016973970033,High
ENSP00000408717,"mean: 0.221594, var: 0.004397","mean: 0.494043, var: 0.005425","mean: 0.483789, var: 0.003963","mean: 0.172913, var: 0.005611","mean: 0.101627, var: 0.002063","mean: 0.274536, var: 0.012208","mean: 0.023748, var: 0.000920","mean: 0.188159, var: 0.001931","mean: 0.158594, var: 0.003298","mean: 0.219141, var: 0.001095","mean: 0.102887, var: 0.005055",3.1860914338970607,High
ENSP00000453224,"mean: 0.120581, var: 0.000548","mean: 0.537646, var: 0.005820","mean: 0.460986, var: 0.006271","mean: 0.654590, var: 0.000527","mean: 0.111096, var: 0.000522","mean: 0.446533, var: 0.007033","mean: 0.122662, var: 0.002272","mean: 0.075085, var: 0.000414","mean: 0.070007, var: 0.000400","mean: 0.208228, var: 0.002568","mean: 0.051169, var: 0.002273",2.9440049971384887,High
ENSP00000443808,"mean: 0.193481, var: 0.001452","mean: 0.424756, var: 0.004075","mean: 0.342676, var: 0.003904","mean: 0.390527, var: 0.010702","mean: 0.112415, var: 0.000962","mean: 0.625684, var: 0.003474","mean: 0.174829, var: 0.005911","mean: 0.227881, var: 0.002355","mean: 0.153723, var: 0.004319","mean: 0.251221, var: 0.002503","mean: 0.128009, var: 0.003307",3.49473078967861,High
ENSP00000431481,"mean: 0.303760, var: 0.011345","mean: 0.639844, var: 0.005166","mean: 0.394287, var: 0.004591","mean: 0.163086, var: 0.013033","mean: 0.316748, var: 0.011096","mean: 0.130127, var: 0.002127","mean: 0.013346, var: 0.000062","mean: 0.148206, var: 0.001780","mean: 0.405322, var: 0.004782","mean: 0.194177, var: 0.009600","mean: 0.023069, var: 0.000503",3.0516573709375376,High
ENSP00000399490,"mean: 0.341602, var: 0.001154","mean: 0.178003, var: 0.000713","mean: 0.138464, var: 0.000783","mean: 0.567187, var: 0.014128","mean: 0.333496, var: 0.005490","mean: 0.157776, var: 0.002463","mean: 0.025745, var: 0.000128","mean: 0.403223, var: 0.014703","mean: 0.184436, var: 0.003232","mean: 0.332495, var: 0.010400","mean: 0.034235, var: 0.000451",3.180977581344603,High
ENSP00000389994,"mean: 0.137952, var: 0.000724","mean: 0.582520, var: 0.006120","mean: 0.440771, var: 0.004216","mean: 0.611768, var: 0.005738","mean: 0.109265, var: 0.000376","mean: 0.211279, var: 0.005114","mean: 0.171851, var: 0.009101","mean: 0.099487, var: 0.000644","mean: 0.099646, var: 0.000615","mean: 0.204785, var: 0.001212","mean: 0.097646, var: 0.007901",3.1340759891250367,High
ENSP00000458914,"mean: 0.182764, var: 0.001238","mean: 0.496777, var: 0.004903","mean: 0.521387, var: 0.001616","mean: 0.398389, var: 0.006801","mean: 0.145667, var: 0.001749","mean: 0.573242, var: 0.008492","mean: 0.052737, var: 0.001239","mean: 0.137317, var: 0.000256","mean: 0.273682, var: 0.010470","mean: 0.209058, var: 0.000252","mean: 0.148584, var: 0.003341",3.356918294619519,High
ENSP00000434280,"mean: 0.340674, var: 0.003065","mean: 0.287671, var: 0.002053","mean: 0.463184, var: 0.007592","mean: 0.177936, var: 0.007381","mean: 0.141736, var: 0.001371","mean: 0.490186, var: 0.011710","mean: 0.056674, var: 0.002326","mean: 0.179138, var: 0.005216","mean: 0.129260, var: 0.001761","mean: 0.074225, var: 0.002487","mean: 0.127097, var: 0.016348",3.2057267580649764,High
ENSP00000501350,"mean: 0.208643, var: 0.001674","mean: 0.556299, var: 0.002549","mean: 0.463672, var: 0.005807","mean: 0.352979, var: 0.001488","mean: 0.166968, var: 0.000944","mean: 0.263208, var: 0.001955","mean: 0.047568, var: 0.000498","mean: 0.107483, var: 0.001358","mean: 0.158252, var: 0.001478","mean: 0.184790, var: 0.000931","mean: 0.091266, var: 0.007433",3.234216663644758,High
ENSP00000471320,"mean: 0.143677, var: 0.000659","mean: 0.401709, var: 0.004293","mean: 0.357764, var: 0.009831","mean: 0.619434, var: 0.007345","mean: 0.121924, var: 0.000293","mean: 0.472998, var: 0.002727","mean: 0.118579, var: 0.004044","mean: 0.194165, var: 0.006906","mean: 0.110577, var: 0.001342","mean: 0.243188, var: 0.001234","mean: 0.170038, var: 0.010996",3.379917661948926,High
ENSP00000466948,"mean: 0.276758, var: 0.002416","mean: 0.417920, var: 0.004494","mean: 0.475488, var: 0.001701","mean: 0.190015, var: 0.004166","mean: 0.076349, var: 0.000597","mean: 0.539697, var: 0.002471","mean: 0.097128, var: 0.003042","mean: 0.220007, var: 0.007781","mean: 0.147998, var: 0.003239","mean: 0.221924, var: 0.004027","mean: 0.132886, var: 0.014859",3.363073830313826,High
ENSP00000462705,"mean: 0.172693, var: 0.002307","mean: 0.635059, var: 0.006306","mean: 0.453125, var: 0.006543","mean: 0.113071, var: 0.003728","mean: 0.219434, var: 0.001890","mean: 0.260718, var: 0.001435","mean: 0.011556, var: 0.000192","mean: 0.148071, var: 0.002336","mean: 0.185913, var: 0.002442","mean: 0.184961, var: 0.001869","mean: 0.125778, var: 0.002909",3.1001625963214536,High
ENSP00000437284,"mean: 0.856543, var: 0.003113","mean: 0.107544, var: 0.000668","mean: 0.156152, var: 0.000479","mean: 0.108624, var: 0.005624","mean: 0.494189, var: 0.006588","mean: 0.245825, var: 0.002440","mean: 0.086121, var: 0.000906","mean: 0.496045, var: 0.005515","mean: 0.508496, var: 0.008545","mean: 0.468799, var: 0.006618","mean: 0.043254, var: 0.001124",2.9906203308136803,High
ENSP00000437200,"mean: 0.155908, var: 0.001901","mean: 0.346289, var: 0.002094","mean: 0.618750, var: 0.012347","mean: 0.422412, var: 0.001607","mean: 0.111963, var: 0.001458","mean: 0.137939, var: 0.000956","mean: 0.050320, var: 0.000457","mean: 0.113806, var: 0.000248","mean: 0.077948, var: 0.000343","mean: 0.223438, var: 0.003632","mean: 0.019667, var: 0.000513",2.8452177340449394,High
ENSP00000421278,"mean: 0.154297, var: 0.000524","mean: 0.508057, var: 0.004684","mean: 0.621094, var: 0.001462","mean: 0.101172, var: 0.003289","mean: 0.105273, var: 0.000373","mean: 0.223181, var: 0.004846","mean: 0.101221, var: 0.002924","mean: 0.208350, var: 0.002835","mean: 0.320581, var: 0.003140","mean: 0.237891, var: 0.007264","mean: 0.162909, var: 0.009888",3.292249912854457,High
ENSP00000404471,"mean: 0.224561, var: 0.001284","mean: 0.264917, var: 0.002205","mean: 0.201831, var: 0.003317","mean: 0.653613, var: 0.003481","mean: 0.230078, var: 0.003618","mean: 0.309253, var: 0.007771","mean: 0.023901, var: 0.000370","mean: 0.251978, var: 0.002124","mean: 0.200195, var: 0.003916","mean: 0.287231, var: 0.001575","mean: 0.134167, var: 0.001294",3.375631682598713,High
ENSP00000246551,"mean: 0.760059, var: 0.003038","mean: 0.166626, var: 0.000235","mean: 0.098218, var: 0.000453","mean: 0.545215, var: 0.002529","mean: 0.745996, var: 0.005053","mean: 0.155457, var: 0.001297","mean: 0.013081, var: 0.000057","mean: 0.268677, var: 0.003394","mean: 0.464160, var: 0.005039","mean: 0.224170, var: 0.002446","mean: 0.060367, var: 0.000817",2.84449851464946,High
ENSP00000450530,"mean: 0.186646, var: 0.001038","mean: 0.415771, var: 0.001947","mean: 0.511230, var: 0.003992","mean: 0.392627, var: 0.003374","mean: 0.140942, var: 0.001458","mean: 0.338135, var: 0.000245","mean: 0.091351, var: 0.001627","mean: 0.155725, var: 0.001855","mean: 0.170898, var: 0.002033","mean: 0.213086, var: 0.000284","mean: 0.136041, var: 0.009021",3.442001371692057,High
ENSP00000445750,"mean: 0.156995, var: 0.001491","mean: 0.515625, var: 0.010247","mean: 0.410229, var: 0.009958","mean: 0.392725, var: 0.004845","mean: 0.163452, var: 0.001241","mean: 0.374268, var: 0.003698","mean: 0.229834, var: 0.008043","mean: 0.194995, var: 0.005710","mean: 0.095807, var: 0.000632","mean: 0.164795, var: 0.000722","mean: 0.197021, var: 0.002923",3.527296562668812,High
ENSP00000441344,"mean: 0.147937, var: 0.000390","mean: 0.452686, var: 0.003263","mean: 0.442139, var: 0.002082","mean: 0.248560, var: 0.009434","mean: 0.069440, var: 0.000389","mean: 0.431201, var: 0.004270","mean: 0.141638, var: 0.006798","mean: 0.248853, var: 0.006564","mean: 0.149109, var: 0.001745","mean: 0.175024, var: 0.002406","mean: 0.171027, var: 0.015543",3.410055299588413,High
ENSP00000436643,"mean: 0.908008, var: 0.001461","mean: 0.117126, var: 0.000889","mean: 0.287183, var: 0.017406","mean: 0.078638, var: 0.001329","mean: 0.239307, var: 0.005715","mean: 0.427051, var: 0.006482","mean: 0.029155, var: 0.000401","mean: 0.579736, var: 0.008566","mean: 0.336084, var: 0.003259","mean: 0.452539, var: 0.004752","mean: 0.203094, var: 0.011981",3.070789996222924,High
ENSP00000431952,"mean: 0.166199, var: 0.002107","mean: 0.474023, var: 0.010681","mean: 0.326294, var: 0.013213","mean: 0.684668, var: 0.002965","mean: 0.141211, var: 0.000893","mean: 0.339551, var: 0.007023","mean: 0.212024, var: 0.009650","mean: 0.106439, var: 0.001874","mean: 0.074072, var: 0.000746","mean: 0.171130, var: 0.004385","mean: 0.159387, var: 0.000927",3.27499126357074,High
ENSP00000477770,"mean: 0.138855, var: 0.000376","mean: 0.560889, var: 0.003523","mean: 0.521436, var: 0.002807","mean: 0.587354, var: 0.003075","mean: 0.123169, var: 0.000744","mean: 0.561523, var: 0.008248","mean: 0.076544, var: 0.003036","mean: 0.149451, var: 0.000882","mean: 0.185291, var: 0.003778","mean: 0.238892, var: 0.000248","mean: 0.090594, var: 0.003486",3.185290433951484,High
ENSP00000457999,"mean: 0.128979, var: 0.001063","mean: 0.533252, var: 0.002104","mean: 0.530225, var: 0.001385","mean: 0.222839, var: 0.011368","mean: 0.108105, var: 0.000287","mean: 0.355225, var: 0.007586","mean: 0.111609, var: 0.001934","mean: 0.103308, var: 0.001901","mean: 0.073505, var: 0.000781","mean: 0.222339, var: 0.007384","mean: 0.056339, var: 0.005243",3.04603119373098,High
ENSP00000446893,"mean: 0.168506, var: 0.001439","mean: 0.568896, var: 0.004314","mean: 0.486475, var: 0.003865","mean: 0.360010, var: 0.009340","mean: 0.140820, var: 0.000571","mean: 0.466016, var: 0.001266","mean: 0.038843, var: 0.000748","mean: 0.103333, var: 0.000584","mean: 0.164111, var: 0.002542","mean: 0.128125, var: 0.000862","mean: 0.123587, var: 0.005796",3.150122309572996,High
ENSP00000444859,"mean: 0.191724, var: 0.002281","mean: 0.495947, var: 0.002070","mean: 0.518848, var: 0.004427","mean: 0.563525, var: 0.001871","mean: 0.149036, var: 0.001155","mean: 0.402246, var: 0.000363","mean: 0.056256, var: 0.001785","mean: 0.091663, var: 0.000537","mean: 0.106006, var: 0.001914","mean: 0.143567, var: 0.000380","mean: 0.161646, var: 0.014799",3.1702105600976216,High
ENSP00000437258,"mean: 0.356836, var: 0.001355","mean: 0.456592, var: 0.001771","mean: 0.416650, var: 0.002877","mean: 0.164905, var: 0.003930","mean: 0.253442, var: 0.001764","mean: 0.276929, var: 0.006553","mean: 0.078491, var: 0.002484","mean: 0.267114, var: 0.002466","mean: 0.224316, var: 0.001096","mean: 0.284741, var: 0.002318","mean: 0.209656, var: 0.005196",3.663988372983775,High
ENSP00000428555,"mean: 0.183350, var: 0.001241","mean: 0.594336, var: 0.019131","mean: 0.530664, var: 0.012025","mean: 0.341357, var: 0.005804","mean: 0.068188, var: 0.000152","mean: 0.263147, var: 0.023673","mean: 0.080804, var: 0.002506","mean: 0.075592, var: 0.000559","mean: 0.094022, var: 0.001799","mean: 0.157043, var: 0.005628","mean: 0.040765, var: 0.003388",2.899789168062039,High
ENSP00000423846,"mean: 0.246875, var: 0.005012","mean: 0.688965, var: 0.002924","mean: 0.336646, var: 0.006202","mean: 0.080450, var: 0.002353","mean: 0.176001, var: 0.003530","mean: 0.193933, var: 0.008401","mean: 0.046636, var: 0.001450","mean: 0.150171, var: 0.002885","mean: 0.198755, var: 0.003578","mean: 0.400464, var: 0.010057","mean: 0.096851, var: 0.002658",3.136533289841986,High
ENSP00000406830,"mean: 0.231494, var: 0.005532","mean: 0.454688, var: 0.003471","mean: 0.526611, var: 0.005725","mean: 0.452197, var: 0.005313","mean: 0.164746, var: 0.002248","mean: 0.441162, var: 0.001025","mean: 0.053619, var: 0.001009","mean: 0.122034, var: 0.000561","mean: 0.100476, var: 0.000528","mean: 0.175903, var: 0.001259","mean: 0.096057, var: 0.003858",3.2269754023346287,High
ENSP00000317413,"mean: 0.144861, var: 0.000693","mean: 0.528320, var: 0.004426","mean: 0.506982, var: 0.007202","mean: 0.367871, var: 0.003695","mean: 0.064954, var: 0.000240","mean: 0.323779, var: 0.000906","mean: 0.081673, var: 0.007335","mean: 0.114087, var: 0.000594","mean: 0.151672, var: 0.001811","mean: 0.172241, var: 0.000522","mean: 0.404517, var: 0.019029",3.2793107606786633,High
ENSP00000496807,"mean: 0.320190, var: 0.005483","mean: 0.462451, var: 0.002414","mean: 0.358105, var: 0.001859","mean: 0.242566, var: 0.007097","mean: 0.308130, var: 0.003395","mean: 0.352319, var: 0.009647","mean: 0.016803, var: 0.000301","mean: 0.197021, var: 0.000460","mean: 0.291602, var: 0.008602","mean: 0.362500, var: 0.006058","mean: 0.079651, var: 0.003185",3.4803536126692967,High
ENSP00000473656,"mean: 0.347217, var: 0.010608","mean: 0.326221, var: 0.007710","mean: 0.148962, var: 0.001953","mean: 0.690625, var: 0.011669","mean: 0.256750, var: 0.026486","mean: 0.224133, var: 0.004739","mean: 0.014492, var: 0.000128","mean: 0.184277, var: 0.001117","mean: 0.058496, var: 0.000627","mean: 0.096149, var: 0.001045","mean: 0.022279, var: 0.000618",2.8052839728098897,High
ENSP00000415158,"mean: 0.778320, var: 0.002032","mean: 0.120398, var: 0.000926","mean: 0.125098, var: 0.001229","mean: 0.137488, var: 0.002460","mean: 0.422314, var: 0.002457","mean: 0.108533, var: 0.000880","mean: 0.029024, var: 0.001083","mean: 0.323657, var: 0.003061","mean: 0.458594, var: 0.013618","mean: 0.272192, var: 0.002538","mean: 0.118054, var: 0.001818",3.019617211254196,High
ENSP00000395964,"mean: 0.164551, var: 0.003207","mean: 0.562695, var: 0.004177","mean: 0.640625, var: 0.006191","mean: 0.622217, var: 0.017902","mean: 0.193896, var: 0.000367","mean: 0.297681, var: 0.004291","mean: 0.027120, var: 0.000591","mean: 0.146265, var: 0.002426","mean: 0.120905, var: 0.002898","mean: 0.111438, var: 0.002418","mean: 0.497941, var: 0.107822",3.105953382627101,High
ENSP00000363886,"mean: 0.291626, var: 0.001605","mean: 0.502588, var: 0.003388","mean: 0.537354, var: 0.007539","mean: 0.340686, var: 0.023914","mean: 0.103070, var: 0.001514","mean: 0.225269, var: 0.005283","mean: 0.019383, var: 0.000659","mean: 0.234839, var: 0.001026","mean: 0.452393, var: 0.024917","mean: 0.492236, var: 0.025087","mean: 0.137880, var: 0.019291",3.373311829042588,High
ENSP00000357917,"mean: 0.115186, var: 0.000459","mean: 0.609277, var: 0.005542","mean: 0.459375, var: 0.009531","mean: 0.063489, var: 0.002068","mean: 0.071930, var: 0.000229","mean: 0.232593, var: 0.011250","mean: 0.115620, var: 0.013561","mean: 0.126892, var: 0.001640","mean: 0.156677, var: 0.002665","mean: 0.107898, var: 0.001559","mean: 0.394043, var: 0.007463",3.0207801524029043,High
ENSP00000493433,"mean: 0.212354, var: 0.004760","mean: 0.473291, var: 0.003870","mean: 0.283569, var: 0.002606","mean: 0.255109, var: 0.027810","mean: 0.251660, var: 0.002133","mean: 0.430078, var: 0.004162","mean: 0.068054, var: 0.000440","mean: 0.063409, var: 0.000601","mean: 0.115417, var: 0.002342","mean: 0.117575, var: 0.007916","mean: 0.033131, var: 0.001579",3.0706369790899752,High
ENSP00000484031,"mean: 0.194751, var: 0.002680","mean: 0.489502, var: 0.006976","mean: 0.378638, var: 0.007381","mean: 0.526123, var: 0.009390","mean: 0.177319, var: 0.000670","mean: 0.390967, var: 0.006664","mean: 0.079877, var: 0.004279","mean: 0.182153, var: 0.000948","mean: 0.246631, var: 0.010906","mean: 0.176270, var: 0.004441","mean: 0.384131, var: 0.020543",3.5786040408519604,High
ENSP00000466596,"mean: 0.162170, var: 0.001074","mean: 0.466357, var: 0.008960","mean: 0.401367, var: 0.001138","mean: 0.224988, var: 0.008680","mean: 0.069781, var: 0.000509","mean: 0.490723, var: 0.003739","mean: 0.093640, var: 0.002793","mean: 0.210400, var: 0.006026","mean: 0.155664, var: 0.002368","mean: 0.242993, var: 0.006230","mean: 0.093265, var: 0.004471",3.292171448035754,High
ENSP00000464319,"mean: 0.111157, var: 0.000402","mean: 0.346973, var: 0.003843","mean: 0.595605, var: 0.002228","mean: 0.424072, var: 0.002535","mean: 0.034747, var: 0.000105","mean: 0.524902, var: 0.001338","mean: 0.104547, var: 0.004372","mean: 0.199829, var: 0.007701","mean: 0.121912, var: 0.000477","mean: 0.149841, var: 0.001533","mean: 0.133307, var: 0.022376",3.1064194215726255,High
ENSP00000454914,"mean: 0.143970, var: 0.000925","mean: 0.418896, var: 0.013457","mean: 0.278076, var: 0.004670","mean: 0.566504, var: 0.008866","mean: 0.121277, var: 0.001333","mean: 0.635205, var: 0.016384","mean: 0.114740, var: 0.002653","mean: 0.350146, var: 0.024684","mean: 0.141919, var: 0.006579","mean: 0.331763, var: 0.006303","mean: 0.215379, var: 0.028779",3.455165482125964,High
ENSP00000432841,"mean: 0.389355, var: 0.003914","mean: 0.367920, var: 0.002190","mean: 0.413965, var: 0.003872","mean: 0.311548, var: 0.004940","mean: 0.185864, var: 0.000120","mean: 0.600098, var: 0.003686","mean: 0.122760, var: 0.006458","mean: 0.556885, var: 0.022281","mean: 0.280908, var: 0.008602","mean: 0.429150, var: 0.002364","mean: 0.399524, var: 0.049134",3.752548729532177,High
ENSP00000416332,"mean: 0.204272, var: 0.000397","mean: 0.461133, var: 0.005712","mean: 0.446533, var: 0.003021","mean: 0.210938, var: 0.004959","mean: 0.076367, var: 0.000502","mean: 0.433301, var: 0.001517","mean: 0.099008, var: 0.003634","mean: 0.324365, var: 0.007010","mean: 0.187842, var: 0.003454","mean: 0.256787, var: 0.002973","mean: 0.151459, var: 0.010693",3.4717130968802303,High
ENSP00000495146,"mean: 0.216235, var: 0.001540","mean: 0.454150, var: 0.000581","mean: 0.321143, var: 0.002129","mean: 0.201733, var: 0.006378","mean: 0.181323, var: 0.000255","mean: 0.325488, var: 0.005802","mean: 0.170538, var: 0.007057","mean: 0.143738, var: 0.000760","mean: 0.080743, var: 0.000565","mean: 0.154785, var: 0.002534","mean: 0.059622, var: 0.003125",3.292825674876466,High
ENSP00000473892,"mean: 0.180029, var: 0.000950","mean: 0.458594, var: 0.004504","mean: 0.483447, var: 0.005404","mean: 0.333081, var: 0.006389","mean: 0.126648, var: 0.001485","mean: 0.451660, var: 0.002054","mean: 0.156506, var: 0.006246","mean: 0.211987, var: 0.001255","mean: 0.266479, var: 0.007580","mean: 0.289478, var: 0.003497","mean: 0.116064, var: 0.002818",3.584774890430542,High
ENSP00000471874,"mean: 0.173145, var: 0.002089","mean: 0.495312, var: 0.002669","mean: 0.554395, var: 0.007254","mean: 0.345386, var: 0.013993","mean: 0.122815, var: 0.001017","mean: 0.337109, var: 0.001123","mean: 0.031405, var: 0.000370","mean: 0.167456, var: 0.001565","mean: 0.147314, var: 0.000654","mean: 0.165479, var: 0.000437","mean: 0.112112, var: 0.007372",3.203013332624833,High
ENSP00000447669,"mean: 0.192285, var: 0.000430","mean: 0.509180, var: 0.002688","mean: 0.438623, var: 0.002597","mean: 0.429639, var: 0.001298","mean: 0.098627, var: 0.000822","mean: 0.349414, var: 0.000648","mean: 0.114661, var: 0.004873","mean: 0.264819, var: 0.005751","mean: 0.177051, var: 0.002323","mean: 0.271997, var: 0.001738","mean: 0.155103, var: 0.011646",3.5309338908489813,High
ENSP00000436328,"mean: 0.196899, var: 0.002158","mean: 0.219653, var: 0.001782","mean: 0.153650, var: 0.001097","mean: 0.798145, var: 0.001524","mean: 0.146021, var: 0.001150","mean: 0.247388, var: 0.003536","mean: 0.030363, var: 0.000233","mean: 0.360327, var: 0.007634","mean: 0.225684, var: 0.003342","mean: 0.303589, var: 0.005207","mean: 0.090027, var: 0.000889",3.1356709552587607,High
ENSP00000436205,"mean: 0.880957, var: 0.001247","mean: 0.139661, var: 0.000154","mean: 0.173145, var: 0.001600","mean: 0.119183, var: 0.003447","mean: 0.171826, var: 0.008400","mean: 0.346973, var: 0.005960","mean: 0.027794, var: 0.000485","mean: 0.479297, var: 0.005373","mean: 0.462744, var: 0.004507","mean: 0.665332, var: 0.002443","mean: 0.175012, var: 0.004606",2.9984254645552553,High
ENSP00000432739,"mean: 0.635059, var: 0.006357","mean: 0.223828, var: 0.001269","mean: 0.191406, var: 0.000329","mean: 0.164447, var: 0.006764","mean: 0.139856, var: 0.002247","mean: 0.743066, var: 0.003874","mean: 0.146191, var: 0.004395","mean: 0.495068, var: 0.013796","mean: 0.187537, var: 0.004978","mean: 0.219214, var: 0.002584","mean: 0.159442, var: 0.013765",3.3009961770935483,High
ENSP00000423761,"mean: 0.150879, var: 0.000481","mean: 0.648535, var: 0.005508","mean: 0.501416, var: 0.003721","mean: 0.120666, var: 0.004070","mean: 0.181836, var: 0.001115","mean: 0.229126, var: 0.003110","mean: 0.067966, var: 0.002698","mean: 0.102155, var: 0.001201","mean: 0.125464, var: 0.003777","mean: 0.235767, var: 0.006133","mean: 0.026816, var: 0.001185",2.9290060619632787,High
ENSP00000384450,"mean: 0.113892, var: 0.000979","mean: 0.505859, var: 0.002747","mean: 0.644629, var: 0.005674","mean: 0.451196, var: 0.031438","mean: 0.166382, var: 0.000481","mean: 0.568066, var: 0.017498","mean: 0.010923, var: 0.000139","mean: 0.161389, var: 0.003429","mean: 0.213904, var: 0.008528","mean: 0.100708, var: 0.000310","mean: 0.461969, var: 0.096656",3.1154813295237473,High
ENSP00000496153,"mean: 0.163721, var: 0.000047","mean: 0.470166, var: 0.005785","mean: 0.456396, var: 0.002881","mean: 0.575684, var: 0.001426","mean: 0.086578, var: 0.000436","mean: 0.443506, var: 0.002978","mean: 0.112103, var: 0.002306","mean: 0.172314, var: 0.002414","mean: 0.111829, var: 0.001267","mean: 0.183813, var: 0.001818","mean: 0.057420, var: 0.002775",3.1681302933255937,High
ENSP00000475329,"mean: 0.124609, var: 0.000075","mean: 0.555029, var: 0.004720","mean: 0.541211, var: 0.000831","mean: 0.428418, var: 0.005021","mean: 0.135803, var: 0.000985","mean: 0.242505, var: 0.002520","mean: 0.117059, var: 0.005145","mean: 0.100061, var: 0.000560","mean: 0.077863, var: 0.000499","mean: 0.162317, var: 0.001209","mean: 0.050773, var: 0.002251",3.023056272272565,High
ENSP00000417786,"mean: 0.197607, var: 0.000300","mean: 0.422070, var: 0.003088","mean: 0.483105, var: 0.006076","mean: 0.357764, var: 0.001930","mean: 0.091089, var: 0.000605","mean: 0.362988, var: 0.000625","mean: 0.218274, var: 0.011984","mean: 0.336084, var: 0.005208","mean: 0.267944, var: 0.007554","mean: 0.241235, var: 0.001814","mean: 0.467578, var: 0.010477",3.7398165367844376,High
ENSP00000400596,"mean: 0.127881, var: 0.000318","mean: 0.306836, var: 0.003228","mean: 0.320068, var: 0.003964","mean: 0.267090, var: 0.007725","mean: 0.045163, var: 0.000189","mean: 0.711133, var: 0.001140","mean: 0.288721, var: 0.011425","mean: 0.090833, var: 0.000947","mean: 0.045456, var: 0.000572","mean: 0.095831, var: 0.001550","mean: 0.195923, var: 0.010584",2.9862278936697435,High
ENSP00000368383,"mean: 0.163037, var: 0.000986","mean: 0.532031, var: 0.004094","mean: 0.487256, var: 0.003031","mean: 0.266260, var: 0.005571","mean: 0.181079, var: 0.002064","mean: 0.354834, var: 0.005304","mean: 0.027298, var: 0.000278","mean: 0.169019, var: 0.002409","mean: 0.135449, var: 0.001227","mean: 0.102283, var: 0.000381","mean: 0.126239, var: 0.010044",3.175210078035361,High
ENSP00000279259,"mean: 0.148218, var: 0.001259","mean: 0.603320, var: 0.002050","mean: 0.646191, var: 0.004446","mean: 0.265173, var: 0.006695","mean: 0.123175, var: 0.001775","mean: 0.143085, var: 0.003818","mean: 0.023891, var: 0.000388","mean: 0.332373, var: 0.007017","mean: 0.325342, var: 0.005253","mean: 0.214783, var: 0.005697","mean: 0.033105, var: 0.001373",3.021947824471989,High
ENSP00000481472,"mean: 0.351123, var: 0.003809","mean: 0.473096, var: 0.002821","mean: 0.275171, var: 0.002673","mean: 0.581152, var: 0.002212","mean: 0.175903, var: 0.000886","mean: 0.454102, var: 0.003008","mean: 0.161066, var: 0.006317","mean: 0.240381, var: 0.004159","mean: 0.159460, var: 0.004426","mean: 0.221826, var: 0.001686","mean: 0.147791, var: 0.007113",3.602380863099074,High
ENSP00000426046,"mean: 0.342334, var: 0.010461","mean: 0.462793, var: 0.000556","mean: 0.416357, var: 0.008628","mean: 0.102936, var: 0.001944","mean: 0.199097, var: 0.002000","mean: 0.214417, var: 0.005525","mean: 0.049478, var: 0.000865","mean: 0.291907, var: 0.024582","mean: 0.533398, var: 0.014570","mean: 0.431079, var: 0.017146","mean: 0.106532, var: 0.017951",3.4186022709640747,High
ENSP00000424002,"mean: 0.331543, var: 0.001384","mean: 0.556738, var: 0.001340","mean: 0.409082, var: 0.001139","mean: 0.319629, var: 0.002628","mean: 0.213525, var: 0.001650","mean: 0.221118, var: 0.004306","mean: 0.117297, var: 0.002846","mean: 0.292725, var: 0.006195","mean: 0.178003, var: 0.002636","mean: 0.500635, var: 0.011512","mean: 0.061655, var: 0.004460",3.5220442604992734,High
ENSP00000409541,"mean: 0.224365, var: 0.003348","mean: 0.505127, var: 0.006190","mean: 0.479395, var: 0.007426","mean: 0.487354, var: 0.013143","mean: 0.140637, var: 0.002515","mean: 0.343970, var: 0.007150","mean: 0.162097, var: 0.004711","mean: 0.165955, var: 0.002130","mean: 0.231812, var: 0.006913","mean: 0.267822, var: 0.011916","mean: 0.020723, var: 0.000408",3.3910423907169776,High
ENSP00000407410,"mean: 0.134644, var: 0.000476","mean: 0.413232, var: 0.006149","mean: 0.556543, var: 0.001276","mean: 0.379199, var: 0.001911","mean: 0.097205, var: 0.001217","mean: 0.312402, var: 0.003497","mean: 0.322900, var: 0.009596","mean: 0.214490, var: 0.010241","mean: 0.060219, var: 0.001001","mean: 0.171216, var: 0.001343","mean: 0.221643, var: 0.009622",3.4195933197438304,High
ENSP00000398804,"mean: 0.669238, var: 0.003532","mean: 0.458203, var: 0.000778","mean: 0.385205, var: 0.001504","mean: 0.156946, var: 0.001584","mean: 0.432861, var: 0.002874","mean: 0.527246, var: 0.005082","mean: 0.096384, var: 0.005434","mean: 0.431812, var: 0.019503","mean: 0.531543, var: 0.001614","mean: 0.527002, var: 0.004580","mean: 0.086498, var: 0.012571",3.457739563667291,High
ENSP00000481423,"mean: 0.123889, var: 0.001170","mean: 0.626074, var: 0.004950","mean: 0.526074, var: 0.003199","mean: 0.265332, var: 0.005951","mean: 0.167859, var: 0.005262","mean: 0.240039, var: 0.003538","mean: 0.042653, var: 0.000802","mean: 0.065570, var: 0.000072","mean: 0.090625, var: 0.000539","mean: 0.136853, var: 0.000573","mean: 0.104617, var: 0.007185",2.9230883643677292,High
ENSP00000443311,"mean: 0.432373, var: 0.004786","mean: 0.572754, var: 0.002238","mean: 0.369238, var: 0.001494","mean: 0.042618, var: 0.000386","mean: 0.538232, var: 0.021730","mean: 0.220410, var: 0.002833","mean: 0.062085, var: 0.000692","mean: 0.131018, var: 0.000474","mean: 0.238086, var: 0.002534","mean: 0.276904, var: 0.000267","mean: 0.121326, var: 0.002033",3.242810648867093,High
ENSP00000422333,"mean: 0.283423, var: 0.002743","mean: 0.287720, var: 0.001957","mean: 0.228101, var: 0.002258","mean: 0.734375, var: 0.000609","mean: 0.139099, var: 0.000748","mean: 0.333472, var: 0.003824","mean: 0.154004, var: 0.003546","mean: 0.319312, var: 0.009651","mean: 0.179846, var: 0.003667","mean: 0.258057, var: 0.002175","mean: 0.198169, var: 0.003912",3.5517328886881283,High
ENSP00000422150,"mean: 0.401611, var: 0.007867","mean: 0.364258, var: 0.001727","mean: 0.294165, var: 0.003434","mean: 0.423730, var: 0.002503","mean: 0.173682, var: 0.002096","mean: 0.410596, var: 0.002629","mean: 0.280615, var: 0.011853","mean: 0.352271, var: 0.014441","mean: 0.329321, var: 0.007285","mean: 0.395850, var: 0.004031","mean: 0.264990, var: 0.006865",3.93624001064365,High
ENSP00000502397,"mean: 0.214331, var: 0.001034","mean: 0.569482, var: 0.003604","mean: 0.418262, var: 0.005349","mean: 0.101434, var: 0.003932","mean: 0.191699, var: 0.002213","mean: 0.419775, var: 0.006109","mean: 0.126221, var: 0.002817","mean: 0.254980, var: 0.007266","mean: 0.143433, var: 0.000393","mean: 0.169495, var: 0.002980","mean: 0.230371, var: 0.010390",3.4557432948517732,High
ENSP00000435912,"mean: 0.245947, var: 0.001538","mean: 0.505176, var: 0.004856","mean: 0.333569, var: 0.005598","mean: 0.296460, var: 0.013943","mean: 0.114124, var: 0.000469","mean: 0.342407, var: 0.011227","mean: 0.158508, var: 0.004240","mean: 0.136182, var: 0.001592","mean: 0.115002, var: 0.000398","mean: 0.164038, var: 0.002535","mean: 0.099384, var: 0.021203",3.3694728630588684,High
ENSP00000421951,"mean: 0.400146, var: 0.008271","mean: 0.556055, var: 0.010982","mean: 0.430078, var: 0.013168","mean: 0.325391, var: 0.040383","mean: 0.267163, var: 0.007074","mean: 0.225403, var: 0.009381","mean: 0.010002, var: 0.000154","mean: 0.050789, var: 0.000883","mean: 0.266309, var: 0.006693","mean: 0.265479, var: 0.011010","mean: 0.070071, var: 0.004176",3.197629665207783,High
ENSP00000467331,"mean: 0.610400, var: 0.009224","mean: 0.211304, var: 0.001284","mean: 0.149670, var: 0.001280","mean: 0.245593, var: 0.009514","mean: 0.581885, var: 0.008153","mean: 0.340381, var: 0.002233","mean: 0.011986, var: 0.000121","mean: 0.255029, var: 0.005512","mean: 0.268018, var: 0.002234","mean: 0.144238, var: 0.002696","mean: 0.062894, var: 0.003208",3.148453563901865,High
ENSP00000450910,"mean: 0.157043, var: 0.001256","mean: 0.479004, var: 0.003529","mean: 0.481738, var: 0.003833","mean: 0.432129, var: 0.004509","mean: 0.118799, var: 0.000276","mean: 0.356055, var: 0.003024","mean: 0.176953, var: 0.015075","mean: 0.170801, var: 0.002525","mean: 0.130627, var: 0.003626","mean: 0.132837, var: 0.001086","mean: 0.196704, var: 0.007859",3.4406589685590676,High
ENSP00000401314,"mean: 0.422412, var: 0.021678","mean: 0.555664, var: 0.007092","mean: 0.451123, var: 0.003781","mean: 0.193506, var: 0.004733","mean: 0.297412, var: 0.006347","mean: 0.114673, var: 0.003067","mean: 0.004430, var: 0.000015","mean: 0.209302, var: 0.006474","mean: 0.531836, var: 0.030947","mean: 0.484570, var: 0.028952","mean: 0.015465, var: 0.000318",3.0791568957248363,High
ENSP00000508170,"mean: 0.322998, var: 0.002016","mean: 0.538574, var: 0.006645","mean: 0.544775, var: 0.004668","mean: 0.106232, var: 0.002113","mean: 0.144885, var: 0.002076","mean: 0.201892, var: 0.012671","mean: 0.012980, var: 0.000293","mean: 0.219495, var: 0.006316","mean: 0.412598, var: 0.010291","mean: 0.270068, var: 0.011988","mean: 0.038779, var: 0.001615",3.1043755897186336,High
ENSP00000480290,"mean: 0.136182, var: 0.002068","mean: 0.475244, var: 0.007137","mean: 0.586230, var: 0.002976","mean: 0.253296, var: 0.015368","mean: 0.095776, var: 0.001482","mean: 0.297656, var: 0.000302","mean: 0.082239, var: 0.001154","mean: 0.079572, var: 0.000216","mean: 0.162231, var: 0.004310","mean: 0.135669, var: 0.000283","mean: 0.056506, var: 0.002873",3.0065986225094314,High
ENSP00000469123,"mean: 0.194019, var: 0.000977","mean: 0.526953, var: 0.008660","mean: 0.382764, var: 0.002868","mean: 0.249292, var: 0.009543","mean: 0.197241, var: 0.001266","mean: 0.548047, var: 0.006421","mean: 0.020605, var: 0.000489","mean: 0.305078, var: 0.006457","mean: 0.300928, var: 0.007383","mean: 0.353491, var: 0.012585","mean: 0.274854, var: 0.022967",3.5455321891872837,High
ENSP00000465425,"mean: 0.144885, var: 0.001212","mean: 0.638086, var: 0.001837","mean: 0.503857, var: 0.007616","mean: 0.115726, var: 0.008050","mean: 0.140063, var: 0.000758","mean: 0.208887, var: 0.008909","mean: 0.076138, var: 0.001887","mean: 0.185999, var: 0.009168","mean: 0.063733, var: 0.000164","mean: 0.152356, var: 0.000739","mean: 0.052141, var: 0.003047",2.8890012414224717,High
ENSP00000464423,"mean: 0.254419, var: 0.003503","mean: 0.435840, var: 0.004086","mean: 0.405615, var: 0.003746","mean: 0.400098, var: 0.004397","mean: 0.165918, var: 0.000547","mean: 0.376953, var: 0.001999","mean: 0.078949, var: 0.002891","mean: 0.277002, var: 0.003088","mean: 0.209375, var: 0.002454","mean: 0.299243, var: 0.005352","mean: 0.128143, var: 0.002381",3.616262729534699,High
ENSP00000462642,"mean: 0.368701, var: 0.009224","mean: 0.652051, var: 0.003988","mean: 0.465625, var: 0.008760","mean: 0.090955, var: 0.001718","mean: 0.242065, var: 0.011730","mean: 0.292041, var: 0.014334","mean: 0.029813, var: 0.000605","mean: 0.177637, var: 0.003026","mean: 0.401123, var: 0.002136","mean: 0.358887, var: 0.007586","mean: 0.063647, var: 0.004158",3.2447121317411685,High
ENSP00000450763,"mean: 0.112524, var: 0.000440","mean: 0.585059, var: 0.011781","mean: 0.479492, var: 0.004786","mean: 0.522363, var: 0.003529","mean: 0.101001, var: 0.000184","mean: 0.196899, var: 0.001808","mean: 0.234302, var: 0.005437","mean: 0.128174, var: 0.003081","mean: 0.071423, var: 0.000565","mean: 0.127637, var: 0.000444","mean: 0.099088, var: 0.004214",3.0862576715042227,High
ENSP00000436412,"mean: 0.185559, var: 0.002982","mean: 0.492676, var: 0.001704","mean: 0.551172, var: 0.005324","mean: 0.334302, var: 0.017568","mean: 0.104834, var: 0.000787","mean: 0.413892, var: 0.019532","mean: 0.019422, var: 0.000272","mean: 0.059869, var: 0.000561","mean: 0.209290, var: 0.004953","mean: 0.342041, var: 0.013830","mean: 0.056856, var: 0.004191",3.059933776548502,High
ENSP00000428662,"mean: 0.183545, var: 0.001096","mean: 0.555176, var: 0.004968","mean: 0.545605, var: 0.001562","mean: 0.095853, var: 0.001834","mean: 0.139795, var: 0.000602","mean: 0.351318, var: 0.003899","mean: 0.049157, var: 0.002107","mean: 0.171619, var: 0.001239","mean: 0.124243, var: 0.000473","mean: 0.195789, var: 0.001889","mean: 0.247656, var: 0.003609",3.2103708771728736,High
ENSP00000424863,"mean: 0.266040, var: 0.002692","mean: 0.518213, var: 0.004115","mean: 0.432471, var: 0.005058","mean: 0.188306, var: 0.002345","mean: 0.155835, var: 0.002436","mean: 0.442383, var: 0.011448","mean: 0.071588, var: 0.001376","mean: 0.161816, var: 0.001798","mean: 0.146594, var: 0.000507","mean: 0.279834, var: 0.000447","mean: 0.093625, var: 0.006362",3.363424271141934,High
ENSP00000495572,"mean: 0.219824, var: 0.000502","mean: 0.671094, var: 0.003768","mean: 0.346704, var: 0.006748","mean: 0.265356, var: 0.006236","mean: 0.146130, var: 0.000344","mean: 0.497363, var: 0.008979","mean: 0.047363, var: 0.001566","mean: 0.247705, var: 0.006487","mean: 0.163647, var: 0.000743","mean: 0.296094, var: 0.006668","mean: 0.283667, var: 0.019198",3.4525198403003823,High
ENSP00000487134,"mean: 0.264526, var: 0.001090","mean: 0.416699, var: 0.003949","mean: 0.370801, var: 0.003031","mean: 0.477100, var: 0.000977","mean: 0.103943, var: 0.000579","mean: 0.432861, var: 0.001322","mean: 0.115674, var: 0.003101","mean: 0.310303, var: 0.007613","mean: 0.214819, var: 0.004625","mean: 0.372070, var: 0.001800","mean: 0.092010, var: 0.004787",3.5656370875485064,High
ENSP00000468878,"mean: 0.152246, var: 0.001004","mean: 0.534521, var: 0.004823","mean: 0.522070, var: 0.008710","mean: 0.681348, var: 0.001775","mean: 0.107458, var: 0.000276","mean: 0.438525, var: 0.007025","mean: 0.081714, var: 0.003908","mean: 0.096985, var: 0.000229","mean: 0.086462, var: 0.000157","mean: 0.152881, var: 0.001073","mean: 0.233795, var: 0.015966",3.0928250516945597,High
ENSP00000466687,"mean: 0.132849, var: 0.001073","mean: 0.338818, var: 0.018918","mean: 0.295288, var: 0.008355","mean: 0.719043, var: 0.006890","mean: 0.076581, var: 0.000575","mean: 0.458228, var: 0.030267","mean: 0.196924, var: 0.011139","mean: 0.166577, var: 0.009684","mean: 0.028794, var: 0.000223","mean: 0.190442, var: 0.007859","mean: 0.116035, var: 0.005791",3.073032907165774,High
ENSP00000465750,"mean: 0.154272, var: 0.002696","mean: 0.372656, var: 0.004160","mean: 0.567529, var: 0.002757","mean: 0.157703, var: 0.004294","mean: 0.114221, var: 0.002164","mean: 0.327930, var: 0.008229","mean: 0.027889, var: 0.001104","mean: 0.168921, var: 0.004841","mean: 0.054091, var: 0.000777","mean: 0.121124, var: 0.003778","mean: 0.102962, var: 0.008686",2.930173646824034,High
ENSP00000464986,"mean: 0.142139, var: 0.000692","mean: 0.457031, var: 0.003979","mean: 0.532227, var: 0.006757","mean: 0.577783, var: 0.003654","mean: 0.082349, var: 0.000212","mean: 0.385400, var: 0.007208","mean: 0.236255, var: 0.005160","mean: 0.112195, var: 0.001122","mean: 0.110419, var: 0.001263","mean: 0.190820, var: 0.003076","mean: 0.052979, var: 0.002276",3.162188724774757,High
ENSP00000461448,"mean: 0.196313, var: 0.000641","mean: 0.414600, var: 0.004081","mean: 0.379492, var: 0.002322","mean: 0.254883, var: 0.007538","mean: 0.109937, var: 0.001368","mean: 0.481592, var: 0.008819","mean: 0.113440, var: 0.007529","mean: 0.071085, var: 0.001315","mean: 0.062534, var: 0.000918","mean: 0.132788, var: 0.001708","mean: 0.109239, var: 0.013901",3.1135147201693583,High
ENSP00000421392,"mean: 0.107678, var: 0.000328","mean: 0.440576, var: 0.002131","mean: 0.570996, var: 0.003050","mean: 0.362427, var: 0.013183","mean: 0.078186, var: 0.000288","mean: 0.293726, var: 0.007009","mean: 0.152576, var: 0.003705","mean: 0.222229, var: 0.006493","mean: 0.160620, var: 0.001246","mean: 0.231177, var: 0.005827","mean: 0.062894, var: 0.005915",3.2754120581303745,High
ENSP00000417312,"mean: 0.156104, var: 0.000188","mean: 0.620020, var: 0.004369","mean: 0.540723, var: 0.001493","mean: 0.284937, var: 0.009807","mean: 0.140503, var: 0.000672","mean: 0.425439, var: 0.002883","mean: 0.046149, var: 0.000773","mean: 0.102634, var: 0.002202","mean: 0.126892, var: 0.001387","mean: 0.134381, var: 0.002294","mean: 0.202380, var: 0.017200",3.1464238292737736,High
ENSP00000506933,"mean: 0.136279, var: 0.000671","mean: 0.510645, var: 0.004170","mean: 0.581494, var: 0.004879","mean: 0.394482, var: 0.011460","mean: 0.069452, var: 0.000240","mean: 0.253003, var: 0.002118","mean: 0.055853, var: 0.001111","mean: 0.137341, var: 0.001175","mean: 0.208643, var: 0.002598","mean: 0.161682, var: 0.000727","mean: 0.093796, var: 0.006283",3.1073134947035057,High
ENSP00000506074,"mean: 0.165112, var: 0.000445","mean: 0.470459, var: 0.003595","mean: 0.533496, var: 0.000681","mean: 0.262378, var: 0.008414","mean: 0.089545, var: 0.000585","mean: 0.554150, var: 0.007661","mean: 0.072360, var: 0.003604","mean: 0.177747, var: 0.004367","mean: 0.277490, var: 0.003899","mean: 0.231006, var: 0.002187","mean: 0.323303, var: 0.021521",3.4379422399928803,High
ENSP00000501404,"mean: 0.221582, var: 0.001657","mean: 0.327002, var: 0.004184","mean: 0.318115, var: 0.001656","mean: 0.760547, var: 0.000943","mean: 0.110974, var: 0.000370","mean: 0.380029, var: 0.001447","mean: 0.087805, var: 0.002486","mean: 0.235352, var: 0.006302","mean: 0.145459, var: 0.001703","mean: 0.241357, var: 0.000626","mean: 0.039198, var: 0.000997",3.1881635717624937,High
ENSP00000484006,"mean: 0.274072, var: 0.003227","mean: 0.162158, var: 0.000630","mean: 0.115723, var: 0.000373","mean: 0.887109, var: 0.000506","mean: 0.339258, var: 0.002838","mean: 0.125293, var: 0.001679","mean: 0.030449, var: 0.000202","mean: 0.246851, var: 0.002017","mean: 0.203662, var: 0.003101","mean: 0.288330, var: 0.000909","mean: 0.021407, var: 0.000281",2.8491647484025946,High
ENSP00000444771,"mean: 0.117041, var: 0.000472","mean: 0.354980, var: 0.007409","mean: 0.363867, var: 0.004805","mean: 0.675391, var: 0.005862","mean: 0.078625, var: 0.000896","mean: 0.437842, var: 0.011225","mean: 0.129333, var: 0.005678","mean: 0.161877, var: 0.008340","mean: 0.054395, var: 0.000289","mean: 0.177515, var: 0.002469","mean: 0.129521, var: 0.006281",3.102484106689632,High
ENSP00000405084,"mean: 0.308789, var: 0.000988","mean: 0.416162, var: 0.003518","mean: 0.371191, var: 0.001683","mean: 0.332520, var: 0.004293","mean: 0.114526, var: 0.000703","mean: 0.449609, var: 0.001729","mean: 0.093243, var: 0.002721","mean: 0.414160, var: 0.004875","mean: 0.297681, var: 0.007724","mean: 0.363916, var: 0.003088","mean: 0.229932, var: 0.010567",3.7221337514730553,High
ENSP00000475845,"mean: 0.628711, var: 0.002603","mean: 0.494434, var: 0.008151","mean: 0.388086, var: 0.003368","mean: 0.031808, var: 0.001176","mean: 0.701660, var: 0.007456","mean: 0.227515, var: 0.003438","mean: 0.067706, var: 0.001316","mean: 0.207434, var: 0.007882","mean: 0.187524, var: 0.001598","mean: 0.125739, var: 0.004197","mean: 0.212039, var: 0.049784",3.1145486952485095,High
ENSP00000469232,"mean: 0.137195, var: 0.000884","mean: 0.543701, var: 0.002666","mean: 0.594434, var: 0.001267","mean: 0.629687, var: 0.005149","mean: 0.106995, var: 0.000331","mean: 0.520605, var: 0.005970","mean: 0.041371, var: 0.001238","mean: 0.112244, var: 0.000641","mean: 0.115002, var: 0.001214","mean: 0.164661, var: 0.002790","mean: 0.333765, var: 0.036022",3.07249018132055,High
ENSP00000431039,"mean: 0.247729, var: 0.002122","mean: 0.480664, var: 0.004918","mean: 0.284448, var: 0.002041","mean: 0.475781, var: 0.009072","mean: 0.113135, var: 0.001318","mean: 0.383301, var: 0.002264","mean: 0.096790, var: 0.001255","mean: 0.190283, var: 0.004834","mean: 0.197656, var: 0.002779","mean: 0.307349, var: 0.003560","mean: 0.080768, var: 0.005289",3.4509570618674785,High
ENSP00000430859,"mean: 0.203735, var: 0.000645","mean: 0.453955, var: 0.008072","mean: 0.500049, var: 0.002578","mean: 0.205695, var: 0.007775","mean: 0.101453, var: 0.001153","mean: 0.403320, var: 0.010306","mean: 0.017272, var: 0.000315","mean: 0.234082, var: 0.002370","mean: 0.236353, var: 0.000823","mean: 0.217139, var: 0.004469","mean: 0.117471, var: 0.005771",3.2869657504254595,High
ENSP00000429288,"mean: 0.264746, var: 0.003250","mean: 0.640625, var: 0.006631","mean: 0.447656, var: 0.009156","mean: 0.065033, var: 0.001185","mean: 0.291577, var: 0.001364","mean: 0.192700, var: 0.012382","mean: 0.050735, var: 0.001503","mean: 0.210938, var: 0.010407","mean: 0.118530, var: 0.001440","mean: 0.137952, var: 0.004614","mean: 0.065377, var: 0.006862",3.035167484809356,High
ENSP00000427003,"mean: 0.179492, var: 0.000706","mean: 0.503906, var: 0.004575","mean: 0.388525, var: 0.005018","mean: 0.391748, var: 0.005183","mean: 0.089478, var: 0.000086","mean: 0.455469, var: 0.000469","mean: 0.143164, var: 0.008433","mean: 0.164771, var: 0.003144","mean: 0.188721, var: 0.003878","mean: 0.193286, var: 0.003859","mean: 0.389990, var: 0.004184",3.5372538376134157,High
ENSP00000506015,"mean: 0.158533, var: 0.001167","mean: 0.526123, var: 0.006865","mean: 0.586816, var: 0.003222","mean: 0.305469, var: 0.004778","mean: 0.123254, var: 0.001415","mean: 0.311035, var: 0.000178","mean: 0.041219, var: 0.001250","mean: 0.116711, var: 0.001094","mean: 0.065662, var: 0.000754","mean: 0.085681, var: 0.000315","mean: 0.201392, var: 0.009571",3.0204184643083165,High
ENSP00000494757,"mean: 0.183472, var: 0.001224","mean: 0.517480, var: 0.002394","mean: 0.630957, var: 0.000590","mean: 0.169263, var: 0.010712","mean: 0.186890, var: 0.001413","mean: 0.304883, var: 0.003350","mean: 0.028785, var: 0.000471","mean: 0.188635, var: 0.002308","mean: 0.221606, var: 0.001705","mean: 0.109821, var: 0.001124","mean: 0.168134, var: 0.014357",3.211906292448735,High
ENSP00000467983,"mean: 0.171948, var: 0.000390","mean: 0.326709, var: 0.003214","mean: 0.429883, var: 0.007919","mean: 0.508398, var: 0.007488","mean: 0.069012, var: 0.000701","mean: 0.442578, var: 0.000938","mean: 0.087897, var: 0.002725","mean: 0.411426, var: 0.010785","mean: 0.225732, var: 0.009601","mean: 0.276172, var: 0.001817","mean: 0.276514, var: 0.016659",3.5462513076443942,High
ENSP00000456776,"mean: 0.158374, var: 0.000602","mean: 0.509033, var: 0.003903","mean: 0.423779, var: 0.004195","mean: 0.566211, var: 0.006241","mean: 0.092175, var: 0.001331","mean: 0.439551, var: 0.004718","mean: 0.158508, var: 0.007884","mean: 0.156726, var: 0.001885","mean: 0.182202, var: 0.003878","mean: 0.242090, var: 0.000492","mean: 0.095551, var: 0.003579",3.3629173533981604,High
ENSP00000454184,"mean: 0.154541, var: 0.000504","mean: 0.547412, var: 0.004733","mean: 0.472803, var: 0.004117","mean: 0.239063, var: 0.006635","mean: 0.189478, var: 0.002258","mean: 0.303003, var: 0.005908","mean: 0.018919, var: 0.000143","mean: 0.133984, var: 0.001131","mean: 0.134021, var: 0.001034","mean: 0.091364, var: 0.000515","mean: 0.100656, var: 0.008122",3.0551347095548214,High
ENSP00000417789,"mean: 0.177637, var: 0.002794","mean: 0.396436, var: 0.015025","mean: 0.329126, var: 0.019548","mean: 0.701465, var: 0.014769","mean: 0.087183, var: 0.001211","mean: 0.374097, var: 0.018443","mean: 0.372107, var: 0.035957","mean: 0.039468, var: 0.000255","mean: 0.015393, var: 0.000033","mean: 0.057925, var: 0.000695","mean: 0.161700, var: 0.005996",2.88808097736468,High
ENSP00000387792,"mean: 0.080420, var: 0.000360","mean: 0.410645, var: 0.009894","mean: 0.758594, var: 0.007853","mean: 0.478369, var: 0.005753","mean: 0.040924, var: 0.000399","mean: 0.171753, var: 0.000643","mean: 0.050555, var: 0.002178","mean: 0.228687, var: 0.003579","mean: 0.146558, var: 0.002609","mean: 0.075549, var: 0.000136","mean: 0.328644, var: 0.025077",2.894468479990899,High
ENSP00000468211,"mean: 0.150195, var: 0.000881","mean: 0.459570, var: 0.005593","mean: 0.519922, var: 0.007222","mean: 0.625000, var: 0.005366","mean: 0.083759, var: 0.000335","mean: 0.413184, var: 0.010454","mean: 0.097247, var: 0.001939","mean: 0.154224, var: 0.003179","mean: 0.089185, var: 0.000810","mean: 0.193750, var: 0.003387","mean: 0.032832, var: 0.000627",3.009409322763447,High
ENSP00000460358,"mean: 0.187891, var: 0.003634","mean: 0.501465, var: 0.007055","mean: 0.331836, var: 0.009335","mean: 0.610449, var: 0.000597","mean: 0.121887, var: 0.000875","mean: 0.436426, var: 0.006511","mean: 0.395801, var: 0.009097","mean: 0.135065, var: 0.001999","mean: 0.133459, var: 0.002517","mean: 0.178687, var: 0.001790","mean: 0.281274, var: 0.002746",3.5165120487990893,High
ENSP00000454718,"mean: 0.190601, var: 0.002094","mean: 0.498047, var: 0.006841","mean: 0.502002, var: 0.005629","mean: 0.508008, var: 0.016515","mean: 0.107440, var: 0.002227","mean: 0.440771, var: 0.010432","mean: 0.111511, var: 0.005951","mean: 0.190796, var: 0.002652","mean: 0.216370, var: 0.005515","mean: 0.286914, var: 0.006511","mean: 0.024418, var: 0.000466",3.294657640904521,High
ENSP00000434812,"mean: 0.113452, var: 0.000845","mean: 0.489746, var: 0.014082","mean: 0.391553, var: 0.013602","mean: 0.583008, var: 0.008993","mean: 0.101636, var: 0.000982","mean: 0.357812, var: 0.009322","mean: 0.348938, var: 0.033160","mean: 0.073157, var: 0.000322","mean: 0.034113, var: 0.000217","mean: 0.114331, var: 0.001672","mean: 0.222913, var: 0.023596",3.1348084734057027,High
ENSP00000433003,"mean: 0.200562, var: 0.001448","mean: 0.414355, var: 0.005720","mean: 0.574072, var: 0.006293","mean: 0.321521, var: 0.018364","mean: 0.084424, var: 0.000902","mean: 0.357422, var: 0.002725","mean: 0.046577, var: 0.000876","mean: 0.187207, var: 0.000758","mean: 0.211597, var: 0.005665","mean: 0.267065, var: 0.002031","mean: 0.022835, var: 0.000814",3.171177999367929,High
ENSP00000402829,"mean: 0.247192, var: 0.002068","mean: 0.499170, var: 0.003091","mean: 0.457227, var: 0.003849","mean: 0.320142, var: 0.004660","mean: 0.163867, var: 0.000836","mean: 0.420068, var: 0.002157","mean: 0.165027, var: 0.005568","mean: 0.230005, var: 0.003363","mean: 0.176611, var: 0.002038","mean: 0.203979, var: 0.000591","mean: 0.117792, var: 0.004958",3.5932498119027008,High
ENSP00000397870,"mean: 0.195654, var: 0.001140","mean: 0.212866, var: 0.000494","mean: 0.134924, var: 0.001004","mean: 0.775781, var: 0.000933","mean: 0.210107, var: 0.001191","mean: 0.213574, var: 0.004853","mean: 0.014925, var: 0.000113","mean: 0.304053, var: 0.005012","mean: 0.208228, var: 0.002575","mean: 0.251489, var: 0.003006","mean: 0.039633, var: 0.000380",2.9998029096206533,High
ENSP00000384148,"mean: 0.548682, var: 0.004159","mean: 0.270215, var: 0.001898","mean: 0.180127, var: 0.000501","mean: 0.475781, var: 0.008562","mean: 0.261304, var: 0.002734","mean: 0.386035, var: 0.005075","mean: 0.295459, var: 0.015818","mean: 0.496240, var: 0.016803","mean: 0.288550, var: 0.004072","mean: 0.264746, var: 0.003054","mean: 0.163483, var: 0.017528",3.777713039228318,High
ENSP00000376243,"mean: 0.396631, var: 0.002088","mean: 0.257861, var: 0.001992","mean: 0.223389, var: 0.002029","mean: 0.490137, var: 0.003370","mean: 0.273218, var: 0.000685","mean: 0.273975, var: 0.002349","mean: 0.166699, var: 0.003653","mean: 0.619678, var: 0.010348","mean: 0.315332, var: 0.011064","mean: 0.360205, var: 0.017682","mean: 0.245679, var: 0.002799",3.7816173647658986,High
ENSP00000471943,"mean: 0.185205, var: 0.001038","mean: 0.392725, var: 0.004663","mean: 0.448633, var: 0.002391","mean: 0.572314, var: 0.005519","mean: 0.077240, var: 0.000366","mean: 0.437842, var: 0.005611","mean: 0.200281, var: 0.011782","mean: 0.094153, var: 0.001675","mean: 0.063281, var: 0.000370","mean: 0.122607, var: 0.002461","mean: 0.106116, var: 0.008061",3.1323303806013363,High
ENSP00000425172,"mean: 0.178442, var: 0.000166","mean: 0.362354, var: 0.003484","mean: 0.494531, var: 0.008446","mean: 0.404297, var: 0.002376","mean: 0.077258, var: 0.000750","mean: 0.230640, var: 0.001070","mean: 0.067462, var: 0.001540","mean: 0.251428, var: 0.008339","mean: 0.222681, var: 0.008504","mean: 0.184888, var: 0.000884","mean: 0.233606, var: 0.010621",3.4411537747648895,High
ENSP00000422786,"mean: 0.162158, var: 0.001280","mean: 0.518799, var: 0.004120","mean: 0.534424, var: 0.005896","mean: 0.503467, var: 0.009220","mean: 0.105041, var: 0.001290","mean: 0.350342, var: 0.002763","mean: 0.123486, var: 0.007412","mean: 0.151624, var: 0.000943","mean: 0.163354, var: 0.002067","mean: 0.315967, var: 0.006087","mean: 0.049409, var: 0.002271",3.2728656238649414,High
ENSP00000388563,"mean: 0.744238, var: 0.001068","mean: 0.164026, var: 0.000741","mean: 0.138416, var: 0.000098","mean: 0.040490, var: 0.001137","mean: 0.148315, var: 0.001771","mean: 0.908887, var: 0.002043","mean: 0.116406, var: 0.002366","mean: 0.382031, var: 0.010308","mean: 0.171179, var: 0.001195","mean: 0.160864, var: 0.007831","mean: 0.395361, var: 0.014292",2.870699623535819,High
ENSP00000361981,"mean: 0.156519, var: 0.001091","mean: 0.629590, var: 0.001519","mean: 0.549268, var: 0.004307","mean: 0.084161, var: 0.000550","mean: 0.145276, var: 0.000527","mean: 0.276440, var: 0.003433","mean: 0.059958, var: 0.003264","mean: 0.142169, var: 0.001818","mean: 0.231055, var: 0.000880","mean: 0.323901, var: 0.003768","mean: 0.182639, var: 0.019086",3.2149264455057622,High
ENSP00000315936,"mean: 0.715918, var: 0.005847","mean: 0.182056, var: 0.000522","mean: 0.129077, var: 0.000535","mean: 0.442383, var: 0.013175","mean: 0.680859, var: 0.007420","mean: 0.134607, var: 0.001809","mean: 0.007207, var: 0.000022","mean: 0.219971, var: 0.002377","mean: 0.420850, var: 0.006469","mean: 0.202979, var: 0.000956","mean: 0.060495, var: 0.001003",2.932361080124353,High
ENSP00000499362,"mean: 0.189185, var: 0.000883","mean: 0.510400, var: 0.006315","mean: 0.394580, var: 0.005283","mean: 0.692090, var: 0.002639","mean: 0.109210, var: 0.001091","mean: 0.406982, var: 0.002923","mean: 0.312280, var: 0.006441","mean: 0.138879, var: 0.001296","mean: 0.160815, var: 0.002862","mean: 0.241162, var: 0.000858","mean: 0.075992, var: 0.003281",3.3579871615804158,High
ENSP00000497470,"mean: 0.592041, var: 0.013617","mean: 0.171387, var: 0.000263","mean: 0.169946, var: 0.002075","mean: 0.350928, var: 0.003395","mean: 0.336865, var: 0.006204","mean: 0.245605, var: 0.008295","mean: 0.008238, var: 0.000123","mean: 0.452637, var: 0.017674","mean: 0.379053, var: 0.003781","mean: 0.508154, var: 0.011310","mean: 0.075793, var: 0.001723",3.298245325438795,High
ENSP00000461183,"mean: 0.235791, var: 0.001653","mean: 0.457959, var: 0.003784","mean: 0.401318, var: 0.004005","mean: 0.293652, var: 0.007934","mean: 0.137219, var: 0.000579","mean: 0.440283, var: 0.002351","mean: 0.075809, var: 0.002931","mean: 0.364160, var: 0.005484","mean: 0.272168, var: 0.003381","mean: 0.258569, var: 0.004815","mean: 0.240747, var: 0.003245",3.6684419266156656,High
ENSP00000449615,"mean: 0.167432, var: 0.000877","mean: 0.505664, var: 0.004063","mean: 0.621875, var: 0.002371","mean: 0.375195, var: 0.007902","mean: 0.146265, var: 0.000929","mean: 0.406836, var: 0.000433","mean: 0.046387, var: 0.001171","mean: 0.164404, var: 0.002723","mean: 0.121777, var: 0.001648","mean: 0.189575, var: 0.001168","mean: 0.053864, var: 0.002196",3.1225791430167225,High
ENSP00000436906,"mean: 0.184509, var: 0.002136","mean: 0.582422, var: 0.005234","mean: 0.449756, var: 0.003997","mean: 0.080678, var: 0.001362","mean: 0.273071, var: 0.001529","mean: 0.458447, var: 0.014764","mean: 0.066452, var: 0.002120","mean: 0.057846, var: 0.000407","mean: 0.066791, var: 0.001744","mean: 0.046004, var: 0.001127","mean: 0.154775, var: 0.005747",2.857333847166966,High
ENSP00000431052,"mean: 0.163489, var: 0.001265","mean: 0.446094, var: 0.008640","mean: 0.547168, var: 0.002745","mean: 0.304907, var: 0.010234","mean: 0.033463, var: 0.000410","mean: 0.494092, var: 0.010729","mean: 0.030176, var: 0.000766","mean: 0.338281, var: 0.023059","mean: 0.195190, var: 0.017661","mean: 0.313184, var: 0.003974","mean: 0.079288, var: 0.005297",3.1660642735456825,High
ENSP00000354879,"mean: 0.149170, var: 0.000696","mean: 0.496729, var: 0.006034","mean: 0.458691, var: 0.004069","mean: 0.571973, var: 0.002689","mean: 0.135229, var: 0.000368","mean: 0.417139, var: 0.001909","mean: 0.047470, var: 0.000960","mean: 0.173779, var: 0.000901","mean: 0.178296, var: 0.002237","mean: 0.239453, var: 0.001427","mean: 0.201489, var: 0.006070",3.3649881777817545,High
ENSP00000494699,"mean: 0.136340, var: 0.000351","mean: 0.523730, var: 0.003816","mean: 0.466406, var: 0.005179","mean: 0.500146, var: 0.007727","mean: 0.090381, var: 0.000092","mean: 0.354590, var: 0.001830","mean: 0.069592, var: 0.002470","mean: 0.192310, var: 0.002675","mean: 0.223438, var: 0.004026","mean: 0.175049, var: 0.001705","mean: 0.301978, var: 0.008888",3.40156676548309,High
ENSP00000468538,"mean: 0.354443, var: 0.004605","mean: 0.461426, var: 0.004710","mean: 0.366162, var: 0.004330","mean: 0.195752, var: 0.015341","mean: 0.215967, var: 0.001584","mean: 0.233765, var: 0.009707","mean: 0.014496, var: 0.000419","mean: 0.311670, var: 0.008977","mean: 0.335669, var: 0.010465","mean: 0.283496, var: 0.010630","mean: 0.083844, var: 0.006996",3.4387469971277285,High
ENSP00000462954,"mean: 0.407471, var: 0.005726","mean: 0.488232, var: 0.002461","mean: 0.302368, var: 0.002244","mean: 0.204797, var: 0.003968","mean: 0.243823, var: 0.006267","mean: 0.432715, var: 0.006340","mean: 0.102100, var: 0.002203","mean: 0.181592, var: 0.004096","mean: 0.284375, var: 0.001834","mean: 0.355103, var: 0.008695","mean: 0.272998, var: 0.012474",3.731314173083786,High
ENSP00000458946,"mean: 0.158044, var: 0.001430","mean: 0.567627, var: 0.008859","mean: 0.462500, var: 0.002202","mean: 0.538672, var: 0.002170","mean: 0.159180, var: 0.000969","mean: 0.427539, var: 0.000404","mean: 0.073566, var: 0.001888","mean: 0.168579, var: 0.001587","mean: 0.148254, var: 0.003057","mean: 0.292114, var: 0.008091","mean: 0.092377, var: 0.004017",3.313319083838963,High
ENSP00000438955,"mean: 0.269067, var: 0.002334","mean: 0.335498, var: 0.002441","mean: 0.133228, var: 0.000404","mean: 0.827637, var: 0.000443","mean: 0.266553, var: 0.000781","mean: 0.409229, var: 0.010357","mean: 0.020525, var: 0.000160","mean: 0.179724, var: 0.009335","mean: 0.147430, var: 0.007733","mean: 0.277954, var: 0.005055","mean: 0.032708, var: 0.001075",3.0010300526688165,High
ENSP00000421829,"mean: 0.247559, var: 0.002234","mean: 0.678711, var: 0.003759","mean: 0.328760, var: 0.002557","mean: 0.060258, var: 0.001262","mean: 0.239502, var: 0.002079","mean: 0.251758, var: 0.001853","mean: 0.016344, var: 0.000142","mean: 0.146106, var: 0.003523","mean: 0.116443, var: 0.000201","mean: 0.177124, var: 0.003253","mean: 0.104568, var: 0.001905",2.9745424668298774,High
ENSP00000406989,"mean: 0.187720, var: 0.000926","mean: 0.447070, var: 0.010130","mean: 0.310571, var: 0.004887","mean: 0.505176, var: 0.004951","mean: 0.172510, var: 0.001459","mean: 0.449316, var: 0.006574","mean: 0.186346, var: 0.010489","mean: 0.301147, var: 0.028868","mean: 0.101697, var: 0.002074","mean: 0.226953, var: 0.002379","mean: 0.108510, var: 0.005126",3.529200537040384,High
ENSP00000389420,"mean: 0.469141, var: 0.001063","mean: 0.274512, var: 0.003408","mean: 0.234375, var: 0.000802","mean: 0.467529, var: 0.011003","mean: 0.194629, var: 0.000803","mean: 0.556934, var: 0.003410","mean: 0.166980, var: 0.005519","mean: 0.591162, var: 0.010725","mean: 0.391016, var: 0.009706","mean: 0.402637, var: 0.001999","mean: 0.332471, var: 0.006024",3.759165672876011,High
ENSP00000330730,"mean: 0.347168, var: 0.006265","mean: 0.354834, var: 0.000447","mean: 0.225220, var: 0.003482","mean: 0.190198, var: 0.010796","mean: 0.224695, var: 0.009921","mean: 0.759180, var: 0.005378","mean: 0.037980, var: 0.001153","mean: 0.206482, var: 0.009082","mean: 0.114056, var: 0.001546","mean: 0.103067, var: 0.005541","mean: 0.018492, var: 0.000257",2.9365448321197065,High
ENSP00000466064,"mean: 0.212207, var: 0.003625","mean: 0.575732, var: 0.004193","mean: 0.511963, var: 0.001897","mean: 0.311719, var: 0.015040","mean: 0.149072, var: 0.002848","mean: 0.417578, var: 0.000562","mean: 0.025958, var: 0.000413","mean: 0.172400, var: 0.001997","mean: 0.145935, var: 0.001423","mean: 0.167725, var: 0.002688","mean: 0.117453, var: 0.004872",3.2310711014045106,High
ENSP00000452890,"mean: 0.398706, var: 0.011917","mean: 0.380127, var: 0.007195","mean: 0.368701, var: 0.001562","mean: 0.051151, var: 0.001300","mean: 0.107727, var: 0.003198","mean: 0.399078, var: 0.049771","mean: 0.005437, var: 0.000063","mean: 0.256616, var: 0.005470","mean: 0.198187, var: 0.028478","mean: 0.331519, var: 0.018576","mean: 0.150710, var: 0.025891",3.210264011133167,High
ENSP00000430164,"mean: 0.139539, var: 0.000276","mean: 0.489355, var: 0.006442","mean: 0.413672, var: 0.005006","mean: 0.693750, var: 0.001720","mean: 0.099023, var: 0.000825","mean: 0.531055, var: 0.006341","mean: 0.140015, var: 0.004298","mean: 0.189905, var: 0.004690","mean: 0.093561, var: 0.001130","mean: 0.275610, var: 0.005691","mean: 0.180588, var: 0.011059",3.285107379097495,High
ENSP00000426926,"mean: 0.364551, var: 0.002017","mean: 0.443604, var: 0.002820","mean: 0.410254, var: 0.001286","mean: 0.308301, var: 0.000506","mean: 0.206934, var: 0.000421","mean: 0.415430, var: 0.004636","mean: 0.067635, var: 0.001456","mean: 0.322632, var: 0.008162","mean: 0.278125, var: 0.003550","mean: 0.347461, var: 0.002253","mean: 0.167926, var: 0.008992",3.7176511707861635,High
ENSP00000425643,"mean: 0.155469, var: 0.001201","mean: 0.456348, var: 0.008802","mean: 0.572168, var: 0.007252","mean: 0.223267, var: 0.014328","mean: 0.069861, var: 0.000487","mean: 0.298511, var: 0.009227","mean: 0.057266, var: 0.003127","mean: 0.115112, var: 0.000925","mean: 0.141565, var: 0.006120","mean: 0.223206, var: 0.004541","mean: 0.063441, var: 0.004332",3.0474786516732824,High
ENSP00000417908,"mean: 0.124609, var: 0.000724","mean: 0.419727, var: 0.006965","mean: 0.394043, var: 0.006876","mean: 0.613184, var: 0.000991","mean: 0.072720, var: 0.000798","mean: 0.534912, var: 0.004202","mean: 0.236609, var: 0.011647","mean: 0.265356, var: 0.010240","mean: 0.130682, var: 0.002998","mean: 0.220557, var: 0.001947","mean: 0.228528, var: 0.015530",3.4457846336075115,High
ENSP00000404968,"mean: 0.559766, var: 0.002022","mean: 0.431787, var: 0.002351","mean: 0.285791, var: 0.001396","mean: 0.170068, var: 0.003429","mean: 0.261499, var: 0.000716","mean: 0.512207, var: 0.009274","mean: 0.093439, var: 0.002779","mean: 0.472998, var: 0.009555","mean: 0.588525, var: 0.007082","mean: 0.408350, var: 0.002374","mean: 0.331543, var: 0.027470",3.6594534069748823,High
ENSP00000392323,"mean: 0.128699, var: 0.001059","mean: 0.624902, var: 0.002701","mean: 0.484668, var: 0.005011","mean: 0.241064, var: 0.004863","mean: 0.095361, var: 0.000543","mean: 0.271509, var: 0.003278","mean: 0.024976, var: 0.000443","mean: 0.181946, var: 0.004589","mean: 0.102771, var: 0.001367","mean: 0.172827, var: 0.004148","mean: 0.130360, var: 0.008297",3.034790154493166,High
ENSP00000390139,"mean: 0.103076, var: 0.000292","mean: 0.453857, var: 0.003796","mean: 0.507959, var: 0.005546","mean: 0.727734, var: 0.006275","mean: 0.075031, var: 0.000243","mean: 0.471436, var: 0.004910","mean: 0.171924, var: 0.005626","mean: 0.084308, var: 0.000397","mean: 0.094562, var: 0.000957","mean: 0.233960, var: 0.004111","mean: 0.049765, var: 0.003534",2.9403514367206065,High
ENSP00000386934,"mean: 0.357178, var: 0.004030","mean: 0.290625, var: 0.001876","mean: 0.165442, var: 0.001491","mean: 0.252869, var: 0.012387","mean: 0.116504, var: 0.000742","mean: 0.769531, var: 0.001588","mean: 0.097449, var: 0.001981","mean: 0.174646, var: 0.007732","mean: 0.116541, var: 0.002062","mean: 0.149097, var: 0.005610","mean: 0.042082, var: 0.000956",3.023472433588432,High
ENSP00000502892,"mean: 0.165869, var: 0.000164","mean: 0.391016, var: 0.004594","mean: 0.437451, var: 0.004794","mean: 0.455176, var: 0.001914","mean: 0.064124, var: 0.000659","mean: 0.385303, var: 0.002099","mean: 0.088031, var: 0.006469","mean: 0.277808, var: 0.004457","mean: 0.114282, var: 0.001867","mean: 0.161963, var: 0.000657","mean: 0.386084, var: 0.010252",3.408616882812736,High
ENSP00000492948,"mean: 0.177075, var: 0.002210","mean: 0.483057, var: 0.000882","mean: 0.313330, var: 0.007733","mean: 0.310645, var: 0.001624","mean: 0.110706, var: 0.000700","mean: 0.417456, var: 0.015690","mean: 0.058188, var: 0.000862","mean: 0.028088, var: 0.000179","mean: 0.138489, var: 0.001798","mean: 0.197827, var: 0.006442","mean: 0.031170, var: 0.001790",2.9614362284893714,High
ENSP00000452648,"mean: 0.141003, var: 0.000377","mean: 0.577881, var: 0.006146","mean: 0.459619, var: 0.003369","mean: 0.307446, var: 0.012831","mean: 0.059961, var: 0.000362","mean: 0.402686, var: 0.002251","mean: 0.028170, var: 0.000691","mean: 0.210132, var: 0.006864","mean: 0.144946, var: 0.002349","mean: 0.140405, var: 0.002924","mean: 0.121330, var: 0.012555",3.087919759978448,High
ENSP00000396641,"mean: 0.194702, var: 0.001360","mean: 0.522314, var: 0.001305","mean: 0.420654, var: 0.002987","mean: 0.187488, var: 0.006642","mean: 0.119983, var: 0.000709","mean: 0.229590, var: 0.009548","mean: 0.049214, var: 0.000869","mean: 0.169446, var: 0.002567","mean: 0.173267, var: 0.000276","mean: 0.209668, var: 0.005579","mean: 0.082887, var: 0.003053",3.2148947453872503,High
ENSP00000497449,"mean: 0.164966, var: 0.000653","mean: 0.569971, var: 0.003866","mean: 0.397705, var: 0.004221","mean: 0.563574, var: 0.000973","mean: 0.086615, var: 0.000585","mean: 0.365527, var: 0.001828","mean: 0.149353, var: 0.010700","mean: 0.179639, var: 0.001993","mean: 0.166968, var: 0.003750","mean: 0.262085, var: 0.003003","mean: 0.182825, var: 0.008030",3.440206477726004,High
ENSP00000493739,"mean: 0.152087, var: 0.000392","mean: 0.486816, var: 0.001635","mean: 0.552197, var: 0.003460","mean: 0.284473, var: 0.009069","mean: 0.097681, var: 0.000514","mean: 0.262451, var: 0.003810","mean: 0.019876, var: 0.000277","mean: 0.136108, var: 0.002419","mean: 0.108276, var: 0.000465","mean: 0.162048, var: 0.001346","mean: 0.108086, var: 0.007243",3.026100475504628,High
ENSP00000467615,"mean: 0.089282, var: 0.000901","mean: 0.573340, var: 0.011850","mean: 0.530908, var: 0.010263","mean: 0.400244, var: 0.008055","mean: 0.075488, var: 0.001217","mean: 0.412646, var: 0.002477","mean: 0.227002, var: 0.004214","mean: 0.242920, var: 0.018236","mean: 0.066809, var: 0.000711","mean: 0.124866, var: 0.000645","mean: 0.109140, var: 0.006243",3.160249453765269,High
ENSP00000462246,"mean: 0.144458, var: 0.001206","mean: 0.501465, var: 0.007327","mean: 0.626563, var: 0.008917","mean: 0.534473, var: 0.004542","mean: 0.104932, var: 0.000917","mean: 0.306689, var: 0.009190","mean: 0.081711, var: 0.001763","mean: 0.125183, var: 0.001415","mean: 0.104639, var: 0.000309","mean: 0.158643, var: 0.003627","mean: 0.015268, var: 0.000222",2.9093162794441407,High
ENSP00000457251,"mean: 0.202881, var: 0.000583","mean: 0.628320, var: 0.000538","mean: 0.421777, var: 0.006181","mean: 0.169763, var: 0.007814","mean: 0.235010, var: 0.003122","mean: 0.311865, var: 0.006287","mean: 0.044073, var: 0.000678","mean: 0.172705, var: 0.000983","mean: 0.122839, var: 0.001196","mean: 0.130066, var: 0.001493","mean: 0.094385, var: 0.005083",3.171023798477638,High
ENSP00000453462,"mean: 0.204712, var: 0.001594","mean: 0.523975, var: 0.004266","mean: 0.528516, var: 0.006247","mean: 0.271094, var: 0.005608","mean: 0.155640, var: 0.001577","mean: 0.250220, var: 0.004997","mean: 0.093439, var: 0.006344","mean: 0.149622, var: 0.001892","mean: 0.197559, var: 0.001421","mean: 0.256543, var: 0.002403","mean: 0.267834, var: 0.008691",3.518379884490787,High
ENSP00000432253,"mean: 0.269653, var: 0.003083","mean: 0.461426, var: 0.002076","mean: 0.319556, var: 0.002337","mean: 0.451172, var: 0.008906","mean: 0.183203, var: 0.001900","mean: 0.386719, var: 0.007033","mean: 0.108752, var: 0.001801","mean: 0.138928, var: 0.002079","mean: 0.099677, var: 0.001044","mean: 0.143994, var: 0.000153","mean: 0.054087, var: 0.003792",3.294451038085377,High
ENSP00000493147,"mean: 0.251807, var: 0.002548","mean: 0.553760, var: 0.005436","mean: 0.444727, var: 0.005980","mean: 0.493018, var: 0.005013","mean: 0.150452, var: 0.002823","mean: 0.404785, var: 0.009819","mean: 0.074237, var: 0.002065","mean: 0.138562, var: 0.000652","mean: 0.148914, var: 0.002915","mean: 0.205981, var: 0.002089","mean: 0.031675, var: 0.000872",3.2199312836014826,High
ENSP00000458340,"mean: 0.151648, var: 0.000389","mean: 0.631543, var: 0.004510","mean: 0.494824, var: 0.009067","mean: 0.081226, var: 0.001685","mean: 0.088342, var: 0.000597","mean: 0.225110, var: 0.007528","mean: 0.025163, var: 0.000526","mean: 0.090198, var: 0.001699","mean: 0.168591, var: 0.002827","mean: 0.129340, var: 0.001861","mean: 0.514868, var: 0.042844",2.894509109433856,High
ENSP00000427736,"mean: 0.222144, var: 0.000743","mean: 0.555664, var: 0.006119","mean: 0.424219, var: 0.003356","mean: 0.377881, var: 0.002394","mean: 0.171924, var: 0.001113","mean: 0.364453, var: 0.003258","mean: 0.062900, var: 0.001958","mean: 0.168445, var: 0.005266","mean: 0.230835, var: 0.008141","mean: 0.201807, var: 0.004522","mean: 0.168111, var: 0.020186",3.4979676601826446,High
ENSP00000394709,"mean: 0.150232, var: 0.002559","mean: 0.513184, var: 0.002120","mean: 0.548145, var: 0.001886","mean: 0.031189, var: 0.000265","mean: 0.145483, var: 0.004952","mean: 0.382812, var: 0.029597","mean: 0.050217, var: 0.002916","mean: 0.125220, var: 0.000969","mean: 0.202869, var: 0.009904","mean: 0.162903, var: 0.004604","mean: 0.269702, var: 0.015900",3.095899777159607,High
ENSP00000386477,"mean: 0.238672, var: 0.002748","mean: 0.196094, var: 0.001096","mean: 0.092902, var: 0.000342","mean: 0.855469, var: 0.000841","mean: 0.223706, var: 0.001858","mean: 0.150159, var: 0.004605","mean: 0.023621, var: 0.000170","mean: 0.340186, var: 0.005675","mean: 0.315381, var: 0.004948","mean: 0.279883, var: 0.000111","mean: 0.022612, var: 0.000438",2.896702745013617,High
ENSP00000479464,"mean: 0.170911, var: 0.000815","mean: 0.561621, var: 0.007778","mean: 0.463623, var: 0.013376","mean: 0.402246, var: 0.000576","mean: 0.120630, var: 0.000543","mean: 0.285645, var: 0.001737","mean: 0.282983, var: 0.011560","mean: 0.198047, var: 0.002742","mean: 0.152661, var: 0.001135","mean: 0.194202, var: 0.002599","mean: 0.299097, var: 0.004882",3.6058232570257505,High
ENSP00000469702,"mean: 0.148560, var: 0.000892","mean: 0.475098, var: 0.008140","mean: 0.359399, var: 0.006803","mean: 0.555908, var: 0.002687","mean: 0.083374, var: 0.000652","mean: 0.375781, var: 0.002131","mean: 0.275391, var: 0.009210","mean: 0.114392, var: 0.000809","mean: 0.072156, var: 0.000170","mean: 0.130066, var: 0.000820","mean: 0.280835, var: 0.008669",3.320764553536191,High
ENSP00000454923,"mean: 0.217310, var: 0.001484","mean: 0.509375, var: 0.002472","mean: 0.413525, var: 0.001119","mean: 0.411108, var: 0.011439","mean: 0.163696, var: 0.000638","mean: 0.372168, var: 0.003767","mean: 0.195764, var: 0.003766","mean: 0.153430, var: 0.002511","mean: 0.175537, var: 0.000843","mean: 0.128198, var: 0.001442","mean: 0.062519, var: 0.005849",3.418959623394662,High
ENSP00000452630,"mean: 0.186377, var: 0.000464","mean: 0.463428, var: 0.001861","mean: 0.434863, var: 0.001140","mean: 0.476709, var: 0.006871","mean: 0.113037, var: 0.001223","mean: 0.459326, var: 0.003743","mean: 0.054071, var: 0.001447","mean: 0.161475, var: 0.002442","mean: 0.179211, var: 0.002854","mean: 0.180823, var: 0.002371","mean: 0.099152, var: 0.008760",3.2872856320689614,High
ENSP00000451127,"mean: 0.205762, var: 0.002314","mean: 0.461230, var: 0.003144","mean: 0.518652, var: 0.003356","mean: 0.501367, var: 0.002968","mean: 0.120325, var: 0.001689","mean: 0.329102, var: 0.001324","mean: 0.104581, var: 0.004474","mean: 0.158337, var: 0.002251","mean: 0.146277, var: 0.001628","mean: 0.247266, var: 0.001589","mean: 0.068893, var: 0.003845",3.328384330107595,High
ENSP00000435532,"mean: 0.119165, var: 0.000602","mean: 0.445068, var: 0.010940","mean: 0.347534, var: 0.008535","mean: 0.594092, var: 0.008866","mean: 0.116736, var: 0.001113","mean: 0.569189, var: 0.010432","mean: 0.082971, var: 0.002990","mean: 0.370532, var: 0.037229","mean: 0.105106, var: 0.003088","mean: 0.365063, var: 0.007075","mean: 0.146352, var: 0.006176",3.322249588118895,High
ENSP00000425714,"mean: 0.145752, var: 0.000494","mean: 0.481641, var: 0.014412","mean: 0.368945, var: 0.005757","mean: 0.666602, var: 0.004552","mean: 0.105273, var: 0.000994","mean: 0.545264, var: 0.006887","mean: 0.093317, var: 0.004816","mean: 0.292896, var: 0.021062","mean: 0.084225, var: 0.001842","mean: 0.308838, var: 0.009370","mean: 0.174045, var: 0.014289",3.2950251871678935,High
ENSP00000420469,"mean: 0.215552, var: 0.003114","mean: 0.586523, var: 0.003052","mean: 0.482568, var: 0.004498","mean: 0.288623, var: 0.014045","mean: 0.177393, var: 0.001239","mean: 0.388672, var: 0.001511","mean: 0.036920, var: 0.000792","mean: 0.218994, var: 0.008492","mean: 0.166467, var: 0.002556","mean: 0.248877, var: 0.006111","mean: 0.069344, var: 0.004094",3.3121130206005773,High
ENSP00000375719,"mean: 0.098157, var: 0.000599","mean: 0.527100, var: 0.003681","mean: 0.664746, var: 0.002491","mean: 0.560010, var: 0.012072","mean: 0.107239, var: 0.000641","mean: 0.487305, var: 0.007823","mean: 0.014918, var: 0.000232","mean: 0.205884, var: 0.004243","mean: 0.162842, var: 0.003752","mean: 0.090228, var: 0.001007","mean: 0.531543, var: 0.095591",2.987890354110094,High
ENSP00000468485,"mean: 0.264746, var: 0.003573","mean: 0.386572, var: 0.003336","mean: 0.370972, var: 0.007926","mean: 0.505371, var: 0.013725","mean: 0.076312, var: 0.000817","mean: 0.200842, var: 0.004787","mean: 0.367480, var: 0.025962","mean: 0.241431, var: 0.008605","mean: 0.153235, var: 0.006579","mean: 0.327319, var: 0.008950","mean: 0.071965, var: 0.007207",3.5041305964748073,High
ENSP00000464865,"mean: 0.192529, var: 0.003155","mean: 0.538721, var: 0.004418","mean: 0.436279, var: 0.002950","mean: 0.549072, var: 0.002397","mean: 0.172388, var: 0.000994","mean: 0.594434, var: 0.006089","mean: 0.044279, var: 0.002054","mean: 0.215283, var: 0.000959","mean: 0.211597, var: 0.004200","mean: 0.331836, var: 0.004744","mean: 0.239087, var: 0.001662",3.4591952967965196,High
ENSP00000464429,"mean: 0.185132, var: 0.001134","mean: 0.499756, var: 0.004316","mean: 0.495605, var: 0.006345","mean: 0.440576, var: 0.007080","mean: 0.143677, var: 0.000587","mean: 0.416064, var: 0.003683","mean: 0.087207, var: 0.001895","mean: 0.127441, var: 0.000746","mean: 0.148730, var: 0.001640","mean: 0.194409, var: 0.000644","mean: 0.110535, var: 0.006001",3.3321021155682016,High
ENSP00000454035,"mean: 0.174268, var: 0.001034","mean: 0.571387, var: 0.001597","mean: 0.426855, var: 0.003198","mean: 0.367871, var: 0.004685","mean: 0.180444, var: 0.000805","mean: 0.210242, var: 0.004455","mean: 0.082501, var: 0.000328","mean: 0.094824, var: 0.000252","mean: 0.116211, var: 0.000808","mean: 0.221997, var: 0.001715","mean: 0.033899, var: 0.001594",3.120585428593478,High
ENSP00000429271,"mean: 0.191455, var: 0.000731","mean: 0.644043, var: 0.002254","mean: 0.453027, var: 0.005873","mean: 0.344556, var: 0.008781","mean: 0.232983, var: 0.001306","mean: 0.288647, var: 0.005808","mean: 0.039496, var: 0.000597","mean: 0.208154, var: 0.006167","mean: 0.237061, var: 0.010453","mean: 0.171423, var: 0.002846","mean: 0.113415, var: 0.009906",3.3685218664436665,High
ENSP00000417446,"mean: 0.187354, var: 0.000696","mean: 0.429346, var: 0.003044","mean: 0.510254, var: 0.004056","mean: 0.363037, var: 0.002101","mean: 0.116760, var: 0.000675","mean: 0.289917, var: 0.002601","mean: 0.204663, var: 0.006465","mean: 0.177954, var: 0.001835","mean: 0.150574, var: 0.001743","mean: 0.187549, var: 0.000614","mean: 0.143469, var: 0.007427",3.50708755733448,High
ENSP00000413612,"mean: 0.134460, var: 0.000358","mean: 0.637988, var: 0.002035","mean: 0.615527, var: 0.003214","mean: 0.058487, var: 0.000958","mean: 0.126868, var: 0.000527","mean: 0.157251, var: 0.003309","mean: 0.201001, var: 0.006802","mean: 0.243872, var: 0.009752","mean: 0.091791, var: 0.001067","mean: 0.061880, var: 0.000605","mean: 0.168271, var: 0.014280",2.9320214495429022,High
ENSP00000388905,"mean: 0.128394, var: 0.000241","mean: 0.474707, var: 0.003213","mean: 0.457471, var: 0.002130","mean: 0.373804, var: 0.008552","mean: 0.064014, var: 0.000180","mean: 0.264551, var: 0.005474","mean: 0.062952, var: 0.001153","mean: 0.209241, var: 0.005921","mean: 0.180127, var: 0.001179","mean: 0.240820, var: 0.003465","mean: 0.047809, var: 0.002791",3.1689267687587916,High
ENSP00000379376,"mean: 0.151245, var: 0.000385","mean: 0.552686, var: 0.007093","mean: 0.398730, var: 0.004583","mean: 0.254858, var: 0.004795","mean: 0.070319, var: 0.000248","mean: 0.383496, var: 0.006988","mean: 0.022756, var: 0.000522","mean: 0.162158, var: 0.004671","mean: 0.131970, var: 0.001033","mean: 0.111932, var: 0.001753","mean: 0.153308, var: 0.013435",3.063615604264994,High
ENSP00000507709,"mean: 0.293774, var: 0.002136","mean: 0.443457, var: 0.005309","mean: 0.474707, var: 0.002839","mean: 0.288306, var: 0.009412","mean: 0.120007, var: 0.002071","mean: 0.465625, var: 0.001599","mean: 0.074103, var: 0.001822","mean: 0.365527, var: 0.003166","mean: 0.300049, var: 0.008412","mean: 0.451172, var: 0.006340","mean: 0.063901, var: 0.003059",3.49982374835533,High
ENSP00000498726,"mean: 0.156433, var: 0.001358","mean: 0.441602, var: 0.003059","mean: 0.515430, var: 0.001756","mean: 0.483447, var: 0.002558","mean: 0.105566, var: 0.000789","mean: 0.297656, var: 0.000226","mean: 0.084805, var: 0.003175","mean: 0.103516, var: 0.000711","mean: 0.089063, var: 0.001033","mean: 0.104456, var: 0.000386","mean: 0.167474, var: 0.014017",3.1368297255307507,High
ENSP00000498247,"mean: 0.177087, var: 0.002315","mean: 0.547461, var: 0.003386","mean: 0.507568, var: 0.001065","mean: 0.519775, var: 0.001888","mean: 0.202295, var: 0.001812","mean: 0.553662, var: 0.008208","mean: 0.030991, var: 0.000725","mean: 0.134253, var: 0.001151","mean: 0.152368, var: 0.008206","mean: 0.156250, var: 0.002074","mean: 0.105530, var: 0.005023",3.162575040999134,High
ENSP00000456297,"mean: 0.245337, var: 0.000865","mean: 0.162061, var: 0.000572","mean: 0.092786, var: 0.000142","mean: 0.861035, var: 0.001117","mean: 0.214062, var: 0.000684","mean: 0.179028, var: 0.001876","mean: 0.016132, var: 0.000071","mean: 0.309253, var: 0.003519","mean: 0.325879, var: 0.004911","mean: 0.278003, var: 0.003800","mean: 0.031822, var: 0.000309",2.8874954972329894,High
ENSP00000455781,"mean: 0.238770, var: 0.002874","mean: 0.461230, var: 0.004530","mean: 0.457422, var: 0.005593","mean: 0.515381, var: 0.005349","mean: 0.109399, var: 0.000853","mean: 0.462891, var: 0.008078","mean: 0.052118, var: 0.001172","mean: 0.214502, var: 0.003335","mean: 0.177917, var: 0.003373","mean: 0.202686, var: 0.000480","mean: 0.084212, var: 0.002398",3.320145274530196,High
ENSP00000442380,"mean: 0.218994, var: 0.000804","mean: 0.380029, var: 0.001604","mean: 0.411719, var: 0.006089","mean: 0.215967, var: 0.005146","mean: 0.108881, var: 0.000875","mean: 0.497363, var: 0.000940","mean: 0.204919, var: 0.016964","mean: 0.188098, var: 0.002303","mean: 0.159424, var: 0.001014","mean: 0.174390, var: 0.001589","mean: 0.270313, var: 0.013937",3.575463282080684,High
ENSP00000430106,"mean: 0.266553, var: 0.004830","mean: 0.493701, var: 0.004572","mean: 0.511475, var: 0.002435","mean: 0.037296, var: 0.000199","mean: 0.128046, var: 0.004102","mean: 0.452637, var: 0.002163","mean: 0.016519, var: 0.000109","mean: 0.254810, var: 0.001539","mean: 0.253662, var: 0.004816","mean: 0.191235, var: 0.000437","mean: 0.026267, var: 0.001136",2.9645290350492686,High
ENSP00000429437,"mean: 0.198730, var: 0.000643","mean: 0.529199, var: 0.003678","mean: 0.391211, var: 0.002667","mean: 0.410449, var: 0.007924","mean: 0.089978, var: 0.000234","mean: 0.315332, var: 0.002068","mean: 0.053848, var: 0.001707","mean: 0.172485, var: 0.006290","mean: 0.137988, var: 0.000753","mean: 0.281104, var: 0.004312","mean: 0.088763, var: 0.007708",3.2766142559723863,High
ENSP00000418100,"mean: 0.223511, var: 0.001702","mean: 0.487451, var: 0.002974","mean: 0.593066, var: 0.012051","mean: 0.072937, var: 0.000451","mean: 0.117419, var: 0.000473","mean: 0.202808, var: 0.000477","mean: 0.015963, var: 0.000189","mean: 0.141333, var: 0.001643","mean: 0.237500, var: 0.000482","mean: 0.250562, var: 0.007609","mean: 0.107248, var: 0.004333",3.0312937202980557,High
ENSP00000404233,"mean: 0.154993, var: 0.000781","mean: 0.507520, var: 0.003078","mean: 0.541357, var: 0.003875","mean: 0.423242, var: 0.003135","mean: 0.117810, var: 0.000420","mean: 0.329150, var: 0.001398","mean: 0.041908, var: 0.000736","mean: 0.105432, var: 0.000306","mean: 0.105811, var: 0.002495","mean: 0.159253, var: 0.000349","mean: 0.115222, var: 0.007211",3.0963916084448173,High
ENSP00000398314,"mean: 0.140100, var: 0.000717","mean: 0.533447, var: 0.004274","mean: 0.540039, var: 0.005443","mean: 0.538672, var: 0.016199","mean: 0.106677, var: 0.000850","mean: 0.505908, var: 0.012336","mean: 0.121912, var: 0.003022","mean: 0.103906, var: 0.000706","mean: 0.134766, var: 0.001936","mean: 0.250146, var: 0.006283","mean: 0.024432, var: 0.000634",3.0592524645451435,High
ENSP00000507486,"mean: 0.382324, var: 0.004221","mean: 0.210425, var: 0.000807","mean: 0.260132, var: 0.002135","mean: 0.073999, var: 0.001867","mean: 0.072673, var: 0.001329","mean: 0.778125, var: 0.020010","mean: 0.024487, var: 0.000598","mean: 0.275049, var: 0.008280","mean: 0.071277, var: 0.001284","mean: 0.154736, var: 0.004616","mean: 0.128925, var: 0.016990",2.81124407400381,High
ENSP00000491361,"mean: 0.218994, var: 0.001450","mean: 0.434375, var: 0.006246","mean: 0.425293, var: 0.003822","mean: 0.516016, var: 0.024549","mean: 0.066211, var: 0.000151","mean: 0.516895, var: 0.001020","mean: 0.033221, var: 0.000853","mean: 0.189270, var: 0.030367","mean: 0.188647, var: 0.012271","mean: 0.275244, var: 0.004433","mean: 0.097964, var: 0.005907",3.246153621442572,High
ENSP00000490465,"mean: 0.108716, var: 0.000796","mean: 0.525732, var: 0.002029","mean: 0.557422, var: 0.008564","mean: 0.155280, var: 0.009375","mean: 0.049371, var: 0.000201","mean: 0.255029, var: 0.006362","mean: 0.024785, var: 0.000539","mean: 0.193762, var: 0.005942","mean: 0.265234, var: 0.004465","mean: 0.251916, var: 0.008090","mean: 0.147957, var: 0.011099",3.0829125215624247,High
ENSP00000485945,"mean: 0.097717, var: 0.000134","mean: 0.374292, var: 0.012966","mean: 0.572900, var: 0.013230","mean: 0.720410, var: 0.002425","mean: 0.052203, var: 0.000194","mean: 0.301880, var: 0.003141","mean: 0.040720, var: 0.001478","mean: 0.132764, var: 0.002806","mean: 0.082281, var: 0.001330","mean: 0.179834, var: 0.006293","mean: 0.119794, var: 0.008731",2.8328378771351055,High
ENSP00000457404,"mean: 0.234326, var: 0.001467","mean: 0.455566, var: 0.005052","mean: 0.430908, var: 0.004025","mean: 0.452148, var: 0.002481","mean: 0.115540, var: 0.000401","mean: 0.284619, var: 0.000674","mean: 0.074951, var: 0.003027","mean: 0.216089, var: 0.003990","mean: 0.236816, var: 0.007673","mean: 0.184912, var: 0.001549","mean: 0.133789, var: 0.007955",3.47445406009054,High
ENSP00000456087,"mean: 0.131335, var: 0.000465","mean: 0.589160, var: 0.000963","mean: 0.550439, var: 0.001445","mean: 0.132062, var: 0.004464","mean: 0.098120, var: 0.000566","mean: 0.493750, var: 0.002673","mean: 0.064661, var: 0.001724","mean: 0.125854, var: 0.001616","mean: 0.105499, var: 0.001413","mean: 0.132971, var: 0.002409","mean: 0.105301, var: 0.011500",2.93105887980165,High
ENSP00000435967,"mean: 0.247632, var: 0.002252","mean: 0.536279, var: 0.003131","mean: 0.333301, var: 0.003785","mean: 0.516309, var: 0.004700","mean: 0.183545, var: 0.001178","mean: 0.396777, var: 0.003511","mean: 0.083157, var: 0.001980","mean: 0.143799, var: 0.001260","mean: 0.128833, var: 0.001798","mean: 0.170093, var: 0.000086","mean: 0.092352, var: 0.004596",3.3362453172364317,High
ENSP00000435145,"mean: 0.211499, var: 0.001649","mean: 0.457568, var: 0.001561","mean: 0.446240, var: 0.006657","mean: 0.481738, var: 0.003613","mean: 0.115735, var: 0.000227","mean: 0.381055, var: 0.000836","mean: 0.032423, var: 0.000813","mean: 0.228149, var: 0.000981","mean: 0.205981, var: 0.003459","mean: 0.195532, var: 0.001086","mean: 0.235510, var: 0.018054",3.4488756714069537,High
ENSP00000377950,"mean: 0.268555, var: 0.003168","mean: 0.554541, var: 0.002573","mean: 0.330786, var: 0.003627","mean: 0.275439, var: 0.010576","mean: 0.172363, var: 0.001811","mean: 0.233691, var: 0.008388","mean: 0.072021, var: 0.002452","mean: 0.252197, var: 0.012046","mean: 0.214307, var: 0.002234","mean: 0.191626, var: 0.004116","mean: 0.183315, var: 0.017799",3.5384979250999273,High
ENSP00000502792,"mean: 0.171875, var: 0.000734","mean: 0.401465, var: 0.010431","mean: 0.572168, var: 0.004975","mean: 0.631738, var: 0.023470","mean: 0.050150, var: 0.000448","mean: 0.344824, var: 0.023120","mean: 0.063437, var: 0.002973","mean: 0.128784, var: 0.003382","mean: 0.078009, var: 0.000882","mean: 0.203198, var: 0.002324","mean: 0.087184, var: 0.005913",2.970297779000803,High
ENSP00000451085,"mean: 0.311963, var: 0.000602","mean: 0.405811, var: 0.007958","mean: 0.470459, var: 0.007658","mean: 0.206366, var: 0.011036","mean: 0.319409, var: 0.006340","mean: 0.294385, var: 0.006784","mean: 0.016146, var: 0.000447","mean: 0.138477, var: 0.000577","mean: 0.345020, var: 0.020407","mean: 0.334497, var: 0.004582","mean: 0.039141, var: 0.002420",3.335035665212775,High
ENSP00000435374,"mean: 0.153442, var: 0.001982","mean: 0.533301, var: 0.004205","mean: 0.450488, var: 0.004126","mean: 0.633398, var: 0.004459","mean: 0.128101, var: 0.001134","mean: 0.470361, var: 0.010382","mean: 0.101038, var: 0.002946","mean: 0.119324, var: 0.001406","mean: 0.182520, var: 0.007862","mean: 0.209351, var: 0.001250","mean: 0.065753, var: 0.001521",3.191437620928031,High
ENSP00000429629,"mean: 0.145972, var: 0.001081","mean: 0.403857, var: 0.005919","mean: 0.659570, var: 0.001872","mean: 0.290820, var: 0.013540","mean: 0.063550, var: 0.000271","mean: 0.520605, var: 0.007203","mean: 0.059634, var: 0.004354","mean: 0.121094, var: 0.001962","mean: 0.083463, var: 0.001719","mean: 0.094177, var: 0.001703","mean: 0.279285, var: 0.022454",3.0055073428208514,High
ENSP00000490955,"mean: 0.181274, var: 0.000303","mean: 0.526074, var: 0.003132","mean: 0.514160, var: 0.000893","mean: 0.438525, var: 0.002344","mean: 0.124097, var: 0.000962","mean: 0.403711, var: 0.001599","mean: 0.040057, var: 0.000536","mean: 0.145190, var: 0.002619","mean: 0.142395, var: 0.001766","mean: 0.216162, var: 0.000954","mean: 0.069438, var: 0.004133",3.179059370614358,High
ENSP00000474497,"mean: 0.238330, var: 0.000749","mean: 0.500439, var: 0.004234","mean: 0.466357, var: 0.005601","mean: 0.354297, var: 0.004203","mean: 0.144763, var: 0.001389","mean: 0.386328, var: 0.001001","mean: 0.101859, var: 0.004222","mean: 0.254614, var: 0.003585","mean: 0.279712, var: 0.004952","mean: 0.278638, var: 0.001398","mean: 0.142316, var: 0.008811",3.629650225620952,High
ENSP00000414865,"mean: 0.209497, var: 0.001471","mean: 0.519287, var: 0.002791","mean: 0.414453, var: 0.003912","mean: 0.405469, var: 0.001514","mean: 0.122510, var: 0.000706","mean: 0.395410, var: 0.003050","mean: 0.173596, var: 0.009645","mean: 0.129456, var: 0.001504","mean: 0.117493, var: 0.001923","mean: 0.143091, var: 0.000037","mean: 0.161536, var: 0.011962",3.4158231400853176,High
ENSP00000399816,"mean: 0.128564, var: 0.000397","mean: 0.435059, var: 0.001580","mean: 0.611523, var: 0.006440","mean: 0.370264, var: 0.009113","mean: 0.088171, var: 0.000314","mean: 0.423828, var: 0.000788","mean: 0.103210, var: 0.004685","mean: 0.204053, var: 0.001629","mean: 0.270630, var: 0.008892","mean: 0.266479, var: 0.001344","mean: 0.092935, var: 0.005314",3.358011626419295,High
ENSP00000376971,"mean: 0.167700, var: 0.001869","mean: 0.568262, var: 0.002121","mean: 0.557178, var: 0.002857","mean: 0.606836, var: 0.016222","mean: 0.118237, var: 0.000475","mean: 0.342480, var: 0.000484","mean: 0.035944, var: 0.000821","mean: 0.178625, var: 0.002107","mean: 0.118530, var: 0.002967","mean: 0.199194, var: 0.005901","mean: 0.169984, var: 0.008402",3.171631835523904,High
ENSP00000361978,"mean: 0.177417, var: 0.000660","mean: 0.514355, var: 0.003933","mean: 0.519092, var: 0.005807","mean: 0.315576, var: 0.001959","mean: 0.118420, var: 0.000396","mean: 0.265332, var: 0.001235","mean: 0.120410, var: 0.005214","mean: 0.155762, var: 0.001774","mean: 0.191162, var: 0.001947","mean: 0.171375, var: 0.001239","mean: 0.221655, var: 0.013488",3.4548392724808075,High
ENSP00000501354,"mean: 0.232788, var: 0.000332","mean: 0.496582, var: 0.005382","mean: 0.445264, var: 0.001606","mean: 0.403809, var: 0.000666","mean: 0.104425, var: 0.000939","mean: 0.430566, var: 0.001287","mean: 0.040126, var: 0.001057","mean: 0.239185, var: 0.002663","mean: 0.180530, var: 0.003080","mean: 0.272974, var: 0.002244","mean: 0.162146, var: 0.009929",3.441753646772809,High
ENSP00000466525,"mean: 0.161035, var: 0.000335","mean: 0.366846, var: 0.012849","mean: 0.315283, var: 0.002996","mean: 0.452026, var: 0.020669","mean: 0.093616, var: 0.000624","mean: 0.540381, var: 0.012292","mean: 0.164270, var: 0.003550","mean: 0.233862, var: 0.024714","mean: 0.090125, var: 0.000621","mean: 0.140125, var: 0.001547","mean: 0.080716, var: 0.003487",3.2710524880587775,High
ENSP00000451953,"mean: 0.089816, var: 0.003709","mean: 0.672559, var: 0.003681","mean: 0.368652, var: 0.001536","mean: 0.358838, var: 0.008890","mean: 0.089117, var: 0.001347","mean: 0.359644, var: 0.011904","mean: 0.189685, var: 0.004900","mean: 0.091516, var: 0.002272","mean: 0.087566, var: 0.004581","mean: 0.073251, var: 0.002276","mean: 0.116024, var: 0.018982",2.9909395468389284,High
ENSP00000439003,"mean: 0.157642, var: 0.000100","mean: 0.505029, var: 0.002872","mean: 0.503271, var: 0.003097","mean: 0.399951, var: 0.002029","mean: 0.101965, var: 0.000360","mean: 0.381982, var: 0.000064","mean: 0.091043, var: 0.004128","mean: 0.190869, var: 0.002092","mean: 0.133984, var: 0.001647","mean: 0.213403, var: 0.001402","mean: 0.168466, var: 0.010449",3.381988428948128,High
ENSP00000430847,"mean: 0.211401, var: 0.001342","mean: 0.438037, var: 0.003416","mean: 0.466748, var: 0.003682","mean: 0.318799, var: 0.001640","mean: 0.112939, var: 0.000882","mean: 0.412451, var: 0.000979","mean: 0.106018, var: 0.002648","mean: 0.172021, var: 0.001741","mean: 0.140356, var: 0.002241","mean: 0.198242, var: 0.000807","mean: 0.144891, var: 0.010209",3.438789228172732,High
ENSP00000413898,"mean: 0.111340, var: 0.000574","mean: 0.493896, var: 0.003459","mean: 0.575195, var: 0.005906","mean: 0.383740, var: 0.001804","mean: 0.075812, var: 0.000318","mean: 0.210303, var: 0.002120","mean: 0.103668, var: 0.003351","mean: 0.130762, var: 0.002677","mean: 0.117688, var: 0.000497","mean: 0.163574, var: 0.000965","mean: 0.147095, var: 0.017894",3.132823656771675,High
ENSP00000408797,"mean: 0.188660, var: 0.003822","mean: 0.498193, var: 0.001913","mean: 0.598828, var: 0.012415","mean: 0.347040, var: 0.048850","mean: 0.131824, var: 0.000624","mean: 0.412842, var: 0.011310","mean: 0.033050, var: 0.001192","mean: 0.081754, var: 0.002557","mean: 0.127673, var: 0.001519","mean: 0.181616, var: 0.012674","mean: 0.042763, var: 0.003220",2.9932658140754302,High
ENSP00000401510,"mean: 0.269238, var: 0.003960","mean: 0.557227, var: 0.001462","mean: 0.320776, var: 0.007381","mean: 0.209863, var: 0.009262","mean: 0.200562, var: 0.002965","mean: 0.178406, var: 0.007430","mean: 0.053122, var: 0.001479","mean: 0.281763, var: 0.012420","mean: 0.126135, var: 0.001460","mean: 0.194800, var: 0.008393","mean: 0.099520, var: 0.007422",3.323532337588806,High
ENSP00000263255,"mean: 0.792773, var: 0.006388","mean: 0.119482, var: 0.001217","mean: 0.087146, var: 0.000060","mean: 0.032536, var: 0.000474","mean: 0.248193, var: 0.020410","mean: 0.918359, var: 0.001370","mean: 0.346143, var: 0.014895","mean: 0.297021, var: 0.006616","mean: 0.182935, var: 0.001738","mean: 0.152783, var: 0.005477","mean: 0.408594, var: 0.008167",2.87740591508844,High
ENSP00000501787,"mean: 0.193262, var: 0.000699","mean: 0.458887, var: 0.003581","mean: 0.499707, var: 0.001974","mean: 0.341919, var: 0.011113","mean: 0.102350, var: 0.001261","mean: 0.467236, var: 0.002849","mean: 0.060486, var: 0.002904","mean: 0.243652, var: 0.001534","mean: 0.198584, var: 0.003935","mean: 0.262354, var: 0.001087","mean: 0.183112, var: 0.009646",3.474192831416121,High
ENSP00000459305,"mean: 0.223193, var: 0.001154","mean: 0.493262, var: 0.003163","mean: 0.344849, var: 0.005034","mean: 0.471289, var: 0.007512","mean: 0.141052, var: 0.000549","mean: 0.253564, var: 0.007242","mean: 0.098807, var: 0.004800","mean: 0.154504, var: 0.003724","mean: 0.192920, var: 0.002647","mean: 0.180591, var: 0.000890","mean: 0.141245, var: 0.010618",3.4494247413676242,High
ENSP00000452748,"mean: 0.191333, var: 0.000421","mean: 0.558545, var: 0.003598","mean: 0.479932, var: 0.004588","mean: 0.309448, var: 0.024874","mean: 0.074207, var: 0.000105","mean: 0.334375, var: 0.001885","mean: 0.077222, var: 0.003086","mean: 0.222437, var: 0.013386","mean: 0.122107, var: 0.004088","mean: 0.151617, var: 0.004425","mean: 0.105341, var: 0.004331",3.2283038280371,High
ENSP00000452121,"mean: 0.218408, var: 0.001361","mean: 0.398047, var: 0.002931","mean: 0.532471, var: 0.002981","mean: 0.365796, var: 0.008704","mean: 0.119641, var: 0.000643","mean: 0.498242, var: 0.002810","mean: 0.048058, var: 0.001200","mean: 0.153479, var: 0.000831","mean: 0.186890, var: 0.002433","mean: 0.259766, var: 0.001254","mean: 0.151303, var: 0.009499",3.3864170683351,High
ENSP00000433930,"mean: 0.218262, var: 0.005740","mean: 0.530762, var: 0.003709","mean: 0.383496, var: 0.005926","mean: 0.504541, var: 0.005181","mean: 0.158008, var: 0.002576","mean: 0.408789, var: 0.011487","mean: 0.144434, var: 0.006343","mean: 0.170532, var: 0.001889","mean: 0.330542, var: 0.018589","mean: 0.235352, var: 0.000594","mean: 0.184485, var: 0.005749",3.637673772874294,High
ENSP00000425028,"mean: 0.126599, var: 0.000638","mean: 0.565137, var: 0.006887","mean: 0.398389, var: 0.007399","mean: 0.575391, var: 0.003256","mean: 0.108252, var: 0.000307","mean: 0.324023, var: 0.000449","mean: 0.106299, var: 0.005619","mean: 0.135937, var: 0.000914","mean: 0.096094, var: 0.000804","mean: 0.161475, var: 0.000400","mean: 0.279810, var: 0.010649",3.2601088001286707,High
ENSP00000417527,"mean: 0.151404, var: 0.000451","mean: 0.569727, var: 0.003102","mean: 0.452197, var: 0.004321","mean: 0.287646, var: 0.005679","mean: 0.084747, var: 0.000204","mean: 0.276465, var: 0.006598","mean: 0.043556, var: 0.001421","mean: 0.222131, var: 0.013064","mean: 0.134033, var: 0.002929","mean: 0.166992, var: 0.002737","mean: 0.102423, var: 0.006045",3.160566647465821,High
ENSP00000412744,"mean: 0.173633, var: 0.000483","mean: 0.475342, var: 0.004238","mean: 0.557813, var: 0.000520","mean: 0.315942, var: 0.014986","mean: 0.094971, var: 0.000445","mean: 0.347729, var: 0.008528","mean: 0.054092, var: 0.002350","mean: 0.284546, var: 0.006651","mean: 0.188892, var: 0.001145","mean: 0.191357, var: 0.005636","mean: 0.183936, var: 0.003482",3.3961506214553103,High
ENSP00000463481,"mean: 0.177466, var: 0.000309","mean: 0.429150, var: 0.003913","mean: 0.460303, var: 0.004433","mean: 0.518311, var: 0.000844","mean: 0.071704, var: 0.000273","mean: 0.342432, var: 0.000518","mean: 0.083710, var: 0.002693","mean: 0.190918, var: 0.003213","mean: 0.174512, var: 0.003450","mean: 0.205811, var: 0.000293","mean: 0.126105, var: 0.009023",3.3384617102586884,High
ENSP00000447739,"mean: 0.184924, var: 0.002784","mean: 0.522510, var: 0.002814","mean: 0.479785, var: 0.003718","mean: 0.481055, var: 0.013007","mean: 0.121106, var: 0.001289","mean: 0.550244, var: 0.015864","mean: 0.103326, var: 0.002261","mean: 0.117700, var: 0.000373","mean: 0.226953, var: 0.010888","mean: 0.228247, var: 0.002572","mean: 0.067213, var: 0.001903",3.281655071814959,High
ENSP00000425452,"mean: 0.167822, var: 0.001040","mean: 0.513525, var: 0.004365","mean: 0.547314, var: 0.003734","mean: 0.522656, var: 0.011705","mean: 0.113794, var: 0.000832","mean: 0.365674, var: 0.004274","mean: 0.100784, var: 0.002730","mean: 0.091980, var: 0.000415","mean: 0.096033, var: 0.000651","mean: 0.216333, var: 0.002619","mean: 0.043304, var: 0.001894",3.068882887429537,High
ENSP00000413636,"mean: 0.152637, var: 0.000289","mean: 0.478857, var: 0.003493","mean: 0.503760, var: 0.007261","mean: 0.414697, var: 0.006362","mean: 0.112134, var: 0.000181","mean: 0.231055, var: 0.001534","mean: 0.184735, var: 0.011413","mean: 0.172632, var: 0.002372","mean: 0.214746, var: 0.003199","mean: 0.188599, var: 0.000617","mean: 0.121716, var: 0.005005",3.450341616958703,High
ENSP00000499306,"mean: 0.189966, var: 0.000532","mean: 0.459521, var: 0.006601","mean: 0.473340, var: 0.002523","mean: 0.320386, var: 0.006194","mean: 0.105957, var: 0.000536","mean: 0.418799, var: 0.004821","mean: 0.221338, var: 0.006518","mean: 0.185584, var: 0.004806","mean: 0.178430, var: 0.005907","mean: 0.262549, var: 0.003440","mean: 0.098080, var: 0.009912",3.5266276017967333,High
ENSP00000469593,"mean: 0.169580, var: 0.000984","mean: 0.605664, var: 0.001256","mean: 0.384717, var: 0.003731","mean: 0.301025, var: 0.013213","mean: 0.182300, var: 0.000301","mean: 0.256055, var: 0.005268","mean: 0.033762, var: 0.000313","mean: 0.160754, var: 0.001729","mean: 0.148950, var: 0.004518","mean: 0.129431, var: 0.001930","mean: 0.060506, var: 0.003127",3.1188537251059825,High
ENSP00000463843,"mean: 0.170142, var: 0.000209","mean: 0.560400, var: 0.005115","mean: 0.465918, var: 0.003406","mean: 0.529346, var: 0.008654","mean: 0.107996, var: 0.000532","mean: 0.391260, var: 0.003044","mean: 0.082324, var: 0.003599","mean: 0.159583, var: 0.002047","mean: 0.140991, var: 0.002496","mean: 0.253198, var: 0.000795","mean: 0.054944, var: 0.002662",3.20780404329098,High
ENSP00000463823,"mean: 0.114514, var: 0.000264","mean: 0.422461, var: 0.010680","mean: 0.375391, var: 0.003141","mean: 0.665820, var: 0.009584","mean: 0.097864, var: 0.000307","mean: 0.483447, var: 0.010396","mean: 0.086127, var: 0.001493","mean: 0.210510, var: 0.017667","mean: 0.085406, var: 0.001145","mean: 0.208521, var: 0.003917","mean: 0.066401, var: 0.002209",3.0859308389570583,High
ENSP00000423844,"mean: 0.214722, var: 0.001527","mean: 0.479248, var: 0.003283","mean: 0.427246, var: 0.005318","mean: 0.522852, var: 0.002433","mean: 0.144482, var: 0.000818","mean: 0.367090, var: 0.001682","mean: 0.119574, var: 0.007359","mean: 0.185913, var: 0.001956","mean: 0.223999, var: 0.007222","mean: 0.192847, var: 0.000145","mean: 0.160016, var: 0.012720",3.5451048241307044,High
ENSP00000411573,"mean: 0.130505, var: 0.000340","mean: 0.313062, var: 0.007912","mean: 0.592187, var: 0.003728","mean: 0.522852, var: 0.003697","mean: 0.036017, var: 0.000240","mean: 0.258521, var: 0.001224","mean: 0.019327, var: 0.000295","mean: 0.367334, var: 0.010616","mean: 0.169641, var: 0.010574","mean: 0.136426, var: 0.001218","mean: 0.195673, var: 0.011426",3.0841395876310953,High
ENSP00000394401,"mean: 0.215454, var: 0.004648","mean: 0.335205, var: 0.000851","mean: 0.498633, var: 0.001080","mean: 0.088226, var: 0.000908","mean: 0.129138, var: 0.001770","mean: 0.423877, var: 0.010726","mean: 0.074130, var: 0.001793","mean: 0.194409, var: 0.012620","mean: 0.086694, var: 0.001867","mean: 0.054074, var: 0.000679","mean: 0.040575, var: 0.004081",2.8975110439338425,High
ENSP00000503895,"mean: 0.162134, var: 0.000236","mean: 0.499121, var: 0.004793","mean: 0.466895, var: 0.005164","mean: 0.411865, var: 0.004257","mean: 0.086310, var: 0.000240","mean: 0.305469, var: 0.002123","mean: 0.079382, var: 0.003316","mean: 0.139429, var: 0.001946","mean: 0.177368, var: 0.002578","mean: 0.175818, var: 0.001053","mean: 0.129163, var: 0.009308",3.289037942653515,High
ENSP00000501638,"mean: 0.218823, var: 0.000941","mean: 0.290845, var: 0.005509","mean: 0.246948, var: 0.003364","mean: 0.439258, var: 0.013273","mean: 0.064484, var: 0.000124","mean: 0.297534, var: 0.007615","mean: 0.175073, var: 0.011279","mean: 0.183203, var: 0.001710","mean: 0.151672, var: 0.006221","mean: 0.230322, var: 0.002385","mean: 0.099243, var: 0.003476",3.4053777693565803,High
ENSP00000498870,"mean: 0.197388, var: 0.004107","mean: 0.672656, var: 0.004686","mean: 0.286401, var: 0.005292","mean: 0.173376, var: 0.003406","mean: 0.149841, var: 0.001911","mean: 0.338574, var: 0.006785","mean: 0.028332, var: 0.000346","mean: 0.127161, var: 0.000354","mean: 0.094800, var: 0.002663","mean: 0.216772, var: 0.001674","mean: 0.024506, var: 0.001210",2.908891710193772,High
ENSP00000472504,"mean: 0.156018, var: 0.001599","mean: 0.535547, var: 0.001344","mean: 0.632422, var: 0.003470","mean: 0.274463, var: 0.004498","mean: 0.097815, var: 0.000463","mean: 0.347510, var: 0.000823","mean: 0.037762, var: 0.001349","mean: 0.137109, var: 0.001418","mean: 0.172351, var: 0.003503","mean: 0.145081, var: 0.001293","mean: 0.199090, var: 0.012960",3.1642054326870803,High
ENSP00000435644,"mean: 0.280029, var: 0.000960","mean: 0.523877, var: 0.006704","mean: 0.438867, var: 0.019444","mean: 0.367773, var: 0.007323","mean: 0.081458, var: 0.001329","mean: 0.310132, var: 0.018747","mean: 0.018380, var: 0.000941","mean: 0.211670, var: 0.001289","mean: 0.333545, var: 0.017681","mean: 0.411963, var: 0.012452","mean: 0.157867, var: 0.033720",3.416902373323656,High
ENSP00000412823,"mean: 0.134363, var: 0.000203","mean: 0.535693, var: 0.003680","mean: 0.478125, var: 0.002626","mean: 0.445752, var: 0.000575","mean: 0.059256, var: 0.000301","mean: 0.361768, var: 0.002105","mean: 0.076823, var: 0.002096","mean: 0.162158, var: 0.004394","mean: 0.113025, var: 0.002085","mean: 0.173145, var: 0.000970","mean: 0.121005, var: 0.009831",3.1500534244696197,High
ENSP00000412769,"mean: 0.108813, var: 0.000128","mean: 0.591064, var: 0.007337","mean: 0.551611, var: 0.005365","mean: 0.269458, var: 0.002232","mean: 0.073193, var: 0.000089","mean: 0.162341, var: 0.000699","mean: 0.054355, var: 0.002741","mean: 0.118274, var: 0.000874","mean: 0.134131, var: 0.002638","mean: 0.178369, var: 0.003510","mean: 0.129243, var: 0.010315",2.9723619120231195,High
ENSP00000397589,"mean: 0.249341, var: 0.001201","mean: 0.426270, var: 0.006055","mean: 0.454834, var: 0.011699","mean: 0.097620, var: 0.005364","mean: 0.073126, var: 0.000961","mean: 0.430566, var: 0.012203","mean: 0.043010, var: 0.001873","mean: 0.295532, var: 0.004636","mean: 0.186389, var: 0.005448","mean: 0.364380, var: 0.008400","mean: 0.100104, var: 0.009053",3.256279947204407,High
ENSP00000389322,"mean: 0.156909, var: 0.002117","mean: 0.434521, var: 0.002439","mean: 0.650684, var: 0.006624","mean: 0.450049, var: 0.008728","mean: 0.132019, var: 0.001190","mean: 0.365479, var: 0.002907","mean: 0.031473, var: 0.000292","mean: 0.080365, var: 0.000260","mean: 0.083923, var: 0.000508","mean: 0.174036, var: 0.003683","mean: 0.033084, var: 0.001010",2.8634005640895017,High
ENSP00000493561,"mean: 0.158313, var: 0.001548","mean: 0.446729, var: 0.002252","mean: 0.604980, var: 0.004351","mean: 0.465430, var: 0.004575","mean: 0.114807, var: 0.000950","mean: 0.211353, var: 0.000970","mean: 0.041099, var: 0.001202","mean: 0.100867, var: 0.000095","mean: 0.094678, var: 0.000911","mean: 0.146423, var: 0.000947","mean: 0.082002, var: 0.007359",2.9609098749814837,High
ENSP00000450676,"mean: 0.132251, var: 0.000991","mean: 0.467920, var: 0.005006","mean: 0.515967, var: 0.005136","mean: 0.525391, var: 0.008673","mean: 0.105676, var: 0.000526","mean: 0.478271, var: 0.006065","mean: 0.080313, var: 0.003818","mean: 0.154163, var: 0.001255","mean: 0.144775, var: 0.004358","mean: 0.089343, var: 0.000544","mean: 0.378076, var: 0.042545",3.24683948410756,High
ENSP00000449513,"mean: 0.121985, var: 0.000290","mean: 0.563574, var: 0.006940","mean: 0.471387, var: 0.007775","mean: 0.383789, var: 0.002032","mean: 0.079852, var: 0.000234","mean: 0.301929, var: 0.001121","mean: 0.214160, var: 0.009224","mean: 0.125244, var: 0.001803","mean: 0.110944, var: 0.001815","mean: 0.194592, var: 0.002598","mean: 0.158563, var: 0.007486",3.3099797151143564,High
ENSP00000425147,"mean: 0.443408, var: 0.001747","mean: 0.379541, var: 0.002306","mean: 0.269824, var: 0.002273","mean: 0.202612, var: 0.001996","mean: 0.198938, var: 0.002265","mean: 0.450391, var: 0.001463","mean: 0.075067, var: 0.001391","mean: 0.433643, var: 0.005520","mean: 0.350708, var: 0.007719","mean: 0.408252, var: 0.001792","mean: 0.170825, var: 0.007095",3.6775010242087864,High
ENSP00000410149,"mean: 0.147290, var: 0.001218","mean: 0.486816, var: 0.002447","mean: 0.575049, var: 0.004381","mean: 0.464111, var: 0.010463","mean: 0.160840, var: 0.000774","mean: 0.422900, var: 0.001171","mean: 0.014717, var: 0.000236","mean: 0.186963, var: 0.001628","mean: 0.176746, var: 0.003072","mean: 0.250854, var: 0.004767","mean: 0.197845, var: 0.006492",3.314229901917632,High
ENSP00000407378,"mean: 0.196814, var: 0.002439","mean: 0.488574, var: 0.003699","mean: 0.489551, var: 0.005840","mean: 0.487695, var: 0.011312","mean: 0.121326, var: 0.001570","mean: 0.322852, var: 0.001695","mean: 0.101373, var: 0.002843","mean: 0.167175, var: 0.002547","mean: 0.182458, var: 0.003087","mean: 0.207446, var: 0.001901","mean: 0.056570, var: 0.001923",3.3208926201205964,High
ENSP00000467134,"mean: 0.106836, var: 0.000995","mean: 0.340332, var: 0.015569","mean: 0.350684, var: 0.003591","mean: 0.641992, var: 0.013826","mean: 0.099811, var: 0.000878","mean: 0.406152, var: 0.010216","mean: 0.232983, var: 0.003143","mean: 0.113886, var: 0.003473","mean: 0.027782, var: 0.000128","mean: 0.097723, var: 0.001347","mean: 0.055921, var: 0.003133",2.9286264054958524,High
ENSP00000466874,"mean: 0.137317, var: 0.001247","mean: 0.515967, var: 0.003280","mean: 0.481982, var: 0.006717","mean: 0.188678, var: 0.013580","mean: 0.120947, var: 0.000910","mean: 0.169507, var: 0.002340","mean: 0.055202, var: 0.001397","mean: 0.082227, var: 0.000314","mean: 0.290137, var: 0.010758","mean: 0.101917, var: 0.002354","mean: 0.028694, var: 0.002160",2.8958112762284,High
ENSP00000462170,"mean: 0.181763, var: 0.000772","mean: 0.392725, var: 0.002544","mean: 0.462744, var: 0.002665","mean: 0.321216, var: 0.005674","mean: 0.101208, var: 0.000673","mean: 0.387109, var: 0.002447","mean: 0.076404, var: 0.002334","mean: 0.224707, var: 0.009773","mean: 0.184375, var: 0.002743","mean: 0.232178, var: 0.001071","mean: 0.138684, var: 0.018041",3.4542745699286774,High
ENSP00000431085,"mean: 0.544238, var: 0.001094","mean: 0.560107, var: 0.004376","mean: 0.316211, var: 0.000268","mean: 0.118530, var: 0.001291","mean: 0.645215, var: 0.008744","mean: 0.350635, var: 0.002584","mean: 0.092169, var: 0.000932","mean: 0.245410, var: 0.000816","mean: 0.151587, var: 0.001312","mean: 0.212402, var: 0.001038","mean: 0.171573, var: 0.012799",3.404771900483717,High
ENSP00000419183,"mean: 0.152686, var: 0.000595","mean: 0.536182, var: 0.002148","mean: 0.366333, var: 0.003928","mean: 0.257373, var: 0.008862","mean: 0.130933, var: 0.000924","mean: 0.283545, var: 0.005937","mean: 0.076660, var: 0.001164","mean: 0.177197, var: 0.004142","mean: 0.164819, var: 0.000117","mean: 0.242944, var: 0.003375","mean: 0.044287, var: 0.003165",3.2443835319838707,High
ENSP00000506523,"mean: 0.280469, var: 0.004780","mean: 0.477246, var: 0.004226","mean: 0.416797, var: 0.003093","mean: 0.523145, var: 0.011602","mean: 0.189331, var: 0.002680","mean: 0.337744, var: 0.001780","mean: 0.096429, var: 0.002229","mean: 0.181873, var: 0.004580","mean: 0.211035, var: 0.006965","mean: 0.236255, var: 0.001407","mean: 0.048575, var: 0.001905",3.44665090454553,High
ENSP00000504510,"mean: 0.219653, var: 0.000984","mean: 0.547559, var: 0.001125","mean: 0.361572, var: 0.004165","mean: 0.338232, var: 0.003308","mean: 0.134265, var: 0.001492","mean: 0.386035, var: 0.004290","mean: 0.060785, var: 0.001023","mean: 0.174292, var: 0.004909","mean: 0.082007, var: 0.000683","mean: 0.215112, var: 0.003922","mean: 0.083548, var: 0.004189",3.2519722707525185,High
ENSP00000498371,"mean: 0.182617, var: 0.002031","mean: 0.627588, var: 0.009277","mean: 0.278467, var: 0.000830","mean: 0.160992, var: 0.013607","mean: 0.162817, var: 0.001003","mean: 0.378711, var: 0.002712","mean: 0.021055, var: 0.000199","mean: 0.075562, var: 0.000537","mean: 0.128442, var: 0.005465","mean: 0.116650, var: 0.003094","mean: 0.040842, var: 0.002677",2.8374825900237433,High
ENSP00000485723,"mean: 0.198779, var: 0.000620","mean: 0.466016, var: 0.005348","mean: 0.387207, var: 0.007595","mean: 0.399854, var: 0.001566","mean: 0.083185, var: 0.000859","mean: 0.327686, var: 0.002274","mean: 0.181165, var: 0.012201","mean: 0.243481, var: 0.003569","mean: 0.092090, var: 0.000484","mean: 0.171484, var: 0.000682","mean: 0.282410, var: 0.014363",3.515867837414814,High
ENSP00000472858,"mean: 0.197290, var: 0.001423","mean: 0.481201, var: 0.003406","mean: 0.427197, var: 0.004371","mean: 0.543408, var: 0.004679","mean: 0.143262, var: 0.000160","mean: 0.448437, var: 0.003758","mean: 0.097852, var: 0.004958","mean: 0.209790, var: 0.002589","mean: 0.213623, var: 0.006573","mean: 0.160425, var: 0.001743","mean: 0.250183, var: 0.009564",3.529970007345626,High
ENSP00000462379,"mean: 0.145667, var: 0.000494","mean: 0.459033, var: 0.003182","mean: 0.492627, var: 0.005983","mean: 0.574902, var: 0.002903","mean: 0.069635, var: 0.000042","mean: 0.414111, var: 0.003269","mean: 0.089746, var: 0.003182","mean: 0.096814, var: 0.000368","mean: 0.118738, var: 0.000931","mean: 0.207935, var: 0.001494","mean: 0.140744, var: 0.006958",3.1536532817652803,High
ENSP00000429541,"mean: 0.250903, var: 0.003657","mean: 0.334424, var: 0.005438","mean: 0.373193, var: 0.013006","mean: 0.392822, var: 0.024625","mean: 0.052551, var: 0.001411","mean: 0.467358, var: 0.019752","mean: 0.032555, var: 0.001255","mean: 0.290112, var: 0.016263","mean: 0.291040, var: 0.036504","mean: 0.468506, var: 0.006859","mean: 0.104626, var: 0.012335",3.3795761463579868,High
ENSP00000422056,"mean: 0.194629, var: 0.001504","mean: 0.459326, var: 0.003666","mean: 0.478906, var: 0.004866","mean: 0.524512, var: 0.003087","mean: 0.102393, var: 0.000592","mean: 0.291943, var: 0.000639","mean: 0.055786, var: 0.001681","mean: 0.120813, var: 0.001239","mean: 0.135791, var: 0.002243","mean: 0.224170, var: 0.002345","mean: 0.132819, var: 0.005931",3.2505562800582584,High
ENSP00000416618,"mean: 0.204932, var: 0.000844","mean: 0.433838, var: 0.003105","mean: 0.447803, var: 0.003824","mean: 0.340625, var: 0.007227","mean: 0.122107, var: 0.000616","mean: 0.374463, var: 0.001278","mean: 0.123096, var: 0.005001","mean: 0.200073, var: 0.002460","mean: 0.235742, var: 0.005074","mean: 0.203149, var: 0.003514","mean: 0.147656, var: 0.010343",3.5650009991302034,High
ENSP00000397228,"mean: 0.162952, var: 0.001729","mean: 0.479248, var: 0.003632","mean: 0.547168, var: 0.001765","mean: 0.267883, var: 0.016190","mean: 0.210596, var: 0.002891","mean: 0.273169, var: 0.005786","mean: 0.041204, var: 0.000542","mean: 0.100415, var: 0.001146","mean: 0.245630, var: 0.003455","mean: 0.087976, var: 0.002140","mean: 0.024782, var: 0.001354",3.0260298177849485,High
ENSP00000455684,"mean: 0.256201, var: 0.002281","mean: 0.435937, var: 0.004146","mean: 0.315552, var: 0.004077","mean: 0.528076, var: 0.001507","mean: 0.149268, var: 0.000261","mean: 0.340381, var: 0.003117","mean: 0.217859, var: 0.010151","mean: 0.233105, var: 0.004923","mean: 0.303711, var: 0.011067","mean: 0.259180, var: 0.001263","mean: 0.271704, var: 0.006119",3.8000997263999956,High
ENSP00000448987,"mean: 0.158496, var: 0.001383","mean: 0.551807, var: 0.005784","mean: 0.596143, var: 0.004215","mean: 0.199902, var: 0.008060","mean: 0.125183, var: 0.001382","mean: 0.234888, var: 0.001596","mean: 0.021342, var: 0.000279","mean: 0.116193, var: 0.001201","mean: 0.177954, var: 0.001901","mean: 0.164087, var: 0.002359","mean: 0.106654, var: 0.007888",3.025304053143458,High
ENSP00000448846,"mean: 0.238086, var: 0.002023","mean: 0.434229, var: 0.003837","mean: 0.481689, var: 0.003701","mean: 0.371191, var: 0.006344","mean: 0.102252, var: 0.000753","mean: 0.485547, var: 0.001391","mean: 0.066101, var: 0.001762","mean: 0.169714, var: 0.002791","mean: 0.190625, var: 0.003599","mean: 0.165869, var: 0.000757","mean: 0.099976, var: 0.006935",3.3323422045220554,High
ENSP00000433504,"mean: 0.232031, var: 0.002495","mean: 0.494092, var: 0.001850","mean: 0.503223, var: 0.003516","mean: 0.420996, var: 0.007822","mean: 0.189136, var: 0.001274","mean: 0.424414, var: 0.000834","mean: 0.034329, var: 0.000664","mean: 0.196826, var: 0.002487","mean: 0.133850, var: 0.002692","mean: 0.228931, var: 0.000880","mean: 0.066754, var: 0.003709",3.298883388836375,High
ENSP00000424059,"mean: 0.284717, var: 0.007630","mean: 0.583789, var: 0.001801","mean: 0.250220, var: 0.005547","mean: 0.152771, var: 0.005691","mean: 0.306250, var: 0.017699","mean: 0.303516, var: 0.007742","mean: 0.034333, var: 0.001910","mean: 0.110577, var: 0.001535","mean: 0.271997, var: 0.006961","mean: 0.172119, var: 0.003028","mean: 0.093998, var: 0.017184",3.268357169616049,High
ENSP00000418507,"mean: 0.136682, var: 0.001435","mean: 0.623535, var: 0.003373","mean: 0.466211, var: 0.005356","mean: 0.549756, var: 0.007593","mean: 0.136963, var: 0.000813","mean: 0.386426, var: 0.006669","mean: 0.122827, var: 0.004545","mean: 0.163709, var: 0.001005","mean: 0.228564, var: 0.011203","mean: 0.226733, var: 0.000913","mean: 0.081796, var: 0.001498",3.3233448820962637,High
ENSP00000504330,"mean: 0.179370, var: 0.000764","mean: 0.524561, var: 0.003393","mean: 0.457227, var: 0.004125","mean: 0.555713, var: 0.004535","mean: 0.138464, var: 0.000596","mean: 0.308545, var: 0.000557","mean: 0.127057, var: 0.003856","mean: 0.085693, var: 0.001720","mean: 0.128809, var: 0.001545","mean: 0.166992, var: 0.000502","mean: 0.099992, var: 0.007009",3.23332769644799,High
ENSP00000453067,"mean: 0.177271, var: 0.000187","mean: 0.326514, var: 0.001422","mean: 0.509277, var: 0.007211","mean: 0.404346, var: 0.005229","mean: 0.084070, var: 0.000283","mean: 0.311719, var: 0.001083","mean: 0.165308, var: 0.003213","mean: 0.277490, var: 0.008438","mean: 0.198657, var: 0.004544","mean: 0.174463, var: 0.001277","mean: 0.162012, var: 0.009560",3.5272843552484594,High
ENSP00000420535,"mean: 0.652832, var: 0.006717","mean: 0.186328, var: 0.002828","mean: 0.201538, var: 0.001245","mean: 0.220483, var: 0.010857","mean: 0.178076, var: 0.002084","mean: 0.366260, var: 0.003491","mean: 0.043584, var: 0.000711","mean: 0.555713, var: 0.010598","mean: 0.275439, var: 0.016618","mean: 0.392676, var: 0.001353","mean: 0.061389, var: 0.002567",3.279348946258622,High
ENSP00000508281,"mean: 0.189233, var: 0.000382","mean: 0.457373, var: 0.001756","mean: 0.446240, var: 0.004934","mean: 0.397119, var: 0.005475","mean: 0.103235, var: 0.000552","mean: 0.368896, var: 0.002056","mean: 0.055902, var: 0.001202","mean: 0.219519, var: 0.004466","mean: 0.228223, var: 0.002394","mean: 0.238281, var: 0.002236","mean: 0.103485, var: 0.010323",3.409709433059233,High
ENSP00000498123,"mean: 0.221729, var: 0.002199","mean: 0.454883, var: 0.003689","mean: 0.445947, var: 0.003538","mean: 0.437646, var: 0.010144","mean: 0.112640, var: 0.001662","mean: 0.590723, var: 0.003517","mean: 0.138629, var: 0.003569","mean: 0.202856, var: 0.004934","mean: 0.314136, var: 0.011689","mean: 0.312598, var: 0.003773","mean: 0.047993, var: 0.002585",3.441521169818167,High
ENSP00000483687,"mean: 0.177051, var: 0.000592","mean: 0.380518, var: 0.003772","mean: 0.446729, var: 0.005780","mean: 0.425537, var: 0.006455","mean: 0.084033, var: 0.000871","mean: 0.447363, var: 0.002868","mean: 0.044751, var: 0.000850","mean: 0.349951, var: 0.006343","mean: 0.216333, var: 0.005518","mean: 0.248511, var: 0.000952","mean: 0.223779, var: 0.009869",3.4843811984066817,High
ENSP00000460001,"mean: 0.157788, var: 0.001042","mean: 0.498096, var: 0.000810","mean: 0.472168, var: 0.004528","mean: 0.278772, var: 0.015407","mean: 0.134900, var: 0.000481","mean: 0.408423, var: 0.014540","mean: 0.119635, var: 0.004274","mean: 0.186499, var: 0.010429","mean: 0.084625, var: 0.000378","mean: 0.158752, var: 0.005014","mean: 0.063858, var: 0.011074",3.2289336578269765,High
ENSP00000393690,"mean: 0.201709, var: 0.000693","mean: 0.444141, var: 0.003328","mean: 0.497461, var: 0.004107","mean: 0.357886, var: 0.007436","mean: 0.116382, var: 0.001261","mean: 0.423486, var: 0.000277","mean: 0.076721, var: 0.003266","mean: 0.183154, var: 0.002645","mean: 0.257935, var: 0.007261","mean: 0.262671, var: 0.000272","mean: 0.132471, var: 0.009856",3.4889987906322513,High
ENSP00000464501,"mean: 0.143787, var: 0.001275","mean: 0.518066, var: 0.001805","mean: 0.589209, var: 0.004005","mean: 0.445605, var: 0.006267","mean: 0.121155, var: 0.000220","mean: 0.359961, var: 0.001227","mean: 0.032414, var: 0.000729","mean: 0.139233, var: 0.000540","mean: 0.116467, var: 0.003489","mean: 0.124146, var: 0.000649","mean: 0.132700, var: 0.011011",3.078054843783577,High
ENSP00000463107,"mean: 0.116809, var: 0.000718","mean: 0.472412, var: 0.004912","mean: 0.578125, var: 0.004869","mean: 0.296582, var: 0.015337","mean: 0.066205, var: 0.000533","mean: 0.353784, var: 0.005266","mean: 0.075620, var: 0.004466","mean: 0.187415, var: 0.006102","mean: 0.107776, var: 0.000171","mean: 0.252026, var: 0.008339","mean: 0.104142, var: 0.017924",3.1617726720700743,High
ENSP00000462500,"mean: 0.177002, var: 0.000218","mean: 0.510889, var: 0.004494","mean: 0.374194, var: 0.005141","mean: 0.350049, var: 0.007242","mean: 0.115100, var: 0.000415","mean: 0.308301, var: 0.004448","mean: 0.129297, var: 0.003348","mean: 0.218799, var: 0.003783","mean: 0.288574, var: 0.004850","mean: 0.219641, var: 0.003995","mean: 0.128290, var: 0.009968",3.5484733440051017,High
ENSP00000456341,"mean: 0.207861, var: 0.000779","mean: 0.476953, var: 0.002886","mean: 0.506494, var: 0.002393","mean: 0.352954, var: 0.012244","mean: 0.129639, var: 0.001384","mean: 0.492773, var: 0.001431","mean: 0.066656, var: 0.003407","mean: 0.196021, var: 0.001832","mean: 0.332373, var: 0.010640","mean: 0.256543, var: 0.001039","mean: 0.150024, var: 0.008205",3.504990230828604,High
ENSP00000451809,"mean: 0.154028, var: 0.001662","mean: 0.478857, var: 0.003101","mean: 0.518701, var: 0.007626","mean: 0.504443, var: 0.001432","mean: 0.147876, var: 0.000841","mean: 0.238647, var: 0.000867","mean: 0.090869, var: 0.002512","mean: 0.116583, var: 0.001447","mean: 0.098975, var: 0.000665","mean: 0.186792, var: 0.000956","mean: 0.043129, var: 0.002403",3.0973674791490975,High
ENSP00000430614,"mean: 0.154309, var: 0.001616","mean: 0.555518, var: 0.003735","mean: 0.554541, var: 0.007198","mean: 0.470898, var: 0.002330","mean: 0.139197, var: 0.000849","mean: 0.250171, var: 0.002737","mean: 0.070981, var: 0.004200","mean: 0.060291, var: 0.000282","mean: 0.130383, var: 0.001738","mean: 0.105164, var: 0.000619","mean: 0.126065, var: 0.006123",3.038313491038156,High
ENSP00000390830,"mean: 0.602539, var: 0.001793","mean: 0.279761, var: 0.002883","mean: 0.252295, var: 0.000988","mean: 0.165222, var: 0.003194","mean: 0.208789, var: 0.001121","mean: 0.520996, var: 0.002338","mean: 0.090997, var: 0.001770","mean: 0.707617, var: 0.006089","mean: 0.329102, var: 0.003812","mean: 0.412402, var: 0.002106","mean: 0.219678, var: 0.009320",3.500123124429553,High
ENSP00000499303,"mean: 0.190234, var: 0.000906","mean: 0.509229, var: 0.001928","mean: 0.467725, var: 0.003444","mean: 0.354346, var: 0.006625","mean: 0.116846, var: 0.000530","mean: 0.396631, var: 0.001449","mean: 0.047595, var: 0.001480","mean: 0.144385, var: 0.002183","mean: 0.161377, var: 0.004529","mean: 0.161353, var: 0.001650","mean: 0.113879, var: 0.014149",3.260486500215202,High
ENSP00000473541,"mean: 0.186597, var: 0.000508","mean: 0.430713, var: 0.002563","mean: 0.478320, var: 0.004147","mean: 0.524121, var: 0.004730","mean: 0.119983, var: 0.000692","mean: 0.472559, var: 0.005525","mean: 0.120996, var: 0.001856","mean: 0.166687, var: 0.003754","mean: 0.110339, var: 0.001145","mean: 0.228589, var: 0.001050","mean: 0.053302, var: 0.004313",3.267066186919374,High
ENSP00000424124,"mean: 0.180371, var: 0.001686","mean: 0.526709, var: 0.003008","mean: 0.517920, var: 0.002594","mean: 0.412109, var: 0.004081","mean: 0.104626, var: 0.000186","mean: 0.427588, var: 0.007821","mean: 0.028714, var: 0.000671","mean: 0.163635, var: 0.000676","mean: 0.118121, var: 0.003810","mean: 0.182959, var: 0.000538","mean: 0.138950, var: 0.011595",3.1875880422955567,High
ENSP00000413962,"mean: 0.278296, var: 0.004647","mean: 0.439014, var: 0.002992","mean: 0.352441, var: 0.002829","mean: 0.367651, var: 0.015217","mean: 0.131665, var: 0.000606","mean: 0.403662, var: 0.010070","mean: 0.040221, var: 0.001700","mean: 0.273779, var: 0.014837","mean: 0.186365, var: 0.002720","mean: 0.288843, var: 0.009508","mean: 0.115079, var: 0.009699",3.4904728252801873,High
ENSP00000397787,"mean: 0.207764, var: 0.001962","mean: 0.493066, var: 0.003123","mean: 0.465234, var: 0.002409","mean: 0.406494, var: 0.002818","mean: 0.096100, var: 0.001113","mean: 0.463525, var: 0.004943","mean: 0.117645, var: 0.005526","mean: 0.224292, var: 0.006120","mean: 0.146021, var: 0.002868","mean: 0.199976, var: 0.002441","mean: 0.101602, var: 0.009444",3.4007438941894668,High
ENSP00000494068,"mean: 0.162683, var: 0.001767","mean: 0.435059, var: 0.002576","mean: 0.570996, var: 0.004020","mean: 0.497412, var: 0.013042","mean: 0.100232, var: 0.001592","mean: 0.463086, var: 0.011518","mean: 0.098654, var: 0.001680","mean: 0.113452, var: 0.001451","mean: 0.207092, var: 0.004740","mean: 0.217529, var: 0.004989","mean: 0.019616, var: 0.000631",3.122347126788984,High
ENSP00000475294,"mean: 0.176392, var: 0.000284","mean: 0.451074, var: 0.001919","mean: 0.615723, var: 0.002422","mean: 0.289600, var: 0.009748","mean: 0.139124, var: 0.000797","mean: 0.335303, var: 0.000117","mean: 0.044734, var: 0.000944","mean: 0.137012, var: 0.000800","mean: 0.160168, var: 0.001687","mean: 0.254468, var: 0.000950","mean: 0.094766, var: 0.006760",3.2396867043047237,High
ENSP00000393507,"mean: 0.238940, var: 0.005531","mean: 0.552832, var: 0.009284","mean: 0.421875, var: 0.016047","mean: 0.131677, var: 0.000629","mean: 0.137720, var: 0.002569","mean: 0.384009, var: 0.009233","mean: 0.116965, var: 0.007229","mean: 0.094049, var: 0.002675","mean: 0.241443, var: 0.009282","mean: 0.176147, var: 0.001513","mean: 0.050765, var: 0.005891",3.2149574221566284,High
ENSP00000243893,"mean: 0.184521, var: 0.000959","mean: 0.500293, var: 0.003987","mean: 0.458643, var: 0.004065","mean: 0.382129, var: 0.003016","mean: 0.121143, var: 0.000242","mean: 0.335986, var: 0.001255","mean: 0.114233, var: 0.004719","mean: 0.168848, var: 0.002825","mean: 0.146411, var: 0.003846","mean: 0.181665, var: 0.001462","mean: 0.151370, var: 0.009269",3.430707947533885,High
ENSP00000467641,"mean: 0.161157, var: 0.000086","mean: 0.438330, var: 0.002925","mean: 0.484912, var: 0.004316","mean: 0.341528, var: 0.010191","mean: 0.112134, var: 0.000152","mean: 0.410791, var: 0.002391","mean: 0.103485, var: 0.005471","mean: 0.149207, var: 0.001947","mean: 0.160107, var: 0.003248","mean: 0.204614, var: 0.001788","mean: 0.131702, var: 0.011307",3.387938817915566,High
ENSP00000449571,"mean: 0.206152, var: 0.000544","mean: 0.465869, var: 0.001585","mean: 0.371680, var: 0.001838","mean: 0.411084, var: 0.010075","mean: 0.154541, var: 0.000042","mean: 0.461621, var: 0.001186","mean: 0.071732, var: 0.002497","mean: 0.191064, var: 0.004516","mean: 0.216357, var: 0.007098","mean: 0.166541, var: 0.002866","mean: 0.107089, var: 0.007786",3.4343240484840325,High
ENSP00000448045,"mean: 0.134814, var: 0.000317","mean: 0.563330, var: 0.005239","mean: 0.406641, var: 0.008798","mean: 0.683301, var: 0.005311","mean: 0.103479, var: 0.000284","mean: 0.301685, var: 0.002859","mean: 0.096368, var: 0.008233","mean: 0.087708, var: 0.000491","mean: 0.057062, var: 0.000184","mean: 0.199341, var: 0.002859","mean: 0.149918, var: 0.009382",3.0241206206858204,High
ENSP00000421174,"mean: 0.163171, var: 0.001812","mean: 0.413086, var: 0.007765","mean: 0.361572, var: 0.000589","mean: 0.766406, var: 0.007428","mean: 0.108118, var: 0.000584","mean: 0.395264, var: 0.004407","mean: 0.037408, var: 0.000314","mean: 0.132703, var: 0.005603","mean: 0.106000, var: 0.002165","mean: 0.209058, var: 0.003625","mean: 0.081886, var: 0.004594",3.0010974373987342,High
ENSP00000410044,"mean: 0.226831, var: 0.002016","mean: 0.501270, var: 0.003064","mean: 0.473193, var: 0.003193","mean: 0.329248, var: 0.008274","mean: 0.116724, var: 0.000948","mean: 0.530811, var: 0.000878","mean: 0.075565, var: 0.002911","mean: 0.267432, var: 0.006802","mean: 0.299561, var: 0.006999","mean: 0.308496, var: 0.000695","mean: 0.094937, var: 0.006367",3.484765908229736,High
ENSP00000407096,"mean: 0.203906, var: 0.000350","mean: 0.456982, var: 0.008602","mean: 0.475293, var: 0.003069","mean: 0.228589, var: 0.003175","mean: 0.062436, var: 0.000426","mean: 0.428369, var: 0.005497","mean: 0.202728, var: 0.012305","mean: 0.367749, var: 0.013650","mean: 0.230688, var: 0.004417","mean: 0.231592, var: 0.007858","mean: 0.300049, var: 0.009817",3.639050531878225,High
ENSP00000495519,"mean: 0.200269, var: 0.000572","mean: 0.523779, var: 0.005593","mean: 0.538086, var: 0.005088","mean: 0.327075, var: 0.005369","mean: 0.097955, var: 0.001089","mean: 0.342773, var: 0.001364","mean: 0.111334, var: 0.005029","mean: 0.215894, var: 0.004732","mean: 0.183838, var: 0.002561","mean: 0.215015, var: 0.002385","mean: 0.087584, var: 0.005649",3.384843810590771,High
ENSP00000428255,"mean: 0.156592, var: 0.000679","mean: 0.584082, var: 0.002649","mean: 0.422412, var: 0.004062","mean: 0.220044, var: 0.011552","mean: 0.128857, var: 0.000662","mean: 0.264307, var: 0.004562","mean: 0.052475, var: 0.001806","mean: 0.149109, var: 0.002614","mean: 0.094763, var: 0.001209","mean: 0.160522, var: 0.002499","mean: 0.065646, var: 0.006506",3.05145747846375,High
ENSP00000423072,"mean: 0.316211, var: 0.001366","mean: 0.550439, var: 0.004819","mean: 0.321924, var: 0.001529","mean: 0.180725, var: 0.003264","mean: 0.257031, var: 0.003200","mean: 0.348975, var: 0.004484","mean: 0.095195, var: 0.005714","mean: 0.255176, var: 0.005478","mean: 0.185229, var: 0.001512","mean: 0.323145, var: 0.009061","mean: 0.118341, var: 0.009098",3.585672596571075,High
ENSP00000506493,"mean: 0.196753, var: 0.000998","mean: 0.394189, var: 0.007344","mean: 0.478467, var: 0.011354","mean: 0.373389, var: 0.011703","mean: 0.090015, var: 0.000212","mean: 0.262427, var: 0.000681","mean: 0.061856, var: 0.002166","mean: 0.165002, var: 0.000745","mean: 0.177466, var: 0.005029","mean: 0.169861, var: 0.001322","mean: 0.103110, var: 0.005100",3.2868607738615068,High
ENSP00000504071,"mean: 0.202100, var: 0.000439","mean: 0.459717, var: 0.004261","mean: 0.441992, var: 0.001696","mean: 0.277637, var: 0.010780","mean: 0.087378, var: 0.000414","mean: 0.630273, var: 0.003681","mean: 0.051906, var: 0.001499","mean: 0.211523, var: 0.006059","mean: 0.190405, var: 0.002631","mean: 0.265845, var: 0.007793","mean: 0.110883, var: 0.008070",3.2949979451359908,High
ENSP00000501857,"mean: 0.147144, var: 0.000130","mean: 0.500732, var: 0.003453","mean: 0.540771, var: 0.003246","mean: 0.429199, var: 0.007598","mean: 0.114832, var: 0.000181","mean: 0.463818, var: 0.001018","mean: 0.062253, var: 0.003200","mean: 0.150500, var: 0.001453","mean: 0.135852, var: 0.002113","mean: 0.195508, var: 0.002872","mean: 0.212726, var: 0.016161",3.306060576348454,High
ENSP00000492676,"mean: 0.176660, var: 0.000590","mean: 0.443652, var: 0.003776","mean: 0.540723, var: 0.005598","mean: 0.471289, var: 0.002603","mean: 0.110107, var: 0.000585","mean: 0.358301, var: 0.004679","mean: 0.062686, var: 0.002033","mean: 0.120483, var: 0.000851","mean: 0.126172, var: 0.001352","mean: 0.169214, var: 0.000851","mean: 0.085399, var: 0.005725",3.165016480911754,High
ENSP00000466919,"mean: 0.208960, var: 0.001357","mean: 0.493066, var: 0.004303","mean: 0.536719, var: 0.002325","mean: 0.375684, var: 0.004274","mean: 0.122314, var: 0.001056","mean: 0.429883, var: 0.001958","mean: 0.085657, var: 0.001692","mean: 0.160547, var: 0.002313","mean: 0.160120, var: 0.002760","mean: 0.197949, var: 0.000883","mean: 0.033207, var: 0.000951",3.228688151867801,High
ENSP00000456655,"mean: 0.196484, var: 0.000831","mean: 0.592285, var: 0.003325","mean: 0.585156, var: 0.000472","mean: 0.159143, var: 0.003481","mean: 0.114563, var: 0.001200","mean: 0.503662, var: 0.001614","mean: 0.070961, var: 0.002824","mean: 0.184900, var: 0.006421","mean: 0.103296, var: 0.002217","mean: 0.255200, var: 0.008954","mean: 0.166989, var: 0.010825",3.2113986240378227,High
ENSP00000452300,"mean: 0.109595, var: 0.001553","mean: 0.611035, var: 0.002207","mean: 0.508643, var: 0.003434","mean: 0.155634, var: 0.007259","mean: 0.102667, var: 0.001062","mean: 0.282251, var: 0.007319","mean: 0.047685, var: 0.000852","mean: 0.137061, var: 0.001752","mean: 0.104083, var: 0.001295","mean: 0.204626, var: 0.002847","mean: 0.085503, var: 0.011362",2.9553199179565333,High
ENSP00000450780,"mean: 0.173193, var: 0.001172","mean: 0.552783, var: 0.007095","mean: 0.396289, var: 0.015770","mean: 0.201569, var: 0.015572","mean: 0.097833, var: 0.001772","mean: 0.117261, var: 0.005256","mean: 0.042191, var: 0.001090","mean: 0.090295, var: 0.000402","mean: 0.102948, var: 0.001640","mean: 0.176062, var: 0.005328","mean: 0.037903, var: 0.002578",2.8143384388907347,High
ENSP00000418252,"mean: 0.221045, var: 0.001274","mean: 0.469482, var: 0.004322","mean: 0.444141, var: 0.005114","mean: 0.428662, var: 0.007164","mean: 0.089008, var: 0.000922","mean: 0.360449, var: 0.003445","mean: 0.085291, var: 0.005186","mean: 0.150354, var: 0.001702","mean: 0.161108, var: 0.003312","mean: 0.220337, var: 0.000736","mean: 0.078751, var: 0.005801",3.3177313515157416,High
ENSP00000467710,"mean: 0.173376, var: 0.002081","mean: 0.481689, var: 0.000537","mean: 0.528662, var: 0.012268","mean: 0.218237, var: 0.006804","mean: 0.171411, var: 0.000967","mean: 0.397363, var: 0.002031","mean: 0.019284, var: 0.000128","mean: 0.124170, var: 0.002639","mean: 0.196191, var: 0.004253","mean: 0.199170, var: 0.002272","mean: 0.055241, var: 0.005313",3.1299354854183963,High
ENSP00000453480,"mean: 0.298608, var: 0.005142","mean: 0.395166, var: 0.000455","mean: 0.279980, var: 0.003499","mean: 0.555908, var: 0.005507","mean: 0.165344, var: 0.001461","mean: 0.437891, var: 0.007740","mean: 0.106287, var: 0.006803","mean: 0.152704, var: 0.005884","mean: 0.134863, var: 0.002683","mean: 0.290991, var: 0.005932","mean: 0.049070, var: 0.003481",3.372361963588557,High
ENSP00000452500,"mean: 0.191406, var: 0.000382","mean: 0.528467, var: 0.004366","mean: 0.416846, var: 0.004643","mean: 0.461279, var: 0.004532","mean: 0.107141, var: 0.000437","mean: 0.392480, var: 0.003405","mean: 0.076306, var: 0.003821","mean: 0.139648, var: 0.001339","mean: 0.197998, var: 0.006953","mean: 0.266431, var: 0.001051","mean: 0.137088, var: 0.011371",3.3982768630057762,High
ENSP00000435220,"mean: 0.209131, var: 0.001360","mean: 0.511816, var: 0.001979","mean: 0.543213, var: 0.005212","mean: 0.419580, var: 0.006690","mean: 0.162207, var: 0.000934","mean: 0.271826, var: 0.000987","mean: 0.059515, var: 0.001638","mean: 0.100751, var: 0.000816","mean: 0.108948, var: 0.000557","mean: 0.153735, var: 0.000084","mean: 0.035740, var: 0.001775",3.062695428014745,High
ENSP00000392049,"mean: 0.150854, var: 0.000193","mean: 0.455957, var: 0.002814","mean: 0.509375, var: 0.005041","mean: 0.472998, var: 0.002069","mean: 0.086792, var: 0.000296","mean: 0.312402, var: 0.000766","mean: 0.065234, var: 0.000716","mean: 0.173755, var: 0.004811","mean: 0.191431, var: 0.004005","mean: 0.212378, var: 0.000487","mean: 0.053694, var: 0.003251",3.2014816885815605,High
ENSP00000387481,"mean: 0.209131, var: 0.002082","mean: 0.416504, var: 0.003353","mean: 0.422656, var: 0.003684","mean: 0.402051, var: 0.014961","mean: 0.110596, var: 0.000942","mean: 0.459180, var: 0.002716","mean: 0.105127, var: 0.001756","mean: 0.153259, var: 0.002150","mean: 0.109497, var: 0.002745","mean: 0.234180, var: 0.002238","mean: 0.089676, var: 0.005347",3.345943932743407,High
ENSP00000476460,"mean: 0.170825, var: 0.000761","mean: 0.550537, var: 0.006086","mean: 0.382812, var: 0.003163","mean: 0.501611, var: 0.004449","mean: 0.082477, var: 0.000449","mean: 0.332129, var: 0.002169","mean: 0.065271, var: 0.002290","mean: 0.144855, var: 0.003948","mean: 0.138049, var: 0.005063","mean: 0.156128, var: 0.001636","mean: 0.128979, var: 0.012642",3.2014645891911337,High
ENSP00000428531,"mean: 0.241846, var: 0.002600","mean: 0.471484, var: 0.012892","mean: 0.490381, var: 0.008788","mean: 0.263452, var: 0.009630","mean: 0.113501, var: 0.001477","mean: 0.481104, var: 0.011273","mean: 0.088327, var: 0.003136","mean: 0.174664, var: 0.007764","mean: 0.153943, var: 0.005810","mean: 0.194196, var: 0.005640","mean: 0.178552, var: 0.012459",3.430668282621591,High
ENSP00000408802,"mean: 0.236011, var: 0.001525","mean: 0.478467, var: 0.004464","mean: 0.529102, var: 0.002644","mean: 0.311426, var: 0.004765","mean: 0.153894, var: 0.001154","mean: 0.518652, var: 0.006800","mean: 0.057655, var: 0.001135","mean: 0.243188, var: 0.002302","mean: 0.143530, var: 0.002624","mean: 0.209033, var: 0.001682","mean: 0.109714, var: 0.006196",3.378742640209547,High
ENSP00000469760,"mean: 0.130432, var: 0.000237","mean: 0.485205, var: 0.003515","mean: 0.525537, var: 0.006017","mean: 0.315576, var: 0.006267","mean: 0.086615, var: 0.000562","mean: 0.321631, var: 0.000414","mean: 0.169055, var: 0.012056","mean: 0.220264, var: 0.001941","mean: 0.201001, var: 0.004560","mean: 0.207495, var: 0.002314","mean: 0.189679, var: 0.012371",3.493246758733966,High
ENSP00000466684,"mean: 0.184644, var: 0.000072","mean: 0.512842, var: 0.004834","mean: 0.467090, var: 0.001986","mean: 0.355664, var: 0.001358","mean: 0.104773, var: 0.000585","mean: 0.400537, var: 0.000555","mean: 0.109534, var: 0.009228","mean: 0.244360, var: 0.001930","mean: 0.131787, var: 0.002848","mean: 0.232886, var: 0.002667","mean: 0.194153, var: 0.011703",3.4917096140467763,High
ENSP00000464530,"mean: 0.147302, var: 0.000547","mean: 0.576904, var: 0.003783","mean: 0.462695, var: 0.004446","mean: 0.562402, var: 0.010802","mean: 0.138635, var: 0.000473","mean: 0.536426, var: 0.006494","mean: 0.042921, var: 0.001618","mean: 0.091211, var: 0.000706","mean: 0.246521, var: 0.018071","mean: 0.195190, var: 0.001164","mean: 0.138353, var: 0.008982",3.1790775781618943,High
ENSP00000430805,"mean: 0.240576, var: 0.001369","mean: 0.430127, var: 0.003198","mean: 0.501318, var: 0.003272","mean: 0.179468, var: 0.003929","mean: 0.118823, var: 0.000443","mean: 0.371875, var: 0.000676","mean: 0.074638, var: 0.003090","mean: 0.253931, var: 0.003589","mean: 0.218018, var: 0.004579","mean: 0.198633, var: 0.002862","mean: 0.171887, var: 0.009905",3.4786196947457952,High
ENSP00000504163,"mean: 0.214062, var: 0.002174","mean: 0.498291, var: 0.002917","mean: 0.412061, var: 0.005997","mean: 0.579199, var: 0.008678","mean: 0.109985, var: 0.000682","mean: 0.416699, var: 0.006306","mean: 0.092596, var: 0.002586","mean: 0.159998, var: 0.005189","mean: 0.143103, var: 0.003157","mean: 0.243164, var: 0.001266","mean: 0.057003, var: 0.003109",3.26515643752447,High
ENSP00000502465,"mean: 0.142285, var: 0.000161","mean: 0.499854, var: 0.003462","mean: 0.524561, var: 0.004170","mean: 0.476562, var: 0.006504","mean: 0.110864, var: 0.000291","mean: 0.460156, var: 0.002502","mean: 0.093100, var: 0.005158","mean: 0.115674, var: 0.000882","mean: 0.130457, var: 0.001635","mean: 0.164612, var: 0.001201","mean: 0.212610, var: 0.011927",3.279128791160423,High
ENSP00000484996,"mean: 0.163257, var: 0.000629","mean: 0.520898, var: 0.005330","mean: 0.379346, var: 0.005280","mean: 0.534717, var: 0.004933","mean: 0.113086, var: 0.000563","mean: 0.390771, var: 0.000842","mean: 0.110577, var: 0.008151","mean: 0.154700, var: 0.001725","mean: 0.204736, var: 0.007121","mean: 0.265063, var: 0.009645","mean: 0.117676, var: 0.006806",3.4124093821763957,High
ENSP00000455953,"mean: 0.175732, var: 0.000251","mean: 0.478857, var: 0.004772","mean: 0.485498, var: 0.006438","mean: 0.332080, var: 0.006960","mean: 0.090405, var: 0.000336","mean: 0.266382, var: 0.001254","mean: 0.100745, var: 0.006345","mean: 0.211499, var: 0.000991","mean: 0.314355, var: 0.015400","mean: 0.197205, var: 0.004485","mean: 0.220386, var: 0.002315",3.5217695733753973,High
ENSP00000448671,"mean: 0.159119, var: 0.000650","mean: 0.529297, var: 0.005365","mean: 0.474414, var: 0.006115","mean: 0.623145, var: 0.004042","mean: 0.093396, var: 0.000382","mean: 0.347656, var: 0.005856","mean: 0.084467, var: 0.003483","mean: 0.066156, var: 0.000206","mean: 0.100305, var: 0.002050","mean: 0.148596, var: 0.000384","mean: 0.055714, var: 0.003086",2.929703235631873,High
ENSP00000426535,"mean: 0.103394, var: 0.000729","mean: 0.354004, var: 0.013276","mean: 0.412012, var: 0.009742","mean: 0.543555, var: 0.012893","mean: 0.066095, var: 0.001296","mean: 0.524854, var: 0.018226","mean: 0.127631, var: 0.005652","mean: 0.160651, var: 0.006289","mean: 0.051862, var: 0.000489","mean: 0.159314, var: 0.002791","mean: 0.221054, var: 0.015330",3.153081441061002,High
ENSP00000426210,"mean: 0.213696, var: 0.001363","mean: 0.464062, var: 0.001832","mean: 0.444043, var: 0.005664","mean: 0.291772, var: 0.009993","mean: 0.152808, var: 0.001534","mean: 0.509229, var: 0.003520","mean: 0.039629, var: 0.000445","mean: 0.155774, var: 0.003768","mean: 0.172119, var: 0.003080","mean: 0.198645, var: 0.010322","mean: 0.110362, var: 0.014707",3.321377101032713,High
ENSP00000402190,"mean: 0.175659, var: 0.000199","mean: 0.538965, var: 0.003279","mean: 0.523926, var: 0.000680","mean: 0.392163, var: 0.009635","mean: 0.129797, var: 0.000485","mean: 0.512207, var: 0.001791","mean: 0.024207, var: 0.000260","mean: 0.136316, var: 0.002085","mean: 0.107135, var: 0.002069","mean: 0.146338, var: 0.003056","mean: 0.070125, var: 0.004387",3.0207259903275263,High
ENSP00000395237,"mean: 0.189551, var: 0.001773","mean: 0.465332, var: 0.002579","mean: 0.530420, var: 0.002817","mean: 0.411328, var: 0.007755","mean: 0.079974, var: 0.000426","mean: 0.465283, var: 0.004027","mean: 0.034093, var: 0.000689","mean: 0.163574, var: 0.002750","mean: 0.192249, var: 0.007652","mean: 0.179297, var: 0.000400","mean: 0.095088, var: 0.006722",3.1912212741568906,High
ENSP00000388688,"mean: 0.165039, var: 0.000796","mean: 0.500879, var: 0.004296","mean: 0.554199, var: 0.004286","mean: 0.513574, var: 0.004754","mean: 0.106042, var: 0.000947","mean: 0.384766, var: 0.008211","mean: 0.037465, var: 0.000646","mean: 0.108484, var: 0.000483","mean: 0.081946, var: 0.000351","mean: 0.177197, var: 0.000642","mean: 0.034317, var: 0.000752",2.9097832988359893,High
ENSP00000453192,"mean: 0.240601, var: 0.003709","mean: 0.477148, var: 0.003990","mean: 0.402441, var: 0.003601","mean: 0.532324, var: 0.013859","mean: 0.126697, var: 0.001877","mean: 0.460498, var: 0.002533","mean: 0.085153, var: 0.003424","mean: 0.174744, var: 0.005111","mean: 0.208057, var: 0.009701","mean: 0.233350, var: 0.003330","mean: 0.055064, var: 0.003103",3.357041003962853,High
ENSP00000475450,"mean: 0.228394, var: 0.000972","mean: 0.533789, var: 0.001551","mean: 0.459277, var: 0.001870","mean: 0.104593, var: 0.008661","mean: 0.142651, var: 0.000883","mean: 0.359827, var: 0.025099","mean: 0.020939, var: 0.000796","mean: 0.245532, var: 0.014591","mean: 0.072192, var: 0.001999","mean: 0.128348, var: 0.004690","mean: 0.052725, var: 0.002019",2.9456028019209346,High
ENSP00000466640,"mean: 0.219312, var: 0.002742","mean: 0.482031, var: 0.005765","mean: 0.450439, var: 0.007252","mean: 0.472656, var: 0.018979","mean: 0.140076, var: 0.001859","mean: 0.450879, var: 0.009385","mean: 0.067346, var: 0.001499","mean: 0.121228, var: 0.001318","mean: 0.137769, var: 0.006939","mean: 0.243408, var: 0.001280","mean: 0.021274, var: 0.000548",3.1688611124861636,High
ENSP00000459602,"mean: 0.162085, var: 0.000304","mean: 0.368262, var: 0.003077","mean: 0.373120, var: 0.007980","mean: 0.579980, var: 0.001546","mean: 0.056329, var: 0.000644","mean: 0.436719, var: 0.005861","mean: 0.125000, var: 0.008122","mean: 0.213208, var: 0.003599","mean: 0.104327, var: 0.001241","mean: 0.185181, var: 0.000311","mean: 0.342456, var: 0.016679",3.3749640425163743,High
ENSP00000349253,"mean: 0.289478, var: 0.001704","mean: 0.476562, var: 0.004908","mean: 0.455908, var: 0.002290","mean: 0.272412, var: 0.005430","mean: 0.110193, var: 0.001375","mean: 0.507275, var: 0.001991","mean: 0.077600, var: 0.002208","mean: 0.408301, var: 0.004616","mean: 0.287817, var: 0.008199","mean: 0.350806, var: 0.003710","mean: 0.078131, var: 0.004335",3.500956383473025,High
ENSP00000490160,"mean: 0.185400, var: 0.000185","mean: 0.445312, var: 0.003121","mean: 0.399902, var: 0.002621","mean: 0.451562, var: 0.008371","mean: 0.085675, var: 0.000600","mean: 0.554639, var: 0.002414","mean: 0.105038, var: 0.008252","mean: 0.321631, var: 0.004821","mean: 0.218701, var: 0.003976","mean: 0.317334, var: 0.002296","mean: 0.211298, var: 0.010126",3.5623439611065635,High
ENSP00000437899,"mean: 0.167358, var: 0.000079","mean: 0.473047, var: 0.004289","mean: 0.564355, var: 0.002636","mean: 0.281689, var: 0.002883","mean: 0.080859, var: 0.000428","mean: 0.327441, var: 0.001312","mean: 0.047826, var: 0.001944","mean: 0.192017, var: 0.004207","mean: 0.254224, var: 0.006624","mean: 0.212842, var: 0.003010","mean: 0.135107, var: 0.010641",3.31213264819872,High
ENSP00000415292,"mean: 0.316895, var: 0.003017","mean: 0.463965, var: 0.003885","mean: 0.454443, var: 0.003229","mean: 0.309790, var: 0.008016","mean: 0.132690, var: 0.002343","mean: 0.452148, var: 0.001839","mean: 0.036241, var: 0.001056","mean: 0.364600, var: 0.004541","mean: 0.279810, var: 0.007163","mean: 0.336816, var: 0.003384","mean: 0.092458, var: 0.004564",3.499949802948999,High
ENSP00000408534,"mean: 0.195215, var: 0.001358","mean: 0.477539, var: 0.002440","mean: 0.555908, var: 0.002521","mean: 0.348584, var: 0.002039","mean: 0.128516, var: 0.000693","mean: 0.305127, var: 0.000419","mean: 0.047630, var: 0.001748","mean: 0.132959, var: 0.000907","mean: 0.131042, var: 0.001835","mean: 0.210132, var: 0.000978","mean: 0.073952, var: 0.005647",3.191490720426278,High
ENSP00000400569,"mean: 0.294751, var: 0.002323","mean: 0.458301, var: 0.004438","mean: 0.444727, var: 0.003847","mean: 0.353809, var: 0.003248","mean: 0.119366, var: 0.001550","mean: 0.525879, var: 0.003916","mean: 0.083524, var: 0.002478","mean: 0.292554, var: 0.007357","mean: 0.248389, var: 0.006137","mean: 0.301074, var: 0.002340","mean: 0.100513, var: 0.007086",3.5425335079412266,High
ENSP00000430424,"mean: 0.172217, var: 0.000819","mean: 0.563184, var: 0.001032","mean: 0.490576, var: 0.003273","mean: 0.257568, var: 0.005807","mean: 0.153198, var: 0.000574","mean: 0.315332, var: 0.004701","mean: 0.025308, var: 0.000143","mean: 0.172888, var: 0.003329","mean: 0.216333, var: 0.002247","mean: 0.217456, var: 0.002237","mean: 0.038015, var: 0.001933",3.1601435438642356,High
ENSP00000457149,"mean: 0.228857, var: 0.001344","mean: 0.351172, var: 0.004248","mean: 0.317603, var: 0.002246","mean: 0.572070, var: 0.008305","mean: 0.129468, var: 0.001413","mean: 0.457324, var: 0.000722","mean: 0.055853, var: 0.001309","mean: 0.319189, var: 0.004132","mean: 0.322070, var: 0.008088","mean: 0.320166, var: 0.002778","mean: 0.214966, var: 0.006606",3.59686860409233,High
ENSP00000438862,"mean: 0.220850, var: 0.001742","mean: 0.566699, var: 0.004648","mean: 0.449170, var: 0.005076","mean: 0.336060, var: 0.008970","mean: 0.133105, var: 0.000698","mean: 0.353418, var: 0.003661","mean: 0.065527, var: 0.002126","mean: 0.146484, var: 0.001410","mean: 0.147241, var: 0.003322","mean: 0.171313, var: 0.001635","mean: 0.114740, var: 0.006038",3.310041650566908,High
ENSP00000400271,"mean: 0.108655, var: 0.000567","mean: 0.496338, var: 0.007467","mean: 0.583594, var: 0.002950","mean: 0.243420, var: 0.007449","mean: 0.051950, var: 0.000336","mean: 0.433350, var: 0.019246","mean: 0.042017, var: 0.001205","mean: 0.117200, var: 0.002110","mean: 0.084241, var: 0.000614","mean: 0.198010, var: 0.003262","mean: 0.072035, var: 0.005138",2.866123302787619,High
ENSP00000455184,"mean: 0.223706, var: 0.000160","mean: 0.411719, var: 0.004458","mean: 0.363037, var: 0.002752","mean: 0.330273, var: 0.008595","mean: 0.115149, var: 0.000976","mean: 0.573486, var: 0.003604","mean: 0.058392, var: 0.003717","mean: 0.215405, var: 0.001290","mean: 0.141479, var: 0.003482","mean: 0.188306, var: 0.002103","mean: 0.289050, var: 0.019901",3.4482619912647987,High
ENSP00000504110,"mean: 0.263965, var: 0.004469","mean: 0.496680, var: 0.007302","mean: 0.539502, var: 0.008218","mean: 0.122156, var: 0.006756","mean: 0.078986, var: 0.000322","mean: 0.569189, var: 0.031065","mean: 0.092741, var: 0.003751","mean: 0.154742, var: 0.004470","mean: 0.195935, var: 0.004377","mean: 0.214441, var: 0.007745","mean: 0.061711, var: 0.004485",3.140904650076066,High
ENSP00000468113,"mean: 0.219141, var: 0.001439","mean: 0.443018, var: 0.005318","mean: 0.506885, var: 0.001978","mean: 0.371240, var: 0.010867","mean: 0.136951, var: 0.000743","mean: 0.452393, var: 0.002550","mean: 0.052969, var: 0.001197","mean: 0.155176, var: 0.002972","mean: 0.148462, var: 0.005590","mean: 0.209692, var: 0.001040","mean: 0.077185, var: 0.006830",3.289945821013834,High
ENSP00000387607,"mean: 0.191846, var: 0.001131","mean: 0.552197, var: 0.005171","mean: 0.397949, var: 0.004499","mean: 0.551562, var: 0.002676","mean: 0.147009, var: 0.001070","mean: 0.288989, var: 0.003018","mean: 0.076270, var: 0.002318","mean: 0.086542, var: 0.000591","mean: 0.081189, var: 0.001417","mean: 0.173315, var: 0.001034","mean: 0.055578, var: 0.003033",3.0564299898106126,High
ENSP00000429046,"mean: 0.154626, var: 0.003402","mean: 0.362354, var: 0.001756","mean: 0.387891, var: 0.004849","mean: 0.240625, var: 0.010503","mean: 0.108997, var: 0.000762","mean: 0.455713, var: 0.002228","mean: 0.120953, var: 0.004610","mean: 0.137537, var: 0.012053","mean: 0.026971, var: 0.000408","mean: 0.042780, var: 0.000443","mean: 0.024089, var: 0.001170",2.8167107859963783,High
ENSP00000464790,"mean: 0.320654, var: 0.001992","mean: 0.435937, var: 0.002727","mean: 0.459180, var: 0.002597","mean: 0.211633, var: 0.014042","mean: 0.188257, var: 0.000256","mean: 0.463135, var: 0.002238","mean: 0.030997, var: 0.000485","mean: 0.295190, var: 0.003346","mean: 0.234619, var: 0.007844","mean: 0.284082, var: 0.005569","mean: 0.067150, var: 0.005265",3.430427101052707,High
ENSP00000477296,"mean: 0.214502, var: 0.000405","mean: 0.418652, var: 0.003470","mean: 0.513428, var: 0.005038","mean: 0.358154, var: 0.005381","mean: 0.086981, var: 0.000445","mean: 0.366211, var: 0.000954","mean: 0.039743, var: 0.000532","mean: 0.280811, var: 0.010818","mean: 0.228223, var: 0.004422","mean: 0.238159, var: 0.001022","mean: 0.110101, var: 0.009803",3.3917076267035187,High
