ACC,Membrane,Cytoplasm,Nucleus,Extracellular,Cell membrane,Mitochondrion,Plastid,Endoplasmic reticulum,Lysosome/Vacuole,Golgi apparatus,Peroxisome,Predictive_Entropy,Uncertainty_Level
ENSP00000507895,"mean: 0.249707, var: 0.006017","mean: 0.625342, var: 0.009535","mean: 0.474219, var: 0.010404","mean: 0.396790, var: 0.054930","mean: 0.220154, var: 0.004576","mean: 0.168896, var: 0.002625","mean: 0.025079, var: 0.000486","mean: 0.078632, var: 0.000584","mean: 0.032325, var: 0.000304","mean: 0.152051, var: 0.001421","mean: 0.017948, var: 0.000081",2.756052782677855,Moderate
ENSP00000490913,"mean: 0.090247, var: 0.000234","mean: 0.598193, var: 0.006972","mean: 0.718359, var: 0.002288","mean: 0.051996, var: 0.001200","mean: 0.130652, var: 0.002450","mean: 0.159961, var: 0.001576","mean: 0.034536, var: 0.001264","mean: 0.034152, var: 0.000149","mean: 0.033496, var: 0.000150","mean: 0.072595, var: 0.001352","mean: 0.108063, var: 0.001879",2.251060129630568,Moderate
ENSP00000490116,"mean: 0.068774, var: 0.000097","mean: 0.369189, var: 0.004067","mean: 0.868945, var: 0.002169","mean: 0.165381, var: 0.009053","mean: 0.100256, var: 0.000271","mean: 0.158630, var: 0.003177","mean: 0.026004, var: 0.000601","mean: 0.039844, var: 0.000038","mean: 0.011745, var: 0.000031","mean: 0.035550, var: 0.000106","mean: 0.026196, var: 0.001075",1.9838499888241978,Moderate
ENSP00000484669,"mean: 0.159692, var: 0.003349","mean: 0.360889, var: 0.002472","mean: 0.835645, var: 0.005881","mean: 0.061841, var: 0.000131","mean: 0.058447, var: 0.000798","mean: 0.106543, var: 0.001970","mean: 0.004029, var: 0.000016","mean: 0.220862, var: 0.009310","mean: 0.154712, var: 0.005411","mean: 0.270654, var: 0.010496","mean: 0.009951, var: 0.000183",2.4315511789765356,Moderate
ENSP00000418408,"mean: 0.050043, var: 0.000089","mean: 0.398584, var: 0.002277","mean: 0.760547, var: 0.001556","mean: 0.071655, var: 0.001936","mean: 0.036267, var: 0.000103","mean: 0.107263, var: 0.003051","mean: 0.072040, var: 0.002585","mean: 0.081317, var: 0.000419","mean: 0.015306, var: 0.000058","mean: 0.063702, var: 0.000593","mean: 0.024717, var: 0.000885",1.9977064965582194,Moderate
ENSP00000395538,"mean: 0.085461, var: 0.001802","mean: 0.586182, var: 0.018176","mean: 0.505322, var: 0.004035","mean: 0.264178, var: 0.021687","mean: 0.187341, var: 0.013660","mean: 0.206970, var: 0.007402","mean: 0.012989, var: 0.000338","mean: 0.286902, var: 0.031634","mean: 0.012213, var: 0.000106","mean: 0.062036, var: 0.000999","mean: 0.022087, var: 0.000115",2.584776677094503,Moderate
ENSP00000387070,"mean: 0.164819, var: 0.000230","mean: 0.732422, var: 0.001986","mean: 0.497168, var: 0.005082","mean: 0.047496, var: 0.001720","mean: 0.136121, var: 0.000418","mean: 0.113470, var: 0.001097","mean: 0.007542, var: 0.000040","mean: 0.162891, var: 0.000283","mean: 0.090488, var: 0.003362","mean: 0.228491, var: 0.006274","mean: 0.021805, var: 0.000133",2.5063620545818446,Moderate
ENSP00000381170,"mean: 0.266919, var: 0.004683","mean: 0.765430, var: 0.003181","mean: 0.473779, var: 0.003124","mean: 0.047232, var: 0.000797","mean: 0.303345, var: 0.005127","mean: 0.148657, var: 0.003347","mean: 0.008672, var: 0.000079","mean: 0.124316, var: 0.000710","mean: 0.137769, var: 0.000962","mean: 0.223096, var: 0.000291","mean: 0.053912, var: 0.001545",2.76604657540413,Moderate
ENSP00000356716,"mean: 0.104773, var: 0.000282","mean: 0.675098, var: 0.003764","mean: 0.574756, var: 0.005796","mean: 0.073932, var: 0.003109","mean: 0.090436, var: 0.000600","mean: 0.067426, var: 0.000969","mean: 0.012165, var: 0.000162","mean: 0.111682, var: 0.000563","mean: 0.058017, var: 0.000646","mean: 0.187988, var: 0.001839","mean: 0.023601, var: 0.000415",2.277883663476602,Moderate
ENSP00000355922,"mean: 0.101050, var: 0.000169","mean: 0.469385, var: 0.007404","mean: 0.768262, var: 0.002820","mean: 0.089563, var: 0.000885","mean: 0.071027, var: 0.000174","mean: 0.131061, var: 0.005388","mean: 0.021984, var: 0.000511","mean: 0.056891, var: 0.000410","mean: 0.040063, var: 0.000350","mean: 0.154321, var: 0.000668","mean: 0.025985, var: 0.000366",2.2185714303148236,Moderate
ENSP00000354828,"mean: 0.150037, var: 0.000905","mean: 0.510449, var: 0.008774","mean: 0.726953, var: 0.001216","mean: 0.064441, var: 0.000785","mean: 0.126660, var: 0.000169","mean: 0.373682, var: 0.002826","mean: 0.004628, var: 0.000022","mean: 0.119080, var: 0.000585","mean: 0.108258, var: 0.000981","mean: 0.112842, var: 0.000477","mean: 0.041204, var: 0.001571",2.5624828876056416,Moderate
ENSP00000352413,"mean: 0.837891, var: 0.002627","mean: 0.204028, var: 0.000422","mean: 0.121838, var: 0.000679","mean: 0.033936, var: 0.000868","mean: 0.702930, var: 0.013458","mean: 0.165894, var: 0.001210","mean: 0.020354, var: 0.000452","mean: 0.419580, var: 0.006696","mean: 0.251514, var: 0.004868","mean: 0.183228, var: 0.007632","mean: 0.029237, var: 0.000259",2.594629370685712,Moderate
ENSP00000351185,"mean: 0.108203, var: 0.000255","mean: 0.517090, var: 0.008104","mean: 0.557666, var: 0.006810","mean: 0.106848, var: 0.005820","mean: 0.056403, var: 0.000226","mean: 0.304077, var: 0.005625","mean: 0.018132, var: 0.000342","mean: 0.116199, var: 0.000174","mean: 0.059634, var: 0.000595","mean: 0.089435, var: 0.000729","mean: 0.026284, var: 0.000719",2.47297031135997,Moderate
ENSP00000328426,"mean: 0.074585, var: 0.000021","mean: 0.437988, var: 0.003765","mean: 0.731543, var: 0.002497","mean: 0.114703, var: 0.002948","mean: 0.065100, var: 0.000031","mean: 0.164404, var: 0.004795","mean: 0.027702, var: 0.000614","mean: 0.067151, var: 0.000161","mean: 0.048810, var: 0.000098","mean: 0.065887, var: 0.000282","mean: 0.038519, var: 0.001392",2.2396625922188957,Moderate
ENSP00000321813,"mean: 0.151367, var: 0.001160","mean: 0.523096, var: 0.009990","mean: 0.721094, var: 0.001192","mean: 0.059729, var: 0.000613","mean: 0.125122, var: 0.000308","mean: 0.383887, var: 0.005040","mean: 0.003599, var: 0.000013","mean: 0.115869, var: 0.000521","mean: 0.118109, var: 0.001331","mean: 0.121240, var: 0.000630","mean: 0.040166, var: 0.001585",2.563666660696661,Moderate
ENSP00000313933,"mean: 0.101526, var: 0.001451","mean: 0.435254, var: 0.005339","mean: 0.771875, var: 0.008458","mean: 0.025023, var: 0.000678","mean: 0.082498, var: 0.003221","mean: 0.145154, var: 0.004717","mean: 0.009075, var: 0.000073","mean: 0.058270, var: 0.000303","mean: 0.054184, var: 0.000229","mean: 0.089282, var: 0.000196","mean: 0.035295, var: 0.001174",2.0724194746682394,Moderate
ENSP00000297268,"mean: 0.212183, var: 0.002293","mean: 0.156311, var: 0.000683","mean: 0.129138, var: 0.000516","mean: 0.923828, var: 0.001169","mean: 0.185449, var: 0.001859","mean: 0.071790, var: 0.000811","mean: 0.016885, var: 0.000099","mean: 0.230591, var: 0.005680","mean: 0.085199, var: 0.000986","mean: 0.105719, var: 0.002174","mean: 0.004888, var: 0.000017",2.3387374472168423,Moderate
ENSP00000281282,"mean: 0.207837, var: 0.000320","mean: 0.722852, var: 0.007297","mean: 0.315405, var: 0.010907","mean: 0.054758, var: 0.001172","mean: 0.203955, var: 0.000209","mean: 0.114075, var: 0.002342","mean: 0.009237, var: 0.000106","mean: 0.112573, var: 0.000935","mean: 0.130371, var: 0.001525","mean: 0.360840, var: 0.004656","mean: 0.017036, var: 0.000221",2.647978476755869,Moderate
ENSP00000271636,"mean: 0.224658, var: 0.001329","mean: 0.667383, var: 0.007452","mean: 0.257275, var: 0.006477","mean: 0.088196, var: 0.002199","mean: 0.163452, var: 0.000173","mean: 0.131012, var: 0.002781","mean: 0.007416, var: 0.000053","mean: 0.118787, var: 0.002033","mean: 0.161072, var: 0.003298","mean: 0.329883, var: 0.002848","mean: 0.027632, var: 0.000210",2.779648851039191,Moderate
ENSP00000253048,"mean: 0.037820, var: 0.000257","mean: 0.364844, var: 0.004760","mean: 0.780957, var: 0.010144","mean: 0.291284, var: 0.012562","mean: 0.035414, var: 0.000337","mean: 0.055735, var: 0.001472","mean: 0.010463, var: 0.000046","mean: 0.083112, var: 0.000857","mean: 0.054791, var: 0.000198","mean: 0.096259, var: 0.001829","mean: 0.006867, var: 0.000066",1.996414009682815,Moderate
ENSP00000252996,"mean: 0.061749, var: 0.001011","mean: 0.441162, var: 0.000603","mean: 0.832910, var: 0.005803","mean: 0.127502, var: 0.002401","mean: 0.067700, var: 0.000571","mean: 0.073022, var: 0.001861","mean: 0.003157, var: 0.000013","mean: 0.052475, var: 0.000883","mean: 0.073076, var: 0.001417","mean: 0.097223, var: 0.001550","mean: 0.015232, var: 0.000368",1.975623572555343,Moderate
ENSP00000263773,"mean: 0.217310, var: 0.004001","mean: 0.388086, var: 0.000932","mean: 0.669141, var: 0.000355","mean: 0.025946, var: 0.000182","mean: 0.200012, var: 0.004208","mean: 0.094861, var: 0.000539","mean: 0.010611, var: 0.000072","mean: 0.205103, var: 0.002820","mean: 0.101209, var: 0.002221","mean: 0.229932, var: 0.003104","mean: 0.011037, var: 0.000209",2.6006743273326403,Moderate
ENSP00000355889,"mean: 0.224756, var: 0.001757","mean: 0.172363, var: 0.000435","mean: 0.147375, var: 0.000981","mean: 0.154712, var: 0.002551","mean: 0.112305, var: 0.000892","mean: 0.881055, var: 0.001178","mean: 0.027694, var: 0.000502","mean: 0.106110, var: 0.001398","mean: 0.075970, var: 0.000209","mean: 0.107544, var: 0.000857","mean: 0.082886, var: 0.002122",2.5459701852554573,Moderate
ENSP00000463929,"mean: 0.816504, var: 0.006592","mean: 0.175781, var: 0.000973","mean: 0.159839, var: 0.000177","mean: 0.020482, var: 0.000238","mean: 0.469092, var: 0.012325","mean: 0.181958, var: 0.002555","mean: 0.011262, var: 0.000079","mean: 0.479883, var: 0.001210","mean: 0.581152, var: 0.037294","mean: 0.483691, var: 0.015896","mean: 0.016566, var: 0.000340",2.6464862335122445,Moderate
ENSP00000416951,"mean: 0.168860, var: 0.016603","mean: 0.331445, var: 0.002792","mean: 0.622021, var: 0.027533","mean: 0.208813, var: 0.006350","mean: 0.219702, var: 0.026699","mean: 0.191528, var: 0.013017","mean: 0.002548, var: 0.000005","mean: 0.177979, var: 0.014881","mean: 0.033189, var: 0.000267","mean: 0.122705, var: 0.007349","mean: 0.007534, var: 0.000030",2.667962497584743,Moderate
ENSP00000507912,"mean: 0.159302, var: 0.002625","mean: 0.296045, var: 0.006910","mean: 0.682910, var: 0.015814","mean: 0.088586, var: 0.001273","mean: 0.123895, var: 0.005359","mean: 0.109222, var: 0.007340","mean: 0.010610, var: 0.000146","mean: 0.350049, var: 0.023853","mean: 0.055334, var: 0.000432","mean: 0.123022, var: 0.003451","mean: 0.035295, var: 0.001501",2.58038997922407,Moderate
ENSP00000406490,"mean: 0.135022, var: 0.000491","mean: 0.233862, var: 0.003840","mean: 0.793555, var: 0.005008","mean: 0.052617, var: 0.001357","mean: 0.081482, var: 0.000480","mean: 0.189807, var: 0.004344","mean: 0.005404, var: 0.000040","mean: 0.105933, var: 0.000409","mean: 0.032932, var: 0.000691","mean: 0.127649, var: 0.004317","mean: 0.039578, var: 0.001297",2.237330707567409,Moderate
ENSP00000374552,"mean: 0.069604, var: 0.000137","mean: 0.611328, var: 0.007076","mean: 0.713477, var: 0.003073","mean: 0.119739, var: 0.002658","mean: 0.084949, var: 0.000935","mean: 0.138916, var: 0.002000","mean: 0.006337, var: 0.000017","mean: 0.163770, var: 0.000921","mean: 0.051294, var: 0.000177","mean: 0.056439, var: 0.000408","mean: 0.010558, var: 0.000124",2.1560339294343707,Moderate
ENSP00000323191,"mean: 0.086462, var: 0.000470","mean: 0.474268, var: 0.007473","mean: 0.711133, var: 0.001365","mean: 0.214258, var: 0.011499","mean: 0.112109, var: 0.000782","mean: 0.071103, var: 0.002878","mean: 0.014096, var: 0.000182","mean: 0.074438, var: 0.000524","mean: 0.080865, var: 0.000635","mean: 0.119049, var: 0.001486","mean: 0.062728, var: 0.002133",2.4551351983905407,Moderate
ENSP00000379778,"mean: 0.279370, var: 0.007664","mean: 0.745703, var: 0.009801","mean: 0.459375, var: 0.002410","mean: 0.054755, var: 0.000468","mean: 0.257495, var: 0.003074","mean: 0.050711, var: 0.000337","mean: 0.003494, var: 0.000012","mean: 0.166724, var: 0.004530","mean: 0.172650, var: 0.009140","mean: 0.216455, var: 0.007435","mean: 0.013393, var: 0.000199",2.602741570590545,Moderate
ENSP00000450393,"mean: 0.141602, var: 0.000275","mean: 0.460840, var: 0.005353","mean: 0.455566, var: 0.008461","mean: 0.178033, var: 0.015643","mean: 0.075287, var: 0.000202","mean: 0.364233, var: 0.010179","mean: 0.018565, var: 0.000259","mean: 0.123303, var: 0.000148","mean: 0.059900, var: 0.000524","mean: 0.098389, var: 0.000562","mean: 0.028296, var: 0.000736",2.6915591340819516,Moderate
ENSP00000412893,"mean: 0.230566, var: 0.001990","mean: 0.174463, var: 0.000674","mean: 0.156628, var: 0.000990","mean: 0.155200, var: 0.005169","mean: 0.066614, var: 0.000379","mean: 0.907910, var: 0.000327","mean: 0.048787, var: 0.001277","mean: 0.122034, var: 0.001155","mean: 0.065747, var: 0.000034","mean: 0.077325, var: 0.000431","mean: 0.178540, var: 0.005985",2.579133831895525,Moderate
ENSP00000405068,"mean: 0.060519, var: 0.001216","mean: 0.305957, var: 0.001062","mean: 0.665869, var: 0.016680","mean: 0.102203, var: 0.000839","mean: 0.044327, var: 0.000195","mean: 0.087219, var: 0.001609","mean: 0.006250, var: 0.000027","mean: 0.075775, var: 0.001206","mean: 0.028130, var: 0.000543","mean: 0.086621, var: 0.001704","mean: 0.020626, var: 0.000903",2.006484709462716,Moderate
ENSP00000383392,"mean: 0.810254, var: 0.006181","mean: 0.207617, var: 0.000260","mean: 0.094348, var: 0.000341","mean: 0.383252, var: 0.016608","mean: 0.820508, var: 0.010024","mean: 0.047162, var: 0.000546","mean: 0.014332, var: 0.000044","mean: 0.272510, var: 0.002433","mean: 0.342041, var: 0.002803","mean: 0.323633, var: 0.003355","mean: 0.033844, var: 0.000352",2.655306970055142,Moderate
ENSP00000465377,"mean: 0.068701, var: 0.000247","mean: 0.545996, var: 0.004480","mean: 0.771484, var: 0.008249","mean: 0.061717, var: 0.001005","mean: 0.072034, var: 0.001130","mean: 0.215674, var: 0.008812","mean: 0.005349, var: 0.000031","mean: 0.086835, var: 0.001855","mean: 0.051263, var: 0.000194","mean: 0.064618, var: 0.000798","mean: 0.050162, var: 0.000974",2.126359043744509,Moderate
ENSP00000027335,"mean: 0.774707, var: 0.013082","mean: 0.236377, var: 0.000099","mean: 0.109827, var: 0.000878","mean: 0.274658, var: 0.012636","mean: 0.794824, var: 0.013018","mean: 0.059259, var: 0.000863","mean: 0.011238, var: 0.000044","mean: 0.240283, var: 0.001776","mean: 0.308472, var: 0.003425","mean: 0.257471, var: 0.000211","mean: 0.046053, var: 0.000282",2.733150067000067,Moderate
ENSP00000431611,"mean: 0.801855, var: 0.005434","mean: 0.163599, var: 0.002103","mean: 0.102100, var: 0.000417","mean: 0.139539, var: 0.003570","mean: 0.733203, var: 0.015202","mean: 0.178784, var: 0.000418","mean: 0.032952, var: 0.000570","mean: 0.256152, var: 0.002302","mean: 0.295166, var: 0.002259","mean: 0.216345, var: 0.006062","mean: 0.024111, var: 0.000286",2.758860347393874,Moderate
ENSP00000401064,"mean: 0.116541, var: 0.000207","mean: 0.393359, var: 0.009745","mean: 0.617090, var: 0.004042","mean: 0.049757, var: 0.001658","mean: 0.039381, var: 0.000544","mean: 0.232813, var: 0.008347","mean: 0.017073, var: 0.000296","mean: 0.290356, var: 0.012478","mean: 0.045666, var: 0.000758","mean: 0.120679, var: 0.001580","mean: 0.082031, var: 0.003176",2.5612526190178992,Moderate
ENSP00000361964,"mean: 0.191113, var: 0.002318","mean: 0.780371, var: 0.003066","mean: 0.274634, var: 0.004044","mean: 0.109442, var: 0.002157","mean: 0.161963, var: 0.002278","mean: 0.146722, var: 0.006414","mean: 0.002269, var: 0.000005","mean: 0.097125, var: 0.000807","mean: 0.094556, var: 0.001826","mean: 0.162866, var: 0.001721","mean: 0.044405, var: 0.000953",2.580429795913515,Moderate
ENSP00000317992,"mean: 0.101196, var: 0.000810","mean: 0.328174, var: 0.000285","mean: 0.650293, var: 0.002989","mean: 0.088477, var: 0.000100","mean: 0.041183, var: 0.000581","mean: 0.140857, var: 0.000424","mean: 0.003708, var: 0.000011","mean: 0.106836, var: 0.000894","mean: 0.059908, var: 0.001071","mean: 0.154334, var: 0.001394","mean: 0.027212, var: 0.001086",2.31410438659483,Moderate
ENSP00000380300,"mean: 0.081104, var: 0.000981","mean: 0.596973, var: 0.004407","mean: 0.635449, var: 0.004940","mean: 0.079529, var: 0.000679","mean: 0.064978, var: 0.000201","mean: 0.193530, var: 0.005108","mean: 0.009976, var: 0.000115","mean: 0.234717, var: 0.004997","mean: 0.108069, var: 0.004014","mean: 0.067371, var: 0.001670","mean: 0.037775, var: 0.001590",2.428739792174947,Moderate
ENSP00000498164,"mean: 0.077936, var: 0.000595","mean: 0.561621, var: 0.003006","mean: 0.624512, var: 0.005264","mean: 0.107718, var: 0.005019","mean: 0.072180, var: 0.000400","mean: 0.172839, var: 0.003448","mean: 0.006072, var: 0.000042","mean: 0.122485, var: 0.000612","mean: 0.088293, var: 0.000653","mean: 0.167847, var: 0.000268","mean: 0.015592, var: 0.000325",2.4169739814085656,Moderate
ENSP00000217159,"mean: 0.838379, var: 0.004688","mean: 0.148950, var: 0.000495","mean: 0.089136, var: 0.000277","mean: 0.112878, var: 0.003353","mean: 0.758301, var: 0.013535","mean: 0.206836, var: 0.000486","mean: 0.013016, var: 0.000158","mean: 0.318457, var: 0.001655","mean: 0.380835, var: 0.013190","mean: 0.230664, var: 0.006390","mean: 0.035651, var: 0.000300",2.6746470215458005,Moderate
ENSP00000392636,"mean: 0.164258, var: 0.002774","mean: 0.570996, var: 0.005129","mean: 0.766309, var: 0.003139","mean: 0.053354, var: 0.001120","mean: 0.071606, var: 0.000323","mean: 0.520459, var: 0.010648","mean: 0.001929, var: 0.000008","mean: 0.170410, var: 0.006289","mean: 0.184662, var: 0.005821","mean: 0.307739, var: 0.007502","mean: 0.080762, var: 0.005946",2.6971216344884397,Moderate
ENSP00000390121,"mean: 0.167187, var: 0.005413","mean: 0.459180, var: 0.013762","mean: 0.577441, var: 0.008307","mean: 0.034101, var: 0.001081","mean: 0.248645, var: 0.061238","mean: 0.060524, var: 0.002449","mean: 0.013217, var: 0.000103","mean: 0.050751, var: 0.000231","mean: 0.044095, var: 0.000533","mean: 0.088525, var: 0.000411","mean: 0.019389, var: 0.000357",2.2417068257029324,Moderate
ENSP00000352676,"mean: 0.358179, var: 0.007679","mean: 0.708105, var: 0.005327","mean: 0.494775, var: 0.006958","mean: 0.025276, var: 0.000571","mean: 0.161267, var: 0.000711","mean: 0.104877, var: 0.001997","mean: 0.008650, var: 0.000053","mean: 0.394849, var: 0.020929","mean: 0.228882, var: 0.002834","mean: 0.528613, var: 0.015467","mean: 0.012289, var: 0.000216",2.7205823963537425,Moderate
ENSP00000478563,"mean: 0.509229, var: 0.007678","mean: 0.648340, var: 0.002056","mean: 0.174878, var: 0.001288","mean: 0.072885, var: 0.002685","mean: 0.549170, var: 0.016566","mean: 0.127100, var: 0.000517","mean: 0.002564, var: 0.000005","mean: 0.147876, var: 0.000763","mean: 0.546387, var: 0.014037","mean: 0.406055, var: 0.008488","mean: 0.016586, var: 0.000300",2.773885230702506,Moderate
ENSP00000299192,"mean: 0.183679, var: 0.002534","mean: 0.510742, var: 0.001581","mean: 0.663281, var: 0.007823","mean: 0.045898, var: 0.000874","mean: 0.120923, var: 0.000792","mean: 0.177258, var: 0.002328","mean: 0.023262, var: 0.000500","mean: 0.159998, var: 0.006154","mean: 0.062286, var: 0.000440","mean: 0.290698, var: 0.009867","mean: 0.021625, var: 0.000612",2.6259701415851184,Moderate
ENSP00000372434,"mean: 0.155139, var: 0.000615","mean: 0.262842, var: 0.009656","mean: 0.837109, var: 0.009400","mean: 0.063086, var: 0.001614","mean: 0.076117, var: 0.000157","mean: 0.094910, var: 0.001340","mean: 0.002185, var: 0.000006","mean: 0.096228, var: 0.000301","mean: 0.201392, var: 0.008225","mean: 0.078152, var: 0.001795","mean: 0.014703, var: 0.000283",2.205648103050368,Moderate
ENSP00000408536,"mean: 0.109534, var: 0.002088","mean: 0.691016, var: 0.002263","mean: 0.602832, var: 0.013554","mean: 0.052435, var: 0.001128","mean: 0.098273, var: 0.000911","mean: 0.061038, var: 0.000699","mean: 0.002937, var: 0.000011","mean: 0.178210, var: 0.001606","mean: 0.090991, var: 0.004149","mean: 0.120630, var: 0.002473","mean: 0.008121, var: 0.000066",2.1928251762495954,Moderate
ENSP00000404022,"mean: 0.773633, var: 0.004992","mean: 0.134863, var: 0.000103","mean: 0.079663, var: 0.000103","mean: 0.069984, var: 0.002753","mean: 0.579395, var: 0.015756","mean: 0.177051, var: 0.002338","mean: 0.025259, var: 0.000487","mean: 0.269580, var: 0.000342","mean: 0.247949, var: 0.009803","mean: 0.114722, var: 0.000815","mean: 0.033235, var: 0.000333",2.6327889038464996,Moderate
ENSP00000342660,"mean: 0.866895, var: 0.001918","mean: 0.200854, var: 0.000430","mean: 0.134827, var: 0.000553","mean: 0.089389, var: 0.001518","mean: 0.836426, var: 0.006443","mean: 0.091290, var: 0.001855","mean: 0.005695, var: 0.000024","mean: 0.265063, var: 0.004773","mean: 0.352832, var: 0.007842","mean: 0.285718, var: 0.009604","mean: 0.044174, var: 0.000637",2.5448532176871796,Moderate
ENSP00000247001,"mean: 0.172278, var: 0.001184","mean: 0.605225, var: 0.005892","mean: 0.638379, var: 0.003557","mean: 0.117883, var: 0.002064","mean: 0.130420, var: 0.000847","mean: 0.176758, var: 0.002515","mean: 0.003646, var: 0.000010","mean: 0.091248, var: 0.001440","mean: 0.120361, var: 0.003268","mean: 0.189990, var: 0.005918","mean: 0.016596, var: 0.000278",2.5947567426005422,Moderate
ENSP00000159647,"mean: 0.896191, var: 0.002658","mean: 0.073187, var: 0.000681","mean: 0.085077, var: 0.000326","mean: 0.045929, var: 0.001001","mean: 0.733691, var: 0.016847","mean: 0.082236, var: 0.002083","mean: 0.032568, var: 0.000624","mean: 0.385547, var: 0.000861","mean: 0.526074, var: 0.027050","mean: 0.295044, var: 0.003683","mean: 0.017955, var: 0.000225",2.3225749161648777,Moderate
ENSP00000498317,"mean: 0.253784, var: 0.002034","mean: 0.187744, var: 0.001835","mean: 0.128833, var: 0.001527","mean: 0.113712, var: 0.004173","mean: 0.070734, var: 0.000217","mean: 0.945410, var: 0.000194","mean: 0.082602, var: 0.002190","mean: 0.058484, var: 0.000187","mean: 0.079016, var: 0.000068","mean: 0.082214, var: 0.000333","mean: 0.120215, var: 0.004200",2.4463559433244795,Moderate
ENSP00000341247,"mean: 0.152600, var: 0.000510","mean: 0.625195, var: 0.000784","mean: 0.455518, var: 0.015236","mean: 0.040170, var: 0.000559","mean: 0.118787, var: 0.000130","mean: 0.151086, var: 0.001512","mean: 0.034685, var: 0.001070","mean: 0.256055, var: 0.006711","mean: 0.124310, var: 0.001389","mean: 0.284717, var: 0.001455","mean: 0.025118, var: 0.000729",2.7812796169507,Moderate
ENSP00000505291,"mean: 0.756836, var: 0.010075","mean: 0.508057, var: 0.000503","mean: 0.237769, var: 0.004515","mean: 0.066693, var: 0.001341","mean: 0.407617, var: 0.005583","mean: 0.148108, var: 0.001305","mean: 0.011478, var: 0.000045","mean: 0.415723, var: 0.007645","mean: 0.792969, var: 0.004427","mean: 0.651660, var: 0.001983","mean: 0.038185, var: 0.000963",2.729552456803224,Moderate
ENSP00000394609,"mean: 0.512158, var: 0.012214","mean: 0.713770, var: 0.004112","mean: 0.296802, var: 0.001531","mean: 0.043564, var: 0.000546","mean: 0.577344, var: 0.016162","mean: 0.213428, var: 0.001638","mean: 0.004082, var: 0.000012","mean: 0.181128, var: 0.000257","mean: 0.197217, var: 0.001703","mean: 0.222827, var: 0.002652","mean: 0.020879, var: 0.000284",2.7945994083837924,Moderate
ENSP00000262056,"mean: 0.196338, var: 0.000348","mean: 0.578906, var: 0.002561","mean: 0.397168, var: 0.001406","mean: 0.036853, var: 0.000745","mean: 0.185669, var: 0.001539","mean: 0.110071, var: 0.002828","mean: 0.009269, var: 0.000044","mean: 0.163794, var: 0.002885","mean: 0.205231, var: 0.008391","mean: 0.246936, var: 0.012266","mean: 0.011976, var: 0.000135",2.7430493490765007,Moderate
ENSP00000422784,"mean: 0.186426, var: 0.000520","mean: 0.203125, var: 0.000587","mean: 0.053107, var: 0.000243","mean: 0.917090, var: 0.000562","mean: 0.143274, var: 0.000924","mean: 0.119202, var: 0.005281","mean: 0.049548, var: 0.001202","mean: 0.233508, var: 0.007530","mean: 0.284790, var: 0.003980","mean: 0.291846, var: 0.003997","mean: 0.008916, var: 0.000067",2.6518201693441275,Moderate
ENSP00000504385,"mean: 0.064655, var: 0.000262","mean: 0.290137, var: 0.002318","mean: 0.773730, var: 0.006560","mean: 0.252441, var: 0.006248","mean: 0.038501, var: 0.000606","mean: 0.112149, var: 0.005457","mean: 0.043977, var: 0.001617","mean: 0.070227, var: 0.000436","mean: 0.013333, var: 0.000039","mean: 0.047940, var: 0.000273","mean: 0.004934, var: 0.000075",2.006166896571654,Moderate
ENSP00000361676,"mean: 0.087988, var: 0.000628","mean: 0.397656, var: 0.007962","mean: 0.748926, var: 0.010437","mean: 0.126221, var: 0.000894","mean: 0.052087, var: 0.000286","mean: 0.087946, var: 0.003044","mean: 0.009408, var: 0.000065","mean: 0.098267, var: 0.001821","mean: 0.113589, var: 0.003224","mean: 0.139185, var: 0.005099","mean: 0.035409, var: 0.001843",2.3377624124543304,Moderate
ENSP00000362238,"mean: 0.182764, var: 0.001232","mean: 0.645020, var: 0.008897","mean: 0.492236, var: 0.002968","mean: 0.069354, var: 0.001538","mean: 0.183447, var: 0.001801","mean: 0.139325, var: 0.004155","mean: 0.029536, var: 0.000263","mean: 0.088831, var: 0.000789","mean: 0.190137, var: 0.002086","mean: 0.228113, var: 0.005095","mean: 0.029559, var: 0.000929",2.7890503968136686,Moderate
ENSP00000386184,"mean: 0.101935, var: 0.001034","mean: 0.500537, var: 0.000742","mean: 0.572461, var: 0.013602","mean: 0.099432, var: 0.001529","mean: 0.072919, var: 0.001155","mean: 0.142987, var: 0.007827","mean: 0.007304, var: 0.000075","mean: 0.215656, var: 0.018110","mean: 0.106897, var: 0.001143","mean: 0.092932, var: 0.002589","mean: 0.078241, var: 0.001250",2.6229763414861473,Moderate
ENSP00000456908,"mean: 0.188525, var: 0.002690","mean: 0.470557, var: 0.003263","mean: 0.625391, var: 0.004208","mean: 0.053546, var: 0.002555","mean: 0.101294, var: 0.000221","mean: 0.343018, var: 0.003872","mean: 0.004970, var: 0.000039","mean: 0.222168, var: 0.001869","mean: 0.155969, var: 0.001699","mean: 0.213953, var: 0.008356","mean: 0.023909, var: 0.001073",2.7880860465685293,Moderate
ENSP00000174618,"mean: 0.104431, var: 0.001118","mean: 0.439258, var: 0.007757","mean: 0.824219, var: 0.001107","mean: 0.041209, var: 0.000581","mean: 0.051642, var: 0.000120","mean: 0.249170, var: 0.002167","mean: 0.001791, var: 0.000005","mean: 0.048575, var: 0.000273","mean: 0.046991, var: 0.000115","mean: 0.152026, var: 0.001661","mean: 0.020205, var: 0.000503",2.0544933098406575,Moderate
ENSP00000445021,"mean: 0.859082, var: 0.003410","mean: 0.128894, var: 0.000989","mean: 0.084930, var: 0.000951","mean: 0.184998, var: 0.012268","mean: 0.372510, var: 0.004481","mean: 0.186743, var: 0.011532","mean: 0.023612, var: 0.000641","mean: 0.736328, var: 0.002144","mean: 0.416309, var: 0.000487","mean: 0.800391, var: 0.011402","mean: 0.049986, var: 0.001408",2.6039882337452847,Moderate
ENSP00000265537,"mean: 0.232056, var: 0.000625","mean: 0.145117, var: 0.000439","mean: 0.105713, var: 0.000634","mean: 0.164709, var: 0.003927","mean: 0.068680, var: 0.000433","mean: 0.933984, var: 0.000151","mean: 0.046259, var: 0.001223","mean: 0.100861, var: 0.001167","mean: 0.063898, var: 0.000113","mean: 0.099548, var: 0.000041","mean: 0.129889, var: 0.003485",2.445509261974658,Moderate
ENSP00000412530,"mean: 0.121118, var: 0.001120","mean: 0.457129, var: 0.005074","mean: 0.537158, var: 0.000738","mean: 0.028551, var: 0.000552","mean: 0.085742, var: 0.000672","mean: 0.083661, var: 0.001207","mean: 0.014735, var: 0.000150","mean: 0.089893, var: 0.000654","mean: 0.103467, var: 0.002127","mean: 0.122321, var: 0.004176","mean: 0.011123, var: 0.000117",2.2875214436169173,Moderate
ENSP00000290597,"mean: 0.260815, var: 0.003769","mean: 0.182056, var: 0.000199","mean: 0.100134, var: 0.000570","mean: 0.138867, var: 0.004385","mean: 0.129590, var: 0.001177","mean: 0.910352, var: 0.000542","mean: 0.023821, var: 0.000472","mean: 0.077014, var: 0.000536","mean: 0.100000, var: 0.000245","mean: 0.106104, var: 0.000011","mean: 0.136267, var: 0.001432",2.5418924331450423,Moderate
ENSP00000410707,"mean: 0.108984, var: 0.000909","mean: 0.636133, var: 0.002397","mean: 0.534082, var: 0.022322","mean: 0.032600, var: 0.000785","mean: 0.086078, var: 0.000815","mean: 0.086670, var: 0.000962","mean: 0.005044, var: 0.000030","mean: 0.320703, var: 0.010818","mean: 0.192664, var: 0.004416","mean: 0.368506, var: 0.003992","mean: 0.013486, var: 0.000221",2.5336050703066313,Moderate
ENSP00000216190,"mean: 0.121890, var: 0.003752","mean: 0.537598, var: 0.011282","mean: 0.492627, var: 0.011181","mean: 0.069611, var: 0.001539","mean: 0.046814, var: 0.000705","mean: 0.103217, var: 0.001649","mean: 0.054230, var: 0.000365","mean: 0.157434, var: 0.001639","mean: 0.094769, var: 0.002407","mean: 0.219971, var: 0.011468","mean: 0.003701, var: 0.000026",2.52842453420406,Moderate
ENSP00000260803,"mean: 0.086877, var: 0.000620","mean: 0.387939, var: 0.006178","mean: 0.856152, var: 0.004231","mean: 0.025091, var: 0.000202","mean: 0.059122, var: 0.000301","mean: 0.199451, var: 0.003879","mean: 0.021892, var: 0.000395","mean: 0.044867, var: 0.000033","mean: 0.080298, var: 0.000688","mean: 0.063989, var: 0.001386","mean: 0.028453, var: 0.000843",1.9964277664874557,Moderate
ENSP00000361667,"mean: 0.827148, var: 0.003110","mean: 0.120532, var: 0.000571","mean: 0.184351, var: 0.000526","mean: 0.083611, var: 0.002503","mean: 0.199292, var: 0.001941","mean: 0.231079, var: 0.007543","mean: 0.024659, var: 0.000357","mean: 0.713770, var: 0.004038","mean: 0.465723, var: 0.009379","mean: 0.438281, var: 0.015186","mean: 0.024982, var: 0.000461",2.7327698810088026,Moderate
ENSP00000434192,"mean: 0.219653, var: 0.000909","mean: 0.266357, var: 0.001930","mean: 0.169189, var: 0.000631","mean: 0.179706, var: 0.009065","mean: 0.094061, var: 0.000440","mean: 0.908398, var: 0.000142","mean: 0.062860, var: 0.001882","mean: 0.081641, var: 0.000272","mean: 0.059613, var: 0.000074","mean: 0.083063, var: 0.000585","mean: 0.228601, var: 0.010744",2.6945789185705267,Moderate
ENSP00000366460,"mean: 0.797168, var: 0.003666","mean: 0.172290, var: 0.000097","mean: 0.073938, var: 0.000144","mean: 0.303662, var: 0.012023","mean: 0.723730, var: 0.005764","mean: 0.073724, var: 0.001102","mean: 0.014660, var: 0.000073","mean: 0.353320, var: 0.001498","mean: 0.485645, var: 0.007387","mean: 0.517725, var: 0.001119","mean: 0.043854, var: 0.000139",2.7226355968455658,Moderate
ENSP00000438276,"mean: 0.058649, var: 0.000071","mean: 0.436084, var: 0.003315","mean: 0.785937, var: 0.002262","mean: 0.156888, var: 0.007343","mean: 0.068298, var: 0.000126","mean: 0.075150, var: 0.002892","mean: 0.015463, var: 0.000217","mean: 0.074200, var: 0.000662","mean: 0.062238, var: 0.000301","mean: 0.096216, var: 0.001227","mean: 0.070612, var: 0.003342",2.2286749206183556,Moderate
ENSP00000258385,"mean: 0.800391, var: 0.009087","mean: 0.147717, var: 0.000678","mean: 0.127869, var: 0.000802","mean: 0.127338, var: 0.010793","mean: 0.795898, var: 0.012147","mean: 0.065973, var: 0.000426","mean: 0.010503, var: 0.000070","mean: 0.257739, var: 0.008108","mean: 0.228052, var: 0.003313","mean: 0.213831, var: 0.005803","mean: 0.044928, var: 0.000300",2.550823288606651,Moderate
ENSP00000354499,"mean: 0.869629, var: 0.001947","mean: 0.075037, var: 0.000216","mean: 0.099109, var: 0.000503","mean: 0.026439, var: 0.000263","mean: 0.596387, var: 0.017569","mean: 0.119092, var: 0.001024","mean: 0.098364, var: 0.008031","mean: 0.531494, var: 0.005218","mean: 0.399585, var: 0.033993","mean: 0.345654, var: 0.009889","mean: 0.030297, var: 0.000604",2.606348555955559,Moderate
ENSP00000499031,"mean: 0.127429, var: 0.000130","mean: 0.428564, var: 0.000130","mean: 0.799023, var: 0.001626","mean: 0.124695, var: 0.001131","mean: 0.166309, var: 0.000557","mean: 0.092181, var: 0.000859","mean: 0.001239, var: 0.000002","mean: 0.083990, var: 0.000774","mean: 0.076135, var: 0.001440","mean: 0.102606, var: 0.000680","mean: 0.008501, var: 0.000096",2.269188556121452,Moderate
ENSP00000356991,"mean: 0.792969, var: 0.007249","mean: 0.262231, var: 0.000182","mean: 0.119788, var: 0.000184","mean: 0.179761, var: 0.008511","mean: 0.812109, var: 0.010139","mean: 0.092255, var: 0.001521","mean: 0.004612, var: 0.000013","mean: 0.235962, var: 0.001044","mean: 0.317920, var: 0.000994","mean: 0.288306, var: 0.001684","mean: 0.055270, var: 0.001068",2.7350041754202117,Moderate
ENSP00000484105,"mean: 0.122107, var: 0.000590","mean: 0.554443, var: 0.001942","mean: 0.612695, var: 0.001139","mean: 0.076129, var: 0.001702","mean: 0.044730, var: 0.000294","mean: 0.435254, var: 0.006708","mean: 0.020333, var: 0.000274","mean: 0.092236, var: 0.000212","mean: 0.235999, var: 0.007776","mean: 0.176392, var: 0.002615","mean: 0.031890, var: 0.000947",2.6367577936518707,Moderate
ENSP00000339532,"mean: 0.046161, var: 0.000271","mean: 0.512988, var: 0.007327","mean: 0.680664, var: 0.008199","mean: 0.062012, var: 0.002322","mean: 0.037247, var: 0.000160","mean: 0.205481, var: 0.009958","mean: 0.098256, var: 0.007534","mean: 0.073700, var: 0.001562","mean: 0.037187, var: 0.000239","mean: 0.169287, var: 0.000807","mean: 0.012923, var: 0.000345",2.2658123854905017,Moderate
ENSP00000401823,"mean: 0.171814, var: 0.001749","mean: 0.729102, var: 0.004329","mean: 0.634375, var: 0.001645","mean: 0.026327, var: 0.000579","mean: 0.102332, var: 0.000185","mean: 0.139636, var: 0.002193","mean: 0.017063, var: 0.000292","mean: 0.150928, var: 0.001877","mean: 0.123938, var: 0.003402","mean: 0.156519, var: 0.000277","mean: 0.114229, var: 0.009076",2.5773574707416933,Moderate
ENSP00000329687,"mean: 0.359277, var: 0.004511","mean: 0.592187, var: 0.001620","mean: 0.585840, var: 0.006393","mean: 0.049594, var: 0.000709","mean: 0.492480, var: 0.015807","mean: 0.126025, var: 0.001559","mean: 0.017438, var: 0.000078","mean: 0.098804, var: 0.001067","mean: 0.202045, var: 0.010570","mean: 0.248096, var: 0.002347","mean: 0.012501, var: 0.000104",2.7731632866091305,Moderate
ENSP00000457746,"mean: 0.064069, var: 0.000238","mean: 0.365039, var: 0.003563","mean: 0.851953, var: 0.008716","mean: 0.090985, var: 0.001490","mean: 0.042606, var: 0.000552","mean: 0.155286, var: 0.002956","mean: 0.011219, var: 0.000085","mean: 0.208325, var: 0.002625","mean: 0.043610, var: 0.000076","mean: 0.116919, var: 0.000646","mean: 0.014417, var: 0.000370",2.1480190616865755,Moderate
ENSP00000485289,"mean: 0.125854, var: 0.001000","mean: 0.699219, var: 0.001108","mean: 0.493262, var: 0.004542","mean: 0.023001, var: 0.000166","mean: 0.126221, var: 0.000575","mean: 0.488330, var: 0.012461","mean: 0.150018, var: 0.013228","mean: 0.052802, var: 0.000643","mean: 0.073810, var: 0.001266","mean: 0.072665, var: 0.004140","mean: 0.507568, var: 0.023037",2.7246118493818647,Moderate
ENSP00000384695,"mean: 0.173486, var: 0.000682","mean: 0.213452, var: 0.000960","mean: 0.053815, var: 0.000230","mean: 0.907129, var: 0.000765","mean: 0.128174, var: 0.000596","mean: 0.122375, var: 0.004420","mean: 0.052051, var: 0.001168","mean: 0.270142, var: 0.010201","mean: 0.291333, var: 0.005198","mean: 0.265625, var: 0.003413","mean: 0.009790, var: 0.000085",2.6637156777707416,Moderate
ENSP00000355866,"mean: 0.170410, var: 0.001052","mean: 0.614648, var: 0.005578","mean: 0.497803, var: 0.007694","mean: 0.032759, var: 0.000329","mean: 0.246899, var: 0.003816","mean: 0.210278, var: 0.001910","mean: 0.009541, var: 0.000078","mean: 0.162366, var: 0.008486","mean: 0.141760, var: 0.002379","mean: 0.174377, var: 0.005391","mean: 0.022643, var: 0.000350",2.7400048141324556,Moderate
ENSP00000403974,"mean: 0.087286, var: 0.000864","mean: 0.414209, var: 0.007076","mean: 0.749512, var: 0.008915","mean: 0.123889, var: 0.001180","mean: 0.051758, var: 0.000298","mean: 0.088612, var: 0.002404","mean: 0.010760, var: 0.000050","mean: 0.101660, var: 0.002268","mean: 0.142630, var: 0.005395","mean: 0.165027, var: 0.006729","mean: 0.031046, var: 0.001479",2.384844319791263,Moderate
ENSP00000366450,"mean: 0.795605, var: 0.003861","mean: 0.174683, var: 0.000129","mean: 0.073181, var: 0.000153","mean: 0.298828, var: 0.012657","mean: 0.721680, var: 0.005549","mean: 0.072498, var: 0.001052","mean: 0.017568, var: 0.000098","mean: 0.366455, var: 0.001681","mean: 0.489551, var: 0.007236","mean: 0.520850, var: 0.001020","mean: 0.045142, var: 0.000140",2.732792295941791,Moderate
ENSP00000263102,"mean: 0.122217, var: 0.000554","mean: 0.696875, var: 0.005333","mean: 0.511816, var: 0.003657","mean: 0.037685, var: 0.000414","mean: 0.138391, var: 0.000182","mean: 0.159058, var: 0.003304","mean: 0.002201, var: 0.000004","mean: 0.078064, var: 0.000050","mean: 0.162683, var: 0.003297","mean: 0.183179, var: 0.001500","mean: 0.007893, var: 0.000069",2.398146296388233,Moderate
ENSP00000346196,"mean: 0.221021, var: 0.001421","mean: 0.189185, var: 0.001061","mean: 0.159265, var: 0.001143","mean: 0.111816, var: 0.004997","mean: 0.084564, var: 0.000728","mean: 0.917871, var: 0.000161","mean: 0.022724, var: 0.000431","mean: 0.064740, var: 0.000369","mean: 0.030176, var: 0.000031","mean: 0.086267, var: 0.000391","mean: 0.064197, var: 0.001283",2.2302633608028146,Moderate
ENSP00000503886,"mean: 0.111279, var: 0.000423","mean: 0.638672, var: 0.004473","mean: 0.603564, var: 0.019296","mean: 0.030722, var: 0.000865","mean: 0.064130, var: 0.000345","mean: 0.084845, var: 0.001820","mean: 0.006292, var: 0.000039","mean: 0.336450, var: 0.009902","mean: 0.184814, var: 0.002453","mean: 0.346094, var: 0.005933","mean: 0.017014, var: 0.000349",2.47485818100883,Moderate
ENSP00000403044,"mean: 0.236670, var: 0.004662","mean: 0.590137, var: 0.006716","mean: 0.260254, var: 0.003522","mean: 0.024388, var: 0.000222","mean: 0.146350, var: 0.002086","mean: 0.327808, var: 0.002429","mean: 0.029431, var: 0.000215","mean: 0.045805, var: 0.001004","mean: 0.073178, var: 0.002196","mean: 0.209497, var: 0.004618","mean: 0.017514, var: 0.000465",2.5747036388725877,Moderate
ENSP00000497587,"mean: 0.266846, var: 0.001188","mean: 0.159119, var: 0.001098","mean: 0.109314, var: 0.001279","mean: 0.078384, var: 0.003401","mean: 0.099677, var: 0.001084","mean: 0.937500, var: 0.000194","mean: 0.100043, var: 0.003113","mean: 0.044379, var: 0.000032","mean: 0.065552, var: 0.000040","mean: 0.085547, var: 0.000226","mean: 0.129272, var: 0.006101",2.398870408504249,Moderate
ENSP00000354961,"mean: 0.604980, var: 0.008113","mean: 0.127942, var: 0.000142","mean: 0.397266, var: 0.007655","mean: 0.058252, var: 0.000976","mean: 0.337329, var: 0.029822","mean: 0.199438, var: 0.002169","mean: 0.029068, var: 0.000182","mean: 0.694189, var: 0.021035","mean: 0.020269, var: 0.000238","mean: 0.061789, var: 0.000589","mean: 0.025000, var: 0.000069",2.4870709980059145,Moderate
ENSP00000339530,"mean: 0.099939, var: 0.000457","mean: 0.290479, var: 0.000414","mean: 0.779395, var: 0.003362","mean: 0.088733, var: 0.001933","mean: 0.117029, var: 0.001117","mean: 0.164209, var: 0.004673","mean: 0.011565, var: 0.000182","mean: 0.110559, var: 0.000431","mean: 0.124811, var: 0.003193","mean: 0.084607, var: 0.000170","mean: 0.039158, var: 0.002108",2.43679231128138,Moderate
ENSP00000275227,"mean: 0.791699, var: 0.001446","mean: 0.171838, var: 0.001507","mean: 0.085083, var: 0.000163","mean: 0.077490, var: 0.000329","mean: 0.569092, var: 0.003072","mean: 0.171985, var: 0.006159","mean: 0.011877, var: 0.000144","mean: 0.415381, var: 0.003989","mean: 0.666553, var: 0.018785","mean: 0.463623, var: 0.008317","mean: 0.018026, var: 0.000368",2.635703968518071,Moderate
ENSP00000268379,"mean: 0.293921, var: 0.002849","mean: 0.203296, var: 0.001714","mean: 0.065045, var: 0.000239","mean: 0.128192, var: 0.004072","mean: 0.060657, var: 0.000247","mean: 0.912500, var: 0.000889","mean: 0.204834, var: 0.009402","mean: 0.051715, var: 0.000082","mean: 0.053833, var: 0.000085","mean: 0.075244, var: 0.000094","mean: 0.095801, var: 0.004199",2.432994850897412,Moderate
ENSP00000503453,"mean: 0.141553, var: 0.000455","mean: 0.284692, var: 0.000679","mean: 0.733203, var: 0.002912","mean: 0.133228, var: 0.002643","mean: 0.069226, var: 0.000265","mean: 0.209216, var: 0.005572","mean: 0.012052, var: 0.000135","mean: 0.181885, var: 0.004163","mean: 0.158105, var: 0.003418","mean: 0.116943, var: 0.000853","mean: 0.089413, var: 0.003235",2.764390684256095,Moderate
ENSP00000379285,"mean: 0.270435, var: 0.001328","mean: 0.138171, var: 0.000407","mean: 0.112756, var: 0.000858","mean: 0.110980, var: 0.002889","mean: 0.110767, var: 0.000662","mean: 0.909277, var: 0.000613","mean: 0.116113, var: 0.002878","mean: 0.087292, var: 0.000604","mean: 0.049115, var: 0.000042","mean: 0.061627, var: 0.000085","mean: 0.072034, var: 0.001413",2.419519240971964,Moderate
ENSP00000276603,"mean: 0.135071, var: 0.001198","mean: 0.290210, var: 0.001619","mean: 0.779980, var: 0.001620","mean: 0.058746, var: 0.000745","mean: 0.049072, var: 0.000195","mean: 0.199304, var: 0.004460","mean: 0.008917, var: 0.000066","mean: 0.123682, var: 0.001544","mean: 0.138647, var: 0.004907","mean: 0.121838, var: 0.000797","mean: 0.061630, var: 0.002415",2.4619062044519358,Moderate
ENSP00000383919,"mean: 0.216553, var: 0.001738","mean: 0.771680, var: 0.002443","mean: 0.346826, var: 0.001431","mean: 0.106433, var: 0.003779","mean: 0.322437, var: 0.005077","mean: 0.093829, var: 0.002490","mean: 0.001698, var: 0.000003","mean: 0.126819, var: 0.001135","mean: 0.224976, var: 0.005004","mean: 0.331836, var: 0.003724","mean: 0.019475, var: 0.000387",2.77507357098432,Moderate
ENSP00000254928,"mean: 0.198877, var: 0.001649","mean: 0.177002, var: 0.000629","mean: 0.151404, var: 0.000948","mean: 0.094489, var: 0.003056","mean: 0.066083, var: 0.000397","mean: 0.936719, var: 0.000275","mean: 0.040221, var: 0.000799","mean: 0.106702, var: 0.001725","mean: 0.064417, var: 0.000290","mean: 0.106970, var: 0.000315","mean: 0.133234, var: 0.004258",2.4295330804104713,Moderate
ENSP00000476746,"mean: 0.071259, var: 0.001615","mean: 0.312988, var: 0.007183","mean: 0.825293, var: 0.002279","mean: 0.081055, var: 0.002152","mean: 0.047577, var: 0.000831","mean: 0.081232, var: 0.002729","mean: 0.009317, var: 0.000084","mean: 0.111804, var: 0.002435","mean: 0.061313, var: 0.000601","mean: 0.052151, var: 0.000414","mean: 0.038342, var: 0.001679",2.0015144570849186,Moderate
ENSP00000248450,"mean: 0.124719, var: 0.002001","mean: 0.552588, var: 0.010698","mean: 0.714355, var: 0.006579","mean: 0.021561, var: 0.000359","mean: 0.161987, var: 0.004847","mean: 0.134705, var: 0.005482","mean: 0.031027, var: 0.000968","mean: 0.079907, var: 0.001174","mean: 0.152966, var: 0.001321","mean: 0.159204, var: 0.006855","mean: 0.106266, var: 0.009282",2.602946564196782,Moderate
ENSP00000435375,"mean: 0.170947, var: 0.007112","mean: 0.328125, var: 0.000706","mean: 0.619971, var: 0.034341","mean: 0.080170, var: 0.001515","mean: 0.058165, var: 0.002228","mean: 0.190039, var: 0.000231","mean: 0.002159, var: 0.000005","mean: 0.134607, var: 0.000967","mean: 0.129193, var: 0.002926","mean: 0.121326, var: 0.001856","mean: 0.041816, var: 0.001462",2.583568978395301,Moderate
ENSP00000417207,"mean: 0.176733, var: 0.002485","mean: 0.290210, var: 0.004772","mean: 0.806152, var: 0.003799","mean: 0.013033, var: 0.000096","mean: 0.228223, var: 0.002344","mean: 0.069421, var: 0.002174","mean: 0.002600, var: 0.000006","mean: 0.038577, var: 0.000500","mean: 0.100311, var: 0.002342","mean: 0.054849, var: 0.000853","mean: 0.048648, var: 0.003604",2.09599716394689,Moderate
ENSP00000302321,"mean: 0.355127, var: 0.002584","mean: 0.183032, var: 0.000915","mean: 0.084656, var: 0.000258","mean: 0.138232, var: 0.005516","mean: 0.217969, var: 0.006614","mean: 0.936035, var: 0.000021","mean: 0.047458, var: 0.001051","mean: 0.107153, var: 0.000929","mean: 0.057599, var: 0.000102","mean: 0.112097, var: 0.000865","mean: 0.103589, var: 0.004014",2.5835130467321026,Moderate
ENSP00000401820,"mean: 0.178467, var: 0.000893","mean: 0.194043, var: 0.000694","mean: 0.047977, var: 0.000213","mean: 0.907617, var: 0.000829","mean: 0.126038, var: 0.000676","mean: 0.114465, var: 0.004113","mean: 0.051807, var: 0.001547","mean: 0.258606, var: 0.010960","mean: 0.295728, var: 0.006314","mean: 0.271899, var: 0.004652","mean: 0.008934, var: 0.000064",2.6282122669661336,Moderate
ENSP00000497268,"mean: 0.100970, var: 0.001534","mean: 0.616504, var: 0.005051","mean: 0.626953, var: 0.005642","mean: 0.060944, var: 0.000298","mean: 0.078577, var: 0.000635","mean: 0.202563, var: 0.008377","mean: 0.057001, var: 0.001173","mean: 0.095691, var: 0.000266","mean: 0.216150, var: 0.012749","mean: 0.134387, var: 0.001382","mean: 0.082617, var: 0.001124",2.71090870910363,Moderate
ENSP00000368686,"mean: 0.170752, var: 0.002266","mean: 0.505615, var: 0.017383","mean: 0.860742, var: 0.002222","mean: 0.027718, var: 0.000239","mean: 0.121667, var: 0.005599","mean: 0.246802, var: 0.001528","mean: 0.006212, var: 0.000062","mean: 0.075955, var: 0.002216","mean: 0.136835, var: 0.006729","mean: 0.205396, var: 0.000630","mean: 0.109293, var: 0.009437",2.5432572166275644,Moderate
ENSP00000358300,"mean: 0.109741, var: 0.001009","mean: 0.305908, var: 0.001248","mean: 0.786133, var: 0.007457","mean: 0.188257, var: 0.002443","mean: 0.056335, var: 0.000576","mean: 0.139539, var: 0.001526","mean: 0.008829, var: 0.000075","mean: 0.048694, var: 0.000464","mean: 0.128711, var: 0.001909","mean: 0.132654, var: 0.003925","mean: 0.005105, var: 0.000036",2.292932536947473,Moderate
ENSP00000470652,"mean: 0.731250, var: 0.004456","mean: 0.102954, var: 0.000855","mean: 0.308325, var: 0.002040","mean: 0.051172, var: 0.002027","mean: 0.155603, var: 0.000830","mean: 0.304346, var: 0.013530","mean: 0.005679, var: 0.000052","mean: 0.721680, var: 0.011621","mean: 0.241406, var: 0.003986","mean: 0.671777, var: 0.005411","mean: 0.095477, var: 0.002009",2.7287470767878537,Moderate
ENSP00000393333,"mean: 0.843262, var: 0.005801","mean: 0.208447, var: 0.000552","mean: 0.077106, var: 0.000291","mean: 0.066092, var: 0.002561","mean: 0.782520, var: 0.010715","mean: 0.157336, var: 0.002073","mean: 0.017827, var: 0.000185","mean: 0.362939, var: 0.001359","mean: 0.312598, var: 0.002874","mean: 0.317383, var: 0.000558","mean: 0.022660, var: 0.000186",2.5838316374776262,Moderate
ENSP00000357442,"mean: 0.075415, var: 0.000557","mean: 0.403564, var: 0.001300","mean: 0.840723, var: 0.004934","mean: 0.053159, var: 0.000788","mean: 0.059000, var: 0.000617","mean: 0.078632, var: 0.001353","mean: 0.021301, var: 0.000091","mean: 0.121448, var: 0.003562","mean: 0.051590, var: 0.000806","mean: 0.091461, var: 0.001010","mean: 0.009279, var: 0.000142",1.9830784015698484,Moderate
ENSP00000502176,"mean: 0.238135, var: 0.002036","mean: 0.213428, var: 0.001350","mean: 0.106519, var: 0.000655","mean: 0.146643, var: 0.004281","mean: 0.093347, var: 0.000885","mean: 0.916797, var: 0.000159","mean: 0.267480, var: 0.005263","mean: 0.049982, var: 0.000109","mean: 0.059967, var: 0.000031","mean: 0.113574, var: 0.000823","mean: 0.080026, var: 0.006464",2.6127816337439262,Moderate
ENSP00000388506,"mean: 0.136157, var: 0.000338","mean: 0.239575, var: 0.001410","mean: 0.752637, var: 0.003271","mean: 0.062518, var: 0.000160","mean: 0.085022, var: 0.000105","mean: 0.086188, var: 0.003311","mean: 0.005861, var: 0.000033","mean: 0.075140, var: 0.000573","mean: 0.067267, var: 0.000288","mean: 0.267896, var: 0.005373","mean: 0.010009, var: 0.000176",2.226963515069843,Moderate
ENSP00000273588,"mean: 0.157263, var: 0.000803","mean: 0.226392, var: 0.001704","mean: 0.132764, var: 0.001128","mean: 0.154883, var: 0.006842","mean: 0.090955, var: 0.000623","mean: 0.935352, var: 0.000341","mean: 0.023109, var: 0.000361","mean: 0.061353, var: 0.000342","mean: 0.056525, var: 0.000033","mean: 0.088428, var: 0.000201","mean: 0.090344, var: 0.002658",2.317117328752153,Moderate
ENSP00000387729,"mean: 0.132361, var: 0.002190","mean: 0.773340, var: 0.003050","mean: 0.555127, var: 0.016161","mean: 0.084656, var: 0.001531","mean: 0.101758, var: 0.002846","mean: 0.063858, var: 0.000789","mean: 0.031554, var: 0.000170","mean: 0.141309, var: 0.001231","mean: 0.158258, var: 0.004991","mean: 0.285571, var: 0.007776","mean: 0.035067, var: 0.001705",2.5631114392899605,Moderate
ENSP00000358033,"mean: 0.269653, var: 0.001495","mean: 0.198999, var: 0.000296","mean: 0.133618, var: 0.000175","mean: 0.084894, var: 0.001580","mean: 0.086292, var: 0.000520","mean: 0.870020, var: 0.000691","mean: 0.155164, var: 0.001285","mean: 0.074384, var: 0.000054","mean: 0.063068, var: 0.000151","mean: 0.104907, var: 0.000405","mean: 0.078857, var: 0.002290",2.579094577469557,Moderate
ENSP00000426560,"mean: 0.043716, var: 0.000174","mean: 0.286450, var: 0.001513","mean: 0.739844, var: 0.008252","mean: 0.304248, var: 0.010805","mean: 0.030142, var: 0.000167","mean: 0.241260, var: 0.007055","mean: 0.015282, var: 0.000146","mean: 0.095184, var: 0.001138","mean: 0.043463, var: 0.000436","mean: 0.077338, var: 0.001320","mean: 0.079987, var: 0.008627",2.352549787346913,Moderate
ENSP00000483421,"mean: 0.183862, var: 0.000923","mean: 0.199634, var: 0.000829","mean: 0.049161, var: 0.000202","mean: 0.919043, var: 0.000580","mean: 0.135217, var: 0.000710","mean: 0.119855, var: 0.004505","mean: 0.048882, var: 0.001613","mean: 0.237170, var: 0.010313","mean: 0.285864, var: 0.004925","mean: 0.259937, var: 0.005027","mean: 0.006822, var: 0.000044",2.614597138445745,Moderate
ENSP00000340883,"mean: 0.135571, var: 0.000978","mean: 0.513037, var: 0.004528","mean: 0.797656, var: 0.006267","mean: 0.096738, var: 0.004640","mean: 0.100842, var: 0.000653","mean: 0.134213, var: 0.006573","mean: 0.008941, var: 0.000094","mean: 0.112146, var: 0.000968","mean: 0.210376, var: 0.002931","mean: 0.158679, var: 0.002935","mean: 0.019175, var: 0.000642",2.503914974513111,Moderate
ENSP00000422951,"mean: 0.155249, var: 0.000387","mean: 0.565283, var: 0.004294","mean: 0.670996, var: 0.001910","mean: 0.069708, var: 0.001577","mean: 0.179675, var: 0.003014","mean: 0.200757, var: 0.007035","mean: 0.062189, var: 0.001939","mean: 0.057843, var: 0.000348","mean: 0.029597, var: 0.000164","mean: 0.130164, var: 0.001341","mean: 0.028923, var: 0.000756",2.505454639908269,Moderate
ENSP00000504470,"mean: 0.139636, var: 0.001212","mean: 0.293506, var: 0.001646","mean: 0.777539, var: 0.002068","mean: 0.055542, var: 0.000791","mean: 0.050177, var: 0.000232","mean: 0.220203, var: 0.005745","mean: 0.011258, var: 0.000084","mean: 0.121777, var: 0.001142","mean: 0.125305, var: 0.003303","mean: 0.129993, var: 0.001068","mean: 0.073773, var: 0.004097",2.498957653379011,Moderate
ENSP00000408963,"mean: 0.030106, var: 0.000386","mean: 0.452930, var: 0.001881","mean: 0.768945, var: 0.006233","mean: 0.140967, var: 0.002699","mean: 0.024910, var: 0.000460","mean: 0.144104, var: 0.006108","mean: 0.014041, var: 0.000267","mean: 0.160205, var: 0.001356","mean: 0.032726, var: 0.000981","mean: 0.074719, var: 0.001130","mean: 0.027849, var: 0.000571",2.0722838609538865,Moderate
ENSP00000246115,"mean: 0.848242, var: 0.005057","mean: 0.212256, var: 0.000814","mean: 0.079163, var: 0.000262","mean: 0.068176, var: 0.001643","mean: 0.882910, var: 0.005112","mean: 0.132922, var: 0.000703","mean: 0.013551, var: 0.000135","mean: 0.237305, var: 0.002993","mean: 0.252734, var: 0.005549","mean: 0.220288, var: 0.002832","mean: 0.039446, var: 0.000713",2.4386821078529226,Moderate
ENSP00000351040,"mean: 0.061847, var: 0.000292","mean: 0.525586, var: 0.005706","mean: 0.765430, var: 0.000865","mean: 0.148483, var: 0.005570","mean: 0.075555, var: 0.000777","mean: 0.191333, var: 0.003040","mean: 0.009507, var: 0.000091","mean: 0.099774, var: 0.000792","mean: 0.054172, var: 0.000758","mean: 0.078650, var: 0.000580","mean: 0.052603, var: 0.001105",2.2966544408756473,Moderate
ENSP00000471403,"mean: 0.077063, var: 0.000493","mean: 0.281665, var: 0.000927","mean: 0.799023, var: 0.008981","mean: 0.093143, var: 0.004111","mean: 0.037100, var: 0.000314","mean: 0.242639, var: 0.013139","mean: 0.030532, var: 0.001465","mean: 0.116834, var: 0.000716","mean: 0.052899, var: 0.000300","mean: 0.083099, var: 0.001402","mean: 0.034614, var: 0.001452",2.25660506034786,Moderate
ENSP00000386738,"mean: 0.082166, var: 0.000086","mean: 0.780566, var: 0.006194","mean: 0.632910, var: 0.008368","mean: 0.054936, var: 0.002076","mean: 0.081348, var: 0.001161","mean: 0.117346, var: 0.002638","mean: 0.006986, var: 0.000041","mean: 0.102258, var: 0.001074","mean: 0.109424, var: 0.000423","mean: 0.063733, var: 0.001527","mean: 0.139449, var: 0.012124",2.263289830066462,Moderate
ENSP00000266544,"mean: 0.381348, var: 0.001514","mean: 0.174146, var: 0.001102","mean: 0.086255, var: 0.000465","mean: 0.076935, var: 0.001577","mean: 0.155041, var: 0.000901","mean: 0.908789, var: 0.000320","mean: 0.459473, var: 0.009761","mean: 0.074432, var: 0.000467","mean: 0.073206, var: 0.000206","mean: 0.101660, var: 0.000090","mean: 0.080640, var: 0.002757",2.634149163075618,Moderate
ENSP00000452454,"mean: 0.114832, var: 0.001464","mean: 0.474854, var: 0.003920","mean: 0.698730, var: 0.003849","mean: 0.037930, var: 0.001016","mean: 0.065216, var: 0.001205","mean: 0.087555, var: 0.000486","mean: 0.002645, var: 0.000005","mean: 0.111292, var: 0.000284","mean: 0.088489, var: 0.001015","mean: 0.124805, var: 0.004553","mean: 0.007006, var: 0.000059",2.1371581598547555,Moderate
ENSP00000359095,"mean: 0.054736, var: 0.000439","mean: 0.424170, var: 0.000953","mean: 0.778223, var: 0.006197","mean: 0.156348, var: 0.001396","mean: 0.073126, var: 0.000337","mean: 0.313452, var: 0.008979","mean: 0.006992, var: 0.000061","mean: 0.048859, var: 0.000195","mean: 0.048044, var: 0.000526","mean: 0.080444, var: 0.000394","mean: 0.024977, var: 0.000956",2.185901796094419,Moderate
ENSP00000357215,"mean: 0.080066, var: 0.000891","mean: 0.247070, var: 0.003005","mean: 0.746289, var: 0.003623","mean: 0.372534, var: 0.025893","mean: 0.077124, var: 0.000086","mean: 0.045576, var: 0.001867","mean: 0.005945, var: 0.000023","mean: 0.040440, var: 0.000638","mean: 0.095996, var: 0.009496","mean: 0.314111, var: 0.015378","mean: 0.026153, var: 0.000617",2.31640430241663,Moderate
ENSP00000483921,"mean: 0.110516, var: 0.001614","mean: 0.512793, var: 0.004600","mean: 0.819141, var: 0.001020","mean: 0.054897, var: 0.000939","mean: 0.109656, var: 0.002249","mean: 0.082187, var: 0.000981","mean: 0.011042, var: 0.000081","mean: 0.099976, var: 0.003321","mean: 0.098737, var: 0.003642","mean: 0.107959, var: 0.003172","mean: 0.030381, var: 0.001793",2.211457460555383,Moderate
ENSP00000342699,"mean: 0.145447, var: 0.000557","mean: 0.669727, var: 0.006923","mean: 0.476514, var: 0.004413","mean: 0.073889, var: 0.000591","mean: 0.078754, var: 0.000195","mean: 0.179858, var: 0.003962","mean: 0.004910, var: 0.000027","mean: 0.107019, var: 0.000301","mean: 0.177405, var: 0.001719","mean: 0.293286, var: 0.003050","mean: 0.056182, var: 0.003020",2.696878899601865,Moderate
ENSP00000274031,"mean: 0.039972, var: 0.000106","mean: 0.597949, var: 0.003188","mean: 0.781250, var: 0.002298","mean: 0.063245, var: 0.001218","mean: 0.031000, var: 0.000094","mean: 0.153735, var: 0.012118","mean: 0.081357, var: 0.002720","mean: 0.123462, var: 0.000535","mean: 0.055511, var: 0.000505","mean: 0.055872, var: 0.000426","mean: 0.027569, var: 0.001469",2.082252572642443,Moderate
ENSP00000339524,"mean: 0.037210, var: 0.000404","mean: 0.303711, var: 0.003309","mean: 0.850977, var: 0.004888","mean: 0.066846, var: 0.001419","mean: 0.033173, var: 0.000669","mean: 0.192834, var: 0.004477","mean: 0.006152, var: 0.000027","mean: 0.137097, var: 0.004483","mean: 0.049100, var: 0.000600","mean: 0.067676, var: 0.000450","mean: 0.029290, var: 0.001813",1.9703181009850075,Moderate
ENSP00000449746,"mean: 0.171509, var: 0.001291","mean: 0.495654, var: 0.002032","mean: 0.506787, var: 0.004347","mean: 0.039967, var: 0.000689","mean: 0.124792, var: 0.002243","mean: 0.128992, var: 0.002255","mean: 0.008993, var: 0.000055","mean: 0.141834, var: 0.002484","mean: 0.192480, var: 0.008048","mean: 0.160654, var: 0.009270","mean: 0.014443, var: 0.000187",2.638792392948379,Moderate
ENSP00000503956,"mean: 0.351172, var: 0.003011","mean: 0.167639, var: 0.001418","mean: 0.072510, var: 0.000391","mean: 0.112134, var: 0.003673","mean: 0.212341, var: 0.006555","mean: 0.942383, var: 0.000095","mean: 0.048987, var: 0.000997","mean: 0.087012, var: 0.001123","mean: 0.051056, var: 0.000087","mean: 0.093176, var: 0.000833","mean: 0.080377, var: 0.002434",2.423331108245202,Moderate
ENSP00000489856,"mean: 0.159424, var: 0.000755","mean: 0.217603, var: 0.001900","mean: 0.133411, var: 0.001212","mean: 0.147217, var: 0.006085","mean: 0.090265, var: 0.000548","mean: 0.932910, var: 0.000332","mean: 0.021523, var: 0.000316","mean: 0.064410, var: 0.000399","mean: 0.052692, var: 0.000033","mean: 0.082959, var: 0.000230","mean: 0.082141, var: 0.002655",2.283411278557074,Moderate
ENSP00000489758,"mean: 0.155762, var: 0.001027","mean: 0.334766, var: 0.002060","mean: 0.131055, var: 0.000614","mean: 0.206274, var: 0.012359","mean: 0.105548, var: 0.001591","mean: 0.903223, var: 0.000717","mean: 0.065173, var: 0.002088","mean: 0.060059, var: 0.000100","mean: 0.070477, var: 0.000075","mean: 0.093677, var: 0.000445","mean: 0.267261, var: 0.005992",2.685470187961932,Moderate
ENSP00000345702,"mean: 0.069348, var: 0.000609","mean: 0.326978, var: 0.004072","mean: 0.757617, var: 0.004473","mean: 0.100702, var: 0.001977","mean: 0.045123, var: 0.000475","mean: 0.081146, var: 0.002628","mean: 0.003678, var: 0.000015","mean: 0.119324, var: 0.001127","mean: 0.035896, var: 0.000496","mean: 0.105682, var: 0.001588","mean: 0.006038, var: 0.000028",1.9977282899903877,Moderate
ENSP00000398124,"mean: 0.188196, var: 0.003958","mean: 0.485449, var: 0.023725","mean: 0.872656, var: 0.001545","mean: 0.029814, var: 0.000373","mean: 0.127802, var: 0.006593","mean: 0.195520, var: 0.002588","mean: 0.004161, var: 0.000025","mean: 0.074948, var: 0.002500","mean: 0.174524, var: 0.008975","mean: 0.238330, var: 0.000960","mean: 0.119272, var: 0.013490",2.587858331085668,Moderate
ENSP00000361171,"mean: 0.118042, var: 0.000538","mean: 0.252686, var: 0.001652","mean: 0.758398, var: 0.002114","mean: 0.042821, var: 0.000795","mean: 0.069812, var: 0.000987","mean: 0.132880, var: 0.002673","mean: 0.013052, var: 0.000279","mean: 0.069379, var: 0.000207","mean: 0.164929, var: 0.003607","mean: 0.100354, var: 0.000205","mean: 0.026414, var: 0.000527",2.2641883861447623,Moderate
ENSP00000403660,"mean: 0.727637, var: 0.007801","mean: 0.270947, var: 0.000270","mean: 0.082355, var: 0.000456","mean: 0.131903, var: 0.004966","mean: 0.739062, var: 0.009121","mean: 0.101392, var: 0.001186","mean: 0.008291, var: 0.000044","mean: 0.293677, var: 0.004763","mean: 0.186108, var: 0.001727","mean: 0.242603, var: 0.000878","mean: 0.023759, var: 0.000417",2.6584689885811597,Moderate
ENSP00000269967,"mean: 0.076794, var: 0.000326","mean: 0.567432, var: 0.008639","mean: 0.601758, var: 0.000086","mean: 0.061812, var: 0.002604","mean: 0.069366, var: 0.000429","mean: 0.391357, var: 0.003311","mean: 0.003998, var: 0.000018","mean: 0.129163, var: 0.003577","mean: 0.092075, var: 0.001342","mean: 0.105249, var: 0.001326","mean: 0.050034, var: 0.002816",2.441424019669385,Moderate
ENSP00000341843,"mean: 0.113818, var: 0.002865","mean: 0.462646, var: 0.004002","mean: 0.831445, var: 0.001350","mean: 0.065033, var: 0.001942","mean: 0.075464, var: 0.000044","mean: 0.171069, var: 0.001299","mean: 0.002345, var: 0.000007","mean: 0.107245, var: 0.002743","mean: 0.145367, var: 0.006004","mean: 0.155945, var: 0.003330","mean: 0.021521, var: 0.000305",2.338591933046684,Moderate
ENSP00000263121,"mean: 0.182129, var: 0.001323","mean: 0.475391, var: 0.001607","mean: 0.789648, var: 0.005799","mean: 0.153882, var: 0.009677","mean: 0.136340, var: 0.000367","mean: 0.121503, var: 0.003423","mean: 0.005583, var: 0.000015","mean: 0.095618, var: 0.000836","mean: 0.176990, var: 0.002867","mean: 0.176904, var: 0.000787","mean: 0.012488, var: 0.000281",2.587012454855122,Moderate
ENSP00000438800,"mean: 0.852734, var: 0.005380","mean: 0.123254, var: 0.000064","mean: 0.058856, var: 0.000026","mean: 0.066188, var: 0.001773","mean: 0.822754, var: 0.008843","mean: 0.095648, var: 0.002496","mean: 0.012500, var: 0.000059","mean: 0.266675, var: 0.002912","mean: 0.251611, var: 0.011431","mean: 0.193408, var: 0.000347","mean: 0.017955, var: 0.000193",2.269704531633175,Moderate
ENSP00000364119,"mean: 0.139880, var: 0.000478","mean: 0.627148, var: 0.002408","mean: 0.581445, var: 0.005137","mean: 0.056732, var: 0.001143","mean: 0.102704, var: 0.001895","mean: 0.095660, var: 0.001328","mean: 0.011105, var: 0.000020","mean: 0.090881, var: 0.000200","mean: 0.106775, var: 0.002752","mean: 0.359326, var: 0.011805","mean: 0.006375, var: 0.000031",2.410871211406939,Moderate
ENSP00000362328,"mean: 0.835449, var: 0.002448","mean: 0.131262, var: 0.000387","mean: 0.143860, var: 0.000586","mean: 0.161584, var: 0.001958","mean: 0.759375, var: 0.005449","mean: 0.213538, var: 0.004337","mean: 0.006425, var: 0.000018","mean: 0.321631, var: 0.000836","mean: 0.508008, var: 0.008951","mean: 0.182678, var: 0.004475","mean: 0.022650, var: 0.000091",2.6665838589222726,Moderate
ENSP00000426183,"mean: 0.130389, var: 0.001576","mean: 0.507324, var: 0.005100","mean: 0.796680, var: 0.001264","mean: 0.049153, var: 0.000830","mean: 0.134619, var: 0.003001","mean: 0.091718, var: 0.001284","mean: 0.009297, var: 0.000056","mean: 0.096771, var: 0.002964","mean: 0.099878, var: 0.003840","mean: 0.106616, var: 0.002832","mean: 0.031397, var: 0.001859",2.275072871415644,Moderate
ENSP00000468069,"mean: 0.044598, var: 0.000235","mean: 0.305957, var: 0.003525","mean: 0.772559, var: 0.004007","mean: 0.143170, var: 0.008601","mean: 0.050323, var: 0.000231","mean: 0.143396, var: 0.004864","mean: 0.001875, var: 0.000004","mean: 0.035858, var: 0.000138","mean: 0.105872, var: 0.000972","mean: 0.043152, var: 0.000416","mean: 0.020727, var: 0.000325",1.992444723322622,Moderate
ENSP00000496837,"mean: 0.162512, var: 0.003286","mean: 0.500928, var: 0.001261","mean: 0.510840, var: 0.006104","mean: 0.056808, var: 0.000807","mean: 0.143884, var: 0.002147","mean: 0.260669, var: 0.004242","mean: 0.002899, var: 0.000004","mean: 0.177417, var: 0.005014","mean: 0.175317, var: 0.006355","mean: 0.156860, var: 0.001078","mean: 0.018727, var: 0.000607",2.7711170503224403,Moderate
ENSP00000473467,"mean: 0.142737, var: 0.000644","mean: 0.602246, var: 0.004061","mean: 0.665918, var: 0.000635","mean: 0.065459, var: 0.000841","mean: 0.107440, var: 0.001368","mean: 0.131549, var: 0.009626","mean: 0.035262, var: 0.001588","mean: 0.136975, var: 0.004283","mean: 0.078134, var: 0.000980","mean: 0.278906, var: 0.011440","mean: 0.021836, var: 0.000894",2.5680685060813153,Moderate
ENSP00000216807,"mean: 0.062027, var: 0.000813","mean: 0.461279, var: 0.003674","mean: 0.751660, var: 0.010537","mean: 0.216748, var: 0.003185","mean: 0.089679, var: 0.001300","mean: 0.083545, var: 0.000791","mean: 0.001430, var: 0.000002","mean: 0.042743, var: 0.000443","mean: 0.243823, var: 0.003975","mean: 0.089719, var: 0.003194","mean: 0.009086, var: 0.000126",2.2462642250555733,Moderate
ENSP00000504515,"mean: 0.349658, var: 0.002622","mean: 0.165295, var: 0.001332","mean: 0.081427, var: 0.000490","mean: 0.097821, var: 0.002908","mean: 0.213330, var: 0.006622","mean: 0.946191, var: 0.000049","mean: 0.045724, var: 0.000865","mean: 0.084491, var: 0.000893","mean: 0.051758, var: 0.000100","mean: 0.083185, var: 0.000581","mean: 0.076587, var: 0.002444",2.3852340076428646,Moderate
ENSP00000437928,"mean: 0.142664, var: 0.000443","mean: 0.505225, var: 0.001720","mean: 0.757324, var: 0.003648","mean: 0.060898, var: 0.001652","mean: 0.105359, var: 0.000336","mean: 0.197461, var: 0.002652","mean: 0.007039, var: 0.000052","mean: 0.147266, var: 0.000705","mean: 0.136108, var: 0.000215","mean: 0.106421, var: 0.000842","mean: 0.036049, var: 0.001432",2.5077314015977534,Moderate
ENSP00000499450,"mean: 0.449951, var: 0.002991","mean: 0.099829, var: 0.000357","mean: 0.134814, var: 0.000839","mean: 0.059137, var: 0.000442","mean: 0.087848, var: 0.000482","mean: 0.908691, var: 0.000308","mean: 0.287744, var: 0.011594","mean: 0.078162, var: 0.000390","mean: 0.051886, var: 0.000056","mean: 0.107617, var: 0.000353","mean: 0.123438, var: 0.002775",2.536739111778606,Moderate
ENSP00000351211,"mean: 0.858203, var: 0.002167","mean: 0.140955, var: 0.001031","mean: 0.123645, var: 0.000662","mean: 0.046945, var: 0.001067","mean: 0.805566, var: 0.009188","mean: 0.210083, var: 0.001687","mean: 0.035162, var: 0.000676","mean: 0.160437, var: 0.004538","mean: 0.146863, var: 0.000636","mean: 0.079120, var: 0.000642","mean: 0.029647, var: 0.000410",2.30944644937032,Moderate
ENSP00000312288,"mean: 0.288037, var: 0.000366","mean: 0.175659, var: 0.002101","mean: 0.088702, var: 0.000731","mean: 0.047183, var: 0.000912","mean: 0.050052, var: 0.000223","mean: 0.972852, var: 0.000053","mean: 0.330542, var: 0.016958","mean: 0.042395, var: 0.000055","mean: 0.031976, var: 0.000104","mean: 0.040671, var: 0.000086","mean: 0.146191, var: 0.005775",2.220990798838873,Moderate
ENSP00000385376,"mean: 0.133765, var: 0.000371","mean: 0.695410, var: 0.004464","mean: 0.467822, var: 0.006874","mean: 0.059882, var: 0.000286","mean: 0.077124, var: 0.000398","mean: 0.178967, var: 0.002927","mean: 0.002865, var: 0.000009","mean: 0.089172, var: 0.000471","mean: 0.180798, var: 0.003985","mean: 0.283765, var: 0.002807","mean: 0.045631, var: 0.001921",2.591076254823232,Moderate
ENSP00000308082,"mean: 0.802832, var: 0.005351","mean: 0.154773, var: 0.000702","mean: 0.141858, var: 0.000842","mean: 0.074762, var: 0.001303","mean: 0.809082, var: 0.009668","mean: 0.224756, var: 0.001936","mean: 0.011522, var: 0.000083","mean: 0.144360, var: 0.002489","mean: 0.188843, var: 0.000356","mean: 0.098773, var: 0.000653","mean: 0.027675, var: 0.000289",2.4164546718536544,Moderate
ENSP00000006015,"mean: 0.100775, var: 0.003400","mean: 0.283276, var: 0.006958","mean: 0.826562, var: 0.008284","mean: 0.030191, var: 0.000079","mean: 0.087195, var: 0.001909","mean: 0.154280, var: 0.012343","mean: 0.004450, var: 0.000011","mean: 0.067075, var: 0.001251","mean: 0.044975, var: 0.001561","mean: 0.068617, var: 0.004259","mean: 0.027608, var: 0.001228",1.9805263703222868,Moderate
ENSP00000427329,"mean: 0.074005, var: 0.000273","mean: 0.495508, var: 0.003683","mean: 0.759180, var: 0.003480","mean: 0.040073, var: 0.000975","mean: 0.049823, var: 0.000133","mean: 0.207544, var: 0.002619","mean: 0.008993, var: 0.000073","mean: 0.090143, var: 0.001250","mean: 0.053033, var: 0.000730","mean: 0.062221, var: 0.001136","mean: 0.045372, var: 0.001202",2.0826305091533928,Moderate
ENSP00000261245,"mean: 0.141858, var: 0.005761","mean: 0.523145, var: 0.001228","mean: 0.726367, var: 0.007089","mean: 0.033099, var: 0.000390","mean: 0.112048, var: 0.001995","mean: 0.174194, var: 0.001633","mean: 0.002913, var: 0.000014","mean: 0.159253, var: 0.002791","mean: 0.159082, var: 0.001846","mean: 0.108060, var: 0.004392","mean: 0.022116, var: 0.000609",2.437462922102184,Moderate
ENSP00000215742,"mean: 0.034149, var: 0.000061","mean: 0.349707, var: 0.001399","mean: 0.843457, var: 0.005153","mean: 0.108435, var: 0.002896","mean: 0.036450, var: 0.000293","mean: 0.234302, var: 0.010803","mean: 0.006632, var: 0.000065","mean: 0.068506, var: 0.000423","mean: 0.066650, var: 0.000343","mean: 0.042242, var: 0.000311","mean: 0.048015, var: 0.001753",2.0048431730819027,Moderate
ENSP00000478813,"mean: 0.245264, var: 0.001537","mean: 0.154456, var: 0.000632","mean: 0.121802, var: 0.000709","mean: 0.112561, var: 0.003579","mean: 0.079865, var: 0.000807","mean: 0.935156, var: 0.000282","mean: 0.034869, var: 0.000820","mean: 0.096252, var: 0.000725","mean: 0.057428, var: 0.000156","mean: 0.085291, var: 0.000223","mean: 0.136389, var: 0.003611",2.3881399301400084,Moderate
ENSP00000380311,"mean: 0.175195, var: 0.000492","mean: 0.516895, var: 0.000174","mean: 0.747949, var: 0.003914","mean: 0.062979, var: 0.001358","mean: 0.130762, var: 0.000687","mean: 0.165308, var: 0.001087","mean: 0.006894, var: 0.000058","mean: 0.161145, var: 0.003615","mean: 0.135815, var: 0.001100","mean: 0.140613, var: 0.002433","mean: 0.027567, var: 0.000878",2.575656689319188,Moderate
ENSP00000446680,"mean: 0.101013, var: 0.003499","mean: 0.296387, var: 0.005754","mean: 0.814746, var: 0.006799","mean: 0.030948, var: 0.000124","mean: 0.068423, var: 0.001349","mean: 0.157327, var: 0.011013","mean: 0.003892, var: 0.000009","mean: 0.075731, var: 0.001419","mean: 0.044807, var: 0.001524","mean: 0.069894, var: 0.004605","mean: 0.039648, var: 0.001934",2.0110844016826306,Moderate
ENSP00000352831,"mean: 0.177661, var: 0.006979","mean: 0.489160, var: 0.008000","mean: 0.541016, var: 0.003744","mean: 0.098395, var: 0.002600","mean: 0.128711, var: 0.002166","mean: 0.292065, var: 0.007519","mean: 0.055930, var: 0.006991","mean: 0.072269, var: 0.001982","mean: 0.053052, var: 0.000245","mean: 0.047205, var: 0.000390","mean: 0.058551, var: 0.004095",2.6578429214646246,Moderate
ENSP00000275766,"mean: 0.045825, var: 0.000046","mean: 0.456641, var: 0.002932","mean: 0.605762, var: 0.002383","mean: 0.281763, var: 0.017187","mean: 0.044507, var: 0.000017","mean: 0.205688, var: 0.007187","mean: 0.003874, var: 0.000014","mean: 0.068808, var: 0.000887","mean: 0.054745, var: 0.000787","mean: 0.040494, var: 0.000488","mean: 0.021666, var: 0.000476",2.2011432664751727,Moderate
ENSP00000416970,"mean: 0.227734, var: 0.000863","mean: 0.154211, var: 0.000661","mean: 0.123938, var: 0.001238","mean: 0.169971, var: 0.005431","mean: 0.121216, var: 0.000844","mean: 0.897070, var: 0.000430","mean: 0.024067, var: 0.000378","mean: 0.072986, var: 0.000142","mean: 0.108203, var: 0.000558","mean: 0.104700, var: 0.000110","mean: 0.083282, var: 0.002006",2.5030779977683757,Moderate
ENSP00000503461,"mean: 0.336426, var: 0.002178","mean: 0.165466, var: 0.001390","mean: 0.078363, var: 0.000446","mean: 0.103961, var: 0.003315","mean: 0.190100, var: 0.004822","mean: 0.947266, var: 0.000067","mean: 0.058154, var: 0.001303","mean: 0.079749, var: 0.000896","mean: 0.047290, var: 0.000077","mean: 0.079828, var: 0.000598","mean: 0.080054, var: 0.002565",2.381317421315968,Moderate
ENSP00000496754,"mean: 0.047351, var: 0.000065","mean: 0.317432, var: 0.004138","mean: 0.790039, var: 0.008352","mean: 0.377368, var: 0.022232","mean: 0.036581, var: 0.000102","mean: 0.101605, var: 0.001511","mean: 0.002736, var: 0.000009","mean: 0.085852, var: 0.000436","mean: 0.056554, var: 0.002143","mean: 0.075336, var: 0.001279","mean: 0.006983, var: 0.000107",2.034828798148586,Moderate
ENSP00000265523,"mean: 0.065265, var: 0.000740","mean: 0.599219, var: 0.019994","mean: 0.483740, var: 0.005107","mean: 0.098322, var: 0.001457","mean: 0.024202, var: 0.000149","mean: 0.405859, var: 0.016208","mean: 0.061955, var: 0.003272","mean: 0.129077, var: 0.004810","mean: 0.075552, var: 0.001917","mean: 0.279077, var: 0.007404","mean: 0.069474, var: 0.003408",2.693585634986271,Moderate
ENSP00000442224,"mean: 0.064801, var: 0.000048","mean: 0.350488, var: 0.002333","mean: 0.786914, var: 0.004627","mean: 0.197156, var: 0.007401","mean: 0.052670, var: 0.000182","mean: 0.084540, var: 0.005842","mean: 0.027072, var: 0.000446","mean: 0.098462, var: 0.001291","mean: 0.060608, var: 0.000364","mean: 0.186914, var: 0.003149","mean: 0.038845, var: 0.002286",2.352902917507388,Moderate
ENSP00000452777,"mean: 0.276270, var: 0.001489","mean: 0.127051, var: 0.000575","mean: 0.081049, var: 0.000813","mean: 0.140588, var: 0.005228","mean: 0.092377, var: 0.001644","mean: 0.934863, var: 0.000313","mean: 0.093036, var: 0.005127","mean: 0.060950, var: 0.000150","mean: 0.052203, var: 0.000117","mean: 0.070874, var: 0.000280","mean: 0.060498, var: 0.001028",2.2828795276543157,Moderate
ENSP00000345580,"mean: 0.812988, var: 0.000993","mean: 0.147498, var: 0.000461","mean: 0.152661, var: 0.000487","mean: 0.022479, var: 0.000213","mean: 0.253906, var: 0.002501","mean: 0.855078, var: 0.000165","mean: 0.069620, var: 0.002505","mean: 0.241919, var: 0.003399","mean: 0.212939, var: 0.000511","mean: 0.123669, var: 0.002321","mean: 0.154041, var: 0.006311",2.709616829178799,Moderate
ENSP00000362843,"mean: 0.123889, var: 0.002079","mean: 0.433252, var: 0.004953","mean: 0.796582, var: 0.002722","mean: 0.086719, var: 0.004396","mean: 0.086572, var: 0.000232","mean: 0.254419, var: 0.005512","mean: 0.006523, var: 0.000058","mean: 0.132654, var: 0.002414","mean: 0.087628, var: 0.002382","mean: 0.099854, var: 0.000705","mean: 0.055125, var: 0.001609",2.4783395453836685,Moderate
ENSP00000262949,"mean: 0.112598, var: 0.000104","mean: 0.560107, var: 0.004611","mean: 0.644727, var: 0.001117","mean: 0.154810, var: 0.003725","mean: 0.140662, var: 0.000722","mean: 0.226453, var: 0.008193","mean: 0.006028, var: 0.000044","mean: 0.066492, var: 0.000113","mean: 0.109924, var: 0.000310","mean: 0.141376, var: 0.002347","mean: 0.071593, var: 0.003936",2.6736882369588355,Moderate
ENSP00000377752,"mean: 0.469971, var: 0.019586","mean: 0.783496, var: 0.005225","mean: 0.178098, var: 0.011781","mean: 0.101437, var: 0.001868","mean: 0.519141, var: 0.030191","mean: 0.288306, var: 0.007775","mean: 0.019382, var: 0.000144","mean: 0.088251, var: 0.001025","mean: 0.094092, var: 0.000598","mean: 0.253345, var: 0.010600","mean: 0.024879, var: 0.001070",2.7371516619828573,Moderate
ENSP00000481885,"mean: 0.135291, var: 0.002425","mean: 0.397705, var: 0.004147","mean: 0.806348, var: 0.002024","mean: 0.119720, var: 0.006825","mean: 0.082642, var: 0.000241","mean: 0.305762, var: 0.004987","mean: 0.006711, var: 0.000062","mean: 0.121545, var: 0.002220","mean: 0.088922, var: 0.002575","mean: 0.117200, var: 0.001381","mean: 0.044469, var: 0.000929",2.5279771025592357,Moderate
ENSP00000393316,"mean: 0.824902, var: 0.001646","mean: 0.170190, var: 0.000381","mean: 0.116858, var: 0.000558","mean: 0.107025, var: 0.002317","mean: 0.411914, var: 0.002116","mean: 0.191858, var: 0.003192","mean: 0.024097, var: 0.000181","mean: 0.765039, var: 0.002446","mean: 0.361182, var: 0.001294","mean: 0.426611, var: 0.004032","mean: 0.039101, var: 0.000552",2.784969801823933,Moderate
ENSP00000370508,"mean: 0.263257, var: 0.000389","mean: 0.117969, var: 0.000544","mean: 0.094763, var: 0.000533","mean: 0.104511, var: 0.001566","mean: 0.062207, var: 0.000173","mean: 0.962109, var: 0.000067","mean: 0.125909, var: 0.005668","mean: 0.033713, var: 0.000064","mean: 0.033740, var: 0.000049","mean: 0.063776, var: 0.000092","mean: 0.048047, var: 0.001599",2.0836729812115213,Moderate
ENSP00000450324,"mean: 0.147339, var: 0.000723","mean: 0.540527, var: 0.003524","mean: 0.448047, var: 0.001965","mean: 0.032591, var: 0.000491","mean: 0.096478, var: 0.001521","mean: 0.103528, var: 0.002265","mean: 0.029504, var: 0.000976","mean: 0.251392, var: 0.024260","mean: 0.132626, var: 0.004107","mean: 0.129114, var: 0.004840","mean: 0.013766, var: 0.000194",2.588683675954205,Moderate
ENSP00000292894,"mean: 0.048724, var: 0.000168","mean: 0.408740, var: 0.002785","mean: 0.682324, var: 0.003178","mean: 0.226782, var: 0.002792","mean: 0.062921, var: 0.000145","mean: 0.316357, var: 0.011879","mean: 0.003694, var: 0.000019","mean: 0.075012, var: 0.000190","mean: 0.071393, var: 0.000150","mean: 0.053021, var: 0.000282","mean: 0.059445, var: 0.002556",2.3752937698949053,Moderate
ENSP00000311697,"mean: 0.137183, var: 0.000805","mean: 0.290039, var: 0.002196","mean: 0.187061, var: 0.002950","mean: 0.831836, var: 0.001973","mean: 0.167664, var: 0.002438","mean: 0.238794, var: 0.005059","mean: 0.015086, var: 0.000177","mean: 0.209937, var: 0.006932","mean: 0.126489, var: 0.001235","mean: 0.177881, var: 0.000201","mean: 0.018525, var: 0.000231",2.7731577953563398,Moderate
ENSP00000422084,"mean: 0.142908, var: 0.000429","mean: 0.706250, var: 0.003330","mean: 0.582568, var: 0.006554","mean: 0.074561, var: 0.000700","mean: 0.054407, var: 0.000181","mean: 0.088675, var: 0.002263","mean: 0.016302, var: 0.000224","mean: 0.194897, var: 0.006586","mean: 0.140271, var: 0.001583","mean: 0.268652, var: 0.001482","mean: 0.031393, var: 0.000807",2.5283193536090702,Moderate
ENSP00000482293,"mean: 0.077008, var: 0.000226","mean: 0.558887, var: 0.004631","mean: 0.655371, var: 0.006807","mean: 0.068132, var: 0.002458","mean: 0.137939, var: 0.002558","mean: 0.159180, var: 0.003302","mean: 0.018954, var: 0.000102","mean: 0.098413, var: 0.000307","mean: 0.090860, var: 0.002163","mean: 0.089832, var: 0.000654","mean: 0.027810, var: 0.001166",2.385704769785535,Moderate
ENSP00000475617,"mean: 0.134106, var: 0.005227","mean: 0.269458, var: 0.006326","mean: 0.808789, var: 0.001644","mean: 0.161096, var: 0.002282","mean: 0.091492, var: 0.000619","mean: 0.189221, var: 0.002388","mean: 0.017212, var: 0.000299","mean: 0.058325, var: 0.000224","mean: 0.067316, var: 0.000152","mean: 0.077991, var: 0.000408","mean: 0.062555, var: 0.001794",2.412031035122918,Moderate
ENSP00000412620,"mean: 0.087134, var: 0.000888","mean: 0.245361, var: 0.004845","mean: 0.825391, var: 0.001442","mean: 0.239417, var: 0.026421","mean: 0.081372, var: 0.000105","mean: 0.035653, var: 0.001153","mean: 0.004777, var: 0.000014","mean: 0.054962, var: 0.001535","mean: 0.103644, var: 0.014013","mean: 0.335864, var: 0.021792","mean: 0.028467, var: 0.000794",2.2687038804489355,Moderate
ENSP00000362842,"mean: 0.114111, var: 0.001015","mean: 0.478564, var: 0.002350","mean: 0.808008, var: 0.002082","mean: 0.070654, var: 0.002107","mean: 0.084900, var: 0.000191","mean: 0.167004, var: 0.001092","mean: 0.002753, var: 0.000009","mean: 0.087195, var: 0.001328","mean: 0.173969, var: 0.005789","mean: 0.171484, var: 0.003163","mean: 0.016142, var: 0.000231",2.3703192557006587,Moderate
ENSP00000495429,"mean: 0.049274, var: 0.000050","mean: 0.342920, var: 0.004317","mean: 0.798828, var: 0.003061","mean: 0.137372, var: 0.003668","mean: 0.022733, var: 0.000066","mean: 0.173376, var: 0.003255","mean: 0.014558, var: 0.000186","mean: 0.076837, var: 0.000562","mean: 0.048285, var: 0.000415","mean: 0.055444, var: 0.000081","mean: 0.024421, var: 0.001014",2.0133884652459613,Moderate
ENSP00000467497,"mean: 0.119849, var: 0.001713","mean: 0.331738, var: 0.000805","mean: 0.870996, var: 0.001177","mean: 0.026401, var: 0.000086","mean: 0.084125, var: 0.000543","mean: 0.120459, var: 0.000994","mean: 0.017054, var: 0.000307","mean: 0.105273, var: 0.000218","mean: 0.109766, var: 0.000112","mean: 0.071899, var: 0.000507","mean: 0.048455, var: 0.002337",2.1846391516958916,Moderate
ENSP00000288757,"mean: 0.057080, var: 0.000130","mean: 0.337256, var: 0.001759","mean: 0.807129, var: 0.003846","mean: 0.188098, var: 0.011531","mean: 0.048773, var: 0.000173","mean: 0.055844, var: 0.002849","mean: 0.023858, var: 0.000325","mean: 0.066345, var: 0.000704","mean: 0.051349, var: 0.000676","mean: 0.196240, var: 0.005917","mean: 0.026075, var: 0.001067",2.161891343607108,Moderate
ENSP00000489907,"mean: 0.063287, var: 0.000143","mean: 0.391943, var: 0.001461","mean: 0.804980, var: 0.004312","mean: 0.165454, var: 0.000738","mean: 0.050458, var: 0.000197","mean: 0.132654, var: 0.003373","mean: 0.002001, var: 0.000006","mean: 0.140247, var: 0.001635","mean: 0.098877, var: 0.000601","mean: 0.071844, var: 0.000814","mean: 0.018423, var: 0.000365",2.2122266125174224,Moderate
ENSP00000158526,"mean: 0.098218, var: 0.001561","mean: 0.303833, var: 0.004153","mean: 0.739258, var: 0.011775","mean: 0.103247, var: 0.002698","mean: 0.066272, var: 0.000832","mean: 0.106036, var: 0.001168","mean: 0.001971, var: 0.000003","mean: 0.135876, var: 0.002469","mean: 0.150793, var: 0.003505","mean: 0.110767, var: 0.001969","mean: 0.004706, var: 0.000037",2.303155010590255,Moderate
ENSP00000468145,"mean: 0.784375, var: 0.011728","mean: 0.186963, var: 0.000550","mean: 0.106549, var: 0.000775","mean: 0.083548, var: 0.005166","mean: 0.717285, var: 0.016358","mean: 0.178345, var: 0.004161","mean: 0.019957, var: 0.000362","mean: 0.386670, var: 0.001690","mean: 0.234790, var: 0.001285","mean: 0.265942, var: 0.000599","mean: 0.026321, var: 0.000318",2.7295177487136266,Moderate
ENSP00000481920,"mean: 0.087994, var: 0.000568","mean: 0.418506, var: 0.003516","mean: 0.832227, var: 0.004179","mean: 0.195709, var: 0.006525","mean: 0.066327, var: 0.000435","mean: 0.192212, var: 0.004425","mean: 0.018438, var: 0.000326","mean: 0.143726, var: 0.002213","mean: 0.083380, var: 0.001132","mean: 0.117041, var: 0.001381","mean: 0.073691, var: 0.004584",2.55025913872902,Moderate
ENSP00000400792,"mean: 0.231714, var: 0.001371","mean: 0.668652, var: 0.004309","mean: 0.702539, var: 0.000997","mean: 0.033609, var: 0.000276","mean: 0.107104, var: 0.000765","mean: 0.162402, var: 0.001811","mean: 0.017872, var: 0.000199","mean: 0.271802, var: 0.003360","mean: 0.354980, var: 0.012483","mean: 0.578467, var: 0.013376","mean: 0.055256, var: 0.002300",2.7747747858604526,Moderate
ENSP00000357375,"mean: 0.736426, var: 0.003914","mean: 0.210938, var: 0.000728","mean: 0.090479, var: 0.000545","mean: 0.367725, var: 0.005095","mean: 0.721875, var: 0.004182","mean: 0.052448, var: 0.000396","mean: 0.010566, var: 0.000085","mean: 0.340479, var: 0.005937","mean: 0.501953, var: 0.007248","mean: 0.248889, var: 0.007908","mean: 0.051606, var: 0.000520",2.7886935312327568,Moderate
ENSP00000373175,"mean: 0.238745, var: 0.001098","mean: 0.143274, var: 0.000846","mean: 0.132751, var: 0.001078","mean: 0.092969, var: 0.002522","mean: 0.075677, var: 0.000717","mean: 0.916895, var: 0.000792","mean: 0.057172, var: 0.002818","mean: 0.116052, var: 0.001340","mean: 0.088531, var: 0.000479","mean: 0.075189, var: 0.000408","mean: 0.282056, var: 0.010250",2.5638960284124916,Moderate
ENSP00000327268,"mean: 0.329932, var: 0.001037","mean: 0.294458, var: 0.004718","mean: 0.110718, var: 0.000972","mean: 0.064984, var: 0.000909","mean: 0.167224, var: 0.000833","mean: 0.900195, var: 0.001123","mean: 0.058380, var: 0.001282","mean: 0.070099, var: 0.000659","mean: 0.047134, var: 0.000156","mean: 0.083984, var: 0.000149","mean: 0.206128, var: 0.007843",2.570593795485918,Moderate
ENSP00000466224,"mean: 0.072687, var: 0.000400","mean: 0.210474, var: 0.005640","mean: 0.686230, var: 0.008021","mean: 0.175250, var: 0.019958","mean: 0.043480, var: 0.000304","mean: 0.093887, var: 0.002411","mean: 0.009977, var: 0.000166","mean: 0.068488, var: 0.000728","mean: 0.097375, var: 0.002578","mean: 0.055469, var: 0.000463","mean: 0.052296, var: 0.001802",2.211717316139415,Moderate
ENSP00000250124,"mean: 0.901172, var: 0.004026","mean: 0.115454, var: 0.001250","mean: 0.108868, var: 0.001855","mean: 0.069206, var: 0.007518","mean: 0.299243, var: 0.009470","mean: 0.256445, var: 0.009531","mean: 0.012035, var: 0.000131","mean: 0.673047, var: 0.002939","mean: 0.379736, var: 0.000635","mean: 0.683984, var: 0.002912","mean: 0.086093, var: 0.001886",2.637588899183335,Moderate
ENSP00000507675,"mean: 0.260767, var: 0.000316","mean: 0.173584, var: 0.001614","mean: 0.113574, var: 0.000646","mean: 0.052435, var: 0.001287","mean: 0.046835, var: 0.000159","mean: 0.964844, var: 0.000107","mean: 0.336499, var: 0.014443","mean: 0.043268, var: 0.000041","mean: 0.032205, var: 0.000098","mean: 0.042801, var: 0.000235","mean: 0.145691, var: 0.007156",2.2625475090576135,Moderate
ENSP00000412024,"mean: 0.790820, var: 0.001453","mean: 0.139966, var: 0.004813","mean: 0.095789, var: 0.000180","mean: 0.033560, var: 0.000830","mean: 0.143518, var: 0.000256","mean: 0.908398, var: 0.000283","mean: 0.221985, var: 0.007500","mean: 0.151184, var: 0.001843","mean: 0.097934, var: 0.001894","mean: 0.117966, var: 0.004855","mean: 0.352393, var: 0.011222",2.632273754609679,Moderate
ENSP00000386037,"mean: 0.090576, var: 0.000418","mean: 0.249170, var: 0.001354","mean: 0.796094, var: 0.003874","mean: 0.048117, var: 0.001389","mean: 0.093015, var: 0.001220","mean: 0.141455, var: 0.002826","mean: 0.007646, var: 0.000093","mean: 0.034933, var: 0.000146","mean: 0.054874, var: 0.000938","mean: 0.063452, var: 0.000561","mean: 0.035279, var: 0.001871",1.995552102725762,Moderate
ENSP00000389498,"mean: 0.163257, var: 0.000705","mean: 0.228906, var: 0.000389","mean: 0.825391, var: 0.002695","mean: 0.030939, var: 0.000559","mean: 0.087488, var: 0.000208","mean: 0.185339, var: 0.006158","mean: 0.018449, var: 0.000599","mean: 0.041013, var: 0.000473","mean: 0.170447, var: 0.005956","mean: 0.139844, var: 0.010094","mean: 0.015411, var: 0.000278",2.270507994879809,Moderate
ENSP00000490251,"mean: 0.168018, var: 0.000773","mean: 0.198291, var: 0.002166","mean: 0.135754, var: 0.001510","mean: 0.137683, var: 0.005071","mean: 0.093475, var: 0.000403","mean: 0.937109, var: 0.000168","mean: 0.024332, var: 0.000358","mean: 0.065179, var: 0.000511","mean: 0.055585, var: 0.000067","mean: 0.069861, var: 0.000225","mean: 0.079285, var: 0.002719",2.262938518106435,Moderate
ENSP00000479323,"mean: 0.807324, var: 0.005152","mean: 0.213306, var: 0.001181","mean: 0.225439, var: 0.000985","mean: 0.086176, var: 0.001359","mean: 0.763965, var: 0.006270","mean: 0.165173, var: 0.003935","mean: 0.008558, var: 0.000041","mean: 0.165906, var: 0.002217","mean: 0.566504, var: 0.004861","mean: 0.428369, var: 0.003574","mean: 0.024242, var: 0.000389",2.6665876868627634,Moderate
ENSP00000040584,"mean: 0.121106, var: 0.001856","mean: 0.361768, var: 0.004146","mean: 0.830566, var: 0.006012","mean: 0.067343, var: 0.001461","mean: 0.098254, var: 0.001545","mean: 0.176782, var: 0.011425","mean: 0.002828, var: 0.000005","mean: 0.074997, var: 0.000836","mean: 0.089328, var: 0.003900","mean: 0.069003, var: 0.002272","mean: 0.050555, var: 0.004137",2.255682672040141,Moderate
ENSP00000358027,"mean: 0.282642, var: 0.001834","mean: 0.176563, var: 0.000537","mean: 0.123718, var: 0.000210","mean: 0.090680, var: 0.001924","mean: 0.080457, var: 0.000411","mean: 0.886035, var: 0.000292","mean: 0.223047, var: 0.004068","mean: 0.077551, var: 0.000202","mean: 0.080420, var: 0.000178","mean: 0.123145, var: 0.000318","mean: 0.117004, var: 0.003428",2.6940723078154805,Moderate
ENSP00000358616,"mean: 0.094385, var: 0.001305","mean: 0.499561, var: 0.001123","mean: 0.612305, var: 0.003354","mean: 0.015161, var: 0.000099","mean: 0.055957, var: 0.000350","mean: 0.094312, var: 0.002722","mean: 0.019774, var: 0.000249","mean: 0.099268, var: 0.001334","mean: 0.107452, var: 0.002594","mean: 0.098520, var: 0.004784","mean: 0.012928, var: 0.000294",2.1484818572529396,Moderate
ENSP00000452319,"mean: 0.132324, var: 0.000977","mean: 0.617676, var: 0.009556","mean: 0.504150, var: 0.004758","mean: 0.104163, var: 0.000763","mean: 0.105072, var: 0.001462","mean: 0.488867, var: 0.004609","mean: 0.004729, var: 0.000013","mean: 0.128540, var: 0.001584","mean: 0.083661, var: 0.001564","mean: 0.124011, var: 0.002269","mean: 0.040116, var: 0.002179",2.617151651643724,Moderate
ENSP00000436276,"mean: 0.121948, var: 0.002630","mean: 0.348877, var: 0.001250","mean: 0.891406, var: 0.000386","mean: 0.035538, var: 0.000109","mean: 0.126685, var: 0.001742","mean: 0.099280, var: 0.001607","mean: 0.004971, var: 0.000031","mean: 0.078870, var: 0.000227","mean: 0.075818, var: 0.000059","mean: 0.049429, var: 0.000291","mean: 0.043563, var: 0.003025",2.043510182217135,Moderate
ENSP00000216027,"mean: 0.210254, var: 0.002073","mean: 0.166235, var: 0.001187","mean: 0.179797, var: 0.002204","mean: 0.165674, var: 0.003803","mean: 0.109827, var: 0.000632","mean: 0.889746, var: 0.000466","mean: 0.011132, var: 0.000092","mean: 0.112805, var: 0.001572","mean: 0.078308, var: 0.000306","mean: 0.077844, var: 0.000175","mean: 0.057547, var: 0.001397",2.4377759506712713,Moderate
ENSP00000286317,"mean: 0.065997, var: 0.000551","mean: 0.505811, var: 0.003334","mean: 0.794238, var: 0.003848","mean: 0.026353, var: 0.000414","mean: 0.067804, var: 0.000549","mean: 0.085516, var: 0.001500","mean: 0.011579, var: 0.000131","mean: 0.116718, var: 0.001243","mean: 0.178516, var: 0.001311","mean: 0.116162, var: 0.001829","mean: 0.055264, var: 0.004157",2.215724599919164,Moderate
ENSP00000468681,"mean: 0.060400, var: 0.000505","mean: 0.690723, var: 0.001504","mean: 0.695020, var: 0.007159","mean: 0.093677, var: 0.002781","mean: 0.086694, var: 0.005696","mean: 0.300928, var: 0.009340","mean: 0.018827, var: 0.000516","mean: 0.129468, var: 0.004362","mean: 0.029858, var: 0.000629","mean: 0.091351, var: 0.000782","mean: 0.019013, var: 0.001146",2.211418415275235,Moderate
ENSP00000357383,"mean: 0.731445, var: 0.005184","mean: 0.200464, var: 0.000420","mean: 0.090900, var: 0.000520","mean: 0.400781, var: 0.006880","mean: 0.734570, var: 0.007702","mean: 0.058035, var: 0.000611","mean: 0.010363, var: 0.000086","mean: 0.313135, var: 0.003366","mean: 0.468408, var: 0.007529","mean: 0.289380, var: 0.007125","mean: 0.043552, var: 0.000318",2.7886530594711205,Moderate
ENSP00000398981,"mean: 0.132391, var: 0.003791","mean: 0.403125, var: 0.002538","mean: 0.822363, var: 0.001328","mean: 0.027747, var: 0.000461","mean: 0.068066, var: 0.000996","mean: 0.232239, var: 0.005194","mean: 0.002936, var: 0.000014","mean: 0.043460, var: 0.000071","mean: 0.049469, var: 0.000344","mean: 0.117310, var: 0.000749","mean: 0.024353, var: 0.000695",2.0601999474288615,Moderate
ENSP00000323782,"mean: 0.071655, var: 0.000200","mean: 0.469385, var: 0.001589","mean: 0.741113, var: 0.003057","mean: 0.050244, var: 0.000590","mean: 0.081274, var: 0.001100","mean: 0.158411, var: 0.002356","mean: 0.007709, var: 0.000058","mean: 0.068884, var: 0.000601","mean: 0.040558, var: 0.000722","mean: 0.085986, var: 0.001985","mean: 0.023293, var: 0.001005",2.062401785846273,Moderate
ENSP00000343706,"mean: 0.082501, var: 0.000504","mean: 0.503076, var: 0.001939","mean: 0.787500, var: 0.004186","mean: 0.214551, var: 0.007586","mean: 0.144543, var: 0.014047","mean: 0.216089, var: 0.002966","mean: 0.025173, var: 0.000439","mean: 0.048068, var: 0.000415","mean: 0.076337, var: 0.001429","mean: 0.088428, var: 0.001179","mean: 0.043790, var: 0.001885",2.466899812905281,Moderate
ENSP00000376842,"mean: 0.122388, var: 0.003375","mean: 0.424072, var: 0.004979","mean: 0.853125, var: 0.000862","mean: 0.020477, var: 0.000305","mean: 0.050851, var: 0.000750","mean: 0.209595, var: 0.005574","mean: 0.003345, var: 0.000018","mean: 0.042609, var: 0.000120","mean: 0.056598, var: 0.000438","mean: 0.158679, var: 0.001163","mean: 0.031039, var: 0.001277",2.030958234929648,Moderate
ENSP00000358775,"mean: 0.237646, var: 0.000987","mean: 0.135461, var: 0.000756","mean: 0.145227, var: 0.001895","mean: 0.110120, var: 0.002936","mean: 0.130298, var: 0.000793","mean: 0.879297, var: 0.000877","mean: 0.024462, var: 0.000437","mean: 0.089966, var: 0.000772","mean: 0.072430, var: 0.000628","mean: 0.081329, var: 0.000356","mean: 0.108466, var: 0.002059",2.4566747252105188,Moderate
ENSP00000410924,"mean: 0.066455, var: 0.000410","mean: 0.431201, var: 0.003043","mean: 0.822070, var: 0.004078","mean: 0.168408, var: 0.004647","mean: 0.074078, var: 0.000453","mean: 0.139233, var: 0.000397","mean: 0.002897, var: 0.000014","mean: 0.072818, var: 0.001265","mean: 0.110754, var: 0.002076","mean: 0.264185, var: 0.002094","mean: 0.031658, var: 0.000826",2.3836385094833723,Moderate
ENSP00000340836,"mean: 0.141943, var: 0.001477","mean: 0.679395, var: 0.001811","mean: 0.591602, var: 0.002230","mean: 0.130896, var: 0.001888","mean: 0.140332, var: 0.000618","mean: 0.119604, var: 0.000498","mean: 0.025587, var: 0.000451","mean: 0.063770, var: 0.000516","mean: 0.203601, var: 0.006957","mean: 0.223853, var: 0.002165","mean: 0.017783, var: 0.000566",2.6460888205486124,Moderate
ENSP00000483581,"mean: 0.683203, var: 0.011178","mean: 0.181299, var: 0.000616","mean: 0.100488, var: 0.000463","mean: 0.526660, var: 0.008445","mean: 0.705469, var: 0.013500","mean: 0.063330, var: 0.000854","mean: 0.009628, var: 0.000073","mean: 0.238159, var: 0.001960","mean: 0.380176, var: 0.006603","mean: 0.243237, var: 0.004094","mean: 0.043480, var: 0.000322",2.7936303124946242,Moderate
ENSP00000447690,"mean: 0.086353, var: 0.000067","mean: 0.540186, var: 0.004105","mean: 0.573730, var: 0.000982","mean: 0.105444, var: 0.001742","mean: 0.058136, var: 0.000389","mean: 0.168555, var: 0.008051","mean: 0.015903, var: 0.000238","mean: 0.097974, var: 0.002002","mean: 0.065381, var: 0.000860","mean: 0.238159, var: 0.006923","mean: 0.025816, var: 0.000644",2.4735487278284074,Moderate
ENSP00000434572,"mean: 0.138965, var: 0.001187","mean: 0.238501, var: 0.001003","mean: 0.751074, var: 0.002451","mean: 0.092120, var: 0.004398","mean: 0.083801, var: 0.000704","mean: 0.268030, var: 0.012748","mean: 0.024595, var: 0.001074","mean: 0.051868, var: 0.001192","mean: 0.050694, var: 0.000763","mean: 0.098923, var: 0.002712","mean: 0.076108, var: 0.007335",2.4321094037705273,Moderate
ENSP00000381204,"mean: 0.741016, var: 0.006366","mean: 0.141235, var: 0.000544","mean: 0.082373, var: 0.000181","mean: 0.653174, var: 0.011930","mean: 0.668652, var: 0.005353","mean: 0.119336, var: 0.001155","mean: 0.011716, var: 0.000044","mean: 0.266577, var: 0.002844","mean: 0.392822, var: 0.008245","mean: 0.362207, var: 0.005616","mean: 0.033206, var: 0.000332",2.757697264904764,Moderate
ENSP00000463596,"mean: 0.159985, var: 0.000312","mean: 0.396436, var: 0.006412","mean: 0.553906, var: 0.004490","mean: 0.406909, var: 0.016924","mean: 0.116785, var: 0.000509","mean: 0.189697, var: 0.005422","mean: 0.019132, var: 0.000183","mean: 0.099060, var: 0.000848","mean: 0.113098, var: 0.001531","mean: 0.096985, var: 0.001206","mean: 0.016076, var: 0.000563",2.763134998946345,Moderate
ENSP00000413355,"mean: 0.779883, var: 0.003174","mean: 0.158289, var: 0.000538","mean: 0.193262, var: 0.001899","mean: 0.015619, var: 0.000365","mean: 0.178345, var: 0.002713","mean: 0.154114, var: 0.001803","mean: 0.139301, var: 0.005810","mean: 0.744629, var: 0.004551","mean: 0.427393, var: 0.010884","mean: 0.669141, var: 0.006450","mean: 0.072830, var: 0.005802",2.7810455554125895,Moderate
ENSP00000397198,"mean: 0.339160, var: 0.002396","mean: 0.122034, var: 0.000304","mean: 0.113098, var: 0.001194","mean: 0.091010, var: 0.001862","mean: 0.098389, var: 0.000279","mean: 0.954199, var: 0.000097","mean: 0.126630, var: 0.009423","mean: 0.059595, var: 0.000453","mean: 0.065247, var: 0.000127","mean: 0.073871, var: 0.000193","mean: 0.090912, var: 0.003779",2.379234066914896,Moderate
ENSP00000468452,"mean: 0.215137, var: 0.001472","mean: 0.167749, var: 0.000870","mean: 0.159583, var: 0.000901","mean: 0.133911, var: 0.006234","mean: 0.090564, var: 0.000908","mean: 0.955273, var: 0.000017","mean: 0.025461, var: 0.000411","mean: 0.068896, var: 0.000300","mean: 0.056836, var: 0.000140","mean: 0.083020, var: 0.000186","mean: 0.184900, var: 0.004864",2.4128127920809783,Moderate
ENSP00000479619,"mean: 0.089239, var: 0.000780","mean: 0.311304, var: 0.004943","mean: 0.758984, var: 0.002600","mean: 0.154030, var: 0.012397","mean: 0.089771, var: 0.000082","mean: 0.190234, var: 0.007161","mean: 0.016187, var: 0.000636","mean: 0.123877, var: 0.005844","mean: 0.051126, var: 0.000915","mean: 0.035535, var: 0.000335","mean: 0.068503, var: 0.001102",2.388168113673068,Moderate
ENSP00000493140,"mean: 0.062360, var: 0.000123","mean: 0.309814, var: 0.000362","mean: 0.822852, var: 0.005880","mean: 0.234912, var: 0.004347","mean: 0.059869, var: 0.000295","mean: 0.250708, var: 0.006540","mean: 0.009086, var: 0.000149","mean: 0.073071, var: 0.000252","mean: 0.053287, var: 0.000314","mean: 0.050568, var: 0.000307","mean: 0.055225, var: 0.002617",2.253203788607991,Moderate
ENSP00000428877,"mean: 0.208252, var: 0.003983","mean: 0.293359, var: 0.000523","mean: 0.625781, var: 0.007610","mean: 0.081775, var: 0.001464","mean: 0.119116, var: 0.001834","mean: 0.167859, var: 0.003440","mean: 0.034018, var: 0.000823","mean: 0.150842, var: 0.001481","mean: 0.083020, var: 0.000721","mean: 0.157129, var: 0.006308","mean: 0.016685, var: 0.000460",2.703635406693332,Moderate
ENSP00000497996,"mean: 0.083856, var: 0.001646","mean: 0.270996, var: 0.002431","mean: 0.799316, var: 0.012235","mean: 0.100555, var: 0.002244","mean: 0.045436, var: 0.000592","mean: 0.176373, var: 0.008587","mean: 0.012719, var: 0.000231","mean: 0.117712, var: 0.001072","mean: 0.065292, var: 0.000708","mean: 0.081276, var: 0.003635","mean: 0.026707, var: 0.001646",2.2044868204390484,Moderate
ENSP00000389028,"mean: 0.158081, var: 0.000580","mean: 0.207837, var: 0.000950","mean: 0.111267, var: 0.000586","mean: 0.940234, var: 0.000105","mean: 0.180127, var: 0.000748","mean: 0.182397, var: 0.004822","mean: 0.034047, var: 0.000474","mean: 0.230444, var: 0.004671","mean: 0.130579, var: 0.001752","mean: 0.197192, var: 0.001177","mean: 0.030046, var: 0.000645",2.6841085530876883,Moderate
ENSP00000398720,"mean: 0.067938, var: 0.000933","mean: 0.682715, var: 0.005002","mean: 0.492871, var: 0.005470","mean: 0.040347, var: 0.000323","mean: 0.037885, var: 0.000435","mean: 0.222552, var: 0.019082","mean: 0.145734, var: 0.022972","mean: 0.147467, var: 0.008408","mean: 0.095973, var: 0.003413","mean: 0.063705, var: 0.001270","mean: 0.394348, var: 0.058699",2.7101633765000854,Moderate
ENSP00000455260,"mean: 0.132959, var: 0.001388","mean: 0.468848, var: 0.009232","mean: 0.475391, var: 0.004180","mean: 0.140759, var: 0.006639","mean: 0.168799, var: 0.002230","mean: 0.169202, var: 0.003741","mean: 0.005898, var: 0.000026","mean: 0.112531, var: 0.002436","mean: 0.151160, var: 0.003289","mean: 0.169043, var: 0.002036","mean: 0.010126, var: 0.000148",2.762525983097493,Moderate
ENSP00000412919,"mean: 0.081055, var: 0.000742","mean: 0.372314, var: 0.002040","mean: 0.786230, var: 0.003989","mean: 0.038542, var: 0.000490","mean: 0.051489, var: 0.000434","mean: 0.213818, var: 0.000413","mean: 0.005485, var: 0.000025","mean: 0.139417, var: 0.000724","mean: 0.146826, var: 0.007910","mean: 0.093436, var: 0.002466","mean: 0.018430, var: 0.000489",2.248703089303141,Moderate
ENSP00000414177,"mean: 0.141626, var: 0.000834","mean: 0.399951, var: 0.000668","mean: 0.744531, var: 0.005130","mean: 0.022992, var: 0.000036","mean: 0.090228, var: 0.001133","mean: 0.122400, var: 0.001919","mean: 0.005299, var: 0.000031","mean: 0.128125, var: 0.001499","mean: 0.164832, var: 0.001597","mean: 0.137939, var: 0.000476","mean: 0.085803, var: 0.007706",2.495997970083226,Moderate
ENSP00000410912,"mean: 0.173853, var: 0.000652","mean: 0.286133, var: 0.003663","mean: 0.163037, var: 0.001222","mean: 0.297949, var: 0.014367","mean: 0.059689, var: 0.000458","mean: 0.952539, var: 0.000083","mean: 0.176709, var: 0.010797","mean: 0.089026, var: 0.000295","mean: 0.070734, var: 0.000102","mean: 0.067871, var: 0.000332","mean: 0.298438, var: 0.011678",2.7856705494026373,Moderate
ENSP00000404796,"mean: 0.114417, var: 0.000247","mean: 0.347852, var: 0.001237","mean: 0.812500, var: 0.005865","mean: 0.057820, var: 0.001062","mean: 0.076385, var: 0.000461","mean: 0.184302, var: 0.000604","mean: 0.015176, var: 0.000270","mean: 0.081873, var: 0.000115","mean: 0.034583, var: 0.000272","mean: 0.053079, var: 0.000728","mean: 0.024580, var: 0.000539",2.0887658312197646,Moderate
ENSP00000262396,"mean: 0.105615, var: 0.000227","mean: 0.538477, var: 0.017449","mean: 0.520752, var: 0.001957","mean: 0.195105, var: 0.006963","mean: 0.098682, var: 0.000590","mean: 0.196082, var: 0.011803","mean: 0.029668, var: 0.000935","mean: 0.067764, var: 0.001157","mean: 0.131262, var: 0.000906","mean: 0.078250, var: 0.004079","mean: 0.086143, var: 0.011702",2.7412319003881978,Moderate
ENSP00000496136,"mean: 0.112695, var: 0.000181","mean: 0.351611, var: 0.003882","mean: 0.619336, var: 0.003118","mean: 0.126941, var: 0.003712","mean: 0.053235, var: 0.000440","mean: 0.589746, var: 0.008997","mean: 0.019955, var: 0.000288","mean: 0.138586, var: 0.000955","mean: 0.060370, var: 0.000820","mean: 0.128552, var: 0.002795","mean: 0.055843, var: 0.002754",2.586138276823596,Moderate
ENSP00000461145,"mean: 0.149805, var: 0.001258","mean: 0.411768, var: 0.001283","mean: 0.519482, var: 0.003733","mean: 0.093842, var: 0.000817","mean: 0.102704, var: 0.001090","mean: 0.153748, var: 0.006210","mean: 0.011245, var: 0.000059","mean: 0.135950, var: 0.001621","mean: 0.091083, var: 0.001128","mean: 0.111414, var: 0.001590","mean: 0.017152, var: 0.000489",2.587854957281262,Moderate
ENSP00000464158,"mean: 0.944629, var: 0.000881","mean: 0.142566, var: 0.001105","mean: 0.075885, var: 0.000945","mean: 0.070023, var: 0.011453","mean: 0.418115, var: 0.004377","mean: 0.344531, var: 0.005610","mean: 0.034519, var: 0.001401","mean: 0.652539, var: 0.002330","mean: 0.340088, var: 0.002775","mean: 0.631055, var: 0.011095","mean: 0.088785, var: 0.003535",2.71216702669388,Moderate
ENSP00000483473,"mean: 0.770215, var: 0.003838","mean: 0.187524, var: 0.000382","mean: 0.086108, var: 0.000735","mean: 0.385791, var: 0.006027","mean: 0.756152, var: 0.006551","mean: 0.056314, var: 0.000935","mean: 0.012247, var: 0.000109","mean: 0.327246, var: 0.002914","mean: 0.382715, var: 0.002015","mean: 0.263892, var: 0.007476","mean: 0.059883, var: 0.000810",2.7741411691917413,Moderate
ENSP00000355285,"mean: 0.731152, var: 0.006435","mean: 0.144470, var: 0.000592","mean: 0.084802, var: 0.000184","mean: 0.662598, var: 0.009247","mean: 0.671191, var: 0.005034","mean: 0.116992, var: 0.001189","mean: 0.011441, var: 0.000045","mean: 0.256616, var: 0.002834","mean: 0.390381, var: 0.009050","mean: 0.354590, var: 0.005612","mean: 0.031668, var: 0.000327",2.7534068154172857,Moderate
ENSP00000259037,"mean: 0.640918, var: 0.001800","mean: 0.133130, var: 0.000902","mean: 0.086365, var: 0.000371","mean: 0.028323, var: 0.000325","mean: 0.147363, var: 0.001288","mean: 0.952051, var: 0.000054","mean: 0.098938, var: 0.003494","mean: 0.110791, var: 0.000147","mean: 0.040372, var: 0.000099","mean: 0.077454, var: 0.000213","mean: 0.074796, var: 0.003951",2.189267480375763,Moderate
ENSP00000441844,"mean: 0.113843, var: 0.000698","mean: 0.581494, var: 0.005089","mean: 0.567383, var: 0.008378","mean: 0.021077, var: 0.000098","mean: 0.068799, var: 0.000419","mean: 0.362793, var: 0.009152","mean: 0.030264, var: 0.000836","mean: 0.276172, var: 0.011090","mean: 0.117511, var: 0.006520","mean: 0.066278, var: 0.000742","mean: 0.260669, var: 0.026111",2.760692300419645,Moderate
ENSP00000478795,"mean: 0.210571, var: 0.004220","mean: 0.481934, var: 0.006148","mean: 0.421045, var: 0.017599","mean: 0.090793, var: 0.004830","mean: 0.158838, var: 0.002973","mean: 0.515479, var: 0.005147","mean: 0.006794, var: 0.000046","mean: 0.061780, var: 0.000312","mean: 0.117859, var: 0.001163","mean: 0.041913, var: 0.000454","mean: 0.021145, var: 0.000358",2.5681383092564865,Moderate
ENSP00000461965,"mean: 0.087427, var: 0.000101","mean: 0.671582, var: 0.002677","mean: 0.676172, var: 0.001916","mean: 0.067914, var: 0.001676","mean: 0.076514, var: 0.000062","mean: 0.203516, var: 0.001748","mean: 0.032338, var: 0.001136","mean: 0.122375, var: 0.000593","mean: 0.209131, var: 0.000719","mean: 0.141272, var: 0.000720","mean: 0.147946, var: 0.010662",2.7028065085727255,Moderate
ENSP00000438000,"mean: 0.097424, var: 0.000574","mean: 0.347412, var: 0.001817","mean: 0.729102, var: 0.003095","mean: 0.037683, var: 0.000582","mean: 0.051187, var: 0.000369","mean: 0.230640, var: 0.002823","mean: 0.007037, var: 0.000044","mean: 0.127283, var: 0.000649","mean: 0.105487, var: 0.005763","mean: 0.100711, var: 0.002936","mean: 0.021605, var: 0.000466",2.2870796126099773,Moderate
ENSP00000401452,"mean: 0.365723, var: 0.002833","mean: 0.890234, var: 0.001174","mean: 0.134924, var: 0.004625","mean: 0.086368, var: 0.001837","mean: 0.451611, var: 0.002294","mean: 0.241943, var: 0.004683","mean: 0.023045, var: 0.000154","mean: 0.126587, var: 0.002783","mean: 0.181873, var: 0.007191","mean: 0.307715, var: 0.004647","mean: 0.017394, var: 0.000501",2.7471531482129166,Moderate
ENSP00000420933,"mean: 0.083539, var: 0.000221","mean: 0.423926, var: 0.003624","mean: 0.546289, var: 0.013559","mean: 0.131915, var: 0.005747","mean: 0.041479, var: 0.000178","mean: 0.159814, var: 0.010970","mean: 0.019108, var: 0.000442","mean: 0.092987, var: 0.001029","mean: 0.050049, var: 0.000497","mean: 0.132202, var: 0.002382","mean: 0.058685, var: 0.003389",2.4740425749858352,Moderate
ENSP00000437459,"mean: 0.065710, var: 0.000668","mean: 0.382959, var: 0.003910","mean: 0.643750, var: 0.003976","mean: 0.080792, var: 0.001831","mean: 0.035098, var: 0.000120","mean: 0.098358, var: 0.003513","mean: 0.067616, var: 0.003590","mean: 0.082385, var: 0.001335","mean: 0.009925, var: 0.000051","mean: 0.045972, var: 0.000802","mean: 0.020401, var: 0.000349",2.0335223989907254,Moderate
ENSP00000464084,"mean: 0.837695, var: 0.003071","mean: 0.193066, var: 0.000116","mean: 0.125464, var: 0.000181","mean: 0.168848, var: 0.006696","mean: 0.853906, var: 0.006257","mean: 0.094629, var: 0.000739","mean: 0.008005, var: 0.000032","mean: 0.172388, var: 0.002167","mean: 0.452832, var: 0.012376","mean: 0.325391, var: 0.002565","mean: 0.072009, var: 0.002916",2.639873942467073,Moderate
ENSP00000394502,"mean: 0.097388, var: 0.000825","mean: 0.469336, var: 0.003176","mean: 0.734766, var: 0.003443","mean: 0.123462, var: 0.003543","mean: 0.104144, var: 0.001067","mean: 0.175891, var: 0.001705","mean: 0.014758, var: 0.000196","mean: 0.127222, var: 0.002005","mean: 0.172327, var: 0.002330","mean: 0.117993, var: 0.000488","mean: 0.132394, var: 0.006616",2.75521881402122,Moderate
ENSP00000222968,"mean: 0.147168, var: 0.001887","mean: 0.400781, var: 0.001003","mean: 0.639844, var: 0.003532","mean: 0.023695, var: 0.000200","mean: 0.126855, var: 0.000984","mean: 0.140125, var: 0.002247","mean: 0.009143, var: 0.000089","mean: 0.059979, var: 0.000194","mean: 0.070868, var: 0.000881","mean: 0.082385, var: 0.000779","mean: 0.015735, var: 0.000293",2.2303991095664246,Moderate
ENSP00000453631,"mean: 0.025119, var: 0.000079","mean: 0.444434, var: 0.001523","mean: 0.627344, var: 0.001785","mean: 0.175452, var: 0.003814","mean: 0.029800, var: 0.000159","mean: 0.303760, var: 0.018135","mean: 0.012477, var: 0.000168","mean: 0.030063, var: 0.000022","mean: 0.017329, var: 0.000119","mean: 0.032779, var: 0.000186","mean: 0.033131, var: 0.001572",1.9727038738193865,Moderate
ENSP00000465068,"mean: 0.087244, var: 0.000637","mean: 0.366650, var: 0.002479","mean: 0.852441, var: 0.000293","mean: 0.079547, var: 0.003128","mean: 0.075085, var: 0.001296","mean: 0.191138, var: 0.002072","mean: 0.027888, var: 0.000426","mean: 0.093573, var: 0.000874","mean: 0.082507, var: 0.000220","mean: 0.050623, var: 0.000060","mean: 0.027032, var: 0.000592",2.2048014405527296,Moderate
ENSP00000453720,"mean: 0.834473, var: 0.001273","mean: 0.257739, var: 0.001070","mean: 0.155420, var: 0.000884","mean: 0.177930, var: 0.005849","mean: 0.466650, var: 0.003464","mean: 0.052216, var: 0.000757","mean: 0.007837, var: 0.000045","mean: 0.600781, var: 0.006854","mean: 0.366748, var: 0.004530","mean: 0.816992, var: 0.001950","mean: 0.032056, var: 0.000390",2.594189446580657,Moderate
ENSP00000419248,"mean: 0.573438, var: 0.002421","mean: 0.157996, var: 0.001229","mean: 0.093896, var: 0.000339","mean: 0.036214, var: 0.000451","mean: 0.109314, var: 0.000791","mean: 0.940918, var: 0.000084","mean: 0.099506, var: 0.003335","mean: 0.142139, var: 0.000739","mean: 0.043259, var: 0.000072","mean: 0.088745, var: 0.000166","mean: 0.075342, var: 0.004481",2.3045090792074943,Moderate
ENSP00000491581,"mean: 0.268579, var: 0.001075","mean: 0.148950, var: 0.001218","mean: 0.091565, var: 0.000895","mean: 0.053101, var: 0.001313","mean: 0.051233, var: 0.000180","mean: 0.943945, var: 0.000216","mean: 0.305786, var: 0.013329","mean: 0.044055, var: 0.000082","mean: 0.037396, var: 0.000162","mean: 0.041550, var: 0.000140","mean: 0.141907, var: 0.004798",2.250180474427789,Moderate
ENSP00000455088,"mean: 0.189014, var: 0.002192","mean: 0.265454, var: 0.002427","mean: 0.066931, var: 0.000220","mean: 0.086542, var: 0.002763","mean: 0.040161, var: 0.000503","mean: 0.908301, var: 0.000934","mean: 0.428394, var: 0.017761","mean: 0.080472, var: 0.001091","mean: 0.054425, var: 0.000247","mean: 0.076086, var: 0.000754","mean: 0.099915, var: 0.006303",2.4266950345247453,Moderate
ENSP00000467841,"mean: 0.125171, var: 0.001195","mean: 0.251392, var: 0.001932","mean: 0.631592, var: 0.013129","mean: 0.236389, var: 0.009175","mean: 0.072113, var: 0.001091","mean: 0.166302, var: 0.004434","mean: 0.016317, var: 0.000305","mean: 0.120190, var: 0.001142","mean: 0.147253, var: 0.002628","mean: 0.077570, var: 0.001921","mean: 0.082150, var: 0.003950",2.7338459036306246,Moderate
ENSP00000456491,"mean: 0.229858, var: 0.001019","mean: 0.166040, var: 0.000734","mean: 0.138635, var: 0.000497","mean: 0.925781, var: 0.000085","mean: 0.251025, var: 0.001559","mean: 0.140076, var: 0.003018","mean: 0.013282, var: 0.000080","mean: 0.259521, var: 0.002510","mean: 0.222876, var: 0.001511","mean: 0.265918, var: 0.002500","mean: 0.024901, var: 0.000271",2.789927096250717,Moderate
ENSP00000390788,"mean: 0.086438, var: 0.000179","mean: 0.502344, var: 0.002937","mean: 0.635938, var: 0.003228","mean: 0.247827, var: 0.005053","mean: 0.076184, var: 0.000302","mean: 0.174133, var: 0.006486","mean: 0.021974, var: 0.000500","mean: 0.064679, var: 0.000352","mean: 0.129089, var: 0.001989","mean: 0.075708, var: 0.000882","mean: 0.072940, var: 0.003938",2.603222250432316,Moderate
ENSP00000414655,"mean: 0.082581, var: 0.000578","mean: 0.530811, var: 0.002268","mean: 0.611523, var: 0.002276","mean: 0.195996, var: 0.004915","mean: 0.102588, var: 0.001832","mean: 0.133508, var: 0.002238","mean: 0.015575, var: 0.000181","mean: 0.101141, var: 0.001036","mean: 0.160547, var: 0.002196","mean: 0.078357, var: 0.000885","mean: 0.079467, var: 0.006628",2.655735877449758,Moderate
ENSP00000429628,"mean: 0.076428, var: 0.000342","mean: 0.265259, var: 0.005237","mean: 0.669922, var: 0.003884","mean: 0.207642, var: 0.010332","mean: 0.082220, var: 0.001547","mean: 0.107941, var: 0.001760","mean: 0.001859, var: 0.000006","mean: 0.038861, var: 0.000274","mean: 0.089642, var: 0.000783","mean: 0.072656, var: 0.000785","mean: 0.046635, var: 0.001583",2.2765877041474885,Moderate
ENSP00000417632,"mean: 0.153857, var: 0.000487","mean: 0.595215, var: 0.001284","mean: 0.503125, var: 0.002690","mean: 0.072472, var: 0.004389","mean: 0.086240, var: 0.000969","mean: 0.495752, var: 0.014244","mean: 0.026627, var: 0.000530","mean: 0.063190, var: 0.000495","mean: 0.338086, var: 0.005075","mean: 0.197693, var: 0.006536","mean: 0.037528, var: 0.001277",2.773156686491162,Moderate
ENSP00000377133,"mean: 0.106445, var: 0.001607","mean: 0.346436, var: 0.003344","mean: 0.685742, var: 0.002408","mean: 0.053757, var: 0.000994","mean: 0.062616, var: 0.000468","mean: 0.084821, var: 0.001390","mean: 0.028994, var: 0.000886","mean: 0.103955, var: 0.000457","mean: 0.016765, var: 0.000106","mean: 0.037762, var: 0.000157","mean: 0.029167, var: 0.000516",2.03765738826784,Moderate
ENSP00000452763,"mean: 0.111108, var: 0.000244","mean: 0.215063, var: 0.001509","mean: 0.250586, var: 0.000771","mean: 0.137848, var: 0.006164","mean: 0.047391, var: 0.000298","mean: 0.920996, var: 0.000252","mean: 0.136749, var: 0.004433","mean: 0.056445, var: 0.000297","mean: 0.029677, var: 0.000177","mean: 0.026060, var: 0.000291","mean: 0.151965, var: 0.012165",2.334994525878251,Moderate
ENSP00000450519,"mean: 0.079736, var: 0.000089","mean: 0.570703, var: 0.003922","mean: 0.769922, var: 0.001456","mean: 0.094159, var: 0.002213","mean: 0.067578, var: 0.000152","mean: 0.270654, var: 0.003833","mean: 0.084137, var: 0.003332","mean: 0.130859, var: 0.001648","mean: 0.083264, var: 0.000087","mean: 0.070239, var: 0.000515","mean: 0.138507, var: 0.007387",2.623056318685163,Moderate
ENSP00000464646,"mean: 0.239063, var: 0.003170","mean: 0.446924, var: 0.002027","mean: 0.512598, var: 0.006021","mean: 0.111230, var: 0.001740","mean: 0.152771, var: 0.002976","mean: 0.274390, var: 0.002974","mean: 0.013164, var: 0.000203","mean: 0.131421, var: 0.000559","mean: 0.106943, var: 0.005759","mean: 0.061078, var: 0.001892","mean: 0.040865, var: 0.003577",2.7949270540101017,Moderate
ENSP00000452909,"mean: 0.150903, var: 0.000444","mean: 0.190808, var: 0.001533","mean: 0.180762, var: 0.000546","mean: 0.138635, var: 0.005225","mean: 0.046973, var: 0.000248","mean: 0.928613, var: 0.000276","mean: 0.226978, var: 0.008251","mean: 0.062720, var: 0.000526","mean: 0.030855, var: 0.000147","mean: 0.042604, var: 0.000766","mean: 0.146466, var: 0.012422",2.4304059443296038,Moderate
ENSP00000436839,"mean: 0.085577, var: 0.001505","mean: 0.805566, var: 0.004573","mean: 0.536328, var: 0.014823","mean: 0.172900, var: 0.002448","mean: 0.076128, var: 0.001869","mean: 0.711572, var: 0.031003","mean: 0.076642, var: 0.002662","mean: 0.070160, var: 0.000841","mean: 0.271313, var: 0.008775","mean: 0.156006, var: 0.014969","mean: 0.767139, var: 0.040349",2.6907172960071524,Moderate
ENSP00000430322,"mean: 0.197876, var: 0.000899","mean: 0.281445, var: 0.004861","mean: 0.219458, var: 0.003316","mean: 0.066840, var: 0.002753","mean: 0.075800, var: 0.000790","mean: 0.960254, var: 0.000299","mean: 0.046170, var: 0.000754","mean: 0.039285, var: 0.000074","mean: 0.044305, var: 0.000171","mean: 0.051709, var: 0.000585","mean: 0.021471, var: 0.000786",2.068425086900169,Moderate
ENSP00000398116,"mean: 0.068689, var: 0.001365","mean: 0.357178, var: 0.002805","mean: 0.602637, var: 0.014216","mean: 0.036079, var: 0.000878","mean: 0.066895, var: 0.000795","mean: 0.143399, var: 0.018364","mean: 0.037746, var: 0.001467","mean: 0.060748, var: 0.000309","mean: 0.033331, var: 0.000525","mean: 0.032426, var: 0.000545","mean: 0.012809, var: 0.000341",2.010375129673616,Moderate
ENSP00000342814,"mean: 0.761328, var: 0.003408","mean: 0.184546, var: 0.000453","mean: 0.086835, var: 0.000762","mean: 0.432715, var: 0.003611","mean: 0.772168, var: 0.004976","mean: 0.055869, var: 0.000742","mean: 0.012113, var: 0.000100","mean: 0.294434, var: 0.003529","mean: 0.420605, var: 0.001127","mean: 0.240308, var: 0.006773","mean: 0.052818, var: 0.000541",2.7306601184594363,Moderate
ENSP00000465770,"mean: 0.237061, var: 0.001292","mean: 0.136633, var: 0.000987","mean: 0.094470, var: 0.000666","mean: 0.079791, var: 0.001901","mean: 0.073962, var: 0.000591","mean: 0.964355, var: 0.000039","mean: 0.057330, var: 0.001616","mean: 0.060126, var: 0.000519","mean: 0.048138, var: 0.000040","mean: 0.069061, var: 0.000104","mean: 0.293018, var: 0.007349",2.2886921911836375,Moderate
ENSP00000436445,"mean: 0.111768, var: 0.000771","mean: 0.377881, var: 0.003340","mean: 0.736426, var: 0.004908","mean: 0.405908, var: 0.003342","mean: 0.106213, var: 0.001196","mean: 0.100690, var: 0.001033","mean: 0.039328, var: 0.000509","mean: 0.088855, var: 0.000156","mean: 0.091321, var: 0.000473","mean: 0.161987, var: 0.000669","mean: 0.025389, var: 0.001006",2.62230801826154,Moderate
ENSP00000406227,"mean: 0.055432, var: 0.000254","mean: 0.444824, var: 0.002107","mean: 0.735840, var: 0.001637","mean: 0.060190, var: 0.001160","mean: 0.039166, var: 0.000066","mean: 0.230762, var: 0.003742","mean: 0.040952, var: 0.001471","mean: 0.073444, var: 0.001131","mean: 0.058081, var: 0.000597","mean: 0.080719, var: 0.000722","mean: 0.047334, var: 0.003524",2.2162984847600784,Moderate
ENSP00000453029,"mean: 0.164746, var: 0.000547","mean: 0.200439, var: 0.001718","mean: 0.209985, var: 0.001345","mean: 0.129272, var: 0.006199","mean: 0.068201, var: 0.000794","mean: 0.932227, var: 0.000200","mean: 0.156915, var: 0.005107","mean: 0.051233, var: 0.000190","mean: 0.034952, var: 0.000299","mean: 0.035736, var: 0.000367","mean: 0.090677, var: 0.004543",2.3568011930994373,Moderate
ENSP00000297613,"mean: 0.123071, var: 0.000903","mean: 0.550977, var: 0.011029","mean: 0.581934, var: 0.003806","mean: 0.028741, var: 0.000806","mean: 0.093054, var: 0.000425","mean: 0.596240, var: 0.012136","mean: 0.007742, var: 0.000071","mean: 0.105432, var: 0.000181","mean: 0.219482, var: 0.014603","mean: 0.139307, var: 0.002216","mean: 0.110535, var: 0.009779",2.658304440558586,Moderate
ENSP00000449144,"mean: 0.312744, var: 0.002449","mean: 0.246704, var: 0.001495","mean: 0.222021, var: 0.000877","mean: 0.042100, var: 0.001304","mean: 0.077002, var: 0.001412","mean: 0.868164, var: 0.001079","mean: 0.065393, var: 0.001773","mean: 0.212122, var: 0.006929","mean: 0.084930, var: 0.000565","mean: 0.093915, var: 0.001994","mean: 0.118845, var: 0.016433",2.6884348917388188,Moderate
ENSP00000403659,"mean: 0.094885, var: 0.000138","mean: 0.528320, var: 0.002862","mean: 0.662305, var: 0.003556","mean: 0.195093, var: 0.004806","mean: 0.113318, var: 0.000334","mean: 0.207153, var: 0.000644","mean: 0.017831, var: 0.000246","mean: 0.117517, var: 0.000563","mean: 0.156213, var: 0.000793","mean: 0.100604, var: 0.000738","mean: 0.036995, var: 0.001095",2.6916179074499493,Moderate
ENSP00000301587,"mean: 0.257812, var: 0.000255","mean: 0.269751, var: 0.010209","mean: 0.162439, var: 0.002696","mean: 0.049042, var: 0.001311","mean: 0.040894, var: 0.000314","mean: 0.946680, var: 0.000664","mean: 0.059452, var: 0.003250","mean: 0.041086, var: 0.000186","mean: 0.018241, var: 0.000109","mean: 0.058286, var: 0.000606","mean: 0.070532, var: 0.005268",2.0533010889770593,Moderate
ENSP00000455108,"mean: 0.077112, var: 0.000242","mean: 0.426855, var: 0.006544","mean: 0.716699, var: 0.002282","mean: 0.149463, var: 0.007211","mean: 0.058850, var: 0.000259","mean: 0.331885, var: 0.011823","mean: 0.006806, var: 0.000050","mean: 0.151282, var: 0.003373","mean: 0.035921, var: 0.000298","mean: 0.099994, var: 0.002602","mean: 0.013103, var: 0.000165",2.3427852563699716,Moderate
ENSP00000436668,"mean: 0.833887, var: 0.008546","mean: 0.140710, var: 0.000507","mean: 0.071857, var: 0.000105","mean: 0.100552, var: 0.002467","mean: 0.798438, var: 0.010721","mean: 0.173608, var: 0.006238","mean: 0.006985, var: 0.000029","mean: 0.331519, var: 0.006012","mean: 0.275293, var: 0.006056","mean: 0.205078, var: 0.002322","mean: 0.036184, var: 0.000667",2.532129945294809,Moderate
ENSP00000451212,"mean: 0.060352, var: 0.000244","mean: 0.378564, var: 0.006063","mean: 0.750293, var: 0.001842","mean: 0.194519, var: 0.004228","mean: 0.053775, var: 0.000329","mean: 0.229578, var: 0.006635","mean: 0.007915, var: 0.000106","mean: 0.106726, var: 0.000102","mean: 0.096698, var: 0.000977","mean: 0.084985, var: 0.001965","mean: 0.072594, var: 0.003390",2.4691196120335817,Moderate
ENSP00000420164,"mean: 0.210034, var: 0.000949","mean: 0.220532, var: 0.000136","mean: 0.112000, var: 0.000371","mean: 0.942578, var: 0.000077","mean: 0.330786, var: 0.004245","mean: 0.138550, var: 0.004724","mean: 0.005612, var: 0.000024","mean: 0.251245, var: 0.001016","mean: 0.420117, var: 0.008253","mean: 0.499902, var: 0.012311","mean: 0.024931, var: 0.000156",2.7809757138092603,Moderate
ENSP00000501630,"mean: 0.256055, var: 0.003177","mean: 0.193604, var: 0.001035","mean: 0.201929, var: 0.001531","mean: 0.131659, var: 0.005329","mean: 0.113025, var: 0.001702","mean: 0.920117, var: 0.000317","mean: 0.053813, var: 0.001327","mean: 0.084650, var: 0.000413","mean: 0.050055, var: 0.000048","mean: 0.117200, var: 0.000684","mean: 0.135602, var: 0.005561",2.618107051519891,Moderate
ENSP00000506942,"mean: 0.063098, var: 0.000628","mean: 0.238379, var: 0.004537","mean: 0.827930, var: 0.003124","mean: 0.178296, var: 0.003744","mean: 0.058661, var: 0.000609","mean: 0.126434, var: 0.004141","mean: 0.001867, var: 0.000005","mean: 0.081604, var: 0.000046","mean: 0.053333, var: 0.000407","mean: 0.074695, var: 0.000534","mean: 0.006633, var: 0.000049",2.007359795823236,Moderate
ENSP00000454720,"mean: 0.243091, var: 0.003472","mean: 0.184839, var: 0.003876","mean: 0.474658, var: 0.020821","mean: 0.095222, var: 0.005665","mean: 0.175842, var: 0.004402","mean: 0.350000, var: 0.011690","mean: 0.049040, var: 0.002916","mean: 0.039041, var: 0.000264","mean: 0.023141, var: 0.000121","mean: 0.017364, var: 0.000178","mean: 0.249731, var: 0.043003",2.6850453342163587,Moderate
ENSP00000359346,"mean: 0.801172, var: 0.001158","mean: 0.113245, var: 0.000847","mean: 0.245361, var: 0.009616","mean: 0.021486, var: 0.000346","mean: 0.080310, var: 0.000329","mean: 0.879590, var: 0.000885","mean: 0.100861, var: 0.000910","mean: 0.357373, var: 0.000898","mean: 0.075775, var: 0.001352","mean: 0.141028, var: 0.003563","mean: 0.065205, var: 0.007486",2.4157781726116347,Moderate
ENSP00000408121,"mean: 0.068207, var: 0.000603","mean: 0.334814, var: 0.000455","mean: 0.826660, var: 0.007774","mean: 0.185840, var: 0.004886","mean: 0.072827, var: 0.000592","mean: 0.097308, var: 0.003421","mean: 0.015271, var: 0.000170","mean: 0.082581, var: 0.000229","mean: 0.027516, var: 0.000297","mean: 0.047836, var: 0.000475","mean: 0.010555, var: 0.000221",1.999241829406696,Moderate
ENSP00000423915,"mean: 0.050714, var: 0.000181","mean: 0.253613, var: 0.001189","mean: 0.871387, var: 0.002297","mean: 0.093311, var: 0.003791","mean: 0.031256, var: 0.000083","mean: 0.220020, var: 0.004007","mean: 0.013997, var: 0.000345","mean: 0.044196, var: 0.000019","mean: 0.073993, var: 0.000296","mean: 0.036731, var: 0.000171","mean: 0.184332, var: 0.009215",2.105206421708189,Moderate
ENSP00000361966,"mean: 0.465723, var: 0.004658","mean: 0.167456, var: 0.000979","mean: 0.122400, var: 0.000724","mean: 0.068201, var: 0.001799","mean: 0.132910, var: 0.000703","mean: 0.963477, var: 0.000040","mean: 0.039903, var: 0.000957","mean: 0.100342, var: 0.000432","mean: 0.059003, var: 0.000109","mean: 0.104517, var: 0.000454","mean: 0.138574, var: 0.003874",2.435589447940284,Moderate
ENSP00000472057,"mean: 0.044424, var: 0.000174","mean: 0.430957, var: 0.003865","mean: 0.745898, var: 0.001749","mean: 0.491455, var: 0.005845","mean: 0.042734, var: 0.000139","mean: 0.168103, var: 0.005458","mean: 0.212219, var: 0.006867","mean: 0.056104, var: 0.000178","mean: 0.038818, var: 0.000127","mean: 0.057092, var: 0.000243","mean: 0.088597, var: 0.006075",2.4982566063086664,Moderate
ENSP00000465618,"mean: 0.224341, var: 0.001105","mean: 0.144604, var: 0.000964","mean: 0.107336, var: 0.000753","mean: 0.080865, var: 0.002046","mean: 0.062646, var: 0.000355","mean: 0.965039, var: 0.000021","mean: 0.063687, var: 0.001744","mean: 0.062982, var: 0.000496","mean: 0.052802, var: 0.000057","mean: 0.070337, var: 0.000103","mean: 0.322485, var: 0.004204",2.322224017644795,Moderate
ENSP00000455278,"mean: 0.241528, var: 0.001547","mean: 0.339087, var: 0.004872","mean: 0.535645, var: 0.003788","mean: 0.063403, var: 0.000227","mean: 0.082910, var: 0.000227","mean: 0.074402, var: 0.001607","mean: 0.008782, var: 0.000056","mean: 0.123767, var: 0.000029","mean: 0.360693, var: 0.013687","mean: 0.340723, var: 0.006610","mean: 0.014525, var: 0.000193",2.7152218331584517,Moderate
ENSP00000261267,"mean: 0.123596, var: 0.000470","mean: 0.100073, var: 0.000152","mean: 0.056268, var: 0.000094","mean: 0.901660, var: 0.002655","mean: 0.129883, var: 0.000458","mean: 0.073691, var: 0.001132","mean: 0.025812, var: 0.000055","mean: 0.156848, var: 0.001399","mean: 0.304639, var: 0.002723","mean: 0.119556, var: 0.001874","mean: 0.025682, var: 0.000291",2.296332169084518,Moderate
ENSP00000385226,"mean: 0.129724, var: 0.001765","mean: 0.354297, var: 0.003000","mean: 0.753223, var: 0.004794","mean: 0.042917, var: 0.000566","mean: 0.079828, var: 0.000740","mean: 0.386523, var: 0.009455","mean: 0.075677, var: 0.001780","mean: 0.071094, var: 0.000828","mean: 0.242920, var: 0.007079","mean: 0.138086, var: 0.001292","mean: 0.030425, var: 0.002023",2.6570471152132766,Moderate
ENSP00000464478,"mean: 0.150061, var: 0.001027","mean: 0.698828, var: 0.002785","mean: 0.490332, var: 0.003136","mean: 0.058343, var: 0.002036","mean: 0.136694, var: 0.001444","mean: 0.149597, var: 0.001579","mean: 0.047675, var: 0.000722","mean: 0.070093, var: 0.000242","mean: 0.144397, var: 0.001489","mean: 0.180212, var: 0.004901","mean: 0.035510, var: 0.002325",2.6446746426763865,Moderate
ENSP00000450403,"mean: 0.275854, var: 0.001574","mean: 0.139539, var: 0.000585","mean: 0.085242, var: 0.000606","mean: 0.079041, var: 0.001531","mean: 0.081659, var: 0.000613","mean: 0.953223, var: 0.000066","mean: 0.145569, var: 0.007460","mean: 0.037268, var: 0.000060","mean: 0.034888, var: 0.000048","mean: 0.052832, var: 0.000167","mean: 0.085303, var: 0.002511",2.1763224008272317,Moderate
ENSP00000330737,"mean: 0.370459, var: 0.003562","mean: 0.208716, var: 0.001501","mean: 0.162354, var: 0.000374","mean: 0.040686, var: 0.000950","mean: 0.092682, var: 0.001866","mean: 0.919824, var: 0.001092","mean: 0.059384, var: 0.000983","mean: 0.178162, var: 0.004844","mean: 0.085645, var: 0.000600","mean: 0.082697, var: 0.001372","mean: 0.108202, var: 0.019142",2.549875263840127,Moderate
ENSP00000481248,"mean: 0.103760, var: 0.000259","mean: 0.416992, var: 0.003365","mean: 0.736133, var: 0.001673","mean: 0.073589, var: 0.002345","mean: 0.074750, var: 0.000840","mean: 0.225049, var: 0.007229","mean: 0.053473, var: 0.002460","mean: 0.099573, var: 0.000320","mean: 0.099658, var: 0.000796","mean: 0.064992, var: 0.001037","mean: 0.083244, var: 0.005955",2.5475748028911274,Moderate
ENSP00000471413,"mean: 0.832324, var: 0.003622","mean: 0.262280, var: 0.002991","mean: 0.165381, var: 0.000077","mean: 0.145239, var: 0.005874","mean: 0.612891, var: 0.015451","mean: 0.060071, var: 0.000590","mean: 0.004070, var: 0.000015","mean: 0.392578, var: 0.006345","mean: 0.370361, var: 0.008855","mean: 0.625098, var: 0.002421","mean: 0.042141, var: 0.001582",2.7350800720222965,Moderate
ENSP00000433055,"mean: 0.719727, var: 0.005950","mean: 0.115405, var: 0.000090","mean: 0.138318, var: 0.000458","mean: 0.216028, var: 0.007797","mean: 0.779004, var: 0.008595","mean: 0.109225, var: 0.001940","mean: 0.024986, var: 0.000265","mean: 0.259277, var: 0.007421","mean: 0.408105, var: 0.006909","mean: 0.192603, var: 0.001792","mean: 0.010520, var: 0.000138",2.700043906998631,Moderate
ENSP00000420102,"mean: 0.075629, var: 0.000310","mean: 0.317822, var: 0.001307","mean: 0.747070, var: 0.002388","mean: 0.148132, var: 0.006167","mean: 0.057935, var: 0.000130","mean: 0.070386, var: 0.000909","mean: 0.014906, var: 0.000159","mean: 0.059387, var: 0.000104","mean: 0.061047, var: 0.000234","mean: 0.038821, var: 0.000622","mean: 0.028750, var: 0.001024",2.0413453312672156,Moderate
ENSP00000486994,"mean: 0.086658, var: 0.000508","mean: 0.287939, var: 0.000472","mean: 0.805078, var: 0.002829","mean: 0.271716, var: 0.008528","mean: 0.083966, var: 0.000427","mean: 0.089038, var: 0.001388","mean: 0.008502, var: 0.000074","mean: 0.089667, var: 0.001197","mean: 0.047418, var: 0.000056","mean: 0.039787, var: 0.000670","mean: 0.039859, var: 0.001850",2.1804680755265546,Moderate
ENSP00000444620,"mean: 0.082159, var: 0.000462","mean: 0.520752, var: 0.003623","mean: 0.823340, var: 0.004768","mean: 0.041376, var: 0.000791","mean: 0.118530, var: 0.000687","mean: 0.131824, var: 0.002056","mean: 0.008539, var: 0.000055","mean: 0.066663, var: 0.000223","mean: 0.092218, var: 0.000439","mean: 0.069739, var: 0.000445","mean: 0.038958, var: 0.001335",2.109982169588727,Moderate
ENSP00000422141,"mean: 0.112183, var: 0.000891","mean: 0.318213, var: 0.001580","mean: 0.731445, var: 0.004114","mean: 0.088574, var: 0.003862","mean: 0.081177, var: 0.000245","mean: 0.253027, var: 0.005936","mean: 0.037990, var: 0.000820","mean: 0.097424, var: 0.001059","mean: 0.079486, var: 0.000379","mean: 0.065619, var: 0.000471","mean: 0.119363, var: 0.009874",2.589632949703388,Moderate
ENSP00000419914,"mean: 0.131812, var: 0.001992","mean: 0.628809, var: 0.009952","mean: 0.617969, var: 0.001082","mean: 0.095786, var: 0.004243","mean: 0.173755, var: 0.003740","mean: 0.232202, var: 0.001566","mean: 0.025117, var: 0.000427","mean: 0.051605, var: 0.000074","mean: 0.069080, var: 0.000860","mean: 0.088068, var: 0.000673","mean: 0.080823, var: 0.003456",2.571477885211866,Moderate
ENSP00000392738,"mean: 0.088177, var: 0.000789","mean: 0.407031, var: 0.000628","mean: 0.710449, var: 0.009203","mean: 0.041347, var: 0.000758","mean: 0.030838, var: 0.000259","mean: 0.123578, var: 0.001817","mean: 0.010828, var: 0.000078","mean: 0.071777, var: 0.000460","mean: 0.052432, var: 0.000928","mean: 0.091901, var: 0.001452","mean: 0.018518, var: 0.000457",2.006166093218884,Moderate
ENSP00000468298,"mean: 0.073108, var: 0.000032","mean: 0.448828, var: 0.005973","mean: 0.713281, var: 0.004967","mean: 0.392090, var: 0.008048","mean: 0.084216, var: 0.000226","mean: 0.394092, var: 0.000425","mean: 0.070605, var: 0.003225","mean: 0.136682, var: 0.001616","mean: 0.093188, var: 0.000371","mean: 0.077234, var: 0.000392","mean: 0.062958, var: 0.002938",2.7864474038512466,Moderate
ENSP00000433637,"mean: 0.132764, var: 0.001349","mean: 0.375488, var: 0.010230","mean: 0.712793, var: 0.002774","mean: 0.058450, var: 0.001909","mean: 0.090009, var: 0.003939","mean: 0.085193, var: 0.001361","mean: 0.012324, var: 0.000127","mean: 0.043521, var: 0.000143","mean: 0.052768, var: 0.000561","mean: 0.111340, var: 0.002742","mean: 0.029628, var: 0.000987",2.164219586914744,Moderate
ENSP00000497750,"mean: 0.204199, var: 0.000914","mean: 0.300610, var: 0.006343","mean: 0.207861, var: 0.003324","mean: 0.041740, var: 0.000886","mean: 0.073022, var: 0.000399","mean: 0.956152, var: 0.000162","mean: 0.028860, var: 0.000303","mean: 0.036877, var: 0.000130","mean: 0.051639, var: 0.000400","mean: 0.052997, var: 0.000683","mean: 0.018758, var: 0.000436",1.9861061666877629,Moderate
ENSP00000452443,"mean: 0.076929, var: 0.000297","mean: 0.452344, var: 0.004923","mean: 0.735938, var: 0.004818","mean: 0.205542, var: 0.008106","mean: 0.055011, var: 0.000222","mean: 0.166235, var: 0.002324","mean: 0.056842, var: 0.003060","mean: 0.173096, var: 0.003301","mean: 0.106897, var: 0.000622","mean: 0.056567, var: 0.000583","mean: 0.142493, var: 0.004715",2.710545422929931,Moderate
ENSP00000449898,"mean: 0.150500, var: 0.000833","mean: 0.148840, var: 0.000494","mean: 0.108392, var: 0.001357","mean: 0.837305, var: 0.003461","mean: 0.109375, var: 0.000401","mean: 0.108109, var: 0.003106","mean: 0.025745, var: 0.000173","mean: 0.205688, var: 0.001814","mean: 0.276050, var: 0.004918","mean: 0.150922, var: 0.004729","mean: 0.061009, var: 0.002537",2.671438759354733,Moderate
ENSP00000419656,"mean: 0.329712, var: 0.003742","mean: 0.180664, var: 0.001200","mean: 0.123718, var: 0.000686","mean: 0.055231, var: 0.001143","mean: 0.148706, var: 0.001055","mean: 0.946484, var: 0.000048","mean: 0.108276, var: 0.002662","mean: 0.080518, var: 0.000852","mean: 0.042841, var: 0.000037","mean: 0.055579, var: 0.000157","mean: 0.077023, var: 0.003974",2.365516318482484,Moderate
ENSP00000417849,"mean: 0.102002, var: 0.000324","mean: 0.323291, var: 0.001310","mean: 0.654785, var: 0.001988","mean: 0.072995, var: 0.004616","mean: 0.087671, var: 0.000889","mean: 0.118637, var: 0.003755","mean: 0.007012, var: 0.000021","mean: 0.107153, var: 0.002759","mean: 0.073389, var: 0.000824","mean: 0.063840, var: 0.001027","mean: 0.007665, var: 0.000042",2.2113112344157937,Moderate
ENSP00000344230,"mean: 0.243994, var: 0.000367","mean: 0.262500, var: 0.009075","mean: 0.150659, var: 0.001673","mean: 0.045360, var: 0.001260","mean: 0.044345, var: 0.000413","mean: 0.954395, var: 0.000692","mean: 0.073424, var: 0.005316","mean: 0.035831, var: 0.000121","mean: 0.017360, var: 0.000079","mean: 0.048303, var: 0.000345","mean: 0.071568, var: 0.005528",2.0199544535865375,Moderate
ENSP00000342787,"mean: 0.091833, var: 0.000127","mean: 0.192053, var: 0.001902","mean: 0.211865, var: 0.002373","mean: 0.090344, var: 0.003365","mean: 0.037567, var: 0.000183","mean: 0.937402, var: 0.000097","mean: 0.225769, var: 0.007538","mean: 0.028711, var: 0.000085","mean: 0.018041, var: 0.000057","mean: 0.014797, var: 0.000081","mean: 0.058535, var: 0.004659",2.0048617588471416,Moderate
ENSP00000387102,"mean: 0.080481, var: 0.000090","mean: 0.372021, var: 0.004940","mean: 0.775684, var: 0.008780","mean: 0.511084, var: 0.030133","mean: 0.066357, var: 0.000185","mean: 0.185730, var: 0.002599","mean: 0.080593, var: 0.007897","mean: 0.101349, var: 0.001281","mean: 0.033830, var: 0.000522","mean: 0.096350, var: 0.000909","mean: 0.030998, var: 0.001995",2.486055578794791,Moderate
ENSP00000481703,"mean: 0.603711, var: 0.001726","mean: 0.140955, var: 0.000807","mean: 0.097437, var: 0.000360","mean: 0.025172, var: 0.000285","mean: 0.147290, var: 0.001306","mean: 0.949512, var: 0.000063","mean: 0.133301, var: 0.006064","mean: 0.093262, var: 0.000095","mean: 0.040344, var: 0.000131","mean: 0.072833, var: 0.000284","mean: 0.090393, var: 0.006209",2.2591659627140888,Moderate
ENSP00000431594,"mean: 0.084210, var: 0.000854","mean: 0.411865, var: 0.005594","mean: 0.797266, var: 0.001316","mean: 0.188037, var: 0.016598","mean: 0.068860, var: 0.000129","mean: 0.123596, var: 0.002436","mean: 0.008623, var: 0.000102","mean: 0.106470, var: 0.000965","mean: 0.072357, var: 0.000522","mean: 0.039058, var: 0.000243","mean: 0.036921, var: 0.000691",2.2291851473920827,Moderate
ENSP00000380435,"mean: 0.888672, var: 0.000784","mean: 0.099133, var: 0.001266","mean: 0.099011, var: 0.000809","mean: 0.067474, var: 0.000590","mean: 0.569873, var: 0.009745","mean: 0.050577, var: 0.000353","mean: 0.015292, var: 0.000288","mean: 0.387793, var: 0.003288","mean: 0.495068, var: 0.017140","mean: 0.319482, var: 0.006867","mean: 0.072809, var: 0.002077",2.550926913353838,Moderate
ENSP00000255764,"mean: 0.207373, var: 0.001264","mean: 0.540430, var: 0.007083","mean: 0.491699, var: 0.003654","mean: 0.035284, var: 0.000762","mean: 0.114172, var: 0.000071","mean: 0.158728, var: 0.003338","mean: 0.006816, var: 0.000036","mean: 0.092285, var: 0.000604","mean: 0.335010, var: 0.006509","mean: 0.156738, var: 0.003489","mean: 0.063802, var: 0.007415",2.752098152093582,Moderate
ENSP00000389518,"mean: 0.049524, var: 0.000118","mean: 0.379980, var: 0.002063","mean: 0.794629, var: 0.001282","mean: 0.102997, var: 0.006922","mean: 0.035397, var: 0.000033","mean: 0.150891, var: 0.002992","mean: 0.180176, var: 0.003973","mean: 0.052942, var: 0.000145","mean: 0.032742, var: 0.000236","mean: 0.133398, var: 0.005880","mean: 0.039073, var: 0.002296",2.3086524546294247,Moderate
ENSP00000469138,"mean: 0.087177, var: 0.000319","mean: 0.568262, var: 0.012616","mean: 0.682715, var: 0.003354","mean: 0.102612, var: 0.001594","mean: 0.100092, var: 0.001341","mean: 0.258496, var: 0.001075","mean: 0.006303, var: 0.000065","mean: 0.108685, var: 0.001216","mean: 0.065851, var: 0.000204","mean: 0.121899, var: 0.005331","mean: 0.023704, var: 0.000651",2.4056833216708795,Moderate
ENSP00000485966,"mean: 0.281494, var: 0.001035","mean: 0.187451, var: 0.001577","mean: 0.067755, var: 0.000157","mean: 0.149597, var: 0.004694","mean: 0.064087, var: 0.000447","mean: 0.933691, var: 0.000361","mean: 0.355811, var: 0.006341","mean: 0.070038, var: 0.000515","mean: 0.029660, var: 0.000033","mean: 0.056799, var: 0.000019","mean: 0.094562, var: 0.005163",2.4215751179675697,Moderate
ENSP00000446944,"mean: 0.145093, var: 0.000609","mean: 0.277856, var: 0.004658","mean: 0.759375, var: 0.005448","mean: 0.084468, var: 0.001382","mean: 0.046594, var: 0.000205","mean: 0.215820, var: 0.014117","mean: 0.019528, var: 0.000131","mean: 0.113733, var: 0.001021","mean: 0.079120, var: 0.001012","mean: 0.127832, var: 0.003837","mean: 0.055060, var: 0.001802",2.474895978873171,Moderate
ENSP00000429741,"mean: 0.109338, var: 0.000743","mean: 0.543066, var: 0.002955","mean: 0.729492, var: 0.000817","mean: 0.037907, var: 0.000733","mean: 0.089563, var: 0.000333","mean: 0.221130, var: 0.007297","mean: 0.037039, var: 0.001250","mean: 0.083466, var: 0.000184","mean: 0.106555, var: 0.000651","mean: 0.140149, var: 0.001456","mean: 0.120720, var: 0.004881",2.5760493776326205,Moderate
ENSP00000388737,"mean: 0.041626, var: 0.000130","mean: 0.394629, var: 0.002758","mean: 0.868555, var: 0.003736","mean: 0.133374, var: 0.002569","mean: 0.035629, var: 0.000286","mean: 0.155548, var: 0.006276","mean: 0.020590, var: 0.000567","mean: 0.150867, var: 0.002625","mean: 0.063943, var: 0.001285","mean: 0.041408, var: 0.000378","mean: 0.070720, var: 0.003194",2.158925655271973,Moderate
ENSP00000468584,"mean: 0.228003, var: 0.001079","mean: 0.151355, var: 0.000835","mean: 0.101465, var: 0.000657","mean: 0.088531, var: 0.002387","mean: 0.067822, var: 0.000451","mean: 0.963965, var: 0.000041","mean: 0.068289, var: 0.001995","mean: 0.059491, var: 0.000377","mean: 0.046875, var: 0.000065","mean: 0.071149, var: 0.000061","mean: 0.380029, var: 0.010994",2.3378698429638827,Moderate
ENSP00000386645,"mean: 0.121008, var: 0.000752","mean: 0.360938, var: 0.005587","mean: 0.781543, var: 0.007566","mean: 0.358643, var: 0.023888","mean: 0.110907, var: 0.000796","mean: 0.252905, var: 0.005224","mean: 0.021568, var: 0.000512","mean: 0.112036, var: 0.001182","mean: 0.051248, var: 0.001113","mean: 0.118005, var: 0.001899","mean: 0.028957, var: 0.001685",2.6103345400178366,Moderate
ENSP00000467551,"mean: 0.138696, var: 0.001364","mean: 0.256006, var: 0.002220","mean: 0.707617, var: 0.003366","mean: 0.194006, var: 0.008829","mean: 0.108264, var: 0.000894","mean: 0.131146, var: 0.001543","mean: 0.005182, var: 0.000038","mean: 0.078363, var: 0.000381","mean: 0.105457, var: 0.000520","mean: 0.049612, var: 0.000990","mean: 0.040266, var: 0.002307",2.4351861325453084,Moderate
ENSP00000474372,"mean: 0.082373, var: 0.001042","mean: 0.494238, var: 0.003188","mean: 0.637988, var: 0.001927","mean: 0.036916, var: 0.000867","mean: 0.045483, var: 0.000399","mean: 0.077827, var: 0.003999","mean: 0.051862, var: 0.003871","mean: 0.137732, var: 0.003357","mean: 0.083215, var: 0.004224","mean: 0.187732, var: 0.004129","mean: 0.016293, var: 0.000584",2.3162715858857017,Moderate
ENSP00000426331,"mean: 0.255249, var: 0.001157","mean: 0.192627, var: 0.001299","mean: 0.149536, var: 0.000732","mean: 0.132019, var: 0.005017","mean: 0.103381, var: 0.000667","mean: 0.946582, var: 0.000033","mean: 0.054224, var: 0.000961","mean: 0.090967, var: 0.000411","mean: 0.068152, var: 0.000228","mean: 0.129260, var: 0.000396","mean: 0.193420, var: 0.004974",2.6452349228066274,Moderate
ENSP00000369176,"mean: 0.721094, var: 0.000986","mean: 0.124475, var: 0.000656","mean: 0.155579, var: 0.001394","mean: 0.073366, var: 0.001836","mean: 0.067859, var: 0.000451","mean: 0.861621, var: 0.000511","mean: 0.055792, var: 0.002409","mean: 0.235889, var: 0.001490","mean: 0.077002, var: 0.000674","mean: 0.131409, var: 0.001682","mean: 0.079726, var: 0.004592",2.45465800443787,Moderate
ENSP00000421946,"mean: 0.067853, var: 0.000533","mean: 0.439502, var: 0.007417","mean: 0.817676, var: 0.001627","mean: 0.158008, var: 0.006565","mean: 0.053589, var: 0.000093","mean: 0.084906, var: 0.003198","mean: 0.007011, var: 0.000067","mean: 0.074927, var: 0.000891","mean: 0.050098, var: 0.000523","mean: 0.063641, var: 0.000544","mean: 0.011212, var: 0.000184",1.9707862846337816,Moderate
ENSP00000393616,"mean: 0.166931, var: 0.003144","mean: 0.665527, var: 0.001258","mean: 0.457471, var: 0.000740","mean: 0.122168, var: 0.003726","mean: 0.302222, var: 0.006503","mean: 0.097400, var: 0.001057","mean: 0.022895, var: 0.000476","mean: 0.086121, var: 0.000770","mean: 0.045319, var: 0.000103","mean: 0.091724, var: 0.001109","mean: 0.023250, var: 0.000270",2.5173354457028427,Moderate
ENSP00000344128,"mean: 0.083618, var: 0.000721","mean: 0.322583, var: 0.008068","mean: 0.622266, var: 0.009085","mean: 0.665820, var: 0.000830","mean: 0.089294, var: 0.002030","mean: 0.076361, var: 0.001000","mean: 0.043130, var: 0.000941","mean: 0.091980, var: 0.001270","mean: 0.038425, var: 0.000213","mean: 0.050708, var: 0.000145","mean: 0.045853, var: 0.001247",2.3234344373509828,Moderate
ENSP00000236412,"mean: 0.117529, var: 0.000432","mean: 0.354785, var: 0.001327","mean: 0.837891, var: 0.001216","mean: 0.073253, var: 0.003041","mean: 0.077179, var: 0.000510","mean: 0.113696, var: 0.002722","mean: 0.034845, var: 0.000547","mean: 0.150891, var: 0.003043","mean: 0.076013, var: 0.000035","mean: 0.073932, var: 0.000452","mean: 0.032217, var: 0.000939",2.305299290027546,Moderate
ENSP00000452217,"mean: 0.074097, var: 0.000233","mean: 0.312354, var: 0.001959","mean: 0.816699, var: 0.005249","mean: 0.144849, var: 0.014354","mean: 0.032814, var: 0.000165","mean: 0.156213, var: 0.007614","mean: 0.032405, var: 0.001588","mean: 0.057324, var: 0.000461","mean: 0.045578, var: 0.000402","mean: 0.030681, var: 0.000294","mean: 0.076788, var: 0.006709",2.123422287654741,Moderate
ENSP00000391446,"mean: 0.079871, var: 0.000466","mean: 0.720020, var: 0.002664","mean: 0.254028, var: 0.007700","mean: 0.042565, var: 0.001994","mean: 0.083582, var: 0.001395","mean: 0.357764, var: 0.014735","mean: 0.025700, var: 0.000349","mean: 0.244458, var: 0.039387","mean: 0.075002, var: 0.004053","mean: 0.085645, var: 0.001702","mean: 0.012368, var: 0.000371",2.3935607328475816,Moderate
ENSP00000430617,"mean: 0.111499, var: 0.000594","mean: 0.444141, var: 0.004275","mean: 0.686133, var: 0.003902","mean: 0.107256, var: 0.007158","mean: 0.090204, var: 0.000854","mean: 0.123297, var: 0.003256","mean: 0.014363, var: 0.000214","mean: 0.123230, var: 0.000597","mean: 0.044832, var: 0.000560","mean: 0.038119, var: 0.000388","mean: 0.013347, var: 0.000250",2.2183528775518235,Moderate
ENSP00000384474,"mean: 0.212756, var: 0.008337","mean: 0.595752, var: 0.008111","mean: 0.584570, var: 0.001381","mean: 0.047375, var: 0.000172","mean: 0.193134, var: 0.009183","mean: 0.104346, var: 0.003185","mean: 0.024796, var: 0.000247","mean: 0.220972, var: 0.004704","mean: 0.067924, var: 0.002941","mean: 0.165222, var: 0.012177","mean: 0.007837, var: 0.000083",2.5929847793762457,Moderate
ENSP00000467965,"mean: 0.182861, var: 0.001083","mean: 0.611523, var: 0.001654","mean: 0.675488, var: 0.001426","mean: 0.028056, var: 0.000294","mean: 0.121082, var: 0.000480","mean: 0.201733, var: 0.002877","mean: 0.005518, var: 0.000036","mean: 0.147620, var: 0.001243","mean: 0.151465, var: 0.001342","mean: 0.255090, var: 0.012510","mean: 0.111580, var: 0.008798",2.7454417685446013,Moderate
ENSP00000463450,"mean: 0.138306, var: 0.001849","mean: 0.447266, var: 0.001733","mean: 0.659473, var: 0.001500","mean: 0.172540, var: 0.011570","mean: 0.134998, var: 0.001247","mean: 0.148267, var: 0.001433","mean: 0.009508, var: 0.000080","mean: 0.113599, var: 0.000173","mean: 0.064719, var: 0.000810","mean: 0.116095, var: 0.003029","mean: 0.024614, var: 0.000420",2.5742435657033806,Moderate
ENSP00000419578,"mean: 0.799414, var: 0.000954","mean: 0.081921, var: 0.000746","mean: 0.118677, var: 0.001153","mean: 0.032754, var: 0.000377","mean: 0.051337, var: 0.000271","mean: 0.917871, var: 0.000377","mean: 0.156604, var: 0.005714","mean: 0.269385, var: 0.001849","mean: 0.113733, var: 0.002671","mean: 0.133838, var: 0.003035","mean: 0.152077, var: 0.019529",2.4264557302211256,Moderate
ENSP00000392230,"mean: 0.106458, var: 0.000675","mean: 0.226807, var: 0.000243","mean: 0.892383, var: 0.001552","mean: 0.041949, var: 0.000963","mean: 0.055743, var: 0.000098","mean: 0.155103, var: 0.001419","mean: 0.006939, var: 0.000036","mean: 0.094397, var: 0.001314","mean: 0.060086, var: 0.000602","mean: 0.054565, var: 0.000456","mean: 0.106073, var: 0.006669",2.082536312301561,Moderate
ENSP00000407711,"mean: 0.114026, var: 0.000796","mean: 0.451514, var: 0.005524","mean: 0.786035, var: 0.001010","mean: 0.038394, var: 0.000554","mean: 0.069617, var: 0.000491","mean: 0.246533, var: 0.004691","mean: 0.002180, var: 0.000006","mean: 0.043018, var: 0.000161","mean: 0.074030, var: 0.001256","mean: 0.129333, var: 0.001556","mean: 0.032903, var: 0.001207",2.170018344485586,Moderate
ENSP00000340691,"mean: 0.153784, var: 0.000749","mean: 0.679492, var: 0.001322","mean: 0.595703, var: 0.009993","mean: 0.021046, var: 0.000182","mean: 0.207788, var: 0.000901","mean: 0.103503, var: 0.002533","mean: 0.009661, var: 0.000066","mean: 0.069812, var: 0.000086","mean: 0.090802, var: 0.000557","mean: 0.082941, var: 0.000271","mean: 0.050113, var: 0.001360",2.3065688465266616,Moderate
ENSP00000433390,"mean: 0.199512, var: 0.000619","mean: 0.726953, var: 0.003484","mean: 0.490723, var: 0.004273","mean: 0.019002, var: 0.000297","mean: 0.153345, var: 0.002269","mean: 0.170532, var: 0.004142","mean: 0.012367, var: 0.000076","mean: 0.086188, var: 0.000657","mean: 0.107080, var: 0.000942","mean: 0.153015, var: 0.000664","mean: 0.055258, var: 0.003862",2.5193095785100237,Moderate
ENSP00000462796,"mean: 0.129541, var: 0.000417","mean: 0.692773, var: 0.006222","mean: 0.354199, var: 0.005417","mean: 0.181006, var: 0.002529","mean: 0.114795, var: 0.000845","mean: 0.144336, var: 0.001681","mean: 0.030410, var: 0.001017","mean: 0.108667, var: 0.002230","mean: 0.080701, var: 0.000724","mean: 0.153149, var: 0.001147","mean: 0.076147, var: 0.005297",2.7578758941885058,Moderate
ENSP00000459534,"mean: 0.045343, var: 0.000112","mean: 0.311377, var: 0.004430","mean: 0.737891, var: 0.003844","mean: 0.109363, var: 0.004391","mean: 0.035516, var: 0.000224","mean: 0.152246, var: 0.004951","mean: 0.109256, var: 0.005861","mean: 0.057965, var: 0.000171","mean: 0.070322, var: 0.002963","mean: 0.066049, var: 0.002049","mean: 0.049697, var: 0.004728",2.2973172378484543,Moderate
ENSP00000451213,"mean: 0.163574, var: 0.005338","mean: 0.253345, var: 0.000709","mean: 0.828906, var: 0.002169","mean: 0.031549, var: 0.000260","mean: 0.121301, var: 0.004274","mean: 0.066061, var: 0.000640","mean: 0.010841, var: 0.000145","mean: 0.072076, var: 0.000831","mean: 0.071634, var: 0.000911","mean: 0.052142, var: 0.001085","mean: 0.033646, var: 0.000692",2.0395525933480827,Moderate
ENSP00000499538,"mean: 0.133789, var: 0.000345","mean: 0.551074, var: 0.003702","mean: 0.637988, var: 0.003100","mean: 0.052463, var: 0.001168","mean: 0.062268, var: 0.000157","mean: 0.274316, var: 0.003189","mean: 0.031502, var: 0.000590","mean: 0.136304, var: 0.001245","mean: 0.159924, var: 0.002325","mean: 0.151843, var: 0.000514","mean: 0.095801, var: 0.005643",2.7511843987414544,Moderate
ENSP00000475768,"mean: 0.124084, var: 0.002024","mean: 0.553613, var: 0.007305","mean: 0.648340, var: 0.000495","mean: 0.093562, var: 0.005973","mean: 0.119141, var: 0.001308","mean: 0.239429, var: 0.004678","mean: 0.017517, var: 0.000309","mean: 0.158850, var: 0.005989","mean: 0.179407, var: 0.001208","mean: 0.134399, var: 0.000527","mean: 0.052962, var: 0.001812",2.781308741175242,Moderate
ENSP00000470962,"mean: 0.329980, var: 0.000931","mean: 0.246680, var: 0.001689","mean: 0.205127, var: 0.000683","mean: 0.065543, var: 0.001465","mean: 0.105670, var: 0.001396","mean: 0.960742, var: 0.000026","mean: 0.112573, var: 0.003583","mean: 0.066913, var: 0.000300","mean: 0.032520, var: 0.000168","mean: 0.070166, var: 0.000589","mean: 0.204297, var: 0.009578",2.5397696684958717,Moderate
ENSP00000297983,"mean: 0.734863, var: 0.001949","mean: 0.120898, var: 0.000603","mean: 0.147302, var: 0.001135","mean: 0.059572, var: 0.001399","mean: 0.077429, var: 0.000799","mean: 0.849414, var: 0.000578","mean: 0.048451, var: 0.001991","mean: 0.225977, var: 0.001882","mean: 0.076434, var: 0.000762","mean: 0.119672, var: 0.001371","mean: 0.070021, var: 0.003413",2.3882560682463443,Moderate
ENSP00000453584,"mean: 0.119653, var: 0.000402","mean: 0.265894, var: 0.002274","mean: 0.380908, var: 0.001792","mean: 0.133661, var: 0.007771","mean: 0.044211, var: 0.000285","mean: 0.854199, var: 0.001726","mean: 0.274646, var: 0.012363","mean: 0.098712, var: 0.001455","mean: 0.048883, var: 0.000967","mean: 0.068350, var: 0.001276","mean: 0.208948, var: 0.008235",2.756965827208003,Moderate
ENSP00000453034,"mean: 0.098108, var: 0.000613","mean: 0.512744, var: 0.004244","mean: 0.795605, var: 0.000732","mean: 0.092358, var: 0.003518","mean: 0.110352, var: 0.001511","mean: 0.182483, var: 0.004741","mean: 0.009629, var: 0.000132","mean: 0.131287, var: 0.000267","mean: 0.200195, var: 0.002276","mean: 0.103723, var: 0.000292","mean: 0.085205, var: 0.002838",2.603992749948888,Moderate
ENSP00000344547,"mean: 0.076111, var: 0.000123","mean: 0.354712, var: 0.009038","mean: 0.900293, var: 0.000701","mean: 0.288593, var: 0.047353","mean: 0.096362, var: 0.000726","mean: 0.119214, var: 0.004558","mean: 0.006598, var: 0.000037","mean: 0.092456, var: 0.002055","mean: 0.021114, var: 0.000440","mean: 0.054291, var: 0.000351","mean: 0.004359, var: 0.000053",2.0124657540876543,Moderate
ENSP00000500895,"mean: 0.191211, var: 0.002136","mean: 0.164233, var: 0.000548","mean: 0.109192, var: 0.000342","mean: 0.875000, var: 0.000212","mean: 0.215601, var: 0.001593","mean: 0.142712, var: 0.003345","mean: 0.007830, var: 0.000036","mean: 0.263403, var: 0.002671","mean: 0.266895, var: 0.004279","mean: 0.290942, var: 0.004300","mean: 0.017669, var: 0.000206",2.7527617131666924,Moderate
ENSP00000452417,"mean: 0.237183, var: 0.001652","mean: 0.215674, var: 0.002463","mean: 0.232715, var: 0.002248","mean: 0.141834, var: 0.005294","mean: 0.035872, var: 0.000149","mean: 0.917383, var: 0.000390","mean: 0.195850, var: 0.012511","mean: 0.110730, var: 0.001075","mean: 0.036874, var: 0.000155","mean: 0.104004, var: 0.000987","mean: 0.351221, var: 0.009405",2.7744890630742893,Moderate
ENSP00000453629,"mean: 0.240820, var: 0.002106","mean: 0.606836, var: 0.013412","mean: 0.330273, var: 0.005023","mean: 0.034969, var: 0.000769","mean: 0.310693, var: 0.001490","mean: 0.162134, var: 0.007041","mean: 0.030302, var: 0.000765","mean: 0.071658, var: 0.002202","mean: 0.072968, var: 0.003858","mean: 0.045041, var: 0.000654","mean: 0.050256, var: 0.001065",2.5630527932896467,Moderate
ENSP00000433139,"mean: 0.112488, var: 0.000827","mean: 0.611523, var: 0.001374","mean: 0.588867, var: 0.003860","mean: 0.254224, var: 0.009496","mean: 0.130078, var: 0.002766","mean: 0.174805, var: 0.006605","mean: 0.028354, var: 0.000465","mean: 0.379004, var: 0.013850","mean: 0.076141, var: 0.000685","mean: 0.112445, var: 0.001037","mean: 0.016014, var: 0.000542",2.753461105069896,Moderate
ENSP00000342895,"mean: 0.301172, var: 0.002803","mean: 0.160022, var: 0.001357","mean: 0.124268, var: 0.000994","mean: 0.073770, var: 0.002703","mean: 0.115149, var: 0.001434","mean: 0.953809, var: 0.000020","mean: 0.034790, var: 0.000824","mean: 0.063879, var: 0.000457","mean: 0.031174, var: 0.000097","mean: 0.059467, var: 0.000282","mean: 0.064395, var: 0.001934",2.1452319291114454,Moderate
ENSP00000290079,"mean: 0.822754, var: 0.000418","mean: 0.092249, var: 0.001618","mean: 0.091101, var: 0.000639","mean: 0.053979, var: 0.000762","mean: 0.057300, var: 0.000607","mean: 0.938477, var: 0.000158","mean: 0.449951, var: 0.005638","mean: 0.245947, var: 0.001177","mean: 0.201306, var: 0.009651","mean: 0.180469, var: 0.003744","mean: 0.233234, var: 0.028398",2.6551532732404195,Moderate
ENSP00000467027,"mean: 0.091058, var: 0.000839","mean: 0.396143, var: 0.004545","mean: 0.760449, var: 0.003098","mean: 0.079572, var: 0.004224","mean: 0.090033, var: 0.000802","mean: 0.078436, var: 0.002221","mean: 0.017528, var: 0.000225","mean: 0.138489, var: 0.002278","mean: 0.049307, var: 0.000584","mean: 0.106714, var: 0.000507","mean: 0.025481, var: 0.000867",2.2364507262648976,Moderate
ENSP00000462899,"mean: 0.308081, var: 0.004243","mean: 0.180127, var: 0.000600","mean: 0.164404, var: 0.000706","mean: 0.107568, var: 0.004140","mean: 0.114185, var: 0.000682","mean: 0.961719, var: 0.000003","mean: 0.061096, var: 0.002408","mean: 0.064233, var: 0.000462","mean: 0.058783, var: 0.000157","mean: 0.087512, var: 0.000447","mean: 0.242871, var: 0.004478",2.5640547222830157,Moderate
ENSP00000435017,"mean: 0.686133, var: 0.004611","mean: 0.115540, var: 0.000435","mean: 0.177466, var: 0.003225","mean: 0.051756, var: 0.000600","mean: 0.035486, var: 0.000144","mean: 0.936328, var: 0.000521","mean: 0.213721, var: 0.009792","mean: 0.288599, var: 0.007426","mean: 0.137766, var: 0.004830","mean: 0.077161, var: 0.001054","mean: 0.138388, var: 0.016036",2.580855270820824,Moderate
ENSP00000386519,"mean: 0.077832, var: 0.000140","mean: 0.348682, var: 0.009776","mean: 0.900391, var: 0.000617","mean: 0.272852, var: 0.044918","mean: 0.092767, var: 0.000593","mean: 0.118738, var: 0.004326","mean: 0.006207, var: 0.000033","mean: 0.096790, var: 0.002296","mean: 0.021990, var: 0.000489","mean: 0.055518, var: 0.000390","mean: 0.004662, var: 0.000060",2.0155740803515756,Moderate
ENSP00000456106,"mean: 0.090076, var: 0.000537","mean: 0.420947, var: 0.000670","mean: 0.812500, var: 0.001118","mean: 0.062474, var: 0.002634","mean: 0.071680, var: 0.000714","mean: 0.189258, var: 0.005039","mean: 0.013960, var: 0.000268","mean: 0.099731, var: 0.000598","mean: 0.075534, var: 0.001153","mean: 0.074927, var: 0.000579","mean: 0.037213, var: 0.001840",2.2282370435968946,Moderate
ENSP00000393552,"mean: 0.058307, var: 0.000234","mean: 0.313721, var: 0.001022","mean: 0.891016, var: 0.001761","mean: 0.054279, var: 0.000794","mean: 0.101038, var: 0.000279","mean: 0.106635, var: 0.002018","mean: 0.012255, var: 0.000120","mean: 0.090674, var: 0.000255","mean: 0.090503, var: 0.000683","mean: 0.042593, var: 0.000271","mean: 0.032980, var: 0.001203",1.9966237494740273,Moderate
ENSP00000389559,"mean: 0.164417, var: 0.003126","mean: 0.485400, var: 0.004700","mean: 0.673535, var: 0.004609","mean: 0.036887, var: 0.000663","mean: 0.176294, var: 0.002307","mean: 0.082977, var: 0.001736","mean: 0.032305, var: 0.000615","mean: 0.195117, var: 0.003541","mean: 0.107196, var: 0.002120","mean: 0.130762, var: 0.001253","mean: 0.052500, var: 0.004040",2.6379558011899777,Moderate
ENSP00000464232,"mean: 0.173401, var: 0.003856","mean: 0.553174, var: 0.003833","mean: 0.617725, var: 0.004739","mean: 0.075146, var: 0.002918","mean: 0.056384, var: 0.000208","mean: 0.194653, var: 0.006708","mean: 0.037415, var: 0.001314","mean: 0.124036, var: 0.003515","mean: 0.089743, var: 0.002515","mean: 0.212720, var: 0.003219","mean: 0.060330, var: 0.003967",2.7009304524278055,Moderate
ENSP00000416133,"mean: 0.105615, var: 0.000714","mean: 0.569434, var: 0.003958","mean: 0.667871, var: 0.001823","mean: 0.127234, var: 0.001670","mean: 0.058453, var: 0.000265","mean: 0.149219, var: 0.003478","mean: 0.048048, var: 0.000746","mean: 0.103857, var: 0.001056","mean: 0.108289, var: 0.002041","mean: 0.137994, var: 0.005665","mean: 0.057476, var: 0.003309",2.5990933579540605,Moderate
ENSP00000410223,"mean: 0.876855, var: 0.000859","mean: 0.088202, var: 0.000336","mean: 0.122168, var: 0.000165","mean: 0.124707, var: 0.002205","mean: 0.681250, var: 0.006893","mean: 0.197412, var: 0.003506","mean: 0.087604, var: 0.000579","mean: 0.649902, var: 0.001392","mean: 0.519482, var: 0.008638","mean: 0.266016, var: 0.006077","mean: 0.027347, var: 0.000731",2.711903638528645,Moderate
ENSP00000423901,"mean: 0.100085, var: 0.001511","mean: 0.390430, var: 0.001910","mean: 0.603809, var: 0.005766","mean: 0.098084, var: 0.002851","mean: 0.036612, var: 0.000175","mean: 0.327258, var: 0.019816","mean: 0.034601, var: 0.001192","mean: 0.212939, var: 0.008328","mean: 0.105579, var: 0.006353","mean: 0.130621, var: 0.009880","mean: 0.082114, var: 0.019638",2.770834111547051,Moderate
ENSP00000498788,"mean: 0.103040, var: 0.001170","mean: 0.598486, var: 0.007193","mean: 0.608789, var: 0.001254","mean: 0.041571, var: 0.000578","mean: 0.065125, var: 0.000431","mean: 0.178467, var: 0.004411","mean: 0.017488, var: 0.000268","mean: 0.070599, var: 0.000867","mean: 0.155078, var: 0.001538","mean: 0.156989, var: 0.003383","mean: 0.173941, var: 0.009740",2.6030419801325992,Moderate
ENSP00000392615,"mean: 0.137378, var: 0.001157","mean: 0.495752, var: 0.008940","mean: 0.746484, var: 0.003297","mean: 0.146301, var: 0.007423","mean: 0.133179, var: 0.001226","mean: 0.114893, var: 0.001223","mean: 0.006422, var: 0.000049","mean: 0.101501, var: 0.000276","mean: 0.052191, var: 0.000101","mean: 0.049580, var: 0.000601","mean: 0.012394, var: 0.000219",2.259210588039754,Moderate
ENSP00000370125,"mean: 0.104871, var: 0.001020","mean: 0.302856, var: 0.001219","mean: 0.824805, var: 0.005033","mean: 0.377759, var: 0.011697","mean: 0.189453, var: 0.000774","mean: 0.195911, var: 0.017223","mean: 0.034183, var: 0.000323","mean: 0.030365, var: 0.000188","mean: 0.012368, var: 0.000074","mean: 0.055542, var: 0.001040","mean: 0.007374, var: 0.000024",2.2319861598037503,Moderate
ENSP00000448545,"mean: 0.375293, var: 0.001644","mean: 0.218408, var: 0.001127","mean: 0.154956, var: 0.000641","mean: 0.043890, var: 0.001186","mean: 0.081320, var: 0.001749","mean: 0.917383, var: 0.001993","mean: 0.053702, var: 0.001096","mean: 0.186584, var: 0.005186","mean: 0.072095, var: 0.000488","mean: 0.077106, var: 0.001187","mean: 0.122998, var: 0.020410",2.5246215053199053,Moderate
ENSP00000423066,"mean: 0.156409, var: 0.001873","mean: 0.519971, var: 0.005493","mean: 0.525098, var: 0.007855","mean: 0.223975, var: 0.008543","mean: 0.135730, var: 0.000572","mean: 0.259692, var: 0.003445","mean: 0.029187, var: 0.000378","mean: 0.092334, var: 0.001067","mean: 0.118408, var: 0.000615","mean: 0.041049, var: 0.001318","mean: 0.047777, var: 0.002796",2.776925342093892,Moderate
ENSP00000502954,"mean: 0.353809, var: 0.002612","mean: 0.150745, var: 0.001028","mean: 0.088965, var: 0.000440","mean: 0.072922, var: 0.002419","mean: 0.144470, var: 0.001781","mean: 0.950293, var: 0.000008","mean: 0.142224, var: 0.004412","mean: 0.072693, var: 0.000654","mean: 0.048456, var: 0.000068","mean: 0.067462, var: 0.000240","mean: 0.083136, var: 0.001879",2.3902890723391317,Moderate
ENSP00000242152,"mean: 0.192993, var: 0.002416","mean: 0.095093, var: 0.000030","mean: 0.071045, var: 0.000200","mean: 0.885449, var: 0.001621","mean: 0.145789, var: 0.000795","mean: 0.064264, var: 0.001417","mean: 0.008424, var: 0.000014","mean: 0.289868, var: 0.009154","mean: 0.140698, var: 0.001205","mean: 0.269507, var: 0.003492","mean: 0.013808, var: 0.000048",2.3815735330958048,Moderate
ENSP00000476323,"mean: 0.466895, var: 0.006289","mean: 0.146973, var: 0.000684","mean: 0.141724, var: 0.000723","mean: 0.059534, var: 0.001651","mean: 0.123462, var: 0.000800","mean: 0.961133, var: 0.000067","mean: 0.042242, var: 0.001031","mean: 0.097485, var: 0.000719","mean: 0.056647, var: 0.000160","mean: 0.096106, var: 0.000843","mean: 0.120044, var: 0.002251",2.3815008875392176,Moderate
ENSP00000436308,"mean: 0.060828, var: 0.000226","mean: 0.281396, var: 0.001341","mean: 0.887207, var: 0.001581","mean: 0.054373, var: 0.000749","mean: 0.103723, var: 0.000394","mean: 0.136731, var: 0.001637","mean: 0.012582, var: 0.000125","mean: 0.087939, var: 0.000437","mean: 0.084656, var: 0.000710","mean: 0.043478, var: 0.000273","mean: 0.030364, var: 0.001115",2.0190170797425004,Moderate
ENSP00000399672,"mean: 0.102063, var: 0.000436","mean: 0.451855, var: 0.003395","mean: 0.695020, var: 0.001300","mean: 0.101001, var: 0.003504","mean: 0.081812, var: 0.000126","mean: 0.213989, var: 0.000785","mean: 0.019391, var: 0.000258","mean: 0.126050, var: 0.001983","mean: 0.141223, var: 0.002145","mean: 0.111578, var: 0.002066","mean: 0.042282, var: 0.002080",2.603427919601299,Moderate
ENSP00000502992,"mean: 0.251245, var: 0.001453","mean: 0.190161, var: 0.001230","mean: 0.144458, var: 0.000385","mean: 0.080630, var: 0.003669","mean: 0.073315, var: 0.000395","mean: 0.911816, var: 0.000857","mean: 0.379346, var: 0.007577","mean: 0.056458, var: 0.000193","mean: 0.024176, var: 0.000076","mean: 0.050250, var: 0.000222","mean: 0.082977, var: 0.003147",2.3977555696759376,Moderate
ENSP00000404200,"mean: 0.741504, var: 0.006507","mean: 0.179492, var: 0.001159","mean: 0.088544, var: 0.000548","mean: 0.027599, var: 0.000621","mean: 0.128345, var: 0.001194","mean: 0.930176, var: 0.000613","mean: 0.109924, var: 0.004871","mean: 0.208911, var: 0.001060","mean: 0.221265, var: 0.001776","mean: 0.137354, var: 0.007363","mean: 0.501709, var: 0.019346",2.6969288660432986,Moderate
ENSP00000392945,"mean: 0.246680, var: 0.002097","mean: 0.133020, var: 0.000351","mean: 0.126453, var: 0.000590","mean: 0.168030, var: 0.003926","mean: 0.091003, var: 0.000497","mean: 0.909473, var: 0.000268","mean: 0.111176, var: 0.003928","mean: 0.083856, var: 0.000310","mean: 0.087720, var: 0.000446","mean: 0.114563, var: 0.000283","mean: 0.066138, var: 0.002301",2.5726023711275348,Moderate
ENSP00000454415,"mean: 0.226392, var: 0.000555","mean: 0.125171, var: 0.000598","mean: 0.124634, var: 0.000548","mean: 0.065329, var: 0.001581","mean: 0.062347, var: 0.000232","mean: 0.934766, var: 0.000168","mean: 0.180225, var: 0.007959","mean: 0.044873, var: 0.000094","mean: 0.033228, var: 0.000118","mean: 0.050806, var: 0.000170","mean: 0.116919, var: 0.003762",2.2338179134181617,Moderate
ENSP00000453285,"mean: 0.095837, var: 0.000432","mean: 0.338770, var: 0.003709","mean: 0.417627, var: 0.002314","mean: 0.223413, var: 0.013452","mean: 0.037964, var: 0.000107","mean: 0.617725, var: 0.005015","mean: 0.277026, var: 0.012557","mean: 0.094489, var: 0.000928","mean: 0.040891, var: 0.000347","mean: 0.072641, var: 0.001279","mean: 0.063274, var: 0.004229",2.7870719919175833,Moderate
ENSP00000387490,"mean: 0.067627, var: 0.000057","mean: 0.404834, var: 0.003257","mean: 0.621777, var: 0.002531","mean: 0.172400, var: 0.012492","mean: 0.053986, var: 0.000219","mean: 0.073761, var: 0.002277","mean: 0.003885, var: 0.000017","mean: 0.040988, var: 0.000032","mean: 0.053018, var: 0.000778","mean: 0.183936, var: 0.002925","mean: 0.014429, var: 0.000220",2.177460093313187,Moderate
ENSP00000458264,"mean: 0.158228, var: 0.000902","mean: 0.489209, var: 0.001569","mean: 0.567090, var: 0.000842","mean: 0.085751, var: 0.002529","mean: 0.131970, var: 0.000909","mean: 0.276392, var: 0.009578","mean: 0.039751, var: 0.000981","mean: 0.091772, var: 0.001643","mean: 0.077106, var: 0.000240","mean: 0.097092, var: 0.001407","mean: 0.032025, var: 0.002030",2.678104764484521,Moderate
ENSP00000388413,"mean: 0.227539, var: 0.001728","mean: 0.261011, var: 0.003953","mean: 0.166260, var: 0.000704","mean: 0.087619, var: 0.003391","mean: 0.061707, var: 0.000425","mean: 0.893945, var: 0.001313","mean: 0.331738, var: 0.013071","mean: 0.070050, var: 0.000276","mean: 0.021212, var: 0.000056","mean: 0.063745, var: 0.000166","mean: 0.119995, var: 0.002075",2.535091110784184,Moderate
ENSP00000477292,"mean: 0.467578, var: 0.007262","mean: 0.154419, var: 0.000660","mean: 0.139758, var: 0.000560","mean: 0.070941, var: 0.002556","mean: 0.120483, var: 0.000490","mean: 0.957617, var: 0.000049","mean: 0.049408, var: 0.001332","mean: 0.115759, var: 0.001251","mean: 0.064459, var: 0.000209","mean: 0.104993, var: 0.000791","mean: 0.143628, var: 0.003253",2.493374308563797,Moderate
ENSP00000468125,"mean: 0.225806, var: 0.001616","mean: 0.216748, var: 0.001712","mean: 0.213110, var: 0.001208","mean: 0.189465, var: 0.009971","mean: 0.094904, var: 0.001314","mean: 0.954883, var: 0.000098","mean: 0.042741, var: 0.000854","mean: 0.089648, var: 0.000510","mean: 0.056757, var: 0.000193","mean: 0.138086, var: 0.001229","mean: 0.459424, var: 0.007807",2.724166565410134,Moderate
ENSP00000504615,"mean: 0.125806, var: 0.000891","mean: 0.688281, var: 0.009487","mean: 0.382568, var: 0.010389","mean: 0.196216, var: 0.000490","mean: 0.087836, var: 0.000309","mean: 0.289819, var: 0.003683","mean: 0.026490, var: 0.000428","mean: 0.087555, var: 0.000791","mean: 0.149121, var: 0.005284","mean: 0.120657, var: 0.004158","mean: 0.030953, var: 0.001955",2.733564004819222,Moderate
ENSP00000454489,"mean: 0.135229, var: 0.000669","mean: 0.626172, var: 0.005612","mean: 0.430322, var: 0.000574","mean: 0.135474, var: 0.002534","mean: 0.156250, var: 0.000944","mean: 0.191833, var: 0.002324","mean: 0.021242, var: 0.000296","mean: 0.029164, var: 0.000134","mean: 0.053510, var: 0.001044","mean: 0.071146, var: 0.000797","mean: 0.021204, var: 0.001193",2.41547878598496,Moderate
ENSP00000429426,"mean: 0.095312, var: 0.000709","mean: 0.395410, var: 0.005665","mean: 0.728613, var: 0.004437","mean: 0.123840, var: 0.008104","mean: 0.080157, var: 0.000415","mean: 0.088855, var: 0.002182","mean: 0.035801, var: 0.001080","mean: 0.113812, var: 0.005981","mean: 0.039247, var: 0.000601","mean: 0.046987, var: 0.001071","mean: 0.025309, var: 0.000936",2.2280265379028372,Moderate
ENSP00000429313,"mean: 0.112805, var: 0.001212","mean: 0.671680, var: 0.000648","mean: 0.450244, var: 0.007830","mean: 0.069324, var: 0.001034","mean: 0.098254, var: 0.000825","mean: 0.215173, var: 0.009319","mean: 0.011488, var: 0.000086","mean: 0.118750, var: 0.000216","mean: 0.114914, var: 0.002119","mean: 0.119781, var: 0.003258","mean: 0.051531, var: 0.003596",2.576271195724289,Moderate
ENSP00000506128,"mean: 0.136365, var: 0.000690","mean: 0.513281, var: 0.002584","mean: 0.518994, var: 0.005495","mean: 0.298706, var: 0.018515","mean: 0.158533, var: 0.001140","mean: 0.169385, var: 0.010802","mean: 0.046118, var: 0.001018","mean: 0.039264, var: 0.000101","mean: 0.097772, var: 0.001943","mean: 0.125842, var: 0.000552","mean: 0.024790, var: 0.001203",2.7568986045964152,Moderate
ENSP00000395552,"mean: 0.176392, var: 0.002185","mean: 0.466992, var: 0.005504","mean: 0.659375, var: 0.006637","mean: 0.044153, var: 0.001021","mean: 0.078430, var: 0.000239","mean: 0.164893, var: 0.001672","mean: 0.015398, var: 0.000295","mean: 0.119849, var: 0.000691","mean: 0.091809, var: 0.000478","mean: 0.154175, var: 0.003044","mean: 0.134155, var: 0.006008",2.6663732997529657,Moderate
ENSP00000367939,"mean: 0.796484, var: 0.001215","mean: 0.122327, var: 0.001340","mean: 0.075909, var: 0.000221","mean: 0.054745, var: 0.000388","mean: 0.101379, var: 0.003762","mean: 0.908594, var: 0.000694","mean: 0.076904, var: 0.004933","mean: 0.225610, var: 0.000866","mean: 0.084811, var: 0.001410","mean: 0.091748, var: 0.000678","mean: 0.176059, var: 0.022941",2.379559308159506,Moderate
ENSP00000506647,"mean: 0.133008, var: 0.000580","mean: 0.477197, var: 0.002601","mean: 0.547754, var: 0.005881","mean: 0.276917, var: 0.015795","mean: 0.136462, var: 0.000581","mean: 0.177966, var: 0.011215","mean: 0.067053, var: 0.002250","mean: 0.033856, var: 0.000084","mean: 0.078741, var: 0.001347","mean: 0.106201, var: 0.000254","mean: 0.025660, var: 0.001329",2.7137229544072334,Moderate
ENSP00000464503,"mean: 0.121863, var: 0.002025","mean: 0.523584, var: 0.007623","mean: 0.807715, var: 0.004608","mean: 0.118405, var: 0.010272","mean: 0.117126, var: 0.002131","mean: 0.159155, var: 0.006341","mean: 0.015853, var: 0.000532","mean: 0.074219, var: 0.001356","mean: 0.099115, var: 0.002365","mean: 0.081219, var: 0.000883","mean: 0.022964, var: 0.000757",2.3424965254206143,Moderate
ENSP00000456237,"mean: 0.093921, var: 0.000382","mean: 0.516553, var: 0.001608","mean: 0.567725, var: 0.006552","mean: 0.164331, var: 0.005477","mean: 0.054651, var: 0.000059","mean: 0.195068, var: 0.009635","mean: 0.059723, var: 0.003201","mean: 0.077789, var: 0.000569","mean: 0.086279, var: 0.000060","mean: 0.135266, var: 0.001194","mean: 0.051910, var: 0.002640",2.6617328613715983,Moderate
ENSP00000431343,"mean: 0.067450, var: 0.000402","mean: 0.279248, var: 0.001232","mean: 0.881152, var: 0.001753","mean: 0.045261, var: 0.000515","mean: 0.120264, var: 0.000585","mean: 0.112842, var: 0.001118","mean: 0.019320, var: 0.000213","mean: 0.076343, var: 0.000353","mean: 0.084796, var: 0.000873","mean: 0.041251, var: 0.000235","mean: 0.032488, var: 0.001285",2.0153184183791164,Moderate
ENSP00000419128,"mean: 0.138831, var: 0.000945","mean: 0.585449, var: 0.003630","mean: 0.405664, var: 0.001865","mean: 0.103917, var: 0.004540","mean: 0.130017, var: 0.001706","mean: 0.478906, var: 0.007910","mean: 0.051002, var: 0.001435","mean: 0.097107, var: 0.001298","mean: 0.060052, var: 0.000800","mean: 0.066617, var: 0.000486","mean: 0.068983, var: 0.004777",2.718712673302378,Moderate
ENSP00000460265,"mean: 0.105139, var: 0.000423","mean: 0.628125, var: 0.003531","mean: 0.717090, var: 0.000575","mean: 0.031631, var: 0.000815","mean: 0.099829, var: 0.000649","mean: 0.176428, var: 0.001254","mean: 0.004397, var: 0.000022","mean: 0.069550, var: 0.000667","mean: 0.116113, var: 0.001737","mean: 0.092535, var: 0.002100","mean: 0.022372, var: 0.000527",2.1772702597274978,Moderate
ENSP00000448684,"mean: 0.125165, var: 0.001406","mean: 0.436670, var: 0.007919","mean: 0.714844, var: 0.003730","mean: 0.064700, var: 0.002557","mean: 0.078876, var: 0.000506","mean: 0.182129, var: 0.003154","mean: 0.042464, var: 0.001804","mean: 0.103339, var: 0.001422","mean: 0.100201, var: 0.002765","mean: 0.106339, var: 0.002452","mean: 0.131490, var: 0.012792",2.6538559917703073,Moderate
ENSP00000447582,"mean: 0.268408, var: 0.001207","mean: 0.130017, var: 0.000428","mean: 0.117957, var: 0.000654","mean: 0.061008, var: 0.001307","mean: 0.078424, var: 0.000562","mean: 0.953027, var: 0.000077","mean: 0.104486, var: 0.003001","mean: 0.047473, var: 0.000126","mean: 0.027159, var: 0.000086","mean: 0.055865, var: 0.000226","mean: 0.065903, var: 0.002663",2.1055148932552914,Moderate
ENSP00000450486,"mean: 0.168164, var: 0.001068","mean: 0.311255, var: 0.001770","mean: 0.690039, var: 0.001692","mean: 0.148294, var: 0.008520","mean: 0.063715, var: 0.000552","mean: 0.287061, var: 0.011509","mean: 0.012748, var: 0.000235","mean: 0.180127, var: 0.006314","mean: 0.087976, var: 0.002013","mean: 0.205127, var: 0.002926","mean: 0.048673, var: 0.003454",2.786096398663009,Moderate
ENSP00000404861,"mean: 0.846582, var: 0.003521","mean: 0.142187, var: 0.000066","mean: 0.076123, var: 0.000131","mean: 0.110773, var: 0.004063","mean: 0.754102, var: 0.010438","mean: 0.148669, var: 0.002718","mean: 0.026376, var: 0.000162","mean: 0.362158, var: 0.007597","mean: 0.276147, var: 0.000603","mean: 0.276709, var: 0.001573","mean: 0.018767, var: 0.000183",2.6035206252465684,Moderate
ENSP00000401988,"mean: 0.098608, var: 0.000584","mean: 0.696973, var: 0.001990","mean: 0.657910, var: 0.002843","mean: 0.145245, var: 0.005442","mean: 0.091101, var: 0.000510","mean: 0.157385, var: 0.003593","mean: 0.001985, var: 0.000005","mean: 0.047952, var: 0.000816","mean: 0.179456, var: 0.002056","mean: 0.379541, var: 0.007529","mean: 0.036393, var: 0.001442",2.499570022344565,Moderate
ENSP00000434072,"mean: 0.354834, var: 0.001298","mean: 0.125330, var: 0.000764","mean: 0.110645, var: 0.000965","mean: 0.056787, var: 0.001636","mean: 0.122229, var: 0.001607","mean: 0.962109, var: 0.000038","mean: 0.137476, var: 0.002513","mean: 0.032813, var: 0.000032","mean: 0.025793, var: 0.000068","mean: 0.053931, var: 0.000190","mean: 0.043237, var: 0.002030",2.1010164187431464,Moderate
ENSP00000417714,"mean: 0.129736, var: 0.000552","mean: 0.595215, var: 0.003117","mean: 0.414209, var: 0.003412","mean: 0.135306, var: 0.007033","mean: 0.137329, var: 0.001661","mean: 0.384570, var: 0.008314","mean: 0.057513, var: 0.001594","mean: 0.074042, var: 0.000459","mean: 0.058661, var: 0.000665","mean: 0.065332, var: 0.000233","mean: 0.058174, var: 0.004081",2.716699354466413,Moderate
ENSP00000408607,"mean: 0.116846, var: 0.000347","mean: 0.575781, var: 0.002421","mean: 0.526855, var: 0.002272","mean: 0.234265, var: 0.009760","mean: 0.109558, var: 0.000592","mean: 0.262695, var: 0.002610","mean: 0.102222, var: 0.002051","mean: 0.067566, var: 0.000407","mean: 0.019005, var: 0.000103","mean: 0.166577, var: 0.001916","mean: 0.031610, var: 0.001284",2.7380011939827313,Moderate
ENSP00000443642,"mean: 0.104529, var: 0.000243","mean: 0.549561, var: 0.002004","mean: 0.708301, var: 0.000723","mean: 0.099402, var: 0.003573","mean: 0.121497, var: 0.001759","mean: 0.162244, var: 0.003806","mean: 0.033942, var: 0.001513","mean: 0.120740, var: 0.001039","mean: 0.119531, var: 0.000835","mean: 0.095856, var: 0.000551","mean: 0.155365, var: 0.004647",2.728021872656149,Moderate
ENSP00000420538,"mean: 0.270752, var: 0.002597","mean: 0.183691, var: 0.001419","mean: 0.181665, var: 0.001007","mean: 0.052740, var: 0.001056","mean: 0.089209, var: 0.000399","mean: 0.920996, var: 0.000213","mean: 0.316895, var: 0.009628","mean: 0.087000, var: 0.000723","mean: 0.038947, var: 0.000082","mean: 0.060535, var: 0.000376","mean: 0.176160, var: 0.005546",2.6001035066087548,Moderate
ENSP00000243040,"mean: 0.125220, var: 0.000675","mean: 0.677148, var: 0.006017","mean: 0.400195, var: 0.002502","mean: 0.082056, var: 0.001538","mean: 0.093323, var: 0.000065","mean: 0.233105, var: 0.003960","mean: 0.025910, var: 0.000488","mean: 0.109790, var: 0.000792","mean: 0.131647, var: 0.003836","mean: 0.105920, var: 0.003204","mean: 0.044790, var: 0.002734",2.6376650002134037,Moderate
ENSP00000401344,"mean: 0.070251, var: 0.000200","mean: 0.402051, var: 0.002219","mean: 0.839160, var: 0.001333","mean: 0.147949, var: 0.007367","mean: 0.055530, var: 0.000451","mean: 0.111133, var: 0.000940","mean: 0.012716, var: 0.000194","mean: 0.084705, var: 0.000394","mean: 0.054315, var: 0.000125","mean: 0.056512, var: 0.000025","mean: 0.040432, var: 0.000920",2.102367766568147,Moderate
ENSP00000454419,"mean: 0.107971, var: 0.000469","mean: 0.511377, var: 0.002098","mean: 0.700977, var: 0.002708","mean: 0.085800, var: 0.002507","mean: 0.104694, var: 0.001132","mean: 0.223083, var: 0.003582","mean: 0.024005, var: 0.000714","mean: 0.056842, var: 0.000201","mean: 0.134399, var: 0.000894","mean: 0.077594, var: 0.000587","mean: 0.099440, var: 0.004424",2.564097740421859,Moderate
ENSP00000453486,"mean: 0.108899, var: 0.000159","mean: 0.594824, var: 0.005356","mean: 0.779883, var: 0.000454","mean: 0.069809, var: 0.001524","mean: 0.109753, var: 0.000381","mean: 0.193994, var: 0.000587","mean: 0.023727, var: 0.000239","mean: 0.092181, var: 0.000490","mean: 0.138623, var: 0.001037","mean: 0.121185, var: 0.002127","mean: 0.064812, var: 0.003111",2.506370916051705,Moderate
ENSP00000390470,"mean: 0.095300, var: 0.000228","mean: 0.450391, var: 0.004404","mean: 0.698145, var: 0.003648","mean: 0.126831, var: 0.003558","mean: 0.082764, var: 0.000487","mean: 0.193323, var: 0.006415","mean: 0.027304, var: 0.000524","mean: 0.128369, var: 0.004179","mean: 0.132214, var: 0.001873","mean: 0.170020, var: 0.003592","mean: 0.085584, var: 0.003401",2.760948379458912,Moderate
ENSP00000498338,"mean: 0.067358, var: 0.000203","mean: 0.293213, var: 0.000782","mean: 0.823047, var: 0.003945","mean: 0.331006, var: 0.009658","mean: 0.124536, var: 0.000473","mean: 0.170044, var: 0.001348","mean: 0.050143, var: 0.000557","mean: 0.054156, var: 0.000102","mean: 0.014483, var: 0.000086","mean: 0.039252, var: 0.000168","mean: 0.023175, var: 0.000247",2.212040827008347,Moderate
ENSP00000440988,"mean: 0.111804, var: 0.002085","mean: 0.448242, var: 0.001585","mean: 0.607275, var: 0.013514","mean: 0.035027, var: 0.000372","mean: 0.154041, var: 0.001637","mean: 0.164746, var: 0.002628","mean: 0.015093, var: 0.000184","mean: 0.122607, var: 0.000685","mean: 0.024212, var: 0.000512","mean: 0.037567, var: 0.000233","mean: 0.006639, var: 0.000099",2.1774487304778045,Moderate
ENSP00000465164,"mean: 0.085107, var: 0.000523","mean: 0.482617, var: 0.009838","mean: 0.516455, var: 0.003879","mean: 0.378467, var: 0.036913","mean: 0.054980, var: 0.000285","mean: 0.099802, var: 0.006007","mean: 0.018195, var: 0.000425","mean: 0.058569, var: 0.000086","mean: 0.114850, var: 0.001955","mean: 0.052313, var: 0.001305","mean: 0.045231, var: 0.003883",2.4417893586638164,Moderate
ENSP00000452200,"mean: 0.160339, var: 0.002008","mean: 0.397559, var: 0.019565","mean: 0.268481, var: 0.016778","mean: 0.813281, var: 0.007890","mean: 0.102954, var: 0.001321","mean: 0.226245, var: 0.009597","mean: 0.148120, var: 0.012634","mean: 0.034619, var: 0.000442","mean: 0.018060, var: 0.000131","mean: 0.135162, var: 0.004988","mean: 0.044379, var: 0.001112",2.6321754007706546,Moderate
