ACC,Predictive_Entropy,Uncertainty_Level,Membrane,Cytoplasm,Nucleus,Extracellular,Cell membrane,Mitochondrion,Plastid,Endoplasmic reticulum,Lysosome/Vacuole,Golgi apparatus,Peroxisome,predicted_label,true_label
ENSP00000496878,3.055858725332463,High,0.704785,0.231616,0.099146,0.426123,0.670898,0.15144,0.011735,0.23811,0.428467,0.334277,0.079266,"Membrane, Cell membrane",Cytoplasm
ENSP00000496254,2.9936429282305346,High,0.406885,0.705371,0.225854,0.083551,0.406592,0.182568,0.007224,0.172571,0.227075,0.244482,0.046127,Cytoplasm,Nucleus
ENSP00000495099,3.184644707154397,High,0.302295,0.627246,0.445898,0.113281,0.207056,0.178638,0.025984,0.297583,0.334082,0.507275,0.037766,Cytoplasm,Cytoplasm
ENSP00000478783,2.9703225667099415,High,0.288916,0.436426,0.526758,0.070581,0.139685,0.125732,0.01943,0.201575,0.193781,0.375488,0.029559,None,Cytoplasm
ENSP00000466285,3.0481386122407255,High,0.289185,0.56416,0.321289,0.348779,0.269043,0.416309,0.008372,0.203101,0.067725,0.135107,0.027809,Cytoplasm,Cytoplasm
ENSP00000453443,2.9131647197004136,High,0.292871,0.646875,0.383496,0.101776,0.363428,0.181738,0.005099,0.186035,0.125232,0.169165,0.025407,Cytoplasm,"Cytoplasm, Nucleus"
ENSP00000431179,3.1986318737652315,High,0.313062,0.662402,0.360645,0.130927,0.333472,0.170996,0.024564,0.168701,0.214722,0.477979,0.069653,Cytoplasm,"Cytoplasm, Cell membrane"
ENSP00000431129,3.0385738062623173,High,0.381641,0.712305,0.231567,0.071393,0.331177,0.262842,0.004204,0.29021,0.207495,0.341797,0.031786,Cytoplasm,Cytoplasm
ENSP00000417570,3.265128637600965,High,0.3354,0.318945,0.162012,0.754395,0.355127,0.253491,0.019782,0.259692,0.270068,0.358545,0.056403,Extracellular,Cytoplasm
ENSP00000414689,3.0001383507625965,High,0.295728,0.280762,0.259277,0.74707,0.384302,0.173389,0.01061,0.236572,0.124207,0.183325,0.022266,Extracellular,Cell membrane
ENSP00000414510,3.141142684865213,High,0.279346,0.752539,0.254419,0.270044,0.305615,0.217163,0.017946,0.160083,0.233398,0.462109,0.033385,Cytoplasm,Nucleus
ENSP00000412763,3.1155663909938425,High,0.716357,0.240625,0.118518,0.345654,0.664893,0.141394,0.032751,0.22019,0.384473,0.378955,0.06962,"Membrane, Cell membrane",Golgi apparatus
ENSP00000410157,2.9340184973830223,High,0.265674,0.527881,0.464648,0.043033,0.272681,0.124329,0.015127,0.208569,0.283936,0.288086,0.006624,Cytoplasm,Nucleus
ENSP00000409472,3.7231639203235942,High,0.288794,0.428076,0.393604,0.314063,0.201343,0.290625,0.068558,0.280103,0.246338,0.322559,0.230804,None,Cytoplasm
ENSP00000407046,2.897818280113319,High,0.815332,0.317871,0.153882,0.072925,0.528271,0.145227,0.016694,0.452197,0.399463,0.551318,0.049475,"Membrane, Cell membrane",Cell membrane
ENSP00000400217,3.036390723214098,High,0.262305,0.260937,0.146155,0.862793,0.299292,0.169153,0.015447,0.293896,0.26814,0.298999,0.039011,Extracellular,Cell membrane
ENSP00000386239,2.8261815728449045,High,0.156628,0.557568,0.608398,0.130194,0.167749,0.361011,0.004023,0.187231,0.101379,0.144202,0.0396,"Cytoplasm, Nucleus",Nucleus
ENSP00000382269,3.059612547403191,High,0.278735,0.665918,0.524609,0.055547,0.195142,0.221582,0.076666,0.201416,0.269934,0.208911,0.020864,Cytoplasm,Nucleus
ENSP00000380888,2.897550583768178,High,0.195288,0.608789,0.61709,0.029522,0.106531,0.331787,0.021912,0.165137,0.300366,0.204248,0.08071,"Cytoplasm, Nucleus",Nucleus
ENSP00000379083,2.974270384676565,High,0.312915,0.629687,0.412109,0.38479,0.305957,0.231665,0.029465,0.09032,0.052625,0.150037,0.038292,Cytoplasm,"Cytoplasm, Cell membrane"
ENSP00000374443,3.2978353998450434,High,0.32085,0.544775,0.40708,0.08107,0.251904,0.20094,0.031117,0.269409,0.301709,0.379932,0.061987,Cytoplasm,Nucleus
ENSP00000366757,2.8438950413537665,High,0.367676,0.798145,0.162231,0.063324,0.411572,0.192114,0.005903,0.208691,0.204883,0.344727,0.025937,Cytoplasm,Cytoplasm
ENSP00000364003,3.1522941066330032,High,0.35022,0.624902,0.399316,0.07381,0.414453,0.255078,0.010527,0.230444,0.223633,0.226611,0.055801,Cytoplasm,"Nucleus, Cell membrane"
ENSP00000363891,2.8194940600486076,High,0.85332,0.149683,0.120154,0.073691,0.561133,0.208472,0.023443,0.420752,0.433887,0.438379,0.038742,"Membrane, Cell membrane",Golgi apparatus
ENSP00000362580,2.946847791755678,High,0.360449,0.669336,0.30625,0.101306,0.518848,0.187732,0.007873,0.111243,0.210205,0.177136,0.047449,Cytoplasm,Cell membrane
ENSP00000357206,3.0616531432423058,High,0.189392,0.660742,0.395361,0.242944,0.193982,0.263977,0.005566,0.121033,0.197803,0.353857,0.036031,Cytoplasm,Cytoplasm
ENSP00000353010,3.2360414551448162,High,0.520703,0.45166,0.312012,0.069916,0.250464,0.591895,0.031541,0.395459,0.374756,0.520459,0.048659,Membrane,Nucleus
ENSP00000352794,3.3396791086265356,High,0.412549,0.665527,0.318945,0.193787,0.452002,0.18175,0.033653,0.391943,0.266968,0.536377,0.068825,Cytoplasm,"Cytoplasm, Cell membrane"
ENSP00000348564,3.213543287482083,High,0.204858,0.602637,0.441162,0.140503,0.137854,0.237427,0.007655,0.318848,0.199731,0.332471,0.109863,Cytoplasm,"Cytoplasm, Cell membrane"
ENSP00000344383,3.1787203645459416,High,0.302783,0.626172,0.4354,0.121021,0.20752,0.173682,0.024191,0.298999,0.332422,0.510938,0.034285,Cytoplasm,Cytoplasm
ENSP00000301607,2.966094650023991,High,0.209912,0.644824,0.393115,0.151892,0.197168,0.18645,0.02221,0.085193,0.195752,0.276758,0.027851,Cytoplasm,Cytoplasm
ENSP00000300648,3.296660752418045,High,0.378809,0.533936,0.586133,0.028284,0.257178,0.437256,0.095331,0.213965,0.21875,0.276904,0.0975,"Cytoplasm, Nucleus",Cytoplasm
ENSP00000294383,2.90393849836007,High,0.208643,0.646973,0.549561,0.083636,0.213062,0.122034,0.025977,0.151416,0.231348,0.322314,0.023578,"Cytoplasm, Nucleus","Cytoplasm, Nucleus"
ENSP00000280758,2.9323544043759355,High,0.261475,0.544727,0.503662,0.056033,0.260449,0.108093,0.015521,0.197559,0.283496,0.322168,0.009874,Cytoplasm,Nucleus
ENSP00000264868,3.235240740853204,High,0.796777,0.223145,0.1604,0.143427,0.421387,0.286353,0.041907,0.654883,0.316455,0.448975,0.157849,"Membrane, Endoplasmic reticulum",Nucleus
ENSP00000261609,3.1748885200930985,High,0.21748,0.597461,0.547266,0.091333,0.127771,0.278271,0.069102,0.161816,0.254004,0.26936,0.070667,"Cytoplasm, Nucleus",Cytoplasm
ENSP00000244007,2.9269644194073554,High,0.437988,0.657129,0.393823,0.07262,0.470459,0.160547,0.00723,0.154736,0.265259,0.265869,0.012571,Cytoplasm,Cytoplasm
ENSP00000416033,2.8681223291235116,High,0.11665,0.69502,0.371826,0.279736,0.156921,0.209814,0.011782,0.148242,0.09447,0.156372,0.062793,Cytoplasm,Nucleus
ENSP00000364042,2.9730057641153205,High,0.686328,0.243433,0.135901,0.517676,0.64917,0.115393,0.007146,0.298267,0.448047,0.414062,0.031138,"Membrane, Cell membrane",Cell membrane
ENSP00000305839,3.158349463778587,High,0.403662,0.434912,0.562109,0.190051,0.554419,0.234253,0.010545,0.162463,0.232141,0.314404,0.019782,"Nucleus, Cell membrane",Cell membrane
ENSP00000382610,3.3600006273740273,High,0.31416,0.617773,0.344482,0.213086,0.409961,0.228296,0.00957,0.251709,0.244727,0.376514,0.075705,Cytoplasm,"Cytoplasm, Nucleus"
ENSP00000496378,2.982235271548043,High,0.334082,0.648145,0.307153,0.065741,0.185205,0.217908,0.019484,0.252783,0.449512,0.739551,0.046235,"Cytoplasm, Golgi apparatus",Golgi apparatus
ENSP00000413889,2.912363969853309,High,0.244751,0.561816,0.464307,0.049329,0.231055,0.12417,0.017159,0.178857,0.296191,0.352393,0.00737,Cytoplasm,Nucleus
ENSP00000349439,3.256286276657136,High,0.470752,0.242114,0.245142,0.287231,0.239478,0.232996,0.01527,0.607031,0.233032,0.518115,0.039015,Membrane,"Cytoplasm, Cell membrane"
ENSP00000468082,3.0486923718713332,High,0.302686,0.584912,0.307959,0.325977,0.283765,0.4271,0.010197,0.195142,0.074475,0.131567,0.027368,Cytoplasm,Cytoplasm
ENSP00000346701,3.19529870366533,High,0.715723,0.301563,0.237354,0.169836,0.375732,0.166125,0.01339,0.559521,0.364404,0.618359,0.106238,Membrane,Nucleus
ENSP00000332111,3.212272924030577,High,0.131055,0.636914,0.403223,0.283032,0.129553,0.240234,0.124158,0.108264,0.067639,0.155713,0.279504,Cytoplasm,"Cytoplasm, Nucleus"
ENSP00000467054,3.13098379915064,High,0.324072,0.598242,0.329419,0.139453,0.222632,0.211548,0.004402,0.212231,0.477734,0.425049,0.022543,Cytoplasm,"Cytoplasm, Nucleus"
ENSP00000357460,2.9846410414337927,High,0.223389,0.64502,0.240063,0.145264,0.201636,0.134802,0.008926,0.161816,0.339795,0.544238,0.03464,Cytoplasm,Golgi apparatus
ENSP00000505762,3.1984713778261455,High,0.408789,0.633594,0.281665,0.129712,0.49668,0.221436,0.004043,0.195068,0.375439,0.340845,0.057735,Cytoplasm,"Cytoplasm, Cell membrane"
ENSP00000391268,3.085316186035256,High,0.674805,0.242505,0.13855,0.403931,0.674805,0.130676,0.007385,0.312354,0.363672,0.42959,0.063144,"Membrane, Cell membrane",Cell membrane
ENSP00000416289,3.3399792356723137,High,0.249316,0.4771,0.54043,0.121143,0.182031,0.323413,0.01311,0.37854,0.245746,0.246405,0.127438,"Cytoplasm, Nucleus",Nucleus
ENSP00000364372,2.9738837996902125,High,0.191113,0.554004,0.535352,0.079712,0.163379,0.137823,0.025191,0.254187,0.279956,0.336621,0.014491,"Cytoplasm, Nucleus","Cytoplasm, Nucleus"
ENSP00000348828,3.0496068854185454,High,0.441504,0.643262,0.312646,0.103418,0.417383,0.154517,0.012848,0.187476,0.250708,0.282959,0.020457,Cytoplasm,Cell membrane
ENSP00000314914,3.227572424492754,High,0.255225,0.650488,0.389258,0.127863,0.326465,0.255957,0.008181,0.202942,0.166272,0.194092,0.140045,Cytoplasm,Nucleus
ENSP00000500647,2.98971732963998,High,0.311499,0.675977,0.376318,0.132227,0.402734,0.175244,0.00556,0.220312,0.165771,0.200122,0.018189,Cytoplasm,"Cytoplasm, Nucleus"
ENSP00000409731,2.9784511748278475,High,0.286646,0.664746,0.465137,0.336951,0.351685,0.24082,0.017276,0.103662,0.071417,0.136487,0.050366,Cytoplasm,"Cytoplasm, Cell membrane"
ENSP00000314004,3.0085918996420173,High,0.215649,0.607031,0.625488,0.113666,0.143567,0.219043,0.010511,0.185706,0.321533,0.486035,0.048513,"Cytoplasm, Nucleus",Nucleus
ENSP00000289746,2.95409262757948,High,0.719434,0.269971,0.14873,0.237915,0.753027,0.098328,0.004092,0.253662,0.383398,0.303711,0.076752,"Membrane, Cell membrane","Cell membrane, Golgi apparatus"
ENSP00000288976,3.0737539860964467,High,0.187256,0.66084,0.371533,0.110925,0.247119,0.224414,0.012719,0.201685,0.227734,0.262207,0.039382,Cytoplasm,Nucleus
ENSP00000450998,3.4975354137158075,High,0.4875,0.575195,0.355469,0.268933,0.587939,0.250928,0.05287,0.339551,0.251733,0.509033,0.104456,"Membrane, Cytoplasm, Cell membrane","Cytoplasm, Cell membrane"
ENSP00000376504,3.2097661295079685,High,0.212677,0.707129,0.347559,0.207971,0.225623,0.222644,0.009397,0.292603,0.213843,0.243127,0.074887,Cytoplasm,Nucleus
ENSP00000430048,3.0425656750986896,High,0.101685,0.643652,0.442383,0.219946,0.104297,0.221326,0.118799,0.084851,0.069202,0.116882,0.322778,Cytoplasm,"Cytoplasm, Nucleus"
ENSP00000288439,3.0207340850375126,High,0.816113,0.172803,0.134888,0.100177,0.5354,0.236182,0.043333,0.428174,0.415332,0.439893,0.05015,"Membrane, Cell membrane",Golgi apparatus
ENSP00000419330,3.42901136357432,High,0.302441,0.551367,0.359814,0.184265,0.150891,0.384497,0.041315,0.344409,0.283643,0.616602,0.118227,Cytoplasm,Golgi apparatus
ENSP00000387099,3.2481154470766036,High,0.162988,0.574072,0.260156,0.661133,0.167615,0.259448,0.01074,0.261865,0.22439,0.273022,0.135875,"Cytoplasm, Extracellular",Cytoplasm
ENSP00000397869,3.1372823632186133,High,0.291479,0.536816,0.415332,0.095166,0.294336,0.103235,0.00774,0.296216,0.424902,0.313843,0.043052,Cytoplasm,Nucleus
ENSP00000450973,3.0356947949008557,High,0.246704,0.787988,0.256128,0.086371,0.251172,0.241675,0.00683,0.197827,0.204199,0.25625,0.095355,Cytoplasm,"Cytoplasm, Nucleus, Cell membrane"
ENSP00000371607,2.996918826304806,High,0.259814,0.183325,0.123657,0.208081,0.134497,0.835645,0.128479,0.136694,0.084692,0.176855,0.14458,Mitochondrion,Mitochondrion
ENSP00000390590,3.3376116385611896,High,0.303979,0.64873,0.29292,0.205481,0.392163,0.318115,0.016491,0.150073,0.135156,0.207324,0.213379,Cytoplasm,"Cytoplasm, Nucleus"
ENSP00000363878,2.983446694415735,High,0.384717,0.622949,0.514795,0.17207,0.273682,0.105481,0.013235,0.132776,0.347168,0.646631,0.031965,Cytoplasm,Nucleus
ENSP00000386830,3.1166919434595957,High,0.178723,0.471777,0.69375,0.037988,0.062054,0.3198,0.081274,0.28479,0.144824,0.216895,0.399951,"Cytoplasm, Nucleus","Cytoplasm, Cell membrane"
ENSP00000423638,3.2128072588051513,High,0.345068,0.730762,0.344922,0.190491,0.39707,0.171436,0.065594,0.151196,0.157538,0.568994,0.07113,Cytoplasm,"Cytoplasm, Cell membrane, Endoplasmic reticulum"
ENSP00000393856,2.854421341092397,High,0.35293,0.634082,0.545166,0.039421,0.433594,0.139795,0.023569,0.107361,0.202972,0.271875,0.026688,"Cytoplasm, Nucleus",Cell membrane
ENSP00000215582,3.1088411735147123,High,0.252002,0.814648,0.240234,0.162549,0.308716,0.224841,0.010007,0.125586,0.230469,0.313574,0.115796,Cytoplasm,Cell membrane
ENSP00000305557,3.0070380809972916,High,0.339893,0.62998,0.318018,0.060602,0.329443,0.135291,0.005717,0.27915,0.399658,0.530127,0.024106,Cytoplasm,Cell membrane
ENSP00000465742,3.0810459465598066,High,0.450391,0.631445,0.372021,0.119757,0.460107,0.211401,0.002184,0.252197,0.573389,0.361523,0.01932,"Cytoplasm, Lysosome/Vacuole","Cytoplasm, Cell membrane"
ENSP00000426528,3.1118353802642664,High,0.344434,0.634473,0.407275,0.083527,0.45542,0.186902,0.012798,0.154333,0.167126,0.209717,0.108064,Cytoplasm,Cell membrane
ENSP00000269856,3.039272378306782,High,0.18291,0.572314,0.50415,0.075427,0.202283,0.247632,0.016568,0.175146,0.305225,0.207666,0.044422,Cytoplasm,"Nucleus, Golgi apparatus"
ENSP00000508232,3.055790002830457,High,0.268774,0.440771,0.572803,0.0992,0.225488,0.176392,0.032002,0.249463,0.124017,0.142371,0.054387,Nucleus,Nucleus
ENSP00000357352,2.9546525337836487,High,0.604932,0.35835,0.21604,0.101532,0.703711,0.207214,0.007401,0.18833,0.266333,0.196436,0.037595,"Membrane, Cell membrane",Nucleus
ENSP00000421294,3.0164076446398327,High,0.321045,0.629199,0.298218,0.115356,0.32002,0.11178,0.009478,0.14845,0.330713,0.377295,0.020467,Cytoplasm,"Nucleus, Cell membrane"
ENSP00000358106,3.3413739893817787,High,0.213281,0.578174,0.350146,0.163916,0.287598,0.155334,0.055862,0.308301,0.129407,0.16842,0.162137,Cytoplasm,Cytoplasm
ENSP00000425670,3.2149882886711607,High,0.249463,0.793848,0.355298,0.221533,0.298096,0.24082,0.064294,0.143372,0.141772,0.531348,0.08689,Cytoplasm,"Cytoplasm, Cell membrane, Endoplasmic reticulum"
ENSP00000442992,3.2514872610965724,High,0.216968,0.478711,0.64209,0.050148,0.073987,0.322388,0.082269,0.304126,0.157788,0.271777,0.434033,"Cytoplasm, Nucleus","Cytoplasm, Cell membrane"
ENSP00000302879,3.2319238354508864,High,0.404346,0.575684,0.336963,0.124835,0.487451,0.212378,0.027278,0.36355,0.120923,0.300464,0.054956,Cytoplasm,"Cytoplasm, Cell membrane"
ENSP00000362442,2.9899156100550597,High,0.287183,0.586816,0.296069,0.131131,0.16886,0.121594,0.005064,0.197766,0.243286,0.263794,0.025216,Cytoplasm,"Cytoplasm, Cell membrane"
ENSP00000434245,3.1134606464873307,High,0.720703,0.208887,0.130811,0.238525,0.575049,0.311133,0.016953,0.255811,0.285522,0.262061,0.042499,"Membrane, Cell membrane",Cell membrane
ENSP00000273963,2.886949548133005,High,0.162671,0.642383,0.476025,0.086438,0.098267,0.134229,0.033259,0.147693,0.204468,0.274902,0.060378,Cytoplasm,Nucleus
ENSP00000274457,2.8856687370178826,High,0.158813,0.57627,0.492529,0.052954,0.175208,0.220422,0.019324,0.146643,0.257214,0.183875,0.033798,Cytoplasm,Nucleus
ENSP00000501797,3.265997207271434,High,0.283716,0.781543,0.3375,0.214355,0.321167,0.258081,0.064673,0.170459,0.128802,0.54082,0.099634,Cytoplasm,"Cytoplasm, Cell membrane, Endoplasmic reticulum"
ENSP00000209884,3.1612473649459982,High,0.239966,0.622461,0.486621,0.136975,0.191113,0.186841,0.025598,0.144739,0.223145,0.25061,0.089548,Cytoplasm,"Cytoplasm, Golgi apparatus"
ENSP00000497850,2.8166187189286602,High,0.804199,0.288379,0.126428,0.130573,0.607617,0.09483,0.003719,0.511475,0.380518,0.433301,0.043146,"Membrane, Cell membrane",Cell membrane
ENSP00000452721,3.00761406845662,High,0.47583,0.647363,0.318799,0.102142,0.460498,0.147668,0.003716,0.289038,0.549023,0.424268,0.015057,"Membrane, Cytoplasm","Cytoplasm, Cell membrane"
ENSP00000500708,2.851694945605209,High,0.139832,0.559375,0.548926,0.12345,0.053418,0.430664,0.02605,0.123462,0.251929,0.188892,0.040318,"Cytoplasm, Nucleus",Nucleus
ENSP00000505465,3.467040998135275,High,0.482715,0.42207,0.248584,0.068091,0.329004,0.412622,0.012379,0.361816,0.489502,0.27876,0.426501,Membrane,Cytoplasm
ENSP00000338235,2.8828504755550486,High,0.852051,0.171948,0.162256,0.10755,0.381152,0.180957,0.0148,0.735547,0.219995,0.462256,0.119397,"Membrane, Endoplasmic reticulum",Endoplasmic reticulum
ENSP00000479078,3.096688513520506,High,0.48457,0.622656,0.36626,0.121643,0.500391,0.222046,0.002846,0.290381,0.567236,0.381104,0.020912,"Membrane, Cytoplasm, Lysosome/Vacuole","Cytoplasm, Cell membrane"
ENSP00000406144,3.460951857958708,High,0.474854,0.425488,0.26062,0.057977,0.336597,0.406958,0.013518,0.364893,0.496045,0.280408,0.41123,Membrane,Cytoplasm
ENSP00000354034,3.181165313454529,High,0.564844,0.328174,0.247852,0.238098,0.617969,0.149976,0.021597,0.233813,0.268799,0.324878,0.021459,"Membrane, Cell membrane",Cell membrane
ENSP00000392811,3.106381614809304,High,0.53125,0.301465,0.216333,0.455725,0.650977,0.086664,0.021778,0.197998,0.29502,0.255957,0.034093,"Membrane, Cell membrane",Cell membrane
ENSP00000506632,3.4506714652743935,High,0.605566,0.303418,0.349561,0.264941,0.239136,0.333643,0.02233,0.455322,0.484131,0.520264,0.09462,Membrane,"Cytoplasm, Cell membrane"
ENSP00000505154,3.0765041463273977,High,0.209399,0.527051,0.323486,0.45542,0.212439,0.448779,0.005885,0.182336,0.205054,0.085297,0.037966,Cytoplasm,"Cytoplasm, Nucleus"
ENSP00000479888,3.1206874482607896,High,0.493213,0.550244,0.355127,0.125415,0.439307,0.199585,0.004003,0.233252,0.575586,0.423242,0.023766,"Membrane, Cytoplasm, Lysosome/Vacuole","Cytoplasm, Cell membrane"
ENSP00000450036,3.106679369470533,High,0.690527,0.231665,0.195776,0.312402,0.597314,0.120044,0.005301,0.37998,0.535937,0.466016,0.067285,"Membrane, Cell membrane","Endoplasmic reticulum, Golgi apparatus"
ENSP00000380690,3.041075541860388,High,0.333911,0.638379,0.339624,0.077197,0.231982,0.179334,0.006809,0.17998,0.375488,0.62251,0.061313,Cytoplasm,Cytoplasm
ENSP00000307128,3.102094637081107,High,0.556396,0.407324,0.244116,0.097302,0.649365,0.253235,0.008249,0.242017,0.252417,0.211938,0.050964,"Membrane, Cell membrane",Nucleus
ENSP00000341490,2.879880425850864,High,0.240405,0.227734,0.141174,0.881348,0.257593,0.16217,0.006199,0.271875,0.219116,0.306787,0.023228,Extracellular,Nucleus
ENSP00000354874,3.7363517348603654,High,0.410352,0.423389,0.473584,0.249072,0.209888,0.569629,0.103357,0.486914,0.241455,0.431006,0.355127,None,Nucleus
ENSP00000408858,2.803214703722698,High,0.293896,0.743457,0.230505,0.03811,0.289233,0.428711,0.030722,0.125867,0.114862,0.109943,0.065826,Cytoplasm,Cytoplasm
ENSP00000446410,3.198518122495387,High,0.256763,0.614551,0.356763,0.098499,0.184375,0.253296,0.019925,0.186609,0.215552,0.264575,0.092938,Cytoplasm,Cytoplasm
ENSP00000337816,3.041585867528851,High,0.447119,0.194067,0.138892,0.665137,0.581494,0.209937,0.005095,0.269214,0.247705,0.268433,0.02652,"Extracellular, Cell membrane",Cell membrane
ENSP00000419516,3.2782142569834156,High,0.652832,0.21084,0.269824,0.083881,0.143201,0.495264,0.054175,0.564063,0.189404,0.413281,0.201331,Membrane,Nucleus
ENSP00000376826,3.045719279132085,High,0.315747,0.689355,0.310742,0.173901,0.297095,0.179285,0.007521,0.115308,0.161401,0.356348,0.045801,Cytoplasm,"Cytoplasm, Cell membrane"
ENSP00000350469,3.175516448628588,High,0.355273,0.6125,0.44541,0.090509,0.494775,0.187793,0.011496,0.187549,0.193066,0.211816,0.121585,Cytoplasm,Cell membrane
ENSP00000426451,3.208297884238407,High,0.224609,0.590723,0.455176,0.079315,0.154553,0.143774,0.069406,0.18855,0.263403,0.283276,0.097345,Cytoplasm,Nucleus
ENSP00000220751,3.0410865628897126,High,0.396436,0.661523,0.441064,0.057962,0.424854,0.22749,0.004268,0.22749,0.316357,0.269629,0.026685,Cytoplasm,Cytoplasm
ENSP00000311837,2.9375972592934145,High,0.52998,0.602246,0.344287,0.090765,0.572412,0.180286,0.002969,0.164944,0.307983,0.302197,0.00936,"Membrane, Cytoplasm, Cell membrane",Cell membrane
ENSP00000427820,3.3225136842657523,High,0.200854,0.530322,0.428906,0.276355,0.155762,0.351074,0.029559,0.18844,0.162451,0.293311,0.088477,Cytoplasm,Nucleus
ENSP00000377093,3.035201928138529,High,0.786914,0.156079,0.24895,0.048904,0.137122,0.533105,0.07868,0.747852,0.209058,0.466211,0.274536,"Membrane, Endoplasmic reticulum",Nucleus
ENSP00000307318,2.8884565029027085,High,0.241455,0.190186,0.088522,0.78584,0.204834,0.097284,0.03165,0.355371,0.310901,0.305688,0.017807,Extracellular,Endoplasmic reticulum
ENSP00000293404,2.9171330352464704,High,0.223779,0.197925,0.140063,0.152148,0.128418,0.701074,0.189844,0.09317,0.08031,0.113672,0.079236,Mitochondrion,Mitochondrion
ENSP00000264639,2.935922935513628,High,0.307617,0.584326,0.542676,0.048404,0.223486,0.141638,0.016349,0.146875,0.33125,0.313452,0.024443,"Cytoplasm, Nucleus","Cytoplasm, Nucleus"
ENSP00000393621,3.071878184373608,High,0.323047,0.686719,0.304346,0.175171,0.301953,0.180444,0.008106,0.116687,0.169141,0.35498,0.051663,Cytoplasm,"Cytoplasm, Cell membrane"
ENSP00000498712,2.868503405240588,High,0.262891,0.214722,0.215234,0.156262,0.082251,0.886426,0.081641,0.171692,0.069553,0.127795,0.166583,Mitochondrion,Mitochondrion
ENSP00000429826,3.4031148945805927,High,0.191821,0.588135,0.410303,0.348169,0.159912,0.32124,0.016706,0.275757,0.233765,0.331396,0.119647,Cytoplasm,Golgi apparatus
ENSP00000317445,2.8474965349299968,High,0.244849,0.142322,0.098584,0.946777,0.212183,0.253601,0.020777,0.180444,0.291577,0.292944,0.05521,Extracellular,Cytoplasm
ENSP00000269383,2.804469923088093,High,0.095142,0.70791,0.487842,0.13002,0.071768,0.416919,0.001264,0.172717,0.330005,0.248901,0.046735,Cytoplasm,"Cytoplasm, Nucleus"
ENSP00000388320,2.7971887406580502,High,0.228833,0.467187,0.622852,0.037885,0.12627,0.314282,0.00356,0.220166,0.182104,0.210675,0.01681,Nucleus,Mitochondrion
ENSP00000257570,3.057111805342999,High,0.156238,0.545264,0.4375,0.461816,0.217468,0.331152,0.002326,0.282104,0.220361,0.089496,0.027856,Cytoplasm,Cytoplasm
ENSP00000366936,2.917638886313509,High,0.499658,0.640527,0.319922,0.069409,0.638623,0.237817,0.0052,0.138892,0.198584,0.258838,0.043103,"Membrane, Cytoplasm, Cell membrane",Cytoplasm
ENSP00000353971,3.1081062751099457,High,0.312354,0.480127,0.578906,0.055798,0.255908,0.154334,0.010431,0.313965,0.340869,0.368848,0.04132,"Cytoplasm, Nucleus",Cytoplasm
ENSP00000452984,3.4002940741447523,High,0.24873,0.698047,0.290576,0.125342,0.216333,0.26543,0.047021,0.279297,0.158618,0.376709,0.236053,Cytoplasm,"Cytoplasm, Nucleus"
ENSP00000451621,2.874487833542912,High,0.31228,0.656543,0.583789,0.048453,0.109119,0.214478,0.026023,0.2,0.173169,0.49126,0.041617,"Cytoplasm, Nucleus",Nucleus
ENSP00000481873,3.1529134447930542,High,0.274243,0.705273,0.366553,0.16134,0.301001,0.277734,0.015169,0.164368,0.226758,0.378516,0.031096,Cytoplasm,Nucleus
ENSP00000353013,2.98559615090376,High,0.714844,0.220532,0.120715,0.398413,0.73418,0.111377,0.011657,0.258911,0.280664,0.392529,0.074591,"Membrane, Cell membrane",Endoplasmic reticulum
ENSP00000386297,3.2693419094665104,High,0.188147,0.496143,0.212476,0.795703,0.177148,0.281567,0.009834,0.258765,0.292358,0.329663,0.185147,"Cytoplasm, Extracellular",Cytoplasm
ENSP00000378228,2.851020330461351,High,0.485498,0.694922,0.264233,0.119156,0.468799,0.117322,0.009879,0.144226,0.542334,0.546875,0.010767,"Membrane, Cytoplasm",Golgi apparatus
ENSP00000318883,3.4671325549427627,High,0.572461,0.32251,0.197412,0.213013,0.235254,0.633496,0.040652,0.294067,0.255103,0.259668,0.58252,Membrane,Mitochondrion
ENSP00000484345,3.155882269460412,High,0.444678,0.639648,0.402197,0.112213,0.457764,0.218408,0.006767,0.260718,0.411572,0.433887,0.026412,Cytoplasm,"Cytoplasm, Cell membrane"
ENSP00000413029,3.524277464854447,High,0.16814,0.299365,0.202856,0.70957,0.149597,0.182019,0.186328,0.262793,0.22688,0.340479,0.222595,Extracellular,Nucleus
ENSP00000395942,2.9899962244634497,High,0.387842,0.53042,0.445996,0.08219,0.221484,0.076862,0.006455,0.285474,0.332886,0.586816,0.036302,Cytoplasm,Golgi apparatus
ENSP00000414379,3.0445010114141446,High,0.361621,0.682422,0.354102,0.012911,0.260254,0.4021,0.090437,0.3005,0.113336,0.104773,0.087887,Cytoplasm,Cytoplasm
ENSP00000484162,2.970720081720369,High,0.142249,0.494727,0.648828,0.114349,0.137122,0.377808,0.008635,0.280469,0.109045,0.217456,0.082138,"Cytoplasm, Nucleus",Nucleus
ENSP00000311318,3.040734783256811,High,0.24021,0.538379,0.557129,0.083298,0.114868,0.203516,0.004034,0.324365,0.310278,0.439404,0.04881,"Cytoplasm, Nucleus",Mitochondrion
ENSP00000356046,3.0944667798869823,High,0.269629,0.705078,0.409766,0.04841,0.275842,0.267236,0.011012,0.193188,0.347827,0.248462,0.074845,Cytoplasm,Nucleus
ENSP00000481304,3.2423464076723922,High,0.378711,0.543408,0.538379,0.032246,0.244019,0.383789,0.006193,0.33645,0.381348,0.486963,0.136011,"Cytoplasm, Nucleus",Nucleus
ENSP00000358932,3.6383475213492558,High,0.441748,0.413965,0.319727,0.166487,0.250928,0.497266,0.037053,0.450879,0.27561,0.286047,0.444214,None,Nucleus
ENSP00000311486,3.4238922154140212,High,0.294238,0.529492,0.48418,0.184192,0.26521,0.394385,0.017724,0.254004,0.347534,0.338428,0.073576,Cytoplasm,Lysosome/Vacuole
ENSP00000489696,3.323710692933038,High,0.276514,0.482031,0.468652,0.174731,0.14928,0.409253,0.115878,0.091187,0.079364,0.14527,0.283923,Cytoplasm,Cytoplasm
ENSP00000357484,2.9516304975265713,High,0.373047,0.60918,0.401611,0.039763,0.333862,0.175354,0.004181,0.198193,0.190869,0.335156,0.02401,Cytoplasm,Golgi apparatus
ENSP00000333049,2.976953822963351,High,0.320312,0.652832,0.497803,0.095062,0.252222,0.238245,0.007633,0.12041,0.233032,0.238452,0.028113,Cytoplasm,"Cytoplasm, Nucleus"
ENSP00000477967,3.433992272900506,High,0.572949,0.305908,0.234741,0.226135,0.237964,0.613086,0.041333,0.297241,0.153735,0.230908,0.57998,Membrane,Mitochondrion
ENSP00000433771,3.0375607638579645,High,0.254565,0.728516,0.448486,0.042172,0.236523,0.238135,0.013197,0.215771,0.339819,0.23252,0.071536,Cytoplasm,Nucleus
ENSP00000497847,3.1399687997770536,High,0.177832,0.737695,0.370068,0.073938,0.253442,0.346924,0.020172,0.189111,0.323047,0.323096,0.084698,Cytoplasm,Cytoplasm
ENSP00000438460,3.0216130050623047,High,0.148193,0.263281,0.743359,0.527148,0.206958,0.322778,0.007891,0.350317,0.162683,0.064046,0.681641,Nucleus,Nucleus
ENSP00000333779,3.018305683987248,High,0.752832,0.165894,0.128711,0.283325,0.644043,0.116248,0.017619,0.239209,0.409961,0.302246,0.0862,"Membrane, Cell membrane",Cell membrane
ENSP00000397759,3.0571034793006024,High,0.514355,0.649121,0.321924,0.063449,0.341602,0.256421,0.016649,0.415771,0.515771,0.746094,0.069791,"Membrane, Cytoplasm, Golgi apparatus",Golgi apparatus
ENSP00000307260,3.2842643384575214,High,0.688379,0.243921,0.256104,0.100073,0.274292,0.294263,0.043524,0.679199,0.267236,0.367822,0.134045,"Membrane, Endoplasmic reticulum",Cytoplasm
ENSP00000380142,3.0497954106204865,High,0.238916,0.444287,0.556836,0.049182,0.150928,0.278125,0.023248,0.195386,0.232739,0.163452,0.072356,Nucleus,Nucleus
ENSP00000490739,3.2381611491895086,High,0.252856,0.52124,0.397021,0.632861,0.197009,0.254248,0.011273,0.104211,0.193188,0.123877,0.314636,Cytoplasm,"Cytoplasm, Nucleus, Cell membrane"
ENSP00000429947,2.9028328433948194,High,0.229883,0.690137,0.55249,0.030397,0.223047,0.184692,0.016725,0.291113,0.184827,0.251929,0.045829,"Cytoplasm, Nucleus",Cytoplasm
ENSP00000497692,3.3175644810690916,High,0.298975,0.515039,0.446436,0.145837,0.200073,0.237109,0.018414,0.344873,0.356812,0.403467,0.043433,Cytoplasm,Nucleus
ENSP00000438154,2.903363557768328,High,0.160034,0.566943,0.412207,0.167059,0.233667,0.155469,0.023821,0.151355,0.123657,0.10213,0.040001,Cytoplasm,"Cytoplasm, Nucleus"
ENSP00000408854,3.096862549832872,High,0.157971,0.523486,0.541895,0.075116,0.104236,0.153467,0.113321,0.153284,0.214648,0.175623,0.113293,"Cytoplasm, Nucleus",Nucleus
ENSP00000376597,2.899119224003937,High,0.251953,0.411182,0.612793,0.130472,0.104126,0.15448,0.009731,0.118738,0.361353,0.201929,0.030932,Nucleus,Nucleus
ENSP00000275072,3.3648751732867948,High,0.140662,0.637695,0.323779,0.44165,0.230151,0.263782,0.016769,0.256689,0.265845,0.16781,0.192316,Cytoplasm,Nucleus
ENSP00000483972,2.8806800596968225,High,0.243018,0.637598,0.323364,0.068198,0.169751,0.39585,0.028099,0.086255,0.095459,0.256958,0.049471,Cytoplasm,Nucleus
ENSP00000432878,3.684759611742975,High,0.442529,0.633789,0.317236,0.217041,0.434131,0.471338,0.17002,0.268384,0.190454,0.546582,0.200378,Cytoplasm,"Cytoplasm, Cell membrane, Endoplasmic reticulum"
ENSP00000355814,3.036768143597445,High,0.166492,0.58125,0.437012,0.089331,0.122937,0.408936,0.053355,0.171826,0.078745,0.173621,0.124048,Cytoplasm,Cytoplasm
ENSP00000414103,3.4956408788767908,High,0.534131,0.517236,0.347607,0.160779,0.308154,0.382861,0.053137,0.615625,0.420605,0.665918,0.231165,"Membrane, Cytoplasm",Golgi apparatus
ENSP00000367483,3.0853429374100148,High,0.215991,0.302148,0.214893,0.765723,0.267236,0.178882,0.036937,0.311938,0.136169,0.179907,0.041496,Extracellular,Nucleus
ENSP00000507848,2.9672081752910526,High,0.313745,0.49126,0.501758,0.038016,0.20647,0.214343,0.007505,0.165088,0.3229,0.208044,0.028905,Cytoplasm,"Cytoplasm, Nucleus, Cell membrane"
ENSP00000369361,2.8290905915821822,High,0.203394,0.716309,0.254883,0.191357,0.218188,0.171692,0.009369,0.074725,0.157104,0.231445,0.027786,Cytoplasm,Cytoplasm
ENSP00000326194,3.0185043339228885,High,0.254565,0.60625,0.62334,0.062073,0.092566,0.288745,0.017213,0.300708,0.164185,0.385596,0.096259,"Cytoplasm, Nucleus",Nucleus
ENSP00000386502,2.956162780697685,High,0.249048,0.490723,0.463086,0.115369,0.300317,0.420801,0.021854,0.06134,0.179382,0.120288,0.032647,Cytoplasm,Nucleus
ENSP00000440875,2.8014852906206396,High,0.816504,0.220898,0.089819,0.264478,0.818262,0.197412,0.007127,0.247461,0.416846,0.474121,0.050287,"Membrane, Cell membrane",Golgi apparatus
ENSP00000445928,3.081864935878756,High,0.141321,0.36958,0.595801,0.310254,0.128223,0.412402,0.02797,0.204028,0.077838,0.156946,0.094876,Nucleus,Nucleus
ENSP00000385020,3.01480830257898,High,0.483154,0.633887,0.34082,0.10499,0.47207,0.209277,0.005972,0.1311,0.387988,0.315063,0.014386,"Membrane, Cytoplasm",Cell membrane
ENSP00000286234,3.0523535348348974,High,0.491309,0.600586,0.340674,0.070822,0.426514,0.20531,0.01629,0.184375,0.375146,0.435303,0.009839,"Membrane, Cytoplasm","Nucleus, Mitochondrion"
ENSP00000445690,3.067770812593293,High,0.353027,0.64502,0.38667,0.061922,0.290747,0.197083,0.011512,0.244824,0.223621,0.413477,0.028908,Cytoplasm,Golgi apparatus
ENSP00000446242,3.5420734912602687,High,0.392603,0.376318,0.387744,0.269702,0.206982,0.67373,0.026996,0.309253,0.195996,0.362378,0.250208,Mitochondrion,Mitochondrion
ENSP00000381461,3.157391080980769,High,0.212793,0.444238,0.389648,0.11969,0.125769,0.154016,0.079265,0.116101,0.194702,0.25376,0.066312,None,Nucleus
ENSP00000438521,3.2110919100745394,High,0.480957,0.60498,0.296777,0.101746,0.518994,0.235864,0.015542,0.270361,0.417822,0.424658,0.04248,"Membrane, Cytoplasm","Cytoplasm, Nucleus"
ENSP00000420269,3.065087961442555,High,0.208936,0.266528,0.12959,0.206299,0.094373,0.698828,0.507666,0.090186,0.055927,0.101978,0.338525,Mitochondrion,Cytoplasm
ENSP00000445481,3.398387741804737,High,0.350244,0.529834,0.481348,0.192798,0.288379,0.365381,0.023035,0.202197,0.500708,0.42373,0.065392,Cytoplasm,Lysosome/Vacuole
ENSP00000399234,3.0258247548369055,High,0.270557,0.503027,0.609766,0.063333,0.185486,0.259766,0.017323,0.242578,0.121271,0.241528,0.063233,"Cytoplasm, Nucleus","Cytoplasm, Nucleus"
ENSP00000317437,3.0741216511849005,High,0.196753,0.511328,0.584668,0.068008,0.135907,0.201953,0.029595,0.305127,0.296411,0.202161,0.060852,"Cytoplasm, Nucleus","Endoplasmic reticulum, Golgi apparatus"
ENSP00000479512,3.0680053048850366,High,0.170654,0.526025,0.456104,0.476367,0.246362,0.375732,0.002314,0.241992,0.22854,0.077411,0.032475,Cytoplasm,Cytoplasm
ENSP00000437207,3.002130223842118,High,0.258228,0.68916,0.45249,0.252271,0.449805,0.098083,0.005411,0.193268,0.218201,0.257495,0.018944,Cytoplasm,"Nucleus, Cell membrane"
ENSP00000318575,2.984781417013751,High,0.227612,0.659082,0.317578,0.06935,0.198877,0.152539,0.021724,0.184094,0.277075,0.190723,0.049799,Cytoplasm,Cytoplasm
ENSP00000485288,2.81272085720987,High,0.162402,0.594824,0.546289,0.038715,0.117786,0.489111,0.068495,0.055627,0.123816,0.069751,0.30354,"Cytoplasm, Nucleus",Cytoplasm
ENSP00000320431,3.0130787419931493,High,0.596143,0.221118,0.202222,0.444849,0.127478,0.235156,0.008745,0.455273,0.16925,0.699219,0.042389,"Membrane, Golgi apparatus",Golgi apparatus
ENSP00000260563,2.799100221567665,High,0.287402,0.427539,0.537939,0.057627,0.181934,0.44165,0.027314,0.031094,0.087573,0.056311,0.208673,Nucleus,Nucleus
ENSP00000243082,2.986800755171585,High,0.185083,0.434424,0.678223,0.184186,0.171686,0.296118,0.022984,0.295435,0.096863,0.136026,0.040611,Nucleus,Nucleus
ENSP00000426083,3.120911237505785,High,0.236841,0.617773,0.206372,0.167364,0.253687,0.462158,0.080658,0.092932,0.157513,0.108899,0.076254,Cytoplasm,"Cytoplasm, Cell membrane"
ENSP00000405752,3.035046691936654,High,0.567676,0.624219,0.294214,0.051671,0.330664,0.287549,0.014129,0.395703,0.496094,0.731738,0.065627,"Membrane, Cytoplasm, Golgi apparatus",Golgi apparatus
ENSP00000459933,2.9765473422822346,High,0.257935,0.533984,0.48855,0.057831,0.100366,0.212622,0.028705,0.481738,0.225159,0.306714,0.015744,Cytoplasm,Nucleus
ENSP00000379284,3.025779475885713,High,0.333521,0.495898,0.309424,0.07919,0.314575,0.181763,0.030902,0.250757,0.109445,0.138293,0.0296,Cytoplasm,Mitochondrion
ENSP00000335060,3.3019237142873417,High,0.273462,0.700977,0.22594,0.144647,0.23103,0.623975,0.014884,0.17428,0.287939,0.37019,0.279492,Cytoplasm,Mitochondrion
ENSP00000430121,3.199053295684631,High,0.191626,0.491699,0.651074,0.166809,0.140173,0.124817,0.071982,0.198267,0.162744,0.172217,0.183984,"Cytoplasm, Nucleus",Nucleus
ENSP00000493763,3.209624017899277,High,0.233777,0.601074,0.135498,0.349902,0.053937,0.254358,0.057417,0.156653,0.344873,0.168668,0.166016,Cytoplasm,Nucleus
ENSP00000427300,3.0563370907315073,High,0.123328,0.424951,0.645605,0.217407,0.046713,0.451221,0.117853,0.201758,0.095941,0.16438,0.093415,Nucleus,Nucleus
ENSP00000480216,2.9201641487902155,High,0.169727,0.605371,0.557617,0.077231,0.207642,0.350781,0.007883,0.185901,0.202869,0.151245,0.044117,"Cytoplasm, Nucleus","Cytoplasm, Nucleus"
ENSP00000410603,3.092535189575738,High,0.352881,0.485986,0.612305,0.049341,0.4146,0.262744,0.01469,0.160242,0.306885,0.310352,0.039752,"Cytoplasm, Nucleus","Cytoplasm, Nucleus"
ENSP00000385529,3.3628859288172053,High,0.412061,0.539062,0.373633,0.035342,0.385303,0.318823,0.051466,0.101721,0.246021,0.334033,0.259619,Cytoplasm,Cytoplasm
ENSP00000413963,3.2994210475275816,High,0.186597,0.471436,0.517041,0.459082,0.120459,0.310815,0.070433,0.075128,0.205493,0.126208,0.497577,Cytoplasm,Cytoplasm
ENSP00000369411,2.9220946658528697,High,0.332471,0.51333,0.332166,0.020176,0.151001,0.235413,0.026421,0.296851,0.122275,0.173969,0.038377,Cytoplasm,Nucleus
ENSP00000438158,3.270668137112202,High,0.186426,0.696875,0.485547,0.240457,0.150012,0.354712,0.072552,0.168536,0.176575,0.229248,0.096652,Cytoplasm,Cytoplasm
ENSP00000362685,2.8893250221031392,High,0.118933,0.648633,0.487158,0.08548,0.122363,0.221143,0.034091,0.13197,0.240735,0.143445,0.078766,Cytoplasm,Nucleus
ENSP00000502859,3.7019943956487564,High,0.574072,0.346729,0.157654,0.215967,0.199121,0.54541,0.261951,0.371533,0.206689,0.229321,0.292505,Membrane,Mitochondrion
ENSP00000299163,2.951322628051809,High,0.082245,0.597559,0.364648,0.144458,0.053378,0.249524,0.092862,0.252991,0.117126,0.234839,0.039744,Cytoplasm,"Cytoplasm, Nucleus"
ENSP00000463121,2.891837348177676,High,0.298218,0.397803,0.574316,0.088141,0.140735,0.238922,0.010838,0.142029,0.163025,0.155103,0.029021,Nucleus,"Cytoplasm, Nucleus, Mitochondrion"
ENSP00000243878,2.8617331704226707,High,0.158521,0.613623,0.316748,0.096497,0.178076,0.232324,0.004224,0.09978,0.181641,0.109711,0.098712,Cytoplasm,"Cytoplasm, Cell membrane"
ENSP00000386280,3.182541565670773,High,0.484131,0.290015,0.301099,0.136646,0.225513,0.555322,0.011537,0.190552,0.095654,0.094116,0.304932,Membrane,Nucleus
ENSP00000357920,3.1919489663826415,High,0.198401,0.268286,0.227161,0.131049,0.051779,0.461035,0.131403,0.488672,0.165588,0.289136,0.857715,Peroxisome,Cytoplasm
ENSP00000356974,3.049502050908468,High,0.283667,0.244019,0.165833,0.843555,0.395117,0.174109,0.010718,0.318604,0.192749,0.34541,0.044089,Extracellular,Nucleus
ENSP00000432382,3.038184672275897,High,0.551514,0.664551,0.327295,0.043092,0.376074,0.300439,0.009857,0.316406,0.478223,0.645898,0.057146,"Membrane, Cytoplasm",Golgi apparatus
ENSP00000319739,3.1785388660136737,High,0.268848,0.218774,0.178662,0.333252,0.237695,0.11665,0.007833,0.631836,0.316626,0.372168,0.058899,Endoplasmic reticulum,Endoplasmic reticulum
ENSP00000468290,3.373469010675084,High,0.312842,0.507471,0.518555,0.298779,0.180811,0.483984,0.00533,0.28418,0.208618,0.44126,0.100073,Cytoplasm,Mitochondrion
ENSP00000463424,3.139593915622039,High,0.263525,0.628906,0.39458,0.105963,0.160413,0.159723,0.031107,0.218848,0.177625,0.207007,0.101122,Cytoplasm,Cytoplasm
ENSP00000420802,3.027074250165678,High,0.642285,0.264478,0.114392,0.394873,0.708105,0.120215,0.004654,0.367383,0.446875,0.293066,0.057617,"Membrane, Cell membrane",Cell membrane
ENSP00000360597,3.129188648180622,High,0.711621,0.204663,0.120398,0.33429,0.644043,0.215906,0.005189,0.385937,0.410498,0.360449,0.077917,"Membrane, Cell membrane",Cell membrane
ENSP00000478061,2.9041585820024167,High,0.514404,0.645703,0.460742,0.096671,0.702246,0.101038,0.016475,0.234741,0.220679,0.370605,0.031072,"Membrane, Cytoplasm, Cell membrane",Cell membrane
ENSP00000387119,3.4308083254189983,High,0.207324,0.515869,0.447559,0.306323,0.226343,0.314038,0.036192,0.099683,0.282251,0.130762,0.367212,Cytoplasm,Cytoplasm
ENSP00000469035,3.25047623007282,High,0.271289,0.528955,0.376611,0.113159,0.291895,0.185382,0.011748,0.145703,0.210278,0.14953,0.550543,Cytoplasm,Golgi apparatus
ENSP00000435393,3.1883141332101306,High,0.310352,0.466602,0.588281,0.10354,0.185669,0.292505,0.031302,0.204456,0.23667,0.302344,0.03388,Nucleus,Nucleus
ENSP00000332049,2.9781814244714777,High,0.689063,0.249561,0.151831,0.271338,0.732324,0.106433,0.008323,0.33457,0.321875,0.372168,0.040353,"Membrane, Cell membrane",Cell membrane
ENSP00000374550,2.890160044822225,High,0.115515,0.484229,0.754199,0.152185,0.099481,0.220166,0.032658,0.181006,0.116895,0.101575,0.202332,"Cytoplasm, Nucleus",Cytoplasm
ENSP00000427011,2.804995625094622,High,0.75957,0.26123,0.201685,0.098022,0.748145,0.180951,0.0086,0.186255,0.461279,0.377393,0.024126,"Membrane, Cell membrane",Nucleus
ENSP00000380217,3.012363142438578,High,0.700195,0.283789,0.105811,0.35166,0.750977,0.139185,0.004665,0.366455,0.469238,0.311914,0.078217,"Membrane, Cell membrane",Cell membrane
ENSP00000390152,2.8491383259332284,High,0.327393,0.165503,0.150452,0.873242,0.414062,0.119519,0.022218,0.188062,0.21438,0.302075,0.018218,Extracellular,Cell membrane
ENSP00000480722,2.8439447215480325,High,0.104187,0.617188,0.474805,0.106244,0.132605,0.526563,0.015707,0.113416,0.085541,0.094745,0.346808,Cytoplasm,"Nucleus, Golgi apparatus"
ENSP00000291691,2.853761432576197,High,0.154651,0.504199,0.575586,0.327856,0.11167,0.234253,0.005157,0.098022,0.074408,0.128284,0.107617,"Cytoplasm, Nucleus",Nucleus
ENSP00000339326,2.93599246415813,High,0.187329,0.620508,0.62334,0.284387,0.187793,0.351611,0.003927,0.149939,0.156396,0.204834,0.017599,"Cytoplasm, Nucleus","Cytoplasm, Nucleus, Cell membrane"
ENSP00000468486,2.85915202037739,High,0.135803,0.582422,0.452246,0.230737,0.0836,0.303809,0.027106,0.095972,0.132361,0.191931,0.027695,Cytoplasm,Cytoplasm
ENSP00000326693,2.9459743723213077,High,0.705566,0.117151,0.153101,0.041223,0.107654,0.874219,0.275903,0.213916,0.209033,0.169586,0.450684,"Membrane, Mitochondrion",Mitochondrion
ENSP00000496818,3.8031361518462763,High,0.283374,0.501465,0.335986,0.279956,0.248535,0.424438,0.197705,0.260864,0.221045,0.226831,0.206763,Cytoplasm,Nucleus
ENSP00000268125,3.2410047450343904,High,0.408643,0.661914,0.383008,0.108228,0.16189,0.263354,0.022724,0.387109,0.308765,0.339038,0.057846,Cytoplasm,Cytoplasm
ENSP00000359795,2.816651140416854,High,0.480713,0.61084,0.404736,0.081165,0.62041,0.089526,0.018977,0.213354,0.117651,0.275049,0.017131,"Membrane, Cytoplasm, Cell membrane",Cytoplasm
ENSP00000486676,3.4108332363726017,High,0.59541,0.245923,0.220142,0.182007,0.17688,0.622119,0.043344,0.571436,0.226416,0.28042,0.425928,Membrane,Cytoplasm
ENSP00000440227,3.2545364150502616,High,0.185803,0.645703,0.2302,0.090594,0.07406,0.468677,0.190756,0.211584,0.163428,0.164807,0.193665,Cytoplasm,Cytoplasm
ENSP00000371408,3.14354837993895,High,0.656055,0.43252,0.35874,0.04216,0.615869,0.324512,0.016234,0.253198,0.519922,0.686914,0.208325,"Membrane, Cell membrane, Golgi apparatus",Cell membrane
ENSP00000430457,3.0874087466829407,High,0.455908,0.58252,0.356494,0.05947,0.395361,0.214771,0.020055,0.185718,0.334766,0.399268,0.013393,"Membrane, Cytoplasm","Nucleus, Mitochondrion"
ENSP00000307695,3.133388042625779,High,0.2625,0.592187,0.471631,0.095209,0.246558,0.234692,0.007939,0.182825,0.170557,0.153821,0.134271,Cytoplasm,Nucleus
ENSP00000225972,3.2447686146469423,High,0.769336,0.179517,0.316968,0.091708,0.282446,0.36377,0.039911,0.579785,0.284644,0.408545,0.123694,Membrane,Endoplasmic reticulum
ENSP00000329214,3.0167129804811688,High,0.550293,0.199023,0.171191,0.478662,0.115527,0.212744,0.016333,0.420605,0.169885,0.613281,0.02829,Membrane,Nucleus
ENSP00000321679,3.069558513006569,High,0.204834,0.601172,0.472754,0.113855,0.268262,0.218933,0.011915,0.168408,0.174927,0.254834,0.047935,Cytoplasm,Nucleus
ENSP00000346300,2.845825558292085,High,0.367212,0.640625,0.432422,0.08064,0.31582,0.092975,0.011045,0.088196,0.294012,0.301001,0.013171,Cytoplasm,Nucleus
ENSP00000279206,3.1851944566452057,High,0.200073,0.598975,0.347266,0.168384,0.284692,0.478174,0.011047,0.259058,0.144348,0.195679,0.797754,"Cytoplasm, Peroxisome",Nucleus
ENSP00000407646,2.8967216209228335,High,0.264941,0.404102,0.471924,0.193427,0.159912,0.304639,0.023235,0.14162,0.057867,0.116943,0.017623,None,"Cytoplasm, Nucleus"
ENSP00000274000,3.223301648458273,High,0.619336,0.422607,0.396729,0.028116,0.55874,0.292334,0.054745,0.112122,0.391504,0.464062,0.148084,"Membrane, Cell membrane",Golgi apparatus
ENSP00000457284,2.870566707876114,High,0.244604,0.237939,0.126245,0.903613,0.343359,0.146265,0.008333,0.215405,0.264722,0.343701,0.025649,Extracellular,"Cytoplasm, Cell membrane"
ENSP00000326305,2.811805594254606,High,0.879199,0.178223,0.116467,0.027301,0.327197,0.918555,0.077795,0.329395,0.19209,0.274341,0.308081,"Membrane, Mitochondrion",Mitochondrion
ENSP00000393970,3.528530177093839,High,0.236084,0.602441,0.532715,0.213098,0.163855,0.362646,0.199585,0.314941,0.178857,0.250305,0.08755,"Cytoplasm, Nucleus",Mitochondrion
ENSP00000446662,2.9799210682560617,High,0.259399,0.225464,0.150061,0.820117,0.331787,0.110046,0.00985,0.362695,0.428271,0.348633,0.025659,Extracellular,"Endoplasmic reticulum, Golgi apparatus"
ENSP00000283429,3.25215036517874,High,0.217297,0.464795,0.216943,0.116339,0.247119,0.299561,0.035619,0.140186,0.158057,0.157874,0.615381,None,Nucleus
ENSP00000408065,2.8054910832407156,High,0.195471,0.555859,0.453662,0.303125,0.223718,0.128699,0.038193,0.067429,0.098038,0.107434,0.016221,Cytoplasm,Nucleus
ENSP00000392629,3.0949284173112437,High,0.395605,0.259399,0.133691,0.773438,0.310962,0.366553,0.009396,0.26665,0.192334,0.229321,0.039714,Extracellular,Cell membrane
ENSP00000371061,3.1605190926721027,High,0.210828,0.571094,0.551367,0.117963,0.175891,0.227393,0.011402,0.265088,0.259912,0.274512,0.067223,"Cytoplasm, Nucleus","Cytoplasm, Nucleus"
ENSP00000265164,3.119366121416244,High,0.196924,0.675586,0.560205,0.265625,0.243848,0.416406,0.012814,0.180371,0.289111,0.21228,0.026503,"Cytoplasm, Nucleus",Cytoplasm
ENSP00000438605,3.1730544278303374,High,0.270288,0.427832,0.208276,0.722168,0.316187,0.307935,0.004567,0.225488,0.199072,0.319922,0.036664,Extracellular,Golgi apparatus
ENSP00000429225,3.073682284554879,High,0.570703,0.663867,0.256958,0.033411,0.372412,0.719141,0.029188,0.524902,0.506494,0.67334,0.437805,"Membrane, Cytoplasm, Mitochondrion, Golgi apparatus",Cytoplasm
ENSP00000420452,3.024739103576429,High,0.197681,0.242383,0.183923,0.824316,0.218091,0.204309,0.015276,0.255249,0.187756,0.288599,0.049298,Extracellular,Nucleus
ENSP00000413666,2.801456034059887,High,0.208569,0.429883,0.660547,0.106348,0.149731,0.187872,0.015195,0.066949,0.139136,0.132471,0.088138,Nucleus,Cytoplasm
ENSP00000448029,3.091546199592015,High,0.743555,0.255786,0.150464,0.230493,0.648926,0.174243,0.007568,0.397803,0.547559,0.44209,0.092261,"Membrane, Cell membrane","Endoplasmic reticulum, Golgi apparatus"
ENSP00000443578,3.1256223802023806,High,0.232446,0.439795,0.396729,0.228088,0.107031,0.425342,0.021271,0.223633,0.087091,0.222021,0.052624,None,"Cytoplasm, Nucleus"
ENSP00000362691,3.114144405166796,High,0.174072,0.549072,0.477832,0.071478,0.141797,0.203235,0.050043,0.149536,0.275708,0.159155,0.121951,Cytoplasm,Nucleus
ENSP00000499274,3.4110842650712687,High,0.175269,0.406348,0.589063,0.281299,0.110095,0.302612,0.18429,0.301709,0.139233,0.36189,0.050719,Nucleus,Cell membrane
ENSP00000453021,3.191245997447528,High,0.4,0.614844,0.318604,0.09873,0.429102,0.258813,0.013082,0.175537,0.285425,0.177307,0.074243,Cytoplasm,Nucleus
ENSP00000356374,3.1662415107483524,High,0.170459,0.574951,0.578467,0.039005,0.12699,0.119766,0.076658,0.176697,0.331665,0.349341,0.260562,"Cytoplasm, Nucleus",Nucleus
ENSP00000507343,3.196539521635426,High,0.288208,0.63916,0.498584,0.069293,0.173901,0.272559,0.004651,0.308423,0.34917,0.25459,0.12318,Cytoplasm,Cytoplasm
ENSP00000415689,2.9170238708922236,High,0.13103,0.548877,0.550684,0.179675,0.124158,0.130988,0.037071,0.135498,0.17251,0.319482,0.027396,"Cytoplasm, Nucleus","Cytoplasm, Cell membrane"
ENSP00000357919,3.273284098790815,High,0.228406,0.268896,0.230847,0.098691,0.048361,0.424268,0.198807,0.5875,0.228125,0.283032,0.801172,Peroxisome,Cytoplasm
ENSP00000430243,3.1378779758306354,High,0.150989,0.647656,0.562939,0.12793,0.061682,0.270081,0.096866,0.212598,0.153931,0.260584,0.130174,"Cytoplasm, Nucleus",Cell membrane
ENSP00000343717,3.614691856658751,High,0.29707,0.509814,0.298071,0.222229,0.112976,0.556543,0.125912,0.292627,0.290405,0.372803,0.621338,Cytoplasm,Cytoplasm
ENSP00000401085,3.152606939608706,High,0.280371,0.734766,0.427051,0.128072,0.361377,0.340796,0.008434,0.151721,0.130974,0.152441,0.212311,Cytoplasm,Nucleus
ENSP00000363055,2.982398745414462,High,0.144116,0.605469,0.438574,0.154334,0.154749,0.366553,0.003459,0.143225,0.17998,0.196606,0.058761,Cytoplasm,"Cytoplasm, Nucleus"
ENSP00000463927,2.86471346075892,High,0.755762,0.214185,0.124524,0.304297,0.778516,0.107098,0.008156,0.303174,0.26001,0.304419,0.052167,"Membrane, Cell membrane",Cell membrane
ENSP00000225576,3.340925905794557,High,0.617188,0.263452,0.313623,0.083557,0.184204,0.261133,0.064564,0.554541,0.287793,0.517236,0.120532,Membrane,Golgi apparatus
ENSP00000264468,2.9906872254790193,High,0.312842,0.245435,0.160278,0.715234,0.368555,0.109253,0.015602,0.276294,0.169702,0.242383,0.018774,Extracellular,Cell membrane
ENSP00000504884,3.155057312310568,High,0.289258,0.694141,0.441895,0.11546,0.299658,0.196985,0.003893,0.208545,0.379395,0.4104,0.060556,Cytoplasm,"Cytoplasm, Cell membrane"
ENSP00000480322,2.8880694901564525,High,0.753418,0.10553,0.094495,0.357324,0.644922,0.223901,0.0319,0.12843,0.332153,0.142493,0.086423,"Membrane, Cell membrane",Cell membrane
ENSP00000494695,3.065842638572037,High,0.121399,0.389404,0.723047,0.158136,0.086938,0.40835,0.077481,0.144385,0.226257,0.160547,0.100481,Nucleus,Nucleus
ENSP00000361338,2.8763745436299435,High,0.826367,0.142749,0.102356,0.104434,0.447314,0.251001,0.036188,0.643359,0.173169,0.367041,0.072001,"Membrane, Endoplasmic reticulum",Nucleus
ENSP00000357932,3.167472549783999,High,0.203149,0.64375,0.44585,0.091931,0.175049,0.355176,0.031389,0.110229,0.271875,0.291504,0.10994,Cytoplasm,Cytoplasm
ENSP00000309973,3.256752259867064,High,0.167944,0.53584,0.515674,0.235913,0.173657,0.223193,0.118958,0.183118,0.107007,0.134546,0.098776,Cytoplasm,Mitochondrion
ENSP00000307508,3.0090372274053028,High,0.509131,0.546777,0.386084,0.063193,0.50083,0.076547,0.030396,0.233704,0.203113,0.253882,0.041725,"Membrane, Cytoplasm",Cytoplasm
ENSP00000280056,3.423245903002533,High,0.297021,0.469971,0.480908,0.256592,0.110168,0.54751,0.066354,0.214343,0.120984,0.177222,0.301971,Cytoplasm,Nucleus
ENSP00000436775,3.3187137121592496,High,0.214502,0.530371,0.497119,0.102563,0.205786,0.480127,0.018189,0.240601,0.233447,0.156653,0.253439,Cytoplasm,Nucleus
ENSP00000407970,3.3405642623125544,High,0.195972,0.618555,0.299756,0.159262,0.22854,0.469141,0.022126,0.31355,0.180225,0.214111,0.62998,Cytoplasm,Nucleus
ENSP00000497159,3.0736943200693636,High,0.097034,0.414648,0.511768,0.176208,0.044653,0.331494,0.070546,0.176392,0.107007,0.289526,0.105783,None,Cytoplasm
ENSP00000427754,3.197555656570181,High,0.402002,0.608643,0.386377,0.113406,0.321973,0.43584,0.016357,0.171899,0.399438,0.258325,0.028617,Cytoplasm,"Cytoplasm, Nucleus"
ENSP00000309023,3.185976212529206,High,0.621729,0.406543,0.398779,0.027576,0.574463,0.261621,0.040004,0.113831,0.425244,0.43418,0.153577,"Membrane, Cell membrane",Golgi apparatus
ENSP00000484054,2.94515012639255,High,0.336719,0.697656,0.204895,0.115564,0.272754,0.159851,0.010534,0.170947,0.40498,0.61582,0.024648,Cytoplasm,Golgi apparatus
ENSP00000411565,3.3717471349434565,High,0.305908,0.416992,0.546191,0.221777,0.127466,0.495605,0.088246,0.1617,0.087946,0.170129,0.248212,Nucleus,Nucleus
ENSP00000366235,3.1804852956129577,High,0.228955,0.564746,0.399414,0.092236,0.157092,0.262305,0.011164,0.190393,0.290918,0.225659,0.100528,Cytoplasm,Cytoplasm
ENSP00000434982,3.0266150987613454,High,0.227954,0.65625,0.572217,0.015247,0.299951,0.190833,0.019666,0.413379,0.169934,0.181018,0.167957,"Cytoplasm, Nucleus",Cytoplasm
ENSP00000448952,2.986034298214068,High,0.273462,0.72959,0.341333,0.150977,0.259619,0.148828,0.006637,0.108142,0.368994,0.254565,0.03854,Cytoplasm,Nucleus
ENSP00000331268,2.9293018731864318,High,0.198145,0.649023,0.541602,0.069714,0.25354,0.186731,0.054431,0.128284,0.140588,0.194263,0.041899,"Cytoplasm, Nucleus",Cytoplasm
ENSP00000281703,3.390735928125336,High,0.238452,0.655078,0.400439,0.33562,0.185083,0.35625,0.073428,0.231958,0.181067,0.260742,0.059758,Cytoplasm,Cytoplasm
ENSP00000501353,2.823779385578975,High,0.177747,0.588867,0.491748,0.067706,0.16272,0.175684,0.005814,0.117444,0.139966,0.195776,0.076489,Cytoplasm,Cell membrane
ENSP00000428838,2.847569712052553,High,0.18667,0.551758,0.727539,0.129968,0.154114,0.115332,0.059782,0.140906,0.143445,0.166809,0.050314,"Cytoplasm, Nucleus",Nucleus
ENSP00000349709,3.1452624838136565,High,0.581787,0.285083,0.144336,0.399121,0.622363,0.157739,0.003943,0.473145,0.349829,0.241577,0.05184,"Membrane, Cell membrane","Cytoplasm, Cell membrane"
ENSP00000166139,2.9354715921958525,High,0.25979,0.242163,0.122021,0.902637,0.306567,0.209375,0.007179,0.239697,0.380518,0.377051,0.024049,Extracellular,Nucleus
ENSP00000476193,3.549171618012273,High,0.323926,0.672461,0.164429,0.383203,0.247253,0.454883,0.099152,0.347119,0.289429,0.259668,0.110635,Cytoplasm,Cytoplasm
ENSP00000467433,2.9159753174761938,High,0.313672,0.572021,0.370483,0.047059,0.504858,0.25835,0.021039,0.071188,0.162817,0.120935,0.082613,Cytoplasm,Nucleus
ENSP00000417520,2.892627714933811,High,0.192773,0.176733,0.109277,0.755566,0.23667,0.151526,0.020412,0.506689,0.310059,0.291064,0.00891,Extracellular,"Nucleus, Golgi apparatus"
ENSP00000375397,2.961844608213375,High,0.185229,0.481299,0.611328,0.128113,0.201782,0.277417,0.017439,0.162329,0.129419,0.133533,0.052933,"Cytoplasm, Nucleus",Nucleus
ENSP00000497242,3.006611291813969,High,0.120642,0.460156,0.369531,0.733594,0.190967,0.306714,0.059829,0.113031,0.091376,0.125269,0.097308,Extracellular,Mitochondrion
ENSP00000259699,3.0250902342777928,High,0.677246,0.273242,0.104883,0.378955,0.744531,0.136963,0.00478,0.364502,0.438135,0.297314,0.075403,"Membrane, Cell membrane",Cell membrane
ENSP00000427883,2.9827222319661706,High,0.24436,0.211792,0.146606,0.773438,0.175,0.139465,0.035806,0.279712,0.249561,0.340576,0.014348,Extracellular,Nucleus
ENSP00000378638,3.561147158179205,High,0.336572,0.46626,0.431738,0.341589,0.179688,0.665918,0.027291,0.341357,0.238184,0.350854,0.277539,Mitochondrion,Cytoplasm
ENSP00000364373,3.6590628684834767,High,0.202979,0.447607,0.419775,0.449805,0.143652,0.424902,0.172314,0.1646,0.261719,0.304395,0.164075,None,"Cytoplasm, Nucleus"
ENSP00000345674,3.1547119641148713,High,0.247119,0.54375,0.362671,0.114813,0.229126,0.160071,0.014115,0.171118,0.163678,0.142967,0.62417,Cytoplasm,Golgi apparatus
ENSP00000290330,2.8951507925800164,High,0.284302,0.539111,0.448389,0.07464,0.102057,0.111993,0.022622,0.149646,0.397314,0.53999,0.029369,Cytoplasm,"Cytoplasm, Nucleus"
ENSP00000343134,3.167223783782185,High,0.199487,0.399463,0.509106,0.056981,0.17041,0.167059,0.045609,0.139709,0.201135,0.153903,0.50423,None,Golgi apparatus
ENSP00000313776,2.994541839480314,High,0.669043,0.274951,0.110706,0.360596,0.744824,0.113245,0.004796,0.344385,0.449121,0.277563,0.069373,"Membrane, Cell membrane",Cell membrane
ENSP00000341125,3.138803509238355,High,0.216174,0.421777,0.461279,0.427173,0.230469,0.398389,0.003466,0.20376,0.199805,0.086169,0.046005,None,Cytoplasm
ENSP00000258301,2.9551852098671225,High,0.847852,0.202637,0.12356,0.064822,0.443506,0.279468,0.014671,0.322778,0.593262,0.587012,0.155933,"Membrane, Lysosome/Vacuole","Nucleus, Golgi apparatus"
ENSP00000455091,2.8464694706548133,High,0.279541,0.63418,0.519824,0.039359,0.23667,0.217432,0.012764,0.202246,0.098257,0.226099,0.0353,Cytoplasm,Cytoplasm
ENSP00000420052,3.0185735343900344,High,0.758496,0.171948,0.200439,0.05813,0.146338,0.470703,0.034898,0.708203,0.236597,0.450635,0.198633,"Membrane, Endoplasmic reticulum",Nucleus
ENSP00000383626,3.075222182057812,High,0.371973,0.708496,0.253784,0.211621,0.523682,0.207764,0.007379,0.196191,0.263916,0.277393,0.013558,"Cytoplasm, Cell membrane","Nucleus, Cell membrane"
ENSP00000380612,3.2874170985491364,High,0.224658,0.646436,0.505225,0.229297,0.199426,0.410864,0.062438,0.212085,0.092401,0.240405,0.104074,Cytoplasm,Nucleus
ENSP00000378580,3.588949591370917,High,0.328857,0.469824,0.390625,0.412549,0.227173,0.49082,0.029572,0.326904,0.326709,0.379541,0.113574,Cytoplasm,"Cytoplasm, Nucleus, Cell membrane"
ENSP00000507949,3.5406476207156183,High,0.251489,0.462549,0.348706,0.404687,0.084598,0.597266,0.185217,0.16687,0.191064,0.172656,0.278552,None,Mitochondrion
ENSP00000489978,3.0794292340167755,High,0.169324,0.572168,0.610449,0.259424,0.264136,0.344141,0.028477,0.171021,0.085626,0.112482,0.099512,"Cytoplasm, Nucleus",Nucleus
ENSP00000483433,3.394544501923799,High,0.405566,0.381543,0.396191,0.449854,0.124884,0.343677,0.026119,0.376514,0.120929,0.286963,0.100694,None,Endoplasmic reticulum
ENSP00000480632,3.334482969355069,High,0.228882,0.349414,0.440869,0.143774,0.108929,0.359033,0.022342,0.383984,0.196289,0.242834,0.129419,None,Nucleus
ENSP00000430870,3.4972069404752784,High,0.25769,0.499268,0.495117,0.246985,0.224829,0.382812,0.030752,0.295557,0.152808,0.24624,0.174902,Cytoplasm,"Nucleus, Mitochondrion"
ENSP00000383625,3.0684818303370767,High,0.342529,0.713086,0.263477,0.234875,0.506104,0.203589,0.008844,0.175977,0.244312,0.265039,0.012913,Cytoplasm,"Nucleus, Cell membrane"
ENSP00000300145,3.4419911396763196,High,0.260547,0.437842,0.285547,0.748437,0.161987,0.487939,0.043324,0.30791,0.212695,0.200793,0.293994,Extracellular,"Cytoplasm, Cell membrane"
ENSP00000259030,3.4916267327810497,High,0.489111,0.268359,0.383789,0.277612,0.198169,0.333008,0.018697,0.542383,0.294287,0.292676,0.11853,Membrane,Nucleus
ENSP00000323571,3.610662694466594,High,0.396191,0.287622,0.275391,0.428955,0.141357,0.444434,0.126263,0.34436,0.147668,0.212695,0.156396,None,Cell membrane
ENSP00000487380,2.9481344077318488,High,0.381543,0.564404,0.464062,0.011556,0.21084,0.497363,0.068312,0.123486,0.10293,0.161853,0.081199,Cytoplasm,Nucleus
ENSP00000430946,3.3124449058025327,High,0.17666,0.431445,0.539941,0.252466,0.122607,0.295435,0.027986,0.232227,0.211011,0.233594,0.10654,Nucleus,Nucleus
ENSP00000437411,3.1092395485322966,High,0.302979,0.627344,0.278394,0.222815,0.247241,0.216821,0.010268,0.13894,0.342407,0.616016,0.028272,Cytoplasm,Nucleus
ENSP00000378493,3.4522924900450644,High,0.299097,0.461768,0.498242,0.185486,0.202368,0.522949,0.013601,0.361084,0.327222,0.338281,0.119678,None,Nucleus
ENSP00000343482,2.824977566348102,High,0.742676,0.215381,0.09397,0.36626,0.739453,0.058173,0.01258,0.354199,0.481934,0.26875,0.059015,"Membrane, Cell membrane",Cell membrane
ENSP00000494088,3.623096892125939,High,0.421826,0.534424,0.295117,0.1547,0.262769,0.376758,0.068173,0.226538,0.331079,0.456152,0.185962,Cytoplasm,Nucleus
ENSP00000389368,3.1844339661833363,High,0.306738,0.528369,0.45918,0.101056,0.19834,0.463281,0.04164,0.322607,0.146606,0.231909,0.028263,Cytoplasm,Nucleus
ENSP00000413595,3.304991441670714,High,0.296631,0.454541,0.561523,0.073343,0.171899,0.277905,0.057324,0.172876,0.283252,0.283179,0.099805,Nucleus,Nucleus
ENSP00000506466,3.33530374884896,High,0.299414,0.550195,0.437549,0.114954,0.226367,0.357129,0.028474,0.211377,0.157959,0.241016,0.131595,Cytoplasm,Cytoplasm
ENSP00000494393,3.5269861679818835,High,0.292773,0.6,0.477344,0.337964,0.186646,0.332544,0.071848,0.271167,0.355322,0.660645,0.142044,Cytoplasm,Cytoplasm
ENSP00000408819,3.1007112782628723,High,0.367114,0.243896,0.192017,0.601562,0.437061,0.142651,0.004844,0.239819,0.185486,0.208057,0.035785,None,Cell membrane
ENSP00000345468,2.8685328617955395,High,0.83418,0.183984,0.188013,0.108472,0.705859,0.217944,0.061981,0.378247,0.476709,0.604297,0.01893,"Membrane, Cell membrane",Nucleus
ENSP00000438355,2.802541271687211,High,0.877832,0.15481,0.066888,0.03394,0.322559,0.878027,0.08338,0.319702,0.34375,0.193445,0.364087,"Membrane, Mitochondrion",Peroxisome
ENSP00000446613,3.680812550211527,High,0.193481,0.405762,0.392041,0.456689,0.071466,0.493848,0.283838,0.314136,0.193274,0.218286,0.315088,None,Cytoplasm
ENSP00000416386,3.406782212206053,High,0.351025,0.260107,0.191016,0.626563,0.307324,0.332129,0.038031,0.215723,0.217615,0.314209,0.078903,None,Cell membrane
ENSP00000402554,3.0930230284906526,High,0.207104,0.528711,0.538379,0.183948,0.180444,0.370654,0.026628,0.314868,0.109216,0.136938,0.042302,"Cytoplasm, Nucleus",Nucleus
ENSP00000354921,3.1047293237131424,High,0.14071,0.62334,0.47002,0.231482,0.172314,0.303442,0.009183,0.180713,0.173242,0.241089,0.064494,Cytoplasm,"Cytoplasm, Nucleus"
ENSP00000248104,3.327856225057724,High,0.315894,0.607324,0.322998,0.144385,0.205566,0.246143,0.02764,0.199536,0.547314,0.51958,0.120871,Cytoplasm,Cytoplasm
ENSP00000467407,3.402162698435661,High,0.355078,0.433789,0.449365,0.316968,0.171265,0.570508,0.012459,0.365088,0.212927,0.455273,0.089552,None,Mitochondrion
ENSP00000355815,3.1169124532103814,High,0.171582,0.511377,0.469238,0.193835,0.147351,0.272803,0.065292,0.124573,0.092065,0.207031,0.065536,Cytoplasm,Cytoplasm
ENSP00000494221,2.8306848702947813,High,0.122595,0.483936,0.585156,0.146204,0.070111,0.213074,0.017673,0.163892,0.08446,0.229028,0.077137,"Cytoplasm, Nucleus",Nucleus
ENSP00000461388,2.979737829702123,High,0.177917,0.568066,0.37373,0.114227,0.186243,0.399561,0.010722,0.133435,0.176709,0.199182,0.032368,Cytoplasm,"Cytoplasm, Nucleus"
ENSP00000357904,2.8129582864655607,High,0.273218,0.644434,0.4271,0.02299,0.241089,0.118262,0.007338,0.185559,0.243433,0.171912,0.042636,Cytoplasm,Nucleus
ENSP00000356332,3.1293665942161155,High,0.643115,0.290063,0.124536,0.409375,0.670801,0.193701,0.005178,0.466992,0.364307,0.261157,0.063071,"Membrane, Cell membrane","Cytoplasm, Cell membrane"
ENSP00000473501,3.0984501941884446,High,0.170056,0.65166,0.404126,0.2125,0.237744,0.295496,0.010001,0.093323,0.118579,0.156085,0.183228,Cytoplasm,"Cytoplasm, Cell membrane"
ENSP00000385303,2.8879330371223073,High,0.83584,0.210767,0.079077,0.037358,0.229248,0.793848,0.058969,0.35061,0.32959,0.183374,0.472485,"Membrane, Mitochondrion",Peroxisome
ENSP00000507941,3.5646352126789806,High,0.451709,0.527002,0.359912,0.079742,0.226221,0.610791,0.102615,0.469629,0.289062,0.432959,0.482959,Cytoplasm,Cytoplasm
ENSP00000434998,3.1176140045162644,High,0.212061,0.608691,0.401318,0.146216,0.257886,0.185034,0.006143,0.274951,0.191162,0.270105,0.036655,Cytoplasm,"Nucleus, Cell membrane"
ENSP00000489757,3.2087310910526483,High,0.204639,0.332324,0.342725,0.095575,0.118518,0.521191,0.059159,0.237036,0.110217,0.096667,0.461963,None,Mitochondrion
ENSP00000440485,3.1522031957995647,High,0.377539,0.57583,0.398975,0.251855,0.306274,0.219824,0.014568,0.149463,0.107709,0.171143,0.060385,Cytoplasm,Cytoplasm
ENSP00000385972,3.2514322513799074,High,0.252954,0.502246,0.520947,0.153247,0.110046,0.292773,0.019391,0.335791,0.287427,0.327393,0.055987,Cytoplasm,"Cytoplasm, Nucleus"
ENSP00000465413,3.191087785572841,High,0.193066,0.525928,0.545801,0.110736,0.12583,0.354517,0.023943,0.215137,0.233496,0.284473,0.089349,"Cytoplasm, Nucleus",Nucleus
ENSP00000433578,3.26858059180886,High,0.198242,0.52002,0.661328,0.103552,0.12489,0.235303,0.060765,0.207422,0.344873,0.327148,0.134708,"Cytoplasm, Nucleus",Cytoplasm
ENSP00000463053,3.3803049750587673,High,0.111938,0.381982,0.402295,0.375391,0.085706,0.511182,0.307324,0.105591,0.155042,0.133875,0.199646,None,Nucleus
ENSP00000339335,3.3014952430450366,High,0.272095,0.596729,0.37002,0.378076,0.171753,0.370215,0.014363,0.125891,0.323291,0.279858,0.072284,Cytoplasm,"Cytoplasm, Nucleus, Cell membrane"
ENSP00000494836,3.118207592355365,High,0.201733,0.516113,0.489063,0.101941,0.133429,0.700488,0.044932,0.241565,0.236182,0.099939,0.167914,"Cytoplasm, Mitochondrion","Cytoplasm, Nucleus, Endoplasmic reticulum"
ENSP00000481736,3.4231416821326235,High,0.223706,0.532715,0.545801,0.176416,0.167725,0.47915,0.02295,0.323633,0.314624,0.270532,0.162036,"Cytoplasm, Nucleus","Cytoplasm, Nucleus"
ENSP00000400978,3.0806431295668353,High,0.838379,0.169873,0.159888,0.150745,0.415918,0.169617,0.050434,0.582568,0.33999,0.450537,0.07617,Membrane,Endoplasmic reticulum
ENSP00000321691,3.0023110398261394,High,0.104895,0.754102,0.415015,0.190634,0.170459,0.421069,0.158926,0.134241,0.052618,0.064905,0.184607,Cytoplasm,Nucleus
ENSP00000357933,3.090442812281872,High,0.13446,0.55459,0.595313,0.098114,0.117004,0.360596,0.044931,0.114893,0.209155,0.181897,0.186261,"Cytoplasm, Nucleus",Cytoplasm
ENSP00000420230,3.021887544492228,High,0.695312,0.242505,0.134766,0.28999,0.702832,0.1297,0.010018,0.295239,0.332959,0.343579,0.047281,"Membrane, Cell membrane",Cell membrane
ENSP00000455709,3.43361119415466,High,0.232153,0.636426,0.398926,0.207605,0.1771,0.383154,0.013649,0.16355,0.315479,0.347754,0.271106,Cytoplasm,Cell membrane
ENSP00000402432,3.502620876608843,High,0.207385,0.523145,0.413281,0.334033,0.165027,0.50459,0.021325,0.204016,0.268018,0.273877,0.489941,Cytoplasm,Cytoplasm
ENSP00000378347,3.142308619561028,High,0.260254,0.210376,0.143591,0.423047,0.256763,0.123407,0.005029,0.60293,0.325659,0.359863,0.049759,None,Endoplasmic reticulum
ENSP00000507974,3.0443297780238487,High,0.352295,0.46875,0.506494,0.181519,0.336914,0.120892,0.019398,0.13573,0.261963,0.092853,0.038869,None,"Cytoplasm, Nucleus, Cell membrane"
ENSP00000469165,3.5557497600292987,High,0.546387,0.345728,0.369727,0.170862,0.239917,0.366968,0.055789,0.43064,0.55415,0.439893,0.130722,Membrane,Cell membrane
ENSP00000390921,2.93840577031466,High,0.263062,0.61084,0.554248,0.109338,0.174512,0.122827,0.009468,0.182275,0.378613,0.279248,0.019363,"Cytoplasm, Nucleus","Cytoplasm, Nucleus, Cell membrane"
ENSP00000483724,3.135436771898254,High,0.184521,0.323413,0.508398,0.209937,0.085211,0.259619,0.155438,0.072382,0.050385,0.162207,0.170929,None,Nucleus
ENSP00000465103,3.2516057766170845,High,0.190015,0.462109,0.616211,0.31687,0.20603,0.349463,0.021392,0.216431,0.137305,0.209668,0.085501,Nucleus,Endoplasmic reticulum
ENSP00000429461,3.5168310796345077,High,0.243921,0.376025,0.262744,0.375732,0.098816,0.694336,0.151703,0.205566,0.1745,0.235913,0.25177,Mitochondrion,"Cytoplasm, Nucleus, Cell membrane"
ENSP00000417697,2.9234697724432706,High,0.768262,0.094959,0.089569,0.32644,0.618652,0.23125,0.029021,0.14082,0.372729,0.153381,0.112625,"Membrane, Cell membrane",Cell membrane
ENSP00000395172,2.8512877245486257,High,0.110352,0.411621,0.713379,0.105823,0.055853,0.233936,0.011376,0.23811,0.224707,0.172522,0.101219,Nucleus,Nucleus
ENSP00000435478,3.1434840573801237,High,0.302832,0.686914,0.24386,0.079956,0.269287,0.279932,0.037257,0.156006,0.138818,0.157324,0.156725,Cytoplasm,"Nucleus, Cell membrane"
ENSP00000364366,3.122589874811215,High,0.321777,0.667676,0.495947,0.04343,0.260339,0.222168,0.013419,0.331714,0.270801,0.388477,0.063162,Cytoplasm,"Cytoplasm, Nucleus"
ENSP00000350101,3.4264496606414325,High,0.206738,0.433691,0.49248,0.48125,0.231567,0.506201,0.017226,0.169849,0.192603,0.364648,0.165735,None,Nucleus
ENSP00000443330,3.173175237654918,High,0.397314,0.503418,0.424268,0.150369,0.344873,0.2349,0.018536,0.111151,0.259351,0.394556,0.017171,Cytoplasm,Nucleus
ENSP00000359727,3.1641572244887732,High,0.221143,0.58252,0.400879,0.095575,0.221606,0.217737,0.040842,0.066431,0.164648,0.218738,0.194971,Cytoplasm,Cytoplasm
ENSP00000507540,3.2518193767344057,High,0.307617,0.572656,0.474072,0.129913,0.19812,0.342554,0.010021,0.314453,0.396167,0.421191,0.037135,Cytoplasm,"Cytoplasm, Nucleus, Cell membrane"
ENSP00000493494,3.505211464606816,High,0.431641,0.658203,0.26416,0.131519,0.434082,0.27572,0.061453,0.187915,0.297437,0.31792,0.198218,Cytoplasm,Nucleus
ENSP00000482619,3.2084601753627973,High,0.175818,0.444482,0.432666,0.646582,0.171936,0.408691,0.032177,0.145862,0.081439,0.230396,0.163098,Extracellular,Nucleus
ENSP00000445058,3.227819193576117,High,0.436963,0.573145,0.403369,0.137085,0.301489,0.185681,0.038102,0.232153,0.107782,0.298682,0.060513,Cytoplasm,Cytoplasm
ENSP00000460273,3.6752108899902485,High,0.208447,0.37085,0.304712,0.362012,0.174854,0.381445,0.080774,0.328589,0.284766,0.280249,0.162,None,"Cytoplasm, Nucleus"
ENSP00000422756,3.091217091268427,High,0.214111,0.465527,0.458057,0.147485,0.0888,0.223486,0.012919,0.202588,0.195874,0.274438,0.056123,None,Nucleus
ENSP00000301838,2.8710379207249344,High,0.23125,0.670508,0.421777,0.165332,0.248779,0.162378,0.007469,0.059882,0.309741,0.185938,0.020769,Cytoplasm,"Cytoplasm, Nucleus"
ENSP00000448051,3.5625326377534647,High,0.378467,0.495361,0.57959,0.275244,0.290991,0.471143,0.023703,0.491406,0.311011,0.255566,0.184863,"Cytoplasm, Nucleus",Nucleus
ENSP00000442083,3.5083538240260417,High,0.291479,0.408545,0.295898,0.203748,0.170093,0.778125,0.128345,0.204224,0.164331,0.321851,0.267676,Mitochondrion,Nucleus
ENSP00000434508,3.0250963887787625,High,0.19458,0.509277,0.537891,0.135333,0.117651,0.292236,0.029852,0.09978,0.099225,0.298755,0.094153,"Cytoplasm, Nucleus",Nucleus
ENSP00000429765,3.6928967217962256,High,0.531641,0.501953,0.283154,0.3427,0.546631,0.547461,0.097708,0.239941,0.361719,0.566846,0.350317,"Membrane, Cytoplasm, Cell membrane",Endoplasmic reticulum
ENSP00000428609,2.899049466726035,High,0.28479,0.52334,0.354346,0.052446,0.155115,0.585791,0.040399,0.085022,0.141296,0.131445,0.075752,Cytoplasm,Nucleus
ENSP00000479243,2.885095990824051,High,0.558594,0.198242,0.134485,0.640039,0.618604,0.08728,0.005261,0.218018,0.251123,0.259717,0.03477,"Membrane, Cell membrane",Cell membrane
ENSP00000348050,3.3208531198122495,High,0.617285,0.228638,0.255371,0.264185,0.288013,0.345801,0.008608,0.686963,0.192395,0.446533,0.149072,"Membrane, Endoplasmic reticulum",Endoplasmic reticulum
ENSP00000285333,3.299784257406076,High,0.376514,0.496191,0.55293,0.293835,0.313477,0.29491,0.011048,0.163562,0.201392,0.242114,0.05577,"Cytoplasm, Nucleus",Cytoplasm
ENSP00000339690,2.98758111907429,High,0.707031,0.2052,0.099744,0.479004,0.688477,0.090961,0.02321,0.331519,0.387646,0.268335,0.070038,"Membrane, Cell membrane",Cell membrane
ENSP00000479128,3.2397007169220307,High,0.266064,0.45498,0.485254,0.324707,0.143591,0.558643,0.047464,0.373071,0.082661,0.221509,0.053476,None,Nucleus
ENSP00000431979,3.094902662086384,High,0.12998,0.373193,0.640039,0.352783,0.094824,0.657617,0.049553,0.210791,0.112329,0.162659,0.158093,"Nucleus, Mitochondrion",Nucleus
ENSP00000499371,3.398869976846074,High,0.230151,0.368311,0.556787,0.180103,0.091138,0.305151,0.071364,0.338892,0.36958,0.294312,0.075241,Nucleus,Nucleus
ENSP00000319532,3.3918489591364804,High,0.247217,0.475732,0.555176,0.178137,0.173047,0.368555,0.023447,0.239795,0.185962,0.219897,0.183569,"Cytoplasm, Nucleus",Nucleus
ENSP00000384925,2.9859625184734644,High,0.397241,0.585986,0.315186,0.05226,0.3479,0.312354,0.019374,0.077182,0.135974,0.245581,0.058924,Cytoplasm,Cytoplasm
ENSP00000388887,3.3968333821640364,High,0.427441,0.567773,0.310254,0.085547,0.448193,0.230347,0.027083,0.298535,0.248022,0.323633,0.135968,Cytoplasm,"Cytoplasm, Nucleus"
ENSP00000361577,3.043346782407285,High,0.304468,0.575488,0.484229,0.05874,0.224341,0.197412,0.005924,0.296631,0.16062,0.191394,0.071724,Cytoplasm,Nucleus
ENSP00000477624,3.294851874409202,High,0.706836,0.25752,0.110742,0.147156,0.196387,0.795312,0.1854,0.33999,0.200684,0.201294,0.493408,"Membrane, Mitochondrion",Mitochondrion
ENSP00000435383,3.252030245438034,High,0.362598,0.654492,0.30249,0.049228,0.279785,0.211133,0.032447,0.237793,0.319336,0.275903,0.107284,Cytoplasm,"Nucleus, Cell membrane"
ENSP00000443879,3.07360684445701,High,0.278271,0.643555,0.280713,0.107367,0.334595,0.23186,0.010219,0.123145,0.338428,0.458154,0.029344,Cytoplasm,Nucleus
ENSP00000412141,3.18508556918985,High,0.442334,0.431934,0.438574,0.147018,0.478516,0.335889,0.016416,0.306812,0.106067,0.141125,0.052596,None,Cell membrane
ENSP00000435057,3.162103599061103,High,0.308813,0.581836,0.391895,0.213165,0.347998,0.474707,0.007939,0.106567,0.22085,0.200024,0.042434,Cytoplasm,"Cytoplasm, Nucleus"
ENSP00000337340,2.9295856496405768,High,0.17124,0.526025,0.52417,0.137689,0.252759,0.194165,0.040601,0.137305,0.100684,0.12276,0.036432,Cytoplasm,Nucleus
ENSP00000494697,2.8805545044316543,High,0.168311,0.673438,0.611133,0.069763,0.264697,0.578613,0.010728,0.292749,0.229333,0.076872,0.089544,"Cytoplasm, Nucleus","Cytoplasm, Nucleus, Endoplasmic reticulum"
ENSP00000385962,3.3962740298870675,High,0.677051,0.138733,0.256787,0.306714,0.2021,0.332495,0.151086,0.588379,0.319604,0.309497,0.041555,Membrane,Nucleus
ENSP00000379758,2.9471513811345034,High,0.891992,0.164648,0.106702,0.110791,0.358813,0.398047,0.029252,0.60376,0.331689,0.623926,0.127783,Membrane,"Mitochondrion, Endoplasmic reticulum"
ENSP00000340294,3.442645920871275,High,0.559961,0.50083,0.306152,0.109906,0.369043,0.163049,0.034491,0.494043,0.37168,0.445605,0.182439,"Membrane, Cytoplasm",Cytoplasm
ENSP00000414323,3.2119510009478818,High,0.171631,0.608154,0.39126,0.285693,0.154224,0.291406,0.005709,0.132129,0.295386,0.475684,0.095102,Cytoplasm,Cytoplasm
ENSP00000508017,3.3399798402080796,High,0.203101,0.465723,0.540869,0.142285,0.107904,0.358228,0.038514,0.315405,0.204858,0.222546,0.160849,Nucleus,Cytoplasm
ENSP00000347275,2.935828922149344,High,0.790137,0.092603,0.090027,0.306372,0.632227,0.220825,0.037894,0.162292,0.3875,0.150952,0.12039,"Membrane, Cell membrane",Cell membrane
ENSP00000481099,3.5047383887925214,High,0.252856,0.441602,0.479883,0.384814,0.168262,0.54751,0.064145,0.334473,0.14801,0.222131,0.152917,None,Nucleus
ENSP00000394858,2.8446376420645367,High,0.762012,0.097534,0.091791,0.335205,0.648145,0.207446,0.023114,0.144641,0.360596,0.149329,0.078042,"Membrane, Cell membrane",Cell membrane
ENSP00000386688,3.5010753600525577,High,0.125146,0.425244,0.323437,0.532861,0.085547,0.281055,0.323938,0.24519,0.144946,0.117993,0.365918,None,Peroxisome
ENSP00000383710,3.4240989918923237,High,0.185913,0.442139,0.446631,0.550195,0.183252,0.536523,0.052586,0.20874,0.134216,0.305444,0.172314,None,Nucleus
ENSP00000505459,3.624950837971371,High,0.226099,0.405908,0.343555,0.444678,0.057968,0.469434,0.175269,0.289038,0.17959,0.242822,0.291187,None,Cytoplasm
ENSP00000493145,3.2563545715109203,High,0.213281,0.396582,0.457813,0.553467,0.177649,0.426904,0.044032,0.183813,0.099274,0.27605,0.061267,None,Nucleus
ENSP00000458425,3.277444276316459,High,0.172778,0.443848,0.354687,0.479395,0.083496,0.368982,0.089377,0.081042,0.187463,0.140454,0.180817,None,Nucleus
ENSP00000356372,3.1848414242269745,High,0.20249,0.618164,0.497754,0.070038,0.074536,0.296777,0.074426,0.218384,0.557813,0.566992,0.173157,Cytoplasm,Nucleus
ENSP00000329920,2.824662286926834,High,0.765723,0.240234,0.144922,0.169025,0.657617,0.061285,0.002017,0.212158,0.310791,0.468311,0.072702,"Membrane, Cell membrane",Cell membrane
ENSP00000497105,3.2526600963783086,High,0.183362,0.547363,0.441504,0.073242,0.086377,0.27207,0.070335,0.154602,0.296875,0.250513,0.183331,Cytoplasm,Nucleus
ENSP00000442817,2.9847930872827124,High,0.087573,0.530225,0.566553,0.05816,0.053506,0.305273,0.039215,0.189697,0.242297,0.315771,0.144005,"Cytoplasm, Nucleus",Nucleus
ENSP00000433322,3.426164743816342,High,0.315479,0.530713,0.4396,0.266943,0.16936,0.658105,0.05847,0.277539,0.11312,0.359277,0.16839,"Cytoplasm, Mitochondrion",Nucleus
ENSP00000415044,3.264987466430067,High,0.137805,0.385889,0.333105,0.770117,0.141602,0.539062,0.190295,0.237,0.124634,0.274634,0.063924,Extracellular,Nucleus
ENSP00000414071,2.90892117413589,High,0.913672,0.170239,0.090094,0.088857,0.377051,0.442285,0.032081,0.610205,0.361719,0.587012,0.136865,Membrane,"Mitochondrion, Endoplasmic reticulum"
ENSP00000450791,2.9203447471520976,High,0.271484,0.186475,0.117773,0.852637,0.274097,0.187109,0.006206,0.347046,0.205884,0.360303,0.029913,Extracellular,Nucleus
ENSP00000433561,2.8115176400415463,High,0.402441,0.580957,0.43335,0.074313,0.206543,0.060156,0.025597,0.118188,0.165253,0.205945,0.032011,Cytoplasm,Cytoplasm
ENSP00000343060,2.7988878041042806,High,0.111169,0.49292,0.507471,0.163733,0.065759,0.30127,0.048671,0.070825,0.057446,0.108813,0.150421,Cytoplasm,"Cytoplasm, Nucleus"
ENSP00000362463,3.0728455701059993,High,0.266663,0.756348,0.274072,0.097235,0.173993,0.40918,0.020173,0.320117,0.089642,0.192896,0.145935,Cytoplasm,"Cytoplasm, Nucleus, Cell membrane"
ENSP00000346239,3.174870348591071,High,0.165186,0.676074,0.412354,0.174207,0.241162,0.290381,0.125342,0.190112,0.081982,0.058142,0.161674,Cytoplasm,Nucleus
ENSP00000304327,2.960691436162441,High,0.137305,0.564111,0.649414,0.168201,0.181079,0.299097,0.013855,0.143164,0.126428,0.161145,0.093303,"Cytoplasm, Nucleus",Nucleus
ENSP00000500602,3.552959022945955,High,0.141406,0.474609,0.402783,0.345264,0.054855,0.444727,0.157294,0.211829,0.228491,0.2698,0.290625,Cytoplasm,Nucleus
ENSP00000460661,3.2134983755056936,High,0.176025,0.435986,0.432715,0.620508,0.161133,0.449219,0.048439,0.121875,0.107825,0.262842,0.106915,None,Golgi apparatus
ENSP00000253023,3.1076665016417557,High,0.332129,0.618164,0.499902,0.04993,0.205688,0.196863,0.028826,0.252856,0.467822,0.442627,0.043671,Cytoplasm,Nucleus
ENSP00000506294,2.9866323353253006,High,0.179248,0.445215,0.395557,0.465283,0.217993,0.460205,0.005908,0.117053,0.206311,0.066748,0.03547,None,"Cytoplasm, Nucleus"
ENSP00000501444,3.3306754532848952,High,0.282275,0.5146,0.425049,0.133215,0.098608,0.196143,0.051048,0.218103,0.518945,0.455859,0.133796,Cytoplasm,Cytoplasm
ENSP00000497622,3.3080804001572934,High,0.332129,0.477441,0.380322,0.130463,0.185669,0.186963,0.026428,0.461133,0.54917,0.459668,0.072413,Cytoplasm,Nucleus
ENSP00000436575,2.9385968234952937,High,0.248315,0.39458,0.60498,0.090396,0.080835,0.497998,0.009314,0.134583,0.128107,0.307764,0.088459,Nucleus,Nucleus
ENSP00000435798,3.3104053564377462,High,0.335303,0.553564,0.479639,0.216785,0.34873,0.459814,0.01061,0.221582,0.151965,0.237402,0.077592,Cytoplasm,"Cytoplasm, Nucleus"
ENSP00000386623,3.279687552432481,High,0.141711,0.33335,0.548047,0.362012,0.042731,0.3229,0.028845,0.515771,0.22522,0.230408,0.19971,Nucleus,Nucleus
ENSP00000450228,3.0552265187550423,High,0.209009,0.581738,0.578027,0.202429,0.190125,0.338232,0.057155,0.225464,0.101996,0.135669,0.023147,"Cytoplasm, Nucleus",Cytoplasm
ENSP00000392425,3.658872834523504,High,0.583203,0.466748,0.281323,0.294116,0.579785,0.548242,0.107544,0.248853,0.356592,0.603125,0.366846,"Membrane, Cell membrane",Endoplasmic reticulum
ENSP00000498206,3.294011508424685,High,0.311475,0.500342,0.387695,0.13252,0.162402,0.184497,0.021033,0.433887,0.501318,0.449707,0.074185,Cytoplasm,Nucleus
ENSP00000454999,3.367757998541205,High,0.378467,0.426514,0.279932,0.262891,0.124304,0.316577,0.052055,0.328491,0.291479,0.116681,0.064108,None,Nucleus
ENSP00000450934,3.1442878759319006,High,0.127014,0.584473,0.512598,0.17052,0.126794,0.246265,0.131415,0.110193,0.096564,0.131641,0.188882,Cytoplasm,Cytoplasm
ENSP00000449299,2.9250808139603044,High,0.169238,0.444971,0.37417,0.472705,0.1927,0.483203,0.005834,0.1293,0.170496,0.065698,0.027323,None,"Cytoplasm, Nucleus"
ENSP00000344330,2.953569297163574,High,0.693457,0.519336,0.252271,0.085062,0.614111,0.361377,0.008605,0.152313,0.455859,0.385742,0.021314,"Membrane, Cytoplasm, Cell membrane",Cytoplasm
ENSP00000453201,2.9780939476829418,High,0.275024,0.574512,0.415479,0.059094,0.249121,0.294629,0.011383,0.13623,0.187451,0.143225,0.050917,Cytoplasm,Nucleus
ENSP00000409820,3.2739536411207797,High,0.768457,0.236401,0.210742,0.085486,0.420361,0.421777,0.063513,0.73584,0.322192,0.411816,0.219312,"Membrane, Endoplasmic reticulum",Cytoplasm
ENSP00000372651,3.0993762195597085,High,0.141321,0.453564,0.521826,0.613672,0.149988,0.359424,0.030967,0.134302,0.111951,0.282422,0.074454,None,Nucleus
ENSP00000498150,3.4300193370493286,High,0.16438,0.560742,0.58623,0.337939,0.168677,0.43623,0.123083,0.174194,0.158752,0.145728,0.217731,"Cytoplasm, Nucleus",Nucleus
ENSP00000475146,3.6327406216744533,High,0.333887,0.475146,0.395605,0.188184,0.266431,0.482275,0.055191,0.309814,0.31123,0.399854,0.139642,Cytoplasm,Nucleus
ENSP00000413925,3.454833199344146,High,0.219946,0.620215,0.423633,0.361255,0.237817,0.59043,0.017099,0.230145,0.314478,0.299487,0.179898,Cytoplasm,Cytoplasm
ENSP00000368745,3.315275232104424,High,0.529687,0.591113,0.393799,0.103644,0.408301,0.305127,0.0143,0.285962,0.308105,0.333594,0.072556,"Membrane, Cytoplasm","Cytoplasm, Nucleus"
ENSP00000474048,3.3404615237427087,High,0.174316,0.424512,0.408252,0.695898,0.173315,0.435498,0.021497,0.223901,0.142004,0.208472,0.397314,Extracellular,Nucleus
ENSP00000492149,3.054287832195749,High,0.129712,0.543994,0.697949,0.167151,0.113562,0.206689,0.024384,0.173425,0.194348,0.160767,0.211658,"Cytoplasm, Nucleus",Nucleus
ENSP00000404950,2.8937366843946126,High,0.376465,0.201636,0.108521,0.668164,0.444824,0.099292,0.010601,0.264795,0.198608,0.218433,0.010994,Extracellular,Cell membrane
ENSP00000367901,2.9213731780219843,High,0.142041,0.562451,0.654492,0.145184,0.182605,0.303906,0.010764,0.146497,0.117541,0.155219,0.091956,"Cytoplasm, Nucleus",Nucleus
ENSP00000462446,3.233807994129073,High,0.818262,0.171948,0.142432,0.147437,0.462207,0.387402,0.036985,0.448193,0.522412,0.423413,0.166296,Membrane,Cell membrane
ENSP00000442725,3.1558459528839466,High,0.48252,0.464307,0.341138,0.046768,0.230469,0.268359,0.015258,0.124237,0.405615,0.37041,0.072241,Membrane,Cytoplasm
ENSP00000441425,3.168138029038655,High,0.274243,0.487695,0.355615,0.284357,0.234827,0.253906,0.014544,0.174756,0.102295,0.173853,0.04804,Cytoplasm,"Cytoplasm, Nucleus"
ENSP00000347133,3.2185383340198683,High,0.159912,0.503125,0.547949,0.11651,0.110986,0.405029,0.014165,0.173706,0.235156,0.206677,0.290283,"Cytoplasm, Nucleus",Mitochondrion
ENSP00000458596,3.6140493094415262,High,0.440576,0.497461,0.314575,0.319263,0.30957,0.658008,0.059111,0.355835,0.271704,0.411938,0.150037,"Cytoplasm, Mitochondrion",Mitochondrion
ENSP00000444110,2.8459015939364085,High,0.21582,0.614551,0.489746,0.067079,0.236279,0.314575,0.020977,0.064078,0.100122,0.183838,0.06712,Cytoplasm,"Nucleus, Cell membrane"
ENSP00000469917,3.3446514457998195,High,0.226392,0.515918,0.450146,0.400391,0.117383,0.294043,0.023272,0.13573,0.282275,0.299878,0.118686,Cytoplasm,"Cytoplasm, Nucleus, Cell membrane"
ENSP00000467566,2.9661695867177107,High,0.249951,0.198608,0.100378,0.806738,0.227026,0.230713,0.019559,0.332056,0.33623,0.242676,0.016098,Extracellular,Endoplasmic reticulum
ENSP00000457082,3.1117388013816942,High,0.178833,0.445508,0.67666,0.046835,0.12561,0.206787,0.121295,0.17793,0.139075,0.138251,0.231189,Nucleus,Nucleus
ENSP00000433033,3.124961933933096,High,0.161572,0.388184,0.249976,0.673145,0.094635,0.641797,0.100916,0.299194,0.059548,0.335791,0.089128,"Extracellular, Mitochondrion","Cytoplasm, Nucleus"
ENSP00000432453,3.5241225859700767,High,0.472119,0.527539,0.383887,0.137378,0.307861,0.343213,0.021791,0.328906,0.409473,0.375928,0.144923,"Membrane, Cytoplasm",Cytoplasm
ENSP00000394699,3.2888035740335724,High,0.504736,0.598926,0.37915,0.098059,0.49082,0.23125,0.06138,0.281885,0.346777,0.221863,0.037795,"Membrane, Cytoplasm",Nucleus
ENSP00000357374,3.1298754717600463,High,0.270996,0.194922,0.146375,0.737207,0.252832,0.12345,0.049265,0.311719,0.284448,0.26709,0.037665,Extracellular,Cell membrane
ENSP00000472375,3.4663408228939794,High,0.139563,0.625537,0.327979,0.384424,0.107324,0.259668,0.172473,0.256104,0.176306,0.253247,0.134131,Cytoplasm,Cytoplasm
ENSP00000467651,3.3396168133586532,High,0.182935,0.353809,0.441602,0.17417,0.110175,0.512793,0.225842,0.158887,0.091461,0.170789,0.126477,None,Cytoplasm
ENSP00000460067,3.3315845481587694,High,0.175977,0.425098,0.544531,0.413672,0.143213,0.438281,0.042116,0.18186,0.171143,0.168408,0.145789,Nucleus,Nucleus
ENSP00000453781,3.0992176572836323,High,0.141174,0.402295,0.362109,0.334009,0.111926,0.692773,0.228711,0.093933,0.088818,0.097736,0.093158,Mitochondrion,Mitochondrion
ENSP00000436824,3.307475171992673,High,0.212134,0.529492,0.489795,0.112064,0.109412,0.388184,0.041449,0.310718,0.323437,0.275488,0.09397,Cytoplasm,"Cytoplasm, Nucleus"
ENSP00000428991,3.565295751413925,High,0.363672,0.34668,0.401514,0.443359,0.177979,0.518164,0.057877,0.283472,0.352417,0.474463,0.086508,None,Cytoplasm
ENSP00000421390,3.0225934790783575,High,0.184973,0.49043,0.573096,0.122974,0.104968,0.200586,0.036224,0.160291,0.179028,0.276953,0.049211,"Cytoplasm, Nucleus","Cytoplasm, Nucleus"
ENSP00000456783,3.11069680964393,High,0.379541,0.729688,0.32417,0.065179,0.328052,0.239722,0.003442,0.120325,0.409888,0.426807,0.123763,Cytoplasm,Cell membrane
ENSP00000412265,3.1878555660027112,High,0.131897,0.532617,0.468799,0.452051,0.120068,0.406836,0.070718,0.091174,0.132312,0.200928,0.120441,Cytoplasm,"Cytoplasm, Nucleus"
ENSP00000363959,3.447728701734658,High,0.25769,0.348682,0.576562,0.292957,0.098364,0.293042,0.01624,0.294287,0.287915,0.203723,0.280151,Nucleus,Nucleus
ENSP00000357457,3.3522120398300626,High,0.293213,0.666699,0.354346,0.166492,0.274072,0.335596,0.013789,0.186963,0.291406,0.483447,0.117531,Cytoplasm,Golgi apparatus
ENSP00000434444,2.8157971949838503,High,0.099304,0.378613,0.71748,0.215576,0.031715,0.214209,0.06442,0.161755,0.100641,0.116174,0.122971,Nucleus,Nucleus
ENSP00000434386,3.2010119340655177,High,0.215283,0.508838,0.503027,0.584717,0.148035,0.25376,0.027703,0.068335,0.254321,0.115424,0.46414,Cytoplasm,Nucleus
ENSP00000258662,2.9856916180990565,High,0.311963,0.674512,0.436377,0.014855,0.18252,0.407715,0.025677,0.240015,0.045364,0.184216,0.38313,Cytoplasm,Nucleus
ENSP00000497364,3.4700736677060284,High,0.276685,0.488477,0.441992,0.21792,0.156104,0.187292,0.039021,0.283911,0.478467,0.321753,0.13116,Cytoplasm,Nucleus
ENSP00000486048,3.0578482806959246,High,0.433105,0.549414,0.474805,0.101025,0.345898,0.28645,0.001685,0.105035,0.305225,0.258789,0.026548,Cytoplasm,Cytoplasm
ENSP00000460751,3.1256430682255854,High,0.177271,0.430957,0.696484,0.250024,0.115295,0.318164,0.023287,0.172412,0.169019,0.133539,0.149695,Nucleus,Nucleus
ENSP00000408628,2.824613191818875,High,0.214111,0.145166,0.082141,0.836816,0.150708,0.114941,0.041342,0.481836,0.280566,0.371899,0.035394,Extracellular,Endoplasmic reticulum
ENSP00000482839,3.671618487848126,High,0.34104,0.433105,0.387988,0.335596,0.280933,0.518359,0.02084,0.343408,0.336548,0.390918,0.213904,None,"Cytoplasm, Nucleus"
ENSP00000479315,3.59675184557489,High,0.217603,0.414453,0.413379,0.527832,0.166028,0.627148,0.066476,0.277954,0.262671,0.407642,0.270361,None,Nucleus
ENSP00000464899,3.1295445614061115,High,0.174463,0.447363,0.443213,0.182117,0.110809,0.326099,0.055716,0.222485,0.071655,0.1479,0.091118,None,Cytoplasm
ENSP00000464077,3.4496895476191076,High,0.217847,0.519727,0.443945,0.309155,0.126416,0.555566,0.109406,0.230322,0.30354,0.337183,0.053903,Cytoplasm,Nucleus
ENSP00000462344,3.5272872579704178,High,0.628906,0.243091,0.325879,0.195679,0.361621,0.403711,0.025246,0.547168,0.429395,0.4729,0.220251,Membrane,Nucleus
ENSP00000431638,3.3314611747465075,High,0.447754,0.493994,0.341895,0.095654,0.283716,0.432178,0.037944,0.44873,0.706348,0.416504,0.090775,"Cytoplasm, Lysosome/Vacuole",Cytoplasm
ENSP00000451256,3.277061906302503,High,0.47583,0.571094,0.305688,0.115686,0.45874,0.189917,0.009236,0.187451,0.327051,0.245312,0.117499,"Membrane, Cytoplasm","Cytoplasm, Nucleus, Cell membrane"
ENSP00000439269,3.0413606677252374,High,0.309155,0.795508,0.394678,0.107184,0.175122,0.183679,0.063824,0.186548,0.201636,0.54126,0.040477,Cytoplasm,Cytoplasm
ENSP00000417662,3.4957584238077666,High,0.202197,0.530225,0.458936,0.334424,0.150562,0.500537,0.055304,0.234033,0.214014,0.169556,0.25957,Cytoplasm,Endoplasmic reticulum
ENSP00000335674,3.488996721023379,High,0.281128,0.415332,0.469482,0.214319,0.199414,0.543652,0.031975,0.268652,0.20686,0.193237,0.201135,None,"Cytoplasm, Cell membrane"
ENSP00000497176,3.595700812699145,High,0.230396,0.417578,0.434326,0.523389,0.220801,0.507129,0.03842,0.293799,0.199341,0.320581,0.240308,None,Nucleus
ENSP00000467906,3.477109618772428,High,0.196069,0.49165,0.468311,0.35542,0.185327,0.500146,0.049802,0.231104,0.129614,0.271338,0.197009,Cytoplasm,Mitochondrion
ENSP00000426551,2.9007118422894766,High,0.14093,0.597559,0.574805,0.067465,0.149341,0.200305,0.026292,0.105408,0.110791,0.138379,0.296198,"Cytoplasm, Nucleus",Cytoplasm
ENSP00000420273,3.7401509286952312,High,0.471387,0.461377,0.344238,0.187793,0.509375,0.39541,0.130371,0.196484,0.232227,0.408643,0.251099,Membrane,Nucleus
ENSP00000378422,3.411218824846191,High,0.167383,0.515479,0.500684,0.496973,0.131689,0.362793,0.040892,0.244287,0.211877,0.195557,0.195081,Cytoplasm,Endoplasmic reticulum
ENSP00000394340,2.9495892985336534,High,0.206689,0.662793,0.313818,0.262756,0.227539,0.12674,0.016377,0.120544,0.131421,0.188916,0.042258,Cytoplasm,Nucleus
ENSP00000357381,2.874786372733883,High,0.27749,0.140747,0.113403,0.82627,0.279175,0.106616,0.039124,0.30083,0.233447,0.241992,0.018076,Extracellular,Cell membrane
ENSP00000300433,2.8220541655367852,High,0.71543,0.163867,0.128503,0.399414,0.724414,0.115161,0.007585,0.262769,0.381982,0.276831,0.0147,"Membrane, Cell membrane",Nucleus
ENSP00000455941,3.418627285620815,High,0.194824,0.307959,0.358423,0.533398,0.130383,0.583008,0.056015,0.193237,0.138,0.278125,0.2479,None,Nucleus
ENSP00000440575,2.9897583504766914,High,0.125684,0.525049,0.657715,0.168134,0.106824,0.291846,0.01273,0.124683,0.204736,0.151855,0.157433,"Cytoplasm, Nucleus",Mitochondrion
ENSP00000429166,3.5649617499310415,High,0.207666,0.517285,0.298438,0.339453,0.123438,0.468896,0.08678,0.236987,0.148242,0.272412,0.331592,Cytoplasm,Cytoplasm
ENSP00000455296,2.8265057819015817,High,0.176221,0.497461,0.307861,0.076575,0.062445,0.453955,0.015202,0.08678,0.231506,0.113472,0.092828,Cytoplasm,Cytoplasm
ENSP00000437580,3.3746153144878925,High,0.245312,0.587402,0.536768,0.117206,0.213892,0.381592,0.118433,0.134644,0.326587,0.269531,0.074289,"Cytoplasm, Nucleus",Cytoplasm
ENSP00000435888,3.272516247969926,High,0.549951,0.541357,0.256787,0.083911,0.212988,0.474316,0.14061,0.67832,0.597949,0.77373,0.207211,"Membrane, Cytoplasm, Endoplasmic reticulum, Lysosome/Vacuole, Golgi apparatus",Golgi apparatus
ENSP00000427092,3.6002810080794596,High,0.372266,0.522119,0.34834,0.178882,0.366846,0.262231,0.080731,0.186353,0.282764,0.473145,0.136182,Cytoplasm,"Cytoplasm, Cell membrane, Endoplasmic reticulum"
ENSP00000422831,3.321310506767675,High,0.352734,0.557324,0.3771,0.063893,0.274048,0.238953,0.047227,0.200269,0.265308,0.333813,0.080699,Cytoplasm,"Cytoplasm, Cell membrane, Endoplasmic reticulum"
ENSP00000400637,2.8901100832562423,High,0.126294,0.50083,0.586621,0.145984,0.050723,0.41748,0.027706,0.095432,0.162439,0.173193,0.116377,"Cytoplasm, Nucleus","Cytoplasm, Nucleus"
ENSP00000451268,3.276856822823475,High,0.371875,0.504541,0.409155,0.069312,0.209888,0.281934,0.053839,0.261206,0.267017,0.2203,0.04275,Cytoplasm,"Cytoplasm, Nucleus, Cell membrane"
ENSP00000346473,3.763442240165464,High,0.260718,0.422266,0.364185,0.528223,0.192334,0.393994,0.156116,0.369775,0.204956,0.261621,0.20769,None,Nucleus
ENSP00000462839,2.8438922117374754,High,0.928027,0.155652,0.075293,0.086827,0.394238,0.442188,0.043655,0.631494,0.353467,0.598437,0.114801,"Membrane, Endoplasmic reticulum","Mitochondrion, Endoplasmic reticulum"
ENSP00000435724,3.7836097099482693,High,0.338574,0.407959,0.461963,0.151208,0.303003,0.377832,0.143298,0.302881,0.201367,0.266016,0.316235,None,Nucleus
ENSP00000408251,3.1609028217562427,High,0.262085,0.546533,0.588086,0.159717,0.195996,0.145483,0.011847,0.324097,0.318115,0.183154,0.067387,"Cytoplasm, Nucleus",Nucleus
ENSP00000396061,3.1855690181059804,High,0.375635,0.707031,0.217603,0.151404,0.25874,0.27981,0.009649,0.229102,0.434741,0.210742,0.064112,Cytoplasm,Cytoplasm
ENSP00000481500,3.654528317815138,High,0.245679,0.439795,0.401807,0.247363,0.151514,0.42583,0.047562,0.413867,0.289551,0.319873,0.27019,None,"Cytoplasm, Nucleus"
ENSP00000469800,3.0503617310263853,High,0.161389,0.703516,0.363086,0.212146,0.132812,0.282617,0.027199,0.142517,0.177808,0.408936,0.044315,Cytoplasm,"Cytoplasm, Cell membrane"
ENSP00000411992,3.2523957974471065,High,0.199756,0.483203,0.44126,0.474048,0.069055,0.631641,0.093747,0.242651,0.107788,0.248926,0.105909,Cytoplasm,Cytoplasm
ENSP00000386558,3.3426972615155863,High,0.348975,0.437793,0.434619,0.1302,0.166602,0.220837,0.071634,0.159058,0.24563,0.206836,0.079916,None,Golgi apparatus
ENSP00000505003,3.650389913611301,High,0.204907,0.494678,0.339966,0.329065,0.123791,0.464844,0.172266,0.21106,0.198999,0.231689,0.231549,Cytoplasm,"Cytoplasm, Nucleus"
ENSP00000393196,3.5209009176544765,High,0.236328,0.459082,0.445166,0.419678,0.193286,0.499463,0.025354,0.231567,0.242798,0.395117,0.157349,None,"Cytoplasm, Nucleus"
ENSP00000442180,3.503837729832498,High,0.204736,0.497705,0.513574,0.343506,0.118091,0.395459,0.0524,0.226587,0.268066,0.273413,0.175018,Cytoplasm,Cell membrane
ENSP00000422612,3.7232133165311696,High,0.426563,0.483301,0.314502,0.239014,0.383838,0.363086,0.212952,0.148962,0.230078,0.471631,0.126526,Cytoplasm,"Cytoplasm, Cell membrane, Endoplasmic reticulum"
ENSP00000357089,3.0774158098582345,High,0.222229,0.725,0.371545,0.22561,0.298938,0.273267,0.015094,0.210474,0.145471,0.26217,0.016603,Cytoplasm,Nucleus
ENSP00000506592,3.004765883248128,High,0.292822,0.614551,0.528027,0.081223,0.203271,0.462988,0.037238,0.110168,0.111023,0.096695,0.154993,"Cytoplasm, Nucleus",Cytoplasm
ENSP00000484730,3.2928342647898416,High,0.278101,0.228271,0.214697,0.802344,0.221851,0.283252,0.040063,0.346582,0.261865,0.317676,0.072375,Extracellular,Cell membrane
ENSP00000474781,3.2428519238880313,High,0.591504,0.312988,0.205273,0.096545,0.11936,0.866016,0.11355,0.373145,0.265308,0.216357,0.23783,"Membrane, Mitochondrion",Mitochondrion
ENSP00000440305,3.706746092312963,High,0.31582,0.347656,0.256152,0.238379,0.159827,0.54541,0.557275,0.35791,0.188403,0.199683,0.216504,None,Mitochondrion
ENSP00000421230,3.631232462084805,High,0.382812,0.51084,0.313623,0.239038,0.371045,0.275757,0.102234,0.17793,0.26521,0.490332,0.116013,Cytoplasm,"Cytoplasm, Cell membrane, Endoplasmic reticulum"
ENSP00000437954,3.192798535826195,High,0.458594,0.321533,0.113574,0.70293,0.424854,0.30708,0.010414,0.255737,0.307837,0.459717,0.04201,"Membrane, Extracellular",Golgi apparatus
ENSP00000435761,3.1528950913510596,High,0.429785,0.55459,0.494385,0.148914,0.152832,0.301538,0.05042,0.341748,0.695752,0.694336,0.054901,"Cytoplasm, Lysosome/Vacuole, Golgi apparatus",Nucleus
ENSP00000333624,3.574812094430547,High,0.22771,0.479248,0.413672,0.435986,0.153345,0.493848,0.043027,0.217188,0.242163,0.253467,0.315942,Cytoplasm,Nucleus
ENSP00000334125,3.152672299852804,High,0.125342,0.429883,0.310742,0.824219,0.147815,0.660449,0.208313,0.244177,0.092592,0.411523,0.074576,"Extracellular, Mitochondrion","Cytoplasm, Cell membrane"
ENSP00000472837,3.2911364159369554,High,0.176978,0.646191,0.517725,0.445947,0.176733,0.33208,0.018333,0.207593,0.152191,0.140155,0.383479,Cytoplasm,Cell membrane
ENSP00000471034,3.363163094839033,High,0.231934,0.256714,0.326318,0.588428,0.078809,0.67373,0.049425,0.341187,0.159787,0.459473,0.326797,Mitochondrion,Golgi apparatus
ENSP00000430836,3.355734287765071,High,0.211548,0.504443,0.506689,0.075912,0.155054,0.354761,0.0539,0.216797,0.1552,0.238574,0.413208,Cytoplasm,Nucleus
ENSP00000416164,3.182654207103921,High,0.390527,0.478223,0.47998,0.12533,0.18396,0.157104,0.018778,0.266016,0.401611,0.410132,0.023827,Cytoplasm,Cytoplasm
ENSP00000412812,3.2853934945423844,High,0.564697,0.58457,0.360059,0.086566,0.521289,0.278345,0.059979,0.297778,0.365869,0.259253,0.038908,"Membrane, Cytoplasm",Nucleus
ENSP00000406065,3.1778877098839917,High,0.113489,0.454688,0.651465,0.435205,0.136182,0.536914,0.023547,0.272754,0.172644,0.118268,0.209656,Nucleus,"Cytoplasm, Cell membrane"
ENSP00000493305,3.00804791233719,High,0.137292,0.564355,0.55957,0.222864,0.183325,0.355127,0.036537,0.141766,0.116223,0.119922,0.061846,"Cytoplasm, Nucleus","Cytoplasm, Cell membrane"
ENSP00000489222,3.5626536655884005,High,0.299609,0.238354,0.226709,0.659473,0.157959,0.300098,0.113977,0.478564,0.286328,0.373389,0.134552,Extracellular,Cell membrane
ENSP00000436936,3.2296100420660667,High,0.311182,0.542822,0.387549,0.157263,0.284839,0.395093,0.106219,0.054953,0.130652,0.131207,0.093682,Cytoplasm,Mitochondrion
ENSP00000435577,3.0602280086460323,High,0.117712,0.579785,0.506201,0.166785,0.100232,0.297949,0.053914,0.100928,0.167896,0.175305,0.128738,Cytoplasm,Nucleus
ENSP00000427520,2.939565188407958,High,0.772559,0.18418,0.208374,0.177148,0.716113,0.201135,0.01589,0.230884,0.490479,0.414844,0.03394,"Membrane, Cell membrane",Nucleus
ENSP00000440181,2.93683020935913,High,0.123108,0.533838,0.735156,0.179565,0.151208,0.219507,0.152161,0.14939,0.080298,0.10603,0.066288,"Cytoplasm, Nucleus",Nucleus
ENSP00000436907,3.027564229229741,High,0.334863,0.340967,0.46792,0.098084,0.291699,0.442676,0.031142,0.080548,0.13064,0.153519,0.039034,None,Nucleus
ENSP00000294521,3.451709439495603,High,0.520312,0.620508,0.269189,0.20376,0.620313,0.248547,0.037177,0.250806,0.360059,0.319922,0.161366,"Membrane, Cytoplasm, Cell membrane",Cell membrane
ENSP00000483601,3.2476721326002806,High,0.26748,0.422705,0.616504,0.1422,0.133521,0.467139,0.037305,0.309595,0.12373,0.304663,0.095773,Nucleus,Nucleus
ENSP00000464183,3.360324687527379,High,0.433203,0.337451,0.386865,0.106274,0.185449,0.351123,0.02793,0.498682,0.526367,0.472461,0.083133,None,Golgi apparatus
ENSP00000403920,3.2998247635424414,High,0.228674,0.660547,0.420703,0.063889,0.182397,0.108746,0.074344,0.195795,0.447803,0.394482,0.284666,Cytoplasm,"Cytoplasm, Nucleus"
ENSP00000463294,3.2632128295839813,High,0.159326,0.578564,0.477051,0.282788,0.119128,0.337061,0.027701,0.165674,0.200415,0.244458,0.125079,Cytoplasm,Nucleus
ENSP00000454778,3.327112810738744,High,0.272241,0.570996,0.484424,0.150113,0.274072,0.348242,0.00847,0.303613,0.257959,0.211426,0.088571,Cytoplasm,"Cytoplasm, Nucleus"
ENSP00000451361,2.8201779312723643,High,0.330811,0.396387,0.702051,0.037085,0.240466,0.469385,0.006024,0.099243,0.14624,0.072775,0.153049,Nucleus,Nucleus
ENSP00000399432,2.836594500951459,High,0.123767,0.565967,0.46792,0.102234,0.129993,0.296899,0.018297,0.148779,0.086981,0.127185,0.085463,Cytoplasm,"Cytoplasm, Nucleus"
ENSP00000487797,2.934103063561513,High,0.145337,0.621582,0.595996,0.055762,0.131628,0.213159,0.038925,0.146191,0.169385,0.203418,0.125323,"Cytoplasm, Nucleus","Cytoplasm, Cell membrane"
ENSP00000451544,3.470184097091409,High,0.219727,0.51333,0.271851,0.16095,0.085291,0.407568,0.215137,0.152942,0.306006,0.370166,0.094611,Cytoplasm,Cytoplasm
ENSP00000402732,2.8959712257862615,High,0.692773,0.103821,0.11731,0.107043,0.390186,0.132849,0.030872,0.403906,0.387207,0.288818,0.020937,Membrane,Cell membrane
ENSP00000482082,3.278826444592088,High,0.130713,0.531934,0.488672,0.471289,0.075604,0.343945,0.118756,0.153345,0.17981,0.234253,0.09325,Cytoplasm,"Cytoplasm, Cell membrane"
ENSP00000436674,2.943776800517667,High,0.690137,0.085388,0.104211,0.128967,0.384717,0.198242,0.037528,0.441455,0.391602,0.294751,0.020002,Membrane,Cell membrane
ENSP00000418261,3.3251340471270416,High,0.275928,0.423535,0.188647,0.160535,0.073932,0.73457,0.318237,0.201917,0.145837,0.111139,0.332935,Mitochondrion,Mitochondrion
ENSP00000431853,3.264510490376413,High,0.190796,0.559619,0.554395,0.068024,0.125549,0.327295,0.076553,0.131372,0.212012,0.213965,0.410522,"Cytoplasm, Nucleus","Cytoplasm, Cell membrane"
ENSP00000429362,3.764529685861332,High,0.267065,0.408301,0.429932,0.270044,0.157935,0.324951,0.100977,0.282129,0.283032,0.318945,0.308203,None,Nucleus
ENSP00000498027,2.9753814613031073,High,0.185645,0.46709,0.616895,0.105174,0.113867,0.475342,0.08768,0.158716,0.103387,0.18327,0.036261,Nucleus,Nucleus
ENSP00000462831,3.0881111485615618,High,0.264868,0.581055,0.449756,0.077982,0.332959,0.308838,0.026643,0.117078,0.134265,0.145959,0.103857,Cytoplasm,Cell membrane
ENSP00000431058,3.000763368657829,High,0.36167,0.371143,0.446826,0.112805,0.332446,0.202075,0.002148,0.117047,0.257874,0.18938,0.008574,None,Cytoplasm
ENSP00000504761,3.3399916484398013,High,0.574316,0.22334,0.204028,0.317407,0.26875,0.261865,0.012458,0.60708,0.359863,0.519482,0.098654,Membrane,Golgi apparatus
ENSP00000474618,3.2905549385816313,High,0.156299,0.476611,0.595996,0.350464,0.143604,0.322803,0.025562,0.184814,0.134119,0.274341,0.165424,"Cytoplasm, Nucleus",Nucleus
ENSP00000464988,3.1834683799281334,High,0.148901,0.47959,0.626465,0.173499,0.158569,0.231494,0.088663,0.196436,0.113788,0.14408,0.124062,"Cytoplasm, Nucleus",Cytoplasm
ENSP00000446554,3.339287349089457,High,0.535791,0.572363,0.351562,0.098047,0.463232,0.28562,0.071954,0.264404,0.353833,0.248169,0.036761,"Membrane, Cytoplasm",Nucleus
ENSP00000439818,3.7405940542030285,High,0.373486,0.392041,0.256543,0.235242,0.184644,0.41001,0.18349,0.480762,0.155872,0.233618,0.248749,None,Mitochondrion
ENSP00000428129,3.3259512587084656,High,0.185449,0.47417,0.505713,0.522168,0.208582,0.607959,0.023524,0.180444,0.217798,0.328931,0.117145,Cytoplasm,Nucleus
ENSP00000420578,3.5030320489753763,High,0.165723,0.481055,0.455127,0.562549,0.166479,0.574902,0.055118,0.246289,0.252515,0.355908,0.222644,Cytoplasm,Nucleus
ENSP00000490665,3.098468032801485,High,0.306055,0.61709,0.464648,0.087402,0.441797,0.238745,0.021072,0.101721,0.214978,0.166565,0.094794,Cytoplasm,"Cell membrane, Endoplasmic reticulum"
ENSP00000482852,3.089365461896925,High,0.644043,0.205298,0.124548,0.577881,0.613721,0.110083,0.034592,0.307666,0.354639,0.278442,0.054938,"Membrane, Cell membrane","Cytoplasm, Cell membrane"
ENSP00000480335,3.097722747042915,High,0.197559,0.237695,0.231177,0.79668,0.257349,0.168457,0.035007,0.350635,0.193384,0.181274,0.052487,Extracellular,Cell membrane
ENSP00000479714,3.0651380811228504,High,0.210327,0.67627,0.473242,0.082245,0.274146,0.325781,0.01023,0.226819,0.145447,0.233618,0.072061,Cytoplasm,Mitochondrion
ENSP00000458835,2.844801867284512,High,0.843652,0.270728,0.258398,0.105164,0.599756,0.119092,0.004872,0.550342,0.474805,0.689941,0.10506,"Membrane, Cell membrane, Golgi apparatus",Cell membrane
ENSP00000425484,2.9733926910829824,High,0.349756,0.553906,0.356055,0.088065,0.412451,0.114783,0.066292,0.164526,0.088538,0.216553,0.014246,Cytoplasm,"Nucleus, Cell membrane"
ENSP00000363197,3.6181880658323418,High,0.476807,0.182324,0.143469,0.639551,0.253052,0.277319,0.140637,0.454492,0.361768,0.465576,0.212012,Membrane,Cell membrane
ENSP00000487557,3.4756745603814365,High,0.212646,0.469775,0.447754,0.468066,0.142847,0.372705,0.07821,0.218701,0.229541,0.273438,0.082953,Cytoplasm,Nucleus
ENSP00000470495,3.233697055368818,High,0.472607,0.417334,0.387256,0.134125,0.424414,0.294409,0.003907,0.247607,0.484912,0.301416,0.018717,Membrane,"Cytoplasm, Nucleus"
ENSP00000422281,3.2128936034623785,High,0.574072,0.586279,0.449854,0.299902,0.341211,0.279871,0.102771,0.09129,0.614258,0.142712,0.031072,"Membrane, Cytoplasm, Lysosome/Vacuole",Cell membrane
ENSP00000407002,3.3442158301773595,High,0.328052,0.615479,0.392041,0.130005,0.405127,0.516357,0.05304,0.187012,0.432178,0.293677,0.049342,Cytoplasm,"Cytoplasm, Cell membrane"
ENSP00000217185,3.4815163373495004,High,0.222998,0.580225,0.463965,0.441943,0.246362,0.335498,0.010307,0.199524,0.230371,0.290039,0.226538,Cytoplasm,"Cytoplasm, Nucleus"
ENSP00000506808,2.833442415386536,High,0.297485,0.249219,0.25564,0.055147,0.080258,0.744531,0.054738,0.243262,0.097107,0.097058,0.107855,Mitochondrion,Mitochondrion
ENSP00000479486,3.5960355804709097,High,0.246826,0.444531,0.437598,0.247034,0.176025,0.426563,0.027412,0.360352,0.246509,0.232764,0.3104,None,"Cytoplasm, Cell membrane"
ENSP00000479441,3.6053404816790877,High,0.486719,0.412793,0.306592,0.184265,0.3604,0.460254,0.020265,0.431543,0.393701,0.329419,0.190833,Membrane,Nucleus
ENSP00000465889,3.0838468062104303,High,0.201636,0.249414,0.174304,0.830957,0.173975,0.272656,0.016055,0.294287,0.255908,0.297729,0.056232,Extracellular,Endoplasmic reticulum
ENSP00000455277,2.832274823890562,High,0.190576,0.575781,0.533594,0.117291,0.138428,0.211792,0.020306,0.106281,0.200464,0.136414,0.027272,"Cytoplasm, Nucleus",Cytoplasm
ENSP00000427935,2.9103450638220667,High,0.087878,0.546875,0.618555,0.17641,0.039835,0.193073,0.081915,0.224731,0.161719,0.216321,0.050704,"Cytoplasm, Nucleus",Nucleus
ENSP00000390926,2.9788685646021946,High,0.145386,0.6125,0.514746,0.214209,0.107837,0.234692,0.005771,0.136279,0.201685,0.421533,0.053999,Cytoplasm,"Cytoplasm, Cell membrane"
ENSP00000310182,3.084911988579535,High,0.862988,0.244312,0.148108,0.086377,0.414111,0.204614,0.035849,0.700684,0.401221,0.493896,0.24834,"Membrane, Endoplasmic reticulum",Golgi apparatus
ENSP00000485355,3.2023609536910924,High,0.191016,0.479297,0.403516,0.136548,0.086511,0.474805,0.049393,0.2427,0.198047,0.262878,0.058495,Cytoplasm,Endoplasmic reticulum
ENSP00000389278,3.101330799506042,High,0.771094,0.252148,0.247241,0.111517,0.496387,0.120355,0.010502,0.449219,0.395215,0.505029,0.109055,Membrane,Cytoplasm
ENSP00000362773,3.1091164491500733,High,0.23501,0.441943,0.302661,0.403735,0.219751,0.483545,0.077007,0.069287,0.059025,0.272583,0.024897,None,Nucleus
ENSP00000430257,3.2351399959075526,High,0.291675,0.504883,0.409473,0.069502,0.162451,0.253418,0.02009,0.217603,0.438525,0.36123,0.076727,Cytoplasm,Nucleus
ENSP00000382364,3.0254912866701265,High,0.157288,0.420557,0.570996,0.165808,0.099066,0.265454,0.015628,0.329102,0.157581,0.131909,0.067599,Nucleus,"Cytoplasm, Nucleus, Mitochondrion"
ENSP00000498993,3.2342689058427214,High,0.183838,0.360547,0.320654,0.31228,0.128979,0.784277,0.043071,0.173767,0.115027,0.232153,0.505469,Mitochondrion,Mitochondrion
ENSP00000466188,2.953191588275986,High,0.179932,0.596484,0.464453,0.133255,0.192188,0.223999,0.009534,0.130591,0.101801,0.236597,0.063864,Cytoplasm,Nucleus
ENSP00000439667,3.483131282194338,High,0.166577,0.383203,0.432471,0.401904,0.116272,0.724316,0.130078,0.187695,0.186462,0.283301,0.273376,Mitochondrion,Nucleus
ENSP00000429102,2.87100029816123,High,0.171997,0.681543,0.39624,0.108344,0.138916,0.236377,0.02599,0.127563,0.152722,0.189014,0.038232,Cytoplasm,Nucleus
ENSP00000412249,3.46606293391913,High,0.375977,0.485156,0.455859,0.254773,0.344189,0.448096,0.017395,0.233496,0.227051,0.317261,0.080692,Cytoplasm,Cell membrane
ENSP00000306362,3.3933305799822717,High,0.256079,0.491943,0.484082,0.22251,0.078717,0.547314,0.043591,0.377246,0.245923,0.429492,0.132361,Cytoplasm,Cytoplasm
ENSP00000508310,3.2743681202623636,High,0.3177,0.457959,0.527686,0.237878,0.171906,0.261816,0.009767,0.174536,0.211414,0.22572,0.082321,Nucleus,"Cytoplasm, Nucleus, Cell membrane"
ENSP00000496961,3.312126628869979,High,0.327148,0.519141,0.405957,0.123682,0.151575,0.161572,0.036978,0.372803,0.530566,0.435596,0.087553,Cytoplasm,Nucleus
ENSP00000467104,2.959010863139123,High,0.172632,0.327661,0.383643,0.700098,0.129004,0.320776,0.263513,0.034372,0.025507,0.134314,0.087799,Extracellular,Nucleus
ENSP00000443968,3.451784834156915,High,0.185693,0.558252,0.611426,0.230127,0.164758,0.455371,0.089252,0.205896,0.202783,0.198608,0.221465,"Cytoplasm, Nucleus",Cytoplasm
ENSP00000431368,3.4291018584484276,High,0.230664,0.494434,0.575586,0.300098,0.124084,0.692187,0.071721,0.237451,0.2125,0.279565,0.221655,"Cytoplasm, Nucleus, Mitochondrion",Cytoplasm
ENSP00000338932,3.502365328581903,High,0.155493,0.447119,0.533301,0.229846,0.073102,0.356641,0.118018,0.25083,0.21189,0.211047,0.320715,Nucleus,Mitochondrion
ENSP00000259254,2.8864975916421187,High,0.768652,0.225537,0.101648,0.312231,0.752246,0.108313,0.013805,0.201392,0.433643,0.304688,0.073169,"Membrane, Cell membrane",Cell membrane
ENSP00000409925,2.8091665245093655,High,0.147522,0.703418,0.352026,0.0548,0.150732,0.2979,0.053107,0.125,0.081824,0.113306,0.107162,Cytoplasm,"Cytoplasm, Nucleus"
ENSP00000295834,2.8887550765215617,High,0.171735,0.836719,0.431982,0.286182,0.250061,0.192419,0.081378,0.176578,0.039243,0.082794,0.084632,Cytoplasm,Cytoplasm
ENSP00000497676,3.1807747127688457,High,0.160791,0.58667,0.462549,0.5146,0.164441,0.418604,0.047371,0.111719,0.108215,0.158374,0.158948,Cytoplasm,Cell membrane
ENSP00000469738,2.804379393117423,High,0.157751,0.636816,0.629102,0.022733,0.092059,0.25918,0.020491,0.167603,0.121021,0.193237,0.207455,"Cytoplasm, Nucleus",Nucleus
ENSP00000435800,3.5217185629237306,High,0.718652,0.225391,0.258911,0.146674,0.411914,0.36875,0.103394,0.503467,0.431445,0.481152,0.155096,Membrane,"Endoplasmic reticulum, Golgi apparatus"
ENSP00000431985,3.216674131322187,High,0.155505,0.397461,0.603271,0.216968,0.103198,0.144092,0.18866,0.1771,0.143872,0.114343,0.127393,Nucleus,Nucleus
ENSP00000416644,3.3879555287977863,High,0.230127,0.537061,0.262817,0.418677,0.161523,0.219312,0.066785,0.221484,0.173987,0.286719,0.076096,Cytoplasm,Cytoplasm
ENSP00000389303,3.461030118249245,High,0.212036,0.516943,0.442334,0.280981,0.14801,0.515967,0.024415,0.195435,0.290747,0.228052,0.509961,Cytoplasm,Cytoplasm
ENSP00000471657,2.935897003746866,High,0.069281,0.534424,0.558594,0.633496,0.06535,0.344092,0.146771,0.169287,0.083441,0.063428,0.158276,"Cytoplasm, Nucleus",Mitochondrion
ENSP00000429672,3.025537147170187,High,0.13186,0.548486,0.431299,0.61416,0.122961,0.455664,0.133997,0.092517,0.062915,0.213647,0.054034,Cytoplasm,Endoplasmic reticulum
ENSP00000493744,3.3472921177073984,High,0.1677,0.631445,0.413428,0.141565,0.066943,0.441748,0.053134,0.28606,0.275635,0.260645,0.271777,Cytoplasm,Nucleus
ENSP00000487240,2.955192777163127,High,0.114392,0.547656,0.664648,0.140698,0.109595,0.19397,0.053642,0.133667,0.159204,0.146716,0.13418,"Cytoplasm, Nucleus",Nucleus
ENSP00000450525,3.3013298081573006,High,0.207007,0.520264,0.405371,0.308496,0.199829,0.277466,0.089105,0.100757,0.143567,0.218945,0.061264,Cytoplasm,Nucleus
ENSP00000377351,3.2410840343421903,High,0.226514,0.798145,0.419043,0.26897,0.265747,0.269019,0.086465,0.346387,0.057175,0.183594,0.114371,Cytoplasm,Cytoplasm
ENSP00000492536,3.308623271033541,High,0.142468,0.566602,0.407959,0.650293,0.102686,0.290308,0.153033,0.153674,0.214307,0.115729,0.579932,"Cytoplasm, Extracellular",Nucleus
ENSP00000461981,3.1248271149344906,High,0.139209,0.649316,0.525244,0.254004,0.104858,0.300342,0.077591,0.117383,0.122925,0.139551,0.173114,Cytoplasm,"Cytoplasm, Nucleus"
ENSP00000430152,3.1271501714685255,High,0.407275,0.394092,0.513672,0.141782,0.205078,0.268774,0.007117,0.131213,0.490186,0.509082,0.028834,None,Cytoplasm
ENSP00000505173,3.1561953642723855,High,0.341846,0.751074,0.36499,0.073181,0.242773,0.191309,0.018103,0.16499,0.312866,0.381104,0.119492,Cytoplasm,"Cytoplasm, Cell membrane"
ENSP00000494012,3.0609973161683803,High,0.141479,0.244604,0.728125,0.246338,0.07793,0.230029,0.113531,0.201916,0.102368,0.123578,0.129845,Nucleus,Nucleus
ENSP00000427277,3.083454861821487,High,0.745508,0.214258,0.127795,0.290894,0.696875,0.17229,0.010515,0.237305,0.518652,0.448633,0.132996,"Membrane, Cell membrane",Cell membrane
ENSP00000411349,3.2368720014419488,High,0.162378,0.541357,0.446973,0.192358,0.124194,0.263135,0.051661,0.069434,0.271533,0.320215,0.129956,Cytoplasm,Cell membrane
ENSP00000397302,3.001733723291469,High,0.232104,0.232764,0.241772,0.21709,0.089594,0.900977,0.062656,0.16925,0.073151,0.178662,0.324829,Mitochondrion,Mitochondrion
ENSP00000442703,2.8801964012254517,High,0.193652,0.184082,0.230127,0.139691,0.086359,0.724121,0.135327,0.116479,0.082153,0.05282,0.182874,Mitochondrion,Mitochondrion
ENSP00000430889,3.574658380734098,High,0.222705,0.47168,0.508643,0.320703,0.124719,0.246704,0.147357,0.226465,0.192456,0.295215,0.141217,Cytoplasm,"Nucleus, Cell membrane"
ENSP00000425460,3.515388318830635,High,0.596973,0.249512,0.301758,0.170886,0.121277,0.537158,0.189526,0.632031,0.131714,0.36311,0.373535,"Membrane, Endoplasmic reticulum",Nucleus
ENSP00000393696,3.312124695388614,High,0.128528,0.300928,0.421191,0.691406,0.084045,0.422852,0.13139,0.223291,0.10694,0.173145,0.263672,Extracellular,Mitochondrion
ENSP00000455767,3.589812149781432,High,0.19552,0.36499,0.314795,0.42583,0.157922,0.569385,0.073653,0.408398,0.168213,0.25791,0.278845,None,"Cytoplasm, Nucleus"
ENSP00000460301,3.3265171096928925,High,0.351367,0.426074,0.407959,0.085342,0.219019,0.273755,0.013916,0.297266,0.272241,0.513867,0.089499,None,"Cytoplasm, Nucleus"
ENSP00000446783,3.4975330259397013,High,0.134607,0.493652,0.480322,0.361914,0.096082,0.261475,0.340039,0.272607,0.2021,0.170642,0.105475,Cytoplasm,Nucleus
ENSP00000446665,3.581473108932424,High,0.189661,0.511133,0.472803,0.36582,0.157825,0.459961,0.178235,0.213257,0.180701,0.235205,0.130725,Cytoplasm,Cytoplasm
ENSP00000505534,3.085260982745729,High,0.178271,0.660156,0.408838,0.166467,0.16731,0.231262,0.025713,0.160242,0.12373,0.273438,0.079398,Cytoplasm,Cytoplasm
ENSP00000443772,3.536208438785992,High,0.510059,0.489014,0.327905,0.400708,0.373779,0.28501,0.020025,0.183447,0.271729,0.243506,0.165747,"Membrane, Cytoplasm",Cytoplasm
ENSP00000435556,3.565144601676631,High,0.482129,0.528662,0.380908,0.116382,0.459033,0.263647,0.056561,0.413623,0.286328,0.440723,0.171997,"Membrane, Cytoplasm","Nucleus, Cell membrane"
ENSP00000424323,3.371335044256768,High,0.143579,0.561865,0.484082,0.260815,0.128577,0.434375,0.032418,0.187146,0.189624,0.222168,0.396509,Cytoplasm,"Cytoplasm, Nucleus"
ENSP00000417479,3.1453385468295942,High,0.314844,0.42002,0.375977,0.292334,0.303882,0.136169,0.008866,0.110742,0.453125,0.37356,0.0095,None,Cytoplasm
ENSP00000498324,3.2314794007102083,High,0.181982,0.374316,0.475635,0.618652,0.068274,0.594629,0.042662,0.298047,0.095172,0.20498,0.398758,None,Nucleus
ENSP00000493492,3.1638920614336543,High,0.115759,0.541943,0.559473,0.197461,0.058737,0.434912,0.048633,0.21554,0.232031,0.276111,0.104736,"Cytoplasm, Nucleus","Cytoplasm, Nucleus"
ENSP00000434141,3.4071484098524034,High,0.210547,0.452441,0.340063,0.449902,0.135651,0.695703,0.070273,0.204761,0.146082,0.312646,0.189001,Mitochondrion,Nucleus
ENSP00000429192,3.111922201559093,High,0.368628,0.395508,0.550293,0.093195,0.189209,0.326416,0.022784,0.235205,0.239087,0.184668,0.016022,Nucleus,Nucleus
ENSP00000401748,3.614217008038427,High,0.119666,0.556104,0.381982,0.344189,0.077405,0.330518,0.298438,0.279224,0.267139,0.258899,0.190085,Cytoplasm,Endoplasmic reticulum
ENSP00000399267,3.1007045206645403,High,0.330957,0.690723,0.28916,0.130396,0.294653,0.122107,0.038622,0.210425,0.171716,0.37688,0.033574,Cytoplasm,"Cytoplasm, Cell membrane"
ENSP00000376096,3.12168567549871,High,0.241553,0.239429,0.214185,0.605029,0.263818,0.111804,0.013779,0.472656,0.269775,0.175854,0.042099,None,"Cytoplasm, Cell membrane"
ENSP00000463892,3.509656902325176,High,0.379199,0.387402,0.441016,0.125128,0.17887,0.305786,0.051175,0.392432,0.509277,0.494873,0.137012,None,Golgi apparatus
ENSP00000453357,3.5681545134848776,High,0.26355,0.412402,0.365332,0.464697,0.232324,0.605762,0.022007,0.256274,0.271704,0.391504,0.215186,None,"Cytoplasm, Mitochondrion"
ENSP00000453208,2.909890517613953,High,0.148499,0.406641,0.646484,0.155676,0.093518,0.273236,0.022404,0.102759,0.093665,0.130981,0.176532,Nucleus,Nucleus
ENSP00000451718,2.9895785126284746,High,0.310156,0.519385,0.581201,0.070087,0.279126,0.253369,0.00894,0.087573,0.262036,0.18905,0.05484,"Cytoplasm, Nucleus",Cell membrane
ENSP00000372205,2.9084299774845395,High,0.147107,0.428711,0.376953,0.690039,0.194165,0.318018,0.198871,0.055951,0.032704,0.133099,0.02575,Extracellular,Cytoplasm
ENSP00000343218,3.2811635950435263,High,0.153271,0.464648,0.532861,0.343799,0.120398,0.504297,0.010532,0.177271,0.235596,0.177161,0.219963,Nucleus,Nucleus
ENSP00000479447,3.3302037098992927,High,0.109277,0.501318,0.412598,0.616211,0.075464,0.585645,0.258472,0.188086,0.110541,0.212598,0.220862,Cytoplasm,Golgi apparatus
ENSP00000466951,3.1488506114266013,High,0.280371,0.483887,0.408496,0.185584,0.130768,0.167578,0.008839,0.241284,0.336963,0.705762,0.078706,"Cytoplasm, Golgi apparatus","Cytoplasm, Nucleus"
ENSP00000463688,3.2368437412803104,High,0.138647,0.510889,0.526855,0.295959,0.190674,0.370068,0.005199,0.16189,0.193237,0.130981,0.217773,Cytoplasm,Nucleus
ENSP00000409858,3.2977145004571553,High,0.213354,0.468408,0.620215,0.230859,0.143335,0.335205,0.037732,0.191699,0.132251,0.215308,0.161981,Nucleus,Nucleus
ENSP00000505503,3.3813257408841877,High,0.156299,0.449805,0.373291,0.66543,0.11366,0.462305,0.218323,0.136975,0.098486,0.190967,0.234631,Extracellular,"Cytoplasm, Nucleus"
ENSP00000493139,3.4697065983287745,High,0.253833,0.258984,0.209229,0.634082,0.073346,0.386963,0.07626,0.409424,0.296387,0.357324,0.1771,None,Nucleus
ENSP00000482498,3.642265191025957,High,0.253882,0.381641,0.371045,0.546436,0.101245,0.52915,0.34812,0.237354,0.137292,0.184241,0.340967,None,Cytoplasm
ENSP00000482052,2.837172331287787,High,0.17002,0.435107,0.461768,0.287695,0.075735,0.159528,0.021278,0.086035,0.11864,0.158325,0.041788,None,Golgi apparatus
ENSP00000454688,3.2145394741318714,High,0.389355,0.682031,0.327393,0.068567,0.315625,0.322852,0.004713,0.218628,0.284717,0.26333,0.10874,Cytoplasm,Cell membrane
ENSP00000414661,3.448556073248104,High,0.162927,0.595508,0.509375,0.425269,0.068436,0.530957,0.122723,0.219238,0.290894,0.419629,0.173099,Cytoplasm,Nucleus
ENSP00000407464,3.4257936854027156,High,0.311523,0.57373,0.350293,0.305005,0.31333,0.409277,0.026281,0.215076,0.243555,0.376123,0.04856,Cytoplasm,Cell membrane
ENSP00000396366,3.063978218160759,High,0.29834,0.500537,0.553711,0.131604,0.320947,0.16178,0.028577,0.182251,0.122131,0.292554,0.018851,"Cytoplasm, Nucleus",Cell membrane
ENSP00000497786,3.0735094054784824,High,0.143848,0.2979,0.267627,0.193848,0.078461,0.294971,0.819922,0.093225,0.095142,0.105127,0.288354,Plastid,Cytoplasm
ENSP00000471518,3.335177673448478,High,0.241089,0.201758,0.146228,0.780859,0.164563,0.385596,0.361853,0.197461,0.332739,0.364307,0.031288,Extracellular,Cell membrane
ENSP00000420568,3.322511279105365,High,0.176697,0.493945,0.440137,0.544336,0.205591,0.430469,0.032001,0.16106,0.137769,0.244409,0.130603,Cytoplasm,Nucleus
ENSP00000387794,3.0315591968263256,High,0.278687,0.687891,0.397168,0.072412,0.43374,0.233423,0.023756,0.206299,0.096497,0.15564,0.0996,Cytoplasm,"Cytoplasm, Nucleus"
ENSP00000499772,3.5410909150183123,High,0.200488,0.32124,0.31145,0.509961,0.105365,0.481445,0.097675,0.367163,0.157581,0.31394,0.179611,None,Nucleus
ENSP00000453703,2.9812806706496797,High,0.116602,0.691895,0.461621,0.263281,0.166174,0.18667,0.006714,0.095728,0.202686,0.241968,0.100634,Cytoplasm,Golgi apparatus
ENSP00000501275,3.092863502306366,High,0.148157,0.495508,0.457129,0.325146,0.098096,0.2427,0.031171,0.120819,0.108447,0.203052,0.107211,Cytoplasm,"Cytoplasm, Nucleus"
ENSP00000471042,3.070717712974762,High,0.179077,0.573535,0.56167,0.098883,0.095721,0.406641,0.074649,0.12074,0.086011,0.155371,0.263135,"Cytoplasm, Nucleus",Nucleus
ENSP00000462912,3.206042722324181,High,0.245337,0.641309,0.419092,0.075824,0.29585,0.304932,0.015768,0.096936,0.256128,0.27229,0.16734,Cytoplasm,Cell membrane
ENSP00000428370,2.827595715905193,High,0.184216,0.472607,0.622168,0.05647,0.099084,0.220941,0.019961,0.250269,0.144434,0.18269,0.039086,"Cytoplasm, Nucleus",Nucleus
ENSP00000355831,3.4957743504314585,High,0.127002,0.466602,0.415869,0.556152,0.087762,0.454639,0.258008,0.238916,0.105884,0.198071,0.322021,None,"Cytoplasm, Nucleus"
ENSP00000505087,3.528277375056561,High,0.260571,0.481934,0.52793,0.20332,0.198633,0.350049,0.0698,0.215723,0.203809,0.284766,0.142761,"Cytoplasm, Nucleus",Mitochondrion
ENSP00000503145,3.1909257058454297,High,0.118677,0.59165,0.548633,0.589697,0.140869,0.566064,0.049353,0.138245,0.180005,0.222559,0.202393,"Cytoplasm, Nucleus",Mitochondrion
ENSP00000502095,3.8890733384458285,High,0.276953,0.427734,0.384912,0.423584,0.171436,0.445117,0.188184,0.325659,0.312476,0.370459,0.324585,None,"Cytoplasm, Cell membrane, Endoplasmic reticulum"
ENSP00000469135,2.8645423207569136,High,0.178467,0.181421,0.093628,0.812109,0.259204,0.082172,0.070398,0.349072,0.270313,0.207544,0.016293,Extracellular,Cell membrane
ENSP00000464419,3.4466125549712574,High,0.168408,0.536328,0.537939,0.439111,0.142017,0.444775,0.038474,0.315405,0.188647,0.190796,0.294568,"Cytoplasm, Nucleus",Cytoplasm
ENSP00000502101,3.510552393518366,High,0.222168,0.559277,0.378125,0.132727,0.104736,0.37959,0.084229,0.250586,0.229431,0.310425,0.276508,Cytoplasm,Nucleus
ENSP00000478133,2.7971497654296873,High,0.108936,0.658496,0.617969,0.181482,0.157507,0.308008,0.041574,0.051825,0.107104,0.133264,0.096821,"Cytoplasm, Nucleus",Mitochondrion
ENSP00000464089,3.342429431205986,High,0.403271,0.534375,0.507275,0.125208,0.240479,0.245239,0.030499,0.147314,0.28772,0.469189,0.113881,Cytoplasm,Golgi apparatus
ENSP00000452439,3.241130937268274,High,0.139563,0.694824,0.411621,0.311035,0.133337,0.249878,0.204065,0.137988,0.178027,0.143652,0.069857,Cytoplasm,"Cytoplasm, Nucleus"
ENSP00000421606,3.018058145995689,High,0.154053,0.618164,0.498486,0.144012,0.14613,0.273364,0.051088,0.110474,0.16131,0.274243,0.038971,Cytoplasm,Nucleus
ENSP00000266964,3.1763433983356064,High,0.343848,0.525488,0.258179,0.082083,0.094806,0.302124,0.025473,0.144861,0.411475,0.244287,0.114651,Cytoplasm,Cytoplasm
ENSP00000453470,3.113744023144123,High,0.158691,0.483984,0.581641,0.131528,0.118365,0.348779,0.021411,0.131274,0.169751,0.117676,0.33927,"Cytoplasm, Nucleus",Nucleus
ENSP00000430095,3.4160344079919067,High,0.408398,0.455225,0.370996,0.109729,0.142578,0.561035,0.047461,0.414404,0.433936,0.538672,0.139227,None,"Cytoplasm, Nucleus"
ENSP00000421676,3.1630524872655945,High,0.166309,0.360303,0.485254,0.572852,0.058777,0.600586,0.054916,0.200024,0.069534,0.216992,0.278131,None,Nucleus
ENSP00000406980,3.6670290051318615,High,0.354346,0.504785,0.33335,0.202637,0.315625,0.450879,0.127832,0.279248,0.181982,0.281445,0.1209,Cytoplasm,Cytoplasm
ENSP00000480532,3.2717228236453666,High,0.158643,0.503174,0.489795,0.472803,0.107629,0.509961,0.047104,0.147119,0.173145,0.211694,0.15477,Cytoplasm,Nucleus
ENSP00000454124,3.550273256719661,High,0.173462,0.526172,0.480078,0.380566,0.146179,0.344727,0.061308,0.24519,0.272192,0.228247,0.220068,Cytoplasm,Nucleus
ENSP00000433148,3.0557637240415088,High,0.718945,0.115552,0.153601,0.149902,0.537451,0.184668,0.04632,0.372949,0.465918,0.279004,0.04017,"Membrane, Cell membrane",Cell membrane
ENSP00000421209,3.4377324647453062,High,0.166675,0.465674,0.509717,0.317456,0.121936,0.465918,0.062988,0.243335,0.197839,0.260425,0.138721,None,Cytoplasm
ENSP00000404242,3.568721957744652,High,0.412256,0.341895,0.314966,0.586426,0.318018,0.266528,0.122205,0.398291,0.161499,0.198047,0.0814,None,Cytoplasm
ENSP00000362011,3.0295111826021413,High,0.114502,0.512256,0.583594,0.351855,0.10426,0.365186,0.021161,0.129004,0.141675,0.100977,0.167303,"Cytoplasm, Nucleus",Nucleus
ENSP00000453826,3.603483659946241,High,0.246069,0.400488,0.505029,0.210242,0.173975,0.47666,0.055042,0.268579,0.246411,0.240649,0.299292,None,Nucleus
ENSP00000437094,3.0081025587866037,High,0.272217,0.70752,0.378076,0.039809,0.153174,0.242249,0.007166,0.147278,0.398315,0.411768,0.101887,Cytoplasm,"Cytoplasm, Nucleus, Cell membrane"
ENSP00000422708,2.8429350269578766,High,0.144238,0.694336,0.322754,0.029861,0.098541,0.463367,0.017996,0.228418,0.131168,0.087021,0.346411,Cytoplasm,Cytoplasm
ENSP00000504953,3.3652130945171277,High,0.246899,0.392432,0.496973,0.360156,0.121436,0.195068,0.068677,0.216089,0.226013,0.312573,0.049118,None,Nucleus
ENSP00000489835,2.9032331114693344,High,0.123737,0.57793,0.644141,0.055811,0.089697,0.306836,0.036469,0.160706,0.147107,0.19549,0.155069,"Cytoplasm, Nucleus","Cytoplasm, Nucleus"
ENSP00000483888,3.2571065525282226,High,0.454346,0.238135,0.224316,0.186517,0.061475,0.841602,0.181982,0.358838,0.168347,0.247583,0.133154,"Membrane, Mitochondrion",Mitochondrion
ENSP00000432533,2.8728716964469,High,0.123206,0.469043,0.640527,0.177393,0.099792,0.277661,0.036447,0.185681,0.095349,0.106131,0.070163,Nucleus,Nucleus
ENSP00000423727,2.8373020985434168,High,0.182568,0.146228,0.09704,0.868848,0.112952,0.162573,0.069263,0.255371,0.227026,0.205786,0.055286,Extracellular,"Endoplasmic reticulum, Golgi apparatus"
ENSP00000450740,3.308922526897157,High,0.162366,0.326123,0.553711,0.284985,0.108679,0.177173,0.310937,0.249097,0.068622,0.091724,0.172375,Nucleus,"Cytoplasm, Nucleus"
ENSP00000323414,3.6886753609901533,High,0.211572,0.506787,0.448682,0.31377,0.195532,0.433594,0.08385,0.304199,0.324829,0.336865,0.180811,Cytoplasm,Cell membrane
ENSP00000503038,3.657904127232384,High,0.301807,0.434277,0.367627,0.417041,0.127026,0.610645,0.115244,0.280176,0.208789,0.303491,0.243073,None,Cytoplasm
ENSP00000486916,3.4590341555066795,High,0.208057,0.50332,0.423877,0.153491,0.189636,0.490234,0.017373,0.246265,0.365967,0.197229,0.343225,Cytoplasm,Nucleus
ENSP00000462962,3.308426824887416,High,0.158997,0.419482,0.415332,0.516895,0.06586,0.641748,0.088153,0.251685,0.123654,0.265259,0.181856,Mitochondrion,Cytoplasm
ENSP00000456998,3.3469292362917162,High,0.146143,0.539307,0.523438,0.29751,0.202563,0.551025,0.028389,0.246533,0.158777,0.222559,0.179907,Cytoplasm,Nucleus
ENSP00000422701,3.174693385759211,High,0.171997,0.51499,0.521387,0.221191,0.119006,0.283215,0.036821,0.20426,0.143994,0.235571,0.066736,Cytoplasm,"Cytoplasm, Nucleus"
ENSP00000461696,3.187772848889685,High,0.150671,0.503174,0.589014,0.202893,0.190088,0.151074,0.052148,0.099957,0.174268,0.233301,0.158829,"Cytoplasm, Nucleus",Nucleus
ENSP00000429766,3.0927113023249424,High,0.321777,0.529248,0.443799,0.125018,0.324634,0.216589,0.024613,0.067651,0.347046,0.277344,0.019809,Cytoplasm,Cytoplasm
ENSP00000339093,3.6803558974576465,High,0.544629,0.396338,0.342334,0.225415,0.258521,0.446338,0.063577,0.428564,0.267993,0.433594,0.191458,Membrane,Golgi apparatus
ENSP00000471563,3.1288317717297955,High,0.447656,0.588867,0.454199,0.133792,0.409473,0.347339,0.006004,0.111377,0.412158,0.305029,0.025685,Cytoplasm,"Cytoplasm, Nucleus"
ENSP00000470109,2.8722454348622595,High,0.105017,0.496533,0.511963,0.71875,0.093512,0.335059,0.081058,0.132166,0.0686,0.062207,0.15874,"Cytoplasm, Extracellular",Mitochondrion
ENSP00000464792,3.098251762263122,High,0.136389,0.3729,0.553613,0.193713,0.081885,0.746777,0.239783,0.089392,0.153247,0.119312,0.157422,"Nucleus, Mitochondrion",Nucleus
ENSP00000453633,3.179825162857386,High,0.362109,0.37417,0.545312,0.11015,0.199341,0.24834,0.0412,0.159021,0.24436,0.21192,0.030388,Nucleus,"Cytoplasm, Cell membrane"
ENSP00000451510,3.4572798694597355,High,0.190552,0.458252,0.452148,0.403955,0.123767,0.354834,0.094736,0.148987,0.185864,0.261816,0.126886,None,Cytoplasm
ENSP00000434474,3.551050013668994,High,0.216675,0.535059,0.407813,0.388818,0.2271,0.513184,0.043811,0.235425,0.24668,0.343018,0.148425,Cytoplasm,Nucleus
ENSP00000404012,3.4906478031119206,High,0.20791,0.449658,0.453418,0.441699,0.199243,0.619629,0.031853,0.20957,0.300977,0.306641,0.176331,None,"Cytoplasm, Nucleus"
ENSP00000401872,2.996380640808911,High,0.12887,0.575879,0.605371,0.520068,0.172473,0.354883,0.017036,0.110132,0.085098,0.159839,0.150261,"Cytoplasm, Nucleus",Cytoplasm
ENSP00000498848,3.4997304090065353,High,0.206714,0.402002,0.372168,0.544482,0.091168,0.469189,0.152051,0.234229,0.098254,0.233057,0.23761,None,Nucleus
ENSP00000489370,3.657208892917257,High,0.250415,0.462061,0.417627,0.479639,0.137671,0.5271,0.107538,0.277319,0.256348,0.309009,0.195081,None,Cytoplasm
ENSP00000431095,3.227509980217686,High,0.113855,0.462451,0.466748,0.420557,0.069141,0.299072,0.158166,0.15011,0.106018,0.119299,0.15611,None,Nucleus
ENSP00000402322,3.3352497014695444,High,0.364648,0.492236,0.43999,0.11832,0.166406,0.221094,0.050082,0.170972,0.234058,0.326733,0.089011,Cytoplasm,"Cytoplasm, Cell membrane"
ENSP00000429976,3.0270201640878507,High,0.09566,0.589941,0.453369,0.615332,0.090601,0.520117,0.067999,0.121069,0.119952,0.096674,0.284058,Cytoplasm,Mitochondrion
ENSP00000429873,3.156793192404429,High,0.130139,0.374561,0.288965,0.579785,0.0828,0.318726,0.059503,0.121204,0.290869,0.165955,0.076843,None,Mitochondrion
ENSP00000424181,2.962683732840428,High,0.104272,0.496289,0.736426,0.049844,0.086734,0.227612,0.211462,0.198291,0.113342,0.105719,0.199854,"Cytoplasm, Nucleus",Nucleus
ENSP00000421897,3.120357600228656,High,0.355054,0.648633,0.33689,0.310449,0.149768,0.144958,0.007472,0.221277,0.463721,0.589893,0.045149,Cytoplasm,"Cytoplasm, Cell membrane"
ENSP00000395719,3.2072406878798043,High,0.307227,0.496631,0.376123,0.129297,0.162158,0.288,0.008212,0.174121,0.487939,0.396484,0.050391,Cytoplasm,Nucleus
ENSP00000489587,2.951823819612813,High,0.173047,0.171948,0.199048,0.780078,0.14563,0.344141,0.193262,0.149658,0.069006,0.152307,0.031849,Extracellular,Nucleus
ENSP00000457536,3.2265177192663006,High,0.339746,0.695801,0.308105,0.225513,0.292847,0.266284,0.01529,0.148254,0.21145,0.218164,0.071834,Cytoplasm,"Cytoplasm, Cell membrane"
ENSP00000431233,3.4832080802785366,High,0.216675,0.375879,0.257642,0.609473,0.118799,0.653711,0.170898,0.319409,0.167053,0.348828,0.133783,Mitochondrion,Endoplasmic reticulum
ENSP00000426165,3.181904104270742,High,0.116516,0.568164,0.567871,0.364063,0.136133,0.310742,0.052008,0.171692,0.138489,0.267993,0.080882,"Cytoplasm, Nucleus",Cytoplasm
ENSP00000421839,3.5791412978104358,High,0.215527,0.465479,0.35686,0.458398,0.148315,0.375195,0.036295,0.32373,0.266357,0.330811,0.18551,None,"Cytoplasm, Nucleus"
ENSP00000409990,3.1240155864758856,High,0.126489,0.677344,0.452051,0.119189,0.108972,0.317432,0.193091,0.196826,0.080103,0.081299,0.2271,Cytoplasm,"Cytoplasm, Nucleus"
ENSP00000392767,3.355717826688459,High,0.329834,0.616895,0.337695,0.261646,0.336816,0.153101,0.028563,0.193652,0.283008,0.225732,0.08391,Cytoplasm,Cytoplasm
ENSP00000372656,3.620518790744556,High,0.153906,0.497168,0.379248,0.503076,0.059906,0.469434,0.269434,0.32002,0.183569,0.353955,0.263245,Cytoplasm,Cell membrane
ENSP00000350398,3.3314782183934,High,0.152661,0.560059,0.512354,0.434668,0.117615,0.309668,0.080341,0.143274,0.168213,0.208789,0.159131,Cytoplasm,Mitochondrion
ENSP00000506567,3.5149380270207136,High,0.202734,0.524658,0.321704,0.440723,0.195117,0.371191,0.296997,0.129529,0.089825,0.226733,0.127011,Cytoplasm,"Cytoplasm, Nucleus"
ENSP00000505535,3.1354400768636617,High,0.411426,0.653223,0.395508,0.059293,0.278369,0.348975,0.006868,0.289575,0.372949,0.369238,0.030046,Cytoplasm,Cytoplasm
ENSP00000482941,3.3944217059377784,High,0.324268,0.575098,0.281372,0.157849,0.261987,0.532764,0.157404,0.18042,0.134351,0.245386,0.056343,Cytoplasm,Mitochondrion
ENSP00000475468,3.576000967586171,High,0.211768,0.415332,0.436523,0.249731,0.108557,0.482275,0.163611,0.230811,0.163013,0.246057,0.176312,None,Nucleus
ENSP00000463707,3.5558483003076993,High,0.188184,0.53877,0.491064,0.453857,0.121387,0.453467,0.278979,0.258008,0.181226,0.287646,0.086905,Cytoplasm,Cell membrane
ENSP00000453788,3.5488294764355834,High,0.205005,0.457471,0.4375,0.487158,0.123865,0.523633,0.144519,0.224414,0.209229,0.334326,0.114563,None,"Cytoplasm, Nucleus"
ENSP00000438281,2.8618896228705024,High,0.165112,0.605762,0.33689,0.158838,0.168066,0.236084,0.006351,0.055499,0.198633,0.343213,0.020906,Cytoplasm,Cytoplasm
ENSP00000434262,3.250723752818274,High,0.247388,0.458643,0.335596,0.215442,0.152319,0.541064,0.112225,0.144629,0.127869,0.148608,0.055328,None,Mitochondrion
ENSP00000432792,2.9307016973970033,High,0.745898,0.125,0.113733,0.089044,0.150098,0.890918,0.285901,0.468213,0.215833,0.170581,0.121454,"Membrane, Mitochondrion",Mitochondrion
ENSP00000408717,3.1860914338970607,High,0.221594,0.494043,0.483789,0.172913,0.101627,0.274536,0.023748,0.188159,0.158594,0.219141,0.102887,Cytoplasm,Nucleus
ENSP00000453224,2.9440049971384887,High,0.120581,0.537646,0.460986,0.65459,0.111096,0.446533,0.122662,0.075085,0.070007,0.208228,0.051169,"Cytoplasm, Extracellular",Endoplasmic reticulum
ENSP00000443808,3.49473078967861,High,0.193481,0.424756,0.342676,0.390527,0.112415,0.625684,0.174829,0.227881,0.153723,0.251221,0.128009,None,"Nucleus, Golgi apparatus"
ENSP00000431481,3.0516573709375376,High,0.30376,0.639844,0.394287,0.163086,0.316748,0.130127,0.013346,0.148206,0.405322,0.194177,0.023069,Cytoplasm,Nucleus
ENSP00000399490,3.180977581344603,High,0.341602,0.178003,0.138464,0.567187,0.333496,0.157776,0.025745,0.403223,0.184436,0.332495,0.034235,None,Cell membrane
ENSP00000389994,3.1340759891250367,High,0.137952,0.58252,0.440771,0.611768,0.109265,0.211279,0.171851,0.099487,0.099646,0.204785,0.097646,Cytoplasm,Cell membrane
ENSP00000458914,3.356918294619519,High,0.182764,0.496777,0.521387,0.398389,0.145667,0.573242,0.052737,0.137317,0.273682,0.209058,0.148584,Cytoplasm,Mitochondrion
ENSP00000434280,3.2057267580649764,High,0.340674,0.287671,0.463184,0.177936,0.141736,0.490186,0.056674,0.179138,0.12926,0.074225,0.127097,None,Mitochondrion
ENSP00000501350,3.234216663644758,High,0.208643,0.556299,0.463672,0.352979,0.166968,0.263208,0.047568,0.107483,0.158252,0.18479,0.091266,Cytoplasm,Nucleus
ENSP00000471320,3.379917661948926,High,0.143677,0.401709,0.357764,0.619434,0.121924,0.472998,0.118579,0.194165,0.110577,0.243188,0.170038,None,Cytoplasm
ENSP00000466948,3.363073830313826,High,0.276758,0.41792,0.475488,0.190015,0.076349,0.539697,0.097128,0.220007,0.147998,0.221924,0.132886,None,Cytoplasm
ENSP00000462705,3.1001625963214536,High,0.172693,0.635059,0.453125,0.113071,0.219434,0.260718,0.011556,0.148071,0.185913,0.184961,0.125778,Cytoplasm,"Cytoplasm, Nucleus"
ENSP00000437284,2.9906203308136803,High,0.856543,0.107544,0.156152,0.108624,0.494189,0.245825,0.086121,0.496045,0.508496,0.468799,0.043254,Membrane,"Endoplasmic reticulum, Golgi apparatus"
ENSP00000437200,2.8452177340449394,High,0.155908,0.346289,0.61875,0.422412,0.111963,0.137939,0.05032,0.113806,0.077948,0.223438,0.019667,Nucleus,Cytoplasm
ENSP00000421278,3.292249912854457,High,0.154297,0.508057,0.621094,0.101172,0.105273,0.223181,0.101221,0.20835,0.320581,0.237891,0.162909,"Cytoplasm, Nucleus",Nucleus
ENSP00000404471,3.375631682598713,High,0.224561,0.264917,0.201831,0.653613,0.230078,0.309253,0.023901,0.251978,0.200195,0.287231,0.134167,Extracellular,Cell membrane
ENSP00000246551,2.84449851464946,High,0.760059,0.166626,0.098218,0.545215,0.745996,0.155457,0.013081,0.268677,0.46416,0.22417,0.060367,"Membrane, Cell membrane",Cell membrane
ENSP00000450530,3.442001371692057,High,0.186646,0.415771,0.51123,0.392627,0.140942,0.338135,0.091351,0.155725,0.170898,0.213086,0.136041,None,Cytoplasm
ENSP00000445750,3.527296562668812,High,0.156995,0.515625,0.410229,0.392725,0.163452,0.374268,0.229834,0.194995,0.095807,0.164795,0.197021,Cytoplasm,Cytoplasm
ENSP00000441344,3.410055299588413,High,0.147937,0.452686,0.442139,0.24856,0.06944,0.431201,0.141638,0.248853,0.149109,0.175024,0.171027,None,Mitochondrion
ENSP00000436643,3.070789996222924,High,0.908008,0.117126,0.287183,0.078638,0.239307,0.427051,0.029155,0.579736,0.336084,0.452539,0.203094,Membrane,Golgi apparatus
ENSP00000431952,3.27499126357074,High,0.166199,0.474023,0.326294,0.684668,0.141211,0.339551,0.212024,0.106439,0.074072,0.17113,0.159387,"Cytoplasm, Extracellular","Cytoplasm, Nucleus"
ENSP00000477770,3.185290433951484,High,0.138855,0.560889,0.521436,0.587354,0.123169,0.561523,0.076544,0.149451,0.185291,0.238892,0.090594,Cytoplasm,Nucleus
ENSP00000457999,3.04603119373098,High,0.128979,0.533252,0.530225,0.222839,0.108105,0.355225,0.111609,0.103308,0.073505,0.222339,0.056339,"Cytoplasm, Nucleus",Nucleus
ENSP00000446893,3.150122309572996,High,0.168506,0.568896,0.486475,0.36001,0.14082,0.466016,0.038843,0.103333,0.164111,0.128125,0.123587,Cytoplasm,"Cytoplasm, Cell membrane"
ENSP00000444859,3.1702105600976216,High,0.191724,0.495947,0.518848,0.563525,0.149036,0.402246,0.056256,0.091663,0.106006,0.143567,0.161646,Cytoplasm,Cell membrane
ENSP00000437258,3.663988372983775,High,0.356836,0.456592,0.41665,0.164905,0.253442,0.276929,0.078491,0.267114,0.224316,0.284741,0.209656,None,"Endoplasmic reticulum, Golgi apparatus"
ENSP00000428555,2.899789168062039,High,0.18335,0.594336,0.530664,0.341357,0.068188,0.263147,0.080804,0.075592,0.094022,0.157043,0.040765,"Cytoplasm, Nucleus",Cell membrane
ENSP00000423846,3.136533289841986,High,0.246875,0.688965,0.336646,0.08045,0.176001,0.193933,0.046636,0.150171,0.198755,0.400464,0.096851,Cytoplasm,"Cytoplasm, Cell membrane, Endoplasmic reticulum"
ENSP00000406830,3.2269754023346287,High,0.231494,0.454688,0.526611,0.452197,0.164746,0.441162,0.053619,0.122034,0.100476,0.175903,0.096057,None,Nucleus
ENSP00000317413,3.2793107606786633,High,0.144861,0.52832,0.506982,0.367871,0.064954,0.323779,0.081673,0.114087,0.151672,0.172241,0.404517,Cytoplasm,Nucleus
ENSP00000496807,3.4803536126692967,High,0.32019,0.462451,0.358105,0.242566,0.30813,0.352319,0.016803,0.197021,0.291602,0.3625,0.079651,None,Cell membrane
ENSP00000473656,2.8052839728098897,High,0.347217,0.326221,0.148962,0.690625,0.25675,0.224133,0.014492,0.184277,0.058496,0.096149,0.022279,Extracellular,Nucleus
ENSP00000415158,3.019617211254196,High,0.77832,0.120398,0.125098,0.137488,0.422314,0.108533,0.029024,0.323657,0.458594,0.272192,0.118054,Membrane,Cell membrane
ENSP00000395964,3.105953382627101,High,0.164551,0.562695,0.640625,0.622217,0.193896,0.297681,0.02712,0.146265,0.120905,0.111438,0.497941,"Cytoplasm, Nucleus",Mitochondrion
ENSP00000363886,3.373311829042588,High,0.291626,0.502588,0.537354,0.340686,0.10307,0.225269,0.019383,0.234839,0.452393,0.492236,0.13788,"Cytoplasm, Nucleus",Nucleus
ENSP00000357917,3.0207801524029043,High,0.115186,0.609277,0.459375,0.063489,0.07193,0.232593,0.11562,0.126892,0.156677,0.107898,0.394043,Cytoplasm,"Cytoplasm, Nucleus"
ENSP00000493433,3.0706369790899752,High,0.212354,0.473291,0.283569,0.255109,0.25166,0.430078,0.068054,0.063409,0.115417,0.117575,0.033131,Cytoplasm,"Cytoplasm, Cell membrane"
ENSP00000484031,3.5786040408519604,High,0.194751,0.489502,0.378638,0.526123,0.177319,0.390967,0.079877,0.182153,0.246631,0.17627,0.384131,Cytoplasm,Nucleus
ENSP00000466596,3.292171448035754,High,0.16217,0.466357,0.401367,0.224988,0.069781,0.490723,0.09364,0.2104,0.155664,0.242993,0.093265,None,Nucleus
ENSP00000464319,3.1064194215726255,High,0.111157,0.346973,0.595605,0.424072,0.034747,0.524902,0.104547,0.199829,0.121912,0.149841,0.133307,Nucleus,"Cytoplasm, Nucleus"
ENSP00000454914,3.455165482125964,High,0.14397,0.418896,0.278076,0.566504,0.121277,0.635205,0.11474,0.350146,0.141919,0.331763,0.215379,None,Cytoplasm
ENSP00000432841,3.752548729532177,High,0.389355,0.36792,0.413965,0.311548,0.185864,0.600098,0.12276,0.556885,0.280908,0.42915,0.399524,None,Golgi apparatus
ENSP00000416332,3.4717130968802303,High,0.204272,0.461133,0.446533,0.210938,0.076367,0.433301,0.099008,0.324365,0.187842,0.256787,0.151459,None,Cell membrane
ENSP00000495146,3.292825674876466,High,0.216235,0.45415,0.321143,0.201733,0.181323,0.325488,0.170538,0.143738,0.080743,0.154785,0.059622,None,Cytoplasm
ENSP00000473892,3.584774890430542,High,0.180029,0.458594,0.483447,0.333081,0.126648,0.45166,0.156506,0.211987,0.266479,0.289478,0.116064,None,Mitochondrion
ENSP00000471874,3.203013332624833,High,0.173145,0.495312,0.554395,0.345386,0.122815,0.337109,0.031405,0.167456,0.147314,0.165479,0.112112,"Cytoplasm, Nucleus","Cytoplasm, Endoplasmic reticulum"
ENSP00000447669,3.5309338908489813,High,0.192285,0.50918,0.438623,0.429639,0.098627,0.349414,0.114661,0.264819,0.177051,0.271997,0.155103,Cytoplasm,Cytoplasm
ENSP00000436328,3.1356709552587607,High,0.196899,0.219653,0.15365,0.798145,0.146021,0.247388,0.030363,0.360327,0.225684,0.303589,0.090027,Extracellular,"Cytoplasm, Cell membrane"
ENSP00000436205,2.9984254645552553,High,0.880957,0.139661,0.173145,0.119183,0.171826,0.346973,0.027794,0.479297,0.462744,0.665332,0.175012,Membrane,Golgi apparatus
ENSP00000432739,3.3009961770935483,High,0.635059,0.223828,0.191406,0.164447,0.139856,0.743066,0.146191,0.495068,0.187537,0.219214,0.159442,"Membrane, Mitochondrion",Mitochondrion
ENSP00000423761,2.9290060619632787,High,0.150879,0.648535,0.501416,0.120666,0.181836,0.229126,0.067966,0.102155,0.125464,0.235767,0.026816,Cytoplasm,Nucleus
ENSP00000384450,3.1154813295237473,High,0.113892,0.505859,0.644629,0.451196,0.166382,0.568066,0.010923,0.161389,0.213904,0.100708,0.461969,"Cytoplasm, Nucleus",Cytoplasm
ENSP00000496153,3.1681302933255937,High,0.163721,0.470166,0.456396,0.575684,0.086578,0.443506,0.112103,0.172314,0.111829,0.183813,0.05742,Cytoplasm,Nucleus
ENSP00000475329,3.023056272272565,High,0.124609,0.555029,0.541211,0.428418,0.135803,0.242505,0.117059,0.100061,0.077863,0.162317,0.050773,"Cytoplasm, Nucleus",Nucleus
ENSP00000417786,3.7398165367844376,High,0.197607,0.42207,0.483105,0.357764,0.091089,0.362988,0.218274,0.336084,0.267944,0.241235,0.467578,None,Nucleus
ENSP00000400596,2.9862278936697435,High,0.127881,0.306836,0.320068,0.26709,0.045163,0.711133,0.288721,0.090833,0.045456,0.095831,0.195923,Mitochondrion,"Cytoplasm, Endoplasmic reticulum"
ENSP00000368383,3.175210078035361,High,0.163037,0.532031,0.487256,0.26626,0.181079,0.354834,0.027298,0.169019,0.135449,0.102283,0.126239,Cytoplasm,Cytoplasm
ENSP00000279259,3.021947824471989,High,0.148218,0.60332,0.646191,0.265173,0.123175,0.143085,0.023891,0.332373,0.325342,0.214783,0.033105,"Cytoplasm, Nucleus","Cytoplasm, Nucleus, Endoplasmic reticulum"
ENSP00000481472,3.602380863099074,High,0.351123,0.473096,0.275171,0.581152,0.175903,0.454102,0.161066,0.240381,0.15946,0.221826,0.147791,Cytoplasm,Mitochondrion
ENSP00000426046,3.4186022709640747,High,0.342334,0.462793,0.416357,0.102936,0.199097,0.214417,0.049478,0.291907,0.533398,0.431079,0.106532,None,"Cytoplasm, Nucleus"
ENSP00000424002,3.5220442604992734,High,0.331543,0.556738,0.409082,0.319629,0.213525,0.221118,0.117297,0.292725,0.178003,0.500635,0.061655,Cytoplasm,Nucleus
ENSP00000409541,3.3910423907169776,High,0.224365,0.505127,0.479395,0.487354,0.140637,0.34397,0.162097,0.165955,0.231812,0.267822,0.020723,Cytoplasm,Golgi apparatus
ENSP00000407410,3.4195933197438304,High,0.134644,0.413232,0.556543,0.379199,0.097205,0.312402,0.3229,0.21449,0.060219,0.171216,0.221643,Nucleus,"Cytoplasm, Nucleus"
ENSP00000398804,3.457739563667291,High,0.669238,0.458203,0.385205,0.156946,0.432861,0.527246,0.096384,0.431812,0.531543,0.527002,0.086498,Membrane,Nucleus
ENSP00000481423,2.9230883643677292,High,0.123889,0.626074,0.526074,0.265332,0.167859,0.240039,0.042653,0.06557,0.090625,0.136853,0.104617,Cytoplasm,Mitochondrion
ENSP00000443311,3.242810648867093,High,0.432373,0.572754,0.369238,0.042618,0.538232,0.22041,0.062085,0.131018,0.238086,0.276904,0.121326,"Cytoplasm, Cell membrane",Cell membrane
ENSP00000422333,3.5517328886881283,High,0.283423,0.28772,0.228101,0.734375,0.139099,0.333472,0.154004,0.319312,0.179846,0.258057,0.198169,Extracellular,Cell membrane
ENSP00000422150,3.93624001064365,High,0.401611,0.364258,0.294165,0.42373,0.173682,0.410596,0.280615,0.352271,0.329321,0.39585,0.26499,None,Cell membrane
ENSP00000502397,3.4557432948517732,High,0.214331,0.569482,0.418262,0.101434,0.191699,0.419775,0.126221,0.25498,0.143433,0.169495,0.230371,Cytoplasm,Nucleus
ENSP00000435912,3.3694728630588684,High,0.245947,0.505176,0.333569,0.29646,0.114124,0.342407,0.158508,0.136182,0.115002,0.164038,0.099384,Cytoplasm,Cytoplasm
ENSP00000421951,3.197629665207783,High,0.400146,0.556055,0.430078,0.325391,0.267163,0.225403,0.010002,0.050789,0.266309,0.265479,0.070071,Cytoplasm,Cytoplasm
ENSP00000467331,3.148453563901865,High,0.6104,0.211304,0.14967,0.245593,0.581885,0.340381,0.011986,0.255029,0.268018,0.144238,0.062894,"Membrane, Cell membrane",Endoplasmic reticulum
ENSP00000450910,3.4406589685590676,High,0.157043,0.479004,0.481738,0.432129,0.118799,0.356055,0.176953,0.170801,0.130627,0.132837,0.196704,Cytoplasm,Nucleus
ENSP00000401314,3.0791568957248363,High,0.422412,0.555664,0.451123,0.193506,0.297412,0.114673,0.00443,0.209302,0.531836,0.48457,0.015465,Cytoplasm,Cell membrane
ENSP00000508170,3.1043755897186336,High,0.322998,0.538574,0.544775,0.106232,0.144885,0.201892,0.01298,0.219495,0.412598,0.270068,0.038779,"Cytoplasm, Nucleus","Cytoplasm, Nucleus, Cell membrane"
ENSP00000480290,3.0065986225094314,High,0.136182,0.475244,0.58623,0.253296,0.095776,0.297656,0.082239,0.079572,0.162231,0.135669,0.056506,"Cytoplasm, Nucleus",Golgi apparatus
ENSP00000469123,3.5455321891872837,High,0.194019,0.526953,0.382764,0.249292,0.197241,0.548047,0.020605,0.305078,0.300928,0.353491,0.274854,Cytoplasm,Cytoplasm
ENSP00000465425,2.8890012414224717,High,0.144885,0.638086,0.503857,0.115726,0.140063,0.208887,0.076138,0.185999,0.063733,0.152356,0.052141,Cytoplasm,Nucleus
ENSP00000464423,3.616262729534699,High,0.254419,0.43584,0.405615,0.400098,0.165918,0.376953,0.078949,0.277002,0.209375,0.299243,0.128143,None,Nucleus
ENSP00000462642,3.2447121317411685,High,0.368701,0.652051,0.465625,0.090955,0.242065,0.292041,0.029813,0.177637,0.401123,0.358887,0.063647,Cytoplasm,Cytoplasm
ENSP00000450763,3.0862576715042227,High,0.112524,0.585059,0.479492,0.522363,0.101001,0.196899,0.234302,0.128174,0.071423,0.127637,0.099088,Cytoplasm,Nucleus
ENSP00000436412,3.059933776548502,High,0.185559,0.492676,0.551172,0.334302,0.104834,0.413892,0.019422,0.059869,0.20929,0.342041,0.056856,"Cytoplasm, Nucleus",Nucleus
ENSP00000428662,3.2103708771728736,High,0.183545,0.555176,0.545605,0.095853,0.139795,0.351318,0.049157,0.171619,0.124243,0.195789,0.247656,"Cytoplasm, Nucleus",Nucleus
ENSP00000424863,3.363424271141934,High,0.26604,0.518213,0.432471,0.188306,0.155835,0.442383,0.071588,0.161816,0.146594,0.279834,0.093625,Cytoplasm,Nucleus
ENSP00000495572,3.4525198403003823,High,0.219824,0.671094,0.346704,0.265356,0.14613,0.497363,0.047363,0.247705,0.163647,0.296094,0.283667,Cytoplasm,Nucleus
ENSP00000487134,3.5656370875485064,High,0.264526,0.416699,0.370801,0.4771,0.103943,0.432861,0.115674,0.310303,0.214819,0.37207,0.09201,None,Nucleus
ENSP00000468878,3.0928250516945597,High,0.152246,0.534521,0.52207,0.681348,0.107458,0.438525,0.081714,0.096985,0.086462,0.152881,0.233795,"Cytoplasm, Extracellular",Cytoplasm
ENSP00000466687,3.073032907165774,High,0.132849,0.338818,0.295288,0.719043,0.076581,0.458228,0.196924,0.166577,0.028794,0.190442,0.116035,Extracellular,Cytoplasm
ENSP00000465750,2.930173646824034,High,0.154272,0.372656,0.567529,0.157703,0.114221,0.32793,0.027889,0.168921,0.054091,0.121124,0.102962,Nucleus,Nucleus
ENSP00000464986,3.162188724774757,High,0.142139,0.457031,0.532227,0.577783,0.082349,0.3854,0.236255,0.112195,0.110419,0.19082,0.052979,Nucleus,Nucleus
ENSP00000461448,3.1135147201693583,High,0.196313,0.4146,0.379492,0.254883,0.109937,0.481592,0.11344,0.071085,0.062534,0.132788,0.109239,None,Cytoplasm
ENSP00000421392,3.2754120581303745,High,0.107678,0.440576,0.570996,0.362427,0.078186,0.293726,0.152576,0.222229,0.16062,0.231177,0.062894,Nucleus,Nucleus
ENSP00000417312,3.1464238292737736,High,0.156104,0.62002,0.540723,0.284937,0.140503,0.425439,0.046149,0.102634,0.126892,0.134381,0.20238,"Cytoplasm, Nucleus",Nucleus
ENSP00000506933,3.1073134947035057,High,0.136279,0.510645,0.581494,0.394482,0.069452,0.253003,0.055853,0.137341,0.208643,0.161682,0.093796,"Cytoplasm, Nucleus",Nucleus
ENSP00000506074,3.4379422399928803,High,0.165112,0.470459,0.533496,0.262378,0.089545,0.55415,0.07236,0.177747,0.27749,0.231006,0.323303,"Cytoplasm, Nucleus",Cytoplasm
ENSP00000501404,3.1881635717624937,High,0.221582,0.327002,0.318115,0.760547,0.110974,0.380029,0.087805,0.235352,0.145459,0.241357,0.039198,Extracellular,Mitochondrion
ENSP00000484006,2.8491647484025946,High,0.274072,0.162158,0.115723,0.887109,0.339258,0.125293,0.030449,0.246851,0.203662,0.28833,0.021407,Extracellular,Cell membrane
ENSP00000444771,3.102484106689632,High,0.117041,0.35498,0.363867,0.675391,0.078625,0.437842,0.129333,0.161877,0.054395,0.177515,0.129521,Extracellular,Mitochondrion
ENSP00000405084,3.7221337514730553,High,0.308789,0.416162,0.371191,0.33252,0.114526,0.449609,0.093243,0.41416,0.297681,0.363916,0.229932,None,Cell membrane
ENSP00000475845,3.1145486952485095,High,0.628711,0.494434,0.388086,0.031808,0.70166,0.227515,0.067706,0.207434,0.187524,0.125739,0.212039,"Membrane, Cytoplasm, Cell membrane",Cell membrane
ENSP00000469232,3.07249018132055,High,0.137195,0.543701,0.594434,0.629687,0.106995,0.520605,0.041371,0.112244,0.115002,0.164661,0.333765,"Cytoplasm, Nucleus",Cytoplasm
ENSP00000431039,3.4509570618674785,High,0.247729,0.480664,0.284448,0.475781,0.113135,0.383301,0.09679,0.190283,0.197656,0.307349,0.080768,Cytoplasm,Mitochondrion
ENSP00000430859,3.2869657504254595,High,0.203735,0.453955,0.500049,0.205695,0.101453,0.40332,0.017272,0.234082,0.236353,0.217139,0.117471,None,"Cytoplasm, Nucleus"
ENSP00000429288,3.035167484809356,High,0.264746,0.640625,0.447656,0.065033,0.291577,0.1927,0.050735,0.210938,0.11853,0.137952,0.065377,Cytoplasm,Cytoplasm
ENSP00000427003,3.5372538376134157,High,0.179492,0.503906,0.388525,0.391748,0.089478,0.455469,0.143164,0.164771,0.188721,0.193286,0.38999,Cytoplasm,"Cytoplasm, Nucleus"
ENSP00000506015,3.0204184643083165,High,0.158533,0.526123,0.586816,0.305469,0.123254,0.311035,0.041219,0.116711,0.065662,0.085681,0.201392,"Cytoplasm, Nucleus","Cytoplasm, Mitochondrion"
ENSP00000494757,3.211906292448735,High,0.183472,0.51748,0.630957,0.169263,0.18689,0.304883,0.028785,0.188635,0.221606,0.109821,0.168134,"Cytoplasm, Nucleus",Nucleus
ENSP00000467983,3.5462513076443942,High,0.171948,0.326709,0.429883,0.508398,0.069012,0.442578,0.087897,0.411426,0.225732,0.276172,0.276514,None,Mitochondrion
ENSP00000456776,3.3629173533981604,High,0.158374,0.509033,0.423779,0.566211,0.092175,0.439551,0.158508,0.156726,0.182202,0.24209,0.095551,Cytoplasm,"Cytoplasm, Nucleus"
ENSP00000454184,3.0551347095548214,High,0.154541,0.547412,0.472803,0.239063,0.189478,0.303003,0.018919,0.133984,0.134021,0.091364,0.100656,Cytoplasm,Cytoplasm
ENSP00000417789,2.88808097736468,High,0.177637,0.396436,0.329126,0.701465,0.087183,0.374097,0.372107,0.039468,0.015393,0.057925,0.1617,Extracellular,Cytoplasm
ENSP00000387792,2.894468479990899,High,0.08042,0.410645,0.758594,0.478369,0.040924,0.171753,0.050555,0.228687,0.146558,0.075549,0.328644,Nucleus,Cytoplasm
ENSP00000468211,3.009409322763447,High,0.150195,0.45957,0.519922,0.625,0.083759,0.413184,0.097247,0.154224,0.089185,0.19375,0.032832,None,Nucleus
ENSP00000460358,3.5165120487990893,High,0.187891,0.501465,0.331836,0.610449,0.121887,0.436426,0.395801,0.135065,0.133459,0.178687,0.281274,Cytoplasm,Mitochondrion
ENSP00000454718,3.294657640904521,High,0.190601,0.498047,0.502002,0.508008,0.10744,0.440771,0.111511,0.190796,0.21637,0.286914,0.024418,Cytoplasm,Cytoplasm
ENSP00000434812,3.1348084734057027,High,0.113452,0.489746,0.391553,0.583008,0.101636,0.357812,0.348938,0.073157,0.034113,0.114331,0.222913,Cytoplasm,"Cytoplasm, Nucleus, Cell membrane"
ENSP00000433003,3.171177999367929,High,0.200562,0.414355,0.574072,0.321521,0.084424,0.357422,0.046577,0.187207,0.211597,0.267065,0.022835,Nucleus,"Nucleus, Mitochondrion"
ENSP00000402829,3.5932498119027008,High,0.247192,0.49917,0.457227,0.320142,0.163867,0.420068,0.165027,0.230005,0.176611,0.203979,0.117792,Cytoplasm,"Cytoplasm, Nucleus"
ENSP00000397870,2.9998029096206533,High,0.195654,0.212866,0.134924,0.775781,0.210107,0.213574,0.014925,0.304053,0.208228,0.251489,0.039633,Extracellular,Cell membrane
ENSP00000384148,3.777713039228318,High,0.548682,0.270215,0.180127,0.475781,0.261304,0.386035,0.295459,0.49624,0.28855,0.264746,0.163483,Membrane,Cell membrane
ENSP00000376243,3.7816173647658986,High,0.396631,0.257861,0.223389,0.490137,0.273218,0.273975,0.166699,0.619678,0.315332,0.360205,0.245679,None,Cell membrane
ENSP00000471943,3.1323303806013363,High,0.185205,0.392725,0.448633,0.572314,0.07724,0.437842,0.200281,0.094153,0.063281,0.122607,0.106116,None,Mitochondrion
ENSP00000425172,3.4411537747648895,High,0.178442,0.362354,0.494531,0.404297,0.077258,0.23064,0.067462,0.251428,0.222681,0.184888,0.233606,None,"Cytoplasm, Nucleus"
ENSP00000422786,3.2728656238649414,High,0.162158,0.518799,0.534424,0.503467,0.105041,0.350342,0.123486,0.151624,0.163354,0.315967,0.049409,"Cytoplasm, Nucleus",Cell membrane
ENSP00000388563,2.870699623535819,High,0.744238,0.164026,0.138416,0.04049,0.148315,0.908887,0.116406,0.382031,0.171179,0.160864,0.395361,"Membrane, Mitochondrion",Mitochondrion
ENSP00000361981,3.2149264455057622,High,0.156519,0.62959,0.549268,0.084161,0.145276,0.27644,0.059958,0.142169,0.231055,0.323901,0.182639,"Cytoplasm, Nucleus","Cytoplasm, Nucleus"
ENSP00000315936,2.932361080124353,High,0.715918,0.182056,0.129077,0.442383,0.680859,0.134607,0.007207,0.219971,0.42085,0.202979,0.060495,"Membrane, Cell membrane",Cell membrane
ENSP00000499362,3.3579871615804158,High,0.189185,0.5104,0.39458,0.69209,0.10921,0.406982,0.31228,0.138879,0.160815,0.241162,0.075992,"Cytoplasm, Extracellular",Cytoplasm
ENSP00000497470,3.298245325438795,High,0.592041,0.171387,0.169946,0.350928,0.336865,0.245605,0.008238,0.452637,0.379053,0.508154,0.075793,Membrane,Cytoplasm
ENSP00000461183,3.6684419266156656,High,0.235791,0.457959,0.401318,0.293652,0.137219,0.440283,0.075809,0.36416,0.272168,0.258569,0.240747,None,"Mitochondrion, Endoplasmic reticulum"
ENSP00000449615,3.1225791430167225,High,0.167432,0.505664,0.621875,0.375195,0.146265,0.406836,0.046387,0.164404,0.121777,0.189575,0.053864,"Cytoplasm, Nucleus",Cytoplasm
ENSP00000436906,2.857333847166966,High,0.184509,0.582422,0.449756,0.080678,0.273071,0.458447,0.066452,0.057846,0.066791,0.046004,0.154775,Cytoplasm,Mitochondrion
ENSP00000431052,3.1660642735456825,High,0.163489,0.446094,0.547168,0.304907,0.033463,0.494092,0.030176,0.338281,0.19519,0.313184,0.079288,Nucleus,Nucleus
ENSP00000354879,3.3649881777817545,High,0.14917,0.496729,0.458691,0.571973,0.135229,0.417139,0.04747,0.173779,0.178296,0.239453,0.201489,Cytoplasm,Mitochondrion
ENSP00000494699,3.40156676548309,High,0.13634,0.52373,0.466406,0.500146,0.090381,0.35459,0.069592,0.19231,0.223438,0.175049,0.301978,Cytoplasm,"Cytoplasm, Cell membrane"
ENSP00000468538,3.4387469971277285,High,0.354443,0.461426,0.366162,0.195752,0.215967,0.233765,0.014496,0.31167,0.335669,0.283496,0.083844,None,Nucleus
ENSP00000462954,3.731314173083786,High,0.407471,0.488232,0.302368,0.204797,0.243823,0.432715,0.1021,0.181592,0.284375,0.355103,0.272998,Cytoplasm,Golgi apparatus
ENSP00000458946,3.313319083838963,High,0.158044,0.567627,0.4625,0.538672,0.15918,0.427539,0.073566,0.168579,0.148254,0.292114,0.092377,Cytoplasm,"Cytoplasm, Nucleus, Cell membrane"
ENSP00000438955,3.0010300526688165,High,0.269067,0.335498,0.133228,0.827637,0.266553,0.409229,0.020525,0.179724,0.14743,0.277954,0.032708,Extracellular,Golgi apparatus
ENSP00000421829,2.9745424668298774,High,0.247559,0.678711,0.32876,0.060258,0.239502,0.251758,0.016344,0.146106,0.116443,0.177124,0.104568,Cytoplasm,Cell membrane
ENSP00000406989,3.529200537040384,High,0.18772,0.44707,0.310571,0.505176,0.17251,0.449316,0.186346,0.301147,0.101697,0.226953,0.10851,None,Mitochondrion
ENSP00000389420,3.759165672876011,High,0.469141,0.274512,0.234375,0.467529,0.194629,0.556934,0.16698,0.591162,0.391016,0.402637,0.332471,Membrane,Cell membrane
ENSP00000330730,2.9365448321197065,High,0.347168,0.354834,0.22522,0.190198,0.224695,0.75918,0.03798,0.206482,0.114056,0.103067,0.018492,Mitochondrion,Mitochondrion
ENSP00000466064,3.2310711014045106,High,0.212207,0.575732,0.511963,0.311719,0.149072,0.417578,0.025958,0.1724,0.145935,0.167725,0.117453,Cytoplasm,Nucleus
ENSP00000452890,3.210264011133167,High,0.398706,0.380127,0.368701,0.051151,0.107727,0.399078,0.005437,0.256616,0.198187,0.331519,0.15071,None,Nucleus
ENSP00000430164,3.285107379097495,High,0.139539,0.489355,0.413672,0.69375,0.099023,0.531055,0.140015,0.189905,0.093561,0.27561,0.180588,"Cytoplasm, Extracellular",Cytoplasm
ENSP00000426926,3.7176511707861635,High,0.364551,0.443604,0.410254,0.308301,0.206934,0.41543,0.067635,0.322632,0.278125,0.347461,0.167926,None,"Cytoplasm, Mitochondrion"
ENSP00000425643,3.0474786516732824,High,0.155469,0.456348,0.572168,0.223267,0.069861,0.298511,0.057266,0.115112,0.141565,0.223206,0.063441,Nucleus,Cytoplasm
ENSP00000417908,3.4457846336075115,High,0.124609,0.419727,0.394043,0.613184,0.07272,0.534912,0.236609,0.265356,0.130682,0.220557,0.228528,None,Nucleus
ENSP00000404968,3.6594534069748823,High,0.559766,0.431787,0.285791,0.170068,0.261499,0.512207,0.093439,0.472998,0.588525,0.40835,0.331543,"Membrane, Lysosome/Vacuole",Nucleus
ENSP00000392323,3.034790154493166,High,0.128699,0.624902,0.484668,0.241064,0.095361,0.271509,0.024976,0.181946,0.102771,0.172827,0.13036,Cytoplasm,Nucleus
ENSP00000390139,2.9403514367206065,High,0.103076,0.453857,0.507959,0.727734,0.075031,0.471436,0.171924,0.084308,0.094562,0.23396,0.049765,Extracellular,Cytoplasm
ENSP00000386934,3.023472433588432,High,0.357178,0.290625,0.165442,0.252869,0.116504,0.769531,0.097449,0.174646,0.116541,0.149097,0.042082,Mitochondrion,Mitochondrion
ENSP00000502892,3.408616882812736,High,0.165869,0.391016,0.437451,0.455176,0.064124,0.385303,0.088031,0.277808,0.114282,0.161963,0.386084,None,Cytoplasm
ENSP00000492948,2.9614362284893714,High,0.177075,0.483057,0.31333,0.310645,0.110706,0.417456,0.058188,0.028088,0.138489,0.197827,0.03117,Cytoplasm,"Cytoplasm, Cell membrane"
ENSP00000452648,3.087919759978448,High,0.141003,0.577881,0.459619,0.307446,0.059961,0.402686,0.02817,0.210132,0.144946,0.140405,0.12133,Cytoplasm,Nucleus
ENSP00000396641,3.2148947453872503,High,0.194702,0.522314,0.420654,0.187488,0.119983,0.22959,0.049214,0.169446,0.173267,0.209668,0.082887,Cytoplasm,Nucleus
ENSP00000497449,3.440206477726004,High,0.164966,0.569971,0.397705,0.563574,0.086615,0.365527,0.149353,0.179639,0.166968,0.262085,0.182825,Cytoplasm,Golgi apparatus
ENSP00000493739,3.026100475504628,High,0.152087,0.486816,0.552197,0.284473,0.097681,0.262451,0.019876,0.136108,0.108276,0.162048,0.108086,"Cytoplasm, Nucleus","Cytoplasm, Nucleus"
ENSP00000467615,3.160249453765269,High,0.089282,0.57334,0.530908,0.400244,0.075488,0.412646,0.227002,0.24292,0.066809,0.124866,0.10914,"Cytoplasm, Nucleus",Nucleus
ENSP00000462246,2.9093162794441407,High,0.144458,0.501465,0.626563,0.534473,0.104932,0.306689,0.081711,0.125183,0.104639,0.158643,0.015268,"Cytoplasm, Nucleus",Nucleus
ENSP00000457251,3.171023798477638,High,0.202881,0.62832,0.421777,0.169763,0.23501,0.311865,0.044073,0.172705,0.122839,0.130066,0.094385,Cytoplasm,Cytoplasm
ENSP00000453462,3.518379884490787,High,0.204712,0.523975,0.528516,0.271094,0.15564,0.25022,0.093439,0.149622,0.197559,0.256543,0.267834,"Cytoplasm, Nucleus",Nucleus
ENSP00000432253,3.294451038085377,High,0.269653,0.461426,0.319556,0.451172,0.183203,0.386719,0.108752,0.138928,0.099677,0.143994,0.054087,None,Mitochondrion
ENSP00000493147,3.2199312836014826,High,0.251807,0.55376,0.444727,0.493018,0.150452,0.404785,0.074237,0.138562,0.148914,0.205981,0.031675,Cytoplasm,"Cytoplasm, Cell membrane"
ENSP00000458340,2.894509109433856,High,0.151648,0.631543,0.494824,0.081226,0.088342,0.22511,0.025163,0.090198,0.168591,0.12934,0.514868,Cytoplasm,Nucleus
ENSP00000427736,3.4979676601826446,High,0.222144,0.555664,0.424219,0.377881,0.171924,0.364453,0.0629,0.168445,0.230835,0.201807,0.168111,Cytoplasm,Cytoplasm
ENSP00000394709,3.095899777159607,High,0.150232,0.513184,0.548145,0.031189,0.145483,0.382812,0.050217,0.12522,0.202869,0.162903,0.269702,"Cytoplasm, Nucleus",Nucleus
ENSP00000386477,2.896702745013617,High,0.238672,0.196094,0.092902,0.855469,0.223706,0.150159,0.023621,0.340186,0.315381,0.279883,0.022612,Extracellular,Cell membrane
ENSP00000479464,3.6058232570257505,High,0.170911,0.561621,0.463623,0.402246,0.12063,0.285645,0.282983,0.198047,0.152661,0.194202,0.299097,Cytoplasm,Golgi apparatus
ENSP00000469702,3.320764553536191,High,0.14856,0.475098,0.359399,0.555908,0.083374,0.375781,0.275391,0.114392,0.072156,0.130066,0.280835,Cytoplasm,Nucleus
ENSP00000454923,3.418959623394662,High,0.21731,0.509375,0.413525,0.411108,0.163696,0.372168,0.195764,0.15343,0.175537,0.128198,0.062519,Cytoplasm,Mitochondrion
ENSP00000452630,3.2872856320689614,High,0.186377,0.463428,0.434863,0.476709,0.113037,0.459326,0.054071,0.161475,0.179211,0.180823,0.099152,None,Nucleus
ENSP00000451127,3.328384330107595,High,0.205762,0.46123,0.518652,0.501367,0.120325,0.329102,0.104581,0.158337,0.146277,0.247266,0.068893,None,"Cytoplasm, Nucleus"
ENSP00000435532,3.322249588118895,High,0.119165,0.445068,0.347534,0.594092,0.116736,0.569189,0.082971,0.370532,0.105106,0.365063,0.146352,None,"Cytoplasm, Nucleus"
ENSP00000425714,3.2950251871678935,High,0.145752,0.481641,0.368945,0.666602,0.105273,0.545264,0.093317,0.292896,0.084225,0.308838,0.174045,"Cytoplasm, Extracellular","Cytoplasm, Nucleus"
ENSP00000420469,3.3121130206005773,High,0.215552,0.586523,0.482568,0.288623,0.177393,0.388672,0.03692,0.218994,0.166467,0.248877,0.069344,Cytoplasm,Cytoplasm
ENSP00000375719,2.987890354110094,High,0.098157,0.5271,0.664746,0.56001,0.107239,0.487305,0.014918,0.205884,0.162842,0.090228,0.531543,"Cytoplasm, Nucleus","Cytoplasm, Nucleus"
ENSP00000468485,3.5041305964748073,High,0.264746,0.386572,0.370972,0.505371,0.076312,0.200842,0.36748,0.241431,0.153235,0.327319,0.071965,None,"Cytoplasm, Nucleus"
ENSP00000464865,3.4591952967965196,High,0.192529,0.538721,0.436279,0.549072,0.172388,0.594434,0.044279,0.215283,0.211597,0.331836,0.239087,Cytoplasm,Nucleus
ENSP00000464429,3.3321021155682016,High,0.185132,0.499756,0.495605,0.440576,0.143677,0.416064,0.087207,0.127441,0.14873,0.194409,0.110535,Cytoplasm,Nucleus
ENSP00000454035,3.120585428593478,High,0.174268,0.571387,0.426855,0.367871,0.180444,0.210242,0.082501,0.094824,0.116211,0.221997,0.033899,Cytoplasm,Nucleus
ENSP00000429271,3.3685218664436665,High,0.191455,0.644043,0.453027,0.344556,0.232983,0.288647,0.039496,0.208154,0.237061,0.171423,0.113415,Cytoplasm,Cytoplasm
ENSP00000417446,3.50708755733448,High,0.187354,0.429346,0.510254,0.363037,0.11676,0.289917,0.204663,0.177954,0.150574,0.187549,0.143469,None,"Cytoplasm, Nucleus"
ENSP00000413612,2.9320214495429022,High,0.13446,0.637988,0.615527,0.058487,0.126868,0.157251,0.201001,0.243872,0.091791,0.06188,0.168271,"Cytoplasm, Nucleus",Cytoplasm
ENSP00000388905,3.1689267687587916,High,0.128394,0.474707,0.457471,0.373804,0.064014,0.264551,0.062952,0.209241,0.180127,0.24082,0.047809,Cytoplasm,Nucleus
ENSP00000379376,3.063615604264994,High,0.151245,0.552686,0.39873,0.254858,0.070319,0.383496,0.022756,0.162158,0.13197,0.111932,0.153308,Cytoplasm,Nucleus
ENSP00000507709,3.49982374835533,High,0.293774,0.443457,0.474707,0.288306,0.120007,0.465625,0.074103,0.365527,0.300049,0.451172,0.063901,None,Endoplasmic reticulum
ENSP00000498726,3.1368297255307507,High,0.156433,0.441602,0.51543,0.483447,0.105566,0.297656,0.084805,0.103516,0.089063,0.104456,0.167474,None,Nucleus
ENSP00000498247,3.162575040999134,High,0.177087,0.547461,0.507568,0.519775,0.202295,0.553662,0.030991,0.134253,0.152368,0.15625,0.10553,Cytoplasm,"Cytoplasm, Nucleus"
ENSP00000456297,2.8874954972329894,High,0.245337,0.162061,0.092786,0.861035,0.214062,0.179028,0.016132,0.309253,0.325879,0.278003,0.031822,Extracellular,Cell membrane
ENSP00000455781,3.320145274530196,High,0.23877,0.46123,0.457422,0.515381,0.109399,0.462891,0.052118,0.214502,0.177917,0.202686,0.084212,None,Cell membrane
ENSP00000442380,3.575463282080684,High,0.218994,0.380029,0.411719,0.215967,0.108881,0.497363,0.204919,0.188098,0.159424,0.17439,0.270313,None,Mitochondrion
ENSP00000430106,2.9645290350492686,High,0.266553,0.493701,0.511475,0.037296,0.128046,0.452637,0.016519,0.25481,0.253662,0.191235,0.026267,Cytoplasm,Nucleus
ENSP00000429437,3.2766142559723863,High,0.19873,0.529199,0.391211,0.410449,0.089978,0.315332,0.053848,0.172485,0.137988,0.281104,0.088763,Cytoplasm,"Cytoplasm, Cell membrane"
ENSP00000418100,3.0312937202980557,High,0.223511,0.487451,0.593066,0.072937,0.117419,0.202808,0.015963,0.141333,0.2375,0.250562,0.107248,"Cytoplasm, Nucleus",Nucleus
ENSP00000404233,3.0963916084448173,High,0.154993,0.50752,0.541357,0.423242,0.11781,0.32915,0.041908,0.105432,0.105811,0.159253,0.115222,"Cytoplasm, Nucleus",Nucleus
ENSP00000398314,3.0592524645451435,High,0.1401,0.533447,0.540039,0.538672,0.106677,0.505908,0.121912,0.103906,0.134766,0.250146,0.024432,"Cytoplasm, Nucleus",Nucleus
ENSP00000507486,2.81124407400381,High,0.382324,0.210425,0.260132,0.073999,0.072673,0.778125,0.024487,0.275049,0.071277,0.154736,0.128925,Mitochondrion,Mitochondrion
ENSP00000491361,3.246153621442572,High,0.218994,0.434375,0.425293,0.516016,0.066211,0.516895,0.033221,0.18927,0.188647,0.275244,0.097964,None,"Nucleus, Golgi apparatus"
ENSP00000490465,3.0829125215624247,High,0.108716,0.525732,0.557422,0.15528,0.049371,0.255029,0.024785,0.193762,0.265234,0.251916,0.147957,"Cytoplasm, Nucleus",Mitochondrion
ENSP00000485945,2.8328378771351055,High,0.097717,0.374292,0.5729,0.72041,0.052203,0.30188,0.04072,0.132764,0.082281,0.179834,0.119794,"Nucleus, Extracellular",Nucleus
ENSP00000457404,3.47445406009054,High,0.234326,0.455566,0.430908,0.452148,0.11554,0.284619,0.074951,0.216089,0.236816,0.184912,0.133789,None,Cell membrane
ENSP00000456087,2.93105887980165,High,0.131335,0.58916,0.550439,0.132062,0.09812,0.49375,0.064661,0.125854,0.105499,0.132971,0.105301,"Cytoplasm, Nucleus",Nucleus
ENSP00000435967,3.3362453172364317,High,0.247632,0.536279,0.333301,0.516309,0.183545,0.396777,0.083157,0.143799,0.128833,0.170093,0.092352,Cytoplasm,Mitochondrion
ENSP00000435145,3.4488756714069537,High,0.211499,0.457568,0.44624,0.481738,0.115735,0.381055,0.032423,0.228149,0.205981,0.195532,0.23551,None,Cell membrane
ENSP00000377950,3.5384979250999273,High,0.268555,0.554541,0.330786,0.275439,0.172363,0.233691,0.072021,0.252197,0.214307,0.191626,0.183315,Cytoplasm,Cell membrane
ENSP00000502792,2.970297779000803,High,0.171875,0.401465,0.572168,0.631738,0.05015,0.344824,0.063437,0.128784,0.078009,0.203198,0.087184,Nucleus,"Cytoplasm, Nucleus, Cell membrane"
ENSP00000451085,3.335035665212775,High,0.311963,0.405811,0.470459,0.206366,0.319409,0.294385,0.016146,0.138477,0.34502,0.334497,0.039141,None,"Cytoplasm, Nucleus, Cell membrane"
ENSP00000435374,3.191437620928031,High,0.153442,0.533301,0.450488,0.633398,0.128101,0.470361,0.101038,0.119324,0.18252,0.209351,0.065753,Cytoplasm,Mitochondrion
ENSP00000429629,3.0055073428208514,High,0.145972,0.403857,0.65957,0.29082,0.06355,0.520605,0.059634,0.121094,0.083463,0.094177,0.279285,Nucleus,Nucleus
ENSP00000490955,3.179059370614358,High,0.181274,0.526074,0.51416,0.438525,0.124097,0.403711,0.040057,0.14519,0.142395,0.216162,0.069438,Cytoplasm,Cytoplasm
ENSP00000474497,3.629650225620952,High,0.23833,0.500439,0.466357,0.354297,0.144763,0.386328,0.101859,0.254614,0.279712,0.278638,0.142316,Cytoplasm,Nucleus
ENSP00000414865,3.4158231400853176,High,0.209497,0.519287,0.414453,0.405469,0.12251,0.39541,0.173596,0.129456,0.117493,0.143091,0.161536,Cytoplasm,Cytoplasm
ENSP00000399816,3.358011626419295,High,0.128564,0.435059,0.611523,0.370264,0.088171,0.423828,0.10321,0.204053,0.27063,0.266479,0.092935,Nucleus,Cell membrane
ENSP00000376971,3.171631835523904,High,0.1677,0.568262,0.557178,0.606836,0.118237,0.34248,0.035944,0.178625,0.11853,0.199194,0.169984,"Cytoplasm, Nucleus",Nucleus
ENSP00000361978,3.4548392724808075,High,0.177417,0.514355,0.519092,0.315576,0.11842,0.265332,0.12041,0.155762,0.191162,0.171375,0.221655,Cytoplasm,"Cytoplasm, Nucleus"
ENSP00000501354,3.441753646772809,High,0.232788,0.496582,0.445264,0.403809,0.104425,0.430566,0.040126,0.239185,0.18053,0.272974,0.162146,Cytoplasm,"Cytoplasm, Nucleus"
ENSP00000466525,3.2710524880587775,High,0.161035,0.366846,0.315283,0.452026,0.093616,0.540381,0.16427,0.233862,0.090125,0.140125,0.080716,None,Cytoplasm
ENSP00000451953,2.9909395468389284,High,0.089816,0.672559,0.368652,0.358838,0.089117,0.359644,0.189685,0.091516,0.087566,0.073251,0.116024,Cytoplasm,Cytoplasm
ENSP00000439003,3.381988428948128,High,0.157642,0.505029,0.503271,0.399951,0.101965,0.381982,0.091043,0.190869,0.133984,0.213403,0.168466,Cytoplasm,Cytoplasm
ENSP00000430847,3.438789228172732,High,0.211401,0.438037,0.466748,0.318799,0.112939,0.412451,0.106018,0.172021,0.140356,0.198242,0.144891,None,Mitochondrion
ENSP00000413898,3.132823656771675,High,0.11134,0.493896,0.575195,0.38374,0.075812,0.210303,0.103668,0.130762,0.117688,0.163574,0.147095,"Cytoplasm, Nucleus",Nucleus
ENSP00000408797,2.9932658140754302,High,0.18866,0.498193,0.598828,0.34704,0.131824,0.412842,0.03305,0.081754,0.127673,0.181616,0.042763,"Cytoplasm, Nucleus",Cytoplasm
ENSP00000401510,3.323532337588806,High,0.269238,0.557227,0.320776,0.209863,0.200562,0.178406,0.053122,0.281763,0.126135,0.1948,0.09952,Cytoplasm,Cell membrane
ENSP00000263255,2.87740591508844,High,0.792773,0.119482,0.087146,0.032536,0.248193,0.918359,0.346143,0.297021,0.182935,0.152783,0.408594,"Membrane, Mitochondrion",Peroxisome
ENSP00000501787,3.474192831416121,High,0.193262,0.458887,0.499707,0.341919,0.10235,0.467236,0.060486,0.243652,0.198584,0.262354,0.183112,None,Nucleus
ENSP00000459305,3.4494247413676242,High,0.223193,0.493262,0.344849,0.471289,0.141052,0.253564,0.098807,0.154504,0.19292,0.180591,0.141245,Cytoplasm,Endoplasmic reticulum
ENSP00000452748,3.2283038280371,High,0.191333,0.558545,0.479932,0.309448,0.074207,0.334375,0.077222,0.222437,0.122107,0.151617,0.105341,Cytoplasm,Mitochondrion
ENSP00000452121,3.3864170683351,High,0.218408,0.398047,0.532471,0.365796,0.119641,0.498242,0.048058,0.153479,0.18689,0.259766,0.151303,Nucleus,Cytoplasm
ENSP00000433930,3.637673772874294,High,0.218262,0.530762,0.383496,0.504541,0.158008,0.408789,0.144434,0.170532,0.330542,0.235352,0.184485,Cytoplasm,"Cytoplasm, Nucleus"
ENSP00000425028,3.2601088001286707,High,0.126599,0.565137,0.398389,0.575391,0.108252,0.324023,0.106299,0.135937,0.096094,0.161475,0.27981,Cytoplasm,Nucleus
ENSP00000417527,3.160566647465821,High,0.151404,0.569727,0.452197,0.287646,0.084747,0.276465,0.043556,0.222131,0.134033,0.166992,0.102423,Cytoplasm,Golgi apparatus
ENSP00000412744,3.3961506214553103,High,0.173633,0.475342,0.557813,0.315942,0.094971,0.347729,0.054092,0.284546,0.188892,0.191357,0.183936,"Cytoplasm, Nucleus",Nucleus
ENSP00000463481,3.3384617102586884,High,0.177466,0.42915,0.460303,0.518311,0.071704,0.342432,0.08371,0.190918,0.174512,0.205811,0.126105,None,Mitochondrion
ENSP00000447739,3.281655071814959,High,0.184924,0.52251,0.479785,0.481055,0.121106,0.550244,0.103326,0.1177,0.226953,0.228247,0.067213,Cytoplasm,Nucleus
ENSP00000425452,3.068882887429537,High,0.167822,0.513525,0.547314,0.522656,0.113794,0.365674,0.100784,0.09198,0.096033,0.216333,0.043304,"Cytoplasm, Nucleus",Mitochondrion
ENSP00000413636,3.450341616958703,High,0.152637,0.478857,0.50376,0.414697,0.112134,0.231055,0.184735,0.172632,0.214746,0.188599,0.121716,Cytoplasm,Nucleus
ENSP00000499306,3.5266276017967333,High,0.189966,0.459521,0.47334,0.320386,0.105957,0.418799,0.221338,0.185584,0.17843,0.262549,0.09808,None,Nucleus
ENSP00000469593,3.1188537251059825,High,0.16958,0.605664,0.384717,0.301025,0.1823,0.256055,0.033762,0.160754,0.14895,0.129431,0.060506,Cytoplasm,Endoplasmic reticulum
ENSP00000463843,3.20780404329098,High,0.170142,0.5604,0.465918,0.529346,0.107996,0.39126,0.082324,0.159583,0.140991,0.253198,0.054944,Cytoplasm,"Cytoplasm, Nucleus"
ENSP00000463823,3.0859308389570583,High,0.114514,0.422461,0.375391,0.66582,0.097864,0.483447,0.086127,0.21051,0.085406,0.208521,0.066401,Extracellular,"Cytoplasm, Nucleus"
ENSP00000423844,3.5451048241307044,High,0.214722,0.479248,0.427246,0.522852,0.144482,0.36709,0.119574,0.185913,0.223999,0.192847,0.160016,Cytoplasm,Cell membrane
ENSP00000411573,3.0841395876310953,High,0.130505,0.313062,0.592187,0.522852,0.036017,0.258521,0.019327,0.367334,0.169641,0.136426,0.195673,Nucleus,Nucleus
ENSP00000394401,2.8975110439338425,High,0.215454,0.335205,0.498633,0.088226,0.129138,0.423877,0.07413,0.194409,0.086694,0.054074,0.040575,None,Nucleus
ENSP00000503895,3.289037942653515,High,0.162134,0.499121,0.466895,0.411865,0.08631,0.305469,0.079382,0.139429,0.177368,0.175818,0.129163,Cytoplasm,"Cytoplasm, Nucleus"
ENSP00000501638,3.4053777693565803,High,0.218823,0.290845,0.246948,0.439258,0.064484,0.297534,0.175073,0.183203,0.151672,0.230322,0.099243,None,Cytoplasm
ENSP00000498870,2.908891710193772,High,0.197388,0.672656,0.286401,0.173376,0.149841,0.338574,0.028332,0.127161,0.0948,0.216772,0.024506,Cytoplasm,Cytoplasm
ENSP00000472504,3.1642054326870803,High,0.156018,0.535547,0.632422,0.274463,0.097815,0.34751,0.037762,0.137109,0.172351,0.145081,0.19909,"Cytoplasm, Nucleus",Endoplasmic reticulum
ENSP00000435644,3.416902373323656,High,0.280029,0.523877,0.438867,0.367773,0.081458,0.310132,0.01838,0.21167,0.333545,0.411963,0.157867,Cytoplasm,"Cytoplasm, Nucleus, Cell membrane"
ENSP00000412823,3.1500534244696197,High,0.134363,0.535693,0.478125,0.445752,0.059256,0.361768,0.076823,0.162158,0.113025,0.173145,0.121005,Cytoplasm,Cytoplasm
ENSP00000412769,2.9723619120231195,High,0.108813,0.591064,0.551611,0.269458,0.073193,0.162341,0.054355,0.118274,0.134131,0.178369,0.129243,"Cytoplasm, Nucleus","Cytoplasm, Nucleus"
ENSP00000397589,3.256279947204407,High,0.249341,0.42627,0.454834,0.09762,0.073126,0.430566,0.04301,0.295532,0.186389,0.36438,0.100104,None,Cytoplasm
ENSP00000389322,2.8634005640895017,High,0.156909,0.434521,0.650684,0.450049,0.132019,0.365479,0.031473,0.080365,0.083923,0.174036,0.033084,Nucleus,Cytoplasm
ENSP00000493561,2.9609098749814837,High,0.158313,0.446729,0.60498,0.46543,0.114807,0.211353,0.041099,0.100867,0.094678,0.146423,0.082002,Nucleus,Nucleus
ENSP00000450676,3.24683948410756,High,0.132251,0.46792,0.515967,0.525391,0.105676,0.478271,0.080313,0.154163,0.144775,0.089343,0.378076,None,Cytoplasm
ENSP00000449513,3.3099797151143564,High,0.121985,0.563574,0.471387,0.383789,0.079852,0.301929,0.21416,0.125244,0.110944,0.194592,0.158563,Cytoplasm,Nucleus
ENSP00000425147,3.6775010242087864,High,0.443408,0.379541,0.269824,0.202612,0.198938,0.450391,0.075067,0.433643,0.350708,0.408252,0.170825,None,Nucleus
ENSP00000410149,3.314229901917632,High,0.14729,0.486816,0.575049,0.464111,0.16084,0.4229,0.014717,0.186963,0.176746,0.250854,0.197845,"Cytoplasm, Nucleus",Cytoplasm
ENSP00000407378,3.3208926201205964,High,0.196814,0.488574,0.489551,0.487695,0.121326,0.322852,0.101373,0.167175,0.182458,0.207446,0.05657,Cytoplasm,Cytoplasm
ENSP00000467134,2.9286264054958524,High,0.106836,0.340332,0.350684,0.641992,0.099811,0.406152,0.232983,0.113886,0.027782,0.097723,0.055921,None,Nucleus
ENSP00000466874,2.8958112762284,High,0.137317,0.515967,0.481982,0.188678,0.120947,0.169507,0.055202,0.082227,0.290137,0.101917,0.028694,Cytoplasm,Nucleus
ENSP00000462170,3.4542745699286774,High,0.181763,0.392725,0.462744,0.321216,0.101208,0.387109,0.076404,0.224707,0.184375,0.232178,0.138684,None,Nucleus
ENSP00000431085,3.404771900483717,High,0.544238,0.560107,0.316211,0.11853,0.645215,0.350635,0.092169,0.24541,0.151587,0.212402,0.171573,"Membrane, Cytoplasm, Cell membrane","Cytoplasm, Cell membrane"
ENSP00000419183,3.2443835319838707,High,0.152686,0.536182,0.366333,0.257373,0.130933,0.283545,0.07666,0.177197,0.164819,0.242944,0.044287,Cytoplasm,Nucleus
ENSP00000506523,3.44665090454553,High,0.280469,0.477246,0.416797,0.523145,0.189331,0.337744,0.096429,0.181873,0.211035,0.236255,0.048575,Cytoplasm,"Cytoplasm, Nucleus"
ENSP00000504510,3.2519722707525185,High,0.219653,0.547559,0.361572,0.338232,0.134265,0.386035,0.060785,0.174292,0.082007,0.215112,0.083548,Cytoplasm,Nucleus
ENSP00000498371,2.8374825900237433,High,0.182617,0.627588,0.278467,0.160992,0.162817,0.378711,0.021055,0.075562,0.128442,0.11665,0.040842,Cytoplasm,Nucleus
ENSP00000485723,3.515867837414814,High,0.198779,0.466016,0.387207,0.399854,0.083185,0.327686,0.181165,0.243481,0.09209,0.171484,0.28241,None,Cell membrane
ENSP00000472858,3.529970007345626,High,0.19729,0.481201,0.427197,0.543408,0.143262,0.448437,0.097852,0.20979,0.213623,0.160425,0.250183,Cytoplasm,Nucleus
ENSP00000462379,3.1536532817652803,High,0.145667,0.459033,0.492627,0.574902,0.069635,0.414111,0.089746,0.096814,0.118738,0.207935,0.140744,None,Nucleus
ENSP00000429541,3.3795761463579868,High,0.250903,0.334424,0.373193,0.392822,0.052551,0.467358,0.032555,0.290112,0.29104,0.468506,0.104626,None,Nucleus
ENSP00000422056,3.2505562800582584,High,0.194629,0.459326,0.478906,0.524512,0.102393,0.291943,0.055786,0.120813,0.135791,0.22417,0.132819,None,Cytoplasm
ENSP00000416618,3.5650009991302034,High,0.204932,0.433838,0.447803,0.340625,0.122107,0.374463,0.123096,0.200073,0.235742,0.203149,0.147656,None,Peroxisome
ENSP00000397228,3.0260298177849485,High,0.162952,0.479248,0.547168,0.267883,0.210596,0.273169,0.041204,0.100415,0.24563,0.087976,0.024782,"Cytoplasm, Nucleus",Cytoplasm
ENSP00000455684,3.8000997263999956,High,0.256201,0.435937,0.315552,0.528076,0.149268,0.340381,0.217859,0.233105,0.303711,0.25918,0.271704,None,Cytoplasm
ENSP00000448987,3.025304053143458,High,0.158496,0.551807,0.596143,0.199902,0.125183,0.234888,0.021342,0.116193,0.177954,0.164087,0.106654,"Cytoplasm, Nucleus",Nucleus
ENSP00000448846,3.3323422045220554,High,0.238086,0.434229,0.481689,0.371191,0.102252,0.485547,0.066101,0.169714,0.190625,0.165869,0.099976,None,Mitochondrion
ENSP00000433504,3.298883388836375,High,0.232031,0.494092,0.503223,0.420996,0.189136,0.424414,0.034329,0.196826,0.13385,0.228931,0.066754,Cytoplasm,Cytoplasm
ENSP00000424059,3.268357169616049,High,0.284717,0.583789,0.25022,0.152771,0.30625,0.303516,0.034333,0.110577,0.271997,0.172119,0.093998,Cytoplasm,Nucleus
ENSP00000418507,3.3233448820962637,High,0.136682,0.623535,0.466211,0.549756,0.136963,0.386426,0.122827,0.163709,0.228564,0.226733,0.081796,Cytoplasm,Nucleus
ENSP00000504330,3.23332769644799,High,0.17937,0.524561,0.457227,0.555713,0.138464,0.308545,0.127057,0.085693,0.128809,0.166992,0.099992,Cytoplasm,"Cytoplasm, Nucleus"
ENSP00000453067,3.5272843552484594,High,0.177271,0.326514,0.509277,0.404346,0.08407,0.311719,0.165308,0.27749,0.198657,0.174463,0.162012,None,"Cytoplasm, Endoplasmic reticulum"
ENSP00000420535,3.279348946258622,High,0.652832,0.186328,0.201538,0.220483,0.178076,0.36626,0.043584,0.555713,0.275439,0.392676,0.061389,Membrane,Golgi apparatus
ENSP00000508281,3.409709433059233,High,0.189233,0.457373,0.44624,0.397119,0.103235,0.368896,0.055902,0.219519,0.228223,0.238281,0.103485,None,Cytoplasm
ENSP00000498123,3.441521169818167,High,0.221729,0.454883,0.445947,0.437646,0.11264,0.590723,0.138629,0.202856,0.314136,0.312598,0.047993,None,Endoplasmic reticulum
ENSP00000483687,3.4843811984066817,High,0.177051,0.380518,0.446729,0.425537,0.084033,0.447363,0.044751,0.349951,0.216333,0.248511,0.223779,None,Nucleus
ENSP00000460001,3.2289336578269765,High,0.157788,0.498096,0.472168,0.278772,0.1349,0.408423,0.119635,0.186499,0.084625,0.158752,0.063858,Cytoplasm,"Cytoplasm, Nucleus"
ENSP00000393690,3.4889987906322513,High,0.201709,0.444141,0.497461,0.357886,0.116382,0.423486,0.076721,0.183154,0.257935,0.262671,0.132471,None,Cytoplasm
ENSP00000464501,3.078054843783577,High,0.143787,0.518066,0.589209,0.445605,0.121155,0.359961,0.032414,0.139233,0.116467,0.124146,0.1327,"Cytoplasm, Nucleus",Nucleus
ENSP00000463107,3.1617726720700743,High,0.116809,0.472412,0.578125,0.296582,0.066205,0.353784,0.07562,0.187415,0.107776,0.252026,0.104142,"Cytoplasm, Nucleus","Cytoplasm, Cell membrane"
ENSP00000462500,3.5484733440051017,High,0.177002,0.510889,0.374194,0.350049,0.1151,0.308301,0.129297,0.218799,0.288574,0.219641,0.12829,Cytoplasm,"Mitochondrion, Endoplasmic reticulum"
ENSP00000456341,3.504990230828604,High,0.207861,0.476953,0.506494,0.352954,0.129639,0.492773,0.066656,0.196021,0.332373,0.256543,0.150024,Cytoplasm,Cell membrane
ENSP00000451809,3.0973674791490975,High,0.154028,0.478857,0.518701,0.504443,0.147876,0.238647,0.090869,0.116583,0.098975,0.186792,0.043129,Cytoplasm,Mitochondrion
ENSP00000430614,3.038313491038156,High,0.154309,0.555518,0.554541,0.470898,0.139197,0.250171,0.070981,0.060291,0.130383,0.105164,0.126065,"Cytoplasm, Nucleus",Golgi apparatus
ENSP00000390830,3.500123124429553,High,0.602539,0.279761,0.252295,0.165222,0.208789,0.520996,0.090997,0.707617,0.329102,0.412402,0.219678,"Membrane, Endoplasmic reticulum",Nucleus
ENSP00000499303,3.260486500215202,High,0.190234,0.509229,0.467725,0.354346,0.116846,0.396631,0.047595,0.144385,0.161377,0.161353,0.113879,Cytoplasm,Nucleus
ENSP00000473541,3.267066186919374,High,0.186597,0.430713,0.47832,0.524121,0.119983,0.472559,0.120996,0.166687,0.110339,0.228589,0.053302,None,"Cytoplasm, Nucleus"
ENSP00000424124,3.1875880422955567,High,0.180371,0.526709,0.51792,0.412109,0.104626,0.427588,0.028714,0.163635,0.118121,0.182959,0.13895,Cytoplasm,Nucleus
ENSP00000413962,3.4904728252801873,High,0.278296,0.439014,0.352441,0.367651,0.131665,0.403662,0.040221,0.273779,0.186365,0.288843,0.115079,None,Cytoplasm
ENSP00000397787,3.4007438941894668,High,0.207764,0.493066,0.465234,0.406494,0.0961,0.463525,0.117645,0.224292,0.146021,0.199976,0.101602,Cytoplasm,Nucleus
ENSP00000494068,3.122347126788984,High,0.162683,0.435059,0.570996,0.497412,0.100232,0.463086,0.098654,0.113452,0.207092,0.217529,0.019616,Nucleus,Endoplasmic reticulum
ENSP00000475294,3.2396867043047237,High,0.176392,0.451074,0.615723,0.2896,0.139124,0.335303,0.044734,0.137012,0.160168,0.254468,0.094766,Nucleus,Cytoplasm
ENSP00000393507,3.2149574221566284,High,0.23894,0.552832,0.421875,0.131677,0.13772,0.384009,0.116965,0.094049,0.241443,0.176147,0.050765,Cytoplasm,Cytoplasm
ENSP00000243893,3.430707947533885,High,0.184521,0.500293,0.458643,0.382129,0.121143,0.335986,0.114233,0.168848,0.146411,0.181665,0.15137,Cytoplasm,"Cytoplasm, Cell membrane"
ENSP00000467641,3.387938817915566,High,0.161157,0.43833,0.484912,0.341528,0.112134,0.410791,0.103485,0.149207,0.160107,0.204614,0.131702,None,Cell membrane
ENSP00000449571,3.4343240484840325,High,0.206152,0.465869,0.37168,0.411084,0.154541,0.461621,0.071732,0.191064,0.216357,0.166541,0.107089,None,Mitochondrion
ENSP00000448045,3.0241206206858204,High,0.134814,0.56333,0.406641,0.683301,0.103479,0.301685,0.096368,0.087708,0.057062,0.199341,0.149918,"Cytoplasm, Extracellular",Cytoplasm
ENSP00000421174,3.0010974373987342,High,0.163171,0.413086,0.361572,0.766406,0.108118,0.395264,0.037408,0.132703,0.106,0.209058,0.081886,Extracellular,Cell membrane
ENSP00000410044,3.484765908229736,High,0.226831,0.50127,0.473193,0.329248,0.116724,0.530811,0.075565,0.267432,0.299561,0.308496,0.094937,Cytoplasm,Nucleus
ENSP00000407096,3.639050531878225,High,0.203906,0.456982,0.475293,0.228589,0.062436,0.428369,0.202728,0.367749,0.230688,0.231592,0.300049,None,Peroxisome
ENSP00000495519,3.384843810590771,High,0.200269,0.523779,0.538086,0.327075,0.097955,0.342773,0.111334,0.215894,0.183838,0.215015,0.087584,"Cytoplasm, Nucleus",Nucleus
ENSP00000428255,3.05145747846375,High,0.156592,0.584082,0.422412,0.220044,0.128857,0.264307,0.052475,0.149109,0.094763,0.160522,0.065646,Cytoplasm,Cytoplasm
ENSP00000423072,3.585672596571075,High,0.316211,0.550439,0.321924,0.180725,0.257031,0.348975,0.095195,0.255176,0.185229,0.323145,0.118341,Cytoplasm,"Cytoplasm, Mitochondrion"
ENSP00000506493,3.2868607738615068,High,0.196753,0.394189,0.478467,0.373389,0.090015,0.262427,0.061856,0.165002,0.177466,0.169861,0.10311,None,"Cytoplasm, Cell membrane"
ENSP00000504071,3.2949979451359908,High,0.2021,0.459717,0.441992,0.277637,0.087378,0.630273,0.051906,0.211523,0.190405,0.265845,0.110883,None,Mitochondrion
ENSP00000501857,3.306060576348454,High,0.147144,0.500732,0.540771,0.429199,0.114832,0.463818,0.062253,0.1505,0.135852,0.195508,0.212726,"Cytoplasm, Nucleus",Nucleus
ENSP00000492676,3.165016480911754,High,0.17666,0.443652,0.540723,0.471289,0.110107,0.358301,0.062686,0.120483,0.126172,0.169214,0.085399,Nucleus,"Cytoplasm, Nucleus"
ENSP00000466919,3.228688151867801,High,0.20896,0.493066,0.536719,0.375684,0.122314,0.429883,0.085657,0.160547,0.16012,0.197949,0.033207,"Cytoplasm, Nucleus",Cytoplasm
ENSP00000456655,3.2113986240378227,High,0.196484,0.592285,0.585156,0.159143,0.114563,0.503662,0.070961,0.1849,0.103296,0.2552,0.166989,"Cytoplasm, Nucleus",Nucleus
ENSP00000452300,2.9553199179565333,High,0.109595,0.611035,0.508643,0.155634,0.102667,0.282251,0.047685,0.137061,0.104083,0.204626,0.085503,Cytoplasm,Cell membrane
ENSP00000450780,2.8143384388907347,High,0.173193,0.552783,0.396289,0.201569,0.097833,0.117261,0.042191,0.090295,0.102948,0.176062,0.037903,Cytoplasm,Nucleus
ENSP00000418252,3.3177313515157416,High,0.221045,0.469482,0.444141,0.428662,0.089008,0.360449,0.085291,0.150354,0.161108,0.220337,0.078751,None,"Cytoplasm, Cell membrane"
ENSP00000467710,3.1299354854183963,High,0.173376,0.481689,0.528662,0.218237,0.171411,0.397363,0.019284,0.12417,0.196191,0.19917,0.055241,"Cytoplasm, Nucleus","Cytoplasm, Cell membrane"
ENSP00000453480,3.372361963588557,High,0.298608,0.395166,0.27998,0.555908,0.165344,0.437891,0.106287,0.152704,0.134863,0.290991,0.04907,None,Mitochondrion
ENSP00000452500,3.3982768630057762,High,0.191406,0.528467,0.416846,0.461279,0.107141,0.39248,0.076306,0.139648,0.197998,0.266431,0.137088,Cytoplasm,Nucleus
ENSP00000435220,3.062695428014745,High,0.209131,0.511816,0.543213,0.41958,0.162207,0.271826,0.059515,0.100751,0.108948,0.153735,0.03574,"Cytoplasm, Nucleus",Cytoplasm
ENSP00000392049,3.2014816885815605,High,0.150854,0.455957,0.509375,0.472998,0.086792,0.312402,0.065234,0.173755,0.191431,0.212378,0.053694,None,Cytoplasm
ENSP00000387481,3.345943932743407,High,0.209131,0.416504,0.422656,0.402051,0.110596,0.45918,0.105127,0.153259,0.109497,0.23418,0.089676,None,Nucleus
ENSP00000476460,3.2014645891911337,High,0.170825,0.550537,0.382812,0.501611,0.082477,0.332129,0.065271,0.144855,0.138049,0.156128,0.128979,Cytoplasm,Cell membrane
ENSP00000428531,3.430668282621591,High,0.241846,0.471484,0.490381,0.263452,0.113501,0.481104,0.088327,0.174664,0.153943,0.194196,0.178552,Cytoplasm,Cytoplasm
ENSP00000408802,3.378742640209547,High,0.236011,0.478467,0.529102,0.311426,0.153894,0.518652,0.057655,0.243188,0.14353,0.209033,0.109714,"Cytoplasm, Nucleus",Cytoplasm
ENSP00000469760,3.493246758733966,High,0.130432,0.485205,0.525537,0.315576,0.086615,0.321631,0.169055,0.220264,0.201001,0.207495,0.189679,Cytoplasm,"Cytoplasm, Nucleus"
ENSP00000466684,3.4917096140467763,High,0.184644,0.512842,0.46709,0.355664,0.104773,0.400537,0.109534,0.24436,0.131787,0.232886,0.194153,Cytoplasm,Cytoplasm
ENSP00000464530,3.1790775781618943,High,0.147302,0.576904,0.462695,0.562402,0.138635,0.536426,0.042921,0.091211,0.246521,0.19519,0.138353,Cytoplasm,"Cytoplasm, Nucleus"
ENSP00000430805,3.4786196947457952,High,0.240576,0.430127,0.501318,0.179468,0.118823,0.371875,0.074638,0.253931,0.218018,0.198633,0.171887,None,"Cytoplasm, Nucleus"
ENSP00000504163,3.26515643752447,High,0.214062,0.498291,0.412061,0.579199,0.109985,0.416699,0.092596,0.159998,0.143103,0.243164,0.057003,Cytoplasm,"Cytoplasm, Nucleus"
ENSP00000502465,3.279128791160423,High,0.142285,0.499854,0.524561,0.476562,0.110864,0.460156,0.0931,0.115674,0.130457,0.164612,0.21261,Cytoplasm,Nucleus
ENSP00000484996,3.4124093821763957,High,0.163257,0.520898,0.379346,0.534717,0.113086,0.390771,0.110577,0.1547,0.204736,0.265063,0.117676,Cytoplasm,Nucleus
ENSP00000455953,3.5217695733753973,High,0.175732,0.478857,0.485498,0.33208,0.090405,0.266382,0.100745,0.211499,0.314355,0.197205,0.220386,Cytoplasm,Nucleus
ENSP00000448671,2.929703235631873,High,0.159119,0.529297,0.474414,0.623145,0.093396,0.347656,0.084467,0.066156,0.100305,0.148596,0.055714,Cytoplasm,Cell membrane
ENSP00000426535,3.153081441061002,High,0.103394,0.354004,0.412012,0.543555,0.066095,0.524854,0.127631,0.160651,0.051862,0.159314,0.221054,None,Nucleus
ENSP00000426210,3.321377101032713,High,0.213696,0.464062,0.444043,0.291772,0.152808,0.509229,0.039629,0.155774,0.172119,0.198645,0.110362,None,Cell membrane
ENSP00000402190,3.0207259903275263,High,0.175659,0.538965,0.523926,0.392163,0.129797,0.512207,0.024207,0.136316,0.107135,0.146338,0.070125,Cytoplasm,Nucleus
ENSP00000395237,3.1912212741568906,High,0.189551,0.465332,0.53042,0.411328,0.079974,0.465283,0.034093,0.163574,0.192249,0.179297,0.095088,Nucleus,"Cytoplasm, Nucleus"
ENSP00000388688,2.9097832988359893,High,0.165039,0.500879,0.554199,0.513574,0.106042,0.384766,0.037465,0.108484,0.081946,0.177197,0.034317,"Cytoplasm, Nucleus",Cytoplasm
ENSP00000453192,3.357041003962853,High,0.240601,0.477148,0.402441,0.532324,0.126697,0.460498,0.085153,0.174744,0.208057,0.23335,0.055064,Cytoplasm,Mitochondrion
ENSP00000475450,2.9456028019209346,High,0.228394,0.533789,0.459277,0.104593,0.142651,0.359827,0.020939,0.245532,0.072192,0.128348,0.052725,Cytoplasm,Nucleus
ENSP00000466640,3.1688611124861636,High,0.219312,0.482031,0.450439,0.472656,0.140076,0.450879,0.067346,0.121228,0.137769,0.243408,0.021274,Cytoplasm,Nucleus
ENSP00000459602,3.3749640425163743,High,0.162085,0.368262,0.37312,0.57998,0.056329,0.436719,0.125,0.213208,0.104327,0.185181,0.342456,None,Nucleus
ENSP00000349253,3.500956383473025,High,0.289478,0.476562,0.455908,0.272412,0.110193,0.507275,0.0776,0.408301,0.287817,0.350806,0.078131,Cytoplasm,"Cytoplasm, Cell membrane"
ENSP00000490160,3.5623439611065635,High,0.1854,0.445312,0.399902,0.451562,0.085675,0.554639,0.105038,0.321631,0.218701,0.317334,0.211298,None,Mitochondrion
ENSP00000437899,3.31213264819872,High,0.167358,0.473047,0.564355,0.281689,0.080859,0.327441,0.047826,0.192017,0.254224,0.212842,0.135107,"Cytoplasm, Nucleus","Nucleus, Cell membrane"
ENSP00000415292,3.499949802948999,High,0.316895,0.463965,0.454443,0.30979,0.13269,0.452148,0.036241,0.3646,0.27981,0.336816,0.092458,None,Golgi apparatus
ENSP00000408534,3.191490720426278,High,0.195215,0.477539,0.555908,0.348584,0.128516,0.305127,0.04763,0.132959,0.131042,0.210132,0.073952,"Cytoplasm, Nucleus",Nucleus
ENSP00000400569,3.5425335079412266,High,0.294751,0.458301,0.444727,0.353809,0.119366,0.525879,0.083524,0.292554,0.248389,0.301074,0.100513,None,Cytoplasm
ENSP00000430424,3.1601435438642356,High,0.172217,0.563184,0.490576,0.257568,0.153198,0.315332,0.025308,0.172888,0.216333,0.217456,0.038015,Cytoplasm,Cytoplasm
ENSP00000457149,3.59686860409233,High,0.228857,0.351172,0.317603,0.57207,0.129468,0.457324,0.055853,0.319189,0.32207,0.320166,0.214966,None,Cell membrane
ENSP00000438862,3.310041650566908,High,0.22085,0.566699,0.44917,0.33606,0.133105,0.353418,0.065527,0.146484,0.147241,0.171313,0.11474,Cytoplasm,Nucleus
ENSP00000400271,2.866123302787619,High,0.108655,0.496338,0.583594,0.24342,0.05195,0.43335,0.042017,0.1172,0.084241,0.19801,0.072035,"Cytoplasm, Nucleus",Mitochondrion
ENSP00000455184,3.4482619912647987,High,0.223706,0.411719,0.363037,0.330273,0.115149,0.573486,0.058392,0.215405,0.141479,0.188306,0.28905,None,Mitochondrion
ENSP00000504110,3.140904650076066,High,0.263965,0.49668,0.539502,0.122156,0.078986,0.569189,0.092741,0.154742,0.195935,0.214441,0.061711,"Cytoplasm, Nucleus",Cytoplasm
ENSP00000468113,3.289945821013834,High,0.219141,0.443018,0.506885,0.37124,0.136951,0.452393,0.052969,0.155176,0.148462,0.209692,0.077185,None,"Cytoplasm, Nucleus"
ENSP00000387607,3.0564299898106126,High,0.191846,0.552197,0.397949,0.551562,0.147009,0.288989,0.07627,0.086542,0.081189,0.173315,0.055578,Cytoplasm,Nucleus
ENSP00000429046,2.8167107859963783,High,0.154626,0.362354,0.387891,0.240625,0.108997,0.455713,0.120953,0.137537,0.026971,0.04278,0.024089,None,Cytoplasm
ENSP00000464790,3.430427101052707,High,0.320654,0.435937,0.45918,0.211633,0.188257,0.463135,0.030997,0.29519,0.234619,0.284082,0.06715,None,Nucleus
ENSP00000477296,3.3917076267035187,High,0.214502,0.418652,0.513428,0.358154,0.086981,0.366211,0.039743,0.280811,0.228223,0.238159,0.110101,None,"Cytoplasm, Nucleus"
