Metric,Value
Subset Accuracy,0.33721607454863134
Jaccard,0.4860706658901184
MicroF1,0.5664007508212107
MacroF1,0.4289126980923608
MCC_Cytoplasm,0.30420440326887577
MCC_Nucleus,0.38380118556264775
MCC_Cell membrane,0.3134259487164237
MCC_Mitochondrion,0.5043797759381261
MCC_Endoplasmic reticulum,0.17755411038292737
MCC_Golgi apparatus,0.16510486574610775
