ACC,Membrane,Cytoplasm,Nucleus,Extracellular,Cell membrane,Mitochondrion,Plastid,Endoplasmic reticulum,Lysosome/Vacuole,Golgi apparatus,Peroxisome,predicted_label,true_label
ENSP00000507895,0.310351562,0.6609375,0.44824218800000004,0.414355468,0.250195314,0.158984376,0.027838134000000004,0.097558594,0.035629272,0.186621094,0.03208008,Cytoplasm,"Cytoplasm, Cell membrane"
ENSP00000505728,0.057812498000000004,0.22890625199999998,0.91796875,0.06059570400000001,0.040063478,0.06682129,0.00511551,0.09521484399999999,0.025659179999999997,0.023547363999999998,0.003626252,Nucleus,Nucleus
ENSP00000496878,0.8171875,0.21035156000000002,0.10146484199999999,0.234960938,0.77734375,0.090136718,0.00498047,0.25117188,0.557421876,0.334375,0.095361326,"Membrane, Cell membrane",Cytoplasm
ENSP00000496254,0.47578125,0.76484375,0.194140622,0.044238280000000005,0.4765625,0.145996092,0.002542114,0.19609374799999998,0.276171874,0.25625,0.026538086,"Membrane, Cytoplasm",Nucleus
ENSP00000495099,0.321875,0.68671875,0.448046874,0.07802734199999999,0.19375,0.14316405999999998,0.017156982000000005,0.301562502,0.337109376,0.50859375,0.016131592,Cytoplasm,Cytoplasm
ENSP00000493871,0.043945314,0.5828125,0.92578125,0.034204102,0.06293945,0.079101562,0.0133667,0.05012207,0.029931642,0.026989746,0.004806518,"Cytoplasm, Nucleus",Nucleus
ENSP00000490913,0.103027342,0.640625,0.7125,0.025061034000000003,0.13330078,0.12314453399999999,0.016674804,0.03618164,0.046630859999999996,0.103466794,0.134423828,"Cytoplasm, Nucleus",Nucleus
ENSP00000490728,0.040112304,0.554296874,0.93984375,0.042846678000000006,0.07001953000000001,0.070947266,0.015093994,0.03342285,0.022412108,0.019104004,0.003822706,"Cytoplasm, Nucleus",Nucleus
ENSP00000490116,0.089746096,0.379687502,0.9109375,0.09592285199999999,0.120214844,0.1015625,0.008081054,0.044458004,0.010498046,0.031152344,0.006355288000000001,Nucleus,Nucleus
ENSP00000484669,0.138476566,0.32265624600000004,0.91875,0.04040527,0.046411132,0.07651367199999999,0.000520992,0.19599609199999998,0.100830076,0.19189453399999998,0.000619888,Nucleus,Nucleus
ENSP00000480219,0.04111328,0.23613281000000003,0.94375,0.109472656,0.026342771999999997,0.08837890600000001,0.000777816,0.035961916,0.020605469999999997,0.023742676,0.00144844,Nucleus,Nucleus
ENSP00000478783,0.353125,0.480859374,0.496484376,0.04005126999999999,0.195996094,0.07915039,0.01037903,0.20156250199999998,0.318457034,0.386328128,0.004777526,Cytoplasm,Cytoplasm
ENSP00000466285,0.353125,0.62109375,0.331640626,0.263671872,0.31835937400000003,0.402734376,0.0034149159999999996,0.241796876,0.08530273399999999,0.13769531200000001,0.014903260000000002,Cytoplasm,Cytoplasm
ENSP00000453443,0.319921874,0.69765625,0.380664062,0.045214842,0.405859374,0.15390625,0.0015953060000000001,0.19306640400000002,0.112402344,0.147363284,0.01739502,Cytoplasm,"Cytoplasm, Nucleus"
ENSP00000431179,0.35351562400000003,0.71328125,0.362499998,0.064990236,0.412890628,0.15673827999999998,0.010809326,0.188476562,0.2171875,0.50234375,0.08696289,Cytoplasm,"Cytoplasm, Cell membrane"
ENSP00000431129,0.411328124,0.75078125,0.207421876,0.038085936,0.378906248,0.264257814,0.00170288,0.283984374,0.235742188,0.308203126,0.010412598,Cytoplasm,Cytoplasm
ENSP00000418408,0.056298826,0.398437502,0.81640625,0.039404296000000005,0.038134766,0.07656250199999999,0.033288572,0.091845704,0.019372558,0.07385254,0.0062530500000000004,Nucleus,Nucleus
ENSP00000417570,0.4160156219999999,0.31640625,0.15205078,0.66484375,0.44726562599999997,0.167968748,0.013085936000000001,0.312109376,0.370312502,0.38828125,0.054785156,Extracellular,Cytoplasm
ENSP00000414689,0.373437502,0.273242186,0.266601562,0.65390625,0.48984375,0.118261722,0.004393004000000001,0.237695314,0.156640624,0.197070312,0.014086912000000002,Extracellular,Cell membrane
ENSP00000414510,0.299414062,0.8328125,0.2265625,0.19638671800000002,0.346875,0.178125,0.009588624,0.178320312,0.29140624800000003,0.48125,0.011450960000000001,Cytoplasm,Nucleus
ENSP00000412763,0.825,0.235742188,0.10888671999999999,0.242578124,0.78515625,0.086621094,0.022436522,0.253515626,0.48242187599999997,0.421093748,0.066186526,"Membrane, Cell membrane",Golgi apparatus
ENSP00000410157,0.268554688,0.5546875,0.47851562400000003,0.017871095999999996,0.290039062,0.109667968,0.011169432000000002,0.191601564,0.35449219,0.30546875,0.00083599,Cytoplasm,Nucleus
ENSP00000409472,0.291992188,0.44296875,0.418359374,0.193945312,0.219140626,0.198828124,0.033502198,0.261718752,0.28710937400000003,0.312890624,0.157641602,None,Cytoplasm
ENSP00000407046,0.8234375,0.3125,0.13515625,0.046142576,0.506640626,0.096630858,0.007086181999999999,0.4640625,0.405859374,0.552734376,0.052075196000000004,Membrane,Cell membrane
ENSP00000400217,0.319140628,0.236718748,0.141015626,0.84609375,0.35703125199999997,0.112109372,0.011331174,0.346289062,0.355078124,0.366015624,0.03317871,Extracellular,Cell membrane
ENSP00000395538,0.07866210800000001,0.628125,0.4765625,0.25039062399999995,0.154589842,0.125195312,0.0035018939999999998,0.283984376,0.011546324,0.097143554,0.022070310000000003,Cytoplasm,"Cytoplasm, Nucleus, Mitochondrion"
ENSP00000387070,0.21347656,0.77265625,0.484375002,0.018591308,0.156835938,0.114160156,0.0037918099999999996,0.21601562400000002,0.104492188,0.212695312,0.026721193999999997,Cytoplasm,Cytoplasm
ENSP00000386239,0.143652344,0.57109375,0.6890625,0.081933594,0.136328124,0.284570312,0.0012641899999999999,0.18046875,0.095898436,0.121191406,0.023364260000000005,"Cytoplasm, Nucleus",Nucleus
ENSP00000384215,0.04150390799999999,0.161621094,0.95,0.004217528,0.032226562,0.12587890799999998,0.010632324000000002,0.024975586,0.036315918,0.020550538,0.040771485999999996,Nucleus,Nucleus
ENSP00000382269,0.26953125,0.72734375,0.508984376,0.03647461,0.156591798,0.21953125,0.027154541999999997,0.151757814,0.31054687400000003,0.16113281399999999,0.0056808480000000005,Cytoplasm,Nucleus
ENSP00000381170,0.32578125,0.82421875,0.522265624,0.019088746,0.33671875,0.09999999799999999,0.002098846,0.124609376,0.202832034,0.201367186,0.033374023999999995,Cytoplasm,Cell membrane
ENSP00000380888,0.154785154,0.67265625,0.65234375,0.00804291,0.078271484,0.313085938,0.017712404,0.123095702,0.387890624,0.17392577999999997,0.045166014,"Cytoplasm, Nucleus",Nucleus
ENSP00000379083,0.398046874,0.6703125,0.391210938,0.3875,0.36132812799999997,0.216406252,0.023706056000000003,0.090478514,0.05710449199999999,0.167480468,0.0704834,Cytoplasm,"Cytoplasm, Cell membrane"
ENSP00000377634,0.07524413999999999,0.373828126,0.8796875,0.019848634,0.051123046000000005,0.048315432,0.002578736,0.07192383000000001,0.014941404,0.02265625,0.008262632,Nucleus,Nucleus
ENSP00000374443,0.352539064,0.6171875,0.37773437200000004,0.037646486,0.300976564,0.14326171999999998,0.016052246,0.303906248,0.421875002,0.40820312599999997,0.017419433999999998,Cytoplasm,Nucleus
ENSP00000366757,0.398046876,0.81953125,0.144531248,0.030322266000000004,0.4546875,0.186230468,0.002415466,0.19628906399999999,0.24296875,0.319726562,0.008950806,Cytoplasm,Cytoplasm
ENSP00000364003,0.42812499800000003,0.6484375,0.397265624,0.035424806,0.47499999800000003,0.225195312,0.005799865999999999,0.290234376,0.27363281400000006,0.213085936,0.047912598,Cytoplasm,"Nucleus, Cell membrane"
ENSP00000363891,0.89375,0.134277344,0.107910154,0.024597168,0.609375,0.189648438,0.013354494,0.43125,0.4953125,0.432421874,0.026037596000000003,"Membrane, Cell membrane",Golgi apparatus
ENSP00000363642,0.06396484599999999,0.22695312800000003,0.834375,0.01442871,0.061230469999999995,0.12207030999999999,0.0016262040000000002,0.14921875199999998,0.023724366,0.04099121,0.003640748,Nucleus,Nucleus
ENSP00000362580,0.42382812400000003,0.71015625,0.308398438,0.068066404,0.591796876,0.147265624,0.004608154,0.12138672000000002,0.284179686,0.160742188,0.043878174000000006,"Cytoplasm, Cell membrane",Cell membrane
ENSP00000357206,0.2234375,0.70234375,0.380468748,0.148144532,0.20722656,0.218945312,0.00151901,0.126757814,0.22011719000000002,0.405468748,0.021923830000000002,Cytoplasm,Cytoplasm
ENSP00000356716,0.132324222,0.7171875,0.54140625,0.044006345999999995,0.11035155999999999,0.05488280999999999,0.005780032,0.143945312,0.08193359199999999,0.24550781000000002,0.018334962,"Cytoplasm, Nucleus",Cytoplasm
ENSP00000355922,0.105566406,0.495703124,0.846875,0.039965818,0.071728514,0.060253906,0.010961914,0.057714844,0.034692382,0.154003908,0.008776854,"Cytoplasm, Nucleus",Nucleus
ENSP00000354828,0.189453124,0.52890625,0.76796875,0.038696292,0.137988282,0.380468748,0.0013984680000000002,0.12792968600000001,0.134960938,0.11230469000000001,0.022778318000000002,"Cytoplasm, Nucleus",Nucleus
ENSP00000353010,0.551171876,0.461328126,0.31054687799999997,0.031402588,0.2578125,0.59609375,0.016558838,0.501171876,0.444921876,0.51015625,0.00949707,Membrane,Nucleus
ENSP00000352794,0.4453125,0.69296875,0.309375,0.144384764,0.48515625,0.15126953,0.022930910000000002,0.461718748,0.283984376,0.50546875,0.05356445,Cytoplasm,"Cytoplasm, Cell membrane"
ENSP00000352413,0.840625,0.24648437800000003,0.146484376,0.01126709,0.76640625,0.13623047,0.0040161139999999994,0.361718752,0.27890625199999997,0.131494142,0.019903566,"Membrane, Cell membrane",Cytoplasm
ENSP00000351185,0.122851564,0.54609375,0.582421876,0.06403808600000001,0.059228513999999996,0.246093752,0.004666136,0.116601562,0.06833496000000001,0.10932617199999999,0.007592774000000001,"Cytoplasm, Nucleus",Mitochondrion
ENSP00000348564,0.23828125,0.6578125,0.418359376,0.07797851599999998,0.13935546799999998,0.179492188,0.0027126299999999997,0.3375,0.243945312,0.358593752,0.128759766,Cytoplasm,"Cytoplasm, Cell membrane"
ENSP00000344383,0.32265624800000003,0.68671875,0.43164062599999997,0.086914062,0.197070312,0.139355468,0.01609497,0.306054688,0.34238281000000004,0.527734376,0.013500976000000001,Cytoplasm,Cytoplasm
ENSP00000328426,0.102441406,0.47421875,0.7453125,0.07294921800000001,0.087988282,0.098632812,0.021093752,0.07832030999999999,0.07421874999999999,0.087304686,0.012670898,"Cytoplasm, Nucleus","Cytoplasm, Nucleus"
ENSP00000321813,0.190625,0.537890626,0.75390625,0.037158202,0.13583984600000001,0.414843752,0.001116564,0.124804688,0.148046876,0.12460937400000001,0.023187258,"Cytoplasm, Nucleus",Nucleus
ENSP00000313933,0.120507812,0.43945312200000003,0.79765625,0.009802248,0.088574218,0.115429686,0.006594850000000001,0.067578126,0.073535156,0.120214844,0.015252683999999997,Nucleus,Nucleus
ENSP00000301607,0.214257812,0.7015625,0.409765624,0.111523438,0.20019531399999999,0.151757812,0.021752927999999998,0.08540038999999999,0.225,0.317578126,0.007904054,Cytoplasm,Cytoplasm
ENSP00000300648,0.38867187599999997,0.59296875,0.60390625,0.011584472,0.31171875400000004,0.38984375,0.092138672,0.21591797000000001,0.25585937599999997,0.301953124,0.047171019999999994,"Cytoplasm, Nucleus",Cytoplasm
ENSP00000297268,0.264453128,0.161718748,0.132324218,0.909375,0.222851562,0.052734376000000006,0.012515257999999998,0.312109376,0.10693359200000001,0.097387694,0.004719546,Extracellular,Endoplasmic reticulum
ENSP00000294383,0.23671875,0.678125,0.528515624,0.045678710000000004,0.24140625400000001,0.08959961,0.014117434000000002,0.186328124,0.3328125,0.411718748,0.007046505999999999,"Cytoplasm, Nucleus","Cytoplasm, Nucleus"
ENSP00000281282,0.230859376,0.79609375,0.293945314,0.018572998,0.210351564,0.09379883,0.002188112,0.12421875,0.159375,0.393359376,0.003921508,Cytoplasm,Cell membrane
ENSP00000280758,0.28574219,0.57265625,0.51796875,0.027593994,0.27490234199999997,0.084326172,0.009782408000000001,0.242773436,0.330664062,0.405078126,0.00145874,Cytoplasm,Nucleus
ENSP00000271636,0.228710938,0.72265625,0.252441408,0.038671874,0.163671876,0.09350586000000001,0.003433228,0.124316406,0.19003906399999998,0.304492188,0.017810057999999997,Cytoplasm,Cell membrane
ENSP00000264868,0.85546875,0.20078125,0.170117186,0.063671876,0.47070312599999997,0.199609374,0.020324705999999998,0.68828125,0.428515628,0.448437502,0.17685546800000002,"Membrane, Endoplasmic reticulum",Nucleus
ENSP00000262376,0.064599608,0.294140626,0.909375,0.050195312000000006,0.045507809999999996,0.05815429800000001,0.005126954,0.06762695199999999,0.09721679800000001,0.027233886000000002,0.003782654,Nucleus,Nucleus
ENSP00000261609,0.21386718799999999,0.6375,0.5453125,0.041210936,0.12841797,0.22167968799999999,0.030725095999999997,0.161328126,0.2703125,0.228515624,0.022943113999999997,"Cytoplasm, Nucleus",Cytoplasm
ENSP00000253048,0.036596678,0.328125,0.8078125,0.211816406,0.025317384,0.033447264,0.008010862,0.084570314,0.05893554799999999,0.105175782,0.0008148179999999999,Nucleus,"Cytoplasm, Nucleus"
ENSP00000252996,0.049511716,0.49921875,0.88515625,0.08913574199999999,0.079785156,0.041796876,0.0006626099999999999,0.031835937999999994,0.058569333999999994,0.06987304999999999,0.004766845999999999,"Cytoplasm, Nucleus",Nucleus
ENSP00000247087,0.074902344,0.414453124,0.89921875,0.012036134,0.05659179599999999,0.089746092,0.002467346,0.074902342,0.023425292,0.041308592,0.002970884,Nucleus,Nucleus
ENSP00000244007,0.476171876,0.7015625,0.389453124,0.031933596,0.54921875,0.116992188,0.002175904,0.140527346,0.266796874,0.243945312,0.0027359,"Membrane, Cytoplasm, Cell membrane",Cytoplasm
ENSP00000263773,0.275195312,0.39375,0.709375,0.014721678000000002,0.289257812,0.06694336,0.010725404000000001,0.21621093600000002,0.11518554399999999,0.211328126,0.0019565579999999997,Nucleus,Nucleus
ENSP00000416033,0.152148436,0.759375,0.33203125,0.17080078199999998,0.20234374800000002,0.17548828,0.0056381240000000004,0.17480469,0.118945314,0.183984374,0.080761718,Cytoplasm,Nucleus
ENSP00000364042,0.78125,0.24082031399999998,0.13183593799999999,0.3375,0.7640625,0.08535155999999999,0.0029373180000000004,0.34179687599999997,0.54140625,0.4328125,0.026916503999999997,"Membrane, Cell membrane",Cell membrane
ENSP00000355889,0.26171875,0.178125,0.170117186,0.09433594,0.13242187600000002,0.8859375,0.01097412,0.11777343800000002,0.092285158,0.11210937400000001,0.068554688,Mitochondrion,Mitochondrion
ENSP00000305839,0.512890626,0.469921874,0.5921875,0.105078126,0.69140625,0.18203125,0.003619386,0.18642578199999998,0.31503906400000004,0.368164062,0.011743164,"Membrane, Cytoplasm, Nucleus, Cell membrane",Cell membrane
ENSP00000463929,0.88046875,0.17578125,0.14296875,0.006719971999999999,0.6,0.130371094,0.0034332259999999997,0.43339843600000005,0.69453125,0.471289062,0.003796388,"Membrane, Cell membrane, Lysosome/Vacuole",Nucleus
ENSP00000382610,0.375390626,0.65,0.323828126,0.12734375,0.455859376,0.19667968600000002,0.004119871999999999,0.25625,0.319921874,0.398046878,0.04394531,Cytoplasm,"Cytoplasm, Nucleus"
ENSP00000496378,0.367187502,0.7109375,0.24335937400000002,0.035473634,0.206640626,0.21767578199999998,0.007025146,0.28339843400000003,0.543359376,0.78359375,0.014947512,"Cytoplasm, Golgi apparatus",Golgi apparatus
ENSP00000413889,0.259179688,0.590625,0.473046876,0.020983888,0.23730468600000001,0.10483398400000002,0.012103270000000001,0.210742186,0.359765626,0.398046878,0.0015903459999999999,Cytoplasm,Nucleus
ENSP00000349439,0.573828124,0.23125,0.268554686,0.140722656,0.284960938,0.17646484599999998,0.006640624,0.7109375,0.302148436,0.562109376,0.021508788,"Membrane, Endoplasmic reticulum","Cytoplasm, Cell membrane"
ENSP00000313624,0.060009764,0.223242188,0.94921875,0.019006348,0.039868166,0.059179685999999995,0.002018738,0.041442872,0.05175781,0.032800291999999995,0.017053224,Nucleus,Nucleus
ENSP00000468082,0.371874998,0.640625,0.31445312400000003,0.241113284,0.341015626,0.416406252,0.004290772,0.23281250199999998,0.094335938,0.13203125,0.013526916,Cytoplasm,Cytoplasm
ENSP00000416951,0.15185547,0.340820314,0.68984375,0.10751953399999999,0.193945312,0.134765626,0.000765036,0.12246094,0.035302733999999995,0.074511718,0.0030227659999999996,Nucleus,Nucleus
ENSP00000346701,0.7953125,0.273046874,0.261132814,0.126904296,0.436328124,0.14609374800000002,0.0069335939999999995,0.63828125,0.44296875,0.64375,0.092333986,"Membrane, Endoplasmic reticulum",Nucleus
ENSP00000332111,0.13935546999999998,0.684375,0.38046875199999997,0.210546874,0.135058594,0.167089844,0.10576171999999999,0.119140626,0.082861326,0.203710936,0.375585938,Cytoplasm,"Cytoplasm, Nucleus"
ENSP00000507912,0.144042972,0.286523438,0.78828125,0.055346677999999996,0.10795898400000001,0.037255857999999996,0.002339552,0.41503906199999996,0.035815429999999995,0.105126952,0.018705748,Nucleus,Nucleus
ENSP00000485253,0.06518554600000001,0.265234374,0.9328125,0.031823728,0.06621094,0.058349606,0.0028457639999999998,0.051660156,0.029125977999999997,0.085546872,0.0030456539999999996,Nucleus,Nucleus
ENSP00000312277,0.03713379,0.335156248,0.878125,0.027587891999999996,0.015039064000000001,0.049438475999999995,0.008041382000000001,0.049511717999999996,0.014514160000000002,0.059082034000000005,0.008537292,Nucleus,"Cytoplasm, Nucleus"
ENSP00000370427,0.111523436,0.16308593600000001,0.909375,0.04892578,0.152832032,0.0034545900000000004,0.00852661,0.072509766,0.034472656000000004,0.05266113,0.000733182,Nucleus,Nucleus
ENSP00000467054,0.3921875,0.6203125,0.320703126,0.091992186,0.253320316,0.21562500199999998,0.0018127419999999998,0.230468748,0.5796875,0.463671876,0.008470154,"Cytoplasm, Lysosome/Vacuole","Cytoplasm, Nucleus"
ENSP00000458025,0.04206543,0.369531252,0.91953125,0.10615234199999998,0.034228516,0.06616211000000001,0.000517844,0.079296876,0.060791017999999995,0.03656006,0.0035568260000000003,Nucleus,Cytoplasm
ENSP00000357460,0.24902343799999999,0.69375,0.19453125,0.07163085999999999,0.21972656200000001,0.10424804800000001,0.00405731,0.162304688,0.464453126,0.621875,0.026489258000000005,Cytoplasm,Golgi apparatus
ENSP00000406490,0.146191406,0.19404297,0.853125,0.019421388,0.090917968,0.168457034,0.000967026,0.11508789,0.016705324,0.11972656400000001,0.028057862,Nucleus,Nucleus
ENSP00000374552,0.08950195400000001,0.66328125,0.7578125,0.085839844,0.10048828000000001,0.10649413999999999,0.00557556,0.213085938,0.050634766,0.062182618,0.003351212,"Cytoplasm, Nucleus",Cytoplasm
ENSP00000505762,0.466015626,0.6609375,0.283007812,0.073437498,0.539453124,0.172265626,0.0009769420000000002,0.15517578199999998,0.355078124,0.27636719,0.05023193,"Membrane, Cytoplasm, Cell membrane","Cytoplasm, Cell membrane"
ENSP00000391268,0.778125,0.238476562,0.13164062199999998,0.262695314,0.778125,0.088964846,0.0029907220000000003,0.33046874800000003,0.428125,0.465234376,0.079003906,"Membrane, Cell membrane",Cell membrane
ENSP00000323191,0.093847658,0.525,0.725,0.124023438,0.140039062,0.028930666,0.009197996000000002,0.091210938,0.10527343600000001,0.15502929599999998,0.113867188,"Cytoplasm, Nucleus",Nucleus
ENSP00000359837,0.067480466,0.333398438,0.928125,0.012280272,0.042089844,0.051513671999999996,0.016983032,0.038623048,0.036132809999999994,0.038916014,0.007904056000000001,Nucleus,Nucleus
ENSP00000469029,0.068603514,0.29472656399999997,0.8328125,0.039892578000000005,0.06777343799999999,0.072070314,0.00144634,0.07285156200000001,0.057373046000000004,0.05698242,0.0047317520000000005,Nucleus,Nucleus
ENSP00000416289,0.29609375,0.48828125,0.550390624,0.05703125,0.195898438,0.295507812,0.005722046,0.42382812400000003,0.320507816,0.22294921999999998,0.085156252,"Cytoplasm, Nucleus",Nucleus
ENSP00000358904,0.043896486,0.29492187400000003,0.925,0.058178712,0.030957030000000003,0.066601562,0.005862428,0.059082029999999994,0.015673826000000002,0.06718749800000001,0.0028137179999999998,Nucleus,Nucleus
ENSP00000364372,0.15830078200000003,0.60625,0.558203126,0.055343628,0.13549804599999998,0.10947265599999997,0.015661622,0.24042968599999998,0.306054688,0.351367188,0.00233383,"Cytoplasm, Nucleus","Cytoplasm, Nucleus"
ENSP00000348828,0.52109375,0.68359375,0.311328126,0.05416259599999999,0.49765625,0.128125,0.008499144,0.202539062,0.296289062,0.241992188,0.010583494,"Membrane, Cytoplasm",Cell membrane
ENSP00000379778,0.266015626,0.778125,0.46367187200000004,0.03619385,0.2875,0.042651368,0.001519012,0.12783203,0.180468748,0.183398436,0.003649904,Cytoplasm,Cytoplasm
ENSP00000450393,0.170117188,0.50390625,0.455859374,0.13598632800000002,0.080078126,0.344335936,0.009228516,0.150976562,0.077148438,0.12426757799999999,0.017883299999999998,Cytoplasm,Mitochondrion
ENSP00000314914,0.331250002,0.6796875,0.37734375,0.06159668,0.395703124,0.209375,0.003752134,0.26464844,0.199609374,0.185351562,0.15078125000000003,Cytoplasm,Nucleus
ENSP00000412893,0.270507816,0.173828126,0.169921874,0.090429688,0.065966798,0.90078125,0.023254394,0.155078122,0.07084961000000001,0.062695312,0.140917968,Mitochondrion,Mitochondrion
ENSP00000405068,0.054687502,0.30371094000000004,0.75703125,0.06796875,0.052490236,0.075390624,0.0023300179999999997,0.055786134,0.018823244,0.074951174,0.0024612419999999998,Nucleus,Nucleus
ENSP00000500647,0.35390625,0.7296875,0.363671876,0.073339846,0.455859376,0.16386719,0.0022811899999999998,0.229882814,0.14951172,0.16933593600000002,0.011743166,Cytoplasm,"Cytoplasm, Nucleus"
ENSP00000383392,0.8765625,0.19394530999999998,0.09121094,0.297851562,0.896875,0.035705566,0.008721924,0.279492188,0.407812498,0.335156248,0.049975583999999997,"Membrane, Cell membrane",Cell membrane
ENSP00000465377,0.06923828400000001,0.5546875,0.8625,0.029174804,0.049853516,0.129101564,0.0017557139999999998,0.10122070400000001,0.041552734,0.047924806,0.027014158,"Cytoplasm, Nucleus","Cytoplasm, Nucleus"
ENSP00000027335,0.87890625,0.222265626,0.09306640400000002,0.129394532,0.88984375,0.031518555999999996,0.00602112,0.26152344,0.39960937199999996,0.286718748,0.045263670000000006,"Membrane, Cell membrane",Cell membrane
ENSP00000409731,0.359375,0.7078125,0.44765625,0.305566408,0.420703124,0.208984374,0.01040039,0.105761718,0.085058592,0.146875,0.057495116,Cytoplasm,"Cytoplasm, Cell membrane"
ENSP00000314004,0.221875,0.63984375,0.66640625,0.05893554799999999,0.13398437600000002,0.180859376,0.0035312640000000005,0.196874998,0.339062498,0.50546875,0.015161131999999999,"Cytoplasm, Nucleus",Nucleus
ENSP00000362045,0.058007814000000005,0.307226562,0.88359375,0.069384766,0.033544922000000005,0.12060546999999999,0.007080076,0.077978514,0.013372803999999999,0.055957032,0.007728575999999999,Nucleus,Nucleus
ENSP00000289746,0.825,0.246679686,0.129296874,0.12783203199999998,0.84375,0.057666018,0.0014560699999999998,0.258398436,0.481640626,0.324218752,0.075634764,"Membrane, Cell membrane","Cell membrane, Golgi apparatus"
ENSP00000288976,0.175781248,0.715625,0.371875,0.05361328,0.25996093600000003,0.180468748,0.0042190560000000005,0.20156250199999998,0.23291015600000003,0.26328125,0.024365234000000003,Cytoplasm,Nucleus
ENSP00000486816,0.07753905999999999,0.30175781599999996,0.8796875,0.06748046799999999,0.050732424,0.135546874,0.009826660000000001,0.08842773200000001,0.015917967999999998,0.067529298,0.007591248,Nucleus,Nucleus
ENSP00000450998,0.54609375,0.6015625,0.35351562400000003,0.21181640599999998,0.63671875,0.19785155999999998,0.029455566,0.3953125,0.26796875,0.532421876,0.07071533,"Membrane, Cytoplasm, Cell membrane","Cytoplasm, Cell membrane"
ENSP00000431611,0.87265625,0.155566406,0.09296874799999999,0.08125000199999999,0.84453125,0.169335938,0.020074462,0.23828125,0.368359376,0.183593752,0.024670409999999997,"Membrane, Cell membrane",Cell membrane
ENSP00000376504,0.212011718,0.7390625,0.33046875,0.147558594,0.258056644,0.150878906,0.00446167,0.284570314,0.262304688,0.25498046799999996,0.052050778,Cytoplasm,Nucleus
ENSP00000430048,0.10527343600000001,0.68984375,0.4078125,0.15678710799999998,0.112109376,0.15722656200000001,0.11416015799999998,0.09326171800000001,0.07895508,0.164453124,0.46582031199999996,Cytoplasm,"Cytoplasm, Nucleus"
ENSP00000288439,0.86328125,0.159960936,0.125195312,0.04633789000000001,0.58125,0.213085938,0.02593689,0.444921874,0.473828124,0.43828125,0.0366333,"Membrane, Cell membrane",Golgi apparatus
ENSP00000419330,0.320312502,0.6,0.367578124,0.154003906,0.156445312,0.41542968599999996,0.024206544,0.347265626,0.311132814,0.533203126,0.092443848,Cytoplasm,Golgi apparatus
ENSP00000401064,0.105761718,0.413671876,0.580859376,0.041552734,0.03635254,0.23876953199999998,0.011697388,0.31406250199999997,0.061206053999999996,0.11000976599999998,0.046411134,Nucleus,Nucleus
ENSP00000387099,0.19824218799999999,0.60625,0.264648438,0.6265625,0.18798828,0.18593750199999998,0.003978538,0.278320314,0.276953124,0.304492186,0.110168456,Cytoplasm,Cytoplasm
ENSP00000361964,0.21582031200000001,0.8296875,0.23417968800000005,0.083935546,0.16699218799999999,0.10820312400000001,0.0012966140000000002,0.09287109200000002,0.114941406,0.14931640799999998,0.06483154399999999,Cytoplasm,"Cytoplasm, Nucleus"
ENSP00000317992,0.09130859399999999,0.335546876,0.7015625,0.05664062599999999,0.025756835999999998,0.137988282,0.0019027700000000002,0.080566404,0.034521486000000004,0.112792966,0.002648926,Nucleus,Nucleus
ENSP00000380300,0.075830078,0.6546875,0.64765625,0.07163085999999999,0.064794922,0.124511716,0.0033061979999999998,0.259863282,0.109570312,0.055322263999999996,0.018914792,"Cytoplasm, Nucleus",Cytoplasm
ENSP00000397869,0.336718748,0.58046875,0.415625,0.043261718,0.33515625,0.069824218,0.003421022,0.27539062799999997,0.502734376,0.320703126,0.018162536,Cytoplasm,Nucleus
ENSP00000498164,0.089501952,0.60859375,0.65703125,0.049035644,0.07880859600000001,0.10898437400000001,0.00161438,0.13984375,0.111669924,0.18925781199999997,0.00216751,"Cytoplasm, Nucleus",Cytoplasm
ENSP00000450973,0.27578125200000003,0.8328125,0.22265624599999997,0.06459961,0.27109375,0.222070314,0.0030929539999999998,0.212695312,0.238867186,0.275,0.092431642,Cytoplasm,"Cytoplasm, Nucleus, Cell membrane"
ENSP00000217159,0.9109375,0.13564453199999998,0.081933594,0.058007814000000005,0.85859375,0.1890625,0.006245424000000001,0.31171875,0.448046876,0.19628906200000001,0.05122070000000001,"Membrane, Cell membrane",Cell membrane
ENSP00000392636,0.18359375,0.596875,0.803125,0.027465820000000002,0.068261718,0.5453125,0.000230502,0.15185546800000002,0.18955078,0.311328126,0.051110838000000006,"Cytoplasm, Nucleus",Nucleus
ENSP00000253928,0.03359375,0.3140625,0.91484375,0.08232421999999999,0.025000002,0.069775392,0.005580138,0.050122072000000004,0.039038086,0.038427734000000005,0.010083008000000001,Nucleus,Nucleus
ENSP00000371607,0.29062500199999997,0.170312498,0.129296874,0.13857422,0.140429688,0.84609375,0.09609375,0.14394531,0.112890626,0.19980468999999998,0.17392577999999997,Mitochondrion,Mitochondrion
ENSP00000390590,0.376171874,0.69765625,0.247851562,0.124414062,0.46679687599999997,0.272265626,0.008709718000000002,0.17109375,0.180859376,0.28046875,0.260742188,Cytoplasm,"Cytoplasm, Nucleus"
ENSP00000390121,0.162304686,0.48496093800000006,0.61328125,0.015997314000000002,0.262304688,0.021350096,0.005436706,0.037182616,0.027453612,0.0717041,0.028132628,"Cytoplasm, Nucleus",Nucleus
ENSP00000352676,0.351953124,0.7359375,0.459765624,0.011068726,0.161621094,0.06923828000000001,0.003123472,0.41484375,0.26777343600000003,0.485546876,0.0014942140000000002,Cytoplasm,"Cytoplasm, Nucleus"
ENSP00000363878,0.356250002,0.6796875,0.546875,0.09675293,0.273437498,0.090429688,0.005107118,0.13124999799999998,0.373632812,0.70625,0.007769774,"Cytoplasm, Nucleus, Golgi apparatus",Nucleus
ENSP00000386830,0.177832034,0.47460937599999997,0.7140625,0.02145996,0.048364260000000006,0.26328125,0.042919922,0.319921876,0.155371094,0.216210938,0.27910156399999997,"Cytoplasm, Nucleus","Cytoplasm, Cell membrane"
ENSP00000484716,0.040307616,0.1953125,0.96640625,0.014746094000000001,0.016369630000000003,0.049731446,0.000828742,0.083935548,0.035205078,0.072412108,0.0049942020000000005,Nucleus,Nucleus
ENSP00000423638,0.3921875,0.75703125,0.28320312599999997,0.139160156,0.43671875,0.113378906,0.039794921999999996,0.186914062,0.177929688,0.6703125,0.062481692,"Cytoplasm, Golgi apparatus","Cytoplasm, Cell membrane, Endoplasmic reticulum"
ENSP00000393856,0.39453125,0.659375,0.59453125,0.020004272,0.49023437599999997,0.10214843600000001,0.013256834,0.098583982,0.18671875200000002,0.231054686,0.008798216000000001,"Cytoplasm, Nucleus",Cell membrane
ENSP00000478563,0.55,0.69921875,0.146972656,0.038195802,0.63046875,0.100292966,0.001678468,0.125292968,0.626171874,0.426953126,0.005320738,"Membrane, Cytoplasm, Cell membrane, Lysosome/Vacuole","Cytoplasm, Nucleus"
ENSP00000299192,0.163671876,0.54296875,0.721875,0.027221679999999998,0.10146484600000001,0.144921876,0.006272888,0.163867186,0.053613282,0.279589844,0.003178404,"Cytoplasm, Nucleus","Cytoplasm, Nucleus"
ENSP00000215582,0.297656252,0.85625,0.188671876,0.122851562,0.344140624,0.216601564,0.0060241719999999995,0.129589844,0.30761719,0.415234374,0.13559570599999998,Cytoplasm,Cell membrane
ENSP00000372434,0.185546876,0.21875,0.88125,0.05119629,0.105859378,0.07973633,0.0008412340000000001,0.088183592,0.223144532,0.038720701999999996,0.003341674,Nucleus,Nucleus
ENSP00000305557,0.399218748,0.63671875,0.295898436,0.028759766000000003,0.35312500199999997,0.099316406,0.0031814580000000003,0.3078125,0.43125,0.523046874,0.012261966,Cytoplasm,Cell membrane
ENSP00000465742,0.55234375,0.66328125,0.36953125,0.049511717999999996,0.531640626,0.180468748,0.000964926,0.244335936,0.69765625,0.354492188,0.007592774000000001,"Membrane, Cytoplasm, Cell membrane, Lysosome/Vacuole","Cytoplasm, Cell membrane"
ENSP00000426528,0.394140624,0.67109375,0.405859374,0.059155272,0.496093752,0.151757812,0.006829836000000001,0.18671875,0.195996094,0.19501953200000002,0.101831054,Cytoplasm,Cell membrane
ENSP00000408536,0.132324218,0.7125,0.591015624,0.033984376000000004,0.096093752,0.058300781999999995,0.000904464,0.21601562400000002,0.09521484399999999,0.106347656,0.00349579,"Cytoplasm, Nucleus",Nucleus
ENSP00000269856,0.167480466,0.62265625,0.50703125,0.028857422000000004,0.186914062,0.18349609400000003,0.009371948,0.171484374,0.274169922,0.19892578,0.013696286000000002,Cytoplasm,"Nucleus, Golgi apparatus"
ENSP00000349803,0.083886718,0.260742186,0.83203125,0.042236328000000004,0.06606445200000001,0.08344726799999999,0.000962448,0.10107422000000002,0.036401368,0.07253418,0.0011896139999999999,Nucleus,Nucleus
ENSP00000508232,0.300390626,0.49414062400000003,0.56875,0.08664550600000001,0.253710938,0.14746093799999999,0.025878905999999997,0.24277343599999995,0.14746093799999999,0.11552734599999999,0.035534666,"Cytoplasm, Nucleus",Nucleus
ENSP00000404022,0.81640625,0.15058593999999997,0.080078126,0.026477050000000002,0.64765625,0.157226566,0.009198000000000001,0.279101566,0.260546876,0.097363282,0.025,"Membrane, Cell membrane",Golgi apparatus
ENSP00000357352,0.69296875,0.3890625,0.228320314,0.05673828400000001,0.77578125,0.164941406,0.003410336,0.233789062,0.340234374,0.212695312,0.037280272,"Membrane, Cell membrane",Nucleus
ENSP00000342660,0.90390625,0.1921875,0.15703124799999998,0.040600584,0.89453125,0.075683596,0.0018547039999999998,0.250390624,0.378320312,0.29160156000000004,0.05230713,"Membrane, Cell membrane",Nucleus
ENSP00000421294,0.386328126,0.66484375,0.253125,0.07670898400000001,0.3875,0.087841796,0.005645754,0.171484374,0.426562502,0.425000002,0.011462402,Cytoplasm,"Nucleus, Cell membrane"
ENSP00000247001,0.212304688,0.659375,0.68359375,0.118969726,0.143945314,0.17070312599999998,0.002085876,0.07949218599999999,0.111181642,0.138183596,0.006112670000000001,"Cytoplasm, Nucleus",Nucleus
ENSP00000358106,0.174609378,0.61171875,0.36132812400000003,0.13244629000000002,0.32734375200000004,0.113378906,0.031222534000000003,0.244726562,0.148620602,0.24453125,0.18583984400000003,Cytoplasm,Cytoplasm
ENSP00000159647,0.940625,0.07639160199999999,0.078759766,0.015374756,0.85390625,0.062451172,0.013848878,0.43125000199999997,0.63828125,0.266015626,0.006271364,"Membrane, Cell membrane, Lysosome/Vacuole",Cell membrane
ENSP00000425670,0.301562502,0.8125,0.266601564,0.20546875199999998,0.30410156200000005,0.23359375,0.078344728,0.176660156,0.173144532,0.70546875,0.13297119,"Cytoplasm, Golgi apparatus","Cytoplasm, Cell membrane, Endoplasmic reticulum"
ENSP00000442992,0.220703124,0.493359374,0.6578125,0.028222656000000002,0.062304688,0.265039064,0.04353027200000001,0.343359372,0.17480468999999998,0.277539062,0.35351562400000003,"Cytoplasm, Nucleus","Cytoplasm, Cell membrane"
ENSP00000302879,0.484765626,0.60703125,0.339453124,0.081835938,0.59296875,0.18242187599999998,0.021411132,0.437499998,0.12988281200000001,0.292578126,0.05710449199999999,"Membrane, Cytoplasm, Cell membrane","Cytoplasm, Cell membrane"
ENSP00000498317,0.285156248,0.197460936,0.154980468,0.058300783999999994,0.072070314,0.94296875,0.05527344000000001,0.06757812399999999,0.097949218,0.084326174,0.09248046600000001,Mitochondrion,Mitochondrion
ENSP00000341247,0.158886718,0.6703125,0.45390625,0.019543456,0.12373046800000001,0.11318359199999999,0.015112306,0.2515625,0.1328125,0.317382814,0.009356688,Cytoplasm,Cytoplasm
ENSP00000505291,0.8375,0.463671874,0.198144532,0.04383544999999999,0.47460937400000003,0.12451172000000002,0.006521605999999999,0.44765625,0.9,0.58515625,0.014910888000000002,"Membrane, Lysosome/Vacuole","Cytoplasm, Cell membrane"
ENSP00000394609,0.55859375,0.778125,0.258007812,0.026281738,0.68203125,0.20800781399999999,0.001589202,0.128320316,0.20732421799999998,0.196777344,0.008074952,"Membrane, Cytoplasm, Cell membrane",Cytoplasm
ENSP00000362442,0.293359374,0.62265625,0.287695312,0.060571289999999986,0.159619142,0.086767578,0.0023498539999999997,0.19082031000000002,0.29140625,0.261816408,0.0069412219999999995,Cytoplasm,"Cytoplasm, Cell membrane"
ENSP00000434245,0.80625,0.20996093600000001,0.12890625,0.15332031399999999,0.67890625,0.27558593600000003,0.008828736,0.24589843599999997,0.318750002,0.230664062,0.03395996,"Membrane, Cell membrane",Cell membrane
ENSP00000273963,0.17304687400000002,0.6984375,0.446875,0.049072267999999995,0.10185546799999998,0.08266601200000001,0.016070556,0.19257812400000002,0.243945312,0.34375,0.029150389999999998,Cytoplasm,Nucleus
ENSP00000274457,0.127734376,0.61484375,0.50625,0.020202636,0.1578125,0.152929686,0.012902833999999998,0.14140625,0.24370117400000005,0.16572265800000002,0.006469725999999999,Cytoplasm,Nucleus
ENSP00000293771,0.040429686000000006,0.14736327999999999,0.94453125,0.011914064000000002,0.023449708,0.038769534,0.0066802960000000005,0.07214355400000001,0.03046875,0.071923826,0.0023590059999999994,Nucleus,Nucleus
ENSP00000365931,0.04904785,0.27539062400000003,0.95703125,0.048999023999999995,0.062695312,0.050122072000000004,0.002110672,0.028466796,0.016503906,0.031835937999999994,0.0020835859999999997,Nucleus,Nucleus
ENSP00000262056,0.196484376,0.59375,0.445312498,0.02265625,0.21386718799999999,0.08911132799999999,0.007221983999999999,0.174902344,0.23339843600000001,0.152050778,0.0030258180000000004,Cytoplasm,Cytoplasm
ENSP00000501797,0.348046874,0.79921875,0.24980468399999997,0.193554688,0.330859376,0.254882814,0.06977538999999999,0.218359376,0.163964844,0.71015625,0.15573730400000002,"Cytoplasm, Golgi apparatus","Cytoplasm, Cell membrane, Endoplasmic reticulum"
ENSP00000209884,0.273046876,0.6890625,0.475390628,0.078564454,0.20546875,0.132714842,0.017510986,0.171777344,0.21347656399999998,0.272265628,0.05895996,Cytoplasm,"Cytoplasm, Golgi apparatus"
ENSP00000379843,0.107421874,0.289648438,0.91796875,0.028833008,0.14941406399999999,0.09150390400000001,0.0039037680000000006,0.043823242,0.053588866,0.049084472000000004,0.009083558,Nucleus,Nucleus
ENSP00000497850,0.84921875,0.329296874,0.128027342,0.05815429799999999,0.68359375,0.058325194000000004,0.000813294,0.496484376,0.430078126,0.370703124,0.0288208,"Membrane, Cell membrane",Cell membrane
ENSP00000422784,0.19140625,0.211132812,0.057519532,0.86875,0.163671876,0.069384766,0.03269043,0.272656248,0.377343752,0.29882812599999997,0.0036880500000000004,Extracellular,"Endoplasmic reticulum, Golgi apparatus"
ENSP00000504385,0.08559570400000001,0.26796875200000003,0.83828125,0.173828126,0.046020508,0.06098632799999999,0.018347168,0.069726562,0.009753415999999999,0.046801758,0.00028915399999999996,Nucleus,Nucleus
ENSP00000238146,0.05805663800000001,0.09418945199999999,0.90234375,0.071459962,0.024975588,0.12353515600000001,0.00103054,0.053369141999999994,0.021899414,0.043066405999999995,0.0026245120000000003,Nucleus,Nucleus
ENSP00000361676,0.07314453,0.449609376,0.7640625,0.09072265799999998,0.038574218,0.047753906,0.00546875,0.084716796,0.100976562,0.10395507600000001,0.006321716,Nucleus,Nucleus
ENSP00000455982,0.054687498,0.21425780999999997,0.89140625,0.009503176,0.029980466,0.11328124800000001,0.016455078,0.039038086,0.033679196,0.024182130000000003,0.019271852,Nucleus,"Nucleus, Golgi apparatus"
ENSP00000452721,0.567578126,0.68125,0.31796875,0.041674803999999996,0.53046875,0.12617187400000002,0.001423644,0.283984374,0.659375,0.41679687200000004,0.0038208039999999997,"Membrane, Cytoplasm, Cell membrane, Lysosome/Vacuole","Cytoplasm, Cell membrane"
ENSP00000419765,0.06772460999999999,0.092041016,0.95390625,0.13125000199999998,0.038769531999999995,0.015075684,0.0023452760000000003,0.035400391999999996,0.21757812800000004,0.10747070200000002,0.0035903940000000002,Nucleus,Nucleus
ENSP00000500708,0.09926757600000001,0.61875,0.6,0.080175782,0.030322265999999997,0.384375,0.013934325999999997,0.087646484,0.24541015800000002,0.195703122,0.009555052,"Cytoplasm, Nucleus",Nucleus
ENSP00000362238,0.195410156,0.72578125,0.449609374,0.035095216,0.236523438,0.088818358,0.031713868,0.098046874,0.230859376,0.246093748,0.013336181999999999,Cytoplasm,Golgi apparatus
ENSP00000386184,0.111523436,0.538281248,0.559375,0.046838378,0.07705078400000001,0.11342773400000002,0.002029326,0.28676757999999997,0.146289062,0.103271484,0.09990234399999999,"Cytoplasm, Nucleus",Nucleus
ENSP00000351383,0.054248045999999994,0.214160156,0.9703125,0.14531249799999998,0.034423828000000004,0.01104126,0.001125526,0.079541012,0.037805176,0.065624998,0.0017356859999999997,Nucleus,Nucleus
ENSP00000456908,0.21621093600000002,0.499609374,0.69765625,0.013159177999999999,0.104101564,0.298046876,0.000638294,0.22792969,0.160937502,0.215039062,0.0024795520000000003,"Cytoplasm, Nucleus",Mitochondrion
ENSP00000505465,0.503125,0.382421874,0.20195312599999998,0.03762207,0.320898436,0.38867187400000003,0.00507965,0.3703125,0.53203125,0.250683594,0.44042968800000004,Membrane,Cytoplasm
ENSP00000338235,0.88515625,0.16875,0.1796875,0.051342772,0.395703126,0.112402344,0.0058517460000000006,0.7921875,0.23222656000000003,0.4015625,0.107836916,"Membrane, Endoplasmic reticulum",Endoplasmic reticulum
ENSP00000174618,0.115332034,0.466015624,0.840625,0.024304198,0.055810545999999996,0.241992188,0.00028572,0.040966796,0.04694824400000001,0.150488282,0.006216429999999999,Nucleus,Nucleus
ENSP00000479078,0.583203126,0.6640625,0.366796876,0.04958496,0.572265626,0.189453124,0.0011783619999999999,0.287695312,0.69375,0.391015626,0.006820680000000001,"Membrane, Cytoplasm, Cell membrane, Lysosome/Vacuole","Cytoplasm, Cell membrane"
ENSP00000406144,0.491015624,0.393359374,0.218945312,0.031127929999999998,0.335546876,0.3859375,0.006073,0.369726564,0.532421876,0.250585938,0.4109375,Membrane,Cytoplasm
ENSP00000377782,0.067456056,0.199609374,0.965625,0.03713379,0.064306642,0.06582030999999999,0.015130614,0.017187502,0.023156736,0.05786132799999999,0.007829282,Nucleus,Nucleus
ENSP00000354034,0.69609375,0.335742188,0.242773436,0.14218750200000002,0.76015625,0.104101564,0.013659668000000003,0.273046876,0.354296874,0.377734376,0.014953613999999999,"Membrane, Cell membrane",Cell membrane
ENSP00000392811,0.65,0.295898438,0.223828126,0.268359374,0.80703125,0.0519043,0.015527343999999998,0.20195312599999998,0.388281248,0.278320312,0.020220948,"Membrane, Cell membrane",Cell membrane
ENSP00000506632,0.671875,0.27578125,0.36093750199999997,0.265917968,0.228710938,0.30625,0.012841795999999999,0.498437502,0.58671875,0.422265624,0.12481689399999998,"Membrane, Lysosome/Vacuole","Cytoplasm, Cell membrane"
ENSP00000505154,0.253515626,0.58046875,0.34062500399999995,0.321874998,0.253320312,0.416796874,0.0032577499999999994,0.177246092,0.226757812,0.06254883,0.00977783,Cytoplasm,"Cytoplasm, Nucleus"
ENSP00000445021,0.90234375,0.113183594,0.07460937399999999,0.154589844,0.430078128,0.125488282,0.009973146,0.7671875,0.46210937799999996,0.87265625,0.031420899999999995,"Membrane, Endoplasmic reticulum, Golgi apparatus",Cell membrane
ENSP00000479888,0.58984375,0.584375,0.367578126,0.054541016,0.517578126,0.15908203199999998,0.0012260440000000001,0.224609376,0.69296875,0.455859378,0.00875244,"Membrane, Cytoplasm, Lysosome/Vacuole","Cytoplasm, Cell membrane"
ENSP00000450036,0.78125,0.229882812,0.194140624,0.197265624,0.665625,0.076074218,0.0016181939999999999,0.397265624,0.6484375,0.491015624,0.066113282,"Membrane, Cell membrane, Lysosome/Vacuole","Endoplasmic reticulum, Golgi apparatus"
ENSP00000265537,0.26777343800000003,0.14453125,0.112304688,0.10048828000000001,0.070117188,0.934375,0.028051758,0.118847656,0.07802734200000001,0.091992186,0.10166015399999999,Mitochondrion,Mitochondrion
ENSP00000380690,0.376171874,0.64140625,0.315039064,0.04436035,0.25566405999999997,0.132324218,0.003135682,0.16699219,0.39082031,0.659375,0.036962894,Cytoplasm,Cytoplasm
ENSP00000294409,0.03327637,0.233007812,0.93125,0.07788086000000001,0.026391600000000005,0.016552732,0.007197572000000001,0.024365233999999996,0.0164978,0.031469724,0.0007789619999999999,Nucleus,Nucleus
ENSP00000412530,0.120800782,0.463671876,0.567578124,0.019512938,0.08124999999999999,0.067041016,0.020129398,0.101757812,0.111230466,0.077807618,0.003108214,Nucleus,Cytoplasm
ENSP00000307128,0.65078125,0.437500004,0.257812502,0.057421874000000005,0.72890625,0.203710938,0.004699706,0.31796875,0.323046876,0.229882812,0.060278319999999996,"Membrane, Cell membrane",Nucleus
ENSP00000341490,0.314843752,0.221875,0.12705078,0.8640625,0.34453125,0.12753906399999998,0.0032821660000000004,0.332421874,0.291210938,0.369921876,0.023388674,Extracellular,Nucleus
ENSP00000354874,0.532421876,0.446093748,0.45625,0.156689454,0.280468748,0.578125,0.08017578,0.62890625,0.33535156,0.516406252,0.40175781199999994,"Membrane, Endoplasmic reticulum",Nucleus
ENSP00000408858,0.301171874,0.7578125,0.21494140599999997,0.022973634,0.273828126,0.351367186,0.024728392,0.103515624,0.08408203,0.094726562,0.03753662,Cytoplasm,Cytoplasm
ENSP00000446410,0.287304688,0.640625,0.329296874,0.044335936,0.20019531399999999,0.176367188,0.009206391999999999,0.18808593999999998,0.25585937400000003,0.31035156399999997,0.081835936,Cytoplasm,Cytoplasm
ENSP00000290597,0.30527344,0.17792969,0.103417966,0.078125,0.148925782,0.9171875,0.010241697999999999,0.07714844,0.136621094,0.118847656,0.128027344,Mitochondrion,Mitochondrion
ENSP00000337816,0.5609375,0.19296875,0.152343748,0.533984376,0.7015625,0.15937499800000002,0.0029289219999999996,0.329296876,0.309179688,0.301171874,0.029467772000000003,"Membrane, Cell membrane",Cell membrane
ENSP00000419516,0.7140625,0.188867188,0.2890625,0.05278320200000001,0.142578126,0.496484376,0.020849609999999998,0.63515625,0.219531248,0.378906252,0.179003906,"Membrane, Endoplasmic reticulum",Nucleus
ENSP00000364118,0.032202148,0.281054688,0.9359375,0.032629394,0.028686522,0.083105468,0.00263672,0.018060304000000003,0.046264646,0.041625976,0.008917236,Nucleus,Nucleus
ENSP00000376826,0.335937498,0.72578125,0.29921875,0.21845703199999997,0.31796875199999997,0.174902344,0.0045700079999999995,0.094287108,0.20703125,0.323828126,0.05617675799999999,Cytoplasm,"Cytoplasm, Cell membrane"
ENSP00000410707,0.09521484399999999,0.66875,0.544140626,0.008364868000000001,0.09750976600000001,0.058691406,0.0008279800000000001,0.25976562599999997,0.25205078200000003,0.40820312400000003,0.00156021,"Cytoplasm, Nucleus","Cytoplasm, Nucleus"
ENSP00000350469,0.414453124,0.64296875,0.448437502,0.063427732,0.544921876,0.15097656399999998,0.006005862,0.230664062,0.242578126,0.200976562,0.113964844,"Cytoplasm, Cell membrane",Cell membrane
ENSP00000216190,0.147558592,0.597265624,0.497265624,0.06022949400000001,0.05181884999999999,0.087255856,0.060620116,0.23203124800000002,0.06612549200000002,0.20966797,0.0006979919999999999,Cytoplasm,Cytoplasm
ENSP00000426451,0.247851564,0.61796875,0.4328125,0.039978028000000006,0.18671875000000002,0.09531249800000001,0.028479004000000002,0.2203125,0.352734372,0.319531252,0.062524412,Cytoplasm,Nucleus
ENSP00000260803,0.083544922,0.4140625,0.909375,0.010906981999999999,0.06171875,0.17421875,0.011401368,0.041259765999999996,0.060351560000000005,0.052319335999999994,0.0072631860000000005,Nucleus,Nucleus
ENSP00000220751,0.47109375,0.7234375,0.43867187799999996,0.026220704,0.49023437400000003,0.22978515600000002,0.001537322,0.24042968999999997,0.423046876,0.30605468999999996,0.015686035999999997,"Membrane, Cytoplasm",Cytoplasm
ENSP00000311837,0.5890625,0.61953125,0.365625,0.12060546799999998,0.646875,0.13173828199999998,0.0013122560000000001,0.105859372,0.30185546799999996,0.283984376,0.0018981920000000004,"Membrane, Cytoplasm, Cell membrane",Cell membrane
ENSP00000427820,0.23183593600000002,0.565625,0.457421876,0.204736328,0.187304688,0.32617187799999997,0.020214844000000003,0.19570312799999998,0.215039062,0.331249998,0.086816406,Cytoplasm,Nucleus
ENSP00000361667,0.89140625,0.113476562,0.174414062,0.036450196000000004,0.22011718600000002,0.141796876,0.010043334,0.771875,0.55625,0.428515624,0.006143190000000001,"Membrane, Endoplasmic reticulum",Nucleus
ENSP00000377093,0.81015625,0.135546874,0.291992184,0.027319336,0.118945314,0.503515624,0.031860351999999995,0.7796875,0.22519531600000003,0.41601562599999997,0.20351562799999998,"Membrane, Endoplasmic reticulum",Nucleus
ENSP00000307318,0.25195312599999997,0.191601562,0.081738282,0.70078125,0.215429688,0.053955078000000004,0.028137208000000004,0.42265625,0.358007812,0.36523437400000003,0.013330078,Extracellular,Endoplasmic reticulum
ENSP00000293404,0.2578125,0.193359374,0.152929686,0.084130858,0.14707031,0.7109375,0.143847656,0.112207032,0.09375,0.12773437599999998,0.09716796999999999,Mitochondrion,Mitochondrion
ENSP00000264639,0.25253906000000004,0.66953125,0.5546875,0.022985842,0.19628906200000001,0.1140625,0.00836792,0.121679688,0.29296875,0.3015625,0.00413208,"Cytoplasm, Nucleus","Cytoplasm, Nucleus"
ENSP00000393621,0.3453125,0.725,0.290234374,0.21728515599999998,0.326953124,0.17480468600000001,0.005052186,0.09453125,0.215039064,0.3140625,0.067236328,Cytoplasm,"Cytoplasm, Cell membrane"
ENSP00000498712,0.28339843600000003,0.21191406200000001,0.21972656399999999,0.102001954,0.07363281399999999,0.9046875,0.066723632,0.201074216,0.067065428,0.087060546,0.165039064,Mitochondrion,Mitochondrion
ENSP00000434192,0.254882812,0.27890625,0.18203125,0.084814452,0.101367188,0.909375,0.035473634,0.089941406,0.068798828,0.07675781200000001,0.177832032,Mitochondrion,Mitochondrion
ENSP00000429826,0.20781250199999998,0.65078125,0.44765624800000003,0.221875002,0.179003906,0.27753906400000006,0.006527712,0.24726562400000002,0.31113281600000003,0.276562502,0.14545898200000001,Cytoplasm,Golgi apparatus
ENSP00000366460,0.859375,0.17304687400000002,0.068457032,0.184765626,0.809375,0.043750000000000004,0.006484986,0.392968752,0.59296875,0.576171874,0.056787109999999995,"Membrane, Cell membrane, Lysosome/Vacuole",Nucleus
ENSP00000438276,0.058886720000000004,0.48203125,0.821875,0.103393556,0.0828125,0.030078124,0.008265686,0.087060548,0.06899414,0.10966796999999999,0.09885254,"Cytoplasm, Nucleus",Nucleus
ENSP00000500467,0.039575194,0.352734376,0.8640625,0.09252929400000001,0.038916016,0.076660158,0.000691604,0.040234374,0.018273926000000003,0.047680662,0.002315522,Nucleus,Nucleus
ENSP00000403411,0.138378908,0.2203125,0.89453125,0.005303956,0.06845703,0.20429687400000002,0.002553558,0.031060789999999998,0.09875488399999999,0.027124023999999997,0.0035415640000000005,Nucleus,Nucleus
ENSP00000391200,0.063623048,0.19980469,0.9265625,0.034802243999999996,0.05488280999999999,0.072265624,0.000597,0.07666015799999999,0.071386718,0.07658691599999999,0.004776,Nucleus,Nucleus
ENSP00000262366,0.051953123999999996,0.405078126,0.9140625,0.01048584,0.029187010000000003,0.063500976,0.000260974,0.043725586,0.097998046,0.059814452,0.003819274,Nucleus,Nucleus
ENSP00000309826,0.078222656,0.292968752,0.90859375,0.012805174000000002,0.073144534,0.130273438,0.030468751999999998,0.04680176,0.031262208,0.058911132,0.00305786,Nucleus,Nucleus
ENSP00000317445,0.290429686,0.14199218600000002,0.10273437199999999,0.93359375,0.25410156400000006,0.16533203000000002,0.018505855999999998,0.238671876,0.425781248,0.380273436,0.02980957,Extracellular,Cytoplasm
ENSP00000302993,0.049511717999999996,0.21552734,0.96953125,0.13896484599999998,0.029418946,0.0097229,0.001324272,0.081835938,0.041125488,0.061950686,0.001663972,Nucleus,Nucleus
ENSP00000269383,0.09853515799999998,0.7578125,0.5203125,0.0850708,0.068774416,0.41464844,0.00033398000000000005,0.199316404,0.35859375,0.2828125,0.018304441999999997,Cytoplasm,"Cytoplasm, Nucleus"
ENSP00000258385,0.86015625,0.13642578,0.123925782,0.053930663999999996,0.87578125,0.045776368,0.004203800000000001,0.215527346,0.22519531399999998,0.151074218,0.070776368,"Membrane, Cell membrane",Cell membrane
ENSP00000388320,0.26328125,0.49375,0.696875,0.009771727999999999,0.134082032,0.272851562,0.000503064,0.2234375,0.18222656399999998,0.20732421799999998,0.001879884,"Cytoplasm, Nucleus",Mitochondrion
ENSP00000257570,0.19433593799999999,0.580859376,0.47734375,0.35703125,0.237499996,0.292773436,0.000929834,0.296289064,0.245703128,0.07133789,0.011366272,Cytoplasm,Cytoplasm
ENSP00000354499,0.87890625,0.06533203400000001,0.09321288999999999,0.021051024,0.659375,0.0890625,0.040234376,0.4796875,0.355664062,0.292578126,0.012246702,"Membrane, Cell membrane",Mitochondrion
ENSP00000499031,0.161132814,0.43515625199999997,0.82265625,0.082373048,0.199609374,0.062792968,0.00024289999999999997,0.068164062,0.05283203400000001,0.09223632799999999,0.002487946,Nucleus,"Cytoplasm, Nucleus"
ENSP00000356991,0.86171875,0.256445314,0.13076172000000003,0.092089842,0.8828125,0.06333008,0.0017105100000000002,0.23749999800000002,0.383203126,0.296484376,0.07993164000000001,"Membrane, Cell membrane",Cell membrane
ENSP00000484105,0.08720703,0.5890625,0.6640625,0.05012207,0.027563477999999995,0.407421874,0.014080808,0.061791992000000004,0.247851562,0.179882812,0.012554932000000001,"Cytoplasm, Nucleus",Nucleus
ENSP00000366936,0.613671874,0.67421875,0.273046876,0.048754884,0.734375,0.278710938,0.0037078840000000003,0.183398436,0.215039062,0.29101562599999997,0.056359864,"Membrane, Cytoplasm, Cell membrane",Cytoplasm
ENSP00000353971,0.340234376,0.510546876,0.58359375,0.028466798000000005,0.313671874,0.13046875,0.007228086,0.308789062,0.429296876,0.414453126,0.016595458,"Cytoplasm, Nucleus",Cytoplasm
ENSP00000339532,0.031921386,0.5875,0.7859375,0.014855956,0.023803711999999998,0.12133788999999999,0.103857424,0.07421875,0.030859374000000002,0.18876953,0.002153016,"Cytoplasm, Nucleus","Cytoplasm, Nucleus"
ENSP00000401823,0.172656252,0.79140625,0.62890625,0.009445188,0.10253906399999999,0.09824218600000001,0.006045532,0.15917968799999999,0.10419921800000001,0.151953128,0.04375,"Cytoplasm, Nucleus",Cytoplasm
ENSP00000329687,0.387109378,0.61640625,0.64921875,0.021704101999999996,0.5359375,0.097265626,0.010250854,0.08974609200000001,0.16718749800000002,0.189648438,0.006669616000000001,"Cytoplasm, Nucleus, Cell membrane",Cell membrane
ENSP00000368867,0.095507814,0.25214843600000003,0.9421875,0.014141846,0.057226562,0.092089844,0.019030764,0.034667968,0.0237854,0.07695312600000001,0.01901245,Nucleus,Nucleus
ENSP00000452984,0.303710936,0.73984375,0.220117188,0.12456054600000002,0.242578126,0.214453126,0.03828125,0.350390624,0.175585938,0.45390625,0.22253418000000003,Cytoplasm,"Cytoplasm, Nucleus"
ENSP00000451621,0.30341797000000004,0.70546875,0.5875,0.05842284799999999,0.11840820199999999,0.20595703199999998,0.0046363820000000005,0.17128906000000002,0.24277343800000004,0.5396484380000001,0.017318728000000002,"Cytoplasm, Nucleus",Nucleus
ENSP00000486501,0.06069336000000001,0.383203126,0.88515625,0.020568848,0.058349609999999996,0.08886718799999999,0.002993392,0.078417972,0.028417970000000004,0.023925779999999997,0.012031558000000001,Nucleus,Nucleus
ENSP00000457746,0.052587890000000005,0.34882812799999996,0.92109375,0.05654296799999999,0.033911133999999996,0.10605468599999998,0.005300902,0.21757812800000004,0.034643554,0.11445312599999999,0.0013641380000000002,Nucleus,"Cytoplasm, Nucleus"
ENSP00000485289,0.100878906,0.76015625,0.484765626,0.006451416,0.10571288999999999,0.4203125,0.09614258000000002,0.03955078199999999,0.046997069999999995,0.065405274,0.36914062200000003,Cytoplasm,Cytoplasm
ENSP00000355743,0.053662108,0.265820312,0.9421875,0.03544921799999999,0.041650389999999995,0.09741210600000001,0.003279112,0.05830078200000001,0.027038574,0.048632812000000004,0.001010894,Nucleus,Nucleus
ENSP00000481873,0.29453125,0.77890625,0.359375002,0.08666992,0.350390626,0.243554688,0.006796263999999999,0.143945312,0.288281252,0.352734374,0.011354066,Cytoplasm,Nucleus
ENSP00000384695,0.173242188,0.22949218600000001,0.06264648399999999,0.85078125,0.142968752,0.07270507600000001,0.036657713999999994,0.311328124,0.37265625,0.253710938,0.004216002,Extracellular,"Endoplasmic reticulum, Golgi apparatus"
ENSP00000274054,0.01199951,0.55078125,0.84921875,0.136523438,0.012426758,0.047436521999999995,0.001792146,0.131640626,0.020202636,0.09912109399999999,0.007452394000000001,"Cytoplasm, Nucleus","Cytoplasm, Nucleus"
ENSP00000353013,0.81875,0.23125,0.127246094,0.27109375,0.83671875,0.07172851599999999,0.0055511480000000005,0.273828128,0.3609375,0.44726562599999997,0.097558594,"Membrane, Cell membrane",Endoplasmic reticulum
ENSP00000386297,0.234375,0.508203126,0.208203126,0.8015625,0.200585938,0.21093749799999997,0.004282000000000001,0.288085938,0.385546874,0.376367188,0.16889648599999998,"Cytoplasm, Extracellular",Cytoplasm
ENSP00000378228,0.525,0.74296875,0.27890625199999997,0.052600096000000006,0.516015626,0.10634765399999999,0.005279542,0.111376952,0.5703125,0.50546875,0.002219008,"Membrane, Cytoplasm, Lysosome/Vacuole",Golgi apparatus
ENSP00000318883,0.61171875,0.335156252,0.19394531399999998,0.19042968799999999,0.241992186,0.61875,0.018811035999999996,0.26347656,0.30859375,0.2171875,0.7125,Membrane,Mitochondrion
ENSP00000484345,0.553125,0.684375,0.385546874,0.050610352000000004,0.512109376,0.19257812400000002,0.003346252,0.288867186,0.537109376,0.523828124,0.009628295999999998,"Membrane, Cytoplasm","Cytoplasm, Cell membrane"
ENSP00000355866,0.20917968999999997,0.65703125,0.493359374,0.015673826000000002,0.292578124,0.193652344,0.003437804,0.183984374,0.144628906,0.178906246,0.01130371,Cytoplasm,"Cytoplasm, Nucleus"
ENSP00000403974,0.06997070200000001,0.459375,0.77109375,0.092285154,0.034399412,0.056787107999999996,0.007144929999999999,0.090112306,0.139941406,0.13173827999999999,0.003923034,Nucleus,Nucleus
ENSP00000366450,0.859375,0.17421875,0.06728515399999999,0.17871093999999998,0.8078125,0.043530272,0.007897948,0.408984374,0.5984375,0.58046875,0.057958984000000005,"Membrane, Cell membrane, Lysosome/Vacuole",Nucleus
ENSP00000413029,0.189062502,0.305468748,0.209179688,0.6234375,0.160156252,0.10566405999999999,0.130078126,0.32578125,0.3109375,0.4390625,0.20410156599999998,None,Nucleus
ENSP00000395942,0.40429687799999997,0.551171874,0.44296875,0.072863768,0.240039062,0.070605468,0.004766843999999999,0.232031252,0.388476562,0.54375,0.012039183999999998,Cytoplasm,Golgi apparatus
ENSP00000414379,0.430078126,0.7140625,0.365039062,0.004924012,0.285937498,0.33515625,0.07293701,0.338964842,0.08486328000000001,0.08894042799999999,0.026171876,Cytoplasm,Cytoplasm
ENSP00000484162,0.158984374,0.505078124,0.70234375,0.052026366000000004,0.141113282,0.297851564,0.002660368,0.28320312400000003,0.11230468599999999,0.21005859400000002,0.06630859200000001,"Cytoplasm, Nucleus",Nucleus
ENSP00000355427,0.06201171800000001,0.19785156399999998,0.925,0.041113282,0.053515626000000004,0.064697266,0.000658416,0.07006836,0.070068356,0.08276367,0.003805542,Nucleus,Nucleus
ENSP00000311318,0.285546874,0.555859374,0.551171876,0.038891602000000004,0.114160156,0.152246094,0.000600242,0.4328125,0.369921872,0.412304684,0.031103514,"Cytoplasm, Nucleus",Mitochondrion
ENSP00000263102,0.149902344,0.74609375,0.479296876,0.018920896,0.153710938,0.137304688,0.001414488,0.09609375,0.18828125,0.18632812599999998,0.002737426,Cytoplasm,Cytoplasm
ENSP00000388173,0.09140624800000001,0.317578124,0.95390625,0.041235350000000004,0.091308592,0.05493164199999999,0.000564384,0.035400391999999996,0.025842286000000003,0.030639648000000002,0.009326172,Nucleus,Nucleus
ENSP00000346196,0.258984376,0.211328124,0.180859376,0.05087890399999999,0.10209960600000001,0.9140625,0.0062438979999999995,0.07470703000000001,0.031176758000000006,0.088183592,0.044091796,Mitochondrion,Mitochondrion
ENSP00000503886,0.09604492199999999,0.69921875,0.65859375,0.006874086,0.058886720000000004,0.044848632,0.001143266,0.29882812599999997,0.224414062,0.332226562,0.001238252,"Cytoplasm, Nucleus","Cytoplasm, Nucleus"
ENSP00000356046,0.276953124,0.78203125,0.398437498,0.016815186,0.29833984199999997,0.24082031600000003,0.0034637459999999993,0.12988281200000001,0.31875,0.214257812,0.032714846000000006,Cytoplasm,Nucleus
ENSP00000481304,0.48671875,0.540234376,0.50390625,0.013085938,0.279492188,0.37695312799999997,0.0023574839999999995,0.40703125,0.445507816,0.553515624,0.12138671999999999,"Membrane, Cytoplasm",Nucleus
ENSP00000358932,0.421875,0.433203124,0.347265624,0.11943359,0.244335938,0.420703128,0.012794495999999999,0.408984374,0.284960938,0.25234375,0.45898437599999997,None,Nucleus
ENSP00000311486,0.347656246,0.56953125,0.476171874,0.13486327999999997,0.329687498,0.35703125199999997,0.007759093999999999,0.301757812,0.43203125,0.39609375199999997,0.03664550800000001,Cytoplasm,Lysosome/Vacuole
ENSP00000489696,0.293164058,0.55703125,0.50234375,0.086035156,0.16943359200000002,0.307617188,0.066992186,0.06567382799999999,0.06372070199999999,0.11323241999999997,0.154492188,Cytoplasm,Cytoplasm
ENSP00000403044,0.22832031400000002,0.64765625,0.293164062,0.011541748,0.148925782,0.27929687599999997,0.019403838,0.032861328,0.072607422,0.187695312,0.005197144,Cytoplasm,Nucleus
ENSP00000497587,0.300390624,0.17480468600000001,0.130078126,0.030871581999999998,0.10590820200000002,0.92421875,0.064013672,0.052099608,0.080371092,0.093603514,0.11931152600000001,Mitochondrion,Mitochondrion
ENSP00000357484,0.410937502,0.63984375,0.391015624,0.017840576,0.37304687599999997,0.13017578,0.0033767679999999996,0.171484374,0.19013671999999998,0.332226564,0.0043075579999999995,Cytoplasm,Golgi apparatus
ENSP00000333049,0.401953124,0.6703125,0.56484375,0.046777344,0.380664062,0.205273436,0.002438354,0.11152343800000002,0.324804688,0.278320314,0.00883789,"Cytoplasm, Nucleus","Cytoplasm, Nucleus"
ENSP00000477967,0.6265625,0.31874999800000003,0.23593749800000002,0.192773438,0.24765624800000002,0.607421874,0.014794924000000001,0.267773438,0.176660158,0.190039062,0.7296875,"Membrane, Peroxisome",Mitochondrion
ENSP00000354961,0.640625,0.13437499800000002,0.4109375,0.06691894400000001,0.3578125,0.15395507800000002,0.023295594,0.753125,0.021528626,0.057373048,0.026715085999999992,"Membrane, Endoplasmic reticulum",Mitochondrion
ENSP00000339530,0.11342773400000002,0.280859376,0.79765625,0.052832031999999994,0.133154298,0.12451171800000001,0.003623962,0.12553710999999998,0.12421875,0.079736326,0.012662124000000002,Nucleus,Nucleus
ENSP00000275227,0.8390625,0.164257814,0.07949219,0.03527832,0.64453125,0.136230468,0.0033676120000000003,0.403515626,0.7765625,0.51796875,0.009106446,"Membrane, Cell membrane, Lysosome/Vacuole",Cytoplasm
ENSP00000433771,0.24462891,0.8109375,0.449609374,0.011996458,0.23339843799999999,0.206835938,0.005520631999999999,0.152832034,0.29921875,0.19814453,0.025073242000000003,Cytoplasm,Nucleus
ENSP00000497847,0.214648438,0.78671875,0.36835937799999996,0.038256836,0.31445312400000003,0.328906248,0.009544372,0.23164062199999996,0.3859375,0.374023436,0.05871581799999999,Cytoplasm,Cytoplasm
ENSP00000438460,0.259179686,0.222656252,0.740625,0.400976562,0.30019531,0.269140624,0.001317024,0.3703125,0.242382812,0.06777343799999999,0.9140625,"Nucleus, Peroxisome",Nucleus
ENSP00000268379,0.3296875,0.22734375,0.06997070400000001,0.085351562,0.07949218799999999,0.9046875,0.14194335800000002,0.060253906,0.069287108,0.08095703399999998,0.056347658,Mitochondrion,Mitochondrion
ENSP00000503453,0.164648438,0.282617188,0.77734375,0.09091796999999999,0.075781248,0.191015626,0.00600586,0.17109375,0.207812498,0.096484374,0.046948241999999994,Nucleus,Nucleus
ENSP00000379285,0.319531252,0.146093752,0.133300782,0.059326171999999996,0.130468752,0.91328125,0.104980466,0.10097656399999999,0.061621094,0.067285156,0.07553710999999999,Mitochondrion,Mitochondrion
ENSP00000357914,0.04340820199999999,0.250195312,0.96484375,0.06904297000000001,0.03132324,0.019299318000000003,0.001074982,0.043212892,0.016687012,0.030249024000000003,0.0007328039999999999,Nucleus,Nucleus
ENSP00000333779,0.82265625,0.18476562400000002,0.136621092,0.175683596,0.75859375,0.09321288800000001,0.009144592,0.238671876,0.555859376,0.291406252,0.11474609200000001,"Membrane, Cell membrane",Cell membrane
ENSP00000397759,0.58515625,0.71484375,0.290039062,0.026763916,0.417578126,0.21796875,0.009043882,0.410937498,0.548828126,0.75546875,0.027490236,"Membrane, Cytoplasm, Golgi apparatus",Golgi apparatus
ENSP00000307260,0.765625,0.2265625,0.266210938,0.062011720000000006,0.27109375,0.23339843799999999,0.019433594,0.771875,0.324414062,0.38437500199999997,0.091894532,"Membrane, Endoplasmic reticulum",Cytoplasm
ENSP00000423712,0.109179688,0.491015624,0.60234375,0.011364746,0.048193358,0.052978517999999995,0.001268004,0.022961426,0.035424806,0.05913085999999999,0.00787964,"Cytoplasm, Nucleus","Cytoplasm, Cell membrane"
ENSP00000380142,0.27890625,0.47070312400000003,0.58828125,0.027099610000000003,0.178125,0.253417968,0.014904784,0.178808594,0.23027344,0.138183594,0.027880858,"Cytoplasm, Nucleus",Nucleus
ENSP00000490739,0.34042968800000006,0.542187498,0.396875,0.508203124,0.25546875,0.17421875,0.005500794,0.10927734199999999,0.290039064,0.11108398400000001,0.324902344,Cytoplasm,"Cytoplasm, Nucleus, Cell membrane"
ENSP00000429947,0.252539062,0.70859375,0.528125,0.017626954,0.24863281399999998,0.17724609399999997,0.014347842,0.289453124,0.246289064,0.24882812599999998,0.020947264,"Cytoplasm, Nucleus",Cytoplasm
ENSP00000276603,0.151855468,0.294726562,0.81796875,0.035595704,0.050683594,0.18779297,0.0038116439999999994,0.107714844,0.17265625,0.11601562400000001,0.03046875,Nucleus,Nucleus
ENSP00000383919,0.233789064,0.82265625,0.344140626,0.098681642,0.36328125,0.056152344,0.0004882819999999999,0.09638672,0.24765625,0.3453125,0.008526608,Cytoplasm,"Cytoplasm, Nucleus"
ENSP00000497692,0.358984374,0.528125,0.415234376,0.083544922,0.229296874,0.224414062,0.011962892,0.389648438,0.4796875,0.429296874,0.013436890000000002,Cytoplasm,Nucleus
ENSP00000438154,0.156640624,0.6578125,0.40429687200000003,0.12409667800000002,0.283789062,0.098388672,0.019700624000000003,0.13862304600000003,0.113378906,0.110791016,0.0048980740000000005,Cytoplasm,"Cytoplasm, Nucleus"
ENSP00000408854,0.159277344,0.548046876,0.53671875,0.038500978000000005,0.11982421800000001,0.1046875,0.06463623,0.16142578000000002,0.281054686,0.21191406399999999,0.06333008,"Cytoplasm, Nucleus",Nucleus
ENSP00000254928,0.215234374,0.183984376,0.167968752,0.047412105999999996,0.066064454,0.94453125,0.022802734,0.12382812400000001,0.075048826,0.11699218600000001,0.144482422,Mitochondrion,"Cytoplasm, Mitochondrion"
ENSP00000376597,0.246289064,0.403515626,0.631640626,0.07583008,0.091699218,0.13583984200000002,0.005964662,0.09218749799999999,0.39609375,0.260546876,0.004763792,Nucleus,Nucleus
ENSP00000275072,0.174414062,0.67890625,0.30390625,0.3984375,0.290039062,0.174023436,0.00519867,0.278320314,0.331445312,0.202929688,0.144335938,Cytoplasm,Nucleus
ENSP00000476746,0.075585936,0.33984375,0.8640625,0.036010742,0.050976562,0.052807616,0.0048706059999999995,0.122851562,0.06918945200000001,0.05861816400000001,0.012683104,Nucleus,Nucleus
ENSP00000248450,0.101171872,0.60546875,0.78125,0.010670470000000001,0.178857422,0.076123046,0.01403961,0.05429687400000001,0.103515628,0.08852539000000001,0.044543458,"Cytoplasm, Nucleus",Cytoplasm
ENSP00000435375,0.144042968,0.366796874,0.7,0.035131836,0.036828612,0.15917968600000001,0.00045128,0.144921874,0.09948730400000001,0.07575683400000001,0.018835447999999998,Nucleus,Nucleus
ENSP00000483972,0.28359374800000003,0.69453125,0.330859374,0.031518555999999996,0.191406252,0.347265626,0.013320922000000002,0.07421874999999999,0.10996093599999998,0.249609374,0.03247985799999999,Cytoplasm,Nucleus
ENSP00000417207,0.187011718,0.324609376,0.8203125,0.008804320000000001,0.261914064,0.067285156,0.001189328,0.023571776,0.157128908,0.044628906,0.021069338,Nucleus,Nucleus
ENSP00000432878,0.508984374,0.6453125,0.274023438,0.172070312,0.475390624,0.483203126,0.142675782,0.327539066,0.20507812399999997,0.630078126,0.236328126,"Membrane, Cytoplasm","Cytoplasm, Cell membrane, Endoplasmic reticulum"
ENSP00000355814,0.195507814,0.63359375,0.428125002,0.040844726000000005,0.16113281200000001,0.374609376,0.042236328000000004,0.222851564,0.11933594,0.192382812,0.11430664199999999,Cytoplasm,Cytoplasm
ENSP00000302321,0.41953125,0.190039062,0.08798828,0.072314452,0.251367188,0.93984375,0.021386718,0.120214844,0.067089844,0.117480468,0.082177736,Mitochondrion,Mitochondrion
ENSP00000414103,0.6109375,0.54921875,0.328125004,0.11567383,0.36289062800000005,0.354687502,0.035473634,0.696875,0.48828125,0.7,0.18076171800000002,"Membrane, Cytoplasm, Endoplasmic reticulum, Golgi apparatus",Golgi apparatus
ENSP00000367483,0.266601562,0.313281252,0.1953125,0.703125,0.329296876,0.134960936,0.019958496,0.359765626,0.187695312,0.188867186,0.041943358,Extracellular,Nucleus
ENSP00000331927,0.066503908,0.20546875,0.78984375,0.051367187999999994,0.053735352,0.08935547000000002,0.0014400479999999998,0.037377928,0.045312498,0.04335937599999999,0.010626218000000002,Nucleus,Nucleus
ENSP00000507848,0.387890624,0.528515626,0.462109374,0.016284178,0.234179688,0.19404297,0.004569626,0.169628906,0.45898437599999997,0.21035156000000002,0.00956421,Cytoplasm,"Cytoplasm, Nucleus, Cell membrane"
ENSP00000369361,0.242968748,0.7828125,0.241796874,0.177734374,0.253906248,0.166015626,0.004928588,0.067333982,0.163867188,0.234570312,0.007188414,Cytoplasm,Cytoplasm
ENSP00000326194,0.20253905999999997,0.63671875,0.67421875,0.032299804,0.06459961,0.229882812,0.004275896,0.277929688,0.12675781,0.3578125,0.057446288,"Cytoplasm, Nucleus",Nucleus
ENSP00000252115,0.055908202,0.471875,0.78203125,0.024926758,0.0578125,0.042236328000000004,0.003208926,0.035937498,0.038580324,0.044946288,0.003515626,"Cytoplasm, Nucleus","Cytoplasm, Nucleus"
ENSP00000357881,0.04782714600000001,0.352734374,0.87109375,0.020422364000000002,0.040185548,0.065478514,0.010925293999999999,0.031054688000000004,0.027026368000000002,0.031640626,0.007080077999999999,Nucleus,"Cytoplasm, Nucleus, Cell membrane"
ENSP00000386502,0.290429688,0.532421876,0.5203125,0.049804686,0.371875,0.3796875,0.013208008000000002,0.050878906,0.20195312599999998,0.09418945399999999,0.003799436,Cytoplasm,Nucleus
ENSP00000401820,0.181445316,0.209375,0.05439453400000001,0.85859375,0.1453125,0.068310546,0.032592772,0.293164062,0.386328126,0.266406252,0.003990176,Extracellular,"Endoplasmic reticulum, Golgi apparatus"
ENSP00000440875,0.8828125,0.217578124,0.083886718,0.192968752,0.8765625,0.144726562,0.003616334,0.265625,0.4953125,0.56328125,0.04851074200000001,"Membrane, Cell membrane",Golgi apparatus
ENSP00000445928,0.16445312399999998,0.374609374,0.68359375,0.22148437199999998,0.144042968,0.269921876,0.014810179999999997,0.212109376,0.08671875,0.139941406,0.04597168,Nucleus,Nucleus
ENSP00000497268,0.092089842,0.62109375,0.69765625,0.045104979999999996,0.073925778,0.14160156399999999,0.032421873999999996,0.09443359600000001,0.217187498,0.10644531399999999,0.05513916,"Cytoplasm, Nucleus",Nucleus
ENSP00000368686,0.203515626,0.5125,0.8734375,0.016381834,0.137988282,0.27597656,0.00035340800000000004,0.056909178000000005,0.176855472,0.17695312400000002,0.157641602,"Cytoplasm, Nucleus",Nucleus
ENSP00000385020,0.515234376,0.66015625,0.36914062200000003,0.13930663999999998,0.5296875,0.154199218,0.002790834,0.06220703000000001,0.393945312,0.290234376,0.002732848,"Membrane, Cytoplasm, Cell membrane",Cell membrane
ENSP00000358300,0.10087890800000002,0.296875,0.87109375,0.202441406,0.050146484000000005,0.11621093999999998,0.008621216,0.058154295999999994,0.082666014,0.09897460799999999,0.000911712,Nucleus,Nucleus
ENSP00000470652,0.78125,0.087597656,0.313671876,0.031237793999999996,0.18115234600000002,0.246679688,0.0009067539999999999,0.7671875,0.265429686,0.7578125,0.11022949,"Membrane, Endoplasmic reticulum, Golgi apparatus",Golgi apparatus
ENSP00000283921,0.09013671599999999,0.34082031,0.8921875,0.04600830200000001,0.087890626,0.10288085799999999,0.001756286,0.048706054,0.06232910199999999,0.048950196,0.019299316,Nucleus,Nucleus
ENSP00000286234,0.6046875,0.61640625,0.316796872,0.045996094,0.55234375,0.20478515599999997,0.012335206000000001,0.236132812,0.49921875,0.521875,0.0048690800000000005,"Membrane, Cytoplasm, Cell membrane","Nucleus, Mitochondrion"
ENSP00000445690,0.33417968600000003,0.73671875,0.383203126,0.035803221999999996,0.285546876,0.156347658,0.006860350000000001,0.27070312199999996,0.253613282,0.4609375,0.005529786,Cytoplasm,Golgi apparatus
ENSP00000393333,0.89453125,0.209765624,0.07055664,0.027270508,0.85625,0.12109374799999999,0.0076141379999999995,0.35351562400000003,0.360156248,0.297265624,0.012715147999999999,"Membrane, Cell membrane",Cell membrane
ENSP00000228741,0.03708496,0.393750002,0.9515625,0.08125,0.016381836,0.049609372,0.0036193859999999996,0.107128906,0.021789551999999997,0.027465822,0.016717528000000002,Nucleus,Nucleus
ENSP00000446242,0.462109376,0.39609375,0.421875,0.196289064,0.24628906,0.63046875,0.012719730000000002,0.344140624,0.258984374,0.429296876,0.22734375,Membrane,Mitochondrion
ENSP00000357442,0.06875,0.4,0.890625,0.039916992,0.054931638000000005,0.05205078,0.015234376000000003,0.111376952,0.027880857999999998,0.067089844,0.0019943219999999998,Nucleus,Nucleus
ENSP00000502176,0.256835936,0.240429686,0.13056640400000002,0.07944336,0.10087890399999999,0.90703125,0.204492188,0.05468749799999999,0.07363280999999999,0.11591796800000001,0.041467284,Mitochondrion,Mitochondrion
ENSP00000388506,0.14814453,0.22128906399999998,0.75859375,0.047851562,0.10195312599999999,0.050878908,0.004243468,0.082080078,0.06997070200000001,0.356054688,0.002444648,Nucleus,Nucleus
ENSP00000296839,0.07158202999999999,0.3671875,0.85234375,0.026165769999999998,0.100537108,0.13378906200000001,0.000553988,0.032739256,0.024682617999999996,0.025292968000000006,0.008900452,Nucleus,Nucleus
ENSP00000273588,0.18046875,0.23828125,0.14453125,0.08745117200000001,0.10395507799999999,0.93828125,0.012683104,0.067285156,0.064501954,0.098437498,0.091455078,Mitochondrion,Mitochondrion
ENSP00000388357,0.052880857999999996,0.338671874,0.92109375,0.063842774,0.02878418,0.05480956800000001,0.006161498,0.031079100000000005,0.017272948,0.04365234400000001,0.000714872,Nucleus,Nucleus
ENSP00000387729,0.11850585799999999,0.81328125,0.560546874,0.06591796800000001,0.105273438,0.07290039200000001,0.019702149999999998,0.11206054600000001,0.15595703,0.256835934,0.00301361,"Cytoplasm, Nucleus","Cytoplasm, Cell membrane"
ENSP00000381461,0.187695312,0.4296875,0.40429687400000003,0.10439453000000001,0.114257812,0.09785156000000002,0.04031372,0.094970702,0.15419922,0.22822265599999997,0.020117186000000002,None,Nucleus
ENSP00000315587,0.07172851599999999,0.29902343600000003,0.9015625,0.03902588,0.042016602,0.07475586,0.000937842,0.05366211,0.038989256,0.060180663999999995,0.0005140279999999999,Nucleus,Nucleus
ENSP00000358033,0.291406252,0.19824218799999999,0.13359375,0.04628906,0.088330078,0.88515625,0.148046874,0.07177734200000001,0.06904296800000001,0.10937499800000001,0.066064454,Mitochondrion,Cytoplasm
ENSP00000426560,0.038427736,0.277929688,0.80546875,0.21748047,0.021398926000000002,0.22910156399999998,0.005830384,0.095605468,0.023547363999999998,0.07548828199999999,0.05084839,Nucleus,Nucleus
ENSP00000483421,0.19375,0.212695312,0.056396484000000004,0.87578125,0.159863282,0.07749023400000002,0.03164673,0.268359374,0.37695312599999997,0.259960938,0.002609256,Extracellular,"Endoplasmic reticulum, Golgi apparatus"
ENSP00000438521,0.5640625,0.64140625,0.300976564,0.051635742000000005,0.57890625,0.195214846,0.008367917999999998,0.289062498,0.551171874,0.429296876,0.028637693999999998,"Membrane, Cytoplasm, Cell membrane","Cytoplasm, Nucleus"
ENSP00000420269,0.225195312,0.29140625,0.138085938,0.15146484400000002,0.105859374,0.640234374,0.47734375,0.09277343600000001,0.063916014,0.11992187400000001,0.34765625,Mitochondrion,Cytoplasm
ENSP00000340883,0.126855468,0.53828125,0.87578125,0.076342774,0.101464844,0.082080078,0.0028915419999999996,0.09008788999999999,0.21630859400000002,0.145947264,0.0030029279999999998,"Cytoplasm, Nucleus",Nucleus
ENSP00000422951,0.19765625,0.59296875,0.70546875,0.053247067999999995,0.215039064,0.191601562,0.058862305999999996,0.05844726600000001,0.019885253999999998,0.13554687799999998,0.010455324,"Cytoplasm, Nucleus","Cytoplasm, Cell membrane, Endoplasmic reticulum"
ENSP00000445481,0.406640624,0.5703125,0.45898437599999997,0.14038086,0.34570312799999997,0.348437498,0.010824584,0.235742188,0.573046876,0.495703124,0.021936034,"Cytoplasm, Lysosome/Vacuole",Lysosome/Vacuole
ENSP00000504470,0.15917968799999999,0.305273436,0.8125,0.03178711,0.054736326,0.206933592,0.005453492,0.10625000199999998,0.162597656,0.123242186,0.038842772000000005,Nucleus,Nucleus
ENSP00000408963,0.013299561999999997,0.5140625,0.83671875,0.11508789,0.009738158,0.062646484,0.004707338,0.11323242400000003,0.017864991999999996,0.07497558600000001,0.015710448,"Cytoplasm, Nucleus","Cytoplasm, Nucleus"
ENSP00000399234,0.256835938,0.5546875,0.646875,0.07039795,0.187890626,0.17890625200000002,0.005735779999999999,0.207421874,0.08930664199999998,0.243945314,0.026452636,"Cytoplasm, Nucleus","Cytoplasm, Nucleus"
ENSP00000317437,0.191796874,0.5765625,0.61171875,0.030932616000000003,0.136621094,0.146874998,0.025805665999999998,0.331249998,0.41582031399999997,0.224414064,0.10546875,"Cytoplasm, Nucleus","Endoplasmic reticulum, Golgi apparatus"
ENSP00000479512,0.221484374,0.573046874,0.476562502,0.385156252,0.277343752,0.358593748,0.00121269,0.278515624,0.24287109199999998,0.062548828,0.019676208,Cytoplasm,Cytoplasm
ENSP00000246115,0.909375,0.206640624,0.07700195400000001,0.031249998,0.93984375,0.10839844000000001,0.004122926,0.258203126,0.297265628,0.229101562,0.032727052,"Membrane, Cell membrane",Mitochondrion
ENSP00000437207,0.279101562,0.7171875,0.44374999800000003,0.250195312,0.514062502,0.087890624,0.0030258159999999997,0.150097656,0.178808594,0.23818359399999997,0.007797242,Cytoplasm,"Nucleus, Cell membrane"
ENSP00000351040,0.080273436,0.5796875,0.77421875,0.080908202,0.08935546800000001,0.137988278,0.005529784,0.140527342,0.075390628,0.12607422,0.043969726,"Cytoplasm, Nucleus",Nucleus
ENSP00000318575,0.20224609400000002,0.71953125,0.344531248,0.022494508,0.21757812599999998,0.11665038999999999,0.006983947999999999,0.21298828200000003,0.20498047000000003,0.164941406,0.031616208,Cytoplasm,Cytoplasm
ENSP00000485288,0.144140626,0.6390625,0.5703125,0.011682128,0.11245117,0.44335937400000003,0.031188964000000003,0.043823242000000005,0.12197265799999998,0.07857666199999999,0.21386718799999999,"Cytoplasm, Nucleus",Cytoplasm
ENSP00000471403,0.075927736,0.276953126,0.86953125,0.035485842000000004,0.038867188,0.143310548,0.018933104,0.121191406,0.056103516,0.051684568,0.010289764,Nucleus,"Nucleus, Cell membrane"
ENSP00000386738,0.08271484199999998,0.85,0.6171875,0.034606934,0.085888674,0.07709960799999999,0.002399446,0.092089844,0.081591796,0.034277342,0.068408204,"Cytoplasm, Nucleus",Cytoplasm
ENSP00000320431,0.68359375,0.21875,0.230273438,0.34921875,0.126367188,0.17763672,0.003915404,0.511328124,0.175976562,0.78359375,0.020922852000000002,"Membrane, Golgi apparatus",Golgi apparatus
ENSP00000260563,0.274902342,0.49121093600000004,0.579296874,0.030726622,0.141894532,0.31660156,0.005061339999999999,0.014367674,0.087182616,0.049975584,0.06590576,"Cytoplasm, Nucleus",Nucleus
ENSP00000401014,0.07133788999999999,0.44804687200000004,0.8203125,0.013934326,0.12041015799999999,0.104345702,0.031762693999999994,0.031005857999999997,0.015063478000000002,0.014562987999999999,0.012084962000000001,Nucleus,Nucleus
ENSP00000243082,0.245507812,0.4703125,0.7171875,0.098535156,0.22031249800000002,0.28183594,0.011029054,0.341015626,0.132617188,0.137011718,0.031835935999999995,"Cytoplasm, Nucleus",Nucleus
ENSP00000266544,0.416796874,0.18046875,0.096972656,0.042358398,0.17138672,0.90546875,0.41640625,0.078710938,0.094824218,0.11503906,0.069433594,Mitochondrion,Mitochondrion
ENSP00000452454,0.112841796,0.52421875,0.73203125,0.016784667999999996,0.087402342,0.069726562,0.0013576500000000002,0.10234374799999998,0.078808594,0.10239257800000001,0.002085112,"Cytoplasm, Nucleus",Nucleus
ENSP00000426083,0.280957032,0.6765625,0.207519532,0.101367188,0.309960938,0.45507812599999997,0.049597168000000004,0.07929687599999999,0.164453126,0.105175782,0.032855226,Cytoplasm,"Cytoplasm, Cell membrane"
ENSP00000359095,0.05727539,0.446484374,0.834375,0.114794922,0.07319336000000001,0.284179688,0.001241686,0.04609375,0.04091796599999999,0.07373046800000001,0.005278778,Nucleus,Nucleus
ENSP00000405752,0.64765625,0.6953125,0.262304686,0.016355895999999998,0.414062498,0.251171876,0.008518218,0.40527343800000004,0.4890625,0.7265625,0.026940918,"Membrane, Cytoplasm, Golgi apparatus",Golgi apparatus
ENSP00000459933,0.24599609200000003,0.5765625,0.504296876,0.060009764,0.10595703399999998,0.21152343999999998,0.021331786,0.51796875,0.24746094,0.336914062,0.00288391,Cytoplasm,Nucleus
ENSP00000379284,0.36796875,0.56796875,0.30449219000000005,0.057788086,0.368359376,0.15107421999999998,0.047787478,0.286132812,0.12758788999999998,0.14304199,0.015991208,Cytoplasm,Mitochondrion
ENSP00000335060,0.37695312799999997,0.74296875,0.153124998,0.068505856,0.29980469,0.591796876,0.0035934480000000004,0.175195312,0.32890625,0.47070312200000003,0.18642578199999998,Cytoplasm,Mitochondrion
ENSP00000357215,0.073828126,0.283398438,0.7453125,0.258984376,0.07705078000000001,0.007366944,0.0015989299999999997,0.028808592,0.08725585999999999,0.46074218800000005,0.048348998,Nucleus,Nucleus
ENSP00000313822,0.057226564,0.333203126,0.87421875,0.026464843999999998,0.025866698000000004,0.18046875,0.0038116460000000006,0.022998046,0.033129884,0.10693359399999999,0.005778504,Nucleus,Nucleus
ENSP00000483921,0.132568358,0.5265625,0.80703125,0.058526612,0.12983398399999999,0.098046874,0.01582031,0.10854492199999999,0.12231445199999999,0.127539062,0.081750488,"Cytoplasm, Nucleus",Nucleus
ENSP00000430121,0.187304688,0.5296875,0.70859375,0.114257812,0.13896484400000003,0.097167968,0.036254882,0.186328124,0.18261718799999999,0.177539064,0.128613278,"Cytoplasm, Nucleus",Nucleus
ENSP00000342699,0.14316406399999998,0.7390625,0.497265626,0.05998535000000001,0.076513674,0.125683594,0.0016399360000000003,0.08984375,0.188183594,0.272656252,0.021362302,Cytoplasm,"Cytoplasm, Nucleus"
ENSP00000265732,0.045849608,0.380078126,0.89453125,0.032128904,0.07290039200000001,0.032849122,0.001307298,0.06162109600000001,0.011328126,0.044506834,0.002728272,Nucleus,Nucleus
ENSP00000274031,0.04333496,0.621875,0.79765625,0.033544924,0.033056642000000004,0.09492187399999999,0.053295897999999994,0.12734375,0.069702148,0.07006836000000001,0.007275392,"Cytoplasm, Nucleus",Nucleus
ENSP00000370532,0.036645508,0.307812502,0.91796875,0.007403564,0.039624024,0.056933592,0.008860778,0.05683593800000001,0.021032714,0.035333254,0.002197268,Nucleus,Nucleus
ENSP00000493763,0.235644528,0.61796875,0.126660156,0.24853515600000003,0.059014894,0.182421874,0.013427736000000001,0.13520508,0.441113282,0.13100586,0.077172854,Cytoplasm,Nucleus
ENSP00000427300,0.148535154,0.430468752,0.68515625,0.19003906399999998,0.043872070000000006,0.444531248,0.08039550599999999,0.177441406,0.118847656,0.153906252,0.035522462000000005,Nucleus,Nucleus
ENSP00000339524,0.043920898,0.328515628,0.9015625,0.03071289,0.03647461,0.12929687399999998,0.003327944,0.165625,0.055761715999999996,0.073242188,0.012139892,Nucleus,Nucleus
ENSP00000480216,0.187792968,0.6515625,0.58125,0.034472654,0.20390625199999998,0.303710936,0.002076722,0.17167969,0.23916015399999999,0.13769531399999999,0.011312864,"Cytoplasm, Nucleus","Cytoplasm, Nucleus"
ENSP00000431778,0.053808594,0.303125002,0.9109375,0.048229982,0.040136717999999995,0.05727539,0.001130296,0.032983399999999996,0.030517578,0.05302734400000001,0.000466538,Nucleus,Nucleus
ENSP00000449746,0.15712890799999998,0.503515624,0.5921875,0.032348634,0.136328126,0.1078125,0.006787108,0.134570312,0.194042968,0.072607422,0.005126952,"Cytoplasm, Nucleus",Cytoplasm
ENSP00000410603,0.395703126,0.51796875,0.64609375,0.021881104000000002,0.483203126,0.20126953199999997,0.006687925999999999,0.19394531399999998,0.370507814,0.361132812,0.016741942000000003,"Cytoplasm, Nucleus","Cytoplasm, Nucleus"
ENSP00000385529,0.517578124,0.552734376,0.364453122,0.014855956,0.519921874,0.305273436,0.01669922,0.125878906,0.33789062599999997,0.394140626,0.253710938,"Membrane, Cytoplasm",Cytoplasm
ENSP00000413963,0.21933593599999995,0.502343748,0.5359375,0.364453124,0.154785156,0.22363281200000001,0.055590820000000006,0.07519531399999999,0.238281252,0.11032715199999998,0.612402344,"Cytoplasm, Nucleus",Cytoplasm
ENSP00000369411,0.279882814,0.5421875,0.274609374,0.019317627999999996,0.129785156,0.260742186,0.018612669999999998,0.308984376,0.04893799,0.11650390599999998,0.018551636,Cytoplasm,Nucleus
ENSP00000355979,0.032177736,0.408984374,0.9265625,0.046972658,0.049658202,0.055615234,0.010516358,0.05878905999999999,0.06591796800000001,0.021130370000000002,0.016943358000000002,Nucleus,Nucleus
ENSP00000503956,0.407421874,0.180078126,0.079980468,0.058520508000000006,0.2421875,0.94140625,0.024023438,0.10029296800000001,0.061181639999999995,0.099707032,0.06274414,Mitochondrion,Mitochondrion
ENSP00000489856,0.183203126,0.22792968600000002,0.14921875199999998,0.083154298,0.10415039200000001,0.934375,0.011364745999999998,0.07163086199999999,0.061181642,0.09111328199999999,0.081591796,Mitochondrion,Mitochondrion
ENSP00000438158,0.191601562,0.7421875,0.505078124,0.22573242,0.149316404,0.30546875,0.06226806800000001,0.16494140799999998,0.239453126,0.252148438,0.021569823999999998,Cytoplasm,Cytoplasm
ENSP00000362685,0.12998046800000002,0.675,0.54296875,0.066552736,0.133203126,0.19042968799999999,0.019250486,0.144824218,0.220507812,0.13095703,0.037927246000000005,"Cytoplasm, Nucleus",Nucleus
ENSP00000502859,0.5875,0.38046875199999997,0.167773436,0.142578126,0.21660156000000003,0.50625,0.193847656,0.347265624,0.20957031399999998,0.199414062,0.21992187400000002,Membrane,Mitochondrion
ENSP00000299163,0.078613284,0.64296875,0.383984374,0.113037112,0.05378418,0.175390624,0.04602051,0.230859376,0.11591797000000001,0.257421876,0.006105040000000001,Cytoplasm,"Cytoplasm, Nucleus"
ENSP00000489758,0.174414062,0.347265624,0.122851562,0.117089844,0.11845702999999999,0.90703125,0.039282225999999996,0.057714844,0.07446288999999999,0.0984375,0.290625,Mitochondrion,Mitochondrion
ENSP00000453463,0.053759764,0.301367186,0.9296875,0.11289062400000001,0.029370115999999995,0.051025390000000004,0.0018386840000000002,0.03215332,0.025634763999999997,0.049658204000000004,0.000712966,Nucleus,Nucleus
ENSP00000345702,0.071875,0.398437498,0.77578125,0.08684082,0.050830078,0.075000002,0.00043008200000000003,0.11054687599999999,0.031396484,0.103515624,0.001955034,Nucleus,Nucleus
ENSP00000303315,0.138964846,0.230859374,0.88359375,0.021643066,0.09912109399999999,0.110449218,0.008364106,0.032910154000000004,0.049462892,0.05036621,0.0004075540000000001,Nucleus,Nucleus
ENSP00000463121,0.333398438,0.452734374,0.646484376,0.07106933600000001,0.179003906,0.222656252,0.006570816,0.11777343599999998,0.237695314,0.157910156,0.014392088,Nucleus,"Cytoplasm, Nucleus, Mitochondrion"
ENSP00000398124,0.23378905999999997,0.492578126,0.87421875,0.017901614,0.146435548,0.26406249800000003,0.00040531000000000003,0.054870604,0.169433594,0.189648438,0.180908202,"Cytoplasm, Nucleus",Nucleus
ENSP00000243878,0.161718752,0.65078125,0.310156248,0.036181642,0.184960938,0.136132812,0.001304626,0.09355468600000001,0.19277344000000002,0.10581054799999998,0.07885742,Cytoplasm,"Cytoplasm, Cell membrane"
ENSP00000361171,0.153515624,0.24902343799999999,0.7609375,0.024890138,0.07460937599999999,0.12739257799999998,0.014886478,0.084570312,0.195605468,0.10498046800000001,0.020224,Nucleus,Nucleus
ENSP00000403660,0.80078125,0.291796876,0.073876954,0.07280273599999999,0.81875,0.080175782,0.003585816,0.315234374,0.210253906,0.23710937599999998,0.011749267999999998,"Membrane, Cell membrane",Cell membrane
ENSP00000386280,0.59921875,0.321679688,0.36523437400000003,0.099072266,0.28359375,0.403515626,0.0037597660000000003,0.171679688,0.11865234400000002,0.06374511799999999,0.22080077999999997,Membrane,Nucleus
ENSP00000269967,0.09296875,0.61171875,0.6421875,0.017468262000000002,0.077539062,0.33046875,0.0011291500000000002,0.146972658,0.07924804799999999,0.07939452999999999,0.014123533999999998,"Cytoplasm, Nucleus",Nucleus
ENSP00000357920,0.192578126,0.284375,0.253125,0.04498291,0.025463868,0.28105469,0.092089846,0.59921875,0.185253906,0.281152342,0.8546875,Peroxisome,Cytoplasm
ENSP00000341843,0.11875,0.50546875,0.85234375,0.035229491999999994,0.080517578,0.17392578,0.001500702,0.10664062599999999,0.154296874,0.141992184,0.014086914,"Cytoplasm, Nucleus",Nucleus
ENSP00000484534,0.034790038,0.44765625,0.946875,0.009216308000000001,0.018318174,0.310351562,0.0015419000000000001,0.017285158000000002,0.059692384,0.009902954,0.023999022000000002,Nucleus,Nucleus
ENSP00000356974,0.355859374,0.241601564,0.166601562,0.8109375,0.480859374,0.119335936,0.007638552,0.372656248,0.271093748,0.41777343799999994,0.051000975999999996,Extracellular,Nucleus
ENSP00000263121,0.163867188,0.505078126,0.87421875,0.19296874800000002,0.142578124,0.081933594,0.0025062559999999997,0.070166016,0.15,0.15102539,0.0009622560000000001,"Cytoplasm, Nucleus",Nucleus
ENSP00000222567,0.039941406,0.24062500199999998,0.92109375,0.06748046999999999,0.021240234,0.012768553999999998,0.0023235319999999997,0.132421874,0.027307128000000003,0.12221679600000002,0.0027923579999999996,Nucleus,Nucleus
ENSP00000204517,0.069335938,0.36523437599999997,0.93984375,0.025048828000000002,0.049121094000000004,0.12460937600000002,0.000813292,0.015197752,0.11337890800000001,0.125244138,0.005325316,Nucleus,Nucleus
ENSP00000438800,0.91015625,0.12041015399999999,0.052490234000000004,0.027783204,0.9,0.052978514,0.005630494,0.2828125,0.303710938,0.192578126,0.010852052000000001,"Membrane, Cell membrane",Cell membrane
ENSP00000432382,0.63125,0.7421875,0.29472656399999997,0.013627625999999999,0.46367187200000004,0.264062502,0.005271911999999999,0.321679688,0.483203124,0.651953124,0.025878908,"Membrane, Cytoplasm",Golgi apparatus
ENSP00000319739,0.27949219000000003,0.20605468799999999,0.19824218799999999,0.158398438,0.252929688,0.066259766,0.0019168879999999998,0.73828125,0.34960937400000003,0.389843748,0.055017090000000005,Endoplasmic reticulum,Endoplasmic reticulum
ENSP00000468290,0.380078126,0.5453125,0.5195312480000001,0.27421875,0.214453128,0.461718748,0.0008605939999999999,0.288867188,0.259375,0.457031248,0.13183593799999999,Cytoplasm,Mitochondrion
ENSP00000463424,0.285546876,0.69609375,0.425390628,0.045349117999999994,0.172265626,0.09018554599999999,0.010543823999999999,0.195703126,0.19277343600000002,0.1796875,0.048486328,Cytoplasm,Cytoplasm
ENSP00000420802,0.7140625,0.25253906400000004,0.11699218599999998,0.282031252,0.76171875,0.083935544,0.0023880019999999997,0.394140624,0.569921876,0.3328125,0.10324707,"Membrane, Cell membrane, Lysosome/Vacuole",Cell membrane
ENSP00000360597,0.825,0.19628906200000001,0.12089843600000001,0.238671874,0.73515625,0.149023438,0.002142334,0.44374999800000003,0.5390625,0.405859374,0.08825683399999999,"Membrane, Cell membrane",Cell membrane
ENSP00000364119,0.13183593999999998,0.6375,0.62734375,0.032568358000000006,0.076953126,0.06052246,0.009985352,0.093945314,0.14658202999999997,0.415625,0.004589842,"Cytoplasm, Nucleus",Endoplasmic reticulum
ENSP00000478061,0.5375,0.6796875,0.499218752,0.050671388000000005,0.74453125,0.06423339800000001,0.006123352,0.24902343799999999,0.19824218799999999,0.258398438,0.014605714,"Membrane, Cytoplasm, Cell membrane",Cell membrane
ENSP00000387119,0.240039062,0.552734374,0.445703124,0.178417968,0.282421872,0.23554687400000002,0.015649416,0.09755859,0.34960937599999997,0.121289062,0.48310546599999993,Cytoplasm,Cytoplasm
ENSP00000362328,0.89921875,0.13964843600000001,0.152343748,0.11196289200000001,0.82734375,0.184863282,0.0037048339999999997,0.333203122,0.6484375,0.162109376,0.01986084,"Membrane, Cell membrane, Lysosome/Vacuole",Cell membrane
ENSP00000503132,0.15332031200000001,0.24746093599999996,0.89296875,0.025158692,0.07368164,0.165625,0.009815978,0.053125,0.07680663799999998,0.140625002,0.001093004,Nucleus,Nucleus
ENSP00000469035,0.249804686,0.553515626,0.422265624,0.046044921999999995,0.27148437400000003,0.07553711199999999,0.001460264,0.106152344,0.17480468799999999,0.06298828,0.42939453,Cytoplasm,Golgi apparatus
ENSP00000426183,0.152929688,0.53203125,0.77734375,0.044921873999999994,0.164648438,0.10410156200000001,0.013732907999999999,0.10078125,0.11608886599999999,0.11606445399999998,0.08116455000000002,"Cytoplasm, Nucleus",Nucleus
ENSP00000435393,0.295703128,0.48125,0.6390625,0.08276367199999998,0.179492188,0.295312502,0.030041504000000004,0.168066408,0.23964843600000002,0.293164062,0.014212036,"Cytoplasm, Nucleus",Nucleus
ENSP00000332049,0.7453125,0.261328124,0.156640624,0.18847656200000001,0.7984375,0.071044924,0.004258728000000001,0.36523437400000003,0.394140624,0.40546875,0.05710449199999999,"Membrane, Cell membrane",Cell membrane
ENSP00000392070,0.034277344,0.277539064,0.91484375,0.027539064000000002,0.019470214000000003,0.234179686,0.0029640179999999997,0.093457032,0.014233398,0.049853514,0.0011528019999999999,Nucleus,Nucleus
ENSP00000468069,0.057763672,0.34570312400000003,0.8078125,0.086694334,0.064624024,0.12832031400000002,0.001057624,0.038159178,0.142382812,0.046557615999999996,0.01697235,Nucleus,Nucleus
ENSP00000374550,0.139746094,0.511328124,0.7625,0.099316408,0.131054688,0.180078124,0.021191406,0.19296875,0.1421875,0.11523437399999999,0.24707031200000001,"Cytoplasm, Nucleus",Cytoplasm
ENSP00000496837,0.20712890599999997,0.551953126,0.55,0.03425293,0.163671876,0.230859376,0.001581764,0.226367188,0.211621094,0.185351562,0.006742859999999999,"Cytoplasm, Nucleus","Cytoplasm, Nucleus"
ENSP00000427011,0.85546875,0.247460938,0.19902343799999997,0.062402343999999985,0.840625,0.15527343600000001,0.005316164,0.21035156600000002,0.60546875,0.41875,0.023547362,"Membrane, Cell membrane, Lysosome/Vacuole",Nucleus
ENSP00000380217,0.7828125,0.268945312,0.103613282,0.23749999800000002,0.815625,0.097949218,0.002238464,0.391796874,0.60234375,0.358398438,0.142285154,"Membrane, Cell membrane, Lysosome/Vacuole",Cell membrane
ENSP00000473467,0.141113282,0.6265625,0.703125,0.06735839800000001,0.10058593599999999,0.072314452,0.013134764000000002,0.137402344,0.050170898,0.28310546799999997,0.00317383,"Cytoplasm, Nucleus","Cytoplasm, Nucleus"
ENSP00000390152,0.3765625,0.173828126,0.161914062,0.85546875,0.491796876,0.092578126,0.020458984,0.17050780999999998,0.289257812,0.29882812599999997,0.01395874,Extracellular,Cell membrane
ENSP00000480722,0.10444336000000001,0.6671875,0.453515624,0.09243164,0.153710938,0.512109376,0.0023712159999999998,0.10517577999999998,0.06948242199999999,0.08149413999999999,0.34013672,Cytoplasm,"Nucleus, Golgi apparatus"
ENSP00000216807,0.08100586,0.483984376,0.78359375,0.193945312,0.100585938,0.10151367,0.00043048800000000003,0.043188478,0.27929687599999997,0.12080078400000001,0.001387024,"Cytoplasm, Nucleus",Nucleus
ENSP00000291691,0.170117186,0.54921875,0.61484375,0.25390625,0.108496094,0.142675782,0.001895142,0.08095703000000001,0.07485351600000001,0.11279296999999999,0.15180664,"Cytoplasm, Nucleus",Nucleus
ENSP00000504515,0.405078126,0.177734376,0.091503906,0.049243166,0.24394530999999997,0.94375,0.021533201999999998,0.09785156399999999,0.06381835999999999,0.08857421800000001,0.05895996,Mitochondrion,Mitochondrion
ENSP00000339326,0.23691406399999998,0.68125,0.6328125,0.242187502,0.24296875,0.358203124,0.0014541640000000002,0.17265625,0.20517578199999997,0.22949218600000001,0.0052581799999999995,"Cytoplasm, Nucleus","Cytoplasm, Nucleus, Cell membrane"
ENSP00000442500,0.057324218,0.300390624,0.94453125,0.10893554800000001,0.035131836,0.027612306000000003,0.0009750360000000001,0.028466796,0.032202148,0.068408204,0.00014753199999999997,Nucleus,Nucleus
ENSP00000437928,0.15917968799999999,0.5546875,0.796875,0.032556152,0.11572265600000001,0.162792966,0.004701232,0.13720703,0.15195312200000002,0.099707032,0.024014282,"Cytoplasm, Nucleus",Nucleus
ENSP00000468486,0.14375,0.584375,0.4671875,0.21103515599999997,0.10302734399999999,0.25156249799999997,0.008538816,0.07338867,0.141992188,0.1703125,0.002552796,Cytoplasm,Cytoplasm
ENSP00000326693,0.734375,0.128222656,0.158593752,0.028149413999999994,0.11347656399999999,0.875,0.232421876,0.21992187200000002,0.22871094000000003,0.16977539000000003,0.485156248,"Membrane, Mitochondrion",Mitochondrion
ENSP00000496818,0.298437498,0.52890625,0.37617188,0.23300781399999998,0.27890625199999997,0.414062498,0.15434570200000003,0.281640626,0.210156252,0.207617186,0.20537109199999998,Cytoplasm,Nucleus
ENSP00000268125,0.4671875,0.71171875,0.368749998,0.046386718,0.187890626,0.20739746,0.011549376,0.431249998,0.3515625,0.38105468600000003,0.02473755,"Membrane, Cytoplasm",Cytoplasm
ENSP00000499450,0.483984378,0.10429687400000001,0.15078125199999998,0.03005371,0.09331054800000001,0.90546875,0.22167968799999999,0.083789062,0.058398438,0.118847656,0.11572265799999999,"Membrane, Mitochondrion",Mitochondrion
ENSP00000359795,0.564453126,0.6296875,0.395703124,0.073706054,0.73828125,0.066210938,0.014978026,0.23554687400000002,0.138183596,0.285546874,0.011061096,"Membrane, Cytoplasm, Cell membrane",Cytoplasm
ENSP00000486676,0.690625,0.21738281399999998,0.2203125,0.130224608,0.16298827800000001,0.599609374,0.031542968,0.67578125,0.27910155999999997,0.301953124,0.4828125,"Membrane, Endoplasmic reticulum",Cytoplasm
ENSP00000440227,0.192773438,0.7078125,0.226562498,0.09979248,0.070996094,0.340820312,0.203442386,0.215234376,0.177050782,0.16044922,0.134082032,Cytoplasm,Cytoplasm
ENSP00000371408,0.759375,0.413671874,0.364453126,0.01571045,0.72109375,0.26796875,0.004240418,0.277734376,0.580078126,0.71875,0.136035154,"Membrane, Cell membrane, Lysosome/Vacuole, Golgi apparatus",Cell membrane
ENSP00000351211,0.903125,0.14501952999999998,0.12763671999999998,0.030236816,0.88515625,0.22949218600000001,0.018127442,0.14863281,0.193554688,0.07343749799999999,0.025122071999999995,"Membrane, Cell membrane",Cell membrane
ENSP00000312288,0.31445312400000003,0.18554687200000003,0.09853515399999999,0.025073242000000003,0.056298826,0.97421875,0.258593748,0.047412107999999994,0.03869629,0.03598633,0.127734374,Mitochondrion,Mitochondrion
ENSP00000385376,0.129589844,0.75703125,0.48671875,0.051672364000000005,0.075732422,0.136523436,0.001008988,0.07260742199999999,0.19423828,0.26835937200000004,0.01529541,Cytoplasm,"Cytoplasm, Nucleus"
ENSP00000308082,0.87578125,0.15107421599999998,0.147949218,0.045874022,0.88984375,0.219335938,0.005737305999999999,0.15625,0.257421876,0.10307617200000001,0.022509766,"Membrane, Cell membrane",Cell membrane
ENSP00000006015,0.11831054599999999,0.305859374,0.85546875,0.027246094000000005,0.11000976600000001,0.155969238,0.00414486,0.059863284,0.053747557999999994,0.051416015999999995,0.017163084000000002,Nucleus,Nucleus
ENSP00000427329,0.08295898599999998,0.537109376,0.78203125,0.018408204,0.059374998,0.144335938,0.004541016,0.10249023399999999,0.053564452,0.055444334000000005,0.015441896000000002,"Cytoplasm, Nucleus",Nucleus
ENSP00000364525,0.054174804,0.19042968600000001,0.9671875,0.061962892000000006,0.033947752,0.039990232,0.115380858,0.024731446,0.046582032,0.058447266,0.0012248979999999999,Nucleus,Nucleus
ENSP00000261245,0.133203124,0.53203125,0.78984375,0.017504882,0.12607421800000002,0.179882812,0.001456834,0.152246094,0.173632812,0.082714844,0.0042205820000000005,"Cytoplasm, Nucleus",Nucleus
ENSP00000215742,0.045483397999999994,0.35781250200000003,0.884375,0.060937498,0.03864746,0.20849609200000002,0.0028984079999999995,0.09331054999999999,0.070092774,0.04296875,0.028625486,Nucleus,Nucleus
ENSP00000430457,0.55703125,0.6078125,0.338281252,0.037207029999999995,0.504687502,0.199804688,0.013293456,0.232617186,0.4390625,0.4953125,0.005363464,"Membrane, Cytoplasm","Nucleus, Mitochondrion"
ENSP00000478813,0.281640624,0.159570312,0.141210936,0.059326171999999996,0.086914062,0.934375,0.014379882,0.120996094,0.068310548,0.092529296,0.150390626,Mitochondrion,Mitochondrion
ENSP00000307695,0.31093749800000003,0.64921875,0.467968748,0.044702146,0.29101562400000003,0.1828125,0.0016738900000000001,0.218164064,0.18261718799999999,0.16894531399999999,0.11796875,Cytoplasm,Nucleus
ENSP00000225972,0.79609375,0.176367188,0.375390624,0.045922849999999994,0.2734375,0.29980469,0.041003418,0.58359375,0.31855468600000003,0.397265624,0.122583008,Membrane,Endoplasmic reticulum
ENSP00000380311,0.1796875,0.54921875,0.79765625,0.037280273999999995,0.132128906,0.14765625,0.0034652719999999997,0.12919921799999998,0.145410154,0.124609376,0.013197328,"Cytoplasm, Nucleus",Nucleus
ENSP00000329214,0.61171875,0.208398438,0.19433593600000001,0.403515624,0.10888671999999999,0.15341797,0.009265136,0.471093752,0.18720703200000002,0.67578125,0.014105224,"Membrane, Golgi apparatus",Nucleus
ENSP00000321679,0.254101562,0.63671875,0.481640624,0.064355468,0.296875,0.173828124,0.003678894,0.171777344,0.152539062,0.297460938,0.020800779999999998,Cytoplasm,Nucleus
ENSP00000316042,0.070410156,0.690625,0.76328125,0.043676757999999996,0.088427734,0.028585813999999998,0.005758666,0.15241699400000003,0.053564452,0.016815186,0.001351928,"Cytoplasm, Nucleus",Nucleus
ENSP00000446680,0.12133788999999999,0.312890624,0.84296875,0.030493161999999997,0.082788084,0.168823242,0.003957937999999999,0.06772460999999999,0.053051758000000004,0.05114746,0.039349364000000005,Nucleus,Nucleus
ENSP00000346300,0.394921878,0.68984375,0.409374998,0.064160156,0.406640626,0.079296874,0.007606506000000001,0.09101562599999999,0.37373047000000004,0.323046876,0.006558228000000001,Cytoplasm,Nucleus
ENSP00000279206,0.192089844,0.61640625,0.33046874800000003,0.1328125,0.273632814,0.36953124800000003,0.001828764,0.266210936,0.11772461200000002,0.23964843600000002,0.903125,"Cytoplasm, Peroxisome",Nucleus
ENSP00000407646,0.28515625,0.465234376,0.46289062599999997,0.20761719000000003,0.164111328,0.30410156,0.029675294,0.21669922000000003,0.049365234,0.16083984399999998,0.00300293,None,"Cytoplasm, Nucleus"
ENSP00000352831,0.224609374,0.533203124,0.561328124,0.03375244200000001,0.16679687599999998,0.231445316,0.030072021999999997,0.051000977999999995,0.047094725999999996,0.034179688,0.027685547999999997,"Cytoplasm, Nucleus",Nucleus
ENSP00000274000,0.69765625,0.398828124,0.419140624,0.01140747,0.621875,0.251367188,0.021166992000000003,0.12343749799999999,0.4640625,0.471875,0.11662597999999999,"Membrane, Cell membrane",Golgi apparatus
ENSP00000457284,0.30664062599999997,0.228125002,0.13222656,0.87890625,0.414843752,0.106640624,0.005282592,0.237695314,0.336328122,0.4109375,0.026318359999999996,Extracellular,"Cytoplasm, Cell membrane"
ENSP00000326305,0.9109375,0.18261718799999999,0.122265624,0.012609864000000002,0.373828124,0.92421875,0.03840332,0.323046876,0.16914062400000002,0.247851564,0.295312502,"Membrane, Mitochondrion",Mitochondrion
ENSP00000393970,0.281054686,0.6328125,0.534765624,0.156738282,0.20126952999999997,0.318945314,0.17397460799999998,0.355859376,0.184277344,0.25859375,0.030114745999999998,"Cytoplasm, Nucleus",Mitochondrion
ENSP00000275766,0.03894042999999999,0.507031248,0.66015625,0.177148438,0.035009766000000005,0.139843752,0.001295472,0.067382812,0.04904785,0.040606689999999994,0.00344696,"Cytoplasm, Nucleus",Cytoplasm
ENSP00000446662,0.30273437400000003,0.215039062,0.14160156200000001,0.79375,0.381250002,0.07651367199999999,0.007710266,0.430078126,0.53828125,0.395312498,0.01842041,Extracellular,"Endoplasmic reticulum, Golgi apparatus"
ENSP00000416970,0.248242188,0.16328125,0.156054688,0.08691406399999999,0.127734374,0.8890625,0.010772701999999999,0.08242187399999999,0.12167968600000001,0.10419922000000001,0.07373046800000001,Mitochondrion,Mitochondrion
ENSP00000283429,0.16953125,0.440234374,0.224609376,0.088232422,0.2171875,0.15214844,0.006979370000000001,0.099804688,0.140624998,0.17460937599999998,0.428320312,None,Nucleus
ENSP00000503461,0.38867187599999997,0.177734376,0.089453126,0.052465819999999996,0.21562500199999998,0.9453125,0.029394530000000002,0.091894532,0.057177734,0.08334960799999999,0.058886718000000005,Mitochondrion,Mitochondrion
ENSP00000496754,0.070556638,0.31464843600000003,0.825,0.299999998,0.038208008,0.087011718,0.0006809219999999999,0.116113282,0.051611328,0.07697754,0.00134487,Nucleus,Nucleus
ENSP00000265523,0.072607424,0.66171875,0.45390625,0.092956544,0.026599119999999997,0.42382812599999997,0.04888916,0.177343748,0.085449218,0.34375,0.024865722,Cytoplasm,Cytoplasm
ENSP00000408065,0.22988281400000005,0.610546876,0.422265624,0.26826172000000004,0.274414062,0.10429687800000001,0.041052248,0.06846923800000002,0.15087890799999998,0.144140624,0.005870818,Cytoplasm,Nucleus
ENSP00000392629,0.45507812599999997,0.273242188,0.1453125,0.7,0.34921875199999997,0.326562502,0.005187987999999999,0.25625,0.22958984600000001,0.20625,0.023010254,"Membrane, Extracellular",Cell membrane
ENSP00000371061,0.227343748,0.61875,0.54140625,0.082470702,0.1921875,0.17910156,0.002868652,0.30390625,0.350781248,0.344726562,0.033068848,"Cytoplasm, Nucleus","Cytoplasm, Nucleus"
ENSP00000442224,0.066210938,0.3703125,0.85078125,0.111376952,0.05078125,0.012829592,0.014956663999999998,0.091845702,0.04931640799999999,0.234960938,0.013952636,Nucleus,Nucleus
ENSP00000265164,0.24707031399999999,0.746875,0.56953125,0.209570312,0.29863281399999997,0.406249998,0.0055160520000000005,0.181152342,0.316015622,0.226562502,0.006501005999999999,"Cytoplasm, Nucleus",Cytoplasm
ENSP00000438605,0.343164062,0.445312498,0.210351562,0.6171875,0.390624998,0.2578125,0.002386476,0.2484375,0.248242188,0.382031252,0.028930664000000002,None,Golgi apparatus
ENSP00000429225,0.612109376,0.678125,0.212695312,0.013378904000000002,0.41640625,0.71328125,0.013537598000000001,0.584375,0.505859374,0.678125,0.279589846,"Membrane, Cytoplasm, Mitochondrion, Golgi apparatus",Cytoplasm
ENSP00000420452,0.254101564,0.23671875,0.161914064,0.81796875,0.265234376,0.140332032,0.0063751219999999996,0.30273437599999997,0.245312502,0.335546876,0.040673828,Extracellular,Nucleus
ENSP00000370990,0.103320312,0.21777343999999998,0.8984375,0.014566039999999999,0.07783203000000001,0.058886718000000005,0.007916257999999999,0.044311524000000005,0.029870604000000002,0.05217285199999999,0.036798098,Nucleus,Nucleus
ENSP00000413666,0.230859376,0.479687498,0.68515625,0.050512696,0.185058594,0.11601562400000001,0.005462646,0.055126954000000006,0.188183594,0.15888671999999998,0.062915038,"Cytoplasm, Nucleus",Cytoplasm
ENSP00000296921,0.126464844,0.23339843799999999,0.89140625,0.021374508,0.12104492,0.060693361999999994,0.005250548,0.053051758000000004,0.028295897999999996,0.038635254,0.011097716,Nucleus,Nucleus
ENSP00000448029,0.80390625,0.25996094,0.15136718999999998,0.148339844,0.70078125,0.123046874,0.00246582,0.419140626,0.6421875,0.454296876,0.081835938,"Membrane, Cell membrane, Lysosome/Vacuole","Endoplasmic reticulum, Golgi apparatus"
ENSP00000503416,0.069726562,0.258203124,0.89921875,0.049829102,0.060351562000000004,0.04238281000000001,0.0016345959999999999,0.047363277999999995,0.039257814,0.033874512,0.003952028,Nucleus,"Cytoplasm, Nucleus"
ENSP00000452777,0.3140625,0.133105468,0.086035156,0.08251953000000001,0.107714842,0.92734375,0.051977538000000004,0.06884765799999999,0.057080078,0.081933594,0.04375,Mitochondrion,Mitochondrion
ENSP00000361524,0.07963867200000001,0.25195312599999997,0.84453125,0.064605714,0.043200682,0.05617675799999999,0.00104141,0.04584961,0.02624512,0.030187988,0.011108397999999998,Nucleus,Nucleus
ENSP00000443578,0.255273438,0.494921876,0.43203125,0.18984375,0.118164062,0.383984372,0.011239625999999999,0.277343748,0.072558594,0.22558593799999999,0.015768432,Cytoplasm,"Cytoplasm, Nucleus"
ENSP00000345580,0.83046875,0.15917968799999999,0.16191406,0.015515135999999999,0.275585934,0.8390625,0.030346682000000003,0.241601566,0.21191406200000001,0.100878906,0.089501952,"Membrane, Mitochondrion",Mitochondrion
ENSP00000362843,0.138281248,0.477734376,0.825,0.034802246,0.100585938,0.234765624,0.0019756339999999996,0.129492188,0.093554688,0.08100585800000001,0.042285156000000004,"Cytoplasm, Nucleus",Nucleus
ENSP00000362691,0.15898437599999998,0.5390625,0.6125,0.049011228000000004,0.109179688,0.15761719000000002,0.036694333999999995,0.152856446,0.27001953199999995,0.121777344,0.05786132599999999,"Cytoplasm, Nucleus",Nucleus
ENSP00000262949,0.143749998,0.59296875,0.65390625,0.087011718,0.167773438,0.169335938,0.0019256580000000002,0.064404296,0.127539064,0.179882812,0.041357422,"Cytoplasm, Nucleus",Nucleus
ENSP00000499274,0.18945312399999997,0.43984375,0.64921875,0.139941406,0.123339844,0.216015628,0.12841797,0.296679688,0.157421876,0.378125002,0.009515378,Nucleus,Cell membrane
ENSP00000453021,0.46640625199999997,0.66328125,0.318750002,0.07128906399999999,0.43828125,0.198632812,0.009417723999999999,0.21777343799999999,0.348632812,0.187207032,0.082861328,"Membrane, Cytoplasm",Nucleus
ENSP00000356374,0.145312502,0.576171876,0.6140625,0.021368409999999997,0.133154298,0.063549806,0.04193344,0.180371092,0.319335938,0.3640625,0.31041259600000004,"Cytoplasm, Nucleus",Nucleus
ENSP00000507343,0.30859375,0.709375,0.494921876,0.021203614,0.17890625,0.18632812599999998,0.000913524,0.36738280999999995,0.385937502,0.277734374,0.060888672,Cytoplasm,Cytoplasm
ENSP00000415689,0.168652346,0.5953125,0.499218752,0.10732422,0.150048828,0.131933594,0.025646972,0.14765625,0.262109376,0.458203124,0.02338867,Cytoplasm,"Cytoplasm, Cell membrane"
ENSP00000377752,0.503124998,0.83984375,0.117480468,0.0640625,0.579687498,0.320117188,0.010668948000000001,0.080859376,0.08715820199999999,0.23291015600000003,0.013546754,"Membrane, Cytoplasm, Cell membrane",Cytoplasm
ENSP00000481885,0.148632812,0.429296874,0.85234375,0.059960938,0.090820312,0.294140626,0.00206108,0.11269530999999999,0.09248046800000001,0.09951171600000001,0.034155272,Nucleus,Nucleus
ENSP00000435422,0.030249022000000004,0.24902343600000001,0.96875,0.074841308,0.03244629,0.007525634000000001,0.007875061999999999,0.028100586,0.018481443999999996,0.01347351,0.0026443480000000004,Nucleus,Nucleus
ENSP00000357919,0.222363278,0.29101562599999997,0.25273437200000004,0.032568360000000005,0.022570802,0.25156250199999997,0.151074218,0.70703125,0.273046876,0.27841796999999996,0.7828125,"Endoplasmic reticulum, Peroxisome",Cytoplasm
ENSP00000393316,0.84140625,0.171679688,0.147167972,0.067089844,0.402734376,0.146484376,0.009649658,0.7921875,0.390625,0.359570312,0.024645998,"Membrane, Endoplasmic reticulum","Nucleus, Endoplasmic reticulum"
ENSP00000430243,0.17080078,0.71640625,0.503515626,0.1390625,0.070507812,0.234960938,0.05046387,0.26796874800000003,0.18906249800000002,0.35351562599999997,0.11213378599999999,Cytoplasm,Cell membrane
ENSP00000343717,0.38867187400000003,0.466015626,0.223535156,0.220898438,0.15732421800000002,0.5742187519999999,0.14831543000000003,0.305859376,0.41601562400000003,0.405468752,0.673828126,None,Cytoplasm
ENSP00000281437,0.065820314,0.272460938,0.9234375,0.015097046,0.042260742000000004,0.12041015799999999,0.001239014,0.041748044,0.040087892,0.036499022,0.012475584000000001,Nucleus,Nucleus
ENSP00000370508,0.280078124,0.134179688,0.11562499799999999,0.060351560000000005,0.067529298,0.96328125,0.09389648399999999,0.035864256,0.041113281999999994,0.07490234199999998,0.024243162000000002,Mitochondrion,"Nucleus, Mitochondrion"
ENSP00000401085,0.3,0.8078125,0.358984374,0.10295410199999999,0.4,0.28642578199999996,0.0055114759999999995,0.15419922000000003,0.142773438,0.17890625,0.21904296800000003,Cytoplasm,Nucleus
ENSP00000363055,0.171875,0.67421875,0.433984378,0.069628906,0.183007814,0.319921874,0.0007690440000000001,0.156835938,0.21191406200000001,0.20234375,0.024902342,Cytoplasm,"Cytoplasm, Nucleus"
ENSP00000463927,0.83203125,0.226757814,0.13193359200000002,0.193554686,0.875,0.071093752,0.004804996000000001,0.33046874800000003,0.324218752,0.346484378,0.06953125,"Membrane, Cell membrane",Cell membrane
ENSP00000360594,0.03803711,0.23164062400000002,0.9609375,0.029138182000000002,0.029992678000000005,0.068017576,0.0028327940000000005,0.03654785,0.015197753999999999,0.027893066,0.001944732,Nucleus,Nucleus
ENSP00000225576,0.6953125,0.252734376,0.302929688,0.03654785,0.22148437599999998,0.197460936,0.032946778,0.5796875,0.415624998,0.536328124,0.056396484000000004,Membrane,Golgi apparatus
ENSP00000450324,0.13701172,0.566796876,0.506640626,0.02392883,0.111279296,0.08666992200000001,0.021110534,0.261328126,0.135449218,0.06135254,0.0036834700000000003,Cytoplasm,Cytoplasm
ENSP00000264468,0.360546876,0.249609374,0.152929688,0.68046875,0.446093748,0.077197264,0.013684082,0.293164062,0.210546876,0.266992188,0.010849000000000001,Extracellular,Cell membrane
ENSP00000292894,0.067578126,0.432421874,0.703125,0.144140626,0.08110351600000001,0.27871093999999996,0.0015003219999999997,0.08261719000000001,0.09677734199999999,0.05744628999999999,0.042773436000000005,Nucleus,Nucleus
ENSP00000504884,0.365820314,0.72109375,0.42109375,0.052978514,0.36113281399999997,0.13984375,0.00138054,0.17714843600000002,0.476171874,0.440234378,0.038500978000000005,Cytoplasm,"Cytoplasm, Cell membrane"
ENSP00000480322,0.76484375,0.108007814,0.127539062,0.313085936,0.696875,0.167871094,0.017687988,0.09335937399999998,0.370703124,0.109570312,0.10856933399999999,"Membrane, Cell membrane",Cell membrane
ENSP00000494695,0.144042968,0.401171874,0.76640625,0.095458986,0.09892578,0.31015625199999997,0.09453125,0.143066406,0.36484375,0.20996093999999998,0.043017578,Nucleus,Nucleus
ENSP00000423075,0.067919922,0.58828125,0.8203125,0.004672242,0.048046876,0.07177734200000001,0.006100464,0.05859375,0.054882814,0.09467773599999998,0.024719236,"Cytoplasm, Nucleus",Nucleus
ENSP00000361338,0.89296875,0.137890626,0.09941406,0.07001952999999998,0.539843752,0.195703126,0.01940918,0.6875,0.170117188,0.347265626,0.026727296,"Membrane, Cell membrane, Endoplasmic reticulum",Nucleus
ENSP00000357932,0.23749999800000002,0.69140625,0.413671876,0.047265626,0.210937498,0.305859376,0.016430666,0.134277344,0.360156252,0.398828126,0.07487793,Cytoplasm,Cytoplasm
ENSP00000309973,0.183984374,0.5890625,0.547265626,0.15107421999999998,0.186914062,0.16123047,0.06697997800000001,0.203515626,0.11874999800000001,0.123046876,0.065234374,"Cytoplasm, Nucleus",Mitochondrion
ENSP00000307508,0.5171875,0.601171876,0.436328124,0.056469724,0.512890626,0.039624021999999995,0.024468992000000002,0.16884765599999998,0.17353515400000002,0.237597656,0.008047483999999999,"Membrane, Cytoplasm",Cytoplasm
ENSP00000280056,0.328125,0.497265622,0.505859374,0.211621094,0.11513672,0.497265626,0.035424804,0.20195312599999998,0.135156252,0.133984376,0.256982422,Cytoplasm,Nucleus
ENSP00000436775,0.25058594,0.57421875,0.518359376,0.044287108000000006,0.234570314,0.426562502,0.012054442000000002,0.295898438,0.28378906000000004,0.16557617200000002,0.21611328200000002,Cytoplasm,Nucleus
ENSP00000407970,0.19414062599999998,0.66796875,0.271289062,0.12194824,0.23095703199999998,0.34296875,0.003927614,0.33417969,0.156445314,0.27871093999999996,0.665625,Cytoplasm,Nucleus
ENSP00000497159,0.092358396,0.451562502,0.550390626,0.098950194,0.034826657999999996,0.305078126,0.030853272000000004,0.216601564,0.10683593799999999,0.369921876,0.113500978,Nucleus,Cytoplasm
ENSP00000427754,0.433984374,0.6453125,0.39140625,0.054882814,0.346484374,0.511328126,0.023129272000000003,0.134472654,0.425390626,0.2546875,0.017395020000000004,Cytoplasm,"Cytoplasm, Nucleus"
ENSP00000309023,0.69765625,0.38125,0.421484374,0.011718748,0.6375,0.222070312,0.014508057999999999,0.12392578200000001,0.51015625,0.4375,0.131640628,"Membrane, Cell membrane",Golgi apparatus
ENSP00000484054,0.41953125,0.72578125,0.173828124,0.069970702,0.30546875,0.11782226800000002,0.0040367120000000005,0.204882812,0.526171876,0.6703125,0.012249756,"Cytoplasm, Golgi apparatus",Golgi apparatus
ENSP00000411565,0.307226562,0.413281252,0.594921874,0.22363281200000001,0.131054688,0.472265626,0.065576172,0.14921874799999998,0.102246094,0.124902344,0.211621094,Nucleus,Nucleus
ENSP00000366235,0.296679688,0.62578125,0.38828125,0.041992186,0.20410156200000001,0.21572265599999998,0.00675354,0.23261718599999998,0.366015624,0.21621093600000002,0.052539062000000004,Cytoplasm,Cytoplasm
ENSP00000311697,0.165820314,0.309375,0.1828125,0.8046875,0.2,0.176953128,0.007698062,0.22216797000000002,0.168066408,0.21249999800000002,0.013598634000000002,Extracellular,Nucleus
ENSP00000434982,0.236914062,0.6671875,0.565625,0.005191041999999999,0.290234374,0.08120117,0.01604004,0.471875002,0.14912109599999998,0.15576172000000002,0.06157226600000001,"Cytoplasm, Nucleus",Cytoplasm
ENSP00000448952,0.28027344,0.7921875,0.307421874,0.0828125,0.30078125,0.106542968,0.002436828,0.076953124,0.432421876,0.22539062799999998,0.035864257999999996,Cytoplasm,Nucleus
ENSP00000422084,0.15468750199999998,0.74453125,0.596875,0.05559082,0.063012698,0.06206054800000001,0.013360598000000001,0.195898436,0.17109374800000002,0.32187500199999997,0.020138548,"Cytoplasm, Nucleus","Cytoplasm, Cell membrane"
ENSP00000331268,0.208789062,0.72265625,0.5453125,0.03475342,0.29667969,0.14160156200000001,0.03128662,0.12578125,0.13159179799999998,0.19453125,0.008673096000000002,"Cytoplasm, Nucleus",Cytoplasm
ENSP00000281703,0.27167969,0.69375,0.42421875,0.291601562,0.220703124,0.316406252,0.08447265400000001,0.254492186,0.266992186,0.323437498,0.015344236,Cytoplasm,Cytoplasm
ENSP00000482293,0.074511718,0.6,0.6875,0.029565430000000004,0.128613282,0.10776367,0.012017822000000001,0.091064452,0.099462892,0.106494138,0.002713012,"Cytoplasm, Nucleus",Nucleus
ENSP00000475617,0.11767578199999999,0.289648438,0.86328125,0.086816404,0.087988282,0.1109375,0.0049469019999999995,0.043676756,0.083056642,0.07158203199999999,0.051098634,Nucleus,Nucleus
ENSP00000434049,0.080957034,0.223242186,0.78828125,0.066552734,0.068310546,0.07968749800000001,0.0013820640000000001,0.034179688,0.054785156,0.040380858,0.025207520000000004,Nucleus,"Cytoplasm, Nucleus"
ENSP00000412620,0.089746094,0.250585938,0.84140625,0.143408204,0.082958984,0.005480957999999999,0.001223754,0.044409180000000006,0.086132812,0.45371093800000006,0.049871825999999994,Nucleus,Nucleus
ENSP00000362842,0.125,0.5296875,0.8234375,0.039416504,0.096582032,0.184082032,0.0019508360000000003,0.07995605400000001,0.19794922,0.166503906,0.009097290000000001,"Cytoplasm, Nucleus",Nucleus
ENSP00000501353,0.200781252,0.64140625,0.46796875,0.032995606,0.174218752,0.127539062,0.001622008,0.14931640399999999,0.13984375,0.21406249800000002,0.068041994,Cytoplasm,Cell membrane
ENSP00000495429,0.045703126,0.360546876,0.865625,0.09233398400000001,0.018066406,0.113574218,0.005189516,0.075512698,0.039013672,0.045751954,0.004455568,Nucleus,Nucleus
ENSP00000467497,0.132226564,0.360546874,0.89140625,0.022897338,0.09941406,0.10273437199999999,0.005404664,0.095996094,0.12890625,0.077539062,0.022239684,Nucleus,Nucleus
ENSP00000428838,0.18203125,0.58125,0.78203125,0.084667968,0.144433594,0.10229492199999998,0.026782224,0.126171876,0.160644534,0.193554686,0.010897828,"Cytoplasm, Nucleus",Nucleus
ENSP00000349709,0.68203125,0.288671876,0.146875,0.277539064,0.69453125,0.12490234200000001,0.001976012,0.5234375,0.483984374,0.250976564,0.0701416,"Membrane, Cell membrane","Cytoplasm, Cell membrane"
ENSP00000166139,0.315625,0.234960938,0.12158203199999999,0.87265625,0.36523437599999997,0.16308593799999999,0.0071502679999999996,0.271874998,0.48671874800000003,0.433593748,0.020642087999999996,Extracellular,Nucleus
ENSP00000476193,0.32734375,0.69921875,0.191113282,0.347656252,0.251269528,0.393164062,0.046313476000000006,0.34707031400000005,0.312060548,0.217089846,0.06569823999999999,Cytoplasm,Cytoplasm
ENSP00000467433,0.323632814,0.6828125,0.35742187799999997,0.032379152,0.58046875,0.199609374,0.003983308,0.065246582,0.095410156,0.07529296999999999,0.069628906,"Cytoplasm, Cell membrane",Nucleus
ENSP00000417520,0.22949218799999999,0.183789062,0.11806640799999998,0.65703125,0.272460938,0.117773438,0.017602538,0.62265625,0.393750002,0.34609375,0.005444335999999999,Extracellular,"Nucleus, Golgi apparatus"
ENSP00000288757,0.06372070199999999,0.35546875,0.85703125,0.10815429800000001,0.048437498,0.00895996,0.014660646000000003,0.06870117,0.045434572000000006,0.249414064,0.010757448,Nucleus,Nucleus
ENSP00000375397,0.177148438,0.494921876,0.68671875,0.079101562,0.189257812,0.19023437599999998,0.005541989999999999,0.155664064,0.10800781200000001,0.11328124800000001,0.023937986,"Cytoplasm, Nucleus",Nucleus
ENSP00000497242,0.141796876,0.501562498,0.4109375,0.592578124,0.215625,0.22792968600000002,0.03157958799999999,0.094189454,0.10683593799999999,0.12983398399999999,0.12397460999999999,Cytoplasm,Mitochondrion
ENSP00000489907,0.07172851599999999,0.422656252,0.84921875,0.104541014,0.045703124,0.08535155999999999,0.00031709600000000006,0.17392578,0.09628906,0.071923826,0.006451416,Nucleus,Nucleus
ENSP00000259699,0.74765625,0.2671875,0.104785156,0.268359374,0.8015625,0.09648437400000001,0.002253724,0.39375,0.5609375,0.336328126,0.13618164,"Membrane, Cell membrane",Cell membrane
ENSP00000158526,0.096923826,0.297460936,0.83359375,0.074676514,0.04904784999999999,0.08466797,0.000834464,0.129101562,0.164501954,0.117871094,0.0005813579999999999,Nucleus,Nucleus
ENSP00000468145,0.86171875,0.18359375,0.10087890400000002,0.032495116000000004,0.81796875,0.137109376,0.007958983999999999,0.38476562599999997,0.271289062,0.24121093800000004,0.013679504,"Membrane, Cell membrane",Cell membrane
ENSP00000427883,0.299609376,0.204101566,0.125488282,0.70390625,0.206640624,0.088085938,0.027111816,0.362890622,0.352734374,0.413671878,0.008538818,Extracellular,Nucleus
ENSP00000378638,0.356640624,0.49804687400000003,0.463671874,0.23535156200000001,0.17294922,0.596484374,0.011819456000000002,0.329296876,0.253710938,0.378906248,0.334472656,Cytoplasm,Cytoplasm
ENSP00000364373,0.22265625,0.491406252,0.48671874800000003,0.316406248,0.15957031,0.35351562400000003,0.128222658,0.17216796799999998,0.35703125,0.33828124800000003,0.11074218799999999,Cytoplasm,"Cytoplasm, Nucleus"
ENSP00000359668,0.07416992200000001,0.56328125,0.828125,0.06677246,0.07392578200000001,0.10488281399999999,0.002972414,0.047583006,0.06772460999999999,0.021838378,0.055859378,"Cytoplasm, Nucleus",Nucleus
ENSP00000481920,0.09106445,0.436328124,0.87578125,0.145019532,0.06791992,0.14501953399999998,0.00579834,0.13388671600000002,0.076757812,0.10556640400000002,0.042822264,Nucleus,Nucleus
ENSP00000345674,0.21796875,0.578515626,0.415625,0.053222656,0.200976564,0.058056642000000006,0.00188942,0.12294922,0.118896482,0.053100586000000005,0.48652343800000003,Cytoplasm,Golgi apparatus
ENSP00000290330,0.265039062,0.542578126,0.5296875,0.039453126000000005,0.08725585999999999,0.059570312,0.020837401999999998,0.189355468,0.436328124,0.51015625,0.0037567160000000002,"Cytoplasm, Nucleus","Cytoplasm, Nucleus"
ENSP00000400792,0.24316406399999999,0.6921875,0.70078125,0.022595214,0.107177734,0.128125,0.009054564,0.308984376,0.43984375,0.667578124,0.026654054000000003,"Cytoplasm, Nucleus",Nucleus
ENSP00000361032,0.039306644,0.32792969,0.91640625,0.012359618,0.026953124000000002,0.21386719000000004,0.010728454000000002,0.1984375,0.023706056000000003,0.028723144,0.0031036400000000004,Nucleus,Nucleus
ENSP00000343134,0.16796875,0.401171874,0.577734374,0.018777466,0.15126953,0.05541992199999999,0.007131957999999999,0.095751954,0.14355468799999999,0.062280274000000004,0.383056642,Nucleus,Golgi apparatus
ENSP00000313776,0.73984375,0.266601564,0.11035156000000002,0.25078125,0.80234375,0.07875976199999998,0.002157592,0.366796876,0.569140626,0.311914062,0.125097656,"Membrane, Cell membrane, Lysosome/Vacuole",Cell membrane
ENSP00000357375,0.803125,0.21640625,0.101367188,0.237207032,0.803125,0.030273435999999997,0.003713988,0.312499998,0.576953126,0.20458984399999997,0.063293456,"Membrane, Cell membrane, Lysosome/Vacuole",Cell membrane
ENSP00000341125,0.236914062,0.493359374,0.49023437400000003,0.333007812,0.24335937400000002,0.350585936,0.0013252259999999999,0.18046875,0.222656248,0.054589842,0.018284606,Cytoplasm,Cytoplasm
ENSP00000258301,0.85546875,0.201953124,0.10927734199999999,0.024890136,0.5046875,0.31406250199999997,0.0033935560000000003,0.331640624,0.63046875,0.55859375,0.206445312,"Membrane, Lysosome/Vacuole","Nucleus, Golgi apparatus"
ENSP00000455091,0.500195314,0.6046875,0.42343750199999997,0.025305176000000002,0.376562498,0.242382812,0.008273316,0.222070314,0.110534668,0.24453125,0.01244049,"Membrane, Cytoplasm",Cytoplasm
ENSP00000420052,0.78984375,0.163867186,0.21386718799999999,0.031555176,0.135058592,0.433203122,0.013452148,0.75625,0.258984374,0.41171875199999997,0.14570312400000002,"Membrane, Endoplasmic reticulum",Nucleus
ENSP00000373175,0.263476562,0.148437498,0.147460936,0.044921876,0.08237304599999999,0.91484375,0.020397945999999997,0.14345703199999998,0.11445312599999999,0.07861328199999999,0.336132814,Mitochondrion,Mitochondrion
ENSP00000383626,0.414453126,0.7703125,0.23964843599999996,0.22229004,0.58203125,0.203710936,0.002774048,0.215429688,0.252539062,0.282421874,0.003015134,"Cytoplasm, Cell membrane","Nucleus, Cell membrane"
ENSP00000380612,0.262890624,0.7015625,0.544921876,0.13857422,0.21474609400000003,0.335742186,0.028186036000000005,0.20957031399999998,0.099804686,0.256250002,0.025878904,"Cytoplasm, Nucleus",Nucleus
ENSP00000378580,0.39921875,0.488671876,0.428125,0.30664062599999997,0.27988281,0.45117187400000003,0.024682618,0.33750000199999997,0.45078125199999997,0.4015625,0.08154296800000001,Cytoplasm,"Cytoplasm, Nucleus, Cell membrane"
ENSP00000507949,0.27578124800000003,0.476171876,0.380078124,0.371484376,0.083105472,0.544140626,0.173046876,0.12568359599999998,0.22099609400000003,0.137011718,0.223828126,Cytoplasm,Mitochondrion
ENSP00000426075,0.05227050799999999,0.261718752,0.928125,0.024206542000000004,0.031079100000000005,0.08427734,0.004647828,0.030957032000000002,0.03265381,0.058300781999999995,0.00271301,Nucleus,Nucleus
ENSP00000327268,0.346484374,0.329101564,0.116894532,0.036267088,0.16972656000000003,0.88515625,0.017004394,0.078955078,0.049072265999999996,0.090234374,0.16723632800000002,Mitochondrion,Mitochondrion
ENSP00000489978,0.250390628,0.57890625,0.60703125,0.177929688,0.366796874,0.290039064,0.016638181999999998,0.20761718999999998,0.127148436,0.126367188,0.132910158,"Cytoplasm, Nucleus",Nucleus
ENSP00000483433,0.47070312400000003,0.421875,0.42578125,0.478906252,0.14150390799999998,0.283593752,0.0134552,0.37890625,0.116210938,0.23310547,0.048754884,Membrane,Endoplasmic reticulum
ENSP00000480632,0.1734375,0.379296874,0.449609374,0.208789062,0.09487304599999999,0.3890625,0.011630249999999998,0.359179688,0.229003908,0.180249022,0.099707032,None,Nucleus
ENSP00000430870,0.287695314,0.544140626,0.50546875,0.220507812,0.257226564,0.296289062,0.014691161999999999,0.363281252,0.16494140799999998,0.31269531400000006,0.141894532,Cytoplasm,"Nucleus, Mitochondrion"
ENSP00000466224,0.07861328000000001,0.218359376,0.72734375,0.07397460999999998,0.04229736199999999,0.056665038,0.002752686,0.05056152199999999,0.119189452,0.07199707,0.050158692000000005,Nucleus,Nucleus
ENSP00000383625,0.38085937599999997,0.77578125,0.249609374,0.24892577999999999,0.56484375,0.198828126,0.003466798,0.19453125,0.23515625199999998,0.27597656000000004,0.002667238,"Cytoplasm, Cell membrane","Nucleus, Cell membrane"
ENSP00000250124,0.9421875,0.105761718,0.11054687599999999,0.022961424,0.348437498,0.174218748,0.0031013479999999994,0.696875,0.406640626,0.6640625,0.056799314000000004,"Membrane, Endoplasmic reticulum","Mitochondrion, Endoplasmic reticulum"
ENSP00000388486,0.055249024,0.329492188,0.87890625,0.00417328,0.017626951999999998,0.183593752,0.004040528,0.029150388000000006,0.10693359200000001,0.018414306,0.010507200000000001,Nucleus,Nucleus
ENSP00000301159,0.03481445,0.165625,0.9703125,0.04173584,0.023168944,0.07060546799999999,0.0028564460000000003,0.030322266000000004,0.015197753999999999,0.012976074,0.028283689999999993,Nucleus,Nucleus
ENSP00000300145,0.29882812599999997,0.430078124,0.301953126,0.75078125,0.175195312,0.467578126,0.027728273999999997,0.41249999800000003,0.251757812,0.234863282,0.386914064,Extracellular,"Cytoplasm, Cell membrane"
ENSP00000259030,0.57734375,0.273242188,0.41171875,0.279492188,0.22578124800000002,0.303906248,0.017236328000000002,0.6328125,0.391015626,0.303125002,0.114941406,"Membrane, Endoplasmic reticulum",Nucleus
ENSP00000507675,0.28574218399999995,0.179296874,0.11718749800000001,0.025976562,0.05029296799999999,0.96875,0.28105469000000005,0.045703126000000004,0.036450194000000005,0.035034180000000005,0.12841797,Mitochondrion,Mitochondrion
ENSP00000412024,0.81953125,0.156542968,0.08554687400000001,0.024871828000000002,0.174023436,0.90625,0.193066406,0.14765624800000002,0.10385742,0.10913086000000001,0.337109376,"Membrane, Mitochondrion",Mitochondrion
ENSP00000386037,0.096044922,0.262109376,0.846875,0.028994750000000003,0.11081542800000002,0.09660644599999998,0.00286827,0.029028320000000003,0.06757812399999999,0.050024414,0.0165802,Nucleus,Nucleus
ENSP00000323571,0.437499998,0.32265625,0.3203125,0.315429688,0.14814453,0.35078125,0.099511716,0.425,0.18251953199999998,0.20605468600000001,0.07314453000000001,None,Cell membrane
ENSP00000239461,0.128222658,0.152539062,0.909375,0.011279296000000001,0.09282226600000001,0.051904298,0.005305482,0.018530276,0.038085938,0.051879884,0.023977662,Nucleus,Nucleus
ENSP00000389498,0.156445314,0.203710936,0.87890625,0.01254883,0.097412108,0.161523436,0.016937256,0.025244144000000003,0.148339842,0.102246094,0.004302976,Nucleus,Nucleus
ENSP00000487380,0.39726562,0.6578125,0.44609375,0.004495238,0.265234374,0.40546875,0.030493164000000007,0.087451172,0.094335936,0.22099609400000003,0.042431638,Cytoplasm,Nucleus
ENSP00000434333,0.019311521999999998,0.371484376,0.8640625,0.04647217,0.018603516,0.022326661999999997,0.02133484,0.096875,0.0279541,0.074194334,0.0017974860000000003,Nucleus,Nucleus
ENSP00000430946,0.224414064,0.47890625,0.59453125,0.156835938,0.143945314,0.235546876,0.009027097999999999,0.24316406200000001,0.266015626,0.26406249800000003,0.112353514,"Cytoplasm, Nucleus",Nucleus
ENSP00000499597,0.08925781399999999,0.37695312599999997,0.925,0.046777344,0.1390625,0.048120116000000004,0.0009540539999999999,0.05092773399999999,0.029174806000000005,0.022387696000000002,0.001345062,Nucleus,Nucleus
ENSP00000490251,0.190234374,0.20937500199999998,0.15742187800000002,0.078320312,0.10634765399999999,0.93828125,0.01385498,0.075195312,0.069335938,0.07680664,0.079052736,Mitochondrion,Mitochondrion
ENSP00000479323,0.88671875,0.199804688,0.22148437599999998,0.05546875200000001,0.85703125,0.137109374,0.00479126,0.162304688,0.70390625,0.445703124,0.019250488,"Membrane, Cell membrane, Lysosome/Vacuole",Nucleus
ENSP00000437411,0.335546872,0.67578125,0.241406252,0.188085936,0.26875,0.224023438,0.009738158,0.164453122,0.410937498,0.71484375,0.010282898,"Cytoplasm, Golgi apparatus",Nucleus
ENSP00000378493,0.365625,0.484374998,0.519140626,0.107568358,0.23730468600000001,0.521874998,0.00731659,0.385156252,0.44628906199999996,0.36523437599999997,0.11215820400000001,Cytoplasm,Nucleus
ENSP00000040584,0.12187499800000001,0.41210937400000003,0.8578125,0.05681152199999999,0.099609376,0.152148436,0.002099322,0.065869142,0.112695312,0.049096680000000004,0.032788086,Nucleus,Nucleus
ENSP00000343482,0.8140625,0.21777343799999999,0.10283203199999999,0.23486327999999998,0.8234375,0.032739258,0.0041107159999999995,0.350781252,0.57890625,0.238281248,0.072644042,"Membrane, Cell membrane, Lysosome/Vacuole",Cell membrane
ENSP00000494088,0.472265624,0.5875,0.281445312,0.06894531200000001,0.3078125,0.34375,0.032592772,0.246093752,0.386718748,0.492578126,0.143505858,"Membrane, Cytoplasm",Nucleus
ENSP00000358027,0.3078125,0.17812499799999998,0.12226562199999999,0.048803712,0.08178711000000001,0.8953125,0.203125,0.080078128,0.090820312,0.138671876,0.10820312400000001,Mitochondrion,Cytoplasm
ENSP00000389368,0.3734375,0.54453125,0.428125002,0.059545897999999986,0.242578124,0.47734375,0.040112304,0.378125002,0.19238281399999999,0.27001953399999995,0.007817076000000001,Cytoplasm,Nucleus
ENSP00000413595,0.306445312,0.499218748,0.61171875,0.029382322000000006,0.19257812400000002,0.22460937799999997,0.032031248,0.176171872,0.28808594,0.341015624,0.035461424,"Cytoplasm, Nucleus",Nucleus
ENSP00000358616,0.07470703199999999,0.546484374,0.634375,0.012145996000000001,0.052832029999999995,0.04741210999999999,0.015228274000000003,0.092016602,0.087841798,0.07619629,0.0011295320000000001,"Cytoplasm, Nucleus",Nucleus
ENSP00000506466,0.37695312599999997,0.6046875,0.412500002,0.051538086000000004,0.302148438,0.323242186,0.01956787,0.261132814,0.195898438,0.34550781399999997,0.128662108,Cytoplasm,Cytoplasm
ENSP00000494393,0.304296876,0.6359375,0.466015626,0.37656250199999997,0.155566406,0.266796876,0.057373048,0.348046874,0.414062498,0.75078125,0.08934326,"Cytoplasm, Golgi apparatus",Cytoplasm
ENSP00000452319,0.159863282,0.690625,0.541796876,0.07753906400000002,0.10258788999999999,0.554296874,0.002534486,0.153710938,0.079760744,0.159960936,0.027490236,"Cytoplasm, Nucleus",Cytoplasm
ENSP00000436276,0.14033203,0.369921874,0.9046875,0.028021240000000003,0.15595703,0.08886718600000001,0.0013744340000000001,0.07490234599999998,0.089648438,0.04921875,0.013273621999999999,Nucleus,Nucleus
ENSP00000408819,0.43789062800000006,0.22949218999999998,0.190234374,0.559765626,0.5273437519999999,0.09189453,0.002169418,0.24082031,0.220507814,0.18828125,0.01760254,Cell membrane,Cell membrane
ENSP00000345468,0.8828125,0.182617188,0.191601562,0.07255859199999999,0.78515625,0.176953128,0.042333984,0.4609375,0.5875,0.690625,0.005725098,"Membrane, Cell membrane, Lysosome/Vacuole, Golgi apparatus",Nucleus
ENSP00000216027,0.240039062,0.175195312,0.222460936,0.10815429800000001,0.12480469000000001,0.88671875,0.00531311,0.135449218,0.098046874,0.07963867,0.05603027399999999,Mitochondrion,"Cytoplasm, Mitochondrion"
ENSP00000438355,0.9109375,0.16142578000000002,0.05947265800000001,0.026678466,0.384179688,0.88515625,0.065869142,0.327929688,0.38124999800000003,0.18632812199999998,0.373632812,"Membrane, Mitochondrion",Peroxisome
ENSP00000286317,0.053955076000000005,0.544921874,0.79765625,0.019842529999999997,0.073828126,0.05654296799999999,0.00650177,0.111865234,0.2203125,0.115234376,0.0263855,"Cytoplasm, Nucleus",Nucleus
ENSP00000421252,0.039868164,0.350781248,0.9625,0.015637206,0.023022458000000003,0.023864744,0.0032241820000000003,0.029614256,0.03125,0.039575193999999994,0.0009506220000000001,Nucleus,Nucleus
ENSP00000468681,0.054418944000000004,0.7171875,0.7015625,0.060278318,0.086376954,0.218945314,0.0041793839999999995,0.115185548,0.027642822,0.08300781000000002,0.001250266,"Cytoplasm, Nucleus",Cytoplasm
ENSP00000446613,0.196679688,0.426953126,0.432421876,0.437109376,0.056445310000000005,0.38085937599999997,0.230664062,0.35351562200000003,0.273242188,0.19003905999999998,0.346874998,None,Cytoplasm
ENSP00000416386,0.387500002,0.256640622,0.190917968,0.580859376,0.33789062400000003,0.24140625,0.022900388,0.200585938,0.242578126,0.269726564,0.043505858,None,Cell membrane
ENSP00000402554,0.205468748,0.549609376,0.62265625,0.148046874,0.175390626,0.310156248,0.011541748,0.309179686,0.135449218,0.10527343600000001,0.015673828,"Cytoplasm, Nucleus",Nucleus
ENSP00000357383,0.80078125,0.206640624,0.104882812,0.2578125,0.815625,0.034106446,0.003636168,0.303710938,0.556640626,0.257812498,0.05217285000000001,"Membrane, Cell membrane",Cell membrane
ENSP00000354921,0.187695314,0.66796875,0.464843748,0.152050782,0.223242186,0.28203125,0.004518126,0.216015626,0.22402343599999996,0.307421878,0.044628908,Cytoplasm,"Cytoplasm, Nucleus"
ENSP00000482500,0.048779296,0.483593748,0.80390625,0.03945312199999999,0.03425293,0.10615234199999998,0.011871337999999999,0.019995118,0.040844726,0.042187502,0.019470214,"Cytoplasm, Nucleus","Cytoplasm, Nucleus"
ENSP00000248104,0.34140625,0.6609375,0.278515626,0.13046874800000002,0.210546876,0.23828125,0.021508788,0.19121094,0.65234375,0.550390626,0.069250486,"Cytoplasm, Lysosome/Vacuole",Cytoplasm
ENSP00000467407,0.423437498,0.463671876,0.466406248,0.284179686,0.18203125,0.523046874,0.0035385119999999997,0.414843752,0.27500000199999997,0.41855468800000006,0.08627929599999999,None,Mitochondrion
ENSP00000355815,0.191406252,0.55546875,0.48007812199999994,0.126953124,0.18515625,0.219921876,0.050463868,0.136914062,0.114453124,0.247851562,0.046923827999999994,Cytoplasm,Cytoplasm
ENSP00000494221,0.125097658,0.528125,0.62578125,0.10791015600000001,0.073974608,0.124511716,0.004130552,0.18032226599999998,0.07880859200000001,0.263085936,0.030468748,"Cytoplasm, Nucleus",Nucleus
ENSP00000461388,0.21972656399999999,0.6453125,0.387890622,0.074487306,0.221093748,0.333789062,0.006936647999999999,0.140625,0.16699218600000001,0.20410156599999998,0.007330322,Cytoplasm,"Cytoplasm, Nucleus"
ENSP00000357904,0.30546875,0.70859375,0.383789064,0.013619996,0.29316406199999995,0.06059570400000001,0.002546694,0.18857422000000001,0.273828126,0.153515626,0.016259764000000003,Cytoplasm,Nucleus
ENSP00000356332,0.75,0.301171878,0.121972656,0.29082031599999997,0.7515625,0.156445314,0.0026062000000000004,0.522265626,0.505859376,0.278515624,0.08308105400000002,"Membrane, Cell membrane","Cytoplasm, Cell membrane"
ENSP00000398981,0.15546875,0.444140626,0.83671875,0.009643556000000001,0.07446288999999999,0.221289062,0.000431726,0.042749024000000004,0.058056642000000006,0.124804688,0.00404205,Nucleus,Nucleus
ENSP00000473501,0.208984376,0.7140625,0.390625002,0.11723632999999997,0.286328126,0.22753906399999999,0.003070068,0.090429688,0.125097656,0.185644532,0.17675781200000001,Cytoplasm,"Cytoplasm, Cell membrane"
ENSP00000385303,0.87421875,0.2328125,0.061328126000000004,0.025018311999999997,0.266601564,0.80625,0.047729494,0.34160156399999997,0.366210936,0.15712890799999998,0.51640625,"Membrane, Mitochondrion",Peroxisome
ENSP00000507941,0.44765624800000003,0.499218748,0.344335938,0.05075683599999999,0.195898438,0.66640625,0.05390625,0.57265625,0.275195312,0.466015624,0.40039062799999997,"Cytoplasm, Mitochondrion",Cytoplasm
ENSP00000434998,0.24882812599999998,0.62578125,0.356054688,0.122070312,0.278515624,0.23320312199999998,0.002868652,0.30703124800000003,0.212890624,0.31669922,0.028918456,Cytoplasm,"Nucleus, Cell membrane"
ENSP00000323782,0.0871582,0.491796874,0.77734375,0.033410644,0.11391601599999998,0.12451171800000001,0.00198898,0.07285156200000001,0.027319336,0.06525878799999998,0.0035369899999999994,"Cytoplasm, Nucleus",Cytoplasm
ENSP00000489757,0.212890626,0.33574219000000005,0.397265626,0.058666991999999994,0.123730466,0.43554687400000003,0.02046814,0.276171876,0.119628904,0.088183594,0.352734376,None,Mitochondrion
ENSP00000440485,0.38847656399999997,0.63984375,0.402343748,0.36796875,0.3578125,0.16279296999999998,0.011341858,0.146386718,0.06591796800000001,0.125878906,0.038772584000000006,Cytoplasm,Cytoplasm
ENSP00000385972,0.28964844,0.55078125,0.567578124,0.090039062,0.13398437400000002,0.256445314,0.015014648,0.29199219,0.374804688,0.307031252,0.025521850000000002,"Cytoplasm, Nucleus","Cytoplasm, Nucleus"
ENSP00000465413,0.224414064,0.55078125,0.57890625,0.076171876,0.132324218,0.33007812400000003,0.011541748000000001,0.22539062599999998,0.306445312,0.30664062799999997,0.073999024,"Cytoplasm, Nucleus",Nucleus
ENSP00000433578,0.216601564,0.55,0.6453125,0.103466796,0.15595703,0.197656252,0.038916016000000005,0.21386718600000001,0.396093748,0.377734376,0.11862793,"Cytoplasm, Nucleus",Cytoplasm
ENSP00000463053,0.114746096,0.40742187799999996,0.448828126,0.311328124,0.09492187599999999,0.46484375,0.312109376,0.113427732,0.208789064,0.154003906,0.156445312,None,Nucleus
ENSP00000339335,0.312890622,0.65625,0.396875002,0.316796872,0.183398438,0.31074218400000003,0.009689332,0.12636719000000002,0.391796874,0.30234375,0.034375,Cytoplasm,"Cytoplasm, Nucleus, Cell membrane"
ENSP00000494836,0.19716797000000003,0.576953124,0.526953122,0.047680662,0.12885742,0.72734375,0.03544769,0.240039064,0.26015625,0.078710936,0.139038086,"Cytoplasm, Mitochondrion","Cytoplasm, Nucleus, Endoplasmic reticulum"
ENSP00000481736,0.26328125,0.57421875,0.55,0.10297851799999999,0.20468749599999997,0.411328124,0.016552731999999997,0.375,0.384375,0.288476564,0.167285156,"Cytoplasm, Nucleus","Cytoplasm, Nucleus"
ENSP00000400978,0.9171875,0.160546874,0.159277342,0.11601562400000001,0.512499998,0.125683594,0.03243866199999999,0.6546875,0.430078126,0.468359374,0.050207520000000005,"Membrane, Endoplasmic reticulum",Endoplasmic reticulum
ENSP00000321691,0.102636718,0.8234375,0.44453125,0.09785156,0.15390625,0.339843752,0.11611327999999999,0.15546875,0.05104980399999999,0.052880857999999996,0.074365236,Cytoplasm,Nucleus
ENSP00000343706,0.095703126,0.544921876,0.83671875,0.174316406,0.151171874,0.20732421800000003,0.015478513999999999,0.04252929800000001,0.070263672,0.08984374800000001,0.017257691999999998,"Cytoplasm, Nucleus",Nucleus
ENSP00000376842,0.13984374800000002,0.471875,0.86796875,0.005929566,0.052734371999999995,0.198535156,0.000604914,0.040917968000000006,0.06518554600000001,0.162109374,0.00580139,"Cytoplasm, Nucleus",Nucleus
ENSP00000358775,0.265820312,0.14111328,0.17246093999999998,0.055517578,0.146386718,0.8796875,0.00803833,0.106054688,0.092871092,0.09086914,0.121777344,Mitochondrion,Mitochondrion
ENSP00000357933,0.15917968799999999,0.5875,0.5765625,0.058715821999999994,0.141503906,0.331640624,0.033642578,0.142773438,0.262109376,0.261523438,0.18500976600000002,"Cytoplasm, Nucleus",Cytoplasm
ENSP00000420230,0.7484375,0.251171876,0.136035156,0.211230466,0.76796875,0.09243163800000001,0.004531858000000001,0.318750004,0.405468748,0.356640624,0.072119142,"Membrane, Cell membrane",Cell membrane
ENSP00000455709,0.28398437200000004,0.67578125,0.348046874,0.171777344,0.199414062,0.325585936,0.0060409520000000005,0.146386718,0.3875,0.34960937599999997,0.34150390599999997,Cytoplasm,Cell membrane
ENSP00000402432,0.236523438,0.5578125,0.407031252,0.25019531,0.193164062,0.4640625,0.013043214000000001,0.232617188,0.342968748,0.323828126,0.591796876,Cytoplasm,Cytoplasm
ENSP00000378347,0.27148437400000003,0.21210937400000002,0.16875,0.23281250199999998,0.263476562,0.07177734200000001,0.001450346,0.703125,0.350585936,0.378515626,0.047277834000000005,Endoplasmic reticulum,Endoplasmic reticulum
ENSP00000410924,0.06328125,0.406249998,0.8578125,0.10166015799999999,0.08447265600000001,0.132910156,0.00094986,0.038085938,0.08627929599999999,0.18251953199999998,0.043957517999999994,Nucleus,Nucleus
ENSP00000507974,0.4039062540000001,0.48515625,0.518359374,0.11694336000000001,0.44296875,0.07753905999999999,0.0079216,0.125195312,0.330859374,0.09028320199999999,0.021325684,Cytoplasm,"Cytoplasm, Nucleus, Cell membrane"
ENSP00000469165,0.621875,0.310742188,0.3375,0.14892578,0.28515625,0.29140625,0.027838135999999996,0.383789064,0.66875,0.428906252,0.15988769399999997,"Membrane, Lysosome/Vacuole",Cell membrane
ENSP00000390921,0.29140625,0.66328125,0.550390624,0.07392578000000001,0.187890626,0.10830077999999999,0.004058838,0.21757812799999998,0.48203125,0.299609374,0.00645752,"Cytoplasm, Nucleus","Cytoplasm, Nucleus, Cell membrane"
ENSP00000340836,0.11679687400000001,0.7484375,0.618359374,0.08066406,0.149609376,0.10400390600000001,0.011572264,0.07543945399999999,0.21367187799999998,0.196679688,0.0028228759999999998,"Cytoplasm, Nucleus",Cytoplasm
ENSP00000483724,0.237890624,0.37304687400000003,0.5421875,0.110546874,0.10986328199999999,0.18300781000000002,0.131640624,0.06381835799999999,0.06496581800000001,0.163183594,0.179687498,Nucleus,Nucleus
ENSP00000483581,0.76875,0.201171874,0.10839843600000001,0.412695312,0.79765625,0.038769531999999995,0.004136654,0.229296874,0.484374998,0.21484375,0.05792236199999999,"Membrane, Cell membrane",Cell membrane
ENSP00000465103,0.241992186,0.4890625,0.66875,0.210351564,0.252148438,0.29296875,0.008238217999999999,0.23574218600000002,0.18457031399999999,0.22890625,0.07871094,"Cytoplasm, Nucleus",Endoplasmic reticulum
ENSP00000447690,0.102148438,0.58125,0.575,0.07329101600000001,0.068603518,0.141308594,0.01126709,0.10644531399999999,0.083886718,0.26367187599999997,0.011145018000000001,"Cytoplasm, Nucleus",Nucleus
ENSP00000429461,0.274414062,0.42578125,0.265429686,0.297656248,0.111328126,0.63984375,0.11606445399999998,0.19687499800000002,0.206445314,0.197070314,0.22968749800000002,Mitochondrion,"Cytoplasm, Nucleus, Cell membrane"
ENSP00000417697,0.7734375,0.09531250200000001,0.12607421800000002,0.284179688,0.6625,0.17499999800000002,0.01638794,0.09902343799999999,0.398046876,0.108203126,0.13432617200000002,"Membrane, Cell membrane",Cell membrane
ENSP00000395172,0.111230468,0.43164062400000003,0.74375,0.133691406,0.053027344,0.216210938,0.008282472,0.276171876,0.28730468600000003,0.152246094,0.100634764,Nucleus,Nucleus
ENSP00000435478,0.356640624,0.74609375,0.219921878,0.037744139999999995,0.319726566,0.240429688,0.017504884,0.195898438,0.175976564,0.187109376,0.14418945,Cytoplasm,"Nucleus, Cell membrane"
ENSP00000364366,0.354687498,0.70234375,0.503515624,0.020220948,0.31445312599999997,0.172753906,0.005528259999999999,0.347070312,0.278320314,0.37265625,0.049688722000000005,Cytoplasm,"Cytoplasm, Nucleus"
ENSP00000350101,0.26367187599999997,0.45078125199999997,0.548828126,0.366210936,0.2734375,0.448437498,0.008613586,0.17871093799999999,0.26396484600000003,0.4625,0.18320312200000002,Nucleus,Nucleus
ENSP00000443330,0.430859376,0.550390624,0.4875,0.081933592,0.382226564,0.19638671800000002,0.01077881,0.08251953199999999,0.22988280999999997,0.369921874,0.004004288,Cytoplasm,Nucleus
ENSP00000359727,0.252929686,0.65078125,0.36484375,0.045166014000000004,0.27109375199999997,0.152734376,0.016589354,0.066796874,0.18886719,0.238867186,0.136523434,Cytoplasm,Cytoplasm
ENSP00000354633,0.053027344,0.212890624,0.90390625,0.044653318000000004,0.057617188,0.057519530000000006,0.0021957399999999994,0.051586912,0.02397461,0.013995360000000002,0.001167296,Nucleus,Nucleus
ENSP00000402496,0.149902344,0.427343748,0.88828125,0.0070556640000000006,0.10400390600000001,0.15136718400000002,0.002732848,0.066479492,0.14023437199999997,0.07470703199999999,0.005329894,Nucleus,Nucleus
ENSP00000507540,0.33398437599999997,0.6203125,0.46796875,0.096606444,0.221289062,0.35800781,0.005094909999999999,0.33417968600000003,0.5015625,0.4484375,0.01232605,Cytoplasm,"Cytoplasm, Nucleus, Cell membrane"
ENSP00000493494,0.52734375,0.70703125,0.233789062,0.092529296,0.530859376,0.24804687199999997,0.041979982000000006,0.22050781000000003,0.4046874959999999,0.386328126,0.310913086,"Membrane, Cytoplasm, Cell membrane",Nucleus
ENSP00000482619,0.232031252,0.47578125,0.492968752,0.534765624,0.22363281000000002,0.34570312400000003,0.019219972,0.159960938,0.107421872,0.280859376,0.22734375199999998,Cytoplasm,Nucleus
ENSP00000445058,0.46875,0.65859375,0.41171875199999997,0.16435547,0.375,0.146191406,0.03359375,0.234960936,0.10166015400000002,0.276171876,0.041552734,"Membrane, Cytoplasm",Cytoplasm
ENSP00000404402,0.065722656,0.403124996,0.815625,0.053710934,0.042724608,0.10625,0.006993864000000001,0.040307618,0.082324218,0.080322266,0.013002014000000001,Nucleus,Nucleus
ENSP00000460273,0.24707031200000001,0.382421874,0.305468752,0.236914062,0.2265625,0.30625,0.068310548,0.393359376,0.358984376,0.290820312,0.14189453000000002,None,"Cytoplasm, Nucleus"
ENSP00000434572,0.10263671599999999,0.272851564,0.85546875,0.039819336,0.074023438,0.15595703,0.005111691999999999,0.022424318,0.031127928000000006,0.049072266,0.016314694,Nucleus,Nucleus
ENSP00000422756,0.22421875,0.5390625,0.4796875,0.145800782,0.08696288999999999,0.22812499800000002,0.0071502679999999996,0.17304687400000002,0.208203126,0.234570314,0.06376953,Cytoplasm,Nucleus
ENSP00000381204,0.803125,0.14599609200000002,0.097070312,0.574609376,0.728125,0.083984376,0.006362916000000001,0.24335937400000002,0.48984375,0.309375,0.040209962,"Membrane, Cell membrane",Golgi apparatus
ENSP00000301838,0.27929687599999997,0.73046875,0.383203126,0.097900388,0.28671875,0.133496094,0.00394745,0.06372070399999999,0.38203125,0.237695312,0.007009888000000001,Cytoplasm,"Cytoplasm, Nucleus"
ENSP00000448051,0.464062498,0.512109374,0.6203125,0.17109375,0.367968752,0.417968754,0.016723632,0.5625,0.449609374,0.250390624,0.253320314,"Membrane, Cytoplasm, Nucleus",Nucleus
ENSP00000442083,0.35351562400000003,0.437109376,0.30664062400000003,0.0984375,0.20546875,0.7796875,0.09799804799999999,0.24472656,0.197265624,0.364843748,0.249414064,Mitochondrion,Nucleus
ENSP00000434508,0.220312502,0.58828125,0.5359375,0.07827148399999999,0.137597654,0.228027342,0.016296388000000002,0.12182617199999998,0.12216796799999999,0.325390624,0.058740234,"Cytoplasm, Nucleus",Nucleus
ENSP00000429765,0.634375,0.495703126,0.265624998,0.293652344,0.630078124,0.544140626,0.062475588000000006,0.258203126,0.391796872,0.58515625,0.299804686,"Membrane, Cytoplasm, Cell membrane",Endoplasmic reticulum
ENSP00000428609,0.309375,0.5734375,0.36875000399999996,0.057495118,0.19667968800000002,0.588671874,0.024511718,0.07875976600000001,0.158496094,0.147558596,0.03322754,Cytoplasm,Nucleus
ENSP00000463596,0.19648437400000002,0.437500004,0.596875,0.374218752,0.16357422,0.14941406200000001,0.014154052,0.12451171999999999,0.159667968,0.091699218,0.00112114,Nucleus,Nucleus
ENSP00000321445,0.097363282,0.35546875,0.9296875,0.022473142,0.058886720000000004,0.267285156,0.000788878,0.023364258,0.050927736,0.06652832,0.01687622,Nucleus,Nucleus
ENSP00000479243,0.634375,0.20527343999999997,0.154296876,0.577734376,0.7015625,0.063574218,0.001813506,0.1859375,0.290234376,0.233203124,0.045959474,"Membrane, Cell membrane",Cell membrane
ENSP00000413355,0.78984375,0.14921875,0.191796874,0.007019044,0.18652343999999998,0.125097658,0.10400390600000001,0.76328125,0.54296875,0.70625,0.020251464,"Membrane, Endoplasmic reticulum, Golgi apparatus",Golgi apparatus
ENSP00000397198,0.39648437400000003,0.13173828199999998,0.13017578000000002,0.048632814,0.11728515400000002,0.94921875,0.066455078,0.06191406000000001,0.10083007800000002,0.074853516,0.059057616,Mitochondrion,Cytoplasm
ENSP00000468452,0.252734376,0.17050781399999998,0.183007812,0.06684570199999999,0.10322265800000001,0.959375,0.01192627,0.07675781,0.070605468,0.086328124,0.20107421800000003,Mitochondrion,Mitochondrion
ENSP00000359518,0.050097656000000004,0.137988278,0.97421875,0.03120117,0.052050782000000004,0.020336912000000002,0.06396484399999999,0.113134764,0.017419434,0.021337889999999998,0.022776796,Nucleus,Nucleus
ENSP00000348050,0.68359375,0.204882814,0.264453126,0.21650390599999997,0.328125,0.3265625,0.002027894,0.76015625,0.20957031399999998,0.46171875,0.150390624,"Membrane, Endoplasmic reticulum",Endoplasmic reticulum
ENSP00000285333,0.422265626,0.58046875,0.57421875,0.238476562,0.355859374,0.25195312599999997,0.001945782,0.139746092,0.210742186,0.211523438,0.017468264,"Cytoplasm, Nucleus",Cytoplasm
ENSP00000351380,0.04440918,0.362890626,0.86328125,0.015789796000000002,0.041284182,0.152734374,0.010868832,0.044604492,0.042089844,0.03347168,0.00612335,Nucleus,Nucleus
ENSP00000339690,0.775,0.212695312,0.109179688,0.371679688,0.7671875,0.052905274,0.010119630000000001,0.338671874,0.47890625,0.246289062,0.087756348,"Membrane, Cell membrane",Cell membrane
ENSP00000479619,0.11669921800000001,0.337499998,0.80078125,0.09846191200000001,0.12607421800000002,0.148339844,0.005948638000000001,0.12719726599999998,0.06665038999999999,0.043139648,0.08308105600000001,Nucleus,Nucleus
ENSP00000479128,0.274023436,0.465625,0.589453124,0.288281248,0.13144531399999998,0.48242187599999997,0.034069824,0.355078126,0.09047851600000001,0.150195312,0.016564942,Nucleus,Nucleus
ENSP00000431979,0.1703125,0.39296875,0.696875,0.259179688,0.11787109199999998,0.634375,0.047961428,0.23749999800000002,0.150195312,0.178613278,0.131933594,Nucleus,Nucleus
ENSP00000499371,0.277539066,0.408593752,0.585156252,0.13642578,0.105078126,0.311914062,0.056274413999999995,0.354101564,0.511328124,0.29492187599999997,0.03833008,Nucleus,Nucleus
ENSP00000493140,0.0621582,0.324999998,0.88828125,0.15622558599999997,0.05527343800000001,0.155859374,0.000496292,0.061499024,0.046740722,0.045043944,0.014837648,Nucleus,Nucleus
ENSP00000428877,0.22949218799999999,0.315624998,0.69765625,0.04555664,0.12607421800000002,0.163183594,0.034924316,0.164160158,0.08632812599999999,0.127050782,0.002919768,Nucleus,"Nucleus, Cell membrane"
ENSP00000319532,0.294531248,0.51484375,0.56875,0.109375,0.224414062,0.329492188,0.012121582000000002,0.261718754,0.24609375,0.247460938,0.171679686,"Cytoplasm, Nucleus",Nucleus
ENSP00000497996,0.061279294000000005,0.255664062,0.88203125,0.057031248,0.035986328,0.09082031199999999,0.0029144279999999997,0.08525390799999999,0.04201660199999999,0.030126953999999994,0.0026252739999999995,Nucleus,Nucleus
ENSP00000384925,0.44609375,0.6328125,0.313281252,0.04888916,0.48222656399999997,0.27021484399999995,0.005198668,0.05617675799999999,0.12216796999999999,0.22187499799999996,0.028067016,Cytoplasm,Cytoplasm
ENSP00000389028,0.202343752,0.21230468600000002,0.11474609399999999,0.92265625,0.226953124,0.133691406,0.026391601999999997,0.272460938,0.18173828,0.259960938,0.021496579999999998,Extracellular,Cell membrane
ENSP00000388887,0.493359374,0.603125,0.315234376,0.047680662,0.5203125,0.18867187400000002,0.016540528000000002,0.37734375,0.31015625,0.325,0.130932618,"Membrane, Cytoplasm","Cytoplasm, Nucleus"
ENSP00000398720,0.061621092,0.7,0.52421875,0.018786619999999997,0.03215332,0.105346682,0.134082036,0.144042968,0.09967041000000001,0.039257814,0.268164064,Cytoplasm,Cytoplasm
ENSP00000361577,0.328906252,0.6203125,0.548046874,0.021557617999999997,0.23505859399999998,0.13378906200000001,0.0013969420000000002,0.269335938,0.16162109200000002,0.166015626,0.058862307999999995,"Cytoplasm, Nucleus",Nucleus
ENSP00000477624,0.71640625,0.27148437400000003,0.118066406,0.095507816,0.20332031400000003,0.7921875,0.12451171999999999,0.298242188,0.19199218599999998,0.145996094,0.42265625,"Membrane, Mitochondrion",Mitochondrion
ENSP00000455260,0.123925782,0.484375,0.516796876,0.124169924,0.191992188,0.149316406,0.002818678,0.09511718599999999,0.14941406000000002,0.21103515600000003,0.00200043,Cytoplasm,Nucleus
ENSP00000435383,0.436718752,0.70234375,0.263476564,0.019030762,0.31425780999999997,0.19121094,0.01425476,0.313867188,0.422656252,0.33730468999999996,0.088464356,Cytoplasm,"Nucleus, Cell membrane"
ENSP00000412919,0.090625,0.387109374,0.8140625,0.031561278,0.06477050799999999,0.176562498,0.0022384659999999997,0.124316406,0.15966797,0.08288574199999998,0.00548248,Nucleus,Nucleus
ENSP00000443879,0.347070312,0.68515625,0.217285158,0.059472656,0.410546872,0.24707031200000001,0.006048584,0.14506836,0.39453125,0.555859374,0.010095214000000002,Cytoplasm,Nucleus
ENSP00000414177,0.14892578,0.41210937599999997,0.77890625,0.014763641999999999,0.105029296,0.08154297,0.00092163,0.122265624,0.171484374,0.13779296800000002,0.042831419999999995,Nucleus,Nucleus
ENSP00000412141,0.5078125,0.471875,0.475390624,0.15009765600000002,0.58125,0.334375,0.009635924,0.40136718600000004,0.08642578199999999,0.139990236,0.048181152,"Membrane, Cytoplasm, Cell membrane",Cell membrane
ENSP00000410912,0.19628906200000001,0.319140628,0.18515625,0.24423828200000003,0.072509764,0.94765625,0.136914062,0.107421872,0.090917968,0.065576172,0.3171875,Mitochondrion,"Cytoplasm, Nucleus, Cell membrane"
ENSP00000404796,0.129003908,0.3296875,0.87578125,0.034594726,0.074658204,0.13984374800000002,0.001888656,0.088964844,0.019018554,0.043286132,0.009243775999999999,Nucleus,Nucleus
ENSP00000262396,0.08730468799999999,0.63359375,0.57109375,0.120214844,0.10908203200000002,0.131445314,0.014868166000000002,0.050244142000000006,0.124511716,0.06809082,0.022882077999999997,"Cytoplasm, Nucleus","Cytoplasm, Nucleus"
ENSP00000496136,0.09912109399999999,0.3734375,0.68515625,0.093408202,0.052099610000000005,0.514062498,0.00819397,0.158398436,0.05024413999999999,0.12470703000000001,0.02680664,Nucleus,Mitochondrion
ENSP00000461145,0.17265624799999998,0.4234375,0.59140625,0.074877928,0.101953124,0.100488282,0.008331298,0.138769532,0.075097656,0.10522460800000003,0.0020133959999999998,Nucleus,Nucleus
ENSP00000435057,0.352734374,0.621875,0.403515626,0.170507812,0.429296876,0.520703124,0.004881286,0.094335938,0.26367187400000003,0.20419922000000001,0.031420897999999996,Cytoplasm,"Cytoplasm, Nucleus"
ENSP00000337340,0.179492186,0.5765625,0.571875,0.054248045999999994,0.29921875,0.096582028,0.02026367,0.158203126,0.12792968600000001,0.135058592,0.016876222,"Cytoplasm, Nucleus",Nucleus
ENSP00000464158,0.965625,0.14033203,0.068212888,0.016976929999999998,0.52265625,0.276953124,0.00614929,0.66796875,0.353125,0.587890626,0.047192382,"Membrane, Endoplasmic reticulum","Mitochondrion, Endoplasmic reticulum"
ENSP00000494697,0.16660156199999998,0.70859375,0.6390625,0.02800293,0.24501952999999999,0.64453125,0.005723572,0.31201172,0.24970703199999997,0.05231933799999999,0.075439452,"Cytoplasm, Nucleus, Mitochondrion","Cytoplasm, Nucleus, Endoplasmic reticulum"
ENSP00000385962,0.7484375,0.136035156,0.269531252,0.338671878,0.22734375,0.264843752,0.155200194,0.67109375,0.335937502,0.328125,0.015567016,"Membrane, Endoplasmic reticulum",Nucleus
ENSP00000379758,0.95625,0.14628906000000003,0.08486328000000001,0.030883790000000005,0.47539062199999993,0.306835938,0.006015014,0.62421875,0.3265625,0.586328124,0.073925782,Membrane,"Mitochondrion, Endoplasmic reticulum"
ENSP00000340294,0.59453125,0.548828126,0.28144530999999995,0.07573242,0.40234375,0.109375,0.018984984000000003,0.46679687599999997,0.430859374,0.450390624,0.102905274,"Membrane, Cytoplasm",Cytoplasm
ENSP00000414323,0.203125,0.653125,0.38203125,0.194628904,0.183007812,0.273437498,0.00240879,0.14345703199999998,0.374218748,0.539453126,0.09675292799999999,Cytoplasm,Cytoplasm
ENSP00000508017,0.248242188,0.49609375,0.548828126,0.07363281399999999,0.12416992199999999,0.311914064,0.02024231,0.304882812,0.266210938,0.241601564,0.082397458,"Cytoplasm, Nucleus",Cytoplasm
ENSP00000409315,0.014276121999999999,0.548828124,0.7671875,0.020300292000000004,0.019970702,0.058398438,0.00181961,0.09687500200000002,0.024597167999999996,0.041613768,0.002015686,"Cytoplasm, Nucleus","Cytoplasm, Nucleus"
ENSP00000347275,0.7890625,0.09580078,0.12998046800000002,0.265527342,0.66171875,0.16289062799999998,0.020556642,0.117871094,0.39257812599999997,0.09921875,0.13197631999999998,"Membrane, Cell membrane",Cell membrane
ENSP00000483473,0.821875,0.203320312,0.09863281400000001,0.277050782,0.81875,0.032104492000000005,0.004679870000000001,0.320117188,0.45507812599999997,0.230468748,0.08796386599999999,"Membrane, Cell membrane",Cell membrane
ENSP00000481099,0.361718752,0.46289062599999997,0.437109374,0.367382814,0.23945312400000002,0.536328126,0.029962155999999997,0.403515626,0.21171875199999998,0.234960936,0.13046875,None,Nucleus
ENSP00000394858,0.77578125,0.09843750199999998,0.126269532,0.293164066,0.696875,0.152929688,0.013604736000000001,0.111621094,0.39140625,0.11035156399999999,0.09142456000000002,"Membrane, Cell membrane",Cell membrane
ENSP00000386688,0.125488282,0.43359375,0.343359374,0.469921874,0.072802734,0.23710937799999998,0.25070800800000004,0.26738281399999997,0.21640625,0.127246094,0.433203124,None,Peroxisome
ENSP00000383710,0.23984375,0.4703125,0.506640626,0.4390625,0.217382812,0.495703126,0.03405762,0.241992188,0.18828125,0.370703124,0.188085938,Cytoplasm,Nucleus
ENSP00000355285,0.79609375,0.14951171800000002,0.099511718,0.584765624,0.73203125,0.08237304799999999,0.006436157999999999,0.233007812,0.4875,0.301757812,0.039147948,"Membrane, Cell membrane",Golgi apparatus
ENSP00000259037,0.69765625,0.14374999800000002,0.103222656,0.012158204,0.17871093799999999,0.95,0.056250002,0.127246094,0.047998045999999996,0.07568359399999999,0.04943847600000001,"Membrane, Mitochondrion",Mitochondrion
ENSP00000505459,0.23183593600000002,0.443750002,0.37734375,0.44140625,0.044995118,0.374218748,0.12734375,0.317187502,0.240820312,0.18564453,0.32949219,None,Cytoplasm
ENSP00000493145,0.28730468600000003,0.436328124,0.54609375,0.4349609360000001,0.230468748,0.39687500400000003,0.03449707,0.223828126,0.14248047,0.34453125,0.06865234199999999,Nucleus,Nucleus
ENSP00000458425,0.177734374,0.501953124,0.386328128,0.4109375,0.09111328,0.304882812,0.051745606,0.061181641999999994,0.21269531600000002,0.115771486,0.1046875,Cytoplasm,Nucleus
ENSP00000441844,0.100195314,0.6296875,0.576171876,0.012872314000000001,0.062255858,0.321875,0.009857178000000001,0.269287108,0.147607424,0.057373046,0.16555176,"Cytoplasm, Nucleus",Mitochondrion
ENSP00000423100,0.089941406,0.2625,0.96015625,0.018798830000000002,0.055688476,0.12031250199999999,0.0048797599999999995,0.043310546,0.039160156,0.021820067999999998,0.0053482040000000005,Nucleus,Nucleus
ENSP00000356372,0.18242187599999998,0.61484375,0.491015626,0.05957031199999999,0.056958008000000004,0.254882812,0.047705076,0.235156248,0.68828125,0.6453125,0.12615967,"Cytoplasm, Lysosome/Vacuole",Nucleus
ENSP00000329920,0.82421875,0.270898438,0.143652344,0.079931642,0.74609375,0.041406252,0.00042343,0.231054688,0.366015626,0.45507812400000003,0.10427245999999998,"Membrane, Cell membrane",Cell membrane
ENSP00000497105,0.17548828,0.598828124,0.471484376,0.04970703,0.09819336000000001,0.22753906399999999,0.068090818,0.144433594,0.26015625,0.23427734400000003,0.139038086,Cytoplasm,Nucleus
ENSP00000478795,0.224218752,0.517578124,0.501953124,0.039538576000000006,0.22138671799999998,0.41738281399999994,0.004004668,0.037231446,0.089697266,0.02541504,0.00829468,Cytoplasm,Nucleus
ENSP00000461965,0.103515624,0.7234375,0.65078125,0.041796878,0.089160156,0.165625,0.013916017999999999,0.159375,0.234960936,0.184960938,0.128515622,"Cytoplasm, Nucleus","Cytoplasm, Nucleus"
ENSP00000442817,0.096582032,0.570703126,0.562890624,0.032128906,0.055395506000000004,0.24453125,0.025653077999999996,0.22490234400000003,0.281152346,0.409374998,0.05657959,"Cytoplasm, Nucleus",Nucleus
ENSP00000438000,0.099121092,0.40039062400000003,0.77734375,0.028253174000000002,0.052148438,0.212695312,0.002838134,0.128222654,0.115136716,0.09987792999999998,0.010552978000000001,Nucleus,Nucleus
ENSP00000433322,0.41601562400000003,0.5609375,0.433984376,0.292871094,0.193359374,0.58984375,0.027099610000000003,0.32148437799999996,0.134277344,0.304101562,0.185668944,Cytoplasm,Nucleus
ENSP00000415044,0.154296874,0.4171875,0.370312504,0.73515625,0.146386718,0.4640625,0.198046874,0.293750002,0.205078126,0.268261716,0.032037352,Extracellular,Nucleus
ENSP00000414071,0.96640625,0.15371093800000002,0.06684570199999999,0.018249512000000002,0.49804687400000003,0.372265624,0.0085083,0.6484375,0.391796876,0.557812498,0.09326171799999998,"Membrane, Endoplasmic reticulum","Mitochondrion, Endoplasmic reticulum"
ENSP00000450791,0.345703128,0.185546874,0.117480468,0.82890625,0.33398437599999997,0.142578126,0.003584288,0.40078125,0.257421876,0.420312502,0.027490236,Extracellular,Nucleus
ENSP00000433561,0.380078126,0.600390624,0.450390624,0.079321288,0.20078125,0.045288086000000005,0.017156984,0.08066406200000001,0.145410154,0.186279296,0.016493986,Cytoplasm,Cytoplasm
ENSP00000401452,0.324609374,0.93203125,0.10439453400000001,0.07680664,0.484765624,0.161328124,0.012976076000000003,0.083398436,0.214794922,0.290429686,0.004781341999999999,Cytoplasm,Cytoplasm
ENSP00000343060,0.118945316,0.54453125,0.5390625,0.119140626,0.075146486,0.186718752,0.025152587999999997,0.064746094,0.053393555999999995,0.11386718600000001,0.11220703000000001,"Cytoplasm, Nucleus","Cytoplasm, Nucleus"
ENSP00000420933,0.06064453000000001,0.44765624800000003,0.65625,0.059960938,0.029040528,0.061816406000000004,0.0020835859999999997,0.072558592,0.045068358,0.094677736,0.011730955999999999,Nucleus,Nucleus
ENSP00000362463,0.237695312,0.846875,0.22949219000000004,0.075048828,0.122558592,0.432421876,0.006312180000000001,0.344335938,0.04147949399999999,0.256445312,0.148339844,Cytoplasm,"Cytoplasm, Nucleus, Cell membrane"
ENSP00000346239,0.176171874,0.7578125,0.458203124,0.08745117000000001,0.24228515599999997,0.19453125,0.07885741999999998,0.206640626,0.08613281399999999,0.048046873999999996,0.050610352000000004,Cytoplasm,Nucleus
ENSP00000304327,0.16699218600000001,0.6109375,0.65234375,0.094775388,0.227929688,0.257226564,0.005023193999999999,0.164453126,0.146191404,0.203710936,0.065283202,"Cytoplasm, Nucleus",Nucleus
ENSP00000500602,0.14990234600000002,0.508984374,0.401953126,0.30527344,0.05498046799999999,0.392968752,0.10917968599999998,0.257128904,0.284765624,0.343359376,0.29052734399999997,Cytoplasm,Nucleus
ENSP00000460661,0.22324218599999995,0.461328126,0.500390624,0.5203125,0.196484376,0.403125,0.03914795,0.134863278,0.14321289199999998,0.344140626,0.14375,None,Golgi apparatus
ENSP00000253023,0.403125002,0.59140625,0.49414062599999997,0.039294434,0.278125,0.282421874,0.016101072,0.30273437400000003,0.6125,0.429296876,0.018676757999999998,"Cytoplasm, Lysosome/Vacuole",Nucleus
ENSP00000506294,0.20117187200000003,0.5125,0.414843752,0.370117188,0.22597656000000002,0.430859376,0.004103852,0.12226562599999999,0.20039062400000002,0.049023438,0.007968138,Cytoplasm,"Cytoplasm, Nucleus"
ENSP00000501444,0.29101562400000003,0.5796875,0.41015625,0.10532226599999998,0.09375,0.151416016,0.032678222,0.207470702,0.63203125,0.47734375,0.06998901199999999,"Cytoplasm, Lysosome/Vacuole",Cytoplasm
ENSP00000437459,0.082666014,0.426953126,0.6796875,0.06899414000000001,0.051757812,0.08105468600000001,0.059149169999999994,0.087451172,0.01442871,0.062744142,0.020034788,Nucleus,Nucleus
ENSP00000497622,0.364257812,0.491406248,0.369921874,0.08081054400000001,0.19042968600000001,0.14658203,0.018615721999999998,0.536328124,0.65234375,0.483984376,0.026586916,"Cytoplasm, Lysosome/Vacuole",Nucleus
ENSP00000464084,0.8765625,0.207031252,0.134375,0.10361328,0.90625,0.066699218,0.0044281,0.18242187599999998,0.550390626,0.348828124,0.10616455,"Membrane, Cell membrane",Cell membrane
ENSP00000436575,0.230859374,0.462109376,0.633203124,0.082873532,0.064501954,0.451953124,0.0020965579999999997,0.11083984599999999,0.092041016,0.322070312,0.050219726,Nucleus,Nucleus
ENSP00000435798,0.41210937599999997,0.584375,0.5125,0.14042969,0.43984375,0.437890626,0.004017638,0.216601562,0.170214846,0.21953125,0.058496094,Cytoplasm,"Cytoplasm, Nucleus"
ENSP00000394502,0.102734374,0.496875,0.7828125,0.08676757599999999,0.12607422,0.140234376,0.007466128,0.13808593800000002,0.20332030999999998,0.12490234200000001,0.11577148400000001,"Cytoplasm, Nucleus",Nucleus
ENSP00000386623,0.108496094,0.32207031399999997,0.621875,0.4203125,0.025500486,0.270507812,0.01328125,0.501171876,0.24775390599999997,0.15703125,0.10329589800000001,Nucleus,Nucleus
ENSP00000222968,0.148828124,0.452734376,0.66796875,0.016085817999999998,0.168847656,0.11064453199999999,0.002572632,0.058447268,0.069335938,0.058715819999999995,0.005384826,Nucleus,"Cytoplasm, Cell membrane"
ENSP00000452545,0.112353514,0.305078124,0.9453125,0.056817627999999995,0.05578613400000001,0.035327147999999996,0.003362656,0.104394532,0.068847658,0.025671386,0.002735518,Nucleus,Nucleus
ENSP00000450228,0.269140624,0.628125,0.64609375,0.125781252,0.251171876,0.286132814,0.029528806,0.224218752,0.134667968,0.119042968,0.010540770000000001,"Cytoplasm, Nucleus",Cytoplasm
ENSP00000453631,0.022888184,0.484765626,0.64375,0.175097654,0.020019532,0.283984374,0.005259708,0.028564454,0.010900879999999998,0.029150389999999998,0.009197998,"Cytoplasm, Nucleus",Nucleus
ENSP00000392425,0.70703125,0.455859374,0.258789062,0.23339843999999998,0.6734375,0.55,0.07065429799999999,0.267382812,0.390625,0.6328125,0.302148438,"Membrane, Cell membrane",Endoplasmic reticulum
ENSP00000498206,0.34140625399999996,0.5078125,0.374218752,0.093164062,0.16572265800000002,0.146777344,0.014312743999999999,0.48320312200000004,0.594921876,0.473046876,0.026043703999999994,"Cytoplasm, Lysosome/Vacuole",Nucleus
ENSP00000465068,0.09687499800000002,0.39609375,0.890625,0.046289064,0.085937502,0.158300782,0.02003479,0.099316406,0.07709961,0.047656248,0.01616211,Nucleus,Nucleus
ENSP00000454999,0.421874998,0.40234375,0.303906252,0.261914062,0.118261718,0.254882812,0.037387086,0.319238278,0.294921878,0.08486328200000001,0.04381103200000001,None,Nucleus
ENSP00000453720,0.86015625,0.25,0.17753906000000003,0.111279296,0.50234375,0.033471682,0.001768494,0.6203125,0.34179687799999997,0.80703125,0.017590331999999997,"Membrane, Golgi apparatus",Golgi apparatus
ENSP00000450934,0.13564453199999998,0.63046875,0.496484376,0.12602539,0.149121094,0.190429688,0.117578124,0.125488282,0.10698242399999999,0.161914064,0.16005859,Cytoplasm,Cytoplasm
ENSP00000449299,0.202929686,0.524609376,0.401171874,0.375390624,0.228320312,0.430468748,0.004541016,0.137451172,0.166601562,0.04980469,0.005526734,Cytoplasm,"Cytoplasm, Nucleus"
ENSP00000419248,0.6265625,0.168749998,0.111523436,0.017041016,0.132910156,0.934375,0.059765625999999995,0.15683593599999998,0.054492188,0.08935546800000001,0.046887206,"Membrane, Mitochondrion",Mitochondrion
ENSP00000344330,0.78515625,0.575,0.221875002,0.036645508,0.71328125,0.376171874,0.004585266,0.11777343600000001,0.60390625,0.394921874,0.008927916,"Membrane, Cytoplasm, Cell membrane, Lysosome/Vacuole",Cytoplasm
ENSP00000491581,0.26230469,0.159765624,0.109375,0.030322265999999997,0.051660158,0.93984375,0.22617187200000002,0.04736328,0.04252929800000001,0.03828125,0.13417968600000002,Mitochondrion,Mitochondrion
ENSP00000455088,0.197070312,0.27539062599999997,0.05087891,0.07067871,0.042700194,0.92109375,0.3890625,0.09702148199999999,0.05488280999999999,0.08803711,0.062255859999999996,Mitochondrion,Mitochondrion
ENSP00000453201,0.306835938,0.61328125,0.4546875,0.031176758000000006,0.312890624,0.24316406200000001,0.005589294,0.130859374,0.213476562,0.124023438,0.022241212000000003,Cytoplasm,Nucleus
ENSP00000409820,0.8296875,0.22949218599999996,0.219921876,0.044555664,0.460156252,0.370703124,0.029638671999999998,0.82890625,0.401953124,0.433984376,0.145898438,"Membrane, Endoplasmic reticulum",Cytoplasm
ENSP00000467841,0.11684570400000001,0.292578124,0.69765625,0.122949218,0.06523437400000001,0.106079102,0.0061218259999999995,0.08281250199999998,0.18017577999999998,0.066455076,0.0795166,Nucleus,Nucleus
ENSP00000456491,0.28359375,0.160156252,0.156054688,0.909375,0.321484372,0.098144532,0.01027527,0.30078125,0.278906254,0.277148438,0.019787595999999998,Extracellular,Cell membrane
ENSP00000390788,0.095507812,0.54296875,0.646875,0.162060548,0.08457031200000001,0.120800778,0.011750794,0.079150392,0.14609375200000002,0.067138672,0.043115231999999996,"Cytoplasm, Nucleus",Cell membrane
ENSP00000372651,0.183789064,0.48632812400000003,0.6,0.498828124,0.18261718799999999,0.31718750399999995,0.023059084,0.159667968,0.15029296600000003,0.369921876,0.056884765999999996,"Cytoplasm, Nucleus",Nucleus
ENSP00000498150,0.195507814,0.5984375,0.6,0.295898436,0.20214843600000001,0.382031252,0.108740236,0.17714843600000002,0.206542968,0.15683593999999998,0.24296875,"Cytoplasm, Nucleus",Nucleus
ENSP00000475146,0.383203126,0.528125,0.3828125,0.11127929399999999,0.30703125,0.415234376,0.044311524000000005,0.377734374,0.348046878,0.46953125,0.09853515800000001,Cytoplasm,Nucleus
ENSP00000452878,0.056201174,0.13046875,0.96328125,0.00868988,0.045556639999999995,0.17675781200000001,0.006397246,0.07919921999999999,0.047479248,0.091259764,0.014077758,Nucleus,Nucleus
ENSP00000414655,0.097607422,0.58203125,0.58671875,0.141455078,0.123437498,0.105810548,0.013049313999999998,0.13925781399999998,0.207421876,0.089404296,0.04636230400000001,"Cytoplasm, Nucleus",Cytoplasm
ENSP00000413925,0.276171874,0.6734375,0.39453125,0.26269531,0.25546875,0.64765625,0.007087708,0.271191406,0.42773437400000003,0.39238281399999997,0.128808594,"Cytoplasm, Mitochondrion",Cytoplasm
ENSP00000368745,0.61796875,0.64609375,0.380468748,0.06062011599999999,0.49609375,0.322851564,0.009753418,0.31484375200000003,0.370703128,0.374804688,0.048535158,"Membrane, Cytoplasm","Cytoplasm, Nucleus"
ENSP00000474048,0.24121093600000001,0.437890624,0.440625002,0.625,0.21972656200000001,0.362109374,0.006010436000000001,0.230859374,0.18095703000000002,0.236328124,0.58359375,None,Nucleus
ENSP00000429628,0.081396486,0.31796875199999997,0.7046875,0.12578125,0.092358396,0.08134765799999999,0.00049257,0.031420899999999995,0.10883788999999999,0.09609374999999999,0.051464843999999996,Nucleus,Nucleus
ENSP00000417632,0.15498046799999998,0.6609375,0.50546875,0.047839356,0.08063965,0.54140625,0.023309327999999997,0.046313476,0.426171876,0.216992188,0.018450926,Cytoplasm,Mitochondrion
ENSP00000492149,0.149609376,0.59453125,0.69765625,0.09052734200000001,0.130859374,0.15722656200000001,0.008877562,0.204882812,0.25205078,0.20234375,0.225390624,"Cytoplasm, Nucleus",Nucleus
ENSP00000404950,0.426171878,0.203906248,0.118066406,0.62734375,0.502734374,0.078710936,0.00803833,0.26875,0.23730468600000001,0.209375,0.006237792000000001,None,Cell membrane
ENSP00000367901,0.171875,0.60859375,0.6546875,0.08208007799999999,0.22539062599999998,0.25761718599999994,0.004074096,0.168164062,0.13603515400000002,0.19824218600000001,0.066455078,"Cytoplasm, Nucleus",Nucleus
ENSP00000498311,0.048339842,0.15859375,0.89296875,0.05508423,0.030493161999999997,0.14355468799999999,0.036779785999999995,0.035375975999999996,0.019714356,0.041162107999999996,0.010664368000000002,Nucleus,Nucleus
ENSP00000462446,0.8828125,0.16201171799999997,0.124121094,0.114697264,0.50234375,0.357031248,0.014193725999999999,0.429687498,0.61953125,0.532812502,0.123339844,"Membrane, Lysosome/Vacuole",Cell membrane
ENSP00000442725,0.456640626,0.504687498,0.378125004,0.031359861999999995,0.21992187400000002,0.21484375,0.006082154000000001,0.082128906,0.3796875,0.224023438,0.044848632000000006,"Membrane, Cytoplasm",Cytoplasm
ENSP00000441425,0.317578124,0.56484375,0.386328124,0.25830078,0.30273437599999997,0.218945312,0.006695558,0.23144531399999999,0.095410156,0.194726566,0.025352478,Cytoplasm,"Cytoplasm, Nucleus"
ENSP00000377133,0.121289062,0.385546876,0.68203125,0.045654296,0.06879883,0.071044924,0.028155518,0.113574218,0.01916199,0.050659180000000005,0.03838501,Nucleus,Nucleus
ENSP00000347133,0.191015624,0.54609375,0.54609375,0.06606445200000001,0.13486328,0.332421874,0.006253051999999999,0.20273437200000002,0.296289062,0.250781248,0.294335938,"Cytoplasm, Nucleus",Mitochondrion
ENSP00000458596,0.4875,0.5140625,0.313867186,0.25605468600000003,0.33046875,0.69765625,0.023455812,0.299804688,0.242382812,0.400195314,0.04399414,"Membrane, Cytoplasm, Mitochondrion",Mitochondrion
ENSP00000452763,0.128906248,0.23125,0.28281250199999997,0.074951172,0.058300781999999995,0.91015625,0.12270507800000001,0.066308596,0.035449222,0.017700194,0.11914062600000001,Mitochondrion,"Cytoplasm, Endoplasmic reticulum"
ENSP00000450519,0.08124999800000002,0.61171875,0.8234375,0.05112304799999999,0.061376954,0.241796876,0.063677978,0.13955078199999998,0.085546876,0.05761718600000001,0.097631836,"Cytoplasm, Nucleus",Nucleus
ENSP00000444110,0.23886718999999998,0.6671875,0.487499998,0.030200191999999997,0.273046876,0.321875,0.007659912,0.055615234,0.09414062599999999,0.218359374,0.046960448,Cytoplasm,"Nucleus, Cell membrane"
ENSP00000464646,0.28710937799999997,0.526953126,0.5671875,0.078881834,0.18671875,0.25507812799999996,0.004688262,0.16904296800000002,0.098828128,0.053613282,0.009408568,"Cytoplasm, Nucleus","Cytoplasm, Cell membrane"
ENSP00000452909,0.168554686,0.20800781200000001,0.2109375,0.08046874799999999,0.05273437599999999,0.92265625,0.21044921800000002,0.079248048,0.039111327999999994,0.03088379,0.107421874,Mitochondrion,"Cytoplasm, Endoplasmic reticulum"
ENSP00000436839,0.051538086,0.8421875,0.467578126,0.175976562,0.07341308599999999,0.746484376,0.034649658,0.079003906,0.276757812,0.207714844,0.86015625,"Cytoplasm, Mitochondrion, Peroxisome","Cytoplasm, Nucleus, Cell membrane"
ENSP00000469917,0.27949219000000003,0.5625,0.469531248,0.31757812799999996,0.1515625,0.265234376,0.01557617,0.138183594,0.34511718999999996,0.340234376,0.113671874,Cytoplasm,"Cytoplasm, Nucleus, Cell membrane"
ENSP00000467566,0.301757812,0.215234376,0.099609376,0.7265625,0.262890624,0.219140626,0.013977052,0.348828126,0.405078126,0.237890624,0.011840820000000002,Extracellular,Endoplasmic reticulum
ENSP00000457082,0.189257812,0.47460937599999997,0.70546875,0.015405274,0.140136718,0.150683594,0.054589844,0.162109374,0.15917968600000001,0.135449218,0.134667968,"Cytoplasm, Nucleus",Nucleus
ENSP00000433033,0.183300782,0.393359376,0.270703126,0.71875,0.08139648199999999,0.54453125,0.101977538,0.37265625,0.10503845199999999,0.292578126,0.070178224,Extracellular,"Cytoplasm, Nucleus"
ENSP00000432453,0.530859376,0.55390625,0.365625,0.13007812400000002,0.334570312,0.32207031399999997,0.021960448,0.32675781000000004,0.49453124800000003,0.41777343800000005,0.07606200999999999,"Membrane, Cytoplasm",Cytoplasm
ENSP00000430322,0.236328126,0.317578124,0.247265626,0.030224605999999998,0.10957031399999999,0.9546875,0.03535156,0.05234375,0.061816406000000004,0.048266602000000006,0.008392332,Mitochondrion,Mitochondrion
ENSP00000407265,0.063916016,0.374999998,0.653125,0.074084472,0.017315674,0.10307617200000001,0.030126952000000002,0.07578125000000001,0.03775634800000001,0.026708986,0.029428099999999995,Nucleus,Nucleus
ENSP00000394699,0.58359375,0.63359375,0.380078124,0.05791015599999999,0.57109375,0.20605468600000001,0.05574950999999999,0.378515626,0.471093752,0.252539064,0.032281494,"Membrane, Cytoplasm, Cell membrane",Nucleus
ENSP00000357374,0.308203124,0.19980468999999998,0.15957031000000002,0.67734375,0.29882812400000003,0.091796874,0.04079589599999999,0.350781252,0.378125,0.28398437200000004,0.035913088,Extracellular,Cell membrane
ENSP00000472375,0.1546875,0.684375,0.34453125,0.29843750199999997,0.110546874,0.20810546800000002,0.095874022,0.26796875,0.262500002,0.251367186,0.192968752,Cytoplasm,Cytoplasm
ENSP00000467651,0.18105468600000002,0.363281248,0.43984375,0.15649414,0.099951172,0.48593750199999997,0.23681640599999998,0.168164062,0.07739258,0.17333984400000002,0.087646486,None,Cytoplasm
ENSP00000460067,0.226171874,0.4546875,0.58984375,0.267773438,0.16689453199999998,0.40039062400000003,0.03258667,0.1890625,0.211328124,0.19941405999999998,0.129882814,Nucleus,Nucleus
ENSP00000453781,0.158203124,0.445703124,0.379296874,0.288867188,0.129785156,0.66328125,0.22636719,0.11162109199999999,0.10234375,0.11767578199999999,0.048706052,Mitochondrion,Mitochondrion
ENSP00000449287,0.055419923999999995,0.175683594,0.959375,0.0035690279999999997,0.050976564,0.11943359199999999,0.011497497999999998,0.06640624799999999,0.057653807999999994,0.112207032,0.01843872,Nucleus,Nucleus
ENSP00000436824,0.23730468799999999,0.5671875,0.461328126,0.087329102,0.122558596,0.301757814,0.018141176,0.26972655999999995,0.355078124,0.253320312,0.07585449400000001,Cytoplasm,"Cytoplasm, Nucleus"
ENSP00000429946,0.097802734,0.50703125,0.7265625,0.07939453199999999,0.097558594,0.06943359400000002,0.015563964,0.130810548,0.038867186,0.034320067999999995,0.005329896,"Cytoplasm, Nucleus",Nucleus
ENSP00000428991,0.44726562599999997,0.346484376,0.453515624,0.364062502,0.221875,0.51640625,0.050659180000000005,0.28125,0.496875,0.5171875,0.062799072,None,Cytoplasm
ENSP00000421390,0.178808594,0.499609374,0.6609375,0.07470703000000001,0.11591797,0.140820312,0.023841858,0.17158203200000002,0.19414062599999998,0.210742188,0.0035751339999999998,"Cytoplasm, Nucleus","Cytoplasm, Nucleus"
ENSP00000345092,0.070727538,0.473046874,0.7609375,0.026000976,0.057714842,0.07368164,0.003407286,0.10546875,0.035278322,0.035351564,0.007540896,"Cytoplasm, Nucleus",Nucleus
ENSP00000475656,0.055566408,0.328515622,0.9453125,0.17480468799999999,0.03708496,0.051098632,0.0014596960000000001,0.021313478,0.038134766,0.042236328000000004,0.001555632,Nucleus,Nucleus
ENSP00000411577,0.06850586,0.14375,0.92109375,0.086096192,0.10205077999999998,0.007385253999999999,0.001580048,0.10893554600000002,0.13774414,0.084228516,0.0034484839999999995,Nucleus,"Cytoplasm, Nucleus"
ENSP00000398116,0.044995116,0.43984375,0.6703125,0.014660646,0.060058592,0.044091795999999996,0.016848754,0.07050781,0.025952147999999998,0.01682739,0.001368712,Nucleus,Nucleus
ENSP00000342814,0.809375,0.199999998,0.09843749799999998,0.345507812,0.82734375,0.034643554,0.005226136000000001,0.2859375,0.4984375,0.210742188,0.07388915999999998,"Membrane, Cell membrane",Cell membrane
ENSP00000456783,0.45546875,0.77109375,0.271289062,0.052368163999999995,0.36953124800000003,0.18261719,0.001095198,0.111523436,0.46191406199999996,0.52890625,0.10095214999999999,"Membrane, Cytoplasm",Cell membrane
ENSP00000412265,0.142187502,0.58046875,0.509375,0.339648436,0.123339844,0.329882812,0.050341795999999994,0.09086914199999999,0.150390626,0.23925781399999999,0.100439452,Cytoplasm,"Cytoplasm, Nucleus"
ENSP00000363959,0.2234375,0.336718752,0.61953125,0.367773438,0.083740232,0.231054686,0.00608902,0.237695314,0.34619140800000003,0.146289062,0.265039062,Nucleus,Nucleus
ENSP00000357457,0.3203125,0.69375,0.334375,0.122851562,0.307421874,0.315624998,0.005667116000000001,0.175,0.342578124,0.5140625,0.09482422,Cytoplasm,Golgi apparatus
ENSP00000465770,0.25839844,0.14189453000000002,0.10703124800000001,0.044750978,0.07333984199999999,0.96328125,0.033227538,0.066845704,0.056396484000000004,0.077539062,0.34492187799999996,Mitochondrion,Mitochondrion
ENSP00000436445,0.111572266,0.393750002,0.81171875,0.290624998,0.096533204,0.069189452,0.040148923999999996,0.098681642,0.131640624,0.19433593600000001,0.003529356,Nucleus,Cytoplasm
ENSP00000434444,0.099218752,0.394921874,0.76171875,0.142480468,0.02207031,0.151464844,0.063781736,0.139746094,0.11582031000000001,0.06938476600000001,0.161309816,Nucleus,Nucleus
ENSP00000434386,0.24765625,0.571875,0.53359375,0.46777343799999993,0.180371094,0.149121096,0.018582156000000002,0.052148438,0.283691406,0.07009277,0.527490234,"Cytoplasm, Nucleus",Nucleus
ENSP00000406227,0.05283203000000001,0.501171876,0.76015625,0.021813963999999998,0.037817384,0.14951171800000002,0.033493039999999995,0.091699218,0.08881836,0.10986328200000002,0.03213501,"Cytoplasm, Nucleus",Nucleus
ENSP00000258662,0.297265624,0.73359375,0.418750002,0.007595824000000001,0.21367187799999998,0.276269534,0.00803833,0.21035155999999997,0.026879882,0.16665038999999998,0.472265624,Cytoplasm,Nucleus
ENSP00000497364,0.30878905999999995,0.5039062519999999,0.4421875,0.166015624,0.175878906,0.14814453,0.023791503999999998,0.266992188,0.603125,0.326953124,0.06619873,"Cytoplasm, Lysosome/Vacuole",Nucleus
ENSP00000486048,0.485546876,0.575390624,0.501171876,0.07292480600000001,0.387304686,0.33261719,0.0004656779999999999,0.09516601799999999,0.346874998,0.17861328,0.017471316,"Membrane, Cytoplasm",Cytoplasm
ENSP00000460751,0.188671878,0.428906248,0.75,0.23759765800000002,0.10307617,0.28984375,0.00775757,0.15527343799999999,0.230078128,0.11503906,0.17734374800000002,Nucleus,Nucleus
ENSP00000453029,0.185742186,0.226757814,0.264257812,0.069238282,0.08193359600000001,0.92109375,0.14057617400000003,0.064453126,0.043847656,0.028686524,0.056982422,Mitochondrion,"Cytoplasm, Endoplasmic reticulum"
ENSP00000408628,0.26367187599999997,0.145117188,0.082324218,0.771875,0.169140626,0.09301757599999999,0.024304198,0.601953126,0.368359374,0.442578126,0.027978516000000002,Extracellular,Endoplasmic reticulum
ENSP00000297613,0.14755859200000002,0.555078126,0.595703126,0.010986328,0.101660156,0.513281252,0.002416038,0.11425781399999999,0.285937502,0.126757812,0.08322753599999999,"Cytoplasm, Nucleus",Nucleus
ENSP00000482839,0.434375002,0.449609376,0.405859376,0.23339843799999999,0.3515625,0.475781252,0.013317872,0.3984375,0.450390622,0.46953125,0.21972656399999999,None,"Cytoplasm, Nucleus"
ENSP00000479315,0.298046876,0.4203125040000001,0.461718748,0.424609376,0.21406249800000002,0.60703125,0.05461425600000001,0.34609375,0.36406249599999996,0.525000002,0.281250002,None,Nucleus
ENSP00000464899,0.152539062,0.491796876,0.473046878,0.163671876,0.111865234,0.275,0.036218262,0.224609374,0.058154295999999994,0.11269530999999999,0.03026123,Cytoplasm,Cytoplasm
ENSP00000464077,0.266992188,0.553125,0.5011718780000001,0.20400390799999996,0.14404297,0.5375,0.10571289199999997,0.2796875,0.40039062799999997,0.42773437799999997,0.031445312,Cytoplasm,Nucleus
ENSP00000462344,0.72265625,0.25117187199999996,0.323828126,0.123144532,0.423046876,0.34179687400000003,0.012335203999999999,0.65390625,0.52109375,0.543750002,0.174804688,"Membrane, Endoplasmic reticulum",Nucleus
ENSP00000431638,0.508984376,0.502343752,0.32871093800000006,0.051232908,0.32285156000000004,0.448437498,0.023413086000000003,0.50078125,0.8109375,0.46796875,0.078588868,"Membrane, Cytoplasm, Lysosome/Vacuole",Cytoplasm
ENSP00000451256,0.605859374,0.6234375,0.254785154,0.09340820400000001,0.569921876,0.19882812600000002,0.00424652,0.183203128,0.378515626,0.248828124,0.261376954,"Membrane, Cytoplasm, Cell membrane","Cytoplasm, Nucleus, Cell membrane"
ENSP00000449144,0.34960937599999997,0.264843752,0.266601564,0.017224124,0.10534668,0.84765625,0.05642089800000001,0.251757812,0.097265624,0.073974608,0.066137694,Mitochondrion,Mitochondrion
ENSP00000439269,0.371875002,0.8234375,0.356640624,0.06899414,0.225195312,0.14326171999999998,0.053637694,0.218164064,0.242578122,0.593359376,0.004978941999999999,Cytoplasm,Cytoplasm
ENSP00000417662,0.22539062599999998,0.56328125,0.4765625,0.251367186,0.169628906,0.426953124,0.033007812000000004,0.255664062,0.263085938,0.168457032,0.28828125,Cytoplasm,Endoplasmic reticulum
ENSP00000403659,0.10644530999999999,0.5796875,0.65859375,0.166210938,0.140234376,0.175390628,0.014746094000000001,0.14746093799999999,0.183691408,0.12910156,0.023156738,"Cytoplasm, Nucleus",Nucleus
ENSP00000335674,0.323828124,0.438671874,0.48359375,0.13930663999999998,0.224609376,0.4875,0.01171875,0.290234374,0.24550780999999997,0.183007814,0.133789064,None,"Cytoplasm, Cell membrane"
ENSP00000301587,0.279492188,0.327734376,0.19023437599999998,0.023291016,0.057324221999999994,0.9203125,0.019969174,0.05800781000000001,0.015844726,0.05446777199999999,0.029895020000000005,Mitochondrion,Mitochondrion
ENSP00000497176,0.327734372,0.43945312599999997,0.47890625,0.396093748,0.29707031199999995,0.46679687400000003,0.027856444,0.36210937200000004,0.293945312,0.394921876,0.296289062,None,Nucleus
ENSP00000467906,0.24511718799999999,0.53515625,0.498828126,0.241601564,0.214648438,0.43828125,0.02578125,0.26816406000000004,0.173242188,0.320507814,0.19111328200000002,Cytoplasm,Mitochondrion
ENSP00000455108,0.08037109599999999,0.457812502,0.7296875,0.111621094,0.07080078399999999,0.308593752,0.0022724159999999998,0.16616211,0.023278806000000003,0.09912109399999999,0.005983354000000001,Nucleus,Nucleus
ENSP00000436668,0.90546875,0.14296875,0.066113282,0.046606446,0.87265625,0.125683596,0.002537536,0.36367187199999995,0.325,0.197460936,0.021166992000000003,"Membrane, Cell membrane",Cell membrane
ENSP00000426551,0.156835938,0.66015625,0.56171875,0.031835935999999995,0.169140626,0.15859375,0.005752562000000001,0.10546875200000001,0.133691406,0.16542969000000002,0.31376953199999996,"Cytoplasm, Nucleus",Cytoplasm
ENSP00000420273,0.54765625,0.483203126,0.332812502,0.129101562,0.58671875,0.359765626,0.09477539,0.242968748,0.293359374,0.45,0.269433594,"Membrane, Cytoplasm, Cell membrane",Nucleus
ENSP00000378422,0.187109374,0.544140626,0.54921875,0.4042968780000001,0.138085938,0.330859374,0.029516601999999996,0.261523436,0.25585937400000003,0.223046876,0.21386718799999999,"Cytoplasm, Nucleus",Endoplasmic reticulum
ENSP00000394340,0.226171874,0.70859375,0.305859376,0.261132814,0.25624999800000003,0.082617188,0.0070755,0.134570312,0.151464844,0.203710938,0.017126464,Cytoplasm,Nucleus
ENSP00000357381,0.332421876,0.145117188,0.127246094,0.778125,0.327734372,0.083789064,0.038354492000000004,0.36015625,0.316210938,0.26679687799999996,0.017700196,Extracellular,Cell membrane
ENSP00000300433,0.76015625,0.18798828,0.1515625,0.315625002,0.78046875,0.106152344,0.005996704,0.286718748,0.460546876,0.29375,0.01479492,"Membrane, Cell membrane",Nucleus
ENSP00000455941,0.25761719,0.313671876,0.433593752,0.398046874,0.158496094,0.521875,0.026538087999999998,0.20078125,0.20126953200000003,0.30273437599999997,0.31337890599999996,None,Nucleus
ENSP00000451212,0.07211914,0.39375,0.79140625,0.13964843600000001,0.065771486,0.180175782,0.002279664,0.110253906,0.130468748,0.10009765600000001,0.048602296,Nucleus,Nucleus
ENSP00000445939,0.085009766,0.40429687799999997,0.71328125,0.057495116,0.058276366,0.072070314,0.042718506,0.08559570200000001,0.010614014000000001,0.042407226,0.018652343999999998,Nucleus,Nucleus
ENSP00000420164,0.24628905999999998,0.206835938,0.113574218,0.92890625,0.36523437400000003,0.09501953,0.0035003639999999997,0.266601562,0.525,0.5984375,0.025366208,Extracellular,Cell membrane
ENSP00000501630,0.29453125,0.21347656399999998,0.25117187199999996,0.06503906,0.13085937399999997,0.915625,0.027734374,0.10664062599999999,0.067578126,0.134960938,0.09648437400000001,Mitochondrion,Mitochondrion
ENSP00000440575,0.15351562400000002,0.58515625,0.65078125,0.107421874,0.132812498,0.248632812,0.0035507200000000003,0.14160156,0.244921874,0.18515625,0.13225097800000002,"Cytoplasm, Nucleus",Mitochondrion
ENSP00000429166,0.240039064,0.55625,0.32070312199999995,0.27050781,0.13876953200000003,0.437109376,0.057763672,0.243750002,0.196484376,0.316992188,0.371875,Cytoplasm,Cytoplasm
ENSP00000506942,0.07729492,0.21660156000000003,0.88125,0.127148438,0.06398925800000001,0.09130859399999999,0.00029821400000000004,0.092724608,0.047192384,0.07458496,0.002443696,Nucleus,"Cytoplasm, Nucleus"
ENSP00000455296,0.150488282,0.54375,0.320312502,0.061889648,0.054882814,0.46015625,0.011414336,0.07380371,0.293945314,0.068823244,0.042358398,Cytoplasm,Cytoplasm
ENSP00000454720,0.257617188,0.18388671800000003,0.552343748,0.053918458,0.163867186,0.346679688,0.027545166,0.03623047,0.013885498,0.008166506,0.30288085800000003,Nucleus,"Nucleus, Golgi apparatus"
ENSP00000437580,0.27265624600000005,0.63984375,0.5171875,0.096582032,0.27832031,0.392773438,0.151025392,0.179199218,0.478125,0.289453124,0.061694333999999997,Cytoplasm,Cytoplasm
ENSP00000435888,0.596875,0.56640625,0.20410156200000001,0.074609374,0.219140624,0.458203124,0.12098388600000001,0.78828125,0.66015625,0.815625,0.10720214800000001,"Membrane, Cytoplasm, Endoplasmic reticulum, Lysosome/Vacuole, Golgi apparatus",Golgi apparatus
ENSP00000427092,0.374999998,0.54296875,0.33046875,0.136132814,0.3796875,0.234179688,0.058837890000000004,0.203320314,0.32890625,0.51875,0.11992187400000001,Cytoplasm,"Cytoplasm, Cell membrane, Endoplasmic reticulum"
ENSP00000422831,0.426953126,0.5828125,0.35429687200000004,0.037145994,0.3359375,0.21406249800000002,0.024169924000000002,0.189941408,0.323046876,0.372265626,0.025720214,Cytoplasm,"Cytoplasm, Cell membrane, Endoplasmic reticulum"
ENSP00000400637,0.142089844,0.527734376,0.6265625,0.07158202999999999,0.059960936,0.358593752,0.019958494,0.081347656,0.17988281,0.187890624,0.05562743999999999,"Cytoplasm, Nucleus","Cytoplasm, Nucleus"
ENSP00000451268,0.41875,0.5515625,0.42265625,0.033276363999999996,0.24023437200000003,0.2359375,0.033642575999999993,0.319335936,0.289257814,0.22792968600000002,0.013516233999999998,Cytoplasm,"Cytoplasm, Nucleus, Cell membrane"
ENSP00000421647,0.025244139999999998,0.39296875,0.875,0.19414062599999998,0.02298584,0.062109373999999995,0.047229004,0.026318357999999997,0.023999022000000002,0.024328614000000002,0.006175232,Nucleus,Nucleus
ENSP00000359346,0.80859375,0.137890626,0.30625,0.011206053999999998,0.097558594,0.85078125,0.062792968,0.342968748,0.06704101600000001,0.11015625200000001,0.009526062,"Membrane, Mitochondrion",Mitochondrion
ENSP00000346473,0.30273437400000003,0.440625002,0.380078124,0.472656252,0.219824216,0.321289062,0.140576172,0.41640625,0.293359376,0.266015626,0.20673828,None,Nucleus
ENSP00000462839,0.97265625,0.13964843799999999,0.056347658,0.017198182000000003,0.5359375,0.358984376,0.009814451999999998,0.671875,0.387109376,0.5507812519999999,0.076745606,"Membrane, Cell membrane, Endoplasmic reticulum","Mitochondrion, Endoplasmic reticulum"
ENSP00000408121,0.06401367,0.347265624,0.89140625,0.13696289,0.06679687399999999,0.04729003999999999,0.008056638000000001,0.084179688,0.018408202,0.035839844,0.0009689319999999999,Nucleus,Nucleus
ENSP00000296121,0.029907226000000002,0.231054688,0.91171875,0.020065308,0.011627196000000001,0.056127930000000006,0.003353882,0.071313476,0.087890626,0.07644043,0.005685424,Nucleus,"Cytoplasm, Nucleus"
ENSP00000435724,0.38476562599999997,0.426562498,0.48242187400000003,0.10283202999999999,0.36132812599999997,0.341015624,0.103417968,0.3640625,0.244921874,0.30078125,0.290039062,None,Nucleus
ENSP00000408251,0.3359375,0.58359375,0.609375,0.111621096,0.234960938,0.12163085799999998,0.005045316,0.452734372,0.4234375,0.208789064,0.126013184,"Cytoplasm, Nucleus",Nucleus
ENSP00000396061,0.363671876,0.7640625,0.21708984200000003,0.09497070399999999,0.234375002,0.292773438,0.003974722,0.18652343799999999,0.42382812400000003,0.141894532,0.038757322,Cytoplasm,Cytoplasm
ENSP00000481500,0.28828125,0.478124998,0.409374998,0.180273436,0.16933593600000002,0.37382812200000004,0.022326659999999998,0.467578124,0.350585938,0.37421875,0.228125,Cytoplasm,"Cytoplasm, Nucleus"
ENSP00000469800,0.20078124799999997,0.7546875,0.307421874,0.137988282,0.172265624,0.27148437599999997,0.01895752,0.18642578,0.23183594000000002,0.499609374,0.030163574000000005,Cytoplasm,"Cytoplasm, Cell membrane"
ENSP00000411992,0.224414062,0.5171875,0.49062499800000003,0.46738281400000004,0.06489258,0.623046874,0.08408203,0.23398437200000002,0.10898437400000001,0.220703124,0.041357422,Cytoplasm,Cytoplasm
ENSP00000386558,0.37695312599999997,0.487109376,0.46289062400000003,0.06645508,0.181738282,0.137499998,0.038262938,0.156445314,0.319726562,0.140527344,0.034680178,Cytoplasm,Golgi apparatus
ENSP00000505003,0.23144531200000001,0.54140625,0.313281248,0.23154297000000001,0.14033203,0.41992187599999997,0.143652344,0.272460936,0.219335938,0.27246094000000004,0.158105468,Cytoplasm,"Cytoplasm, Nucleus"
ENSP00000423915,0.054980470000000004,0.265039062,0.9046875,0.052441406,0.03176269599999999,0.14423828,0.0026702880000000003,0.048193360000000005,0.09565429600000001,0.03901367,0.172558596,Nucleus,Nucleus
ENSP00000393196,0.303515624,0.479296876,0.488281252,0.31640625,0.238671876,0.4546875,0.016412354,0.266796876,0.319140624,0.481249998,0.138671876,Cytoplasm,"Cytoplasm, Nucleus"
ENSP00000361966,0.55078125,0.175390624,0.136523436,0.033227542,0.16103515799999998,0.965625,0.018322752,0.12363281200000001,0.075,0.11464843599999999,0.122949218,"Membrane, Mitochondrion",Mitochondrion
ENSP00000442180,0.218749998,0.53671875,0.57109375,0.246679688,0.115185546,0.356249998,0.033520508,0.24746093600000002,0.327343752,0.30703125,0.129345702,"Cytoplasm, Nucleus",Cell membrane
ENSP00000422612,0.421093748,0.501562498,0.324414064,0.207226564,0.39257812400000003,0.355468748,0.16845702999999998,0.159472656,0.25585937200000003,0.506640626,0.090624998,Cytoplasm,"Cytoplasm, Cell membrane, Endoplasmic reticulum"
ENSP00000389707,0.040307618,0.33828125,0.97265625,0.039624023999999994,0.0375,0.05378418,0.000554086,0.041870118,0.04729004,0.01455078,0.0017795559999999998,Nucleus,Nucleus
ENSP00000357089,0.313916014,0.764453124,0.311132812,0.130468752,0.399511718,0.29492187400000003,0.004149628,0.21416015600000002,0.166601562,0.22290039,0.00433731,Cytoplasm,Nucleus
ENSP00000506592,0.315234376,0.67421875,0.512109376,0.037512206000000006,0.20859375,0.387109374,0.017211916,0.08632812599999999,0.11738281399999999,0.08469848799999999,0.10932617,Cytoplasm,Cytoplasm
ENSP00000484730,0.342578124,0.220507814,0.217382812,0.77578125,0.280078124,0.22343750199999998,0.039709472,0.37304687799999997,0.344140624,0.31953125,0.07460937599999999,Extracellular,Cell membrane
ENSP00000474781,0.63515625,0.32265625,0.201367188,0.07385254,0.132714842,0.87734375,0.10546875,0.39296875,0.343359376,0.21249999800000002,0.19721679799999997,"Membrane, Mitochondrion",Mitochondrion
ENSP00000440305,0.37421875,0.363671876,0.272656248,0.18095703400000002,0.19375,0.520703124,0.563671876,0.413671874,0.281640626,0.215625,0.24638672,None,Mitochondrion
ENSP00000421230,0.399218748,0.5390625,0.289257812,0.19609375,0.39296874800000003,0.252929688,0.083740236,0.205664062,0.312499998,0.545703126,0.11027832,Cytoplasm,"Cytoplasm, Cell membrane, Endoplasmic reticulum"
ENSP00000472057,0.04653320400000001,0.459375,0.8046875,0.371484376,0.042724608,0.094042968,0.18637695399999998,0.057568360000000006,0.038330078000000004,0.056445314,0.036767578,Nucleus,Nucleus
ENSP00000465618,0.244140626,0.152539062,0.124121094,0.043554685999999995,0.06105957000000001,0.9640625,0.035400392,0.070458984,0.064355468,0.07739258,0.352929688,Mitochondrion,Mitochondrion
ENSP00000455278,0.208203126,0.319726564,0.61328125,0.055078126000000005,0.07934570599999999,0.058300779999999996,0.005972291999999999,0.101074216,0.387890624,0.33691406,0.008293152000000002,Nucleus,Cytoplasm
ENSP00000437954,0.55,0.3359375,0.11020507799999998,0.625,0.5203125,0.23144531000000002,0.006597899999999999,0.289648436,0.39375,0.54375,0.030395506,Membrane,Golgi apparatus
ENSP00000435761,0.465625002,0.56640625,0.46953125,0.096533204,0.164843748,0.299023438,0.0349823,0.3515625,0.78359375,0.75078125,0.013229369999999999,"Membrane, Cytoplasm, Lysosome/Vacuole, Golgi apparatus",Nucleus
ENSP00000333624,0.261132814,0.5171875,0.441796874,0.327539062,0.171777344,0.462109374,0.025878908,0.252734374,0.33066406400000004,0.278710938,0.343359374,Cytoplasm,Nucleus
ENSP00000261267,0.145019532,0.11669921999999999,0.06357421999999999,0.8546875,0.165527342,0.046166992000000004,0.019006346,0.16171875000000002,0.40625,0.121191406,0.021362306,Extracellular,Golgi apparatus
ENSP00000385226,0.139746092,0.36953124600000004,0.7375,0.026745604,0.099267578,0.39296875,0.087646484,0.07299804800000001,0.26972656,0.17070312599999998,0.0036651620000000005,Nucleus,Nucleus
ENSP00000334125,0.14365234400000002,0.45625,0.344140622,0.82734375,0.14033203,0.569140626,0.26225586,0.31640625,0.158569334,0.43261718600000004,0.038391115999999996,Extracellular,"Cytoplasm, Cell membrane"
ENSP00000472837,0.202734376,0.66875,0.503125,0.35546875,0.197265626,0.273046876,0.0085083,0.244335936,0.165771484,0.14726562199999998,0.434423828,Cytoplasm,Cell membrane
ENSP00000471034,0.27832031199999996,0.244140624,0.316601564,0.655859376,0.05451660199999999,0.6046875,0.032550051999999996,0.458398438,0.20966796800000004,0.416796876,0.370568846,Extracellular,Golgi apparatus
ENSP00000464478,0.138281252,0.74765625,0.488281252,0.04929199399999999,0.128710936,0.158007814,0.075830076,0.065673826,0.167089846,0.202978516,0.008823774000000001,Cytoplasm,Nucleus
ENSP00000450403,0.29765625,0.15371093600000002,0.09687499999999999,0.048144532000000004,0.086767578,0.94765625,0.10097656399999999,0.043017578,0.04057617,0.060815430000000004,0.067309572,Mitochondrion,Mitochondrion
ENSP00000430836,0.238281252,0.5578125,0.483984376,0.034448242000000004,0.199804686,0.283984376,0.027026368000000002,0.25175781399999997,0.20078125,0.302343748,0.43554687400000003,Cytoplasm,Nucleus
ENSP00000416164,0.3828125,0.487890626,0.55,0.089306642,0.185351562,0.10151367,0.005000304,0.23964843600000002,0.390234374,0.355273438,0.004904936,"Cytoplasm, Nucleus",Cytoplasm
ENSP00000412812,0.640625,0.6125,0.364453124,0.050732422,0.60078125,0.257226564,0.059301756,0.395703124,0.481249998,0.288281248,0.030957032000000002,"Membrane, Cytoplasm, Cell membrane",Nucleus
ENSP00000406065,0.13642578,0.469140624,0.68984375,0.319140624,0.154980468,0.47734375,0.015869144,0.276757812,0.22734375,0.113671874,0.26557617,Nucleus,"Cytoplasm, Cell membrane"
ENSP00000500214,0.025756834,0.271875002,0.95,0.0484375,0.021752932,0.046386718,0.032586672,0.046044922,0.033349607999999996,0.038183596,0.005311583999999999,Nucleus,Nucleus
ENSP00000493305,0.170312502,0.6046875,0.5796875,0.141381836,0.23808594000000002,0.304882812,0.033862303999999996,0.179589844,0.12685547,0.148925782,0.029205322,"Cytoplasm, Nucleus","Cytoplasm, Cell membrane"
ENSP00000489222,0.336328126,0.243945312,0.230664062,0.619921876,0.1796875,0.226367188,0.08664550800000001,0.540234376,0.371875,0.389453126,0.082006836,None,Cell membrane
ENSP00000469638,0.090527344,0.352734374,0.9015625,0.035083008000000006,0.097558594,0.081054688,0.003459168,0.044799806000000005,0.034082032000000005,0.04133300799999999,0.00231781,Nucleus,Nucleus
ENSP00000330737,0.413281248,0.220898438,0.204882812,0.018164062,0.134814452,0.9,0.059252927999999996,0.216601564,0.091552736,0.061132814,0.048364255999999994,Mitochondrion,Mitochondrion
ENSP00000481248,0.10527344000000001,0.445312498,0.76875,0.037670897999999994,0.082763672,0.175585936,0.031982423999999995,0.09443359200000001,0.104882812,0.048828123999999994,0.030450440000000002,Nucleus,"Cytoplasm, Nucleus"
ENSP00000471413,0.896875,0.28730468600000003,0.168164062,0.07133789199999999,0.74140625,0.041210936,0.001237868,0.44296875,0.440624998,0.64765625,0.028286741999999997,"Membrane, Cell membrane",Cell membrane
ENSP00000436936,0.33730468999999996,0.57265625,0.391601562,0.14482422,0.29824219,0.319921876,0.09138183799999999,0.033422852,0.142871094,0.08935546999999999,0.044540406000000005,Cytoplasm,Mitochondrion
ENSP00000435577,0.122753906,0.63828125,0.484374998,0.129296876,0.11865234399999999,0.23164062400000002,0.024316408,0.111523438,0.21386718799999999,0.212890626,0.09897460799999999,Cytoplasm,Nucleus
ENSP00000433055,0.790625,0.136523438,0.154101562,0.14580078200000002,0.86171875,0.093652342,0.014215088,0.282421876,0.492968748,0.17949219,0.00269165,"Membrane, Cell membrane",Nucleus
ENSP00000427520,0.84609375,0.18828125,0.2203125,0.118652342,0.82734375,0.151562502,0.007690428000000001,0.254492186,0.6203125,0.437109374,0.0199646,"Membrane, Cell membrane, Lysosome/Vacuole",Nucleus
ENSP00000420102,0.09716796800000001,0.351171876,0.76875,0.11064453199999999,0.087988282,0.058837890000000004,0.011750794,0.072167968,0.10078125199999999,0.0461792,0.014953612,Nucleus,Nucleus
ENSP00000486994,0.077880858,0.298046874,0.8703125,0.156445314,0.078564452,0.047607421999999996,0.0034957879999999997,0.055566406,0.051342774,0.026110840000000003,0.013513182000000002,Nucleus,Nucleus
ENSP00000444620,0.09111328199999999,0.57421875,0.86015625,0.016796871999999997,0.13564452999999999,0.10625,0.00433655,0.07753906199999999,0.10869140399999999,0.08264160000000001,0.019482424,"Cytoplasm, Nucleus",Nucleus
ENSP00000440181,0.147558594,0.57109375,0.76484375,0.12695312600000003,0.17626953399999998,0.201757812,0.137304686,0.184472658,0.119873046,0.123339844,0.051342773999999994,"Cytoplasm, Nucleus",Nucleus
ENSP00000436907,0.395703126,0.347265626,0.510156252,0.1005249,0.354980472,0.45117187400000003,0.06555175999999999,0.084277344,0.129760742,0.107128906,0.015386961999999999,None,Nucleus
ENSP00000422141,0.135253906,0.34453125,0.76953125,0.055249024,0.12060546800000001,0.21230468399999997,0.026171872000000002,0.125292968,0.10771484199999999,0.07670898400000001,0.10822753999999998,Nucleus,Nucleus
ENSP00000294521,0.59453125,0.64296875,0.26347656399999997,0.155566406,0.68125,0.23046875,0.023254396,0.28828125,0.436328124,0.33789062400000003,0.192358396,"Membrane, Cytoplasm, Cell membrane",Cell membrane
ENSP00000483601,0.320898438,0.477734376,0.63515625,0.07680664,0.14707031399999998,0.40039062400000003,0.014521790000000001,0.291796876,0.12041015399999999,0.267773438,0.09611816200000001,"Cytoplasm, Nucleus",Nucleus
ENSP00000464183,0.4671875,0.3265625,0.407031252,0.071337892,0.216601562,0.316992192,0.014477536000000003,0.500390624,0.615625,0.52109375,0.04060058800000001,"Membrane, Lysosome/Vacuole",Golgi apparatus
ENSP00000419914,0.14384765400000002,0.68671875,0.6375,0.05754394599999999,0.206445312,0.186132812,0.014056398000000001,0.05512695200000001,0.08969726600000001,0.095947264,0.0751709,"Cytoplasm, Nucleus",Nucleus
ENSP00000403920,0.260839842,0.659375,0.312890626,0.053588866,0.24619140600000003,0.09040527400000001,0.07470703,0.224609374,0.583984376,0.501953124,0.32525634800000003,"Cytoplasm, Lysosome/Vacuole","Cytoplasm, Nucleus"
ENSP00000463294,0.174609374,0.621875,0.464062498,0.236914062,0.120605466,0.344921876,0.026574705999999997,0.165722656,0.266210938,0.280566406,0.115686034,Cytoplasm,Nucleus
ENSP00000454778,0.3296875,0.61171875,0.487109376,0.075097654,0.31640625,0.2984375,0.00243683,0.34921875,0.3125,0.236132812,0.07631836,Cytoplasm,"Cytoplasm, Nucleus"
ENSP00000451361,0.397460936,0.43574218800000003,0.728125,0.038336184,0.317285158,0.40703125,0.0032752039999999994,0.111523436,0.25546875,0.07138671799999999,0.16789550800000003,Nucleus,Nucleus
ENSP00000399432,0.146679688,0.6125,0.455859376,0.05739746,0.16718749800000002,0.246484376,0.00940552,0.150097656,0.070898438,0.13857422,0.08315429599999999,Cytoplasm,"Cytoplasm, Nucleus"
ENSP00000392738,0.070166014,0.45625,0.71484375,0.052954102,0.022363279999999996,0.133740234,0.015603638,0.062792968,0.044604493999999995,0.084228516,0.01851654,Nucleus,Nucleus
ENSP00000487797,0.18066406200000001,0.67109375,0.569140626,0.028308104,0.16230469,0.193945312,0.018188478,0.16113281200000001,0.22734375,0.303320312,0.096777342,"Cytoplasm, Nucleus","Cytoplasm, Cell membrane"
ENSP00000451544,0.2234375,0.558984376,0.246679688,0.160449218,0.075292968,0.365625,0.144628906,0.153808596,0.36796875,0.43554687599999997,0.045776368,Cytoplasm,Cytoplasm
ENSP00000402732,0.71484375,0.11445312199999999,0.140527344,0.068164064,0.451953128,0.11298828000000001,0.011093140000000001,0.386718752,0.45,0.264062502,0.006788634,Membrane,Cell membrane
ENSP00000392272,0.050683596,0.263867188,0.93203125,0.042163086,0.035363768,0.09697265599999999,0.002598568,0.04689941200000001,0.010601804000000001,0.041540524,0.001483154,Nucleus,Nucleus
ENSP00000482082,0.15527343799999999,0.58046875,0.53984375,0.367578124,0.08046875199999999,0.328515624,0.12382812399999998,0.175781252,0.226562502,0.294335938,0.068066404,"Cytoplasm, Nucleus","Cytoplasm, Cell membrane"
ENSP00000468298,0.09111328199999999,0.4921875,0.7796875,0.291210938,0.105664062,0.341210938,0.041101072,0.16523437400000002,0.12783202999999999,0.08359375,0.03947754,"Cytoplasm, Nucleus","Cytoplasm, Cell membrane"
ENSP00000436674,0.715625,0.093750002,0.120800782,0.08286132799999998,0.448828126,0.177441404,0.01385498,0.426171874,0.434375,0.268359376,0.0052948,Membrane,Cell membrane
ENSP00000433637,0.17451171999999998,0.44726562400000003,0.684375,0.033007812000000004,0.11699218600000001,0.07875976799999998,0.007092286000000001,0.05810546600000001,0.10227050600000001,0.176953126,0.01603241,Nucleus,Nucleus
ENSP00000418261,0.34375000200000005,0.48984375,0.164648436,0.06279297,0.09355468600000001,0.703515626,0.287890626,0.264453126,0.18994140799999998,0.09716796800000001,0.31616211,"Cytoplasm, Mitochondrion",Mitochondrion
ENSP00000497750,0.21953125199999998,0.329296874,0.23652343399999998,0.014282226,0.094042968,0.9546875,0.018572998,0.041650389999999995,0.077001954,0.044946292,0.008251952,Mitochondrion,Mitochondrion
ENSP00000431853,0.19824218799999999,0.6078125,0.5359375,0.035107422,0.12646484200000002,0.328515622,0.033435058000000004,0.132421874,0.20800781200000001,0.265820312,0.37734375,"Cytoplasm, Nucleus","Cytoplasm, Cell membrane"
ENSP00000429362,0.307812498,0.429687498,0.444140624,0.185742186,0.20800781399999999,0.269335936,0.073681642,0.292578124,0.39257812599999997,0.347070312,0.319140626,None,Nucleus
ENSP00000498027,0.173144534,0.544140626,0.6703125,0.08328857400000002,0.112402344,0.401953126,0.052416993999999995,0.148437502,0.08857422,0.124902344,0.009240722,"Cytoplasm, Nucleus",Nucleus
ENSP00000462831,0.315624998,0.63515625,0.448046874,0.04423828,0.405078124,0.27109375,0.018713376,0.125683594,0.158105468,0.16875,0.09135742200000001,Cytoplasm,Cell membrane
ENSP00000452443,0.086328122,0.471875002,0.80234375,0.115429686,0.058447264,0.117578124,0.03363647399999999,0.177832032,0.15830078,0.051342774,0.179785158,"Cytoplasm, Nucleus",Nucleus
ENSP00000449898,0.150195312,0.1515625,0.09487304799999999,0.8140625,0.13095703,0.061523436,0.016558838,0.1859375,0.36523437200000003,0.114160156,0.033532716,Extracellular,Golgi apparatus
ENSP00000431058,0.414453126,0.37734375,0.480859376,0.077758788,0.426171874,0.251562498,0.001008034,0.086279296,0.273828126,0.18955077999999997,0.001171494,None,Cytoplasm
ENSP00000419656,0.382812502,0.19824218799999999,0.143945312,0.025280760000000003,0.17949219,0.94296875,0.062304688,0.091699218,0.061816406000000004,0.058496092,0.056445314,Mitochondrion,Mitochondrion
ENSP00000417849,0.11210937400000001,0.34140625199999997,0.7140625,0.029901122000000002,0.091552732,0.076000976,0.0061096200000000005,0.130664062,0.061572266,0.045214845999999996,0.002725218,Nucleus,Nucleus
ENSP00000344230,0.26367187400000003,0.32011719,0.172656252,0.02290039,0.06206054800000001,0.940625,0.028894042,0.05048828400000001,0.015588380000000002,0.047265626000000005,0.033862303999999996,Mitochondrion,Mitochondrion
ENSP00000342787,0.10253906000000002,0.22988281000000002,0.256835938,0.049609374,0.051098634,0.91328125,0.22353515399999999,0.03684082,0.024206544,0.011791992000000001,0.02354126,Mitochondrion,"Cytoplasm, Endoplasmic reticulum"
ENSP00000504761,0.67578125,0.228320312,0.229296874,0.187304688,0.301171874,0.207421874,0.004061892,0.72421875,0.43828125,0.585546876,0.065405272,"Membrane, Endoplasmic reticulum",Golgi apparatus
ENSP00000474618,0.21191406399999999,0.49921875,0.61328125,0.241406252,0.1859375,0.27597656400000004,0.008688353999999999,0.213085936,0.175390626,0.352343752,0.192285158,"Cytoplasm, Nucleus",Nucleus
ENSP00000464988,0.16308593799999999,0.521484376,0.64921875,0.13232422,0.181640624,0.21230468600000002,0.061596679999999994,0.195507814,0.11928711,0.143261718,0.07271728200000001,"Cytoplasm, Nucleus",Cytoplasm
ENSP00000446554,0.60625,0.60234375,0.359375002,0.057470704,0.539453124,0.26015625,0.07304687600000001,0.342578124,0.45878906399999997,0.267773438,0.023913574,"Membrane, Cytoplasm, Cell membrane",Nucleus
ENSP00000439818,0.381640626,0.424218752,0.24453125,0.202929688,0.19023437599999998,0.366796876,0.123779296,0.496093752,0.18017577999999998,0.258203126,0.18125000200000002,None,Mitochondrion
ENSP00000428129,0.23691406,0.47890625,0.576171876,0.420312502,0.248046874,0.569921874,0.017651368,0.193554688,0.284375,0.4109375,0.134716796,"Cytoplasm, Nucleus",Nucleus
ENSP00000420578,0.215234374,0.5109375,0.498437502,0.46171875,0.20566406399999998,0.533984374,0.043774414,0.29589844000000004,0.355078126,0.4109375,0.254296874,Cytoplasm,Nucleus
ENSP00000387102,0.10004883,0.398632812,0.8578125,0.374804688,0.10390625199999999,0.13173828,0.011654662,0.09863281399999999,0.033319091999999995,0.08701172,0.0048080480000000005,Nucleus,"Cytoplasm, Nucleus"
ENSP00000358111,0.063232422,0.264453124,0.93828125,0.148242186,0.026196287999999995,0.039990234,0.001495742,0.09042968600000001,0.038024904,0.034643556,0.0021045680000000002,Nucleus,"Cytoplasm, Nucleus"
ENSP00000490665,0.37304687400000003,0.653125,0.498437502,0.029577635999999997,0.5125,0.187988284,0.008776856000000001,0.10419921799999998,0.24765625,0.14003906,0.06584472799999999,Cytoplasm,"Cell membrane, Endoplasmic reticulum"
ENSP00000482852,0.74140625,0.191601562,0.123144532,0.546484374,0.72734375,0.08984374799999999,0.033578492,0.33281249799999996,0.434375,0.274023438,0.07680664,"Membrane, Cell membrane","Cytoplasm, Cell membrane"
ENSP00000481703,0.6625,0.153125002,0.111425782,0.01030884,0.17275390399999999,0.94921875,0.07583008,0.103515624,0.04873047,0.07202148200000001,0.061181642,"Membrane, Mitochondrion",Mitochondrion
ENSP00000480335,0.25996093600000003,0.2375,0.2421875,0.7328125,0.31953125,0.13017578000000002,0.029650879999999998,0.4171875,0.307226562,0.22734375,0.053393555999999995,Extracellular,Cell membrane
ENSP00000479714,0.28125,0.71484375,0.441015624,0.044262694000000005,0.335546876,0.31054687400000003,0.003051758,0.303320312,0.17451172,0.276562502,0.059570309999999994,Cytoplasm,Mitochondrion
ENSP00000458835,0.90546875,0.275,0.28281250199999997,0.039038082,0.70625,0.084326172,0.001244354,0.62578125,0.5664062480000001,0.74375,0.098535156,"Membrane, Cell membrane, Lysosome/Vacuole, Golgi apparatus",Cell membrane
ENSP00000431594,0.108691406,0.4390624959999999,0.834375,0.11816405999999999,0.094433594,0.08901367200000002,0.002854536,0.11640625,0.100683594,0.037719723999999996,0.035968018000000004,Nucleus,Nucleus
ENSP00000425484,0.41953125,0.578125,0.3609375,0.057763674,0.4984375,0.08916015800000002,0.06901855600000001,0.19042968799999999,0.09423828399999999,0.22265625,0.004766846,Cytoplasm,"Nucleus, Cell membrane"
ENSP00000380435,0.91328125,0.091796876,0.099804688,0.038476562000000006,0.6125,0.032360837999999996,0.0033828739999999997,0.35351562599999997,0.56171875,0.25498046799999996,0.0626709,"Membrane, Cell membrane",Cell membrane
ENSP00000363197,0.56015625,0.18378906199999998,0.144140626,0.58984375,0.31484375,0.229882814,0.12929687399999998,0.529296874,0.463671874,0.517578128,0.228710936,Membrane,Cell membrane
ENSP00000255764,0.179882814,0.6234375,0.4953125,0.017462158,0.112695312,0.12001953000000001,0.003366086,0.092724608,0.363281248,0.11054687599999999,0.016531372,Cytoplasm,Nucleus
ENSP00000487557,0.25390625,0.504296876,0.49023437400000003,0.38476562400000003,0.17851562799999998,0.336718752,0.069384766,0.234960936,0.311328122,0.303125,0.053466797999999996,Cytoplasm,Nucleus
ENSP00000470495,0.495703124,0.45507812599999997,0.38359375,0.14213867200000002,0.436718752,0.327539062,0.002378084,0.250976562,0.528125002,0.294140624,0.00559082,Membrane,"Cytoplasm, Nucleus"
ENSP00000427425,0.105957028,0.357421872,0.9015625,0.044409180000000006,0.11640625,0.06992187400000001,0.0012411100000000001,0.04157715,0.031799318,0.055151366,0.007632445999999999,Nucleus,Nucleus
ENSP00000422281,0.639453126,0.59296875,0.459375,0.270703128,0.380273438,0.26757812599999997,0.11875,0.10063476599999999,0.68984375,0.12841797,0.017106628000000002,"Membrane, Cytoplasm, Lysosome/Vacuole",Cell membrane
ENSP00000407002,0.36601562200000004,0.64609375,0.38984375,0.058764647999999996,0.459375,0.51953125,0.026330566,0.167382812,0.53046875,0.297753908,0.007168579999999999,Cytoplasm,"Cytoplasm, Cell membrane"
ENSP00000389518,0.052929687999999996,0.390234376,0.8453125,0.071923828,0.042773436,0.11533202999999999,0.15073242400000003,0.055810548,0.023413084,0.153906252,0.012152099999999999,Nucleus,Nucleus
ENSP00000217185,0.31074218600000003,0.59765625,0.446484374,0.36015625,0.33808594,0.287695312,0.00369644,0.216992188,0.295507812,0.332812502,0.28740234400000003,Cytoplasm,"Cytoplasm, Nucleus"
ENSP00000469138,0.12128906399999999,0.61875,0.66484375,0.076123044,0.136425782,0.254101564,0.004306028,0.112402344,0.06752929599999999,0.17470702999999999,0.011465455999999999,"Cytoplasm, Nucleus",Nucleus
ENSP00000506808,0.319140626,0.278125,0.316796876,0.0359375,0.11264648399999999,0.67890625,0.052294922,0.261132812,0.101269532,0.0734375,0.06523437400000001,Mitochondrion,Mitochondrion
ENSP00000485966,0.315234376,0.20800781200000001,0.071972654,0.11684570400000001,0.076757814,0.93203125,0.290234376,0.085644532,0.034936524000000004,0.061083984,0.075415038,Mitochondrion,Mitochondrion
ENSP00000479486,0.30234375,0.46953125,0.44453124600000005,0.14702148399999998,0.203515626,0.36132812799999997,0.009509278,0.420703124,0.323828126,0.25078125,0.29453125,Cytoplasm,"Cytoplasm, Cell membrane"
ENSP00000479441,0.58828125,0.441015626,0.314062498,0.06884765600000001,0.437500002,0.450000002,0.007250976000000001,0.47812500199999997,0.503125002,0.331835938,0.147070312,Membrane,Nucleus
ENSP00000465889,0.24882812599999998,0.265039062,0.173632812,0.78515625,0.206835938,0.22753906200000001,0.008468628,0.316992188,0.33359375,0.319140628,0.05419921999999999,Extracellular,Endoplasmic reticulum
ENSP00000455277,0.183398436,0.63046875,0.54453125,0.07949218799999999,0.14570312400000002,0.19003906399999998,0.011096192000000001,0.096972656,0.224218752,0.125683594,0.005718994,"Cytoplasm, Nucleus",Cytoplasm
ENSP00000446944,0.11279296800000001,0.270898438,0.875,0.027478026,0.04118652400000001,0.157324222,0.008804323999999999,0.09047851599999998,0.072216796,0.077539062,0.035754394,Nucleus,Nucleus
ENSP00000429741,0.127539062,0.61171875,0.71484375,0.016796874,0.121484372,0.179101562,0.016351318,0.109667968,0.144726562,0.2109375,0.119165038,"Cytoplasm, Nucleus",Nucleus
ENSP00000427935,0.070605468,0.60703125,0.675,0.17607422,0.030688478,0.129394534,0.0585083,0.198828126,0.16074219,0.180371092,0.013482665999999999,"Cytoplasm, Nucleus",Nucleus
ENSP00000390926,0.152734374,0.66484375,0.513671876,0.18681640800000002,0.10332031000000001,0.233789062,0.00226593,0.10844726600000001,0.242382812,0.432421876,0.028540038,Cytoplasm,"Cytoplasm, Cell membrane"
ENSP00000388737,0.051025390000000004,0.359765626,0.9171875,0.09829101600000001,0.031811524,0.09892578,0.002172468,0.180078126,0.05217285199999999,0.029833986,0.039575194,Nucleus,Nucleus
ENSP00000310182,0.90859375,0.216992188,0.13759765799999998,0.046264648000000005,0.483203126,0.16220703,0.011895751999999999,0.69921875,0.469921874,0.421875,0.231835938,"Membrane, Endoplasmic reticulum",Golgi apparatus
ENSP00000485355,0.224609376,0.544140624,0.403515624,0.077929686,0.113183594,0.44062499599999994,0.035595702,0.32656249800000003,0.28535155999999995,0.3125,0.026977535999999996,Cytoplasm,Endoplasmic reticulum
ENSP00000468584,0.249609376,0.159960938,0.11796875,0.049609376000000004,0.07045898399999999,0.96171875,0.038964846,0.06694336,0.056542972000000004,0.08208007599999999,0.422656248,Mitochondrion,Mitochondrion
ENSP00000389278,0.8296875,0.262109376,0.270507814,0.062133788,0.59765625,0.076953126,0.004956052000000001,0.513671876,0.45859375,0.516406252,0.081103514,"Membrane, Cell membrane",Cytoplasm
ENSP00000386645,0.132031252,0.398828124,0.8671875,0.25888672,0.156738282,0.18330078,0.0037696839999999997,0.10825195399999998,0.03642578,0.09238281200000001,0.003779601999999999,Nucleus,"Cytoplasm, Nucleus"
ENSP00000362773,0.228320314,0.475390626,0.358593752,0.305078126,0.22109374599999998,0.462109376,0.052514648,0.05078125,0.038879392,0.268359376,0.009906006,Cytoplasm,Nucleus
ENSP00000430257,0.30078125,0.547265624,0.40546875,0.043554688,0.17451171599999998,0.200976564,0.011592102,0.17490234600000001,0.49375000199999997,0.33789062599999997,0.03466796800000001,Cytoplasm,Nucleus
ENSP00000401109,0.07270507799999999,0.29570312800000004,0.8203125,0.020269773999999997,0.030615234,0.096679688,0.002469636,0.053076172,0.055615234,0.074462888,0.006289671999999999,Nucleus,Nucleus
ENSP00000382364,0.189062502,0.4703125,0.6046875,0.112255858,0.13310547,0.22167968600000001,0.007434082,0.378906252,0.212109376,0.134960938,0.059863282,"Cytoplasm, Nucleus","Cytoplasm, Nucleus, Mitochondrion"
ENSP00000498993,0.2265625,0.378125002,0.342578126,0.19921875,0.157910156,0.7796875,0.02618408,0.20058593599999996,0.15078125,0.281835938,0.59375,Mitochondrion,Mitochondrion
ENSP00000467551,0.137011718,0.291992188,0.77734375,0.10546874800000001,0.119140624,0.09262695400000001,0.0020954139999999994,0.05864257399999999,0.13486328,0.056811524,0.02750244,Nucleus,Nucleus
ENSP00000466188,0.203320312,0.64453125,0.457421874,0.092333986,0.215039064,0.163964844,0.004164124,0.150683594,0.079833986,0.290039064,0.022265624,Cytoplasm,Nucleus
ENSP00000439667,0.193847656,0.39648437200000003,0.493359374,0.32578125,0.11865234399999999,0.690625,0.103125,0.217578124,0.255664062,0.29902344,0.26445312200000004,Mitochondrion,Nucleus
ENSP00000429102,0.193359374,0.72890625,0.407031252,0.075268556,0.18046874799999998,0.20410156399999999,0.025854492,0.156835938,0.177148438,0.17705078000000002,0.02755127,Cytoplasm,Nucleus
ENSP00000412249,0.44921875,0.541015626,0.461328126,0.242187498,0.4359375,0.416406252,0.009329222,0.25078125,0.257910158,0.32089843399999995,0.06384277199999999,Cytoplasm,Cell membrane
ENSP00000306362,0.299609376,0.541796876,0.493359376,0.134667968,0.08657226600000001,0.5484375,0.022619625999999997,0.373828126,0.313476562,0.40078125,0.06528320400000001,Cytoplasm,Cytoplasm
ENSP00000508310,0.364648438,0.537499998,0.540625,0.16933593600000002,0.199902346,0.22626953,0.002669144,0.152441406,0.23320312399999996,0.17734375,0.061572266,"Cytoplasm, Nucleus","Cytoplasm, Nucleus, Cell membrane"
ENSP00000496961,0.352343752,0.534375,0.399609374,0.102978516,0.157617188,0.13554687599999998,0.030114745999999998,0.37695312599999997,0.64296875,0.46171875,0.031378176,"Cytoplasm, Lysosome/Vacuole",Nucleus
ENSP00000495456,0.04284668,0.263281248,0.896875,0.031323242,0.020874022,0.160742188,0.00916748,0.09777832,0.015579226000000002,0.026501463999999995,0.0020477299999999998,Nucleus,Nucleus
ENSP00000474372,0.058007812000000006,0.54453125,0.66640625,0.018750001999999998,0.033081054,0.035144042,0.032861327999999995,0.104785156,0.057592774,0.17685546800000002,0.001998902,"Cytoplasm, Nucleus",Nucleus
ENSP00000467104,0.16914062800000002,0.346289062,0.46953125,0.75859375,0.11816405999999999,0.202978516,0.32421875,0.044421386,0.032623292000000005,0.13378906200000001,0.07895508,Extracellular,Nucleus
ENSP00000443968,0.181738282,0.61015625,0.665625,0.171972656,0.135156252,0.41796875,0.07409668,0.18017578,0.23710937599999998,0.148242188,0.195971678,"Cytoplasm, Nucleus",Cytoplasm
ENSP00000431368,0.280859374,0.52734375,0.62578125,0.226171876,0.140136718,0.67421875,0.054968262000000004,0.2703125,0.30703125,0.305273438,0.17099609600000001,"Cytoplasm, Nucleus, Mitochondrion",Cytoplasm
ENSP00000426331,0.294140626,0.20605468799999999,0.17089843799999999,0.06762695399999999,0.116601562,0.95234375,0.028662108000000002,0.10791015799999999,0.085595704,0.13535156399999998,0.18515625,Mitochondrion,Mitochondrion
ENSP00000369176,0.73984375,0.159960938,0.178027342,0.06689453000000001,0.09008789199999999,0.80859375,0.020782472000000003,0.269726562,0.07861328199999999,0.11591797,0.033709718,"Membrane, Mitochondrion",Mitochondrion
ENSP00000338932,0.163476564,0.463281252,0.56875,0.168554684,0.07543945199999999,0.305273438,0.083935546,0.294335938,0.251367188,0.23535156200000001,0.262109374,Nucleus,Mitochondrion
ENSP00000259254,0.82890625,0.241601562,0.099316408,0.241992186,0.81953125,0.075976562,0.005856324,0.18125,0.507421874,0.29140625,0.11196289200000001,"Membrane, Cell membrane",Cell membrane
ENSP00000421946,0.09755859599999998,0.49023437599999997,0.81171875,0.109619142,0.076171876,0.06757812399999999,0.003160094,0.10703125,0.07006836,0.108691406,0.00470276,"Cytoplasm, Nucleus",Nucleus
ENSP00000409925,0.177929686,0.74765625,0.285546876,0.027783202,0.199218752,0.26777343600000003,0.039208986,0.09799804399999999,0.06220703200000001,0.121777344,0.100415038,Cytoplasm,"Cytoplasm, Nucleus"
ENSP00000393616,0.20439453200000002,0.7046875,0.496484376,0.11328124799999999,0.371875,0.08422851599999999,0.01760254,0.124902344,0.055126954000000006,0.09169922,0.033102418,Cytoplasm,"Cytoplasm, Nucleus"
ENSP00000344128,0.08964843600000001,0.333203124,0.6859375,0.563671874,0.096191406,0.040356444,0.034655764,0.071484374,0.079833986,0.051049804,0.04924316399999999,Nucleus,"Cytoplasm, Nucleus"
ENSP00000295834,0.165063474,0.83125,0.480859376,0.31796875,0.249316406,0.140869142,0.062683104,0.170776366,0.02854004,0.10349121000000001,0.101538086,Cytoplasm,Cytoplasm
ENSP00000236412,0.126171876,0.36523437400000003,0.8890625,0.029052734000000004,0.08105468800000001,0.063623048,0.015612792,0.153808592,0.076416016,0.071044924,0.0107666,Nucleus,Nucleus
ENSP00000497676,0.19218750199999998,0.634375,0.48828125,0.421875002,0.19023437599999998,0.346875002,0.028466796,0.12841797,0.128466796,0.199023434,0.155371092,Cytoplasm,Cell membrane
ENSP00000469738,0.19648437600000002,0.68828125,0.6078125,0.009226990000000001,0.09726562400000001,0.247265626,0.012432862000000001,0.179296876,0.139257812,0.282519534,0.16347656,"Cytoplasm, Nucleus",Nucleus
ENSP00000435800,0.8375,0.195703126,0.258789064,0.08703613400000001,0.518749998,0.284179686,0.063354492,0.609375,0.529687498,0.54921875,0.093481444,Membrane,"Endoplasmic reticulum, Golgi apparatus"
ENSP00000431985,0.157031248,0.41484375,0.6921875,0.122851564,0.097460938,0.086035156,0.134521484,0.194042968,0.185546876,0.12480468600000001,0.073632814,Nucleus,Nucleus
ENSP00000416644,0.225,0.603125,0.277929688,0.337109372,0.18066406200000001,0.14589843600000002,0.033886717999999996,0.258203126,0.172753906,0.327734374,0.016882324,Cytoplasm,Cytoplasm
ENSP00000389303,0.258789064,0.55546875,0.428906248,0.214648438,0.18457031200000001,0.480859378,0.011706542,0.23730469000000004,0.401171874,0.285546874,0.602734376,Cytoplasm,Cytoplasm
ENSP00000471657,0.08227539199999999,0.58203125,0.61484375,0.525,0.07333984199999999,0.266015626,0.133740234,0.18642578199999998,0.12890625,0.080322266,0.23339843799999999,"Cytoplasm, Nucleus",Mitochondrion
ENSP00000429672,0.145507814,0.59921875,0.469140624,0.56953125,0.133496092,0.38847656399999997,0.12861328,0.10302734399999999,0.073974612,0.24365234400000002,0.025231932000000002,Cytoplasm,Endoplasmic reticulum
ENSP00000493744,0.20839843600000002,0.67890625,0.374609372,0.10610351600000001,0.08051758,0.402734372,0.040307618,0.413671874,0.359375002,0.35234375,0.27675781,Cytoplasm,Nucleus
ENSP00000487240,0.130566406,0.58359375,0.69765625,0.08046875,0.132910156,0.158984374,0.03131713999999999,0.12539062399999998,0.20195312599999998,0.159667968,0.097753906,"Cytoplasm, Nucleus",Nucleus
ENSP00000452217,0.092089844,0.324218752,0.86875,0.101538086,0.038012694,0.08847656200000001,0.013952636,0.0703125,0.04802246,0.024853516000000003,0.05222167999999999,Nucleus,Nucleus
ENSP00000450525,0.23183593600000002,0.5578125,0.41875,0.258007814,0.23925781399999999,0.2421875,0.069238282,0.11445312600000002,0.172265626,0.25957031399999997,0.038427736000000004,Cytoplasm,Nucleus
ENSP00000423982,0.066601562,0.442578126,0.803125,0.046557618,0.089892578,0.093798828,0.0050704980000000005,0.03572998000000001,0.078051756,0.053247069999999994,0.006710816,Nucleus,"Nucleus, Cell membrane"
ENSP00000391446,0.075097656,0.77109375,0.2265625,0.009167482000000001,0.076757814,0.35390624800000003,0.024682615999999998,0.28330078200000003,0.105993652,0.06770019399999999,0.0025527980000000002,Cytoplasm,"Cytoplasm, Endoplasmic reticulum"
ENSP00000377351,0.2484375,0.80078125,0.44453125,0.310156252,0.303320314,0.25097655999999996,0.07550125,0.360546874,0.051220699999999994,0.260742188,0.111132812,Cytoplasm,Cytoplasm
ENSP00000492536,0.155859376,0.603125,0.415234376,0.623046874,0.10683593799999999,0.235156248,0.1154541,0.16318359200000002,0.255078126,0.106640624,0.6625,Cytoplasm,Nucleus
ENSP00000461981,0.15898437599999998,0.7171875,0.54453125,0.184374998,0.117089844,0.257617188,0.058483886000000006,0.131347656,0.143359374,0.158007812,0.168066408,"Cytoplasm, Nucleus","Cytoplasm, Nucleus"
ENSP00000430152,0.38828125,0.376171874,0.552734374,0.118676758,0.176660156,0.288671874,0.00170021,0.104101564,0.522265624,0.608203124,0.0042770379999999995,Nucleus,Cytoplasm
ENSP00000505173,0.365625,0.80234375,0.343359378,0.061254883999999996,0.28828125,0.19042968999999998,0.0050476079999999994,0.145703126,0.34140625,0.36503906399999997,0.11655273399999999,Cytoplasm,"Cytoplasm, Cell membrane"
ENSP00000494012,0.11972656200000001,0.25058594,0.846875,0.16523437400000002,0.07519531399999999,0.10556640799999999,0.036157224,0.17753906000000003,0.08540039000000002,0.074951172,0.019189452,Nucleus,Nucleus
ENSP00000430617,0.137109376,0.499218752,0.6953125,0.07553710799999999,0.10478515399999999,0.099853516,0.013272094000000002,0.153710938,0.053881836,0.046362306,0.009002684,"Cytoplasm, Nucleus",Nucleus
ENSP00000427277,0.77109375,0.232617188,0.14140625199999998,0.214746092,0.75859375,0.134570312,0.0036315939999999997,0.255273438,0.61328125,0.4734375,0.148535154,"Membrane, Cell membrane, Lysosome/Vacuole",Cell membrane
ENSP00000411349,0.18652343799999999,0.6015625,0.410937502,0.17050781,0.149121092,0.242773438,0.029260251999999997,0.078808592,0.284570312,0.442187502,0.10478515799999999,Cytoplasm,Cell membrane
ENSP00000397302,0.27500000199999997,0.240820312,0.264062502,0.134374998,0.100097654,0.90859375,0.03171386599999999,0.211523436,0.08999023399999999,0.172851566,0.352734374,Mitochondrion,Mitochondrion
ENSP00000442703,0.202734374,0.187695312,0.26015625,0.121777344,0.08974609600000001,0.709375,0.07473144599999999,0.12490234599999998,0.10537109400000003,0.04680176,0.18466797,Mitochondrion,Mitochondrion
ENSP00000430889,0.248046876,0.510546876,0.565625,0.232421874,0.14453125,0.175390628,0.09619140600000001,0.222460938,0.226757812,0.32265625,0.110058594,"Cytoplasm, Nucleus","Nucleus, Cell membrane"
ENSP00000425460,0.628125,0.29101562599999997,0.280859376,0.12460937600000002,0.131640624,0.494921876,0.10849609600000001,0.7296875,0.13125000199999998,0.410156252,0.280078124,"Membrane, Endoplasmic reticulum",Nucleus
ENSP00000393696,0.145800782,0.30292968600000003,0.47109375,0.6765625,0.08046874799999999,0.31582031,0.128759766,0.261132812,0.182421874,0.15126953199999998,0.25019530999999995,Extracellular,Mitochondrion
ENSP00000384474,0.23300781400000004,0.6328125,0.5890625,0.04243164,0.25800780999999995,0.08940429800000001,0.018353269999999998,0.23525390799999996,0.046105956000000003,0.156445312,0.002412416,"Cytoplasm, Nucleus",Nucleus
ENSP00000467965,0.21894531400000003,0.65859375,0.6984375,0.013665769999999999,0.12265625,0.16123046800000002,0.0010131839999999999,0.13701171799999998,0.164550778,0.281640628,0.024145506000000004,"Cytoplasm, Nucleus",Cytoplasm
ENSP00000463450,0.164453126,0.49375,0.66875,0.10771484199999999,0.18847656399999999,0.120019532,0.004673766,0.13525390399999998,0.086328128,0.17089843400000002,0.025811768000000002,"Cytoplasm, Nucleus","Cytoplasm, Nucleus"
ENSP00000455767,0.247265626,0.36953124800000003,0.333203122,0.40781250199999997,0.168066406,0.45019531199999996,0.066381836,0.512109376,0.24775390599999997,0.266210936,0.26044921800000004,None,"Cytoplasm, Nucleus"
ENSP00000419578,0.8234375,0.083105468,0.13886718599999998,0.016186522000000002,0.055737304,0.91796875,0.09628906200000001,0.29531250200000003,0.12983398399999999,0.111523436,0.09552002,"Membrane, Mitochondrion",Mitochondrion
ENSP00000460301,0.369921876,0.45898437400000003,0.42578125,0.034667968,0.23535156399999999,0.23515625,0.004661561999999999,0.281640626,0.328515624,0.6390625,0.052319335999999994,None,"Cytoplasm, Nucleus"
ENSP00000446783,0.170996094,0.530859376,0.532421874,0.266796878,0.10654296999999999,0.250781252,0.30810547,0.33515625,0.291601566,0.22460937800000003,0.09096679799999999,"Cytoplasm, Nucleus",Nucleus
ENSP00000446665,0.233984374,0.55546875,0.530078126,0.265039064,0.191503906,0.448046876,0.17138672,0.24707031200000001,0.23828125200000003,0.32109375,0.159863284,"Cytoplasm, Nucleus",Cytoplasm
ENSP00000392230,0.123046874,0.229101562,0.92890625,0.015917967999999998,0.05761718800000001,0.128613282,0.002117156,0.104199216,0.064941404,0.048608398000000004,0.128686524,Nucleus,"Cytoplasm, Nucleus"
ENSP00000505534,0.218359374,0.71640625,0.39921875,0.10498046800000001,0.196679688,0.18906249800000002,0.011114502,0.219140624,0.13828125,0.34570312599999997,0.052209474,Cytoplasm,Cytoplasm
ENSP00000443772,0.547265626,0.547265624,0.327148438,0.484765624,0.405468752,0.222070314,0.006536866,0.189648436,0.20859375,0.21386718799999999,0.102709962,"Membrane, Cytoplasm",Cytoplasm
ENSP00000435556,0.5609375,0.528125,0.36796875,0.097558594,0.496875,0.25214843600000003,0.032983398000000004,0.53671875,0.33359375,0.457421872,0.2128418,"Membrane, Cytoplasm","Nucleus, Cell membrane"
ENSP00000424323,0.181250002,0.60703125,0.4953125,0.183984372,0.158984374,0.390234374,0.014099117999999999,0.225195312,0.270703126,0.29492187400000003,0.460156248,Cytoplasm,"Cytoplasm, Nucleus"
ENSP00000417479,0.36484375,0.442578124,0.409375,0.24990234399999997,0.3328125,0.12485351599999998,0.004418182,0.079052736,0.49375,0.460156252,0.001284408,None,Cytoplasm
ENSP00000407711,0.120117188,0.508203126,0.809375,0.015161131999999999,0.063623048,0.21337890599999998,0.000348806,0.038732907999999996,0.076611328,0.109667968,0.008807371999999999,"Cytoplasm, Nucleus",Nucleus
ENSP00000340691,0.182421874,0.709375,0.6484375,0.008319094,0.25566406199999997,0.059033204000000006,0.003207396,0.068701172,0.082080078,0.078125,0.016149902,"Cytoplasm, Nucleus","Cytoplasm, Nucleus"
ENSP00000498324,0.181738282,0.3796875,0.477734376,0.66484375,0.053271484,0.564453126,0.022070312,0.31445312599999997,0.10205078000000001,0.148730468,0.38051757799999997,Extracellular,Nucleus
ENSP00000493492,0.125195312,0.58125,0.548046876,0.148535158,0.063916014,0.430468752,0.035449218000000005,0.274999998,0.309375002,0.361914064,0.05073242,"Cytoplasm, Nucleus","Cytoplasm, Nucleus"
ENSP00000434141,0.26152343800000005,0.484765626,0.387890626,0.34765625,0.156738282,0.66953125,0.056054688,0.24726562400000002,0.181835938,0.36523437599999997,0.175390624,"Cytoplasm, Mitochondrion",Nucleus
ENSP00000433390,0.22578125,0.765625,0.50859375,0.0054626480000000005,0.158203126,0.12412109200000002,0.007043458,0.08017578,0.090722656,0.153125,0.01296997,Cytoplasm,Cell membrane
ENSP00000429192,0.42089843600000004,0.391796876,0.49921875,0.11215820200000001,0.227978516,0.3515625,0.03168945199999999,0.310742188,0.270019532,0.238085938,0.004403878,None,Nucleus
ENSP00000401748,0.119531252,0.6546875,0.306835938,0.323339842,0.09536133,0.33125,0.31225586,0.315429686,0.36972656000000004,0.289648438,0.110351562,Cytoplasm,Endoplasmic reticulum
ENSP00000399267,0.381250002,0.73046875,0.281249998,0.078564454,0.359765624,0.105859374,0.022045898,0.239062498,0.21015625,0.448828124,0.021105956,Cytoplasm,"Cytoplasm, Cell membrane"
ENSP00000376096,0.286523438,0.2421875,0.22109375199999998,0.513281252,0.30488281,0.077783202,0.010107422,0.55546875,0.393359376,0.17910156400000002,0.056835934,None,"Cytoplasm, Cell membrane"
ENSP00000463892,0.413671874,0.391015626,0.46679687599999997,0.070166014,0.19853515800000002,0.232421874,0.026892088,0.383593748,0.615625,0.533984374,0.080639648,Lysosome/Vacuole,Golgi apparatus
ENSP00000462796,0.14677734199999998,0.75859375,0.34218750200000003,0.124023438,0.128808596,0.11455078,0.007241819999999999,0.133398438,0.083544922,0.166699218,0.061938476,Cytoplasm,Cell membrane
ENSP00000459534,0.05710449199999999,0.332226562,0.74921875,0.09814453000000001,0.044702148000000004,0.150097656,0.160156252,0.082324218,0.079785156,0.08886718600000001,0.036901854,Nucleus,"Cytoplasm, Cell membrane"
ENSP00000453357,0.33515625,0.414453126,0.387890624,0.36171874800000003,0.270898438,0.569921876,0.009228513999999998,0.277148438,0.34999999800000003,0.467578124,0.22734375,None,"Cytoplasm, Mitochondrion"
ENSP00000453208,0.188085938,0.4453125,0.6625,0.08066406200000001,0.119189452,0.18857421800000002,0.005603028,0.125878908,0.10693359399999999,0.17421875,0.16259765599999998,Nucleus,Nucleus
ENSP00000451718,0.36132812400000003,0.569140626,0.578125,0.03532715,0.339843748,0.22470703200000003,0.004301452,0.07656249799999999,0.27890625,0.22060546800000003,0.01732788,"Cytoplasm, Nucleus",Cell membrane
ENSP00000451213,0.187304688,0.273632814,0.8671875,0.018469238,0.156152344,0.038354492000000004,0.004011916,0.07055664,0.07055664,0.052612306,0.018408204,Nucleus,Nucleus
ENSP00000372205,0.14921875,0.469140626,0.45703125,0.68515625,0.196875002,0.22988280999999997,0.26933594000000005,0.06047362999999999,0.062042235999999994,0.14189453,0.015783692000000002,Extracellular,Cytoplasm
ENSP00000343218,0.204882812,0.49414062599999997,0.570703126,0.288867186,0.150878906,0.4703125,0.006251526,0.21816406000000002,0.315429688,0.177441406,0.149487306,"Cytoplasm, Nucleus",Nucleus
ENSP00000499538,0.15654297,0.61875,0.63828125,0.027490233999999995,0.075390624,0.250390626,0.024633788,0.18828125,0.18955078200000003,0.194921876,0.056958006000000005,"Cytoplasm, Nucleus",Nucleus
ENSP00000479447,0.121289062,0.542578124,0.47070312400000003,0.58125,0.07011718400000001,0.48515625,0.243554688,0.2171875,0.152197266,0.22529297,0.247949216,Cytoplasm,Golgi apparatus
ENSP00000475768,0.142871094,0.60703125,0.66953125,0.025817872,0.12988281,0.209375,0.007739256,0.17695312400000002,0.205859374,0.159765626,0.03684082,"Cytoplasm, Nucleus","Cytoplasm, Nucleus"
ENSP00000466951,0.25546875,0.521484376,0.40820312599999997,0.168554688,0.126269532,0.13398437400000002,0.0023712159999999998,0.14970703,0.42265625,0.771875,0.050921629999999996,"Cytoplasm, Golgi apparatus","Cytoplasm, Nucleus"
ENSP00000463688,0.2015625,0.530078124,0.5421875,0.188769532,0.251171872,0.34999999800000003,0.0022293100000000004,0.195996094,0.277734374,0.138769532,0.175708008,"Cytoplasm, Nucleus",Nucleus
ENSP00000409858,0.25078125,0.49453125,0.66328125,0.179394532,0.181835936,0.312499998,0.027844236,0.188085938,0.140820314,0.224804688,0.13515625,"Cytoplasm, Nucleus",Nucleus
ENSP00000505503,0.173632812,0.48203125,0.395312498,0.63515625,0.11181640799999999,0.39179687799999996,0.20986327999999999,0.165429688,0.131103514,0.197949218,0.219238282,Cytoplasm,"Cytoplasm, Nucleus"
ENSP00000493139,0.284960936,0.266992188,0.22167968799999999,0.53984375,0.072656248,0.334765626,0.05744629,0.50234375,0.401953126,0.417578126,0.14355468999999998,None,Nucleus
ENSP00000482498,0.27167968800000003,0.402343748,0.397656252,0.53984375,0.108300782,0.49023437599999997,0.34941406399999997,0.239648438,0.19501953,0.167089844,0.355078126,None,Cytoplasm
ENSP00000482052,0.126367188,0.44296875199999997,0.505078124,0.27109375,0.06813965,0.083593752,0.009930418,0.057519532,0.107226564,0.10354004000000001,0.0072673780000000006,None,Golgi apparatus
ENSP00000454688,0.4703125,0.74375,0.307812502,0.036889649999999996,0.342187502,0.275781252,0.0012031540000000001,0.234375,0.328125,0.278710938,0.09301758000000002,"Membrane, Cytoplasm",Cell membrane
ENSP00000414661,0.16875,0.60546875,0.52265625,0.414453126,0.06328124799999998,0.567578124,0.09526367000000001,0.192968748,0.3859375,0.533984376,0.09638672,Cytoplasm,Nucleus
ENSP00000407464,0.382421874,0.63359375,0.358203126,0.225195312,0.374609376,0.386132812,0.016925049999999997,0.238281252,0.28710937599999997,0.428125002,0.018444824,Cytoplasm,Cell membrane
ENSP00000396366,0.35390624800000003,0.540625,0.56796875,0.08041992199999999,0.40546875,0.135546874,0.018939209999999998,0.234179686,0.14238281,0.375390628,0.00673523,"Cytoplasm, Nucleus",Cell membrane
ENSP00000497786,0.141308594,0.28183594,0.267773438,0.10336914,0.06640625,0.225,0.79140625,0.092578126,0.092578126,0.10419921600000001,0.391015624,Plastid,Cytoplasm
ENSP00000471518,0.268750002,0.217968752,0.14921875,0.77421875,0.187109374,0.368359374,0.36264648200000005,0.24101562199999998,0.37890625,0.373242188,0.013537598000000001,Extracellular,Cell membrane
ENSP00000470962,0.391015622,0.283789062,0.218945312,0.03840332,0.132421874,0.95703125,0.063452148,0.101074222,0.031518554000000004,0.06948242,0.17460937599999998,Mitochondrion,Mitochondrion
ENSP00000426615,0.038916014,0.315234376,0.96015625,0.10415039,0.037573242,0.077783204,0.006007386,0.034277344,0.010855104,0.014047241999999998,0.009866336,Nucleus,Nucleus
ENSP00000420568,0.23125000199999998,0.52421875,0.49765625,0.43515625,0.24707031200000001,0.396093748,0.020324704000000002,0.180273438,0.178222656,0.300390626,0.158203126,Cytoplasm,Nucleus
ENSP00000387794,0.309374998,0.72421875,0.416796874,0.05212402199999999,0.50859375,0.216992188,0.012207032000000001,0.2515625,0.11845703199999999,0.170117188,0.108691406,Cytoplasm,"Cytoplasm, Nucleus"
ENSP00000297983,0.75546875,0.152636718,0.164160156,0.051953124,0.103417968,0.7890625,0.017358398000000004,0.258398436,0.07753906399999999,0.102148438,0.030258180000000003,"Membrane, Mitochondrion",Mitochondrion
ENSP00000499772,0.226171874,0.329882812,0.342578124,0.492578128,0.09243164,0.351367188,0.088659666,0.455468752,0.20473632999999997,0.296484376,0.138476562,None,Nucleus
ENSP00000453703,0.126171874,0.74140625,0.43554687400000003,0.18964843999999997,0.179687502,0.17070312599999998,0.00210266,0.113476562,0.22519531399999998,0.31445312400000003,0.10310058600000001,Cytoplasm,Golgi apparatus
ENSP00000453584,0.13251953,0.29023438,0.43984375,0.063037108,0.04765625,0.8453125,0.24892578000000004,0.11435546600000002,0.059667967999999995,0.05751953,0.173828124,Mitochondrion,"Cytoplasm, Endoplasmic reticulum"
ENSP00000453034,0.128808594,0.552734376,0.8109375,0.033630372000000006,0.144042968,0.150878906,0.00272827,0.148046874,0.2265625,0.13876952999999997,0.056713866,"Cytoplasm, Nucleus",Golgi apparatus
ENSP00000263384,0.06206054800000001,0.342187502,0.8390625,0.038085938,0.0546875,0.044909666,0.00138588,0.044750978000000004,0.02717285,0.041235350000000004,0.001220702,Nucleus,Nucleus
ENSP00000501275,0.164257814,0.541796874,0.488671876,0.24570312200000002,0.106054688,0.16328125,0.022619629999999998,0.101953124,0.13886718999999997,0.222460936,0.094433594,Cytoplasm,"Cytoplasm, Nucleus"
ENSP00000471042,0.208984376,0.61484375,0.54609375,0.058642578,0.112304684,0.37695312400000003,0.034887696,0.15878906399999998,0.099511716,0.19628906200000001,0.238085936,"Cytoplasm, Nucleus",Nucleus
ENSP00000462912,0.273632812,0.68984375,0.400781252,0.047973634,0.34570312599999997,0.325195314,0.005102537999999999,0.10107421999999999,0.319921876,0.333203124,0.177734376,Cytoplasm,Cell membrane
ENSP00000428370,0.20097656000000003,0.4859375,0.616015626,0.041381836,0.11328125,0.21621093600000002,0.012597658000000001,0.24414062200000003,0.227929688,0.199609376,0.020709230000000002,"Cytoplasm, Nucleus",Nucleus
ENSP00000355831,0.159375002,0.49296875,0.45078125,0.530078126,0.090429686,0.36953124800000003,0.258105466,0.303320312,0.15849609199999998,0.2359375,0.370410158,Cytoplasm,"Cytoplasm, Nucleus"
ENSP00000344547,0.10400390600000001,0.404687502,0.91875,0.22595214800000002,0.160546876,0.11689453400000001,0.002036666,0.116455076,0.015896606,0.06635742200000001,0.000897982,Nucleus,"Cytoplasm, Nucleus"
ENSP00000505087,0.30546875,0.5125,0.544140626,0.139160154,0.248046876,0.33125,0.04592285,0.225976564,0.2484375,0.324609376,0.104052734,"Cytoplasm, Nucleus",Mitochondrion
ENSP00000503145,0.146191406,0.63984375,0.59921875,0.503125,0.154980466,0.513671876,0.03171386599999999,0.15166015400000002,0.210839842,0.273828126,0.24775390599999997,"Cytoplasm, Nucleus",Mitochondrion
ENSP00000502095,0.303515624,0.44726562599999997,0.402734374,0.347851564,0.18066406200000001,0.4015625,0.171875,0.37265625199999997,0.38828125,0.4171875,0.289648438,None,"Cytoplasm, Cell membrane, Endoplasmic reticulum"
ENSP00000500895,0.23671875,0.173828124,0.127148438,0.828125,0.25625000200000003,0.103125002,0.006838987999999999,0.308203126,0.32265625,0.32226562400000003,0.0170105,Extracellular,"Cytoplasm, Nucleus"
ENSP00000469135,0.220507812,0.179882814,0.09746093599999998,0.76484375,0.31445312599999997,0.052929687999999996,0.067871094,0.4328125,0.341210938,0.22558593600000001,0.013159177999999999,Extracellular,Cell membrane
ENSP00000464419,0.208593752,0.55625,0.56875,0.34199219,0.16669921999999998,0.397656248,0.022534178000000002,0.351171876,0.21777343799999999,0.217382812,0.341015624,"Cytoplasm, Nucleus",Cytoplasm
ENSP00000452417,0.2578125,0.226953124,0.28125,0.080615234,0.03654785,0.90234375,0.12758788999999998,0.14550781000000002,0.05263671999999999,0.110058594,0.296093752,Mitochondrion,Nucleus
ENSP00000502101,0.23320312799999998,0.63046875,0.342187502,0.08339843599999999,0.111083984,0.334960938,0.042285156,0.228125,0.248242188,0.291992188,0.271044922,Cytoplasm,Nucleus
ENSP00000478133,0.15292968999999998,0.70703125,0.57421875,0.121777344,0.210937498,0.291406252,0.031762694,0.071289062,0.150585938,0.20039062400000002,0.076220704,"Cytoplasm, Nucleus",Mitochondrion
ENSP00000464089,0.417578124,0.615625,0.53515625,0.097021484,0.24414062800000003,0.17871093600000001,0.010577392000000001,0.12138671599999999,0.34863280999999996,0.461328124,0.057089234,"Cytoplasm, Nucleus",Golgi apparatus
ENSP00000453629,0.266796876,0.7078125,0.320703126,0.009985352,0.4125,0.109277344,0.007751466,0.100585938,0.056567382,0.044458006,0.066333008,Cytoplasm,"Cytoplasm, Nucleus"
ENSP00000452439,0.145117186,0.74453125,0.4,0.222460938,0.149707032,0.22011719,0.16132812600000002,0.152929688,0.201171876,0.136230466,0.049999998000000004,Cytoplasm,"Cytoplasm, Nucleus"
ENSP00000421606,0.18261719,0.67109375,0.48828125,0.12392578000000001,0.16103515799999998,0.275585938,0.032165528000000006,0.14482421799999998,0.170410156,0.333007812,0.02306824,Cytoplasm,Nucleus
ENSP00000266964,0.32207031399999997,0.59375,0.258007812,0.047460935999999995,0.09003906199999999,0.27529296999999997,0.017798613999999997,0.143505858,0.503515626,0.19003906,0.08343505799999999,Cytoplasm,Cytoplasm
ENSP00000453470,0.187695312,0.525,0.5828125,0.056738281999999994,0.140820312,0.27597656400000004,0.004284666,0.151660156,0.191210938,0.118261718,0.353808594,"Cytoplasm, Nucleus",Nucleus
ENSP00000433139,0.140820314,0.628125,0.6546875,0.18623046999999998,0.135351562,0.12851562600000002,0.018968964,0.44121093800000005,0.07907715,0.0920166,0.0033447280000000004,"Cytoplasm, Nucleus","Cytoplasm, Nucleus, Endoplasmic reticulum"
ENSP00000430095,0.436718752,0.473046874,0.383203126,0.04897461000000001,0.13818359399999997,0.567187498,0.022265624,0.487890626,0.518750002,0.564453126,0.07626953,Cytoplasm,"Cytoplasm, Nucleus"
ENSP00000421676,0.17646484199999998,0.382812498,0.496484376,0.575390624,0.055395506000000004,0.56015625,0.03161621,0.191601564,0.06088867,0.18652343799999999,0.24138183600000002,None,Nucleus
ENSP00000406980,0.407031248,0.54921875,0.324999998,0.125683592,0.36484375,0.397265628,0.096142578,0.362890626,0.202539064,0.301367188,0.067602538,Cytoplasm,Cytoplasm
ENSP00000342895,0.355859376,0.177734374,0.14941406200000001,0.037304686,0.146484376,0.9515625,0.01196289,0.075585936,0.038281252,0.066015626,0.042871094,Mitochondrion,Mitochondrion
ENSP00000290079,0.83671875,0.107714842,0.092675782,0.042687987999999996,0.062646486,0.9375,0.46171875,0.256640624,0.30439453,0.202050782,0.217089846,"Membrane, Mitochondrion",Mitochondrion
ENSP00000480532,0.17832031399999998,0.533203124,0.515625,0.4076171860000001,0.113867188,0.472265626,0.026159665999999998,0.167578126,0.19648437400000002,0.25234375,0.11640625,Cytoplasm,Nucleus
ENSP00000467027,0.08344726400000001,0.407421876,0.821875,0.020190432,0.084960936,0.026232910000000005,0.006484983999999999,0.139453124,0.033251951999999994,0.08935546999999999,0.004333496000000001,Nucleus,Nucleus
ENSP00000462899,0.3640625,0.19843749800000002,0.19785156399999998,0.052075196000000004,0.13583984600000001,0.9609375,0.022949217999999997,0.076367188,0.07915038999999999,0.08847656200000001,0.20449219000000002,Mitochondrion,Cytoplasm
ENSP00000454124,0.21210937400000002,0.56328125,0.515625,0.28183594,0.17861328199999998,0.290625,0.032800291999999995,0.282421874,0.35390624800000003,0.277734374,0.24375,Cytoplasm,Nucleus
ENSP00000435017,0.7265625,0.132714846,0.203320312,0.03471679600000001,0.037670895999999995,0.92421875,0.183984374,0.351953124,0.19589844,0.080737306,0.087231446,"Membrane, Mitochondrion",Mitochondrion
ENSP00000433148,0.77890625,0.109570312,0.149902344,0.10595703000000001,0.655859376,0.140429688,0.018103026,0.36953125,0.544140626,0.247851562,0.010461427999999998,"Membrane, Cell membrane",Cell membrane
ENSP00000421209,0.18515625,0.5171875,0.559375,0.225488282,0.125195312,0.442578126,0.04309082,0.26953125,0.230273438,0.28242187799999996,0.093090822,"Cytoplasm, Nucleus",Cytoplasm
ENSP00000404242,0.4921875,0.34609374800000003,0.327343748,0.541796874,0.369531252,0.23203124800000002,0.10701904200000001,0.5039062519999999,0.2328125,0.231054686,0.04375,Membrane,Cytoplasm
ENSP00000386519,0.10556640800000001,0.397656252,0.91796875,0.20668945400000002,0.156347656,0.114843752,0.0018573759999999998,0.12211913999999999,0.015740968,0.067456056,0.001005552,Nucleus,"Cytoplasm, Nucleus"
ENSP00000362011,0.12861328,0.56640625,0.61484375,0.26757812599999997,0.11689453000000001,0.300585936,0.012249756,0.121777344,0.153124998,0.101171876,0.12014160199999999,"Cytoplasm, Nucleus",Nucleus
ENSP00000453826,0.28320312599999997,0.407421874,0.530859374,0.12475585800000003,0.194921874,0.4375,0.033886716,0.311328126,0.301367186,0.252929688,0.280078126,Nucleus,Nucleus
ENSP00000437094,0.303515624,0.75546875,0.34609374600000004,0.032617186,0.163281252,0.22109375,0.0035316460000000003,0.14628906000000003,0.451953126,0.462109376,0.022900390000000003,Cytoplasm,"Cytoplasm, Nucleus, Cell membrane"
ENSP00000422708,0.136816404,0.76015625,0.36484375,0.007574462,0.127978516,0.37607422,0.0031188960000000003,0.335839842,0.133007814,0.064978026,0.18457031000000002,Cytoplasm,Cytoplasm
ENSP00000388120,0.10644531399999999,0.395703124,0.9109375,0.011087037999999999,0.068603518,0.059936524000000005,0.004307176,0.091455078,0.096923826,0.045776368,0.0017913819999999998,Nucleus,Nucleus
ENSP00000379634,0.08334960999999999,0.37617187799999996,0.871875,0.02404785,0.09804687599999999,0.093066404,0.0058593740000000005,0.033398438,0.036621092,0.018832396,0.005480192,Nucleus,Nucleus
ENSP00000504953,0.26738281399999997,0.416796876,0.5765625,0.25078125,0.128417968,0.169140626,0.06591797,0.225976562,0.290039064,0.346875,0.02315674,Nucleus,Nucleus
ENSP00000489835,0.111230468,0.62734375,0.64375,0.040991212,0.080175782,0.23730468999999998,0.028088379999999996,0.20996093600000001,0.16225585999999997,0.248046876,0.08532714599999999,"Cytoplasm, Nucleus","Cytoplasm, Nucleus"
ENSP00000483888,0.50546875,0.27148437400000003,0.240039062,0.113867188,0.06904297,0.8453125,0.140625,0.442187498,0.255664062,0.30625,0.106347656,"Membrane, Mitochondrion",Mitochondrion
ENSP00000456106,0.11406249799999998,0.45117187599999997,0.80859375,0.03708496,0.098046874,0.159277344,0.0076660140000000005,0.137402344,0.08298339800000001,0.090820312,0.015856935999999995,Nucleus,Nucleus
ENSP00000432533,0.12421875,0.49296875,0.6796875,0.127783204,0.10117187399999998,0.282617186,0.027856446,0.226562502,0.07402343600000001,0.11538086,0.033947754000000004,"Cytoplasm, Nucleus",Nucleus
ENSP00000423727,0.19140625,0.158203124,0.101660156,0.84453125,0.131640622,0.10810547200000001,0.049975584,0.2984375,0.292187502,0.216015626,0.022180176,Extracellular,"Endoplasmic reticulum, Golgi apparatus"
ENSP00000393552,0.05659179600000001,0.296875,0.92890625,0.027148437999999997,0.10117187400000001,0.070019532,0.005431366,0.07626953,0.11606445400000001,0.037207027999999996,0.009460449999999999,Nucleus,Nucleus
ENSP00000389559,0.154199218,0.523046874,0.73828125,0.018927002,0.175976564,0.04206543200000001,0.02206421,0.23818359399999997,0.127978514,0.090625,0.041772458,"Cytoplasm, Nucleus",Nucleus
ENSP00000464232,0.164648436,0.58203125,0.65625,0.056665038,0.053466797999999996,0.15048828,0.017797849999999997,0.16083984399999998,0.08581543200000001,0.20019531200000001,0.024424744,"Cytoplasm, Nucleus",Nucleus
ENSP00000450740,0.17294922,0.337499998,0.63203125,0.232226564,0.10009765600000001,0.13046875,0.256933594,0.304101564,0.10620117,0.09223633,0.194726564,Nucleus,"Cytoplasm, Nucleus"
ENSP00000323414,0.271875,0.5296875,0.489453124,0.219335938,0.24023437800000003,0.385937502,0.07092285000000001,0.352734374,0.44375,0.412890626,0.169433594,Cytoplasm,Cell membrane
ENSP00000503038,0.329296874,0.452734374,0.38203125,0.3921875,0.128417968,0.60234375,0.090527344,0.277539062,0.237695312,0.295507814,0.22001953400000002,None,Cytoplasm
ENSP00000486916,0.27812500399999995,0.526953126,0.43515625,0.099609374,0.250390624,0.473828126,0.00984497,0.286132812,0.51015625,0.21894531,0.273730468,Cytoplasm,Nucleus
ENSP00000462962,0.167773438,0.437499998,0.44335937400000003,0.567968752,0.049487305999999995,0.5578125,0.09528808799999999,0.284960936,0.152368166,0.21865234400000003,0.233312988,None,Cytoplasm
ENSP00000456998,0.190625,0.5765625,0.55703125,0.197265624,0.234765624,0.501953126,0.008169556,0.29550781400000004,0.20849609600000002,0.242773438,0.237695312,"Cytoplasm, Nucleus",Nucleus
ENSP00000422701,0.1828125,0.5375,0.566796876,0.164746094,0.119238278,0.24082031399999998,0.027801512,0.194042968,0.14609375,0.214453124,0.01759033,"Cytoplasm, Nucleus","Cytoplasm, Nucleus"
ENSP00000416133,0.128320312,0.6296875,0.65078125,0.105273438,0.075732422,0.132324216,0.039184571999999994,0.16152343600000002,0.16669921799999998,0.1953125,0.035510254,"Cytoplasm, Nucleus",Nucleus
ENSP00000410223,0.91328125,0.09023437599999999,0.130175778,0.08447265600000001,0.78203125,0.17314453200000002,0.058984374000000006,0.6921875,0.63125,0.25595703,0.009240722,"Membrane, Cell membrane, Endoplasmic reticulum, Lysosome/Vacuole",Nucleus
ENSP00000461696,0.154492188,0.54765625,0.58125,0.13115234599999998,0.20800781200000001,0.12246093799999999,0.025610352000000003,0.097753908,0.22089843999999997,0.326367188,0.09997558599999999,"Cytoplasm, Nucleus",Nucleus
ENSP00000429766,0.35351562599999997,0.5734375,0.4453125,0.131054684,0.384570312,0.23408203,0.022375486,0.067285156,0.40996093800000005,0.331933594,0.008740234,Cytoplasm,Cytoplasm
ENSP00000339093,0.60546875,0.42109375,0.33789062400000003,0.190917968,0.303320314,0.393359376,0.03223877000000001,0.459375,0.327148436,0.384375,0.191796874,Membrane,Golgi apparatus
ENSP00000471563,0.509765626,0.6359375,0.419140624,0.08935546999999999,0.473828126,0.40234375,0.002896118,0.0828125,0.43554687599999997,0.275976562,0.007446288,"Membrane, Cytoplasm","Cytoplasm, Nucleus"
ENSP00000470109,0.128125,0.53984375,0.56484375,0.64921875,0.10527343599999998,0.247851562,0.06094970400000001,0.143164064,0.10113525400000001,0.065332032,0.20791015599999998,"Cytoplasm, Nucleus, Extracellular",Mitochondrion
ENSP00000464792,0.134277342,0.409765628,0.609375,0.131054686,0.081933594,0.73984375,0.260058594,0.0890625,0.17871093799999999,0.09531249800000001,0.074267576,"Nucleus, Mitochondrion",Nucleus
ENSP00000453633,0.36328125,0.39257812400000003,0.60546875,0.07915039,0.191796876,0.19394531,0.043322754000000005,0.1265625,0.19716796799999997,0.18544922,0.002218056,Nucleus,"Cytoplasm, Cell membrane"
ENSP00000451510,0.212890626,0.489453124,0.492187498,0.321484376,0.134472656,0.317968748,0.08876952800000001,0.16542969,0.233203124,0.308984374,0.08076172,Cytoplasm,Cytoplasm
ENSP00000434474,0.261718748,0.57734375,0.385937498,0.3078125,0.254101562,0.514453126,0.03498535,0.268164064,0.300195314,0.421484374,0.154394534,Cytoplasm,Nucleus
ENSP00000423901,0.098828126,0.43554687599999997,0.653125,0.060986328,0.03676758000000001,0.316992186,0.018959046,0.19999999799999998,0.11621093600000001,0.100097658,0.037643434,Nucleus,Nucleus
ENSP00000404012,0.25078125,0.460546874,0.512890626,0.323437498,0.22851562799999997,0.57421875,0.027020264,0.23652344000000003,0.38554687200000004,0.372265626,0.194921876,None,"Cytoplasm, Nucleus"
ENSP00000401872,0.14794922,0.61796875,0.6578125,0.41992187400000003,0.187500002,0.266406252,0.005632018,0.12133788999999999,0.107788086,0.188964844,0.133544922,"Cytoplasm, Nucleus",Cytoplasm
ENSP00000498848,0.22421874800000002,0.426953122,0.4171875,0.523046876,0.09345703,0.398437498,0.12797851799999999,0.253124998,0.109277344,0.23339843600000001,0.2203125,None,Nucleus
ENSP00000498788,0.107714842,0.64296875,0.61953125,0.024645996000000003,0.071630858,0.151757812,0.009759519999999999,0.073510742,0.19208984199999998,0.174121094,0.161206056,"Cytoplasm, Nucleus","Cytoplasm, Nucleus"
ENSP00000489370,0.324609376,0.489453126,0.448828126,0.36640625,0.176757814,0.4953125,0.097631836,0.33945312399999994,0.348828126,0.3734375,0.20800781399999999,Cytoplasm,Cytoplasm
ENSP00000431095,0.131933596,0.500390626,0.53125,0.336328128,0.07465820199999999,0.232421874,0.133691404,0.158789062,0.150390626,0.132617186,0.144287112,"Cytoplasm, Nucleus",Nucleus
ENSP00000402322,0.42890625,0.5453125,0.43945312200000003,0.07675781200000001,0.21777343799999999,0.15410156000000003,0.026712036,0.150683592,0.249414062,0.364843748,0.04877929600000001,Cytoplasm,"Cytoplasm, Cell membrane"
ENSP00000392615,0.170312498,0.56015625,0.78203125,0.10761719,0.154296874,0.09218749999999998,0.0033824940000000006,0.114648436,0.065625,0.052050782000000004,0.004451749999999999,"Cytoplasm, Nucleus",Nucleus
ENSP00000370125,0.13935546999999998,0.33515625,0.85703125,0.356445312,0.280859376,0.19033203,0.031774902,0.030700682,0.009704589999999999,0.04716797,0.009210204,Nucleus,Nucleus
ENSP00000448545,0.421875002,0.237890626,0.202343752,0.023376464,0.114892576,0.88515625,0.046923825999999995,0.22109375199999998,0.070312498,0.05810546800000001,0.06027832200000001,Mitochondrion,Mitochondrion
ENSP00000429976,0.113574218,0.62890625,0.47890625,0.605859376,0.09360351600000001,0.42382812599999997,0.048303224000000006,0.134863282,0.141015626,0.081762694,0.397070314,Cytoplasm,Mitochondrion
ENSP00000429873,0.140039064,0.418749998,0.29921874800000003,0.530078126,0.094238278,0.284960938,0.057641604,0.147949218,0.360546876,0.17304687400000002,0.044458008,None,Mitochondrion
ENSP00000424181,0.11064453199999999,0.54921875,0.76953125,0.027807613999999998,0.097021486,0.197851562,0.196484376,0.202734376,0.121289062,0.09060058600000001,0.160253908,"Cytoplasm, Nucleus",Nucleus
ENSP00000423066,0.18242187599999998,0.52421875,0.576953124,0.15771484399999997,0.172460938,0.23906250199999998,0.018078612,0.07988281000000001,0.188378904,0.028186035999999998,0.05231933800000001,"Cytoplasm, Nucleus",Cytoplasm
ENSP00000421897,0.386523436,0.7140625,0.32265625,0.22241211,0.14550781399999999,0.150488282,0.0033632280000000002,0.19716797200000002,0.547265626,0.65,0.010849000000000001,Cytoplasm,"Cytoplasm, Cell membrane"
ENSP00000395719,0.305859376,0.540625,0.380468748,0.113525392,0.147558594,0.319140624,0.002873994,0.142089842,0.495703124,0.334570314,0.006256106,Cytoplasm,Nucleus
ENSP00000502954,0.4046875,0.15917968600000001,0.104394528,0.036511232,0.163671876,0.9515625,0.090527344,0.081347656,0.062402342,0.07167968799999999,0.057617188,Mitochondrion,Mitochondrion
ENSP00000489587,0.19140625,0.196093752,0.231054686,0.7640625,0.17792968599999998,0.339453124,0.20493164,0.18828125,0.072802736,0.14755859200000002,0.01866455,Extracellular,Nucleus
ENSP00000457536,0.390625,0.74765625,0.30234375,0.212695314,0.33125,0.234179686,0.01119385,0.15761718600000002,0.263085938,0.227148436,0.080004884,Cytoplasm,"Cytoplasm, Cell membrane"
ENSP00000431233,0.242578124,0.385156252,0.27968750000000003,0.63046875,0.10576172000000002,0.604687498,0.165527346,0.40566406199999994,0.219335938,0.317773438,0.11791992,None,Endoplasmic reticulum
ENSP00000426165,0.134375,0.6140625,0.583203124,0.267382812,0.152148436,0.29902343600000003,0.023291016,0.183007814,0.17792968999999997,0.347265624,0.08693847400000002,"Cytoplasm, Nucleus",Cytoplasm
ENSP00000421839,0.268164062,0.49453125,0.38515624800000003,0.363281252,0.18408203,0.323046874,0.023577882,0.379687502,0.348046872,0.393750002,0.1890625,Cytoplasm,"Cytoplasm, Nucleus"
ENSP00000409990,0.169238284,0.71875,0.359374998,0.129492186,0.155566408,0.31875,0.198925782,0.234179686,0.074414062,0.079638672,0.303710938,Cytoplasm,"Cytoplasm, Nucleus"
ENSP00000392767,0.339453128,0.64609375,0.344335936,0.189453124,0.387890624,0.12470703000000001,0.019097902000000003,0.172265624,0.33203125,0.19482421600000002,0.065197754,Cytoplasm,Cytoplasm
ENSP00000372656,0.18378906,0.51796875,0.416406252,0.434375,0.05820312400000001,0.43554687799999997,0.266796874,0.402343748,0.24355469000000002,0.438281252,0.257812498,Cytoplasm,Cell membrane
ENSP00000350398,0.188867188,0.6125,0.534375,0.34218750200000003,0.13964843600000001,0.273632814,0.068774414,0.17285156399999999,0.23828125,0.2671875,0.142675782,"Cytoplasm, Nucleus",Mitochondrion
ENSP00000506567,0.236914062,0.5625,0.299609378,0.36875000199999997,0.210546874,0.327343748,0.26718749799999997,0.17285156200000001,0.10932617200000001,0.24902343600000001,0.057568360000000006,Cytoplasm,"Cytoplasm, Nucleus"
ENSP00000505535,0.4546875,0.67421875,0.40234375,0.045861816,0.276562502,0.312304688,0.0025161740000000004,0.23515625,0.38046875199999997,0.349414062,0.0069335939999999995,"Membrane, Cytoplasm",Cytoplasm
ENSP00000482941,0.356640624,0.628125,0.26074219,0.13515625,0.305468752,0.49023437599999997,0.12941894599999998,0.226953126,0.145214844,0.26113281,0.038061524,Cytoplasm,Mitochondrion
ENSP00000242152,0.233984376,0.107128906,0.076953124,0.85234375,0.191015624,0.038793944000000004,0.008488464,0.331249998,0.17285156399999999,0.311718748,0.011950684,Extracellular,Golgi apparatus
ENSP00000476323,0.5453125,0.15722656200000001,0.158984374,0.025659180000000004,0.148925782,0.96328125,0.016784668,0.117578124,0.073144532,0.108007814,0.09624023400000001,"Membrane, Mitochondrion",Mitochondrion
ENSP00000475468,0.250390626,0.4453125,0.433593748,0.167773438,0.13046875,0.4859375,0.129101562,0.275585938,0.202539064,0.280664064,0.110253906,None,Nucleus
ENSP00000463707,0.22421875,0.59296875,0.51875,0.385546874,0.155078122,0.43164062400000003,0.266210938,0.275976562,0.238476562,0.297851564,0.045434568,Cytoplasm,Cell membrane
ENSP00000453788,0.219531248,0.4859375,0.485156252,0.44765625,0.111328124,0.487499998,0.130517578,0.255273438,0.248632812,0.354882814,0.069067382,Cytoplasm,"Cytoplasm, Nucleus"
ENSP00000438281,0.206445312,0.66875,0.277539062,0.142578126,0.207226562,0.25761719,0.004599,0.079296874,0.215527346,0.40234375,0.007119749999999999,Cytoplasm,Cytoplasm
ENSP00000436308,0.05859375,0.259374998,0.9265625,0.028662108,0.104394532,0.094628906,0.005799868,0.07519531000000002,0.1140625,0.039941406,0.006828306000000001,Nucleus,Nucleus
ENSP00000434262,0.273046874,0.509765624,0.350000002,0.14111328,0.189941406,0.491796876,0.08051758,0.16679687599999998,0.134082032,0.169042966,0.010510254,Cytoplasm,Mitochondrion
ENSP00000432792,0.7828125,0.136425782,0.118945312,0.05482177799999999,0.161328126,0.90234375,0.263085938,0.49941406200000005,0.260644534,0.162695312,0.07592773400000001,"Membrane, Mitochondrion",Mitochondrion
ENSP00000408717,0.22753906200000001,0.56015625,0.505859376,0.16127929600000002,0.09843749799999998,0.21513672,0.010379027999999998,0.150097656,0.17070312599999998,0.180468748,0.10690918,Cytoplasm,Nucleus
ENSP00000453224,0.12861328,0.58671875,0.5117187519999999,0.63125,0.11328125,0.3859375,0.121435548,0.08139648399999999,0.085058594,0.245898436,0.023046874000000002,Cytoplasm,Endoplasmic reticulum
ENSP00000443808,0.23144531200000001,0.4546875,0.406250002,0.276757814,0.12734375,0.61875,0.171875,0.277734376,0.201464846,0.311328126,0.11201171800000001,None,"Nucleus, Golgi apparatus"
ENSP00000431481,0.3203125,0.68046875,0.417578124,0.147875976,0.374218748,0.09365234200000001,0.008990478,0.137890624,0.505859374,0.160351562,0.008593752,Cytoplasm,Nucleus
ENSP00000399672,0.11660156399999999,0.50234375,0.6921875,0.071044924,0.095898438,0.193164062,0.0184021,0.135839844,0.17675781200000001,0.164453124,0.015576172,"Cytoplasm, Nucleus",Nucleus
ENSP00000399490,0.42382812400000003,0.171289062,0.14150390599999998,0.422656252,0.41992187599999997,0.117578124,0.019372556,0.494921876,0.24443359400000003,0.363476562,0.033874510000000004,None,Cell membrane
ENSP00000389994,0.144140626,0.63828125,0.459375002,0.584375,0.11425781000000002,0.16308593799999999,0.147631834,0.099609374,0.111132812,0.24306640399999999,0.039111328,Cytoplasm,Cell membrane
ENSP00000502992,0.268945314,0.20390625,0.17421875,0.039477538,0.077783206,0.91015625,0.29863281399999997,0.066503906,0.032141112000000006,0.052539062000000004,0.049975586,Mitochondrion,Mitochondrion
ENSP00000464939,0.07148437599999999,0.36914062599999997,0.84140625,0.017758176,0.053857422,0.034851073999999996,0.0034652719999999997,0.09101562599999999,0.022375488,0.052465818,0.002066038,Nucleus,Nucleus
ENSP00000458914,0.226757814,0.521875,0.565234374,0.320507812,0.175488282,0.5140625,0.043933102,0.146289062,0.33671875,0.248046874,0.15751953200000002,"Cytoplasm, Nucleus",Mitochondrion
ENSP00000434280,0.394921876,0.309765626,0.49375,0.13623047,0.164746092,0.456640624,0.040942382,0.18632812599999998,0.1546875,0.057666018,0.067626952,None,Mitochondrion
ENSP00000501350,0.23144531399999999,0.59765625,0.47460937400000003,0.29472656399999997,0.186328124,0.21210937400000002,0.033947754,0.11874999800000001,0.211132812,0.22851562200000003,0.038647462,Cytoplasm,Nucleus
ENSP00000471320,0.149218748,0.42382812400000003,0.4109375,0.578125,0.11328125,0.37343749800000003,0.123388672,0.203808594,0.15742187400000002,0.250195312,0.127001952,None,Cytoplasm
ENSP00000466948,0.287695314,0.44570311999999995,0.521484374,0.150097656,0.07680664000000001,0.49023437599999997,0.06494140400000001,0.2,0.15,0.19511719,0.049731444,None,Cytoplasm
ENSP00000462705,0.210546876,0.68046875,0.444921878,0.061743163999999996,0.27617187800000004,0.219335938,0.003016662,0.17558594,0.21074218800000005,0.220312502,0.10595703199999999,Cytoplasm,"Cytoplasm, Nucleus"
ENSP00000437284,0.90234375,0.09638671800000001,0.172851564,0.06418457,0.58671875,0.1921875,0.050683592,0.58125,0.591796874,0.487500002,0.013806151999999999,"Membrane, Cell membrane, Lysosome/Vacuole","Endoplasmic reticulum, Golgi apparatus"
ENSP00000437200,0.175585938,0.367578126,0.7109375,0.320507812,0.119091796,0.11923828,0.058813474,0.128125,0.108398438,0.264453126,0.004477692,Nucleus,Cytoplasm
ENSP00000421278,0.17109375200000002,0.528125,0.64296875,0.05664062599999999,0.12382812400000001,0.2171875,0.06398925800000001,0.20439453199999996,0.38046875,0.24218750200000003,0.12070312400000001,"Cytoplasm, Nucleus",Nucleus
ENSP00000404471,0.27421875,0.277343748,0.214648436,0.58203125,0.2859375,0.23828125,0.01416626,0.30312499800000003,0.24453125,0.321875,0.12187500200000001,None,Cell membrane
ENSP00000246551,0.81640625,0.179492188,0.10859374799999999,0.466015622,0.8046875,0.11962890600000001,0.0065765380000000016,0.285156254,0.577734376,0.22617187800000002,0.063830566,"Membrane, Cell membrane, Lysosome/Vacuole",Cell membrane
ENSP00000450530,0.213671874,0.445703128,0.55,0.317578124,0.15546875,0.305468748,0.08127441399999999,0.178906252,0.212695312,0.25234375,0.079052732,Nucleus,Cytoplasm
ENSP00000445750,0.166015624,0.550390626,0.446093752,0.378515624,0.156152342,0.288281248,0.209863282,0.238867186,0.12553711,0.175,0.18505859400000002,Cytoplasm,Cytoplasm
ENSP00000441344,0.155078124,0.48984375,0.488281252,0.19638671800000002,0.075,0.39296874800000003,0.117871094,0.286132814,0.176464842,0.184375,0.09028320199999999,Cytoplasm,Mitochondrion
ENSP00000436643,0.9234375,0.10546875,0.333593748,0.03945312599999999,0.208398438,0.378125,0.008764648000000002,0.61171875,0.409179686,0.371093748,0.134472656,Membrane,Golgi apparatus
ENSP00000431952,0.15908203,0.5,0.38203125,0.70546875,0.12861328,0.24091796799999998,0.20517577999999997,0.125048826,0.082250976,0.17871093600000001,0.147558594,"Cytoplasm, Extracellular","Cytoplasm, Nucleus"
ENSP00000404200,0.78984375,0.19433593799999999,0.071484374,0.019140626,0.156640624,0.94453125,0.09042968800000001,0.196484376,0.265820312,0.13374023399999999,0.539453126,"Membrane, Mitochondrion",Peroxisome
ENSP00000392945,0.275,0.142578128,0.160937502,0.102539062,0.092675782,0.90625,0.065136718,0.103515626,0.10693359399999999,0.134667968,0.047143552,Mitochondrion,Mitochondrion
ENSP00000477770,0.171679688,0.596875,0.57890625,0.50625,0.14345703199999998,0.54609375,0.066394044,0.169335938,0.219531248,0.272851562,0.071166994,"Cytoplasm, Nucleus",Nucleus
ENSP00000457999,0.12724609400000003,0.584375,0.53203125,0.197851562,0.11728515399999999,0.32050781,0.097558594,0.10205078000000001,0.074560548,0.25195312400000003,0.012396241999999998,"Cytoplasm, Nucleus",Nucleus
ENSP00000454415,0.241796874,0.141308594,0.1546875,0.032543942,0.07109375200000001,0.92890625,0.11347656400000002,0.052587892000000004,0.040893554,0.05776367,0.10771484199999999,Mitochondrion,Mitochondrion
ENSP00000446893,0.18867187400000002,0.6171875,0.523828126,0.266992186,0.161718748,0.4203125,0.027526856,0.099902344,0.191992188,0.13837891,0.099560546,Cytoplasm,"Cytoplasm, Cell membrane"
ENSP00000444859,0.199414062,0.5328125,0.57734375,0.519921874,0.147070312,0.356250002,0.042095946,0.095263672,0.118554686,0.156347654,0.1046875,"Cytoplasm, Nucleus",Cell membrane
ENSP00000437258,0.403124998,0.48359375,0.45156249800000003,0.10112304800000001,0.300390624,0.243359376,0.04511718800000001,0.309375002,0.275781252,0.29843750199999997,0.18408202999999998,Cytoplasm,"Endoplasmic reticulum, Golgi apparatus"
ENSP00000428555,0.234960938,0.67421875,0.5671875,0.294335936,0.087744142,0.21044922000000002,0.062854006,0.051342774,0.10749511599999999,0.18876953000000002,0.004908752,"Cytoplasm, Nucleus",Cell membrane
ENSP00000423846,0.30917969,0.7078125,0.278125002,0.09536133,0.227734378,0.176171876,0.035943604,0.17939453200000002,0.2578125,0.54609375,0.08701172,Cytoplasm,"Cytoplasm, Cell membrane, Endoplasmic reticulum"
ENSP00000406830,0.27089843999999996,0.4875,0.575,0.3609375,0.20019531200000001,0.41210937400000003,0.044531247999999996,0.131933594,0.127441406,0.224804688,0.066503908,"Cytoplasm, Nucleus",Nucleus
ENSP00000317413,0.15917968600000001,0.57734375,0.5359375,0.295117188,0.065234376,0.26308594,0.04730224400000001,0.11718750200000001,0.20214843799999999,0.20996093799999999,0.44335937599999997,"Cytoplasm, Nucleus",Nucleus
ENSP00000496807,0.37109375,0.487890626,0.3609375,0.18203125,0.35390625,0.299218752,0.007373048,0.17695312400000002,0.315039064,0.3734375,0.051953125999999995,Cytoplasm,Cell membrane
ENSP00000473656,0.402734374,0.379296874,0.18867187400000002,0.67265625,0.319726562,0.220898438,0.012504577999999999,0.1859375,0.084863282,0.07963867399999999,0.01220093,Extracellular,Nucleus
ENSP00000415158,0.82421875,0.111328122,0.11083984200000001,0.08637695599999999,0.47109374800000003,0.07841797000000002,0.007208252,0.296484376,0.55390625,0.234570314,0.10546875,Membrane,Cell membrane
ENSP00000395964,0.220117188,0.553125,0.64375,0.551953126,0.26367187599999997,0.23730468999999998,0.011059572,0.182128906,0.13359375,0.14643554399999997,0.5725097659999999,"Cytoplasm, Nucleus",Mitochondrion
ENSP00000363886,0.300976562,0.512890626,0.58515625,0.34550781399999997,0.087792968,0.1609375,0.00566826,0.198632814,0.47558593800000004,0.46328125,0.071362304,"Cytoplasm, Nucleus",Nucleus
ENSP00000357917,0.099414062,0.6359375,0.46796875,0.04692383,0.061669924,0.1828125,0.05163574,0.111523438,0.138476564,0.101660156,0.37695312799999997,Cytoplasm,"Cytoplasm, Nucleus"
ENSP00000493433,0.224804688,0.54765625,0.30390625200000004,0.23300781399999998,0.295312502,0.4375,0.062353514,0.059765624,0.198339842,0.141625974,0.011523436000000001,Cytoplasm,"Cytoplasm, Cell membrane"
ENSP00000484031,0.2125,0.51015625,0.391796876,0.442578126,0.190820312,0.30273437599999997,0.06423339800000001,0.209570312,0.296875002,0.17314453200000002,0.375390626,Cytoplasm,Nucleus
ENSP00000466596,0.171679686,0.511328124,0.430859374,0.13652344,0.074414064,0.47812500199999997,0.08635253600000001,0.183789062,0.166210938,0.222460938,0.058837892,Cytoplasm,Nucleus
ENSP00000464319,0.121289062,0.38046875199999997,0.64921875,0.38828125199999997,0.033813473999999996,0.4734375,0.098632812,0.21738281399999998,0.15234375,0.147558594,0.059252932,Nucleus,"Cytoplasm, Nucleus"
ENSP00000454914,0.160351562,0.4359375,0.308984376,0.562109376,0.10478515799999999,0.537109374,0.114624024,0.436132812,0.21311035399999997,0.318554688,0.175854494,None,Cytoplasm
ENSP00000453285,0.0921875,0.372265624,0.48476562800000006,0.16699218799999999,0.031616212,0.53828125,0.27568359200000003,0.099316408,0.046191408,0.054833986,0.025390624,None,"Cytoplasm, Endoplasmic reticulum"
ENSP00000432841,0.45117187400000003,0.36914062400000003,0.426953124,0.264257814,0.20058593600000002,0.558203126,0.080200194,0.627734376,0.381445314,0.41601562400000003,0.40800781199999997,None,Golgi apparatus
ENSP00000422500,0.045239258,0.351953124,0.9453125,0.097900388,0.044458008,0.119824216,0.006404114000000001,0.06020507999999999,0.022070314,0.017565918,0.01589966,Nucleus,Nucleus
ENSP00000416332,0.22558593799999999,0.50703125,0.47812500199999997,0.14423828,0.082128906,0.4359375,0.073901366,0.374609374,0.226757814,0.2703125,0.087792968,Cytoplasm,Cell membrane
ENSP00000387490,0.07373046800000001,0.45156249800000003,0.625,0.192773438,0.062207031999999995,0.041992188,0.001430512,0.048339842,0.054589844,0.22880859400000003,0.004937742,Nucleus,Nucleus
ENSP00000495146,0.228906248,0.490625,0.32187500199999997,0.16093749799999998,0.205078126,0.2734375,0.151025388,0.18085937800000002,0.089990234,0.17285156200000001,0.025268555999999998,Cytoplasm,Cytoplasm
ENSP00000473892,0.22187499800000002,0.49023437400000003,0.5328125,0.254882812,0.147167968,0.429296876,0.156347656,0.24374999800000002,0.3515625,0.378906252,0.09677734600000001,"Cytoplasm, Nucleus",Mitochondrion
ENSP00000471874,0.206250002,0.540625,0.59921875,0.20429687400000002,0.141503906,0.268945314,0.016662598,0.174218748,0.17050781399999998,0.190722656,0.066210936,"Cytoplasm, Nucleus","Cytoplasm, Endoplasmic reticulum"
ENSP00000447669,0.217382812,0.55703125,0.479296876,0.34765625,0.10278320199999999,0.31835937599999997,0.09445800599999998,0.30214843999999996,0.21386718600000001,0.3078125,0.10249023399999999,Cytoplasm,Cytoplasm
ENSP00000436328,0.23554687400000002,0.231054686,0.161914062,0.746875,0.17695312400000002,0.20703125,0.023083496000000002,0.422265626,0.281054688,0.34609375,0.078466798,Extracellular,"Cytoplasm, Cell membrane"
ENSP00000436205,0.88671875,0.142089844,0.206445312,0.06801758,0.171972658,0.336132812,0.007318116000000001,0.481250002,0.514062498,0.58984375,0.189160156,Membrane,Golgi apparatus
ENSP00000432739,0.7171875,0.23964844000000002,0.18222656399999998,0.09804687399999998,0.17314453,0.7265625,0.110839842,0.59296875,0.22236328199999997,0.22929687599999998,0.08759765400000001,"Membrane, Mitochondrion",Mitochondrion
ENSP00000423761,0.1859375,0.709375,0.500781248,0.09160156400000001,0.220507814,0.215039062,0.04724121,0.145117188,0.13720703,0.292968752,0.010189819999999999,Cytoplasm,Nucleus
ENSP00000384450,0.146874998,0.512109376,0.646875,0.334374998,0.214648436,0.548046876,0.0022148099999999998,0.14345702999999999,0.24267577999999998,0.104589844,0.595019532,"Cytoplasm, Nucleus",Cytoplasm
ENSP00000496153,0.18457031200000001,0.5078125,0.496875,0.53671875,0.097265628,0.428125,0.12446289000000002,0.185351562,0.131152342,0.176367188,0.026123048000000003,Cytoplasm,Nucleus
ENSP00000475329,0.144335936,0.61015625,0.57421875,0.333789062,0.15341796800000002,0.19785156399999998,0.101489258,0.11347656000000002,0.095458982,0.18144531400000002,0.021911622,"Cytoplasm, Nucleus",Nucleus
ENSP00000458264,0.160351564,0.53671875,0.61640625,0.046069333999999997,0.152734374,0.22519531399999998,0.018218994,0.08720703199999999,0.07324218999999998,0.083984374,0.007293702000000001,"Cytoplasm, Nucleus",Nucleus
ENSP00000417786,0.234179686,0.43945312599999997,0.5234375,0.29882812599999997,0.10102539199999998,0.330859374,0.18378906199999998,0.385546874,0.359375,0.27167968600000003,0.530468752,None,Nucleus
ENSP00000400596,0.134863282,0.348828126,0.37343749800000003,0.17421875,0.046484374,0.6703125,0.25400390799999994,0.105273438,0.049877929999999994,0.088085938,0.136035156,Mitochondrion,"Cytoplasm, Endoplasmic reticulum"
ENSP00000388413,0.239648438,0.28671875,0.200976564,0.05180664,0.064746094,0.87890625,0.273828124,0.087597658,0.025317382,0.068457028,0.088183592,Mitochondrion,Mitochondrion
ENSP00000368383,0.20839844,0.58984375,0.51171875,0.19921875,0.23984375,0.30234375,0.021972656,0.16689453,0.191015626,0.12031250199999999,0.11728515799999999,Cytoplasm,Cytoplasm
ENSP00000279259,0.193164064,0.6125,0.65390625,0.18124999800000002,0.130175782,0.136816406,0.012205503999999999,0.390820312,0.424609376,0.253710938,0.01203003,"Cytoplasm, Nucleus","Cytoplasm, Nucleus, Endoplasmic reticulum"
ENSP00000481472,0.41484375399999995,0.506640626,0.258789062,0.54375,0.19824218799999999,0.41992187599999997,0.124584962,0.262695312,0.17851562599999998,0.21513672,0.11040038999999999,Cytoplasm,Mitochondrion
ENSP00000477292,0.553125,0.16171875200000002,0.156249998,0.03178711,0.14042969,0.959375,0.02319336,0.139257812,0.082617188,0.116113282,0.11396484200000001,"Membrane, Mitochondrion",Mitochondrion
ENSP00000468125,0.268359374,0.21523437799999998,0.257617186,0.107226562,0.10751953,0.95859375,0.022888184,0.10527343600000001,0.072314456,0.15859375,0.468359376,Mitochondrion,Mitochondrion
ENSP00000426046,0.356054686,0.476171874,0.434765626,0.07729492200000002,0.253124998,0.18203124999999998,0.027593992,0.274804688,0.63203125,0.45117187400000003,0.050753784,"Cytoplasm, Lysosome/Vacuole","Cytoplasm, Nucleus"
ENSP00000424002,0.35,0.5859375,0.43554687599999997,0.265234378,0.242578126,0.16640625199999998,0.061901856,0.293164062,0.218359376,0.53515625,0.025402829999999998,Cytoplasm,Nucleus
ENSP00000409541,0.270117186,0.54921875,0.541796876,0.408984376,0.17675781200000001,0.3296875,0.16015625,0.180859378,0.302539066,0.33007812599999997,0.009152222,"Cytoplasm, Nucleus",Golgi apparatus
ENSP00000407410,0.14746093799999999,0.442187502,0.60546875,0.342187502,0.105664066,0.213378908,0.28281250199999997,0.254296874,0.074804688,0.184667968,0.22392578200000002,Nucleus,"Cytoplasm, Nucleus"
ENSP00000398804,0.69921875,0.458203124,0.41328125,0.135839844,0.46015625,0.543359376,0.101318358,0.501171874,0.61953125,0.568359374,0.034069824000000005,"Membrane, Lysosome/Vacuole",Nucleus
ENSP00000504615,0.14658202999999997,0.7375,0.346484376,0.252148436,0.11469726799999999,0.288476564,0.015515136000000002,0.10385742,0.17285156399999999,0.12114257799999999,0.003463744,Cytoplasm,Cytoplasm
ENSP00000481423,0.173828126,0.6734375,0.48125,0.198046874,0.241601562,0.23945312400000002,0.031787107999999994,0.090722656,0.12753906399999998,0.189648436,0.08439941599999999,Cytoplasm,Mitochondrion
ENSP00000443311,0.48593750199999997,0.6234375,0.37695312200000003,0.024877930000000003,0.621875,0.17236328,0.047033692,0.160351562,0.276757814,0.305468748,0.099853516,"Membrane, Cytoplasm, Cell membrane",Cell membrane
ENSP00000422333,0.339843752,0.296093752,0.253710938,0.678125,0.16738281000000002,0.27929687599999997,0.134521484,0.375,0.230078124,0.280468752,0.164062498,Extracellular,Cell membrane
ENSP00000422150,0.45820312799999996,0.37890625,0.295312502,0.34882812199999996,0.19482421800000002,0.358593752,0.238769532,0.421093752,0.418359376,0.46015625,0.23330078000000004,Membrane,Cell membrane
ENSP00000502397,0.24296875399999998,0.6328125,0.416796876,0.049584961999999996,0.231835938,0.347265626,0.077978516,0.289648438,0.14941406200000001,0.16494140799999998,0.176660156,Cytoplasm,Nucleus
ENSP00000454489,0.15126953,0.6796875,0.4328125,0.119238278,0.20449219,0.15292969,0.013708495999999997,0.03857422,0.051269534000000005,0.071044922,0.0024291979999999996,Cytoplasm,Cytoplasm
ENSP00000435912,0.2515625,0.59140625,0.36328125,0.226562502,0.120898438,0.2984375,0.113867188,0.128808592,0.122753908,0.194921874,0.029754638,Cytoplasm,Cytoplasm
ENSP00000429426,0.12460937400000001,0.43906250199999997,0.74921875,0.087597656,0.10229492199999998,0.06665038999999999,0.025982665999999998,0.128320314,0.045971678,0.045336912,0.014752198000000003,Nucleus,Nucleus
ENSP00000429313,0.10546875,0.72421875,0.492187498,0.043554687999999994,0.107128906,0.131542968,0.004074096,0.093652344,0.093017576,0.07602539,0.005657958,Cytoplasm,Cytoplasm
ENSP00000421951,0.444921876,0.6234375,0.424999998,0.276855468,0.317968748,0.21337890599999998,0.005280304,0.03236084,0.327929686,0.17314452800000002,0.0359375,Cytoplasm,Cytoplasm
ENSP00000506128,0.16171875,0.55703125,0.5390625,0.279589842,0.188085938,0.13378906399999999,0.03557129,0.051513671999999996,0.09892578199999999,0.137011718,0.0068305959999999995,"Cytoplasm, Nucleus","Cytoplasm, Nucleus"
ENSP00000492309,0.266015626,0.191992188,0.21582031399999999,0.027282714000000003,0.12822265400000002,0.95703125,0.020092772000000002,0.040161132,0.026049806000000002,0.02807617,0.036474612,Mitochondrion,Mitochondrion
ENSP00000467331,0.6953125,0.238671874,0.142675782,0.153222656,0.6578125,0.27499999799999997,0.0050857559999999994,0.234179688,0.319921876,0.133300778,0.05238037200000001,"Membrane, Cell membrane",Endoplasmic reticulum
ENSP00000450910,0.18769531,0.519921876,0.522265626,0.3484375,0.13486328,0.321093746,0.147753908,0.18632812599999998,0.17421875,0.154296872,0.20156250199999998,Cytoplasm,Nucleus
ENSP00000401314,0.424609376,0.601953126,0.475390626,0.14721679399999998,0.31152344000000004,0.07854004,0.003207398,0.17294922000000001,0.57109375,0.511132814,0.002253724,"Cytoplasm, Lysosome/Vacuole",Cell membrane
ENSP00000508170,0.351953128,0.603125,0.557421874,0.08020019600000002,0.157324218,0.20283203199999997,0.006651306,0.22558593799999999,0.465234374,0.273046876,0.026733398000000002,"Cytoplasm, Nucleus","Cytoplasm, Nucleus, Cell membrane"
ENSP00000480290,0.154101562,0.520703124,0.58125,0.16308593799999999,0.110351562,0.27929687599999997,0.07749023399999999,0.07685547,0.19726562399999997,0.189453124,0.035864259999999995,"Cytoplasm, Nucleus",Golgi apparatus
ENSP00000469123,0.233789062,0.546875,0.3796875,0.152929688,0.23945312400000002,0.53671875,0.007424926000000001,0.348046874,0.37109375,0.433203124,0.287695314,Cytoplasm,Cytoplasm
ENSP00000465425,0.145214844,0.68359375,0.510546876,0.04113769600000001,0.146875,0.152441406,0.05565185800000001,0.23320312599999998,0.08183593599999998,0.18779296799999998,0.01821289,Cytoplasm,Nucleus
ENSP00000464423,0.319921876,0.472265624,0.441406252,0.29531249800000003,0.209179688,0.340234378,0.061914062000000006,0.32968750199999997,0.26718750199999997,0.3671875,0.105664062,Cytoplasm,Nucleus
ENSP00000462642,0.428125,0.6953125,0.45703125,0.068164062,0.25908203199999996,0.31513672000000004,0.026507568,0.162597656,0.390820314,0.41484375399999995,0.044665526,Cytoplasm,Cytoplasm
ENSP00000450763,0.125195312,0.6390625,0.51875,0.469140626,0.10117187400000001,0.13154296999999998,0.19074707,0.14228515400000002,0.101171876,0.12348633,0.08466796800000001,Cytoplasm,Nucleus
ENSP00000436412,0.218359374,0.480078128,0.567578124,0.311132812,0.08657226599999998,0.41640625,0.009310914,0.058740236,0.180957032,0.391796874,0.015966796,"Cytoplasm, Nucleus",Nucleus
ENSP00000428662,0.219921876,0.60234375,0.553125,0.05698242200000001,0.184179688,0.332031252,0.021203614,0.207031252,0.139746094,0.226562502,0.2859375,"Cytoplasm, Nucleus",Nucleus
ENSP00000424863,0.325195312,0.58515625,0.43984375,0.128808594,0.202734376,0.3875,0.054272462,0.17812500199999998,0.167578124,0.31328125,0.044042968,Cytoplasm,Nucleus
ENSP00000395552,0.18828125,0.531640626,0.66796875,0.030957029999999996,0.08930664,0.12998047,0.004307556,0.12167968999999998,0.101855468,0.18847656399999999,0.10783691200000001,"Cytoplasm, Nucleus",Nucleus
ENSP00000367939,0.81484375,0.133398436,0.086865234,0.05227050800000001,0.125537108,0.87890625,0.01755371,0.262695314,0.09912109399999999,0.080566404,0.10291748,"Membrane, Mitochondrion",Mitochondrion
ENSP00000506647,0.16015625,0.513671876,0.580078124,0.26484375,0.16699219,0.15341797000000001,0.05810546999999999,0.044165038000000004,0.081347656,0.114746096,0.00703888,"Cytoplasm, Nucleus","Cytoplasm, Nucleus"
ENSP00000495572,0.299804686,0.7140625,0.29609375,0.222070314,0.198632812,0.50078125,0.026403808,0.328515624,0.19023437599999998,0.367578124,0.296533202,Cytoplasm,Nucleus
ENSP00000487134,0.317578126,0.435156248,0.40742187799999996,0.40859375,0.12773437599999998,0.425390628,0.11005859200000001,0.34687500400000004,0.270507812,0.41796875,0.06018066400000001,None,Nucleus
ENSP00000468878,0.162890624,0.56796875,0.573046874,0.6875,0.107128906,0.36152344,0.059057618,0.10390624799999999,0.09697265799999999,0.148730468,0.239208984,"Cytoplasm, Nucleus, Extracellular",Cytoplasm
ENSP00000466687,0.1359375,0.361132812,0.333398438,0.78046875,0.061743166,0.333007812,0.201965334,0.21025390800000002,0.050912476,0.18046874799999998,0.152612306,Extracellular,Cytoplasm
ENSP00000465750,0.175585938,0.421875002,0.60078125,0.11928711,0.110009764,0.272656248,0.012823488,0.17490234600000001,0.05861816399999999,0.07944335999999999,0.12272949200000001,Nucleus,Nucleus
ENSP00000464986,0.16269531399999998,0.487109376,0.5859375,0.540625,0.09404296999999999,0.348046874,0.256738282,0.12734375199999998,0.13623047,0.230664062,0.026135256000000003,"Cytoplasm, Nucleus",Nucleus
ENSP00000461448,0.199023438,0.4828125,0.387890626,0.21044921800000002,0.123925782,0.425781252,0.086791994,0.058300781999999995,0.06689453,0.15078125199999998,0.033532714000000005,Cytoplasm,Cytoplasm
ENSP00000421392,0.10751953,0.461328126,0.63984375,0.280859376,0.080273436,0.246484374,0.14125976600000004,0.26875,0.19785156399999998,0.2671875,0.021582030000000002,Nucleus,Nucleus
ENSP00000417312,0.195117188,0.659375,0.5375,0.21953125,0.172265624,0.39257812400000003,0.028002930000000002,0.11220703000000001,0.168554686,0.160351562,0.180761718,"Cytoplasm, Nucleus",Nucleus
ENSP00000506933,0.148437502,0.546875,0.63984375,0.308398438,0.07578125,0.1953125,0.035791015999999995,0.139941408,0.252539064,0.177929686,0.049047850000000004,"Cytoplasm, Nucleus",Nucleus
ENSP00000506074,0.175000002,0.487109376,0.5453125,0.206542968,0.086767576,0.501953124,0.046850586,0.21230469,0.3390625,0.288671876,0.35205078,"Cytoplasm, Nucleus",Cytoplasm
ENSP00000501404,0.26191406,0.344921872,0.34179687200000003,0.75390625,0.1265625,0.384375,0.083740234,0.274804688,0.18105469,0.28144531,0.017321776,Extracellular,Mitochondrion
ENSP00000484006,0.325781248,0.168554688,0.132421874,0.87421875,0.4,0.099804686,0.030981444000000004,0.261328126,0.273046876,0.31640625,0.017565920000000002,Extracellular,Cell membrane
ENSP00000464503,0.151757812,0.58515625,0.84140625,0.056896974,0.14033203,0.117138674,0.004832077999999999,0.10190429599999999,0.121386718,0.09907226799999999,0.008682249999999999,"Cytoplasm, Nucleus",Nucleus
ENSP00000456237,0.083789062,0.578125,0.63046875,0.11621093600000001,0.060644529999999995,0.142089842,0.04394531199999999,0.07807617200000001,0.08564453000000001,0.140234372,0.015820312,"Cytoplasm, Nucleus",Cytoplasm
ENSP00000444771,0.128906252,0.38828125199999997,0.414062498,0.6828125,0.06948242000000002,0.31816406399999997,0.11142578200000001,0.18837890399999999,0.097875978,0.153027344,0.15520019599999998,Extracellular,Mitochondrion
ENSP00000431343,0.05932617199999999,0.25585937599999997,0.92421875,0.022619628000000003,0.11591796800000001,0.08007812399999999,0.009315492,0.060058594,0.11572265400000001,0.03630371,0.006587218000000001,Nucleus,Nucleus
ENSP00000419128,0.171093748,0.62890625,0.393359376,0.06594238,0.171875,0.42109375,0.030102538,0.119433594,0.058471680000000005,0.075244142,0.037145996,Cytoplasm,Mitochondrion
ENSP00000405084,0.345312498,0.441015626,0.38867187400000003,0.27089843999999996,0.120214844,0.430859372,0.071972658,0.475390626,0.370312502,0.402734374,0.186816406,None,Cell membrane
ENSP00000475845,0.7078125,0.51796875,0.410546874,0.01270447,0.77890625,0.172753906,0.022375488,0.24091796999999998,0.17060546999999998,0.064160158,0.2904541,"Membrane, Cytoplasm, Cell membrane",Cell membrane
ENSP00000469232,0.149023438,0.56953125,0.6171875,0.61640625,0.10927734199999999,0.44726562599999997,0.026620484,0.12363281200000001,0.13183593600000001,0.1625,0.35161133,"Cytoplasm, Nucleus",Cytoplasm
ENSP00000431039,0.274804686,0.527734376,0.300000002,0.405078126,0.133398438,0.34570312400000003,0.079052734,0.21464844000000002,0.23730468799999999,0.346484376,0.032861328,Cytoplasm,Mitochondrion
ENSP00000430859,0.200390626,0.48671875,0.55390625,0.140039064,0.105078122,0.371679688,0.00658722,0.23320312799999998,0.256054684,0.19404296999999998,0.052929687999999996,"Cytoplasm, Nucleus","Cytoplasm, Nucleus"
ENSP00000429288,0.280859376,0.69375,0.48203125,0.031652832,0.368359376,0.139355466,0.028683471999999998,0.21171875199999998,0.09453125,0.125146486,0.021334836000000003,Cytoplasm,Cytoplasm
ENSP00000427003,0.202539062,0.54765625,0.396875002,0.320898438,0.097949218,0.39648437599999997,0.10512695200000002,0.173242188,0.257617186,0.22011718599999996,0.41953125,Cytoplasm,"Cytoplasm, Nucleus"
ENSP00000506015,0.17558594,0.58828125,0.6265625,0.23554687400000002,0.143164062,0.26953125,0.023852538,0.124707032,0.07451172,0.09374999800000001,0.166210936,"Cytoplasm, Nucleus","Cytoplasm, Mitochondrion"
ENSP00000494757,0.21953125,0.56015625,0.64453125,0.084667968,0.240625,0.262890624,0.016880796,0.19960937399999998,0.254687498,0.10478515399999999,0.10533447200000001,"Cytoplasm, Nucleus",Nucleus
ENSP00000467983,0.20097656599999997,0.316796876,0.45898437599999997,0.453515626,0.06328125,0.36914062400000003,0.070092774,0.4796875,0.297070312,0.27500000199999997,0.238964844,None,Mitochondrion
ENSP00000456776,0.182421874,0.54453125,0.46328125,0.514843752,0.09819335999999998,0.421874998,0.160375974,0.172265624,0.21328125,0.284179686,0.068823242,Cytoplasm,"Cytoplasm, Nucleus"
ENSP00000454184,0.193945312,0.609375,0.49453125,0.167773436,0.24238281,0.24453125,0.013732910000000001,0.128417968,0.18066406000000002,0.10439453000000001,0.085644532,Cytoplasm,Cytoplasm
ENSP00000417789,0.187792968,0.422265624,0.38476562599999997,0.7640625,0.09453125199999998,0.28320312599999997,0.35927734200000006,0.049194336000000005,0.014312745999999998,0.051904295999999996,0.18203124799999998,Extracellular,Cytoplasm
ENSP00000387792,0.09023437599999999,0.444531252,0.8,0.391015626,0.044335938000000005,0.10986327999999998,0.038391114000000004,0.245898436,0.216601562,0.086181642,0.49550781199999994,Nucleus,Cytoplasm
ENSP00000468211,0.181445312,0.483593752,0.553515626,0.601953124,0.103808594,0.3984375,0.10976562599999999,0.177539062,0.10976562599999999,0.2328125,0.019250488000000003,"Cytoplasm, Nucleus",Nucleus
ENSP00000460358,0.21015625,0.519921876,0.36992187800000004,0.590625,0.125390624,0.357226562,0.367578124,0.152050782,0.15527343799999999,0.19609375,0.258203124,Cytoplasm,Mitochondrion
ENSP00000460265,0.10800781200000001,0.67421875,0.73671875,0.0116333,0.089941406,0.14873047,0.0010248179999999998,0.06249999799999999,0.15722656399999999,0.111523436,0.0030548100000000003,"Cytoplasm, Nucleus",Nucleus
ENSP00000454718,0.227929688,0.526953124,0.536718752,0.4578125,0.122167968,0.44765625,0.11555175799999999,0.22011718600000002,0.274804688,0.344921874,0.013790896,"Cytoplasm, Nucleus",Cytoplasm
ENSP00000434812,0.11015624800000001,0.509375,0.46093750400000005,0.626171876,0.08339843799999999,0.25673828200000004,0.316308592,0.08867187399999998,0.040759277999999996,0.126074218,0.23955078,Cytoplasm,"Cytoplasm, Nucleus, Cell membrane"
ENSP00000433003,0.213085938,0.458593746,0.638671876,0.23574219,0.09033203000000001,0.328124998,0.049090576,0.186914064,0.27519531399999997,0.308593748,0.004547122,Nucleus,"Nucleus, Mitochondrion"
ENSP00000402829,0.280078126,0.5328125,0.487890626,0.25195312599999997,0.178515624,0.394921876,0.146459962,0.2765625,0.209179688,0.21210937400000002,0.087011718,Cytoplasm,"Cytoplasm, Nucleus"
ENSP00000397870,0.248632812,0.20976562599999998,0.138964844,0.74375,0.259375,0.166601566,0.011450194,0.36523437599999997,0.285742186,0.28730469,0.037280273999999995,Extracellular,Cell membrane
ENSP00000384148,0.61875,0.27148437599999997,0.18222656399999998,0.40996093800000005,0.319140626,0.326562502,0.278125002,0.565625,0.356835936,0.271679688,0.092041016,Membrane,Cell membrane
ENSP00000376243,0.473437502,0.255273436,0.219531248,0.408984378,0.333203122,0.23339843799999999,0.14003906400000002,0.725,0.461718752,0.449218748,0.29140625200000003,"Membrane, Endoplasmic reticulum",Cell membrane
ENSP00000471943,0.216992186,0.453125,0.488281252,0.578125,0.09111328200000002,0.38984375,0.187475584,0.10268554599999999,0.068945316,0.102148438,0.06601562600000001,None,Mitochondrion
ENSP00000425172,0.18906249800000002,0.359765626,0.531640626,0.348828124,0.068164062,0.181640624,0.045739746000000005,0.26875,0.320507814,0.163574222,0.299316406,Nucleus,"Cytoplasm, Nucleus"
ENSP00000422786,0.18085937400000002,0.55,0.58359375,0.455859374,0.112890626,0.334765624,0.10914306599999998,0.18203125,0.196093752,0.40429687599999997,0.021240234,"Cytoplasm, Nucleus",Cell membrane
ENSP00000388563,0.78046875,0.16689453199999998,0.138476562,0.018612669999999998,0.152343752,0.93359375,0.064172362,0.395703124,0.1515625,0.12719726199999998,0.41308593800000004,"Membrane, Mitochondrion",Mitochondrion
ENSP00000361981,0.144921874,0.6765625,0.528125,0.05705566399999999,0.14316406399999998,0.244140626,0.024621582,0.14169921800000002,0.232226562,0.387109374,0.097436524,"Cytoplasm, Nucleus","Cytoplasm, Nucleus"
ENSP00000315936,0.7703125,0.19414062199999998,0.153222656,0.38906249800000003,0.734375,0.101757812,0.0031448360000000002,0.21660156000000003,0.49375,0.187695312,0.072473144,"Membrane, Cell membrane",Cell membrane
ENSP00000499362,0.22128906,0.53671875,0.42773437400000003,0.6875,0.125488282,0.3796875,0.349316406,0.156054688,0.191796872,0.269531248,0.050537108,"Cytoplasm, Extracellular",Cytoplasm
ENSP00000497470,0.67421875,0.183789064,0.167285156,0.309960936,0.417968752,0.160449218,0.0017124159999999996,0.487890626,0.49453125,0.58046875,0.048120116000000004,Membrane,Cytoplasm
ENSP00000461183,0.288671874,0.473828122,0.42421874800000003,0.2,0.167089844,0.4015625,0.043432618,0.4125,0.359375,0.288867186,0.253515624,Cytoplasm,"Mitochondrion, Endoplasmic reticulum"
ENSP00000449615,0.20722656400000003,0.53515625,0.66796875,0.28691406599999997,0.17714844,0.37695312599999997,0.038049313999999994,0.19658203,0.16093749799999998,0.194921874,0.033532716,"Cytoplasm, Nucleus",Cytoplasm
ENSP00000448684,0.135937502,0.495703124,0.70859375,0.042602537999999995,0.085253906,0.135839844,0.022033692,0.114453124,0.11821288999999999,0.134228514,0.09291992199999999,"Cytoplasm, Nucleus",Nucleus
ENSP00000447582,0.298046874,0.148339842,0.14707031399999998,0.030273437999999996,0.088085938,0.95078125,0.06352538999999999,0.061328124000000005,0.03322754,0.064648438,0.037963866,Mitochondrion,Mitochondrion
ENSP00000436906,0.20625,0.61171875,0.47578125,0.050537108,0.347656252,0.308203124,0.029797364000000003,0.059448242,0.06494140600000001,0.026538086,0.112731932,Cytoplasm,Mitochondrion
ENSP00000431052,0.16279296799999998,0.471484378,0.57109375,0.29316406,0.024670412,0.41972656199999997,0.01226654,0.33515625,0.22558593600000001,0.24375,0.030024722000000004,"Cytoplasm, Nucleus",Nucleus
ENSP00000354879,0.196679686,0.5328125,0.49609375,0.477734374,0.17460937599999998,0.38085937400000003,0.036425780000000005,0.209179688,0.254882812,0.314648438,0.2671875,Cytoplasm,Mitochondrion
ENSP00000494699,0.150585938,0.55390625,0.496484374,0.434375002,0.10068359600000001,0.301953126,0.044604491999999996,0.206445312,0.294335938,0.20605468799999999,0.28339843600000003,Cytoplasm,"Cytoplasm, Cell membrane"
ENSP00000468538,0.40117187200000004,0.526953126,0.368359374,0.129248046,0.23710937599999998,0.20097656000000003,0.00391388,0.3640625,0.36523437599999997,0.234960938,0.036889648,Cytoplasm,Nucleus
ENSP00000462954,0.432812498,0.54609375,0.30625000199999997,0.160058594,0.27539062400000003,0.377343752,0.043432618,0.196484376,0.31699219,0.363671874,0.204882812,Cytoplasm,Golgi apparatus
ENSP00000458946,0.19433593799999999,0.6171875,0.517578126,0.4515625,0.18554687200000003,0.38828125,0.057226562,0.20234375,0.18740234400000003,0.360546876,0.068164062,Cytoplasm,"Cytoplasm, Nucleus, Cell membrane"
ENSP00000438955,0.342187498,0.36132812799999997,0.141210936,0.77109375,0.32636718600000003,0.359375002,0.014831542,0.20449218600000002,0.17792968799999997,0.322656254,0.019018556,Extracellular,Golgi apparatus
ENSP00000421829,0.28984375,0.73359375,0.323046876,0.033813475999999995,0.29824219,0.23125,0.006829834,0.18867187400000002,0.136132814,0.20820312400000002,0.09375,Cytoplasm,Cell membrane
ENSP00000406989,0.222460938,0.4796875,0.333398438,0.467578124,0.168457032,0.38085937599999997,0.16118163800000002,0.390625002,0.142285154,0.209277348,0.11758422800000001,Cytoplasm,Mitochondrion
ENSP00000389420,0.54453125,0.25917968999999996,0.240234376,0.402734376,0.225976562,0.56328125,0.15341796800000002,0.6875,0.5351562480000001,0.475390624,0.312890626,"Membrane, Endoplasmic reticulum",Cell membrane
ENSP00000330730,0.444921876,0.410546874,0.228125002,0.14379882800000002,0.328320312,0.7703125,0.039933776000000004,0.310742188,0.14394531400000002,0.10383300800000002,0.014202118,Mitochondrion,Mitochondrion
ENSP00000466064,0.245703126,0.628125,0.53046875,0.21972656000000002,0.175878906,0.368359376,0.012725829999999999,0.189257812,0.15390625,0.183203124,0.088232424,"Cytoplasm, Nucleus",Nucleus
ENSP00000452890,0.36171875,0.430078126,0.42695312799999996,0.017468260000000003,0.08632812599999999,0.29902344,0.0005633340000000001,0.187011716,0.19794921999999998,0.30390625,0.043603515999999995,None,Nucleus
ENSP00000450486,0.17392578,0.33437499800000003,0.73828125,0.157812502,0.059960936000000006,0.24316406399999999,0.005618285999999999,0.15292968599999998,0.08603515399999999,0.173339842,0.014364624000000001,Nucleus,Nucleus
ENSP00000430164,0.160742186,0.524609374,0.463281252,0.69609375,0.096923828,0.454296874,0.12099609199999999,0.22949218799999999,0.12114257999999997,0.278710938,0.169677734,"Cytoplasm, Extracellular",Cytoplasm
ENSP00000426926,0.405078124,0.457031248,0.445703126,0.25214843600000003,0.260351562,0.393359374,0.042968748,0.303125002,0.35058593400000004,0.32265624800000003,0.132470704,None,"Cytoplasm, Mitochondrion"
ENSP00000425643,0.156152344,0.507421874,0.6296875,0.182421874,0.074462888,0.243945312,0.020678709999999996,0.114599606,0.12636719,0.20019531399999999,0.014221192000000002,"Cytoplasm, Nucleus",Cytoplasm
ENSP00000417908,0.13164062599999998,0.433984376,0.44140625,0.61796875,0.061767578000000004,0.445703128,0.202539062,0.317187498,0.171923828,0.20458984600000002,0.19287109400000002,None,Nucleus
ENSP00000404968,0.60390625,0.453124998,0.282226562,0.148535156,0.29355469,0.54296875,0.101684568,0.520703124,0.690625,0.39921875,0.33007812599999997,"Membrane, Lysosome/Vacuole",Nucleus
ENSP00000404861,0.88828125,0.16171875,0.08046875,0.063623048,0.8453125,0.10498046800000001,0.013549806000000001,0.37695312599999997,0.307812498,0.274023438,0.010028078,"Membrane, Cell membrane",Cell membrane
ENSP00000392323,0.106640624,0.68046875,0.53671875,0.18515625200000002,0.084716798,0.2140625,0.010662842,0.193554686,0.073583984,0.175878908,0.07309570400000001,"Cytoplasm, Nucleus",Nucleus
ENSP00000390139,0.120214844,0.4875,0.57578125,0.68359375,0.08144531399999999,0.41328125,0.190917968,0.095947266,0.12763671999999998,0.28671875,0.014392085999999998,"Cytoplasm, Nucleus, Extracellular",Cytoplasm
ENSP00000386934,0.45390625,0.30273437599999997,0.14130859199999998,0.28085937600000005,0.179589844,0.7765625,0.141870118,0.25195312599999997,0.13701172,0.19848632800000002,0.030603027999999997,"Membrane, Mitochondrion",Mitochondrion
ENSP00000502892,0.180859376,0.406640624,0.46953125,0.43984375,0.056640621999999995,0.319726564,0.060766602,0.31796875199999997,0.130078126,0.15292968599999998,0.411328124,None,Cytoplasm
ENSP00000492948,0.23144531200000001,0.518359376,0.3078125,0.308398438,0.136328126,0.45546875,0.06184082,0.027612302,0.160839844,0.263867188,0.0038421639999999995,Cytoplasm,"Cytoplasm, Cell membrane"
ENSP00000452648,0.155273436,0.63359375,0.48632812599999997,0.22900390599999998,0.063378906,0.376171876,0.016619874,0.285351562,0.16894531200000001,0.14453125,0.06665039,Cytoplasm,Nucleus
ENSP00000401988,0.089599608,0.73046875,0.67109375,0.15390625,0.086816408,0.146777344,0.00046463,0.030090334000000003,0.187304688,0.425390626,0.022479248,"Cytoplasm, Nucleus","Cytoplasm, Cell membrane"
ENSP00000396641,0.210742188,0.553125,0.406640626,0.133203126,0.143652344,0.200585938,0.027160642000000002,0.20175781399999998,0.18769531,0.276953124,0.05251465000000001,Cytoplasm,Nucleus
ENSP00000497449,0.187695312,0.6140625,0.430078126,0.51171875,0.087695312,0.343554688,0.11406250200000001,0.2046875,0.20126953000000003,0.299999998,0.14970703200000002,Cytoplasm,Golgi apparatus
ENSP00000493739,0.161523438,0.5203125,0.5609375,0.23994140799999997,0.11171875199999999,0.2296875,0.007653808000000001,0.137597656,0.13173828,0.19238281200000001,0.06298828,"Cytoplasm, Nucleus","Cytoplasm, Nucleus"
ENSP00000467615,0.092041016,0.61953125,0.59765625,0.37304687200000003,0.059179687999999994,0.342382814,0.191064452,0.282226564,0.089892578,0.101367184,0.122021482,"Cytoplasm, Nucleus",Nucleus
ENSP00000462246,0.1765625,0.5421875,0.671875,0.479296878,0.12490234,0.29277344,0.08835449199999999,0.14160156200000001,0.13740234599999998,0.19638672,0.00717163,"Cytoplasm, Nucleus",Nucleus
ENSP00000457251,0.248828124,0.6515625,0.387109378,0.14814453200000002,0.313281252,0.2796875,0.034130858,0.212304688,0.14755859200000002,0.181640626,0.070849608,Cytoplasm,Cytoplasm
ENSP00000453462,0.24023437200000003,0.56015625,0.57578125,0.202636718,0.177734376,0.19648437400000002,0.045837402000000006,0.169140626,0.24824218599999998,0.2890625,0.291992186,"Cytoplasm, Nucleus",Nucleus
ENSP00000434072,0.40078124800000003,0.144433596,0.150195314,0.02495117,0.14873047,0.95703125,0.08383789,0.03901367,0.032104492,0.05903320199999999,0.017224120000000002,Mitochondrion,Mitochondrion
ENSP00000432253,0.31484375,0.50703125,0.325390624,0.38867187599999997,0.23203125200000002,0.348828124,0.081542968,0.156835936,0.11279296800000001,0.166308594,0.018017580000000002,Cytoplasm,Mitochondrion
ENSP00000493147,0.3,0.603125,0.483203124,0.45507812200000003,0.1796875,0.386328126,0.067858886,0.157421872,0.177734376,0.22255859400000003,0.014300538000000002,Cytoplasm,"Cytoplasm, Cell membrane"
ENSP00000458340,0.161425782,0.68046875,0.48046875,0.04726562399999999,0.10336914,0.168457032,0.01072998,0.08876953000000001,0.17861328199999998,0.13017578,0.56484375,Cytoplasm,Nucleus
ENSP00000427736,0.2625,0.6109375,0.435937502,0.33398437799999997,0.214257814,0.346874998,0.050048828000000004,0.14101562399999998,0.281445314,0.191210938,0.11767578199999999,Cytoplasm,Cytoplasm
ENSP00000394709,0.16943359200000002,0.5578125,0.506640624,0.01524658,0.158398438,0.279882812,0.007461548,0.143994142,0.276562498,0.173632812,0.33823242200000003,Cytoplasm,Nucleus
ENSP00000386477,0.26757812599999997,0.19765625199999998,0.1,0.828125,0.263867188,0.092675782,0.01907959,0.40234375,0.399218754,0.30234375,0.011560057999999998,Extracellular,Cell membrane
ENSP00000479464,0.18359375,0.5859375,0.501171876,0.381250002,0.12031250199999999,0.22363281399999999,0.225683594,0.223046876,0.187890628,0.235742188,0.29570312200000004,Cytoplasm,Golgi apparatus
ENSP00000469702,0.15468750199999998,0.5039062480000001,0.405859376,0.565234376,0.07939453,0.305078124,0.24189453199999997,0.122851562,0.07167968799999999,0.127050782,0.297460938,Cytoplasm,Nucleus
ENSP00000454923,0.273828124,0.52890625,0.426953126,0.360546876,0.214355468,0.334765624,0.17607422,0.159960936,0.189648438,0.107421874,0.021105956000000002,Cytoplasm,Mitochondrion
ENSP00000452630,0.212109376,0.487890624,0.47070312400000003,0.42890625,0.12416992200000002,0.43828125,0.044958496,0.179296874,0.203710936,0.181835938,0.042480468,Cytoplasm,Nucleus
ENSP00000451127,0.227734376,0.49453125,0.5671875,0.45898437599999997,0.13251953,0.293164064,0.08544921800000001,0.175195314,0.166308594,0.299414062,0.031115720000000003,"Cytoplasm, Nucleus","Cytoplasm, Nucleus"
ENSP00000435532,0.13349609599999998,0.46796875,0.389843748,0.616015624,0.10043945399999998,0.488671874,0.073059082,0.46640625199999997,0.181787108,0.377539062,0.194030762,None,"Cytoplasm, Nucleus"
ENSP00000434221,0.047705080000000004,0.293359376,0.9234375,0.025097656000000003,0.065527344,0.091943358,0.00886688,0.06728515399999999,0.07700195400000001,0.027636718000000005,0.006971739999999999,Nucleus,Nucleus
ENSP00000425714,0.174414062,0.534375,0.398828124,0.7,0.110839846,0.43945312799999997,0.080932616,0.393164062,0.11743163999999999,0.2984375,0.210205076,"Cytoplasm, Extracellular","Cytoplasm, Nucleus"
ENSP00000420469,0.242382812,0.6390625,0.492578126,0.214453126,0.19375000000000003,0.33398437400000003,0.021044922,0.248828124,0.179589844,0.274414062,0.026232909999999998,Cytoplasm,Cytoplasm
ENSP00000417714,0.159765624,0.6421875,0.4125,0.097363278,0.18261718799999999,0.312500002,0.032458496,0.09682617200000002,0.05566406,0.07475586,0.024865722,Cytoplasm,Mitochondrion
ENSP00000375719,0.129003908,0.515625,0.67265625,0.547265624,0.12470703200000002,0.451562502,0.0044281,0.22958984599999996,0.18222656399999998,0.10390625,0.66484375,"Cytoplasm, Nucleus","Cytoplasm, Nucleus"
ENSP00000489555,0.03322754,0.148046874,0.9125,0.14526367,0.01866455,0.008319092,0.063012698,0.049462891999999994,0.037231444,0.037622072,0.0070190420000000005,Nucleus,Nucleus
ENSP00000468485,0.28125,0.424609374,0.36445312799999996,0.483984376,0.067578124,0.153808594,0.36923828200000003,0.223730468,0.1703125,0.284863282,0.024340818,None,"Cytoplasm, Nucleus"
ENSP00000464865,0.242773438,0.5671875,0.475000002,0.468749998,0.20390625,0.5796875,0.030908201999999996,0.260156248,0.283593752,0.413281252,0.258398438,Cytoplasm,Nucleus
ENSP00000464429,0.216992188,0.53203125,0.530078126,0.37265625,0.161816406,0.366796874,0.069311522,0.145117188,0.16962890400000002,0.21562500199999998,0.078173828,"Cytoplasm, Nucleus",Nucleus
ENSP00000454035,0.185742188,0.61640625,0.432812498,0.33007812400000003,0.201562498,0.165527344,0.06230468600000001,0.106152344,0.145312498,0.293164064,0.010021972,Cytoplasm,Nucleus
ENSP00000429271,0.210742186,0.69296875,0.46250000199999997,0.32089844,0.256250002,0.290234376,0.031652832000000006,0.23730468999999998,0.294140626,0.191796874,0.089508058,Cytoplasm,Cytoplasm
ENSP00000417446,0.2171875,0.4484375,0.55234375,0.3046875,0.13554687599999998,0.256250002,0.191210936,0.203125,0.20488281400000002,0.201367188,0.11474609400000002,Nucleus,"Cytoplasm, Nucleus"
ENSP00000413612,0.150976562,0.6828125,0.63125,0.04436035,0.134667968,0.1109375,0.157177736,0.307226564,0.10126953000000001,0.06284179799999999,0.08549804600000001,"Cytoplasm, Nucleus",Cytoplasm
ENSP00000388905,0.138671874,0.509375,0.475,0.330273438,0.076269532,0.22714843800000004,0.045605466,0.249609376,0.212890624,0.2921875,0.012670899999999999,Cytoplasm,Nucleus
ENSP00000379376,0.19101562600000002,0.60234375,0.39609375,0.17050781399999998,0.088769532,0.344921876,0.012728880000000001,0.24609375,0.170996094,0.131249998,0.12778320199999998,Cytoplasm,Nucleus
ENSP00000507709,0.3375,0.475390626,0.519140626,0.22519530799999998,0.13955078199999998,0.475,0.06850586,0.40000000199999997,0.35742187799999997,0.5140625,0.030566406,Cytoplasm,Endoplasmic reticulum
ENSP00000498726,0.177539064,0.467968748,0.56484375,0.406250002,0.10634765799999998,0.24511718600000001,0.060583495999999994,0.10830077999999999,0.119238282,0.111621096,0.125146482,Nucleus,Nucleus
ENSP00000498247,0.213476562,0.5796875,0.556640626,0.4640625,0.2171875,0.488671874,0.023583984,0.152441404,0.19248047,0.157714844,0.09892577999999999,"Cytoplasm, Nucleus","Cytoplasm, Nucleus"
ENSP00000456297,0.284765624,0.167773436,0.097070312,0.846875,0.254296876,0.146582034,0.013510132,0.355078124,0.426171874,0.30273437799999997,0.026123046,Extracellular,Cell membrane
ENSP00000455781,0.290429688,0.492187502,0.502734374,0.47109375,0.13505859,0.457421876,0.048693846,0.241796876,0.209179688,0.2265625,0.07115478400000001,Cytoplasm,Cell membrane
ENSP00000442380,0.22109375,0.4,0.462499998,0.158984378,0.10458984199999999,0.441015624,0.134838866,0.197753904,0.191015626,0.1765625,0.215429686,None,Mitochondrion
ENSP00000430106,0.319726562,0.534375,0.509765624,0.028430176,0.11772461000000001,0.4671875,0.013943481999999998,0.321093748,0.304101562,0.187695312,0.00857544,Cytoplasm,Nucleus
ENSP00000429437,0.203710938,0.5828125,0.4046875,0.4015625,0.09853515399999999,0.290234376,0.030017090000000003,0.161328126,0.135449218,0.298046876,0.029492188000000003,Cytoplasm,"Cytoplasm, Cell membrane"
ENSP00000418100,0.251171874,0.511328126,0.614453124,0.046777344,0.136621094,0.2,0.006573484,0.148535156,0.264257812,0.280078126,0.12072754,"Cytoplasm, Nucleus",Nucleus
ENSP00000408607,0.138476564,0.6203125,0.533203124,0.14951172,0.14697265799999998,0.20078125,0.064501954,0.087548828,0.0232666,0.22314452999999998,0.008679197999999999,"Cytoplasm, Nucleus",Nucleus
ENSP00000404233,0.16660156399999998,0.548046874,0.57421875,0.37304687400000003,0.120703126,0.290039062,0.03630371,0.111230468,0.12294922,0.193359376,0.088720702,"Cytoplasm, Nucleus",Nucleus
ENSP00000398314,0.15898437599999998,0.56484375,0.58203125,0.49414062400000003,0.11025390399999999,0.521484374,0.128417968,0.12705078,0.152929688,0.295703126,0.00925293,"Cytoplasm, Nucleus",Nucleus
ENSP00000507486,0.424609374,0.22050781000000003,0.32617187400000003,0.05727539,0.082958986,0.744140626,0.011352540000000001,0.252148438,0.064648436,0.14965820600000002,0.05424804800000001,Mitochondrion,Mitochondrion
ENSP00000491361,0.241796874,0.469921876,0.429687502,0.544921874,0.06181640800000001,0.485546874,0.017626954,0.210351562,0.216015626,0.258007814,0.057763672,Cytoplasm,"Nucleus, Golgi apparatus"
ENSP00000490465,0.10400390400000001,0.5640625,0.58828125,0.07492676000000001,0.050585936,0.22500000199999998,0.009252928,0.20693359400000003,0.2671875,0.30058593599999994,0.08857422000000001,"Cytoplasm, Nucleus",Mitochondrion
ENSP00000485945,0.10112304400000001,0.383203126,0.608203126,0.73046875,0.040600586,0.228515624,0.035357664,0.123095702,0.127294922,0.1984375,0.168200684,"Nucleus, Extracellular",Nucleus
ENSP00000457404,0.266406252,0.49765625,0.47382812800000007,0.394140624,0.130664062,0.2546875,0.05854492,0.233984374,0.300781248,0.2046875,0.09526367399999999,Cytoplasm,Cell membrane
ENSP00000456087,0.15615234400000003,0.615625,0.543359374,0.08842773400000001,0.12382812400000001,0.491796878,0.047607421999999996,0.15859375,0.13603515400000002,0.150390624,0.072290038,"Cytoplasm, Nucleus",Nucleus
ENSP00000443642,0.103320312,0.59140625,0.73046875,0.061669922,0.126953124,0.11328125199999999,0.010165404,0.12070312400000001,0.127148438,0.103515624,0.093847656,"Cytoplasm, Nucleus",Nucleus
ENSP00000435967,0.29140625,0.58203125,0.327734376,0.474218748,0.218164062,0.375195314,0.05765381000000001,0.155664062,0.140332032,0.17919922,0.052856444,Cytoplasm,Mitochondrion
ENSP00000435145,0.246679688,0.479296874,0.47734375,0.43359375,0.129101564,0.350390624,0.019964598,0.255664062,0.251562498,0.204492188,0.231347656,Cytoplasm,Cell membrane
ENSP00000420538,0.30234375199999997,0.190625,0.20234375,0.025830076,0.09912109599999999,0.92578125,0.21162109399999998,0.10336914,0.053808592,0.074169922,0.14169922,Mitochondrion,Mitochondrion
ENSP00000377950,0.27050781599999996,0.59921875,0.362109374,0.18496094000000002,0.188281248,0.172265622,0.030078123999999994,0.284765626,0.192675784,0.19316406400000002,0.093408204,Cytoplasm,Cell membrane
ENSP00000243040,0.13183593799999999,0.72109375,0.385156252,0.071508788,0.113378906,0.20136718999999997,0.0135376,0.114062496,0.158984374,0.09375,0.008233642000000001,Cytoplasm,Cytoplasm
ENSP00000502792,0.184375,0.430078126,0.6203125,0.68671875,0.044921876,0.31796875,0.046508788,0.135058592,0.068115234,0.17890625,0.035498048000000004,"Nucleus, Extracellular","Cytoplasm, Nucleus, Cell membrane"
ENSP00000451085,0.382421874,0.43359375,0.45390625,0.21240234600000002,0.371874996,0.26640625,0.010980222000000001,0.13027343600000002,0.410156252,0.36914062400000003,0.01463623,None,"Cytoplasm, Nucleus, Cell membrane"
ENSP00000435374,0.180371094,0.5828125,0.496484376,0.56328125,0.142578126,0.43125,0.108154296,0.129492186,0.23730468799999999,0.249609376,0.045336916,Cytoplasm,Mitochondrion
ENSP00000429629,0.203320312,0.43554687200000003,0.68984375,0.190917966,0.08671875000000001,0.460546874,0.038964846,0.11591796800000001,0.075634766,0.07504882800000001,0.349414062,Nucleus,Nucleus
ENSP00000401344,0.076757814,0.43164062599999997,0.8875,0.07119140399999999,0.06523437200000001,0.06953125,0.0030204760000000002,0.09399414399999999,0.053369139999999995,0.056542968000000006,0.01894531,Nucleus,Nucleus
ENSP00000490955,0.200585938,0.56875,0.5390625,0.40468749800000003,0.144042966,0.382031248,0.03172607200000001,0.154492188,0.17285156200000001,0.252539062,0.02755127,"Cytoplasm, Nucleus",Cytoplasm
ENSP00000474497,0.266601562,0.52890625,0.518359376,0.279882812,0.167382812,0.372265624,0.06970214599999999,0.266796876,0.323828126,0.300781248,0.103417968,Cytoplasm,Nucleus
ENSP00000454419,0.11074218799999999,0.56171875,0.71796875,0.04937744,0.11376952999999998,0.179882814,0.008099364000000001,0.057373046000000004,0.136523438,0.081738282,0.073779296,"Cytoplasm, Nucleus",Cell membrane
ENSP00000414865,0.22890625199999998,0.56484375,0.457421872,0.365625,0.127539064,0.368359374,0.143164064,0.140722654,0.13398437400000002,0.154003906,0.113134764,Cytoplasm,Cytoplasm
ENSP00000399816,0.141796876,0.45117187599999997,0.68515625,0.288085936,0.08378906,0.3984375,0.090136718,0.24101562599999998,0.364062498,0.320703126,0.05168457,Nucleus,Cell membrane
ENSP00000376971,0.201757812,0.58671875,0.5734375,0.58359375,0.141015624,0.309960938,0.020251463999999997,0.22089843599999998,0.12578125199999998,0.23232421799999997,0.154205322,"Cytoplasm, Nucleus",Nucleus
ENSP00000361978,0.175390624,0.55625,0.546484374,0.263867188,0.11445312599999999,0.229492184,0.088134766,0.159863282,0.22011719,0.18125,0.14873047,"Cytoplasm, Nucleus","Cytoplasm, Nucleus"
ENSP00000501354,0.265429688,0.53671875,0.480078126,0.360546874,0.11484375,0.433984376,0.027758788000000006,0.26367187799999997,0.206835938,0.287890626,0.133544922,Cytoplasm,"Cytoplasm, Nucleus"
ENSP00000466525,0.17480468799999999,0.414453124,0.34960937400000003,0.43164062599999997,0.091259764,0.465234378,0.13867187399999997,0.28076172,0.13515625,0.11376953000000001,0.082470704,None,Cytoplasm
ENSP00000451953,0.085644532,0.72421875,0.32246094,0.372851562,0.09658203000000001,0.33007812400000003,0.19321289000000003,0.10639648399999999,0.101904294,0.076489258,0.060693357999999996,Cytoplasm,Cytoplasm
ENSP00000439003,0.183203126,0.5375,0.5546875,0.341015624,0.110058594,0.338671874,0.078833008,0.214453126,0.164843748,0.23671875,0.127832028,"Cytoplasm, Nucleus",Cytoplasm
ENSP00000430847,0.22929687599999998,0.465625,0.518359374,0.284375,0.12617187400000002,0.382812498,0.096875,0.175781252,0.172460936,0.21777343799999999,0.109375,None,Mitochondrion
ENSP00000413898,0.10722656400000001,0.5359375,0.6015625,0.3546875,0.07929687599999999,0.17402344,0.07668457199999999,0.135058592,0.14804687200000002,0.183789062,0.09545898400000001,"Cytoplasm, Nucleus",Nucleus
ENSP00000408797,0.18232421799999998,0.465625,0.61640625,0.429687498,0.12041015800000002,0.35625,0.022253416,0.049243162,0.12919922,0.203320312,0.00564575,Nucleus,Cytoplasm
ENSP00000401510,0.260351564,0.5890625,0.364062502,0.12558593999999998,0.215625,0.12587890399999999,0.017211914000000002,0.337109374,0.104052734,0.19794921999999998,0.036669922,Cytoplasm,Cell membrane
ENSP00000263255,0.83046875,0.12626953000000002,0.08349609399999999,0.025463866,0.317773438,0.92421875,0.297070312,0.303515624,0.21367187599999998,0.168310546,0.42158203,"Membrane, Mitochondrion",Peroxisome
ENSP00000501787,0.232812498,0.487500002,0.5453125,0.263085936,0.12236328,0.44375,0.039770508,0.268164062,0.24082031,0.30117187600000006,0.165625,"Cytoplasm, Nucleus",Nucleus
ENSP00000459305,0.22890625,0.55078125,0.359375,0.429687502,0.155664062,0.17841796999999998,0.061499024,0.152539062,0.20839844,0.18867187800000002,0.07846679799999999,Cytoplasm,Endoplasmic reticulum
ENSP00000452748,0.18984375,0.60234375,0.50390625,0.23808594000000002,0.065576172,0.327734376,0.04690857,0.21298828199999997,0.11054687599999999,0.106347656,0.06586913999999999,Cytoplasm,Mitochondrion
ENSP00000452121,0.253320312,0.424609374,0.57578125,0.295703124,0.12705078,0.479687498,0.040039062,0.166015624,0.237695312,0.309570312,0.099902346,Nucleus,Cytoplasm
ENSP00000433930,0.238085938,0.55390625,0.411328126,0.45,0.170605468,0.35214844,0.131591796,0.173242188,0.385937502,0.276367188,0.159277344,Cytoplasm,"Cytoplasm, Nucleus"
ENSP00000425028,0.149414062,0.6078125,0.420703124,0.540625,0.11982421800000001,0.272460938,0.08979492000000001,0.16269531399999998,0.128564452,0.19667968800000002,0.337304686,Cytoplasm,Nucleus
ENSP00000417527,0.13398437400000002,0.6296875,0.499609376,0.238867186,0.077929688,0.23749999800000002,0.01710205,0.23837890599999997,0.140820312,0.169238282,0.042382814000000005,Cytoplasm,Golgi apparatus
ENSP00000412744,0.209570312,0.499609374,0.5796875,0.223242186,0.1234375,0.30683593600000003,0.025708006000000005,0.319921874,0.224609376,0.209375,0.19687499800000002,"Cytoplasm, Nucleus",Nucleus
ENSP00000463481,0.19433593600000001,0.45859375199999997,0.5039062519999999,0.503515626,0.071191406,0.300585938,0.067150876,0.202929688,0.199804688,0.21640625,0.080078126,None,Mitochondrion
ENSP00000453486,0.13408203,0.62890625,0.7828125,0.036987304,0.146289062,0.17841796999999998,0.016400145999999997,0.099316408,0.170410158,0.13769531,0.04340820199999999,"Cytoplasm, Nucleus",Nucleus
ENSP00000447739,0.216992188,0.56328125,0.52578125,0.360156248,0.134375002,0.531640624,0.09556884800000001,0.12519531,0.275585938,0.249609376,0.05051269599999999,Cytoplasm,Nucleus
ENSP00000425452,0.20214843600000001,0.54453125,0.581640624,0.490625002,0.144335936,0.339453124,0.10854492199999999,0.10947265400000002,0.125683594,0.277734374,0.01847534,"Cytoplasm, Nucleus",Mitochondrion
ENSP00000413636,0.175,0.502343752,0.558203126,0.340234374,0.12246093799999999,0.20039062400000002,0.165283202,0.190234374,0.28046875,0.242773438,0.099511716,"Cytoplasm, Nucleus",Nucleus
ENSP00000499306,0.195507812,0.48710937200000004,0.515625,0.28378906000000004,0.10712890400000001,0.381250002,0.169433594,0.169824218,0.203320312,0.249414062,0.031066893999999994,Cytoplasm,Nucleus
ENSP00000469593,0.168359376,0.640625,0.3984375,0.23574219000000002,0.20625,0.19824218799999999,0.019885252,0.168554688,0.13583984200000002,0.116992188,0.020373536,Cytoplasm,Endoplasmic reticulum
ENSP00000463843,0.20234375,0.60234375,0.49921875,0.469531252,0.125097656,0.380078126,0.05820312200000001,0.17949218800000002,0.16005859400000003,0.290039062,0.024304199999999998,Cytoplasm,"Cytoplasm, Nucleus"
ENSP00000463823,0.113574218,0.46171875,0.42734375,0.67265625,0.08574218599999998,0.384179688,0.106066894,0.234570312,0.13198242200000002,0.196191408,0.075976562,Extracellular,"Cytoplasm, Nucleus"
ENSP00000423844,0.24121093999999998,0.5140625,0.465625,0.483203124,0.162890626,0.32949218999999996,0.10266112999999999,0.20527344000000003,0.281250002,0.223046874,0.127783204,Cytoplasm,Cell membrane
ENSP00000411573,0.14707031399999998,0.30761719000000004,0.62421875,0.475390626,0.032055664,0.191796874,0.010180664000000002,0.369921874,0.21171875,0.11303711000000001,0.246044922,Nucleus,Nucleus
ENSP00000394401,0.266992186,0.356249998,0.532421876,0.072753908,0.158496094,0.40429687599999997,0.11848144600000002,0.235449216,0.084521486,0.045947266,0.007022098,Nucleus,Nucleus
ENSP00000503895,0.176171876,0.54375,0.503125,0.362109376,0.087988282,0.264648438,0.05341797,0.146484374,0.1921875,0.19160156599999997,0.06577148399999999,Cytoplasm,"Cytoplasm, Nucleus"
ENSP00000501638,0.215625,0.319140624,0.272460936,0.38867187599999997,0.056982422,0.27656250200000004,0.138085938,0.176562498,0.150048828,0.2078125,0.053082276000000005,None,Cytoplasm
ENSP00000498870,0.206445314,0.7109375,0.270898436,0.133007812,0.17734375,0.334375,0.018142698,0.132812502,0.07890625200000001,0.211328126,0.006755064,Cytoplasm,Cytoplasm
ENSP00000472504,0.166992186,0.5640625,0.64921875,0.229882812,0.10273437599999999,0.292382812,0.018798828,0.14550781200000001,0.199023436,0.15205078,0.16550293,"Cytoplasm, Nucleus",Endoplasmic reticulum
ENSP00000435644,0.269140624,0.549609374,0.44140625,0.377734374,0.069262696,0.20996093799999999,0.005356979999999999,0.144433592,0.375390624,0.347070314,0.056292723999999995,Cytoplasm,"Cytoplasm, Nucleus, Cell membrane"
ENSP00000412823,0.144628906,0.5828125,0.50703125,0.436328126,0.06323242199999998,0.309375,0.060668946,0.170019532,0.129101562,0.184960938,0.061132812,Cytoplasm,Cytoplasm
ENSP00000412769,0.12119140799999999,0.659375,0.5625,0.215429688,0.08613281399999999,0.125292968,0.030532835999999997,0.136621092,0.164355468,0.22519531399999998,0.065063476,"Cytoplasm, Nucleus","Cytoplasm, Nucleus"
ENSP00000397589,0.27734375,0.484765626,0.472656248,0.04904785,0.080419922,0.437109376,0.027441408,0.344921876,0.242187502,0.38085937799999997,0.03503418,Cytoplasm,Cytoplasm
ENSP00000389322,0.169726564,0.471875,0.709375,0.3828125,0.13066406199999997,0.348828124,0.029589843999999997,0.090039062,0.099316408,0.214257814,0.01307373,"Cytoplasm, Nucleus",Cytoplasm
ENSP00000493561,0.16923828000000002,0.49296875,0.671875,0.410546876,0.115624998,0.172460938,0.03511352399999999,0.11591796800000001,0.12109375,0.18505859400000002,0.034277342,"Cytoplasm, Nucleus",Nucleus
ENSP00000450676,0.163867184,0.5171875,0.53046875,0.46796875,0.12255859399999999,0.43164062599999997,0.062499999999999986,0.156933596,0.16015625,0.09501952999999999,0.419824218,"Cytoplasm, Nucleus",Cytoplasm
ENSP00000449513,0.11787109200000001,0.61171875,0.515625,0.35351562400000003,0.069775392,0.231542966,0.187207032,0.137402344,0.13105468999999997,0.21728515399999998,0.131005862,Cytoplasm,Nucleus
ENSP00000425147,0.496875,0.41210937599999997,0.270703128,0.151953124,0.24492187599999998,0.43125,0.05278320400000001,0.476562502,0.446484376,0.45898437400000003,0.122070312,Membrane,Nucleus
ENSP00000410149,0.18828125199999998,0.499609376,0.61171875,0.363281248,0.199023436,0.382812502,0.006431576,0.2125,0.205273438,0.30371094,0.215429686,"Cytoplasm, Nucleus",Cytoplasm
ENSP00000407378,0.217382812,0.517578124,0.536328124,0.44375,0.135253906,0.296484376,0.08903808599999999,0.18671875,0.20175781399999998,0.2421875,0.027868654,"Cytoplasm, Nucleus",Cytoplasm
ENSP00000467134,0.10590820600000002,0.376171874,0.406640624,0.653125,0.0890625,0.30576171799999996,0.25371094,0.127050784,0.046691894,0.08903808400000002,0.04371338,Extracellular,Nucleus
ENSP00000466874,0.152246094,0.575,0.49804687599999997,0.136572266,0.11962890600000001,0.15351562400000002,0.063330078,0.08935546999999999,0.40292968800000006,0.108447264,0.004587556,Cytoplasm,Nucleus
ENSP00000462170,0.199609376,0.412500002,0.4859375,0.26582031,0.10820312399999998,0.312500002,0.049829102,0.259374998,0.2234375,0.260156252,0.07993164,None,Nucleus
ENSP00000431085,0.58359375,0.59140625,0.321093748,0.08955077999999998,0.71640625,0.294335938,0.056811522,0.299218752,0.150390626,0.177539064,0.102319334,"Membrane, Cytoplasm, Cell membrane","Cytoplasm, Cell membrane"
ENSP00000419183,0.16191406000000003,0.58984375,0.36093750199999997,0.196679688,0.16015625,0.241992186,0.066503906,0.211328126,0.210546874,0.300976564,0.010290527999999998,Cytoplasm,Nucleus
ENSP00000506523,0.319921872,0.5078125,0.449218748,0.473046872,0.21699218999999997,0.303125002,0.083947754,0.181835936,0.254687502,0.26328125199999997,0.023919678,Cytoplasm,"Cytoplasm, Nucleus"
ENSP00000504510,0.25195312400000003,0.584375,0.351171876,0.29453125199999997,0.175097656,0.366015626,0.038842774000000004,0.22148437599999998,0.09023437599999999,0.26035156600000003,0.059594728,Cytoplasm,Nucleus
ENSP00000498371,0.15761718600000002,0.69375,0.307421876,0.183300782,0.16962890800000002,0.366406252,0.022106934,0.069482422,0.137109376,0.11274413999999999,0.0112854,Cytoplasm,Nucleus
ENSP00000485723,0.222070312,0.493359374,0.414062502,0.40078125,0.085546876,0.273242188,0.1421875,0.2734375,0.09765624799999999,0.169335938,0.290527344,Cytoplasm,Cell membrane
ENSP00000472858,0.236718748,0.499218748,0.458203124,0.493749998,0.16376953,0.41992187400000003,0.07775878800000001,0.23574219000000002,0.277929686,0.18261718600000001,0.24999999799999997,Cytoplasm,Nucleus
ENSP00000462379,0.160546874,0.492968752,0.5265625,0.55,0.073535156,0.384374998,0.083642578,0.10341797000000001,0.15185547,0.254199218,0.11940918,Cytoplasm,Nucleus
ENSP00000429541,0.282421874,0.315234376,0.359179686,0.46679687400000003,0.04125976399999999,0.44609375,0.024859620000000002,0.275195312,0.350195312,0.475,0.075213622,None,Nucleus
ENSP00000422056,0.209570312,0.496484376,0.50078125,0.498828124,0.113964844,0.270703126,0.041967774,0.11601562400000001,0.157812502,0.249414064,0.10822753599999999,Cytoplasm,Cytoplasm
ENSP00000416618,0.22109375,0.452343752,0.48125,0.290039062,0.13056640800000002,0.34609375200000003,0.105615236,0.218359374,0.297656252,0.22578125,0.08828125,None,Peroxisome
ENSP00000397228,0.222851562,0.5140625,0.505078126,0.259375,0.2859375,0.2859375,0.048583984,0.15703125,0.297851562,0.109106446,0.014196779999999997,Cytoplasm,Cytoplasm
ENSP00000390470,0.102246094,0.4859375,0.74140625,0.05756836,0.093701174,0.15351562400000002,0.014505003999999998,0.14306640799999998,0.16894531399999999,0.20800780999999996,0.041186524,"Cytoplasm, Nucleus","Cytoplasm, Nucleus"
ENSP00000498338,0.08447265799999999,0.31640625,0.8546875,0.285937502,0.165234372,0.148046876,0.035119628,0.056298828,0.012072754000000002,0.040429688000000005,0.019250490000000002,Nucleus,Nucleus
ENSP00000455684,0.29609375,0.46484375,0.327734376,0.463281252,0.167773438,0.303906252,0.202978516,0.264648438,0.38124999800000003,0.285742188,0.28300781,None,Cytoplasm
ENSP00000448987,0.178320314,0.5859375,0.61796875,0.154199218,0.15078125,0.200976562,0.013275148,0.122265624,0.216601564,0.18847656200000001,0.06815185399999998,"Cytoplasm, Nucleus",Nucleus
ENSP00000448846,0.260937498,0.458203122,0.543359374,0.308593748,0.10888671999999999,0.465234374,0.047204590000000005,0.178515624,0.225976562,0.169335938,0.048046876,Nucleus,Mitochondrion
ENSP00000433504,0.286718748,0.525390624,0.56328125,0.31074219,0.226171876,0.414453126,0.02805786,0.230273436,0.16308593799999999,0.250585936,0.03701172,"Cytoplasm, Nucleus",Cytoplasm
ENSP00000424059,0.264453126,0.67421875,0.279882814,0.11567382600000001,0.304882812,0.272851562,0.01767578,0.101367188,0.18779297,0.14326171999999998,0.02047577,Cytoplasm,Nucleus
ENSP00000418507,0.149609376,0.659375,0.508593748,0.487109376,0.14160156,0.333398438,0.117944338,0.18671875,0.286132812,0.269335938,0.083374024,Cytoplasm,Nucleus
ENSP00000504330,0.2015625,0.5625,0.48437500400000005,0.528515624,0.16328125,0.259179688,0.10473632799999999,0.08100586,0.146777344,0.19042968799999999,0.058679198,Cytoplasm,"Cytoplasm, Nucleus"
ENSP00000453067,0.195703126,0.32109375,0.5703125,0.341210938,0.077490232,0.26738280999999997,0.156835938,0.311914064,0.264648438,0.16640625,0.12915039,Nucleus,"Cytoplasm, Endoplasmic reticulum"
ENSP00000420535,0.7015625,0.208789062,0.225390624,0.15507812599999998,0.196875,0.324609376,0.041191099999999994,0.66015625,0.289453126,0.38867187400000003,0.018884277999999997,"Membrane, Endoplasmic reticulum",Golgi apparatus
ENSP00000508281,0.20546875,0.484765626,0.47734375,0.34179687599999997,0.11054687599999999,0.3390625,0.044476318,0.23769531400000005,0.2734375,0.25996094200000003,0.047143554,Cytoplasm,Cytoplasm
ENSP00000498123,0.259179688,0.47851562599999997,0.488671876,0.351562502,0.12421875,0.58828125,0.143603514,0.21972656000000002,0.39296875,0.36171875,0.01994629,Cytoplasm,Endoplasmic reticulum
ENSP00000483687,0.21249999800000002,0.386328124,0.4953125,0.357031248,0.085986326,0.37695312400000003,0.031872562,0.389843752,0.285351566,0.265429686,0.20200195399999998,None,Nucleus
ENSP00000460001,0.159375,0.52890625,0.52109375,0.24921875,0.13779297,0.356835938,0.097363282,0.1828125,0.07319336,0.13486328,0.008972167999999999,Cytoplasm,"Cytoplasm, Nucleus"
ENSP00000440988,0.12783203199999998,0.463281254,0.659375,0.037275698,0.226367188,0.14345703,0.005464172000000001,0.12663574,0.01158142,0.023242185999999998,0.001208496,Nucleus,Nucleus
ENSP00000393690,0.2359375,0.46875,0.537890626,0.28886719,0.131054686,0.42265625,0.061352538,0.199609376,0.316406252,0.323437502,0.092285154,Nucleus,Cytoplasm
ENSP00000464501,0.15917968600000001,0.55546875,0.65859375,0.36914062599999997,0.12998047,0.305664062,0.02384033,0.14873047,0.13798828000000002,0.130371094,0.09580078,"Cytoplasm, Nucleus",Nucleus
ENSP00000463107,0.111621096,0.522656252,0.621875,0.261132812,0.056005860000000005,0.304492188,0.040319824,0.19365234199999998,0.103222656,0.240234376,0.034118654,"Cytoplasm, Nucleus","Cytoplasm, Cell membrane"
ENSP00000462500,0.185546876,0.546875,0.391015624,0.288867188,0.120019532,0.26875,0.09062500200000001,0.236523438,0.33652343399999995,0.238476562,0.064746092,Cytoplasm,"Mitochondrion, Endoplasmic reticulum"
ENSP00000456341,0.24199218599999997,0.497265626,0.559375,0.28476562800000005,0.144433594,0.46953125,0.03905029,0.205078124,0.387500002,0.28339844,0.10834961000000001,"Cytoplasm, Nucleus",Cell membrane
ENSP00000451809,0.168749998,0.51640625,0.57109375,0.456640624,0.151367184,0.215429688,0.08937988200000001,0.128906248,0.130371094,0.225976564,0.014648436,"Cytoplasm, Nucleus",Mitochondrion
ENSP00000430614,0.170117188,0.590625,0.58671875,0.462499998,0.13955078,0.208203126,0.056713866,0.059375,0.15546875,0.10986328199999999,0.123388672,"Cytoplasm, Nucleus",Golgi apparatus
ENSP00000390830,0.64140625,0.288281252,0.26796874600000004,0.114160156,0.22753906200000001,0.525,0.065454102,0.76796875,0.40039062400000003,0.435156248,0.14912109599999998,"Membrane, Endoplasmic reticulum",Nucleus
ENSP00000499303,0.208984374,0.55546875,0.510546874,0.299609376,0.12353515600000001,0.336718752,0.029052731999999998,0.149902342,0.196582032,0.179589844,0.041064452,Cytoplasm,Nucleus
ENSP00000473541,0.20800781399999999,0.457031248,0.5140625,0.51796875,0.142382812,0.45937499800000003,0.126464846,0.189355468,0.137890626,0.25410156,0.01774902,None,"Cytoplasm, Nucleus"
ENSP00000424124,0.196875,0.56953125,0.56171875,0.355078124,0.10996093600000001,0.385937502,0.019250485999999997,0.171972656,0.138574218,0.20927734400000003,0.099804686,"Cytoplasm, Nucleus",Nucleus
ENSP00000413962,0.31367187799999996,0.475390626,0.327734376,0.32255859200000003,0.15322265399999999,0.3921875,0.021466066,0.33398437599999997,0.178125,0.284179688,0.06635742,Cytoplasm,Cytoplasm
ENSP00000397787,0.238085938,0.529296874,0.491796876,0.37890625,0.107324216,0.45507812599999997,0.094213868,0.24804687800000003,0.1609375,0.203320314,0.043139647999999996,Cytoplasm,Nucleus
ENSP00000494068,0.188085938,0.465625,0.61796875,0.466015624,0.114941406,0.428906252,0.100537108,0.12275390400000001,0.250781252,0.281640624,0.0045776359999999995,Nucleus,Endoplasmic reticulum
ENSP00000475294,0.19257812400000002,0.476953128,0.67109375,0.21650391,0.13964843600000001,0.320898436,0.03988037,0.14707031199999998,0.20078125,0.315625,0.0513916,"Cytoplasm, Nucleus",Cytoplasm
ENSP00000393507,0.240624998,0.549609374,0.48632812400000003,0.158984372,0.134863282,0.309960936,0.093188478,0.07470703199999999,0.259375,0.169628906,0.008961486000000001,Cytoplasm,Cytoplasm
ENSP00000243893,0.20996093600000001,0.533203126,0.483593748,0.317578124,0.12812500200000002,0.300390626,0.07335205,0.2,0.175683594,0.20439453200000002,0.11936035200000002,Cytoplasm,"Cytoplasm, Cell membrane"
ENSP00000467641,0.18847656399999999,0.46679687200000003,0.538671874,0.266210936,0.11074218800000002,0.35781249800000003,0.089941406,0.14785156400000002,0.19921875,0.22753906399999999,0.094555664,Nucleus,Cell membrane
ENSP00000449571,0.220507814,0.483984376,0.421874998,0.364648438,0.155664062,0.4296875,0.05884399600000001,0.195703122,0.26015625,0.16826172199999997,0.054760741999999994,Cytoplasm,Mitochondrion
ENSP00000448045,0.15126953,0.5921875,0.452734374,0.68203125,0.106542968,0.24892578199999998,0.072363282,0.099609376,0.05925293,0.237890624,0.136865234,"Cytoplasm, Extracellular",Cytoplasm
ENSP00000421174,0.16875000199999998,0.441796876,0.398046874,0.825,0.119433594,0.395703124,0.036853028,0.15151367,0.1203125,0.236132812,0.057421878,Extracellular,Cell membrane
ENSP00000410044,0.2578125,0.53515625,0.520703124,0.246874998,0.12070312400000001,0.523828126,0.05849609200000001,0.288867186,0.37187499599999996,0.34921875199999997,0.062451172,Cytoplasm,Nucleus
ENSP00000407096,0.2328125,0.500390626,0.5015625,0.17558594,0.06518554800000001,0.423046874,0.168554688,0.423046876,0.273437498,0.232226562,0.28144531,Cytoplasm,Peroxisome
ENSP00000495519,0.220703126,0.565625,0.575,0.293945316,0.102246094,0.338671876,0.10275878999999999,0.246679688,0.208984376,0.221093748,0.046594236,"Cytoplasm, Nucleus",Nucleus
ENSP00000465164,0.07944336199999999,0.5515625,0.51171875,0.38828125,0.06494140600000001,0.055786134,0.012126158,0.060864256000000005,0.117773438,0.058300781999999995,0.011486052,Cytoplasm,"Cytoplasm, Nucleus"
ENSP00000428255,0.15517578199999998,0.6390625,0.462109376,0.130664062,0.138476564,0.205078124,0.021051024,0.164941406,0.09306640799999999,0.16015625,0.011187745999999998,Cytoplasm,Cytoplasm
ENSP00000423072,0.34960937400000003,0.59609375,0.31171875,0.13955078199999998,0.31816406399999997,0.32421875,0.07468261600000001,0.2890625,0.24472656399999998,0.354492188,0.076416016,Cytoplasm,"Cytoplasm, Mitochondrion"
ENSP00000506493,0.19824219,0.417968748,0.5195312519999999,0.327148438,0.080175782,0.207421876,0.048205566,0.146289062,0.230078124,0.162207032,0.11018066200000001,None,"Cytoplasm, Cell membrane"
ENSP00000504071,0.24453125,0.491015626,0.455859376,0.21455078199999997,0.10732422000000001,0.65546875,0.038720704,0.269921874,0.23964843600000002,0.32226562599999997,0.057910156000000004,"Cytoplasm, Mitochondrion",Mitochondrion
ENSP00000501857,0.1671875,0.52421875,0.59453125,0.378906252,0.12041015399999999,0.456640626,0.040551760000000006,0.163867188,0.15439453,0.218164064,0.198828124,"Cytoplasm, Nucleus",Nucleus
ENSP00000492676,0.210742186,0.477734374,0.5875,0.43203125,0.130371094,0.3453125,0.05703125000000001,0.129589846,0.14980469,0.195312502,0.05583495999999999,"Cytoplasm, Nucleus","Cytoplasm, Nucleus"
ENSP00000466919,0.23300781,0.52890625,0.58515625,0.341015624,0.13515625199999998,0.434374998,0.080126954,0.163281248,0.171874998,0.21953125199999998,0.013098144,"Cytoplasm, Nucleus",Cytoplasm
ENSP00000456655,0.218554688,0.63515625,0.59453125,0.11621093599999999,0.129101562,0.502734376,0.04975586,0.199121092,0.09716796999999999,0.265429686,0.12778320199999998,"Cytoplasm, Nucleus",Nucleus
ENSP00000452300,0.10693359399999999,0.6578125,0.494921876,0.10092773400000002,0.09912109399999999,0.2578125,0.028393555999999997,0.19257812400000002,0.09868163999999999,0.288476562,0.022143554,Cytoplasm,Cell membrane
ENSP00000450780,0.14677734599999998,0.61484375,0.423046876,0.125732424,0.08989257800000001,0.07675781400000001,0.035809326,0.10234374800000001,0.083642576,0.172558594,0.006692508,Cytoplasm,Nucleus
ENSP00000418252,0.23749999800000002,0.512109376,0.475781248,0.40781250199999997,0.0875,0.341210936,0.07088623200000001,0.157031248,0.167968748,0.239062498,0.032336426,Cytoplasm,"Cytoplasm, Cell membrane"
ENSP00000467710,0.153710938,0.52109375,0.557421874,0.15517578199999998,0.16640625000000003,0.3984375,0.011779784000000001,0.10693359399999999,0.21748046800000004,0.199121092,0.009362792,"Cytoplasm, Nucleus","Cytoplasm, Cell membrane"
ENSP00000453480,0.26992187399999995,0.432812502,0.298242188,0.556640626,0.146875,0.40078125,0.07154541,0.16875,0.128515624,0.35859375,0.010864258000000002,None,Mitochondrion
ENSP00000452500,0.20839843600000002,0.57265625,0.45195312199999993,0.407421876,0.107226562,0.365820314,0.05283203200000001,0.14355468600000001,0.226171874,0.282031252,0.08696289,Cytoplasm,Nucleus
ENSP00000435220,0.218359376,0.553125,0.58984375,0.382812502,0.17324218400000002,0.244140624,0.04436034999999999,0.096289064,0.13388672,0.18701172000000002,0.008978271999999999,"Cytoplasm, Nucleus",Cytoplasm
ENSP00000392049,0.152343748,0.476953128,0.540625,0.45468750199999997,0.083789062,0.292578124,0.05913085999999999,0.175292968,0.229882812,0.231054688,0.019958496,"Cytoplasm, Nucleus",Cytoplasm
ENSP00000387481,0.217578124,0.444921874,0.478125,0.34921875,0.10937499799999999,0.423046876,0.09013671999999999,0.152246094,0.12163085999999998,0.235546876,0.059106444,None,Nucleus
ENSP00000476460,0.172265626,0.6140625,0.42773437400000003,0.452343748,0.076953124,0.290234372,0.044500734,0.143847656,0.156054688,0.154785156,0.055444336,Cytoplasm,Cell membrane
ENSP00000452200,0.165039066,0.429687498,0.317578126,0.8875,0.10170898399999999,0.171728514,0.155761718,0.050952149999999995,0.022753906,0.135107422,0.06391601599999999,Extracellular,Nucleus
ENSP00000428531,0.24511718799999999,0.55703125,0.5328125,0.21748046599999998,0.12705078,0.452343748,0.05595703,0.17197265599999997,0.154394532,0.16689453199999998,0.099218748,"Cytoplasm, Nucleus",Cytoplasm
ENSP00000408802,0.292578126,0.51875,0.59140625,0.225,0.18867187400000002,0.508203124,0.045617674000000004,0.276562502,0.159570314,0.21191405999999996,0.089868166,"Cytoplasm, Nucleus",Cytoplasm
ENSP00000469760,0.143164062,0.512890624,0.57578125,0.242578126,0.08154296999999999,0.302929684,0.140625,0.253906252,0.254492186,0.23554687400000002,0.145410156,"Cytoplasm, Nucleus","Cytoplasm, Nucleus"
ENSP00000466684,0.22167968999999998,0.553125,0.492187502,0.3078125,0.12011719000000001,0.4125,0.08745117399999999,0.27929687799999997,0.166113282,0.281054688,0.180371094,Cytoplasm,Cytoplasm
ENSP00000464530,0.1640625,0.6125,0.481640624,0.53203125,0.14326171799999998,0.5203125,0.027111818,0.080566408,0.25644531400000004,0.20566406399999998,0.115039064,Cytoplasm,"Cytoplasm, Nucleus"
ENSP00000430805,0.27109375,0.45390625,0.5453125,0.13642577800000003,0.12773437599999998,0.359374998,0.057373048,0.27109375,0.261914062,0.222265624,0.13925780999999998,Nucleus,"Cytoplasm, Nucleus"
ENSP00000504163,0.251171874,0.53828125,0.436328126,0.54375,0.129785156,0.397265626,0.077539064,0.16992187799999997,0.1578125,0.260546876,0.029843142,Cytoplasm,"Cytoplasm, Nucleus"
ENSP00000502465,0.17324218600000002,0.522265626,0.56875,0.43164062599999997,0.127148438,0.452343748,0.074438476,0.125195314,0.152636718,0.19296875,0.23701171800000004,"Cytoplasm, Nucleus",Nucleus
ENSP00000484996,0.17109374800000002,0.546875,0.41484375,0.524999998,0.105371094,0.367578126,0.076171876,0.16894531200000001,0.234765624,0.274804686,0.087060546,Cytoplasm,Nucleus
ENSP00000455953,0.205078126,0.48632812200000003,0.51328125,0.266406252,0.10371093599999999,0.219921876,0.063842772,0.20996093799999999,0.40078125,0.2234375,0.240820312,Cytoplasm,Nucleus
ENSP00000448671,0.177148438,0.571875,0.52578125,0.60546875,0.093945312,0.31835937599999997,0.09245605800000001,0.06884765600000001,0.116894528,0.17822266,0.022424314,Cytoplasm,Cell membrane
ENSP00000426535,0.103417968,0.376171876,0.44453125,0.590625,0.049609374,0.44335937599999997,0.10688476799999999,0.19130859400000003,0.080310058,0.133203126,0.32380371,None,Nucleus
ENSP00000426210,0.24296875,0.489843748,0.462109374,0.23603515600000002,0.171191406,0.467187502,0.025854494,0.179394532,0.201953124,0.194433594,0.041467286,Cytoplasm,Cell membrane
ENSP00000402190,0.189648438,0.5953125,0.55078125,0.33359375,0.151953124,0.518750002,0.01599121,0.132910154,0.11337890799999999,0.129785156,0.026293944000000003,"Cytoplasm, Nucleus",Nucleus
ENSP00000395237,0.207421876,0.501171876,0.5828125,0.37265625399999996,0.082128906,0.44375,0.026721191999999998,0.17236328,0.22734375,0.19824218600000001,0.05622558600000001,"Cytoplasm, Nucleus","Cytoplasm, Nucleus"
ENSP00000388688,0.20175781399999998,0.53046875,0.58203125,0.504687502,0.137597656,0.376757812,0.03636474399999999,0.121875,0.09248046800000001,0.21015625,0.02281494,"Cytoplasm, Nucleus",Cytoplasm
ENSP00000453192,0.277734374,0.511328126,0.446875,0.481640624,0.14453125,0.44726562599999997,0.075598144,0.189062502,0.244140626,0.259375002,0.022845458,Cytoplasm,Mitochondrion
ENSP00000475450,0.225390624,0.583984376,0.49804687400000003,0.042138674,0.13769531,0.34599609400000003,0.007376097999999999,0.23730468600000001,0.037011718000000006,0.088574216,0.028265379999999996,Cytoplasm,Nucleus
ENSP00000466640,0.252148438,0.519921874,0.491796876,0.41796875,0.16660156399999998,0.46640625,0.073535156,0.132421876,0.155957032,0.299218752,0.008023072000000001,Cytoplasm,Nucleus
ENSP00000459602,0.18125,0.380078126,0.394140622,0.5734375,0.048291014,0.374609376,0.102026366,0.224414062,0.11240234,0.194921876,0.4166015639999999,None,Nucleus
ENSP00000349253,0.35312500199999997,0.502734374,0.479296874,0.21972656200000001,0.131933594,0.543359376,0.066357422,0.442968748,0.341015626,0.390234374,0.045263672000000005,Cytoplasm,"Cytoplasm, Cell membrane"
ENSP00000490160,0.236328126,0.469140624,0.433203126,0.363671876,0.09702148399999999,0.5546875,0.080517578,0.369921874,0.27539062799999997,0.378125,0.205566408,None,Mitochondrion
ENSP00000437899,0.193164062,0.498437502,0.58671875,0.234374998,0.084863282,0.300000002,0.027783202,0.22187499800000002,0.326562496,0.23359375,0.08991699,"Cytoplasm, Nucleus","Nucleus, Cell membrane"
ENSP00000415292,0.381640624,0.484374998,0.476953126,0.25761719,0.159082028,0.476171876,0.024804686,0.40000000199999997,0.329101562,0.3765625,0.06015625,Cytoplasm,Golgi apparatus
ENSP00000408534,0.21367187599999998,0.51640625,0.60234375,0.3203125,0.143164062,0.266796874,0.03083496,0.131054686,0.14570312400000002,0.251171876,0.026647947999999998,"Cytoplasm, Nucleus",Nucleus
ENSP00000400569,0.35039062200000004,0.483984374,0.4890625,0.3109375,0.140039066,0.523828126,0.06914062400000001,0.316796874,0.295898438,0.32656250400000003,0.06802978200000001,Cytoplasm,Cytoplasm
ENSP00000430424,0.165820314,0.60703125,0.5203125,0.221484374,0.158398438,0.280664062,0.017779542,0.16748047,0.240234376,0.23359375,0.006695556,Cytoplasm,Cytoplasm
ENSP00000457149,0.29980468800000004,0.366015626,0.347265626,0.479296874,0.165625002,0.43945312799999997,0.04055175800000001,0.370312502,0.41523437799999996,0.37265625,0.22031249800000002,None,Cell membrane
ENSP00000438862,0.249414062,0.6,0.458203124,0.298828122,0.142871094,0.34999999800000003,0.053149414000000006,0.15332031399999999,0.152832032,0.18613281399999998,0.090673828,Cytoplasm,Nucleus
ENSP00000400271,0.11904296799999999,0.54296875,0.603125,0.187695312,0.05278320400000001,0.43203124800000003,0.027734374,0.11796875,0.095410158,0.209179688,0.027563475999999996,"Cytoplasm, Nucleus",Mitochondrion
ENSP00000455184,0.269921878,0.446093748,0.393359376,0.268164064,0.134863282,0.54453125,0.035681151999999994,0.241015624,0.162890624,0.20703125,0.27158203200000003,None,Mitochondrion
ENSP00000504110,0.311132816,0.5203125,0.544921876,0.09345703200000002,0.10419921799999998,0.58671875,0.055734254,0.148535158,0.228906248,0.191503906,0.022747804,"Cytoplasm, Nucleus",Cytoplasm
ENSP00000468113,0.260937502,0.47421875,0.56484375,0.28496094,0.1609375,0.437109376,0.044311524000000005,0.15214844,0.172265624,0.230859374,0.033898925999999996,"Cytoplasm, Nucleus","Cytoplasm, Nucleus"
ENSP00000387607,0.205859374,0.5984375,0.439843752,0.536328126,0.153320314,0.26640624599999996,0.061328124,0.0859375,0.07148437599999999,0.178613282,0.023657226,Cytoplasm,Nucleus
ENSP00000429046,0.191796876,0.38671875,0.44921875,0.17744140800000002,0.160839844,0.423046876,0.094750978,0.16215820200000003,0.02652588,0.040820313999999996,0.007818604000000002,None,Cytoplasm
ENSP00000464790,0.37890625,0.45117187599999997,0.50234375,0.136523438,0.207226562,0.480859376,0.021893310000000003,0.301953122,0.271875,0.311718752,0.024304198,None,Nucleus
ENSP00000477296,0.246484374,0.4265625,0.5796875,0.276562502,0.090527344,0.358984372,0.030139159999999998,0.284375,0.29101562799999997,0.24453125200000003,0.07788086000000001,Nucleus,"Cytoplasm, Nucleus"
