ACC,Membrane,Cytoplasm,Nucleus,Extracellular,Cell membrane,Mitochondrion,Plastid,Endoplasmic reticulum,Lysosome/Vacuole,Golgi apparatus,Peroxisome,predicted_label,true_label
ENSP00000507895,0.30273437400000003,0.646875,0.47265625,0.47324218599999995,0.241308592,0.1828125,0.022021486,0.11093750200000001,0.032934568,0.20517577999999997,0.039297486,Cytoplasm,"Cytoplasm, Cell membrane"
ENSP00000505728,0.061181642,0.254101562,0.90859375,0.066455078,0.042968748,0.07890625000000001,0.005445862,0.110449218,0.025415038,0.036791992,0.002700806,Nucleus,Nucleus
ENSP00000496878,0.80234375,0.210742188,0.09902343599999999,0.276757812,0.759375,0.10039062400000001,0.003962708,0.25976562599999997,0.56328125,0.351562502,0.105224608,"Membrane, Cell membrane",Cytoplasm
ENSP00000496254,0.44335937599999997,0.76171875,0.228515624,0.065478516,0.446093748,0.160937498,0.0025283799999999998,0.188867188,0.252539062,0.24316406200000001,0.032263184,Cytoplasm,Nucleus
ENSP00000495099,0.31015625,0.696875,0.48671875,0.07084961199999999,0.17421874799999998,0.141699216,0.013218688000000001,0.291992188,0.267968752,0.46250000199999997,0.007507324,Cytoplasm,Cytoplasm
ENSP00000493871,0.042944336,0.56953125,0.92265625,0.044921874,0.060693359999999995,0.088964844,0.014044189999999998,0.054541016,0.03369140599999999,0.039379882,0.00405731,"Cytoplasm, Nucleus",Nucleus
ENSP00000490913,0.09804687599999999,0.62890625,0.740625,0.039025878,0.13183593600000001,0.135058594,0.016418458,0.04663086,0.052001952,0.11064452999999999,0.156250002,"Cytoplasm, Nucleus",Nucleus
ENSP00000490728,0.039892578,0.5375,0.93671875,0.056860352,0.06572265800000002,0.08110351400000002,0.016564938,0.040063478,0.027050781999999995,0.028710936,0.004014586,"Cytoplasm, Nucleus",Nucleus
ENSP00000490116,0.08466797000000001,0.36875000199999997,0.9125,0.13178711,0.10195312599999999,0.11791992,0.008587644,0.047436523999999994,0.01055298,0.040771484,0.0062896739999999994,Nucleus,Nucleus
ENSP00000484669,0.13574218799999999,0.325585938,0.90859375,0.061279297999999996,0.046411134,0.081884766,0.00048675599999999997,0.22792968600000002,0.086376952,0.204296876,0.00048332000000000003,Nucleus,Nucleus
ENSP00000480219,0.046679686,0.277148436,0.934375,0.09741210800000001,0.032250978,0.09584961,0.001039124,0.04970703,0.020629883999999998,0.035302732,0.00152893,Nucleus,Nucleus
ENSP00000478783,0.401171876,0.4859375,0.52421875,0.028723144,0.218359376,0.080761718,0.009350586000000001,0.23994140600000002,0.31513672,0.405078126,0.003159332,Cytoplasm,Cytoplasm
ENSP00000466285,0.37734374800000003,0.60390625,0.33007812599999997,0.275683594,0.34140625199999997,0.401953124,0.002690126,0.246484376,0.09814453199999999,0.11630859199999999,0.009895326000000001,Cytoplasm,Cytoplasm
ENSP00000453443,0.312109374,0.703125,0.399218752,0.06518554600000001,0.40429687599999997,0.175781248,0.001389312,0.25703125000000004,0.119140624,0.17080078,0.01945801,Cytoplasm,"Cytoplasm, Nucleus"
ENSP00000431179,0.315624998,0.68828125,0.39609375,0.089648436,0.385546874,0.174023436,0.011163329999999999,0.187304684,0.232421874,0.48828125,0.09096679599999999,Cytoplasm,"Cytoplasm, Cell membrane"
ENSP00000431129,0.388281248,0.753125,0.226171876,0.04614258,0.33437500200000003,0.262695314,0.001329804,0.28515625,0.223242188,0.271679688,0.0075439439999999995,Cytoplasm,Cytoplasm
ENSP00000418408,0.055859374,0.373828126,0.81015625,0.06430664,0.037817383999999996,0.09633789200000001,0.04782714800000001,0.11083984399999999,0.01612549,0.083642576,0.008850098,Nucleus,Nucleus
ENSP00000417570,0.3890625,0.33867187200000004,0.146972656,0.7171875,0.417578126,0.20234375,0.009899904000000001,0.30078125,0.355078126,0.404687502,0.04924316399999999,Extracellular,Cytoplasm
ENSP00000414689,0.343554686,0.287500002,0.288671876,0.6953125,0.422265626,0.130761718,0.003421022,0.2203125,0.142773436,0.209375,0.00687561,Extracellular,Cell membrane
ENSP00000414510,0.303125,0.80234375,0.252929688,0.23251953200000003,0.332031254,0.211523438,0.008129879999999999,0.20214843799999999,0.254492188,0.476171874,0.01067047,Cytoplasm,Nucleus
ENSP00000412763,0.78515625,0.242187502,0.11796875,0.326953126,0.73671875,0.099804688,0.02022705,0.258593752,0.46640625,0.43359375,0.04736328200000001,"Membrane, Cell membrane",Golgi apparatus
ENSP00000410157,0.271679688,0.539453126,0.501171878,0.024816892,0.269531252,0.109375,0.011721802,0.187890626,0.37578125,0.304296872,0.00046215000000000004,Cytoplasm,Nucleus
ENSP00000409472,0.273046876,0.473828124,0.417968748,0.22265625,0.19023437599999998,0.220507814,0.027783203999999995,0.232226562,0.269531254,0.315234378,0.09472656399999999,Cytoplasm,Cytoplasm
ENSP00000407046,0.83359375,0.301171874,0.13398437400000002,0.044995116,0.507421876,0.09013671999999999,0.004873658,0.491015626,0.418749998,0.59140625,0.03411865,Membrane,Cell membrane
ENSP00000400217,0.2875,0.257421876,0.15625,0.878125,0.308984376,0.13623047000000002,0.010772705999999998,0.321289062,0.343359374,0.346484374,0.021240234000000004,Extracellular,Cell membrane
ENSP00000395538,0.07397461,0.58359375,0.555078124,0.273242186,0.142675782,0.14169922000000001,0.00345001,0.26796875,0.014593506000000001,0.09941406400000001,0.016009522,"Cytoplasm, Nucleus","Cytoplasm, Nucleus, Mitochondrion"
ENSP00000387070,0.202929688,0.7734375,0.53671875,0.024517822,0.14482422,0.115039062,0.005766296,0.215429688,0.10224609200000001,0.24746093600000002,0.011245724,"Cytoplasm, Nucleus",Cytoplasm
ENSP00000386239,0.12822265800000002,0.55546875,0.734375,0.095898436,0.119335938,0.269140626,0.0011840779999999999,0.179882812,0.099902346,0.13574219,0.020007324,"Cytoplasm, Nucleus",Nucleus
ENSP00000384215,0.055761718,0.198339844,0.934375,0.009429932,0.043676758,0.136718748,0.010293577999999998,0.03881836,0.039892578,0.036376952000000004,0.035327148,Nucleus,Nucleus
ENSP00000382269,0.261132812,0.72109375,0.539453124,0.036688232,0.14013672,0.242578126,0.021118164,0.20439453200000002,0.305859376,0.15048827800000003,0.004260254,"Cytoplasm, Nucleus",Nucleus
ENSP00000381170,0.284179686,0.81484375,0.535546876,0.028051760000000002,0.286523438,0.11513672,0.002999876,0.131347656,0.16914062400000002,0.20546875400000003,0.022753904,"Cytoplasm, Nucleus",Cell membrane
ENSP00000380888,0.193066406,0.6671875,0.70703125,0.008883668,0.094335938,0.269335936,0.008728026,0.172070314,0.340624998,0.19238281200000001,0.058801269999999996,"Cytoplasm, Nucleus",Nucleus
ENSP00000379083,0.366015624,0.65546875,0.407031248,0.47060547,0.32480469,0.221875002,0.022766111999999998,0.099804688,0.049389648,0.17460937399999998,0.07297362999999998,Cytoplasm,"Cytoplasm, Cell membrane"
ENSP00000377634,0.072412108,0.371093752,0.878125,0.029150392000000004,0.056884765999999996,0.04543457,0.003430176,0.092871094,0.014697263999999998,0.026989746,0.008758546000000002,Nucleus,Nucleus
ENSP00000374443,0.319140626,0.6078125,0.421093748,0.040795898,0.274804688,0.167089844,0.013305662000000001,0.309570314,0.399804688,0.372265624,0.015936280000000004,Cytoplasm,Nucleus
ENSP00000366757,0.367968748,0.8109375,0.17646484399999998,0.03857422,0.398046876,0.214257814,0.0020278939999999997,0.20234374800000002,0.220898438,0.295703128,0.006549072,Cytoplasm,Cytoplasm
ENSP00000364003,0.38476562599999997,0.6625,0.422656248,0.045166018,0.457031248,0.23984375,0.005729677999999999,0.27578125,0.249804688,0.20566406,0.037329102,Cytoplasm,"Nucleus, Cell membrane"
ENSP00000363891,0.8625,0.14335937599999998,0.132128906,0.021594236,0.541796876,0.152734374,0.012158964,0.434960938,0.390039062,0.355468748,0.0151001,"Membrane, Cell membrane",Golgi apparatus
ENSP00000363642,0.05234375200000001,0.224414064,0.85625,0.020153806,0.047631836000000004,0.115136718,0.001400756,0.147851562,0.022888184,0.047778318,0.00384674,Nucleus,Nucleus
ENSP00000362580,0.387890626,0.72109375,0.328515624,0.085327152,0.5703125,0.174511718,0.004229737999999999,0.132910156,0.257617188,0.154589842,0.04822388,"Cytoplasm, Cell membrane",Cell membrane
ENSP00000357206,0.210742186,0.690625,0.417578122,0.204882814,0.190234376,0.24775390799999997,0.001510618,0.15332031200000001,0.222460938,0.4390625,0.028491212,Cytoplasm,Cytoplasm
ENSP00000356716,0.11298828000000001,0.71015625,0.5765625,0.062548828,0.093847656,0.046777344,0.0037612880000000002,0.13046875,0.068603516,0.21777343600000001,0.012074282,"Cytoplasm, Nucleus",Cytoplasm
ENSP00000355922,0.10527343600000001,0.4953125,0.85703125,0.051806642,0.072216796,0.070312498,0.009729004,0.063085938,0.03125,0.177734376,0.007562256000000001,"Cytoplasm, Nucleus",Nucleus
ENSP00000354828,0.16699218600000001,0.494921874,0.79375,0.061132814,0.12187499800000001,0.326953128,0.001675414,0.126367186,0.121484378,0.09326171800000001,0.012774658,"Cytoplasm, Nucleus",Nucleus
ENSP00000353010,0.499218748,0.47421875,0.352539062,0.038500976,0.23515625,0.61484375,0.011700440000000001,0.441015626,0.401953124,0.447656252,0.006616212000000001,"Membrane, Cytoplasm",Nucleus
ENSP00000352794,0.4265625,0.6890625,0.32734375,0.19072265800000002,0.48046875,0.15302734199999998,0.021972658,0.42109375,0.26484375,0.44687500199999997,0.037213136,Cytoplasm,"Cytoplasm, Cell membrane"
ENSP00000352413,0.81875,0.23925781399999999,0.155175778,0.012988282,0.7234375,0.13984375,0.0023330660000000004,0.363281248,0.24121093999999998,0.118164062,0.013671873999999997,"Membrane, Cell membrane",Cytoplasm
ENSP00000351185,0.140527342,0.57734375,0.59140625,0.07436523599999999,0.072729492,0.21650390799999997,0.0064651479999999996,0.16640625199999998,0.052392576,0.096191406,0.00520935,"Cytoplasm, Nucleus",Mitochondrion
ENSP00000348564,0.220507814,0.64921875,0.453515626,0.089990234,0.129101564,0.195898438,0.0027648939999999995,0.326367188,0.248437498,0.375781252,0.07797851400000001,Cytoplasm,"Cytoplasm, Cell membrane"
ENSP00000344383,0.306835938,0.69765625,0.47109375,0.081347656,0.178710936,0.13554687599999998,0.012480166000000001,0.2953125,0.266210936,0.476953124,0.0060699460000000005,Cytoplasm,Cytoplasm
ENSP00000328426,0.098828124,0.479296874,0.7484375,0.088281252,0.08232421799999999,0.11015625,0.024243164,0.09492187599999999,0.071923828,0.092089844,0.016333008,"Cytoplasm, Nucleus","Cytoplasm, Nucleus"
ENSP00000321813,0.176171876,0.5078125,0.7828125,0.060449218000000006,0.123242188,0.342773438,0.00117874,0.121972656,0.140625,0.10175780999999999,0.012561036000000001,"Cytoplasm, Nucleus",Nucleus
ENSP00000313933,0.10620117199999998,0.463671876,0.8171875,0.011389162,0.08564453400000001,0.11474609399999999,0.005987548,0.071582028,0.062402344,0.115429688,0.010412598,Nucleus,Nucleus
ENSP00000301607,0.22382812200000002,0.6921875,0.4171875,0.14238281400000002,0.18105469000000002,0.152734374,0.024145510000000002,0.10507812400000001,0.246679688,0.35351562599999997,0.006155394,Cytoplasm,Cytoplasm
ENSP00000300648,0.375390626,0.587890626,0.604296876,0.020080566,0.292382812,0.39140625,0.09443359599999998,0.24443359400000003,0.246484376,0.31445312400000003,0.0382782,"Cytoplasm, Nucleus",Cytoplasm
ENSP00000297268,0.268945314,0.174609374,0.149609376,0.921875,0.197656248,0.061230468,0.009010316,0.348828124,0.101660156,0.10541992,0.0023376440000000003,Extracellular,Endoplasmic reticulum
ENSP00000294383,0.210546874,0.67890625,0.578125,0.059570309999999994,0.204492188,0.10917968599999998,0.014886474,0.19941406,0.325000002,0.382421874,0.0033874520000000004,"Cytoplasm, Nucleus","Cytoplasm, Nucleus"
ENSP00000281282,0.229882812,0.7796875,0.339648438,0.028564454,0.204296876,0.10659179599999999,0.0020896900000000004,0.134082032,0.14033203,0.38476562599999997,0.00325012,Cytoplasm,Cell membrane
ENSP00000280758,0.30703125400000003,0.5578125,0.534375,0.032897947999999996,0.279882812,0.08715820199999999,0.009277344,0.223242186,0.364453124,0.398828126,0.00078087,"Cytoplasm, Nucleus",Nucleus
ENSP00000271636,0.19765625,0.7046875,0.289648436,0.05473632799999999,0.148828126,0.105566406,0.0031433119999999997,0.12578125,0.1765625,0.272070312,0.013232423999999998,Cytoplasm,Cell membrane
ENSP00000264868,0.86796875,0.197265624,0.17070312599999998,0.072070312,0.465625002,0.216601562,0.016357422,0.73828125,0.445703124,0.455468752,0.163281254,"Membrane, Endoplasmic reticulum",Nucleus
ENSP00000262376,0.060205076,0.31640625,0.8984375,0.060693357999999996,0.044799804000000006,0.050097656000000004,0.005056766000000001,0.07934570599999999,0.076220704,0.03737793,0.003163148,Nucleus,Nucleus
ENSP00000261609,0.1984375,0.64296875,0.55390625,0.046215820000000005,0.11582031200000001,0.23613281000000003,0.022949218,0.178124998,0.25449219,0.216210938,0.014587402000000003,"Cytoplasm, Nucleus",Cytoplasm
ENSP00000253048,0.035180664,0.37265625,0.83671875,0.24853515599999998,0.027514647999999996,0.033361816,0.004315187999999999,0.07817382599999999,0.050097656000000004,0.11005859200000001,0.00052452,Nucleus,"Cytoplasm, Nucleus"
ENSP00000252996,0.06074218800000001,0.50078125,0.88125,0.10644531399999999,0.08466797,0.046923828,0.0006381980000000001,0.050219726,0.061865234000000005,0.091406248,0.0040397639999999995,"Cytoplasm, Nucleus",Nucleus
ENSP00000247087,0.075390628,0.422656252,0.90078125,0.021862792000000002,0.066601562,0.10219726600000001,0.0032012959999999993,0.084033202,0.029931640000000002,0.052587892000000004,0.0025421140000000007,Nucleus,Nucleus
ENSP00000244007,0.417578122,0.71015625,0.453515628,0.05898437399999999,0.461718752,0.12998047,0.0018630979999999999,0.146191408,0.2015625,0.218750002,0.002394104,Cytoplasm,Cytoplasm
ENSP00000263773,0.20546875,0.383203126,0.72890625,0.024765016,0.210546878,0.056835937999999996,0.009819032,0.185058594,0.09116210599999999,0.210253906,0.0021194459999999997,Nucleus,Nucleus
ENSP00000416033,0.14726562599999998,0.72734375,0.37265625,0.214062496,0.187500002,0.20234374800000002,0.006704712,0.198632812,0.138183596,0.197851562,0.072558594,Cytoplasm,Nucleus
ENSP00000364042,0.7625,0.243554688,0.14091797,0.344335938,0.7234375,0.090039062,0.0018070219999999997,0.308398436,0.531640626,0.43671875,0.01303253,"Membrane, Cell membrane",Cell membrane
ENSP00000355889,0.23574218599999996,0.182226562,0.17070312599999998,0.09389648399999999,0.11162109,0.87265625,0.00734253,0.128124998,0.09384765799999999,0.115624998,0.05043945200000001,Mitochondrion,Mitochondrion
ENSP00000305839,0.512109376,0.454296876,0.57265625,0.139941406,0.674609374,0.217382812,0.00454712,0.198632814,0.30273437599999997,0.387695312,0.010656740000000001,"Membrane, Nucleus, Cell membrane",Cell membrane
ENSP00000463929,0.88203125,0.177929688,0.15312499799999998,0.007141114,0.551953126,0.134960938,0.002256774,0.54453125,0.71484375,0.494921876,0.00264664,"Membrane, Cell membrane, Lysosome/Vacuole",Nucleus
ENSP00000382610,0.343749998,0.63125,0.362890626,0.14355468799999999,0.41601562400000003,0.224023438,0.003900144,0.263867188,0.297460938,0.402734374,0.028027346,Cytoplasm,"Cytoplasm, Nucleus"
ENSP00000496378,0.339648438,0.70546875,0.280273438,0.042700194,0.214453124,0.22529296999999998,0.0051422099999999995,0.2859375,0.515625,0.77265625,0.008987423999999999,"Cytoplasm, Golgi apparatus",Golgi apparatus
ENSP00000413889,0.270898438,0.575,0.504296876,0.02401123,0.22705077999999998,0.11884765800000001,0.012145996000000001,0.200781252,0.398046876,0.41015625,0.000674818,Cytoplasm,Nucleus
ENSP00000349439,0.550390626,0.233007812,0.27929687400000003,0.18076172,0.298632812,0.188085934,0.005308532,0.70703125,0.305664062,0.576953126,0.008923340000000002,"Membrane, Endoplasmic reticulum","Cytoplasm, Cell membrane"
ENSP00000313624,0.057421874,0.258984374,0.93203125,0.034985350000000005,0.042114258,0.068164062,0.002283478,0.055981444000000005,0.048974609999999995,0.040722656,0.017614748,Nucleus,Nucleus
ENSP00000468082,0.40039062599999997,0.625,0.30703125,0.255175782,0.364453124,0.416796874,0.0034774759999999993,0.23574218600000002,0.1078125,0.113867188,0.008819582,Cytoplasm,Cytoplasm
ENSP00000416951,0.118945312,0.340234374,0.7328125,0.154394532,0.160742188,0.13359375,0.000522994,0.11669921999999999,0.029003906000000003,0.064208984,0.002146912,Nucleus,Nucleus
ENSP00000346701,0.78984375,0.255078124,0.2828125,0.190234374,0.38105468600000003,0.148535156,0.0044357319999999995,0.6171875,0.44335937400000003,0.651953124,0.07360839999999999,Membrane,Nucleus
ENSP00000332111,0.13769531200000001,0.6515625,0.441406252,0.270117186,0.13115234599999998,0.179882814,0.146484376,0.134375002,0.085791016,0.181347656,0.41562500199999997,Cytoplasm,"Cytoplasm, Nucleus"
ENSP00000507912,0.144726562,0.283398436,0.77578125,0.078784178,0.108398438,0.043872072000000005,0.0025268559999999996,0.382812502,0.034936524000000004,0.11611328000000001,0.033087158,Nucleus,Nucleus
ENSP00000485253,0.060839844,0.308398438,0.92890625,0.03774414,0.061621094,0.062451172,0.003484346,0.060546873999999994,0.025830078,0.09399413999999999,0.002639772,Nucleus,Nucleus
ENSP00000312277,0.041015626,0.353125,0.8640625,0.043749998,0.018505858,0.05869140599999999,0.009527588,0.06118164,0.018603516,0.06186523399999999,0.0066223179999999994,Nucleus,"Cytoplasm, Nucleus"
ENSP00000370427,0.11943359199999999,0.207617186,0.91640625,0.067871092,0.139648436,0.005682372,0.00932007,0.07451172,0.030029296,0.056469726,0.000858688,Nucleus,Nucleus
ENSP00000467054,0.36953124800000003,0.609375,0.36835937799999996,0.10673828199999999,0.24677734199999998,0.201171874,0.0017196639999999999,0.25468750399999995,0.58125,0.459375,0.005340576,"Cytoplasm, Lysosome/Vacuole","Cytoplasm, Nucleus"
ENSP00000458025,0.04687500000000001,0.387109374,0.91015625,0.10625,0.043041991999999994,0.08164062400000001,0.000793456,0.09082031199999999,0.06362304799999999,0.043603516,0.003427126,Nucleus,Cytoplasm
ENSP00000357460,0.23320312599999998,0.6796875,0.23710937799999998,0.078759764,0.204882812,0.1125,0.00283966,0.17451171999999998,0.41171875,0.6109375,0.014086914,Cytoplasm,Golgi apparatus
ENSP00000406490,0.142089846,0.228710938,0.8609375,0.024584962000000002,0.09506836,0.16679687800000004,0.000556944,0.120800782,0.013024904,0.11342773399999999,0.019958496,Nucleus,Nucleus
ENSP00000374552,0.082666018,0.65390625,0.77421875,0.088867188,0.095996092,0.12792968799999999,0.004249572,0.20820312200000002,0.04748535,0.05307617,0.004208756,"Cytoplasm, Nucleus",Cytoplasm
ENSP00000505762,0.45117187599999997,0.68359375,0.298046874,0.08203124999999999,0.508984374,0.19375000199999998,0.00050106,0.15742187400000002,0.341015626,0.258984374,0.055499268000000004,Cytoplasm,"Cytoplasm, Cell membrane"
ENSP00000391268,0.78125,0.257812498,0.13857422,0.25263672000000004,0.78046875,0.09970703,0.0023468000000000004,0.33007812200000003,0.480078124,0.528515624,0.061791992000000004,"Membrane, Cell membrane",Cell membrane
ENSP00000323191,0.10947265800000001,0.526953126,0.725,0.171386718,0.146484374,0.04633789000000001,0.011206053999999998,0.098193358,0.115625,0.14272460999999997,0.067749024,"Cytoplasm, Nucleus",Nucleus
ENSP00000359837,0.06679687399999999,0.346093752,0.91875,0.015625,0.046240238,0.060546873999999994,0.010330200000000001,0.045751954,0.037695312,0.033715822,0.0073608400000000004,Nucleus,Nucleus
ENSP00000469029,0.07309570000000001,0.289257808,0.8359375,0.061035156,0.07709961000000001,0.098339842,0.001284026,0.088769532,0.06591797,0.060205078,0.00339813,Nucleus,Nucleus
ENSP00000416289,0.28925781,0.50859375,0.53671875,0.067236328,0.204882812,0.221289062,0.004733276,0.40625,0.323242186,0.22099609199999998,0.061169434,"Cytoplasm, Nucleus",Nucleus
ENSP00000358904,0.043457029999999994,0.284179688,0.91640625,0.07514648400000001,0.028930664000000002,0.06738281,0.005865478,0.067358398,0.014904784,0.067382814,0.0021461500000000003,Nucleus,Nucleus
ENSP00000364372,0.172265626,0.6078125,0.5703125,0.06916198599999998,0.139697268,0.124414062,0.011602784000000001,0.20302734400000003,0.24492187599999998,0.3203125,0.0010324479999999998,"Cytoplasm, Nucleus","Cytoplasm, Nucleus"
ENSP00000348828,0.49414062599999997,0.66953125,0.33515625,0.07517089800000001,0.471093752,0.148535156,0.006582640000000001,0.207031248,0.308789062,0.24179687199999997,0.00612488,"Membrane, Cytoplasm",Cell membrane
ENSP00000379778,0.288867188,0.7640625,0.5,0.039099122,0.276171876,0.03950195399999999,0.0010807020000000002,0.158984374,0.184863282,0.18632812199999998,0.003850936,Cytoplasm,Cytoplasm
ENSP00000450393,0.17285156399999999,0.526953124,0.460546874,0.147949218,0.088964842,0.27607421800000004,0.008062744,0.16914062400000002,0.05825195400000001,0.11147460999999999,0.007934566,Cytoplasm,Mitochondrion
ENSP00000314914,0.297265626,0.69453125,0.3921875,0.080224608,0.364453124,0.230078126,0.0040069599999999995,0.27421875,0.19824218799999999,0.203515624,0.14033203,Cytoplasm,Nucleus
ENSP00000412893,0.246484376,0.16757812600000002,0.151757812,0.094433594,0.05424804400000001,0.90703125,0.015185546,0.171484376,0.06660156399999999,0.066210938,0.121289062,Mitochondrion,Mitochondrion
ENSP00000405068,0.049609376000000004,0.3390625,0.7703125,0.090136718,0.04790039,0.07880859399999998,0.002145386,0.073535156,0.018258668,0.08056640799999999,0.003746032,Nucleus,Nucleus
ENSP00000500647,0.33007812400000003,0.73828125,0.40175781200000005,0.086914062,0.426171874,0.168554688,0.001543426,0.288085936,0.156054688,0.181542968,0.012817383999999998,Cytoplasm,"Cytoplasm, Nucleus"
ENSP00000383392,0.87734375,0.197460938,0.09765625,0.304101564,0.8921875,0.037768552,0.0059082019999999996,0.28671875,0.405468752,0.37500000200000005,0.04171142400000001,"Membrane, Cell membrane",Cell membrane
ENSP00000465377,0.079541016,0.565625,0.82421875,0.034912108,0.057519532,0.148828124,0.0016357419999999997,0.10454101599999999,0.056933592,0.08300781199999999,0.02145996,"Cytoplasm, Nucleus","Cytoplasm, Nucleus"
ENSP00000027335,0.875,0.23144531400000004,0.09775390400000002,0.13496093599999998,0.878125,0.02932129,0.005770872000000001,0.278320314,0.366210938,0.29433593599999996,0.038269043999999995,"Membrane, Cell membrane",Cell membrane
ENSP00000409731,0.325,0.69453125,0.4640625,0.3796875,0.374218752,0.19667968600000002,0.009375,0.11015624799999998,0.07207031,0.146386718,0.076062012,Cytoplasm,"Cytoplasm, Cell membrane"
ENSP00000314004,0.23710937800000004,0.6234375,0.63984375,0.07392578200000001,0.15234375,0.189160156,0.0031593319999999995,0.20498046800000003,0.30273437599999997,0.57578125,0.008984374,"Cytoplasm, Nucleus",Nucleus
ENSP00000362045,0.06103515599999999,0.311328126,0.8734375,0.094091796,0.033276368,0.129296876,0.007556151999999999,0.08881836000000001,0.013043214000000001,0.063574218,0.008187866,Nucleus,Nucleus
ENSP00000289746,0.8296875,0.257226562,0.13330078,0.125976566,0.8390625,0.06518554400000001,0.00104141,0.257812498,0.47578125,0.359765624,0.06701660200000001,"Membrane, Cell membrane","Cell membrane, Golgi apparatus"
ENSP00000288976,0.131933596,0.75859375,0.43125,0.071289062,0.24609375,0.192285158,0.0020586980000000003,0.217187498,0.160839846,0.21171875,0.025164794,Cytoplasm,Nucleus
ENSP00000486816,0.07675781200000001,0.30859375,0.8671875,0.09824219000000001,0.04609375,0.136523438,0.010321044000000001,0.09926758,0.014587402,0.07446289199999999,0.008627318,Nucleus,Nucleus
ENSP00000450998,0.530078126,0.609375,0.385546874,0.252929686,0.634375,0.213085936,0.028417970000000004,0.368359374,0.266992186,0.503125,0.045837404000000005,"Membrane, Cytoplasm, Cell membrane","Cytoplasm, Cell membrane"
ENSP00000431611,0.84453125,0.1609375,0.09423828,0.098632812,0.83125,0.158593754,0.018371581999999997,0.239062498,0.33750000199999997,0.200292966,0.019238282000000002,"Membrane, Cell membrane",Cell membrane
ENSP00000376504,0.219140626,0.725,0.365625,0.15703125,0.252001954,0.16611328,0.0046524059999999996,0.288671876,0.28681640399999997,0.276171876,0.029907227999999998,Cytoplasm,Nucleus
ENSP00000430048,0.103222652,0.6640625,0.477734376,0.207421874,0.11328125,0.165234376,0.140234376,0.10644531399999999,0.08613281399999999,0.150683592,0.44238281199999996,Cytoplasm,"Cytoplasm, Nucleus"
ENSP00000288439,0.85,0.162499998,0.13779297,0.03305664,0.55234375,0.172265626,0.02124176,0.4484375,0.4046875,0.3859375,0.018237306000000002,"Membrane, Cell membrane",Golgi apparatus
ENSP00000419330,0.33359374599999997,0.59140625,0.35234375,0.21328125,0.16542969,0.378515624,0.018054198,0.39648437400000003,0.276953124,0.54375,0.085839844,Cytoplasm,Golgi apparatus
ENSP00000401064,0.101464844,0.43945312400000003,0.63828125,0.046069334,0.040283202000000004,0.25585937599999997,0.0044250520000000005,0.327734374,0.040405272000000006,0.11040039000000001,0.047363284,Nucleus,Nucleus
ENSP00000387099,0.167382812,0.61953125,0.266601562,0.640625,0.15478515799999998,0.199804686,0.0029834740000000003,0.294140624,0.215624998,0.254394534,0.11640625200000002,Cytoplasm,Cytoplasm
ENSP00000361964,0.21972656000000002,0.8265625,0.247851562,0.08959960999999998,0.152734376,0.10927734200000001,0.001086042,0.124902344,0.098388672,0.15703125199999998,0.039349366,Cytoplasm,"Cytoplasm, Nucleus"
ENSP00000317992,0.07763671800000001,0.37734375,0.72734375,0.058789062,0.027099607999999997,0.124707032,0.002057646,0.10429687400000001,0.032330322,0.11645507800000002,0.002522278,Nucleus,Nucleus
ENSP00000380300,0.06874999999999999,0.637890624,0.6734375,0.069921874,0.05825195400000001,0.115429688,0.00226803,0.245312502,0.10935059,0.05666504,0.011462404,"Cytoplasm, Nucleus",Cytoplasm
ENSP00000397869,0.329101564,0.5953125,0.4640625,0.062329100000000005,0.314648438,0.07421875,0.0033386239999999997,0.297265626,0.449609374,0.33007812400000003,0.01332855,Cytoplasm,Nucleus
ENSP00000498164,0.095800782,0.58515625,0.66796875,0.059204099999999996,0.088916014,0.11953125,0.0020660400000000003,0.152050784,0.11855468599999999,0.226367188,0.001981352,"Cytoplasm, Nucleus",Cytoplasm
ENSP00000450973,0.251562498,0.83515625,0.243359376,0.10078125,0.2578125,0.218554686,0.0035156219999999995,0.19824218799999999,0.213671874,0.259570312,0.07746581999999999,Cytoplasm,"Cytoplasm, Nucleus, Cell membrane"
ENSP00000217159,0.8859375,0.144140624,0.08320312599999999,0.081738282,0.8390625,0.19433593999999998,0.00580902,0.316796872,0.405078126,0.21953125199999998,0.040234374,"Membrane, Cell membrane",Cell membrane
ENSP00000392636,0.17529297,0.60703125,0.83046875,0.024658204,0.05720214999999999,0.51328125,0.000101328,0.159765626,0.20546875,0.31445312599999997,0.06929016,"Cytoplasm, Nucleus",Nucleus
ENSP00000253928,0.03745117,0.317578126,0.9046875,0.10712890800000001,0.028100588000000003,0.099609374,0.0069366440000000005,0.062207031999999995,0.043920898,0.049951172,0.010092164,Nucleus,Nucleus
ENSP00000371607,0.266601562,0.162011718,0.140332032,0.150292968,0.13437500200000002,0.8515625,0.06513672000000001,0.130664062,0.094580078,0.208984376,0.130859376,Mitochondrion,Mitochondrion
ENSP00000390590,0.32226562799999997,0.6875,0.28417969,0.15878906,0.421874998,0.284570314,0.009082030000000001,0.16503906200000001,0.190625,0.300390624,0.266406248,Cytoplasm,"Cytoplasm, Nucleus"
ENSP00000390121,0.154199218,0.49238281199999995,0.6546875,0.033297730000000005,0.25175781,0.018103028,0.0029872899999999997,0.049365233999999994,0.024206544,0.07639159999999999,0.028657532000000003,"Cytoplasm, Nucleus",Nucleus
ENSP00000352676,0.356249998,0.73671875,0.47109375,0.012817381999999999,0.138183594,0.085107424,0.002909852,0.4046875,0.275976564,0.509765626,0.0009353639999999998,Cytoplasm,"Cytoplasm, Nucleus"
ENSP00000363878,0.350390626,0.6859375,0.5765625,0.07836914,0.273242186,0.10214843600000001,0.0026889779999999994,0.14755859200000002,0.350585938,0.727734376,0.004127502,"Cytoplasm, Nucleus, Golgi apparatus",Nucleus
ENSP00000386830,0.167773438,0.50625,0.73515625,0.018176268,0.0515625,0.24003906400000002,0.03259277199999999,0.342968752,0.15888672,0.24472656399999998,0.25708008000000004,"Cytoplasm, Nucleus","Cytoplasm, Cell membrane"
ENSP00000484716,0.04533691199999999,0.24707031200000001,0.9515625,0.02182617,0.021215822,0.05043945400000001,0.000753974,0.094873048,0.036108398,0.072363282,0.004580685999999999,Nucleus,Nucleus
ENSP00000423638,0.38085937599999997,0.77265625,0.3375,0.143945314,0.4265625,0.132910156,0.04833984200000001,0.161621094,0.167773438,0.66171875,0.051135256,Cytoplasm,"Cytoplasm, Cell membrane, Endoplasmic reticulum"
ENSP00000393856,0.38124999800000003,0.6640625,0.598046874,0.020071414,0.44375,0.103222656,0.008752442,0.109570312,0.18222656199999998,0.23730468799999999,0.005401612,"Cytoplasm, Nucleus",Cell membrane
ENSP00000478563,0.499999998,0.66796875,0.193164062,0.039819336,0.54296875,0.079736326,0.001191712,0.12988281,0.596875,0.43125,0.00221939,"Membrane, Cytoplasm, Cell membrane, Lysosome/Vacuole","Cytoplasm, Nucleus"
ENSP00000299192,0.171582034,0.562890624,0.71484375,0.020196532000000003,0.10683593799999999,0.15751953000000002,0.011724854000000002,0.197753906,0.057861328000000004,0.268750002,0.0031455980000000003,"Cytoplasm, Nucleus","Cytoplasm, Nucleus"
ENSP00000215582,0.274414062,0.84921875,0.215234376,0.15375976600000002,0.303125,0.229882812,0.006069946,0.137207032,0.31425781399999997,0.433984376,0.105859374,Cytoplasm,Cell membrane
ENSP00000372434,0.154003906,0.280273436,0.86640625,0.052648926,0.098046874,0.084277344,0.0005354860000000001,0.09072265400000001,0.17285156399999999,0.050708008000000006,0.0033935560000000003,Nucleus,Nucleus
ENSP00000305557,0.389453124,0.62734375,0.324609376,0.041992188,0.33984375,0.09814453000000001,0.002612304,0.300000002,0.398046874,0.52890625,0.007711792,Cytoplasm,Cell membrane
ENSP00000465742,0.54765625,0.6625,0.373828124,0.059374998,0.512109374,0.175,0.00089874,0.26972655999999995,0.7125,0.358203126,0.005480957999999999,"Membrane, Cytoplasm, Lysosome/Vacuole","Cytoplasm, Cell membrane"
ENSP00000426528,0.34492187199999996,0.6828125,0.4390625,0.073632812,0.467578124,0.168359376,0.006774901999999999,0.171191406,0.16874999999999998,0.172265624,0.085192872,Cytoplasm,Cell membrane
ENSP00000408536,0.113476562,0.7,0.6390625,0.053564452,0.09003906399999999,0.060473632,0.000868034,0.234765626,0.07104492199999998,0.10917968600000001,0.002041626,"Cytoplasm, Nucleus",Nucleus
ENSP00000269856,0.172265624,0.60859375,0.512890626,0.042211913999999996,0.17734375,0.194726562,0.010498046,0.209179686,0.269042968,0.224707034,0.008688356,Cytoplasm,"Nucleus, Golgi apparatus"
ENSP00000349803,0.06586914,0.262890626,0.85546875,0.058422850000000005,0.05126953200000001,0.078515626,0.000764082,0.109863278,0.03474121,0.06760253999999999,0.00173111,Nucleus,Nucleus
ENSP00000508232,0.312890626,0.458203126,0.61640625,0.080029298,0.27929687400000003,0.14951172,0.022552492,0.20625,0.12158203199999999,0.09902343799999999,0.031994629999999996,Nucleus,Nucleus
ENSP00000404022,0.75859375,0.151464846,0.083984378,0.032446288000000004,0.56796875,0.162011722,0.008239746000000001,0.320507812,0.203515626,0.079296874,0.025305173999999996,"Membrane, Cell membrane",Golgi apparatus
ENSP00000357352,0.69140625,0.380078126,0.242578124,0.073535158,0.7609375,0.176464842,0.003067018,0.22167968799999999,0.3609375,0.206835936,0.030456542000000003,"Membrane, Cell membrane",Nucleus
ENSP00000342660,0.8984375,0.18027343599999998,0.165527344,0.043701171999999996,0.87734375,0.082324218,0.001137922,0.269531252,0.383203126,0.29072265599999997,0.045210268,"Membrane, Cell membrane",Nucleus
ENSP00000421294,0.36328125,0.62734375,0.271679688,0.10048828000000001,0.35546875,0.103515626,0.00536957,0.16201172000000003,0.45507812599999997,0.451953126,0.008227538,Cytoplasm,"Nucleus, Cell membrane"
ENSP00000247001,0.17675781,0.65859375,0.7046875,0.138818362,0.114257812,0.161621094,0.001565552,0.07294921800000001,0.107617188,0.137304686,0.003601074,"Cytoplasm, Nucleus",Nucleus
ENSP00000358106,0.13066406,0.5859375,0.42792968600000003,0.16137695200000002,0.28457031,0.10888671999999999,0.043675232,0.26142578,0.152233888,0.29765625,0.281689454,Cytoplasm,Cytoplasm
ENSP00000159647,0.9328125,0.074804686,0.084277342,0.028027344,0.8375,0.08237304599999999,0.011791992000000001,0.444921876,0.621875,0.275976564,0.004444882,"Membrane, Cell membrane, Lysosome/Vacuole",Cell membrane
ENSP00000425670,0.2859375,0.82265625,0.327734374,0.20244141,0.326562502,0.23378906000000002,0.09370117200000001,0.13193359200000002,0.134667968,0.659375,0.06192016600000001,Cytoplasm,"Cytoplasm, Cell membrane, Endoplasmic reticulum"
ENSP00000442992,0.19814452999999999,0.515234376,0.69140625,0.022949218,0.061645506,0.243750002,0.033813475999999995,0.35742187599999997,0.165429686,0.28320312400000003,0.32080078,"Cytoplasm, Nucleus","Cytoplasm, Cell membrane"
ENSP00000302879,0.507421874,0.58125,0.334375002,0.09458008,0.59921875,0.191601562,0.031188963999999996,0.473828126,0.11777343600000001,0.303710938,0.050341795999999994,"Membrane, Cytoplasm, Cell membrane","Cytoplasm, Cell membrane"
ENSP00000498317,0.27167968600000003,0.187890622,0.15927734,0.070507812,0.060253908,0.95234375,0.042187496000000005,0.06591797,0.090478518,0.08315429599999999,0.07260742,Mitochondrion,Mitochondrion
ENSP00000341247,0.165820314,0.67578125,0.4765625,0.021130370000000002,0.136230468,0.122460936,0.017242432,0.28339843600000003,0.132617188,0.3015625,0.01527405,Cytoplasm,Cytoplasm
ENSP00000505291,0.83203125,0.483203126,0.250976564,0.032623292,0.438671872,0.09326171800000001,0.005792238,0.40644531400000006,0.890625,0.520312502,0.004437256,"Membrane, Cytoplasm, Lysosome/Vacuole","Cytoplasm, Cell membrane"
ENSP00000394609,0.535546876,0.771875,0.33671875,0.033666994,0.61328125,0.20439453,0.0016105660000000001,0.13671875,0.223046874,0.229296874,0.0056427019999999994,"Membrane, Cytoplasm, Cell membrane",Cytoplasm
ENSP00000362442,0.287890626,0.61875,0.323046876,0.075439454,0.15703125,0.083886718,0.001815034,0.21777343799999999,0.301367188,0.24140625,0.007279969999999999,Cytoplasm,"Cytoplasm, Cell membrane"
ENSP00000434245,0.7875,0.191796874,0.11757812599999999,0.200976564,0.6828125,0.267382812,0.007537842,0.277734376,0.31230469,0.26074219,0.029418946,"Membrane, Cell membrane",Cell membrane
ENSP00000273963,0.15917968999999998,0.70390625,0.501562502,0.06787109399999999,0.096777344,0.07749023399999999,0.016442870000000002,0.194921874,0.255078124,0.32187500199999997,0.019622804,Cytoplasm,Nucleus
ENSP00000274457,0.13964843600000001,0.605859376,0.50390625,0.024658204,0.167382812,0.171191406,0.013616941999999998,0.187890626,0.23383789,0.186914062,0.004663084,Cytoplasm,Nucleus
ENSP00000293771,0.037573242,0.15908203199999998,0.940625,0.017178344,0.021307372,0.049511717999999996,0.0037353499999999997,0.069482422,0.024157714000000004,0.06777343799999999,0.0020385719999999998,Nucleus,Nucleus
ENSP00000365931,0.057666016,0.28339843600000003,0.95,0.076074218,0.07080078199999999,0.059619139999999994,0.002297974,0.034179686,0.01706543,0.041625973999999996,0.0020431499999999997,Nucleus,Nucleus
ENSP00000262056,0.170019534,0.6140625,0.464453124,0.01903992,0.196191406,0.10927734199999999,0.010315322,0.15332031200000001,0.19970702999999998,0.165917968,0.001480102,Cytoplasm,Cytoplasm
ENSP00000501797,0.32265625,0.81171875,0.315625,0.19023437599999998,0.353906252,0.24609375,0.07900390800000001,0.160156248,0.130078126,0.65703125,0.068945312,Cytoplasm,"Cytoplasm, Cell membrane, Endoplasmic reticulum"
ENSP00000209884,0.2390625,0.6859375,0.528125,0.10512695400000001,0.191015626,0.13017578000000002,0.016369628,0.165332032,0.212695312,0.24716797000000001,0.034326174,"Cytoplasm, Nucleus","Cytoplasm, Golgi apparatus"
ENSP00000379843,0.121289062,0.291601562,0.91640625,0.033209226,0.14140625,0.104785156,0.0022975899999999995,0.056005858,0.053808594,0.052636718000000006,0.004824828,Nucleus,Nucleus
ENSP00000497850,0.8671875,0.316015624,0.12001953000000001,0.05913085999999999,0.68515625,0.054028318,0.0005992899999999999,0.56953125,0.48671874800000003,0.432421874,0.017114258,"Membrane, Cell membrane",Cell membrane
ENSP00000422784,0.170703124,0.21835937200000002,0.061376952000000005,0.88671875,0.156249998,0.075097654,0.021691894,0.25214843600000003,0.356640626,0.29453125,0.0018814079999999998,Extracellular,"Endoplasmic reticulum, Golgi apparatus"
ENSP00000504385,0.08154296999999999,0.259960938,0.83984375,0.246484374,0.038549804,0.06684570599999999,0.014959713999999999,0.072119142,0.011450196000000001,0.053320312,0.000242186,Nucleus,Nucleus
ENSP00000238146,0.055908203999999996,0.101220702,0.903125,0.10866698999999999,0.02486572,0.14638671600000003,0.0010517120000000002,0.06650390799999999,0.022631836,0.056713866,0.002061462,Nucleus,Nucleus
ENSP00000361676,0.07519531199999999,0.47812500199999997,0.78203125,0.099804688,0.041699219999999995,0.05461425999999999,0.004109192,0.10444336000000001,0.069091798,0.12109375,0.004904172,"Cytoplasm, Nucleus",Nucleus
ENSP00000455982,0.056542968000000006,0.201171876,0.903125,0.016357422,0.032080078,0.129589842,0.016394044000000003,0.041235351999999996,0.03146972600000001,0.0236084,0.021203616,Nucleus,"Nucleus, Golgi apparatus"
ENSP00000452721,0.561328124,0.68671875,0.335156248,0.048535156,0.51015625,0.112695312,0.001081848,0.306250004,0.66171875,0.389453124,0.002754212,"Membrane, Cytoplasm, Lysosome/Vacuole","Cytoplasm, Cell membrane"
ENSP00000419765,0.06704101400000001,0.101269532,0.95703125,0.092871092,0.035278318,0.015026854000000001,0.0017608619999999998,0.036254884,0.17158203,0.10141601600000001,0.001733396,Nucleus,Nucleus
ENSP00000500708,0.096044922,0.640625,0.61484375,0.136230468,0.026867676,0.36640625,0.009945680000000002,0.08388672,0.249414064,0.251757812,0.00689392,"Cytoplasm, Nucleus",Nucleus
ENSP00000362238,0.180175782,0.71328125,0.499609376,0.033740234,0.21992187400000002,0.08271484600000001,0.019958496,0.09033203,0.215234374,0.225976562,0.006268309999999999,Cytoplasm,Golgi apparatus
ENSP00000386184,0.091455078,0.53828125,0.60703125,0.05192870999999999,0.0501709,0.14760742200000002,0.001506426,0.28349609200000003,0.115527344,0.137353516,0.09482422199999999,"Cytoplasm, Nucleus",Nucleus
ENSP00000351383,0.06147461,0.254101564,0.96875,0.165991212,0.035180664,0.014678954,0.0009025559999999999,0.07475586000000001,0.037878416,0.07456054600000002,0.0008045200000000001,Nucleus,Nucleus
ENSP00000456908,0.206250002,0.495312498,0.71953125,0.019042968,0.10483398399999999,0.32597656399999997,0.0006262780000000001,0.215234374,0.142089842,0.20703125,0.001934052,"Cytoplasm, Nucleus",Mitochondrion
ENSP00000505465,0.495703124,0.426171876,0.246679684,0.054687498,0.36132812799999997,0.344921874,0.0038513159999999996,0.387890622,0.55859375,0.246972658,0.345898438,Membrane,Cytoplasm
ENSP00000338235,0.87421875,0.18261718799999999,0.193359374,0.06379394399999999,0.376562498,0.096093748,0.002959442,0.81015625,0.20996093799999999,0.375781252,0.059790036000000005,"Membrane, Endoplasmic reticulum",Endoplasmic reticulum
ENSP00000174618,0.106103514,0.45898437400000003,0.8453125,0.026660156,0.049951172,0.210546874,0.000117492,0.04912109199999999,0.051904296,0.157519532,0.0041160580000000006,Nucleus,Nucleus
ENSP00000479078,0.58203125,0.659375,0.366796874,0.059912108000000006,0.55859375,0.180273438,0.001102826,0.32109375,0.70703125,0.390625,0.005059816,"Membrane, Cytoplasm, Cell membrane, Lysosome/Vacuole","Cytoplasm, Cell membrane"
ENSP00000406144,0.48515625,0.432421874,0.270703126,0.042114258,0.36875,0.33398437599999997,0.0048217780000000005,0.380078126,0.5609375,0.25058594,0.32473144400000004,Membrane,Cytoplasm
ENSP00000377782,0.07185058600000001,0.21015624799999996,0.95546875,0.044360352,0.06757812199999999,0.066064454,0.012646482,0.023529052,0.016796873999999996,0.06989746,0.003422546,Nucleus,Nucleus
ENSP00000354034,0.67734375,0.352734374,0.260351562,0.166015626,0.73984375,0.121972656,0.014294432000000001,0.237695312,0.320898436,0.355859378,0.008044436,"Membrane, Cell membrane",Cell membrane
ENSP00000392811,0.6046875,0.33398437799999997,0.263085938,0.319726562,0.753125,0.056445312000000004,0.014926148,0.203906248,0.336328124,0.297070312,0.011520384,"Membrane, Cell membrane",Cell membrane
ENSP00000506632,0.71484375,0.293164064,0.348437498,0.255566406,0.244335936,0.2265625,0.008642578000000001,0.492578126,0.616796876,0.39765625,0.09532470800000001,"Membrane, Lysosome/Vacuole","Cytoplasm, Cell membrane"
ENSP00000505154,0.234179686,0.5765625,0.364453124,0.369335938,0.217187498,0.457812498,0.003273772,0.177539062,0.226171876,0.080371092,0.008779906,Cytoplasm,"Cytoplasm, Nucleus"
ENSP00000445021,0.9046875,0.11660156399999999,0.068066408,0.18769531199999998,0.391796876,0.14755859200000002,0.007501222,0.7984375,0.45859375,0.89140625,0.019528198,"Membrane, Endoplasmic reticulum, Golgi apparatus",Cell membrane
ENSP00000479888,0.560546876,0.601171876,0.369921876,0.062499998,0.478906252,0.164648436,0.001250838,0.236523438,0.68359375,0.430468752,0.008007812,"Membrane, Cytoplasm, Lysosome/Vacuole","Cytoplasm, Cell membrane"
ENSP00000450036,0.7890625,0.22734375199999998,0.206640626,0.1734375,0.65390625,0.077783204,0.001004408,0.396875,0.66875,0.52109375,0.04865722600000001,"Membrane, Cell membrane, Lysosome/Vacuole","Endoplasmic reticulum, Golgi apparatus"
ENSP00000265537,0.242578124,0.134375,0.10546875,0.11269530999999999,0.061645508,0.93671875,0.020288086,0.12968750199999998,0.07397461000000001,0.094042968,0.08457031200000001,Mitochondrion,Mitochondrion
ENSP00000380690,0.343359376,0.6453125,0.33574218800000005,0.04252929799999999,0.225,0.162695312,0.002246092,0.191796876,0.308007812,0.684375,0.020697020000000003,"Cytoplasm, Golgi apparatus",Cytoplasm
ENSP00000294409,0.039526366,0.251171874,0.9171875,0.07463378799999999,0.030297854000000003,0.024023436,0.00625458,0.035717771999999995,0.019812014,0.048461916,0.0006183599999999999,Nucleus,Nucleus
ENSP00000412530,0.11064453,0.49375,0.59296875,0.018182373999999998,0.072558594,0.083740236,0.022333524,0.111621094,0.092529296,0.08334960999999999,0.002248384,"Cytoplasm, Nucleus",Cytoplasm
ENSP00000307128,0.6703125,0.418359374,0.26894531,0.06533203000000001,0.725,0.209277348,0.004058836,0.295312502,0.36132812599999997,0.250585936,0.04248046799999999,"Membrane, Cell membrane",Nucleus
ENSP00000341490,0.284765626,0.23125,0.126367188,0.890625,0.312500002,0.15771484200000002,0.0026489239999999995,0.324218752,0.286523438,0.383984374,0.018078614,Extracellular,Nucleus
ENSP00000354874,0.487109376,0.454296876,0.483984376,0.191601564,0.26718750199999997,0.56015625,0.07497558800000001,0.546875,0.300195312,0.499609376,0.341015624,Membrane,Nucleus
ENSP00000408858,0.326953126,0.76953125,0.263085938,0.026049806,0.25390625,0.418359374,0.011636353999999998,0.12954101599999998,0.09790038999999999,0.11601562400000001,0.025329588000000004,Cytoplasm,Cytoplasm
ENSP00000446410,0.30703124800000003,0.64296875,0.371093748,0.057470704000000004,0.202734374,0.17763672,0.007589722,0.220117188,0.221484374,0.390820312,0.058703612,Cytoplasm,Cytoplasm
ENSP00000290597,0.276367188,0.177343752,0.10371094,0.078662108,0.13857422000000003,0.9140625,0.007720946000000001,0.077148438,0.12607421800000002,0.116015622,0.125683592,Mitochondrion,Mitochondrion
ENSP00000337816,0.57734375,0.192773438,0.147070312,0.54921875,0.71875,0.18085937400000002,0.00195656,0.31328125,0.296484376,0.3234375,0.017932132,"Membrane, Cell membrane",Cell membrane
ENSP00000419516,0.709375,0.17089843600000001,0.284375,0.08122558800000002,0.139257812,0.4796875,0.011718747999999998,0.68125,0.239648438,0.375781252,0.12421875,"Membrane, Endoplasmic reticulum",Nucleus
ENSP00000364118,0.040625,0.2796875,0.92734375,0.041625976,0.040063476,0.108886716,0.0033119219999999997,0.031909179999999995,0.051635742,0.058081052,0.008099364,Nucleus,Nucleus
ENSP00000376826,0.336328126,0.725,0.304296872,0.250097656,0.288476562,0.183007814,0.0039718620000000005,0.10444335999999999,0.20175781399999998,0.33867187200000004,0.032299804,Cytoplasm,"Cytoplasm, Cell membrane"
ENSP00000410707,0.089501952,0.6796875,0.615625,0.013293458,0.072998048,0.06923828200000001,0.000651168,0.283984376,0.231835938,0.37578125,0.0010013580000000002,"Cytoplasm, Nucleus","Cytoplasm, Nucleus"
ENSP00000350469,0.355078126,0.6546875,0.481250002,0.07875976600000001,0.504687498,0.16875,0.006198122,0.20546875,0.20781250199999998,0.172167968,0.094067382,Cytoplasm,Cell membrane
ENSP00000216190,0.191894532,0.5546874980000001,0.50859375,0.062670898,0.05830078000000001,0.09497069999999999,0.055456543999999997,0.20644531199999996,0.03862304800000001,0.172460938,0.000452708,Cytoplasm,Cytoplasm
ENSP00000426451,0.215429688,0.64296875,0.49804687599999997,0.056030274000000005,0.163671876,0.087890626,0.026708984,0.20605468799999999,0.347265628,0.30957030999999996,0.038269041999999996,Cytoplasm,Nucleus
ENSP00000260803,0.08232421599999999,0.41171875,0.9109375,0.012445069999999999,0.055810544000000004,0.187304686,0.009910583999999998,0.04145508,0.04794922,0.065429688,0.006011964,Nucleus,Nucleus
ENSP00000220751,0.456249998,0.72109375,0.455859374,0.023217773999999997,0.473046876,0.22509765599999998,0.0011913320000000002,0.25634765600000003,0.39785156,0.295898436,0.0078125,"Membrane, Cytoplasm",Cytoplasm
ENSP00000311837,0.603125,0.61171875,0.385546876,0.133300782,0.6203125,0.143359376,0.000961686,0.125878906,0.28203125,0.258984374,0.002066038,"Membrane, Cytoplasm, Cell membrane",Cell membrane
ENSP00000427820,0.197265626,0.584375,0.473046876,0.20341796799999998,0.159765624,0.328710938,0.014306640000000004,0.176367188,0.200781252,0.325390626,0.05903320199999999,Cytoplasm,Nucleus
ENSP00000361667,0.8890625,0.11972656200000001,0.166015624,0.045129394,0.21210937200000002,0.127148438,0.006271364,0.7984375,0.527734374,0.444140626,0.003860474,"Membrane, Endoplasmic reticulum",Nucleus
ENSP00000377093,0.79921875,0.12783203,0.285546874,0.04609375,0.11328125,0.49921875,0.019238284,0.8015625,0.242773438,0.4,0.12792968799999999,"Membrane, Endoplasmic reticulum",Nucleus
ENSP00000307318,0.218554686,0.20683593599999997,0.09291992199999999,0.7296875,0.192773438,0.05512695199999999,0.027270508000000006,0.401562498,0.320117186,0.350390624,0.006811524000000001,Extracellular,Endoplasmic reticulum
ENSP00000293404,0.234179688,0.18476562400000002,0.17421875,0.10195312599999999,0.148339844,0.71953125,0.104492188,0.094140624,0.072216798,0.12070312200000002,0.063012696,Mitochondrion,Mitochondrion
ENSP00000264639,0.237890626,0.6703125,0.61796875,0.029663081999999997,0.189746094,0.115332032,0.007196046,0.137011718,0.292773438,0.35546875,0.0033714300000000003,"Cytoplasm, Nucleus","Cytoplasm, Nucleus"
ENSP00000393621,0.344140626,0.725,0.296875,0.24658203199999998,0.295507812,0.18222655999999998,0.004301452,0.10366211,0.21201171800000002,0.326953126,0.038378906000000004,Cytoplasm,"Cytoplasm, Cell membrane"
ENSP00000498712,0.32656249800000003,0.193164062,0.189062502,0.18251953,0.062500002,0.87265625,0.057495116,0.284765626,0.055676265999999995,0.09018554999999999,0.148535154,Mitochondrion,Mitochondrion
ENSP00000434192,0.24121093600000001,0.265234376,0.180273438,0.10493164000000002,0.09042968600000001,0.915625,0.029028317999999997,0.088378906,0.059765626,0.07573242,0.17880859600000001,Mitochondrion,Mitochondrion
ENSP00000429826,0.20996093799999999,0.63125,0.459765624,0.272265624,0.171289066,0.26718750199999997,0.0041381840000000005,0.270312502,0.27714844,0.276757812,0.09912109599999999,Cytoplasm,Golgi apparatus
ENSP00000366460,0.865625,0.1671875,0.069726562,0.154101562,0.80625,0.045996094,0.003860474,0.406640624,0.6171875,0.62109375,0.041809082,"Membrane, Cell membrane, Lysosome/Vacuole",Nucleus
ENSP00000438276,0.071289062,0.491796874,0.81953125,0.13129882799999998,0.091503904,0.047338868000000006,0.011273191999999998,0.09311523400000002,0.07749023399999999,0.111328126,0.072070314,"Cytoplasm, Nucleus",Nucleus
ENSP00000500467,0.04248046800000001,0.36132812200000003,0.85390625,0.118798826,0.037109374,0.082226564,0.0007061000000000001,0.056445312000000004,0.021899414,0.06171875,0.00258789,Nucleus,Nucleus
ENSP00000403411,0.115039064,0.2203125,0.89140625,0.008372495999999998,0.064453124,0.21582031399999999,0.00369568,0.033825683999999995,0.087548826,0.026025392,0.001249692,Nucleus,Nucleus
ENSP00000391200,0.060644531999999994,0.20585937599999998,0.92109375,0.042529294,0.048681638,0.07185058799999999,0.000437356,0.082763674,0.06103515599999999,0.080957032,0.002886962,Nucleus,Nucleus
ENSP00000262366,0.056152346000000006,0.398828124,0.90234375,0.01345825,0.035668946,0.09121093599999999,0.000366782,0.051831052,0.10717773199999998,0.058178712,0.00297928,Nucleus,Nucleus
ENSP00000309826,0.08022461,0.299804688,0.89375,0.010084536000000002,0.0671875,0.1390625,0.021826171999999998,0.04694824200000001,0.036791994,0.06501465,0.0020881680000000005,Nucleus,Nucleus
ENSP00000317445,0.293359378,0.12988281,0.09863281400000001,0.95,0.224804688,0.191992188,0.016235352,0.210937502,0.42265625,0.36484375199999997,0.021246338000000003,Extracellular,Cytoplasm
ENSP00000302993,0.05541992,0.257421874,0.96796875,0.163964844,0.03015137,0.012878417999999999,0.001044082,0.077392576,0.040039062,0.070214844,0.0008029939999999999,Nucleus,Nucleus
ENSP00000269383,0.084960938,0.74453125,0.54375,0.10096435399999999,0.066723632,0.424023438,0.000301242,0.182812502,0.315429688,0.290527346,0.024638366000000002,"Cytoplasm, Nucleus","Cytoplasm, Nucleus"
ENSP00000258385,0.83359375,0.150292968,0.128906248,0.077001952,0.8421875,0.046142578000000004,0.002468872,0.23144531200000001,0.21386719000000004,0.172558594,0.06567383,"Membrane, Cell membrane",Cell membrane
ENSP00000388320,0.2421875,0.49023437400000003,0.71875,0.014227295999999997,0.13076172,0.297265626,0.000430486,0.20800781399999999,0.15498046999999998,0.19252929800000002,0.0012554139999999998,"Cytoplasm, Nucleus",Mitochondrion
ENSP00000257570,0.20126953000000003,0.56640625,0.487890626,0.4078125,0.24707031400000004,0.316601564,0.000844192,0.303515624,0.2359375,0.08916015400000002,0.00861931,Cytoplasm,Cytoplasm
ENSP00000354499,0.8703125,0.059667968,0.09165039000000001,0.024908447999999996,0.6171875,0.09296875,0.046347046,0.5156249980000001,0.341601562,0.295117188,0.009017182,"Membrane, Cell membrane",Mitochondrion
ENSP00000499031,0.14287109199999998,0.449999998,0.83203125,0.073144532,0.159765626,0.06467285,0.00017762,0.08339843799999999,0.04096679599999999,0.08793945399999999,0.002384186,Nucleus,"Cytoplasm, Nucleus"
ENSP00000356991,0.8515625,0.253906252,0.13671875,0.09614258,0.871875,0.063476562,0.001439284,0.243554688,0.35859375,0.300390626,0.089746094,"Membrane, Cell membrane",Cell membrane
ENSP00000484105,0.083325194,0.61484375,0.671875,0.09155273600000001,0.02364502,0.399414062,0.010003662,0.06191406399999999,0.24541015600000002,0.23730468999999998,0.010107424,"Cytoplasm, Nucleus",Nucleus
ENSP00000366936,0.56875,0.67265625,0.327734374,0.047656251999999996,0.70390625,0.296874998,0.002773286,0.167382812,0.19296875,0.257226562,0.034362791999999996,"Membrane, Cytoplasm, Cell membrane",Cytoplasm
ENSP00000353971,0.325,0.5125,0.58046875,0.04248046799999999,0.300976562,0.13564453199999998,0.00809326,0.3140625,0.401953124,0.40429687599999997,0.007955932,"Cytoplasm, Nucleus",Cytoplasm
ENSP00000339532,0.037841796000000004,0.55,0.7484375,0.026544192,0.041210937999999996,0.179101562,0.099597168,0.07224121000000001,0.0234375,0.153125,0.0022384640000000003,"Cytoplasm, Nucleus","Cytoplasm, Nucleus"
ENSP00000401823,0.14355468600000001,0.784375,0.6875,0.013177490000000004,0.08803711,0.116015626,0.0039627080000000005,0.161621094,0.090673828,0.16201172199999997,0.054174804,"Cytoplasm, Nucleus",Cytoplasm
ENSP00000329687,0.38203125,0.6203125,0.64140625,0.020446777999999995,0.497265626,0.099414064,0.006660462000000001,0.106347656,0.16264648599999998,0.196875,0.004548644,"Cytoplasm, Nucleus",Cell membrane
ENSP00000368867,0.09409179799999999,0.245703126,0.93671875,0.021496582,0.06552734200000002,0.08261718600000001,0.015228272000000001,0.035583496000000006,0.018237306000000002,0.08540038999999999,0.007385254000000001,Nucleus,Nucleus
ENSP00000452984,0.273046876,0.746875,0.243750002,0.15078124799999998,0.231054686,0.229101562,0.03824463,0.30664062400000003,0.15878906399999998,0.43359375,0.183813476,Cytoplasm,"Cytoplasm, Nucleus"
ENSP00000451621,0.251171876,0.6921875,0.70625,0.048474121999999994,0.11069336,0.191210936,0.0031887060000000004,0.162890624,0.16523437400000002,0.55625,0.009155274000000001,"Cytoplasm, Nucleus",Nucleus
ENSP00000486501,0.054980468000000005,0.43359375,0.86796875,0.028540038,0.052880857999999996,0.117871094,0.0036079419999999994,0.084277342,0.03127441399999999,0.035791016,0.006848145999999999,Nucleus,Nucleus
ENSP00000457746,0.04987793,0.370703122,0.91015625,0.084155274,0.036938474,0.122070316,0.0072814920000000005,0.22363281200000001,0.029638671999999998,0.128027344,0.0017272960000000001,Nucleus,"Cytoplasm, Nucleus"
ENSP00000485289,0.103320314,0.7359375,0.545703126,0.007806395999999998,0.103320312,0.396289062,0.048693846,0.0361084,0.05080566399999999,0.06271972799999999,0.27099609399999997,"Cytoplasm, Nucleus",Cytoplasm
ENSP00000355743,0.052197264,0.278124998,0.93828125,0.047021484,0.041650389999999995,0.112207032,0.0033592239999999996,0.070214844,0.020617676,0.051538086000000004,0.001114652,Nucleus,Nucleus
ENSP00000481873,0.305859374,0.7859375,0.347265626,0.115136718,0.362109372,0.27363281400000006,0.00557251,0.16904297000000001,0.258007812,0.346093752,0.008857726,Cytoplasm,Nucleus
ENSP00000384695,0.156152342,0.240820312,0.06752929599999999,0.86484375,0.13828124800000002,0.07416992,0.024487305999999997,0.297851562,0.354101564,0.24863281399999998,0.001970672,Extracellular,"Endoplasmic reticulum, Golgi apparatus"
ENSP00000274054,0.012811278,0.555859376,0.8609375,0.12451172000000002,0.014727784000000002,0.042993164,0.001315688,0.17304687400000002,0.019470214,0.08540038999999999,0.005905152,"Cytoplasm, Nucleus","Cytoplasm, Nucleus"
ENSP00000353013,0.81796875,0.226953124,0.12333984599999999,0.285742188,0.83671875,0.084375,0.004913332,0.307226562,0.360937498,0.4609375,0.08408203399999999,"Membrane, Cell membrane",Endoplasmic reticulum
ENSP00000386297,0.198046874,0.530859376,0.208398438,0.78828125,0.171191406,0.21982422000000001,0.0032585139999999997,0.289648438,0.298242188,0.306445312,0.148754884,"Cytoplasm, Extracellular",Cytoplasm
ENSP00000378228,0.566015624,0.73984375,0.32226562400000003,0.051049805999999996,0.555859374,0.117089844,0.004562378000000001,0.138403318,0.551171876,0.484765624,0.001459884,"Membrane, Cytoplasm, Cell membrane",Golgi apparatus
ENSP00000318883,0.5875,0.36171875,0.20078125,0.20244140600000002,0.274023438,0.665625,0.012072754,0.26347655999999997,0.28828125,0.21171875,0.71484375,"Membrane, Mitochondrion",Mitochondrion
ENSP00000484345,0.53984375,0.67421875,0.398828124,0.052807618,0.4859375,0.185742188,0.003163146,0.29199219000000004,0.569921876,0.5046875,0.006224060000000001,"Membrane, Cytoplasm, Lysosome/Vacuole","Cytoplasm, Cell membrane"
ENSP00000355866,0.20058593600000002,0.64375,0.531640624,0.020092774,0.319140624,0.18671875,0.0035781840000000003,0.19238281399999999,0.13798828,0.20078124800000002,0.008358766,"Cytoplasm, Nucleus","Cytoplasm, Nucleus"
ENSP00000403974,0.06875,0.476562498,0.79453125,0.10620117199999998,0.036987304,0.062963866,0.005576324,0.103271484,0.08588867199999999,0.14643554600000003,0.002751922,"Cytoplasm, Nucleus",Nucleus
ENSP00000366450,0.865625,0.168359376,0.06904296800000001,0.146484374,0.803125,0.045117187999999996,0.004815674,0.420703126,0.62265625,0.62578125,0.041284182,"Membrane, Cell membrane, Lysosome/Vacuole",Nucleus
ENSP00000413029,0.16533203000000002,0.331640628,0.250195312,0.65390625,0.149609376,0.104296876,0.10751952999999999,0.269726566,0.27089843999999996,0.457031252,0.11679687400000001,Extracellular,Nucleus
ENSP00000395942,0.348632812,0.563671876,0.466015626,0.07285156200000001,0.185742188,0.070410158,0.003543852,0.221875,0.326562502,0.51875,0.01026001,Cytoplasm,Golgi apparatus
ENSP00000414379,0.394921874,0.7125,0.41171875,0.007586670000000001,0.23164062199999996,0.39257812400000003,0.036633299999999994,0.33027344,0.08720702999999999,0.104785156,0.014990234,Cytoplasm,Cytoplasm
ENSP00000484162,0.165625,0.522265624,0.71953125,0.062207031999999995,0.164453126,0.288085936,0.0036407459999999994,0.282421874,0.100097658,0.22109375,0.045996092,"Cytoplasm, Nucleus",Nucleus
ENSP00000355427,0.05942382799999999,0.206640626,0.91875,0.050463868,0.047998048,0.06706543,0.00043983399999999995,0.07553710999999999,0.061035153999999994,0.084179686,0.002716064,Nucleus,Nucleus
ENSP00000311318,0.267382812,0.609375,0.6140625,0.050683592,0.10927734599999998,0.154296876,0.0005174639999999999,0.421484374,0.33007812200000003,0.415820314,0.01628418,"Cytoplasm, Nucleus",Mitochondrion
ENSP00000263102,0.162011718,0.7140625,0.537109374,0.031054687999999997,0.15488281399999998,0.14394531000000002,0.001343536,0.12177734200000001,0.206835936,0.189453122,0.002017976,"Cytoplasm, Nucleus",Cytoplasm
ENSP00000388173,0.09111328199999999,0.31914062200000004,0.946875,0.056665038,0.090722656,0.062597656,0.000751494,0.042138674,0.02734375,0.037695313999999994,0.005856322000000001,Nucleus,Nucleus
ENSP00000346196,0.24121093799999999,0.222656252,0.190234374,0.06201171800000001,0.099755858,0.903125,0.004556276,0.082910156,0.026049804,0.09448242000000001,0.03581543,Mitochondrion,Mitochondrion
ENSP00000503886,0.07670898400000001,0.68359375,0.71484375,0.00854645,0.042675782,0.059912108,0.000884246,0.286718748,0.192871092,0.317773438,0.000969312,"Cytoplasm, Nucleus","Cytoplasm, Nucleus"
ENSP00000356046,0.241601562,0.775,0.44335937599999997,0.026690672,0.249609376,0.202929688,0.0036804200000000002,0.143652344,0.266406248,0.206054684,0.025256348,Cytoplasm,Nucleus
ENSP00000481304,0.417578124,0.5890625,0.56171875,0.016577146,0.20996093799999999,0.344921876,0.001919554,0.418359376,0.383593748,0.548046874,0.055639648,"Cytoplasm, Nucleus",Nucleus
ENSP00000358932,0.41015625,0.444921874,0.370312498,0.145556642,0.249414062,0.419140626,0.008703614000000002,0.387109374,0.24726562400000002,0.275976564,0.42871093600000004,None,Nucleus
ENSP00000311486,0.35703125,0.584375,0.468750002,0.134082032,0.34003906,0.369921876,0.007192996,0.325781248,0.426953124,0.403125002,0.034033204000000004,Cytoplasm,Lysosome/Vacuole
ENSP00000489696,0.25624999800000003,0.55546875,0.516796874,0.07553711,0.140136722,0.316601562,0.034350586,0.06035156399999999,0.06303711,0.09116210599999999,0.187597654,Cytoplasm,Cytoplasm
ENSP00000403044,0.21777343799999999,0.6421875,0.33398437200000003,0.015283202,0.12050781399999999,0.307031252,0.018149948000000003,0.05015869199999999,0.07475586000000001,0.187304686,0.006433105999999999,Cytoplasm,Nucleus
ENSP00000497587,0.288476564,0.171972654,0.13193359200000002,0.03248291,0.10249023400000001,0.925,0.04494629,0.049023438,0.07441405999999999,0.09492187599999999,0.082275388,Mitochondrion,Mitochondrion
ENSP00000357484,0.3578125,0.6640625,0.434375,0.025219725999999998,0.328125002,0.13222656000000002,0.002334596,0.198828124,0.171093748,0.33789062599999997,0.0032424919999999996,Cytoplasm,Golgi apparatus
ENSP00000333049,0.36914062599999997,0.66953125,0.60703125,0.076464844,0.355078128,0.18251953,0.0021163939999999997,0.10625,0.245703126,0.22783203,0.005503844,"Cytoplasm, Nucleus","Cytoplasm, Nucleus"
ENSP00000477967,0.59140625,0.34960937799999997,0.24316406200000001,0.222558592,0.278710938,0.665625,0.009289548,0.259375,0.159375,0.183984376,0.730859376,"Membrane, Mitochondrion, Peroxisome",Mitochondrion
ENSP00000354961,0.65078125,0.11669922000000002,0.4078125,0.09746094000000001,0.3375,0.125634766,0.023921201999999996,0.809375,0.023129274,0.053906248000000004,0.009521486,"Membrane, Endoplasmic reticulum",Mitochondrion
ENSP00000339530,0.11962890600000001,0.289062502,0.8140625,0.044750978000000004,0.13955078199999998,0.105371094,0.004214859999999999,0.160742186,0.09091796999999999,0.08740234399999999,0.0062484739999999995,Nucleus,Nucleus
ENSP00000275227,0.80625,0.182226562,0.08662109599999998,0.051733398,0.57578125,0.129248048,0.0030340199999999997,0.38867187599999997,0.7484375,0.51484375,0.007698057999999999,"Membrane, Cell membrane, Lysosome/Vacuole",Cytoplasm
ENSP00000433771,0.207910158,0.8015625,0.480859374,0.021496584,0.195996096,0.19023437599999998,0.0063354480000000005,0.162304686,0.254101562,0.19902344,0.02022705,Cytoplasm,Nucleus
ENSP00000497847,0.20722656,0.75859375,0.44375,0.053710936,0.305078126,0.315625,0.009120178,0.206445312,0.334375,0.342968752,0.026281738,Cytoplasm,Cytoplasm
ENSP00000438460,0.21396484400000002,0.240624998,0.77265625,0.327539064,0.28417969,0.276562502,0.000640486,0.319140624,0.173535156,0.069848632,0.86796875,"Nucleus, Peroxisome",Nucleus
ENSP00000268379,0.332421876,0.219140624,0.06376953,0.08251952999999998,0.07036133,0.903125,0.11357421600000002,0.05097656199999999,0.07294922000000001,0.07280273599999999,0.038745118,Mitochondrion,Mitochondrion
ENSP00000503453,0.154492188,0.286328126,0.8,0.11674804800000001,0.07075195399999999,0.159375002,0.0053009039999999995,0.193359374,0.17109375,0.09277343599999999,0.03869629,Nucleus,Nucleus
ENSP00000379285,0.296484374,0.148828124,0.133496092,0.060107424,0.126757812,0.909375,0.09492187599999999,0.10898437400000001,0.059130857999999994,0.07470703199999999,0.060253908,Mitochondrion,Mitochondrion
ENSP00000357914,0.050634766,0.278710936,0.9546875,0.08730468599999999,0.035717771999999995,0.028271481999999997,0.0013023359999999999,0.056884765999999996,0.022229001999999998,0.04262695600000001,0.0006164559999999999,Nucleus,Nucleus
ENSP00000333779,0.8,0.187890624,0.146191406,0.157421876,0.7328125,0.10468749800000002,0.0067581180000000005,0.23574219000000002,0.55234375,0.295703124,0.098632812,"Membrane, Cell membrane",Cell membrane
ENSP00000397759,0.55859375,0.7390625,0.31484375,0.035424806,0.40820312400000003,0.218359374,0.009268188,0.386523436,0.453125002,0.740625,0.024182128,"Membrane, Cytoplasm, Golgi apparatus",Golgi apparatus
ENSP00000307260,0.74296875,0.211132814,0.265820312,0.07541503800000002,0.246777346,0.21894531,0.015930178,0.77265625,0.3140625,0.397265628,0.064599608,"Membrane, Endoplasmic reticulum",Cytoplasm
ENSP00000423712,0.109765624,0.48710937200000004,0.63203125,0.012353518,0.05546874799999999,0.049902344,0.001395418,0.030456544000000002,0.039282228,0.063232422,0.012068178,"Cytoplasm, Nucleus","Cytoplasm, Cell membrane"
ENSP00000380142,0.26640625,0.4546875,0.6140625,0.025769042,0.166113282,0.250585938,0.01248169,0.165625002,0.23339844000000004,0.11689453000000001,0.028588865999999998,Nucleus,Nucleus
ENSP00000490739,0.355078126,0.55546875,0.390234374,0.489257814,0.254882812,0.179687498,0.006100463999999999,0.135937504,0.23623046799999997,0.113085938,0.310498046,Cytoplasm,"Cytoplasm, Nucleus, Cell membrane"
ENSP00000429947,0.275195312,0.6890625,0.528515626,0.018139648,0.249609376,0.186132812,0.012326052,0.27646484400000004,0.23984375,0.228125,0.016461182,"Cytoplasm, Nucleus",Cytoplasm
ENSP00000276603,0.14404297,0.299609376,0.84296875,0.053930664,0.05268554400000001,0.14218749800000002,0.0036605859999999995,0.136328124,0.132226564,0.103369138,0.022204590000000003,Nucleus,Nucleus
ENSP00000383919,0.232226562,0.82109375,0.378125,0.125927736,0.332617188,0.063964844,0.0006057740000000001,0.10156250200000001,0.23242187200000003,0.371875,0.00517578,Cytoplasm,"Cytoplasm, Nucleus"
ENSP00000497692,0.34140625,0.534375,0.385546876,0.10859375200000002,0.216992188,0.19999999799999998,0.010083008,0.391015624,0.526171876,0.476171874,0.009508516,Cytoplasm,Nucleus
ENSP00000438154,0.128222656,0.6625,0.453906252,0.16171875,0.229101562,0.10595703199999999,0.020791624,0.135302736,0.127148438,0.115527342,0.005029296,Cytoplasm,"Cytoplasm, Nucleus"
ENSP00000408854,0.147167968,0.56796875,0.58984375,0.05947265399999999,0.10810546800000001,0.10502929800000001,0.074804688,0.145898438,0.283984376,0.20390625199999998,0.040380860000000005,"Cytoplasm, Nucleus",Nucleus
ENSP00000254928,0.19277343600000002,0.183203124,0.185546876,0.053173828,0.06520995999999998,0.93671875,0.016528322,0.120703128,0.064355468,0.12148437599999999,0.11386718600000001,Mitochondrion,"Cytoplasm, Mitochondrion"
ENSP00000376597,0.22109375199999998,0.416796876,0.67265625,0.085253906,0.07885742200000001,0.1387207,0.003759762,0.118066406,0.38671875,0.311523438,0.0021728539999999997,Nucleus,Nucleus
ENSP00000275072,0.15,0.66875,0.344921874,0.528515624,0.24511718799999999,0.20185546800000004,0.005659486,0.25703125,0.316210936,0.19970703,0.10678711,Cytoplasm,Nucleus
ENSP00000476746,0.068164062,0.34140625,0.86875,0.044995116,0.047973632,0.052197266,0.003559878,0.117382812,0.07031250199999999,0.06237792799999999,0.011743162,Nucleus,Nucleus
ENSP00000248450,0.110742184,0.574609376,0.80078125,0.011245726,0.191210938,0.070751952,0.012178039999999998,0.066796876,0.09311523399999999,0.094873048,0.023339846000000004,"Cytoplasm, Nucleus",Cytoplasm
ENSP00000435375,0.10776367,0.374218752,0.737109374,0.04249267599999999,0.03314209,0.138085936,0.000304698,0.124414062,0.080493164,0.0703125,0.011419675999999998,Nucleus,Nucleus
ENSP00000483972,0.250390626,0.68203125,0.369921876,0.037512208,0.15566406,0.36425781,0.011694334,0.08842773599999999,0.09028320199999999,0.23535156200000001,0.030021668,Cytoplasm,Nucleus
ENSP00000417207,0.16083984199999998,0.29921875,0.8375,0.014973450000000003,0.242773436,0.056616212,0.0009708380000000001,0.029833984,0.166894534,0.044042968,0.008853148,Nucleus,Nucleus
ENSP00000432878,0.4734375,0.6734375,0.29609375,0.201562498,0.46640625,0.47851562400000003,0.130664062,0.289648436,0.187695312,0.622265624,0.163330078,"Membrane, Cytoplasm","Cytoplasm, Cell membrane, Endoplasmic reticulum"
ENSP00000355814,0.181835938,0.62578125,0.42890625,0.05258789199999999,0.167089842,0.34218749800000003,0.039794921999999996,0.223046874,0.10439453000000001,0.16953124800000002,0.093017578,Cytoplasm,Cytoplasm
ENSP00000302321,0.383984376,0.182421874,0.087597654,0.078857422,0.23593749800000002,0.94765625,0.014916991999999999,0.107519532,0.057373046000000004,0.11640624799999999,0.059716798,Mitochondrion,Mitochondrion
ENSP00000414103,0.59921875,0.563671874,0.339453126,0.14042968799999997,0.356640624,0.366796874,0.023950196,0.69765625,0.4515625,0.6796875,0.150683594,"Membrane, Cytoplasm, Endoplasmic reticulum, Golgi apparatus",Golgi apparatus
ENSP00000367483,0.246289062,0.32265624800000003,0.206640624,0.7671875,0.31054687599999997,0.162109374,0.018933105999999998,0.33359375,0.169140626,0.184179686,0.028210449999999998,Extracellular,Nucleus
ENSP00000331927,0.066210936,0.217968752,0.8,0.053759766,0.05649413999999999,0.10390625,0.001182172,0.041113282,0.046289062000000006,0.038305664,0.013095094000000002,Nucleus,Nucleus
ENSP00000507848,0.348242188,0.535546876,0.498828124,0.021789549999999998,0.212402342,0.16728515400000002,0.0040840139999999995,0.18847656200000001,0.40820312400000003,0.193359376,0.007788084000000001,Cytoplasm,"Cytoplasm, Nucleus, Cell membrane"
ENSP00000369361,0.249218752,0.7671875,0.248828124,0.189453126,0.25195312599999997,0.167968748,0.0040214560000000005,0.077294924,0.16308593600000001,0.274414062,0.009204100000000002,Cytoplasm,Cytoplasm
ENSP00000326194,0.173144532,0.7109375,0.6921875,0.032421874,0.049926757999999995,0.24062500199999998,0.0017242439999999998,0.32226562599999997,0.122314454,0.338671876,0.030871582,"Cytoplasm, Nucleus",Nucleus
ENSP00000252115,0.053955078000000004,0.4828125,0.78984375,0.030371093999999998,0.05878906199999999,0.044555664,0.00415039,0.043774414,0.032788086,0.057519532,0.003952028000000001,"Cytoplasm, Nucleus","Cytoplasm, Nucleus"
ENSP00000357881,0.047607421999999996,0.360546876,0.8671875,0.026904296,0.039233398,0.068164062,0.008587645999999999,0.036914063999999996,0.030834962,0.037255858,0.00560608,Nucleus,"Cytoplasm, Nucleus, Cell membrane"
ENSP00000386502,0.265234374,0.5453125,0.530078126,0.06669921799999998,0.331250002,0.436328124,0.013439942,0.06049804600000001,0.18671874800000002,0.095800782,0.002675628,"Cytoplasm, Nucleus",Nucleus
ENSP00000401820,0.159863282,0.21582031399999999,0.058496094,0.8765625,0.13769531200000001,0.070507812,0.020239258,0.26953125,0.363476562,0.25214843600000003,0.001959992,Extracellular,"Endoplasmic reticulum, Golgi apparatus"
ENSP00000440875,0.871875,0.21230468600000002,0.083691406,0.205078126,0.85703125,0.191992188,0.002503966,0.27929687799999997,0.500390626,0.5875,0.041650389999999995,"Membrane, Cell membrane",Golgi apparatus
ENSP00000445928,0.145898438,0.377734374,0.678125,0.298046876,0.12421875,0.301171876,0.01442871,0.20429687400000002,0.079199218,0.156152342,0.047534179999999995,Nucleus,Nucleus
ENSP00000497268,0.09121093799999999,0.6359375,0.70390625,0.055041504000000005,0.069433592,0.138574218,0.033337404,0.100097654,0.194824218,0.14374999800000002,0.035437010000000005,"Cytoplasm, Nucleus",Nucleus
ENSP00000368686,0.199218752,0.510546874,0.86328125,0.014733888,0.123583986,0.26328125,0.000139664,0.054956054,0.134082032,0.199804688,0.10012207,"Cytoplasm, Nucleus",Nucleus
ENSP00000385020,0.547265626,0.64375,0.38046875,0.15502929599999998,0.5125,0.17685546800000002,0.0016899119999999996,0.077246094,0.363085936,0.276757812,0.0024337760000000003,"Membrane, Cytoplasm",Cell membrane
ENSP00000358300,0.077441406,0.280078126,0.8859375,0.241015624,0.042114257999999995,0.10263671999999999,0.007052612,0.076562502,0.066259766,0.08745117,0.00123701,Nucleus,Nucleus
ENSP00000470652,0.74375,0.082128908,0.286328124,0.046936033999999995,0.14951172,0.23710937599999998,0.00089073,0.7625,0.21015624800000002,0.7640625,0.074804688,"Membrane, Endoplasmic reticulum, Golgi apparatus",Golgi apparatus
ENSP00000283921,0.09501953199999999,0.334570312,0.89296875,0.063244626,0.09501953199999999,0.097558594,0.0013683300000000003,0.054028322,0.059277343999999996,0.049438475999999995,0.0085083,Nucleus,Nucleus
ENSP00000286234,0.590625,0.59765625,0.352343748,0.066625978,0.512109376,0.190234374,0.012536619999999998,0.255273436,0.48281249800000003,0.489453124,0.002783966,"Membrane, Cytoplasm","Nucleus, Mitochondrion"
ENSP00000445690,0.318750002,0.72578125,0.394726562,0.046557617999999995,0.234570312,0.18476562400000002,0.005879214,0.291210938,0.21767578000000004,0.436718748,0.002816774,Cytoplasm,Golgi apparatus
ENSP00000393333,0.87734375,0.21230468600000002,0.071630858,0.034204102,0.8328125,0.12783203199999998,0.00722046,0.382421876,0.328710938,0.312890624,0.00691681,"Membrane, Cell membrane",Cell membrane
ENSP00000228741,0.04306640400000001,0.371875,0.946875,0.090722656,0.020898438,0.054174804,0.0030906659999999997,0.10703125,0.02508545,0.03618164,0.010931396,Nucleus,Nucleus
ENSP00000446242,0.47109374800000003,0.369921874,0.40078125,0.192773438,0.215429686,0.6921875,0.01097412,0.29453125,0.257617184,0.40996093799999994,0.232958986,"Membrane, Mitochondrion",Mitochondrion
ENSP00000357442,0.067041014,0.420312502,0.89453125,0.047033692,0.051904294000000004,0.060986328,0.013806151999999999,0.12578125,0.023791502,0.066113282,0.0013477300000000001,Nucleus,Nucleus
ENSP00000502176,0.232226562,0.23984375,0.12958984599999998,0.083154298,0.093652342,0.9125,0.17070312599999998,0.047949218,0.06645508,0.121777344,0.023278807999999998,Mitochondrion,Mitochondrion
ENSP00000388506,0.129003904,0.238671874,0.78203125,0.06601562400000001,0.09135742,0.05429687400000001,0.0040115360000000004,0.083740234,0.06020507999999999,0.32285156400000004,0.001726152,Nucleus,Nucleus
ENSP00000296839,0.072949218,0.358984374,0.84453125,0.032458498,0.092089844,0.136816406,0.000740814,0.035424804,0.032690430000000006,0.038793946,0.00682831,Nucleus,Nucleus
ENSP00000273588,0.164453126,0.23710937799999998,0.144433592,0.107128906,0.098046876,0.9390625,0.011053468,0.06406249800000001,0.063330078,0.10693359,0.079003906,Mitochondrion,Mitochondrion
ENSP00000388357,0.052343748,0.328125,0.90078125,0.10166016,0.02932129,0.071093752,0.0054229740000000005,0.051123046000000005,0.019140624000000002,0.05424804800000001,0.000751876,Nucleus,Nucleus
ENSP00000387729,0.127734374,0.82734375,0.589453126,0.07187499800000001,0.099365234,0.064306642,0.01400757,0.1265625,0.115820314,0.27636719,0.004377746,"Cytoplasm, Nucleus","Cytoplasm, Cell membrane"
ENSP00000381461,0.178906252,0.459765626,0.43125,0.110546874,0.112304688,0.104833982,0.030541992,0.093945312,0.17055664199999998,0.211914066,0.016345214,None,Nucleus
ENSP00000315587,0.07290039000000001,0.280078124,0.903125,0.043176272,0.039282228,0.082128906,0.000854874,0.07084961,0.033886717999999996,0.059814452,0.0006258,Nucleus,Nucleus
ENSP00000358033,0.264453126,0.195898438,0.13388671800000002,0.05502929599999999,0.080273438,0.87265625,0.119433594,0.070214842,0.064453122,0.11484375,0.04472656,Mitochondrion,Cytoplasm
ENSP00000426560,0.037744142,0.277929686,0.79609375,0.235546876,0.018151854000000002,0.274218748,0.0037811279999999995,0.15136718799999999,0.020495604,0.080615234,0.05504760800000001,Nucleus,Nucleus
ENSP00000483421,0.16933593600000002,0.214648438,0.058691406,0.8921875,0.14794922,0.083789062,0.01860962,0.24941406600000002,0.359374998,0.251171874,0.001317216,Extracellular,"Endoplasmic reticulum, Golgi apparatus"
ENSP00000438521,0.558203126,0.62421875,0.320312496,0.047363282,0.56640625,0.225097658,0.007839964,0.29511718600000003,0.565234376,0.4390625,0.017962646,"Membrane, Cytoplasm, Cell membrane, Lysosome/Vacuole","Cytoplasm, Nucleus"
ENSP00000420269,0.213085938,0.29863281399999997,0.13017578000000002,0.142578126,0.09526367200000001,0.6359375,0.49511718600000004,0.089648434,0.06467285199999999,0.11308593600000001,0.328710938,None,Cytoplasm
ENSP00000340883,0.09970703,0.546875,0.87734375,0.09821777400000001,0.088671876,0.082885744,0.00269623,0.082568358,0.210449222,0.147265626,0.0016059880000000003,"Cytoplasm, Nucleus",Nucleus
ENSP00000422951,0.17675781399999999,0.590625,0.721875,0.049999998,0.198632812,0.200976562,0.072363282,0.057519529999999985,0.019860839999999998,0.155566406,0.011706542,"Cytoplasm, Nucleus","Cytoplasm, Cell membrane, Endoplasmic reticulum"
ENSP00000445481,0.393359376,0.5953125,0.476953124,0.144140624,0.340234376,0.36796875,0.009753415999999999,0.27265625,0.54453125,0.488281252,0.018041992,Cytoplasm,Lysosome/Vacuole
ENSP00000504470,0.14404296600000002,0.30273437400000003,0.840625,0.048754884,0.04975586,0.16914062400000002,0.005268860000000001,0.134863282,0.12353515600000001,0.11074218799999999,0.029357908,Nucleus,Nucleus
ENSP00000408963,0.014819335999999999,0.530859374,0.8453125,0.11977538800000001,0.012109374000000001,0.056445312000000004,0.003630065999999999,0.159082028,0.016845699999999998,0.062377930000000005,0.015026854000000001,"Cytoplasm, Nucleus","Cytoplasm, Nucleus"
ENSP00000399234,0.254492188,0.5421875,0.68046875,0.070703124,0.16630859199999998,0.174511718,0.0030822759999999997,0.23847656600000003,0.09614258,0.22822265799999997,0.021533201999999998,"Cytoplasm, Nucleus","Cytoplasm, Nucleus"
ENSP00000317437,0.220703124,0.58828125,0.566796874,0.037524412,0.15839843999999997,0.182421872,0.021282958,0.35351562400000003,0.37734375,0.277929686,0.061743163999999996,"Cytoplasm, Nucleus","Endoplasmic reticulum, Golgi apparatus"
ENSP00000479512,0.21699218999999997,0.5625,0.49023437400000003,0.44160156199999995,0.275976564,0.38515625,0.0010387400000000002,0.271679688,0.22421875,0.080224608,0.014019776000000001,Cytoplasm,Cytoplasm
ENSP00000246115,0.89375,0.22578125,0.083837892,0.034960938000000004,0.92890625,0.11435546799999999,0.0034576419999999995,0.2578125,0.30722656000000004,0.249804688,0.01860962,"Membrane, Cell membrane",Mitochondrion
ENSP00000437207,0.277929688,0.70234375,0.44726562599999997,0.321679688,0.490625002,0.087548826,0.001888274,0.189062502,0.187109376,0.231640626,0.005053708,Cytoplasm,"Nucleus, Cell membrane"
ENSP00000351040,0.08671875,0.56875,0.7625,0.09628906,0.09770508,0.145800782,0.005798340000000001,0.136132812,0.079785156,0.14248047,0.043164062,"Cytoplasm, Nucleus",Nucleus
ENSP00000318575,0.17490234200000002,0.715625,0.346874998,0.020324704,0.19433593600000001,0.11206054800000001,0.004761124,0.20498047000000003,0.223242188,0.152246092,0.031607058,Cytoplasm,Cytoplasm
ENSP00000485288,0.147167966,0.634375,0.601953126,0.014855955999999998,0.110253906,0.41425781199999995,0.020336916,0.046997072,0.125,0.062353514,0.20429687200000002,"Cytoplasm, Nucleus",Cytoplasm
ENSP00000471403,0.06376953199999999,0.282031252,0.87109375,0.048828124,0.03544921799999999,0.142089844,0.016246794,0.124121094,0.046679688000000004,0.05913085999999999,0.009883116,Nucleus,"Nucleus, Cell membrane"
ENSP00000386738,0.07910156399999999,0.84140625,0.678125,0.05529785,0.071826172,0.071679686,0.0016510000000000001,0.088134766,0.071142578,0.027429201999999996,0.05472412,"Cytoplasm, Nucleus",Cytoplasm
ENSP00000320431,0.68125,0.22109375199999998,0.2453125,0.377734374,0.11279296999999999,0.16015625,0.002357484,0.528515626,0.158886718,0.8015625,0.012225340000000001,"Membrane, Golgi apparatus",Golgi apparatus
ENSP00000260563,0.316015626,0.47441406199999997,0.583203126,0.046983336,0.13046874800000002,0.41777343800000005,0.00449524,0.038793945999999996,0.112255862,0.04494629,0.04067993400000001,"Cytoplasm, Nucleus",Nucleus
ENSP00000401014,0.06752929799999999,0.459375002,0.825,0.02097168,0.107470704,0.12631836000000002,0.034936524000000004,0.042358398000000005,0.016357422,0.02388916,0.011218259999999999,Nucleus,Nucleus
ENSP00000243082,0.189257814,0.473046876,0.75703125,0.108203122,0.176953126,0.224023438,0.0074096679999999995,0.28203125,0.08945312400000001,0.11855468799999999,0.02194214,"Cytoplasm, Nucleus",Nucleus
ENSP00000266544,0.41953125199999997,0.171289062,0.08427734199999999,0.041845702,0.169140622,0.9125,0.391601564,0.07392578400000001,0.084863282,0.108300782,0.04006348,Mitochondrion,Mitochondrion
ENSP00000452454,0.129199218,0.520703124,0.73359375,0.024206544,0.099853514,0.062451172,0.0010116580000000001,0.111523438,0.087841798,0.11118164,0.001893616,"Cytoplasm, Nucleus",Nucleus
ENSP00000426083,0.24863281199999995,0.6578125,0.254882812,0.124902344,0.263085936,0.481640626,0.044201662,0.10083008,0.154296876,0.103808594,0.047662352,Cytoplasm,"Cytoplasm, Cell membrane"
ENSP00000359095,0.05217285000000001,0.426171876,0.83359375,0.13378906200000001,0.070947264,0.31074219,0.001494216,0.052148436,0.042236326,0.082519528,0.00364685,Nucleus,Nucleus
ENSP00000405752,0.60703125,0.721875,0.283984374,0.018292238000000002,0.382421876,0.24355468600000002,0.009984968,0.378515624,0.34951172,0.707421876,0.023132324000000003,"Membrane, Cytoplasm, Golgi apparatus",Golgi apparatus
ENSP00000459933,0.221875,0.6046875,0.537499998,0.08188476599999998,0.10131836000000001,0.197851564,0.021041869999999997,0.525781248,0.190917966,0.27617187200000004,0.002754212,"Cytoplasm, Nucleus",Nucleus
ENSP00000379284,0.352734374,0.5609375,0.290234376,0.056884767999999995,0.319921876,0.175585938,0.041796876,0.26562499799999995,0.09528808600000001,0.14990234200000002,0.010461424,Cytoplasm,Mitochondrion
ENSP00000335060,0.319921874,0.7421875,0.1625,0.13535156399999998,0.22265625,0.662109374,0.004315187999999999,0.19267578,0.362890624,0.502734372,0.175195312,"Cytoplasm, Mitochondrion",Mitochondrion
ENSP00000357215,0.09140625,0.285351564,0.78515625,0.21728515599999998,0.07368163999999999,0.013415528000000001,0.0018791180000000002,0.03015137,0.06940918,0.400976562,0.01701355,Nucleus,Nucleus
ENSP00000313822,0.060449220000000005,0.334375,0.86875,0.041552734,0.024157714000000004,0.160839844,0.0026504519999999998,0.029638671999999998,0.031054685999999998,0.099414064,0.002983092,Nucleus,Nucleus
ENSP00000483921,0.13671875,0.552734376,0.803125,0.050416565999999996,0.13671875,0.09765625,0.0072723399999999995,0.112573242,0.112402344,0.128417968,0.05845947199999999,"Cytoplasm, Nucleus",Nucleus
ENSP00000430121,0.20214844000000004,0.546875,0.725,0.13398437400000002,0.161328126,0.07290039,0.031286622,0.17685547,0.156445312,0.15908203199999998,0.07685546800000001,"Cytoplasm, Nucleus",Nucleus
ENSP00000342699,0.14560547,0.7421875,0.5000000019999999,0.080395506,0.065380862,0.12128905999999999,0.001333238,0.09482421599999999,0.185546876,0.27890625,0.014007568000000001,Cytoplasm,"Cytoplasm, Nucleus"
ENSP00000265732,0.044140624,0.419140626,0.89140625,0.04094238,0.06430664,0.039379882,0.0017013559999999998,0.08139648399999999,0.009606934000000001,0.052148438000000005,0.002816774,Nucleus,Nucleus
ENSP00000274031,0.04140625,0.61875,0.790625,0.029125978000000004,0.030664062,0.110742186,0.08154297,0.14565429800000002,0.071191406,0.048034668,0.006124877999999999,"Cytoplasm, Nucleus",Nucleus
ENSP00000370532,0.038085936,0.316796876,0.90390625,0.016644286,0.046435546,0.06655273399999999,0.00666046,0.062402343999999985,0.022436522,0.033801269999999994,0.001519776,Nucleus,Nucleus
ENSP00000493763,0.167578124,0.6484375,0.12861328,0.190527344,0.027307130000000002,0.13554687199999998,0.009747316,0.22910156399999998,0.5341796879999999,0.191870118,0.051660158,Cytoplasm,Nucleus
ENSP00000427300,0.13027343600000002,0.415234374,0.69921875,0.24306640599999998,0.027832032,0.493164064,0.097119138,0.238671874,0.10400390600000001,0.129345704,0.041317745999999995,Nucleus,Nucleus
ENSP00000339524,0.054321288,0.34296875,0.890625,0.033715818,0.05379638600000001,0.15556640400000002,0.003733824,0.15556640800000002,0.05117187599999999,0.074121094,0.012145996000000001,Nucleus,Nucleus
ENSP00000480216,0.162597654,0.65078125,0.65,0.038500974,0.172363282,0.37695312400000003,0.004147336,0.159960938,0.216992186,0.152832028,0.008862305999999999,"Cytoplasm, Nucleus","Cytoplasm, Nucleus"
ENSP00000431778,0.054394529999999996,0.27910156399999997,0.9140625,0.054125976,0.036206056,0.063378908,0.000997542,0.048095702,0.024853516,0.050927732,0.000653458,Nucleus,Nucleus
ENSP00000449746,0.13544921599999998,0.526953126,0.5953125,0.031176758,0.12460937600000002,0.13515624799999998,0.0072593679999999996,0.136425782,0.168359376,0.095312498,0.002716828,"Cytoplasm, Nucleus",Cytoplasm
ENSP00000410603,0.35703125,0.5140625,0.64296875,0.030139159999999998,0.452734376,0.202929686,0.006948854,0.19980468799999998,0.336914062,0.343749998,0.009432983999999998,"Cytoplasm, Nucleus","Cytoplasm, Nucleus"
ENSP00000385529,0.50390625,0.541015624,0.393359374,0.018414306,0.5140625,0.30917969,0.015600584,0.13876953,0.340625,0.394531248,0.216210938,"Membrane, Cytoplasm",Cytoplasm
ENSP00000413963,0.253515624,0.527734376,0.5328125,0.323046874,0.178417968,0.201562498,0.05965575999999999,0.07724609399999999,0.19921875200000003,0.095605468,0.564941406,"Cytoplasm, Nucleus",Cytoplasm
ENSP00000369411,0.254882814,0.5328125,0.31464843600000003,0.032388306000000006,0.11030273399999999,0.232617186,0.016355894000000003,0.38671875,0.049536132,0.150634768,0.028302002,Cytoplasm,Nucleus
ENSP00000355979,0.03366699199999999,0.423046876,0.9109375,0.05092773399999999,0.05053710800000001,0.06503906400000001,0.008197022,0.074560544,0.058789062,0.027832032,0.015332032,Nucleus,Nucleus
ENSP00000503956,0.374609376,0.17109375,0.078417968,0.06145019599999999,0.223046876,0.946875,0.017346192,0.087304684,0.052734376000000006,0.09902343799999999,0.042578124,Mitochondrion,Mitochondrion
ENSP00000489856,0.166210938,0.222656252,0.14892578,0.103613282,0.09829101400000001,0.93828125,0.009826660000000001,0.067968752,0.059472658,0.09794921999999999,0.07133788999999999,Mitochondrion,Mitochondrion
ENSP00000438158,0.192187502,0.72109375,0.5515625,0.21022949400000002,0.14453125,0.336914064,0.09443359399999998,0.15454101599999998,0.150292968,0.21845703,0.01599121,"Cytoplasm, Nucleus",Cytoplasm
ENSP00000362685,0.110302736,0.6921875,0.589453124,0.101391602,0.10732422000000001,0.195507814,0.016696166000000002,0.140234374,0.195214844,0.158203124,0.021545409999999997,"Cytoplasm, Nucleus",Nucleus
ENSP00000502859,0.63125,0.3375,0.147363278,0.16435547,0.22109375,0.593359376,0.122851562,0.359765626,0.196289064,0.18105468600000002,0.18017578,Membrane,Mitochondrion
ENSP00000299163,0.081689452,0.64140625,0.40234375,0.11762694999999998,0.062084962,0.212304688,0.05786133,0.22578125,0.123242188,0.24335937400000002,0.005194093999999999,Cytoplasm,"Cytoplasm, Nucleus"
ENSP00000489758,0.16669921999999998,0.36914062400000003,0.127148436,0.12836914,0.10986328199999999,0.89921875,0.037158202,0.06293945399999999,0.07558593799999999,0.10678710799999999,0.264648436,Mitochondrion,Mitochondrion
ENSP00000453463,0.059130857999999994,0.296875,0.91640625,0.116992188,0.03005371,0.05966797,0.001896666,0.04445801,0.028002930000000002,0.05961914,0.000658416,Nucleus,Nucleus
ENSP00000345702,0.078369138,0.36796875,0.76796875,0.077832032,0.044262694000000005,0.07475586000000001,0.00022191799999999999,0.120703128,0.03945312399999999,0.09638672000000001,0.0012664780000000001,Nucleus,Nucleus
ENSP00000303315,0.141015626,0.240429688,0.88984375,0.025659179999999997,0.077978514,0.120800782,0.009246826,0.041992188,0.045703126,0.061889646000000006,0.00039062400000000006,Nucleus,Nucleus
ENSP00000463121,0.330273438,0.490625,0.641015626,0.05319824199999999,0.185546876,0.245410154,0.00369873,0.142041018,0.26123047,0.146435546,0.018414306,"Cytoplasm, Nucleus","Cytoplasm, Nucleus, Mitochondrion"
ENSP00000398124,0.217382812,0.4875,0.86875,0.01491699,0.125390624,0.23193359400000002,0.000156784,0.051513673999999995,0.121679688,0.199218748,0.089904782,"Cytoplasm, Nucleus",Nucleus
ENSP00000243878,0.162695312,0.65703125,0.331249998,0.052832031999999994,0.17431640799999998,0.144531254,0.000981712,0.11577148400000001,0.19853515800000002,0.126367188,0.0644104,Cytoplasm,"Cytoplasm, Cell membrane"
ENSP00000361171,0.155078128,0.24375,0.7875,0.02312622,0.087646486,0.102514646,0.015235898000000003,0.088769532,0.14550781,0.084130858,0.009249878,Nucleus,Nucleus
ENSP00000403660,0.77890625,0.292968748,0.071875,0.09355468600000001,0.80234375,0.089160156,0.0026306159999999997,0.347265624,0.19082031400000002,0.24511718600000001,0.010937500000000001,"Membrane, Cell membrane",Cell membrane
ENSP00000386280,0.56875,0.321093752,0.331250002,0.109082032,0.253515626,0.44785156200000004,0.0028991700000000004,0.198632814,0.099414062,0.08010254,0.26591797,Membrane,Nucleus
ENSP00000269967,0.089453128,0.62421875,0.65546875,0.01447754,0.066406252,0.343164064,0.001120756,0.163134766,0.074658202,0.095458984,0.014202880000000001,"Cytoplasm, Nucleus",Nucleus
ENSP00000357920,0.12783203199999998,0.36484375,0.27421875,0.054443358,0.016479492000000002,0.28203125,0.062426760000000005,0.55625,0.12031249800000002,0.21621093600000002,0.8125,Peroxisome,Cytoplasm
ENSP00000341843,0.11279296999999999,0.485156252,0.84453125,0.046130371999999996,0.091894532,0.142578122,0.0008309840000000001,0.107666016,0.10732422,0.140820312,0.009588624,"Cytoplasm, Nucleus",Nucleus
ENSP00000484534,0.045117186,0.436328126,0.92578125,0.013256833999999999,0.021032716,0.342578126,0.0024726860000000004,0.02121582,0.06049804599999999,0.015945433999999998,0.008172608000000001,Nucleus,Nucleus
ENSP00000356974,0.312890624,0.25292969000000004,0.19296875000000002,0.85859375,0.47421875199999997,0.143359374,0.005825804,0.356250002,0.25976562400000003,0.42382812599999997,0.036499024000000005,Extracellular,Nucleus
ENSP00000263121,0.132617184,0.519140626,0.87578125,0.22348632999999998,0.112402344,0.08674316400000001,0.0018543219999999998,0.069335938,0.158300782,0.145654296,0.0006082520000000001,"Cytoplasm, Nucleus",Nucleus
ENSP00000222567,0.043090819999999995,0.273828126,0.92890625,0.089453126,0.022485352,0.013983154000000001,0.00200119,0.124804688,0.023095703999999998,0.144921876,0.0020965579999999997,Nucleus,Nucleus
ENSP00000204517,0.06611328,0.35742187400000003,0.9390625,0.03376464999999999,0.043603515999999995,0.112207032,0.0005392060000000001,0.016894529999999998,0.09892578,0.12890625,0.00256958,Nucleus,Nucleus
ENSP00000438800,0.903125,0.10390625,0.043066406,0.033166502,0.8875,0.050634766,0.004466246,0.321875,0.306054688,0.199414064,0.011288452,"Membrane, Cell membrane",Cell membrane
ENSP00000432382,0.5890625,0.77265625,0.313671874,0.01642151,0.441015626,0.270312502,0.005241391999999999,0.28847656,0.355859376,0.63515625,0.02034607,"Membrane, Cytoplasm",Golgi apparatus
ENSP00000319739,0.22539062599999998,0.212890626,0.293750002,0.09189453,0.173925782,0.052026368,0.001443862,0.8671875,0.32578125,0.37734375,0.040063476,Endoplasmic reticulum,Endoplasmic reticulum
ENSP00000468290,0.366015626,0.566015624,0.54453125,0.286328126,0.193847656,0.43515625,0.000666046,0.305468752,0.206640626,0.445312498,0.095166016,"Cytoplasm, Nucleus",Mitochondrion
ENSP00000463424,0.287695312,0.6859375,0.44335937599999997,0.0435791,0.157324218,0.07153320399999999,0.00621643,0.214062502,0.154980468,0.152929686,0.033447264000000004,Cytoplasm,Cytoplasm
ENSP00000420802,0.725,0.23730468600000001,0.11738281400000002,0.261132812,0.75859375,0.086621094,0.001693726,0.44335937200000003,0.60390625,0.3625,0.12033691399999999,"Membrane, Cell membrane, Lysosome/Vacuole",Cell membrane
ENSP00000360597,0.83125,0.190820312,0.119433592,0.29404296799999996,0.71953125,0.178808596,0.0013008120000000001,0.48125,0.561328124,0.46289062400000003,0.082604978,"Membrane, Cell membrane",Cell membrane
ENSP00000364119,0.12578125,0.6578125,0.6703125,0.043432618,0.07163085799999999,0.062402344,0.014630128000000001,0.08876953000000001,0.090136718,0.443164064,0.002428436,"Cytoplasm, Nucleus",Endoplasmic reticulum
ENSP00000478061,0.523828126,0.6828125,0.50859375,0.07363280999999999,0.71953125,0.085302732,0.0049591060000000005,0.23339843799999999,0.18144531000000003,0.252929688,0.00940857,"Membrane, Cytoplasm, Cell membrane",Cell membrane
ENSP00000387119,0.24248046800000003,0.544140626,0.44609375,0.242578126,0.268359374,0.269335938,0.022949216,0.107421874,0.30556640599999996,0.121679688,0.46386718800000004,Cytoplasm,Cytoplasm
ENSP00000362328,0.90703125,0.133496094,0.152246094,0.12548828,0.82265625,0.194726562,0.0027458200000000004,0.323046876,0.66171875,0.15527343799999999,0.01600342,"Membrane, Cell membrane, Lysosome/Vacuole",Cell membrane
ENSP00000503132,0.151171874,0.25585937599999997,0.9078125,0.02788086,0.057470702000000005,0.160351562,0.010577392,0.061230469999999995,0.070214844,0.143945312,0.000743102,Nucleus,Nucleus
ENSP00000469035,0.22929687599999998,0.5546875019999999,0.4015625,0.052392578,0.25859374999999996,0.074414062,0.0013999939999999999,0.13466797,0.20419922000000001,0.05676269399999999,0.5068359360000001,Cytoplasm,Golgi apparatus
ENSP00000426183,0.156445316,0.552734374,0.771875,0.041783142,0.172460936,0.108203122,0.007632445999999999,0.106176758,0.11088866999999998,0.117382816,0.06357116599999998,"Cytoplasm, Nucleus",Nucleus
ENSP00000435393,0.2671875,0.49140625,0.64921875,0.076464846,0.155664062,0.297070314,0.023144532000000002,0.158496094,0.228515624,0.29375,0.007077028000000001,"Cytoplasm, Nucleus",Nucleus
ENSP00000332049,0.71953125,0.262304686,0.16289062599999998,0.191796874,0.7765625,0.074902344,0.0038681019999999996,0.387890626,0.360156252,0.415234376,0.047436522,"Membrane, Cell membrane",Cell membrane
ENSP00000392070,0.033813475999999995,0.25761719000000005,0.9234375,0.053125,0.02192383,0.264257814,0.003140258,0.1046875,0.012500002000000001,0.042504884,0.001184082,Nucleus,Nucleus
ENSP00000468069,0.057128906,0.351171876,0.8265625,0.10493163999999999,0.061376954000000004,0.159277342,0.0010372159999999999,0.04645996,0.143945312,0.05917968600000001,0.010728456,Nucleus,Nucleus
ENSP00000374550,0.12861328,0.54453125,0.784375,0.08178711,0.13535156399999998,0.16171875,0.013299559999999998,0.181054688,0.12734375,0.115625,0.224365236,"Cytoplasm, Nucleus",Cytoplasm
ENSP00000496837,0.168164064,0.52421875,0.584375,0.027941892000000003,0.12753905999999998,0.195898436,0.000864792,0.208398438,0.149707032,0.15722656200000001,0.0043106080000000005,"Cytoplasm, Nucleus","Cytoplasm, Nucleus"
ENSP00000427011,0.85078125,0.266601562,0.201953124,0.070898436,0.81640625,0.15546875,0.004779052000000001,0.220703124,0.615625,0.41171875,0.01768799,"Membrane, Cell membrane, Lysosome/Vacuole",Nucleus
ENSP00000380217,0.78515625,0.250390624,0.104199216,0.22167968799999999,0.80546875,0.10078125,0.0017211920000000003,0.455859374,0.6296875,0.390234376,0.173706056,"Membrane, Cell membrane, Lysosome/Vacuole",Cell membrane
ENSP00000473467,0.150195312,0.62265625,0.71953125,0.075109862,0.09580078,0.090136718,0.013531494,0.15468749799999998,0.049316406,0.269531252,0.003697202,"Cytoplasm, Nucleus","Cytoplasm, Nucleus"
ENSP00000390152,0.319531248,0.169921876,0.169531252,0.88359375,0.40625,0.10664062399999999,0.014788816,0.16933594,0.276367186,0.266210938,0.007940674,Extracellular,Cell membrane
ENSP00000480722,0.11572265599999998,0.63046875,0.450390624,0.120117188,0.18769531,0.450390626,0.0045761099999999996,0.10283203,0.065966796,0.08950195200000001,0.286132814,Cytoplasm,"Nucleus, Golgi apparatus"
ENSP00000216807,0.050756833999999994,0.444921876,0.8453125,0.214453126,0.08112793,0.074511718,0.000424002,0.045434572000000006,0.262109376,0.069604492,0.000794984,Nucleus,Nucleus
ENSP00000291691,0.141992188,0.55,0.60703125,0.328515626,0.0984375,0.12451171800000001,0.0015525819999999998,0.078662112,0.06621093600000001,0.113183594,0.14179687400000002,"Cytoplasm, Nucleus",Nucleus
ENSP00000504515,0.37265625,0.171484376,0.090722656,0.05085449200000001,0.22939452999999999,0.95234375,0.014587402,0.08481445200000001,0.054541018,0.08725586,0.038720702,Mitochondrion,Mitochondrion
ENSP00000339326,0.208398438,0.66796875,0.653125,0.28320312599999997,0.232421876,0.332421874,0.001288222,0.214257812,0.19482422,0.225390624,0.0038558959999999997,"Cytoplasm, Nucleus","Cytoplasm, Nucleus, Cell membrane"
ENSP00000442500,0.069238282,0.308984372,0.92890625,0.116943358,0.039233398,0.042041016,0.00113754,0.043310548,0.037304688,0.08452148200000001,0.00016050399999999998,Nucleus,Nucleus
ENSP00000437928,0.14921875,0.57265625,0.79140625,0.029028318000000004,0.111328124,0.169140626,0.003422548,0.13417969000000002,0.167773436,0.10620117200000001,0.018353271999999997,"Cytoplasm, Nucleus",Nucleus
ENSP00000468486,0.12392578000000001,0.63984375,0.456640626,0.20019531200000001,0.099755858,0.24101562399999996,0.006808472,0.103271486,0.115820314,0.172265628,0.0025299059999999997,Cytoplasm,Cytoplasm
ENSP00000326693,0.74765625,0.12148437599999999,0.148828128,0.030786132,0.10556640799999999,0.89375,0.197070312,0.23125,0.213085938,0.15766601800000002,0.43125,"Membrane, Mitochondrion",Mitochondrion
ENSP00000496818,0.27656250400000004,0.539453124,0.374609374,0.263183594,0.25195312400000003,0.42031249800000003,0.150292968,0.290039064,0.18847656,0.2234375,0.19047851600000001,Cytoplasm,Nucleus
ENSP00000268125,0.473046876,0.69375,0.360937498,0.048059081999999996,0.15136718799999999,0.207421876,0.007331848,0.432421876,0.40078125,0.46289062400000003,0.010180666000000001,"Membrane, Cytoplasm",Cytoplasm
ENSP00000499450,0.476171874,0.094628908,0.150585938,0.031909179999999995,0.086328124,0.91484375,0.17744140800000002,0.079882814,0.049414062,0.115527344,0.068945314,"Membrane, Mitochondrion",Mitochondrion
ENSP00000359795,0.58125,0.615625,0.43125,0.06093749799999999,0.740625,0.056738279999999995,0.014337156,0.210644534,0.10361328,0.25624999800000003,0.006565857999999999,"Membrane, Cytoplasm, Cell membrane",Cytoplasm
ENSP00000486676,0.68671875,0.208789062,0.221289062,0.1515625,0.155566406,0.608984376,0.024633791999999998,0.684375,0.244921874,0.321679686,0.43925781199999997,"Membrane, Endoplasmic reticulum",Cytoplasm
ENSP00000440227,0.195117186,0.68046875,0.25371094000000005,0.130566406,0.080078126,0.379296876,0.28280029399999995,0.238671874,0.16923828200000002,0.17109375,0.136816408,Cytoplasm,Cytoplasm
ENSP00000371408,0.74765625,0.414062502,0.378125,0.018249512000000002,0.71015625,0.299414062,0.0039672859999999996,0.290625,0.578125,0.71484375,0.130371094,"Membrane, Cell membrane, Lysosome/Vacuole, Golgi apparatus",Cell membrane
ENSP00000351211,0.8875,0.14863281,0.13066406000000003,0.039196776,0.87421875,0.25117187199999996,0.018859863999999997,0.123925782,0.199511718,0.06315918,0.034912109999999996,"Membrane, Cell membrane",Cell membrane
ENSP00000312288,0.305664062,0.172265626,0.092480466,0.027124023999999997,0.050146486000000004,0.97578125,0.23398437200000002,0.044921876000000006,0.03557129,0.03071289,0.12373046800000001,Mitochondrion,Mitochondrion
ENSP00000385376,0.136328124,0.75703125,0.482812502,0.073632812,0.06772461199999999,0.133398438,0.0009597760000000001,0.074951172,0.192968746,0.278710936,0.011801148000000001,Cytoplasm,"Cytoplasm, Nucleus"
ENSP00000308082,0.8578125,0.15371093600000002,0.147949218,0.05966797,0.8828125,0.250390624,0.006451418,0.13515625,0.264453124,0.089819338,0.026947024000000003,"Membrane, Cell membrane",Cell membrane
ENSP00000006015,0.100878906,0.298242188,0.85,0.039135738,0.089770508,0.125964354,0.0020362839999999998,0.068408202,0.043347168000000005,0.04462890599999999,0.007824706,Nucleus,Nucleus
ENSP00000427329,0.10078125,0.50625,0.7671875,0.021215822000000002,0.08701171599999999,0.14160156,0.004209902000000001,0.12138671999999999,0.050976562,0.066040038,0.014178468,"Cytoplasm, Nucleus",Nucleus
ENSP00000364525,0.060400390000000005,0.231249998,0.9609375,0.06772460999999999,0.040917968,0.04838867,0.08071289000000001,0.034374998000000004,0.03979492,0.08056640600000001,0.001049804,Nucleus,Nucleus
ENSP00000261245,0.12089843600000001,0.521093748,0.771875,0.023303222000000002,0.134472656,0.214453126,0.001004792,0.15078125,0.154199218,0.09526367,0.00229187,"Cytoplasm, Nucleus",Nucleus
ENSP00000215742,0.041918944,0.388281248,0.8703125,0.07407226600000001,0.044775390000000005,0.21914062799999998,0.0031791680000000004,0.09926757800000001,0.068359376,0.050683592,0.026757812000000002,Nucleus,Nucleus
ENSP00000430457,0.540625,0.5828125,0.371093748,0.05651855400000001,0.471484376,0.19765625,0.014721680000000001,0.27167968600000003,0.41953125199999997,0.473046874,0.0029861460000000003,"Membrane, Cytoplasm","Nucleus, Mitochondrion"
ENSP00000478813,0.274804686,0.144140624,0.13574218799999999,0.066357422,0.085839842,0.93359375,0.010546876,0.11992187400000001,0.05903320199999999,0.10263671999999999,0.132226562,Mitochondrion,Mitochondrion
ENSP00000307695,0.27539062599999997,0.6453125,0.50234375,0.065576172,0.27558594000000003,0.197851562,0.0020034780000000004,0.2125,0.183789064,0.179492186,0.117871094,Cytoplasm,Nucleus
ENSP00000225972,0.7890625,0.172070314,0.358984374,0.047729492,0.230078124,0.334765626,0.038085936,0.575,0.320703124,0.437890624,0.075488284,Membrane,Endoplasmic reticulum
ENSP00000380311,0.163476562,0.575,0.79375,0.03676758,0.12578125,0.140820312,0.002976988,0.12919922,0.15107421999999998,0.13828125,0.00809326,"Cytoplasm, Nucleus",Nucleus
ENSP00000329214,0.587109376,0.210546876,0.1984375,0.436718748,0.09609375,0.14296875,0.00609131,0.473828126,0.17324218600000002,0.7,0.009797666,"Membrane, Golgi apparatus",Nucleus
ENSP00000321679,0.21796875,0.60546875,0.511328122,0.07856445399999999,0.272265624,0.22363281200000001,0.00852661,0.18046875,0.167285156,0.28320312400000003,0.013385008,Cytoplasm,Nucleus
ENSP00000316042,0.054638672,0.67265625,0.79453125,0.042773438000000004,0.068774416,0.030438232,0.005389406,0.176049806,0.045190428,0.018920898,0.0010133739999999998,"Cytoplasm, Nucleus",Nucleus
ENSP00000446680,0.107666014,0.30859375,0.8359375,0.04243164000000001,0.075292968,0.139221192,0.0016609179999999997,0.07407226599999998,0.04277344,0.044873046,0.015338134,Nucleus,Nucleus
ENSP00000346300,0.377343752,0.6703125,0.44296875,0.07670898400000001,0.367187502,0.076513672,0.005020144,0.111328124,0.375976562,0.2890625,0.006011962,Cytoplasm,Nucleus
ENSP00000279206,0.180371096,0.61328125,0.34492187799999996,0.22163086,0.2703125,0.395703126,0.003019716,0.24785156000000003,0.107421874,0.230273436,0.8921875,"Cytoplasm, Peroxisome",Nucleus
ENSP00000407646,0.26152344,0.4734375,0.52421875,0.221875,0.181591798,0.23242187800000003,0.02614746,0.15439453,0.038134764,0.10732422,0.002367022,Cytoplasm,"Cytoplasm, Nucleus"
ENSP00000352831,0.209374998,0.531640626,0.5765625,0.070166016,0.17109375,0.233789064,0.049021912,0.07465820399999999,0.036059572,0.064208984,0.02201233,"Cytoplasm, Nucleus",Nucleus
ENSP00000274000,0.653125,0.420703126,0.43671875,0.01488037,0.58828125,0.27148437400000003,0.01899414,0.125097656,0.45,0.503515624,0.068188476,"Membrane, Cell membrane",Golgi apparatus
ENSP00000457284,0.283984374,0.230078124,0.13037109200000002,0.91484375,0.371875,0.12265625,0.004023742,0.22265625,0.346484376,0.437500002,0.015283202,Extracellular,"Cytoplasm, Cell membrane"
ENSP00000326305,0.90546875,0.19042968600000001,0.131835936,0.012573240000000003,0.3484375,0.90703125,0.027416993999999993,0.344921876,0.168847656,0.257031252,0.20019531200000001,"Membrane, Mitochondrion",Mitochondrion
ENSP00000393970,0.284179686,0.63515625,0.506249998,0.164257812,0.20019531000000002,0.354687498,0.166601566,0.4328125,0.192089844,0.26953125,0.025317384,Cytoplasm,Mitochondrion
ENSP00000275766,0.035717774,0.495703124,0.6875,0.20419921999999996,0.030957030000000003,0.134082028,0.000664518,0.074609376,0.042724609999999996,0.044195556000000004,0.0030288700000000003,"Cytoplasm, Nucleus",Cytoplasm
ENSP00000446662,0.278515624,0.231054686,0.158203126,0.83125,0.35175780999999995,0.07744140599999999,0.006152344,0.423046876,0.528515626,0.41953125,0.009020996,Extracellular,"Endoplasmic reticulum, Golgi apparatus"
ENSP00000416970,0.22734375,0.153515626,0.151074218,0.09326171999999999,0.11484375,0.89296875,0.007485961999999999,0.08125000199999999,0.11757812599999999,0.109179688,0.058471680000000005,Mitochondrion,Mitochondrion
ENSP00000283429,0.11923827999999999,0.5171875,0.252539062,0.11435546999999999,0.20175781399999998,0.179101562,0.004759215999999999,0.082666014,0.123535154,0.128027346,0.337304688,Cytoplasm,Nucleus
ENSP00000503461,0.359375,0.170117188,0.08916015800000002,0.053076168,0.200976564,0.9515625,0.021301268,0.081103514,0.049072268,0.081298828,0.03942871,Mitochondrion,Mitochondrion
ENSP00000496754,0.066845704,0.31953125,0.80546875,0.295507814,0.040478516,0.09667968600000001,0.000575636,0.150878906,0.042895508000000006,0.06772461,0.001345824,Nucleus,Nucleus
ENSP00000265523,0.09272461,0.63125,0.46875,0.160058594,0.03463135,0.36132812400000003,0.058032228000000005,0.2109375,0.086767578,0.34453125,0.025262451999999998,Cytoplasm,Cytoplasm
ENSP00000408065,0.207714844,0.576953124,0.43144531199999997,0.32470703,0.251171876,0.12939453,0.022943118000000002,0.070336914,0.10126953000000001,0.117382812,0.003011322,Cytoplasm,Nucleus
ENSP00000392629,0.428515626,0.23730468799999999,0.125097654,0.7828125,0.34179687599999997,0.382421872,0.00408478,0.27578124800000003,0.21572265399999999,0.21240234400000002,0.0232666,Extracellular,Cell membrane
ENSP00000371061,0.238867188,0.628125,0.534375,0.09116210999999999,0.18125,0.19248047,0.002967836,0.306249998,0.33789062400000003,0.419140622,0.018481446,"Cytoplasm, Nucleus","Cytoplasm, Nucleus"
ENSP00000442224,0.070898438,0.364453126,0.8515625,0.136230468,0.052734376000000006,0.019665529999999997,0.016491698,0.08608398599999999,0.042797852000000004,0.236523438,0.012069701999999998,Nucleus,Nucleus
ENSP00000265164,0.24902343600000001,0.725,0.60859375,0.223242188,0.304492188,0.395312498,0.005271912,0.24833984400000003,0.33867187200000004,0.21875,0.004751587999999999,"Cytoplasm, Nucleus",Cytoplasm
ENSP00000438605,0.30253906399999997,0.458203126,0.22167968600000001,0.6296875,0.321484376,0.29765625,0.001896666,0.258789062,0.23769531400000005,0.337109376,0.024816894,None,Golgi apparatus
ENSP00000429225,0.611328126,0.67421875,0.224414062,0.016546628,0.390429688,0.7171875,0.008763122,0.594921874,0.493359376,0.649609374,0.254003906,"Membrane, Cytoplasm, Mitochondrion",Cytoplasm
ENSP00000420452,0.23710937599999998,0.239843752,0.16484375,0.865625,0.234375,0.17265625,0.005886839999999999,0.303710938,0.21953125,0.34921875,0.029907226,Extracellular,Nucleus
ENSP00000370990,0.09702148399999999,0.212890626,0.915625,0.016149902,0.08349609399999999,0.06455078,0.0070281960000000004,0.032958986,0.033447264000000004,0.06049804799999999,0.021911623999999998,Nucleus,Nucleus
ENSP00000413666,0.19824218600000001,0.49804687599999997,0.70546875,0.057714844,0.161621094,0.126367186,0.005090332,0.05898437399999999,0.16855468999999998,0.180273438,0.052856446,"Cytoplasm, Nucleus",Cytoplasm
ENSP00000296921,0.11640625,0.24492187600000004,0.88828125,0.029620360000000002,0.10068359599999999,0.068554688,0.0068717959999999995,0.059326171999999996,0.02663574,0.041015624,0.006459046,Nucleus,Nucleus
ENSP00000448029,0.80625,0.26367187599999997,0.16113281399999999,0.121972656,0.6765625,0.12646484600000002,0.0014045720000000002,0.4140625,0.6703125,0.491796876,0.06660156199999999,"Membrane, Cell membrane, Lysosome/Vacuole","Endoplasmic reticulum, Golgi apparatus"
ENSP00000503416,0.05659179599999999,0.277343752,0.91015625,0.044970702,0.05307617,0.062597656,0.0018602360000000001,0.05031738400000001,0.033471681999999996,0.041674803999999996,0.0036254879999999996,Nucleus,"Cytoplasm, Nucleus"
ENSP00000452777,0.303515624,0.11650390399999999,0.07788086000000001,0.09638671800000001,0.099267578,0.94375,0.040563961999999995,0.068359374,0.05034179600000001,0.084521484,0.033496092,Mitochondrion,Mitochondrion
ENSP00000361524,0.061425780000000006,0.279882812,0.86953125,0.07430419800000002,0.036669921999999994,0.063232424,0.0009567260000000001,0.044555664,0.018200682000000003,0.026293944000000003,0.011230468,Nucleus,Nucleus
ENSP00000443578,0.246679686,0.483203126,0.438281252,0.212890626,0.11723632800000001,0.347265624,0.009118654,0.273242186,0.060400392000000004,0.182910156,0.019276430000000004,Cytoplasm,"Cytoplasm, Nucleus"
ENSP00000345580,0.815625,0.156249998,0.166210938,0.017102052,0.238867186,0.81875,0.022058106,0.242187498,0.215429686,0.10634765799999998,0.078295898,"Membrane, Mitochondrion",Mitochondrion
ENSP00000362843,0.11904297,0.45078125,0.83046875,0.047058106,0.106054688,0.195312504,0.0013086320000000001,0.12421875000000002,0.07690429800000001,0.08574218600000001,0.033190918,Nucleus,Nucleus
ENSP00000362691,0.144042968,0.5671875,0.637890626,0.059277342,0.08857421800000001,0.186035154,0.029980465999999994,0.167773438,0.22753906200000001,0.15488281399999998,0.029150391999999997,"Cytoplasm, Nucleus",Nucleus
ENSP00000262949,0.125488282,0.57265625,0.696875,0.14824219,0.155566408,0.17099609200000002,0.00153198,0.072998048,0.12138671999999999,0.17685547,0.038546754,"Cytoplasm, Nucleus",Nucleus
ENSP00000499274,0.16699218999999998,0.45,0.66640625,0.19628906200000001,0.11640625,0.180078124,0.09604492199999999,0.250195314,0.13749999799999998,0.381445312,0.004821774,Nucleus,Cell membrane
ENSP00000453021,0.4359375,0.659375,0.34179687799999997,0.078955078,0.39648437400000003,0.239453126,0.010632326000000001,0.199023436,0.349414062,0.187890626,0.059545898,Cytoplasm,Nucleus
ENSP00000356374,0.16494140799999998,0.575,0.60625,0.022662354000000003,0.11801757799999998,0.05664062599999999,0.036157228,0.219921878,0.369921876,0.46289062599999997,0.17456054799999998,"Cytoplasm, Nucleus",Nucleus
ENSP00000507343,0.264062502,0.73828125,0.535546876,0.020507812,0.154394534,0.18779297,0.0007120119999999999,0.42910156,0.358984376,0.31894531400000004,0.032659912,"Cytoplasm, Nucleus",Cytoplasm
ENSP00000415689,0.166699218,0.5953125,0.546875,0.11855468799999999,0.16328125,0.17675781200000001,0.025878906,0.143164062,0.260156252,0.41015625,0.015600588000000002,"Cytoplasm, Nucleus","Cytoplasm, Cell membrane"
ENSP00000377752,0.491796876,0.83046875,0.14609375,0.10190429599999999,0.524609378,0.374999998,0.010830686,0.09946289000000001,0.08095703000000001,0.22783203400000002,0.00953827,"Membrane, Cytoplasm, Cell membrane",Cytoplasm
ENSP00000481885,0.12714844,0.41640625,0.85,0.065856932,0.095898438,0.24531249800000002,0.001279736,0.10927734599999998,0.075634764,0.10078124799999999,0.028759766,Nucleus,Nucleus
ENSP00000435422,0.038085936,0.26171875,0.959375,0.093591308,0.036767577999999995,0.013330078,0.006393434000000001,0.031347655999999995,0.02402344,0.019525144,0.0017028780000000001,Nucleus,Nucleus
ENSP00000357919,0.148632814,0.375390628,0.26660156,0.04189453,0.014050294,0.233789064,0.11184082000000002,0.6765625,0.192187498,0.213476562,0.734375,"Endoplasmic reticulum, Peroxisome",Cytoplasm
ENSP00000393316,0.8359375,0.16816406,0.140820312,0.07783203000000001,0.34960937400000003,0.141015628,0.005352784000000001,0.80859375,0.353124998,0.363671876,0.014398193999999998,"Membrane, Endoplasmic reticulum","Nucleus, Endoplasmic reticulum"
ENSP00000430243,0.165722658,0.7015625,0.529296874,0.145214842,0.07016601600000001,0.250195314,0.05222167999999999,0.22480468400000003,0.171484374,0.334179688,0.087463378,"Cytoplasm, Nucleus",Cell membrane
ENSP00000343717,0.332421874,0.47460937599999997,0.223046874,0.18232421799999998,0.111132812,0.59140625,0.05476074400000001,0.3890625,0.351757814,0.37421875,0.642651368,Cytoplasm,Cytoplasm
ENSP00000281437,0.06269530999999999,0.254882812,0.921875,0.023834228000000002,0.04086914,0.104589844,0.00139389,0.054760739999999995,0.043884278,0.03867187600000001,0.006118775999999999,Nucleus,Nucleus
ENSP00000370508,0.26582031,0.127246094,0.122265624,0.06684570399999999,0.06381835799999999,0.9640625,0.07890624800000001,0.03552246199999999,0.038061522,0.074902346,0.01809082,Mitochondrion,"Nucleus, Mitochondrion"
ENSP00000401085,0.284765626,0.784375,0.33398437599999997,0.16755371,0.38828125,0.263183594,0.01040039,0.173730468,0.14980468600000002,0.175292968,0.23583984399999997,Cytoplasm,Nucleus
ENSP00000363055,0.17890625,0.6625,0.449999998,0.088916014,0.189453124,0.338281252,0.000743292,0.18203125,0.216601564,0.22441406000000003,0.023132322000000004,Cytoplasm,"Cytoplasm, Nucleus"
ENSP00000463927,0.8125,0.21601562400000002,0.137890626,0.206835938,0.8484375,0.079052734,0.004641724,0.38828125,0.28710937400000003,0.332421874,0.065380858,"Membrane, Cell membrane",Cell membrane
ENSP00000360594,0.043237304,0.266210936,0.95078125,0.039819336,0.029516602000000003,0.06928711,0.002571106,0.04741210999999999,0.0171875,0.03706054599999999,0.001356506,Nucleus,Nucleus
ENSP00000225576,0.6859375,0.242382812,0.280859376,0.042022706,0.191796876,0.181054688,0.038293456,0.63203125,0.3671875,0.579296876,0.033996582,"Membrane, Endoplasmic reticulum",Golgi apparatus
ENSP00000450324,0.11064452999999999,0.569140626,0.538671876,0.019177246,0.105175778,0.114355468,0.023338316,0.20595702999999999,0.12231445199999999,0.06784668,0.0018524160000000002,"Cytoplasm, Nucleus",Cytoplasm
ENSP00000264468,0.34609375,0.25585937400000003,0.15595703,0.7125,0.406640624,0.086328124,0.012670898,0.294140624,0.1921875,0.265234376,0.008123778000000002,Extracellular,Cell membrane
ENSP00000292894,0.06230468600000001,0.43164062400000003,0.71015625,0.17402344,0.073339844,0.256445312,0.002122498,0.092382812,0.091796874,0.067285158,0.049804688,Nucleus,Nucleus
ENSP00000504884,0.34765625,0.7109375,0.45937499800000003,0.049999998,0.35234374799999996,0.13876953,0.0013133980000000001,0.17138672000000002,0.458593746,0.441015626,0.023352050000000003,Cytoplasm,"Cytoplasm, Cell membrane"
ENSP00000480322,0.73671875,0.10244140799999998,0.117382812,0.346679688,0.65546875,0.205078126,0.011517332,0.087304686,0.379296874,0.131103514,0.11627197199999999,"Membrane, Cell membrane",Cell membrane
ENSP00000494695,0.13583984600000001,0.405859374,0.7546875,0.10859374800000002,0.10048828000000001,0.33125,0.103662112,0.126367186,0.296875,0.20800781200000001,0.024902340000000002,Nucleus,Nucleus
ENSP00000423075,0.059472656,0.578125,0.83203125,0.005984496000000001,0.04980468800000001,0.08730468799999999,0.008892822,0.044775390000000005,0.043212890000000004,0.093164062,0.015417482,"Cytoplasm, Nucleus",Nucleus
ENSP00000361338,0.90078125,0.128710936,0.09619140600000001,0.078955078,0.521874998,0.173632814,0.021179200000000002,0.71484375,0.138476564,0.38945312200000004,0.020327758,"Membrane, Endoplasmic reticulum",Nucleus
ENSP00000357932,0.235742188,0.69296875,0.431249998,0.049536132,0.21230468600000002,0.302539062,0.014483639999999997,0.13183593799999999,0.32285156400000004,0.38125,0.06362304599999999,Cytoplasm,Cytoplasm
ENSP00000309973,0.16259765799999998,0.584375,0.571875,0.177246094,0.177929686,0.163964844,0.05413818600000001,0.18847656200000001,0.10625000200000001,0.1296875,0.041259765999999996,"Cytoplasm, Nucleus",Mitochondrion
ENSP00000307508,0.473046876,0.626171874,0.434375002,0.13808594000000002,0.43769531200000006,0.035083008,0.018682861999999998,0.18984374999999998,0.1984375,0.269726564,0.0066009499999999995,"Membrane, Cytoplasm",Cytoplasm
ENSP00000280056,0.357031248,0.493359376,0.487109376,0.294726562,0.13310546799999998,0.525390626,0.028302004000000002,0.20878906000000003,0.111035156,0.12226562600000002,0.30644531399999997,Cytoplasm,Nucleus
ENSP00000436775,0.235546876,0.5734375,0.537890626,0.047753906,0.22890625199999998,0.421093752,0.013439942,0.25605469,0.28320312599999997,0.151464844,0.157128906,"Cytoplasm, Nucleus",Nucleus
ENSP00000407970,0.18876953000000002,0.6671875,0.28828125,0.179541014,0.240820312,0.375000002,0.004791258,0.2984375,0.135839844,0.23749999800000002,0.643359374,Cytoplasm,Nucleus
ENSP00000497159,0.08481445400000001,0.4203125,0.56171875,0.117041018,0.037426756,0.309960938,0.030694582000000005,0.186328124,0.08359375,0.35410156400000004,0.06196288999999999,Nucleus,Cytoplasm
ENSP00000427754,0.440625,0.63828125,0.421484376,0.06289062399999999,0.346875002,0.47851562400000003,0.016810606000000002,0.138330078,0.41875,0.220507812,0.00666504,Cytoplasm,"Cytoplasm, Nucleus"
ENSP00000309023,0.65234375,0.406640626,0.4375,0.015490724,0.603125,0.240039062,0.01312256,0.124804688,0.496484376,0.473828126,0.07731933599999999,"Membrane, Cell membrane",Golgi apparatus
ENSP00000484054,0.406640624,0.715625,0.214257812,0.066992188,0.286328124,0.121875,0.003399658,0.239453126,0.45625,0.662890626,0.0065002459999999995,Cytoplasm,Golgi apparatus
ENSP00000411565,0.358984376,0.44140625,0.561328124,0.256445312,0.17685547,0.509375,0.055444334,0.143847656,0.086230468,0.120996094,0.240576174,Nucleus,Nucleus
ENSP00000366235,0.253320312,0.605859376,0.405468752,0.06875,0.20078124800000002,0.203515624,0.008215334000000001,0.20078125,0.372656248,0.227148436,0.03716430799999999,Cytoplasm,Cytoplasm
ENSP00000311697,0.154101562,0.317578124,0.207226562,0.83359375,0.176367188,0.20683594,0.0069366459999999994,0.206445312,0.145996094,0.193554686,0.009356689999999999,Extracellular,Nucleus
ENSP00000434982,0.235742188,0.66640625,0.559765626,0.005863952,0.29667969000000005,0.067724606,0.01627655,0.480859374,0.13017578,0.14619140599999997,0.032568362000000003,"Cytoplasm, Nucleus",Cytoplasm
ENSP00000448952,0.27128906399999997,0.77265625,0.362500004,0.09365234200000001,0.261328126,0.09331054599999998,0.002035524,0.097021484,0.389062502,0.20390625,0.019439698,Cytoplasm,Nucleus
ENSP00000422084,0.140527342,0.765625,0.60859375,0.05732422,0.055810548,0.060131833999999995,0.009277342,0.20605468799999999,0.14345703199999998,0.30976562799999996,0.015107725999999998,"Cytoplasm, Nucleus","Cytoplasm, Cell membrane"
ENSP00000331268,0.21328125,0.6890625,0.5515625,0.040039062,0.299609376,0.167675782,0.06022949200000001,0.11533202999999999,0.13383789000000001,0.178759766,0.007971194,"Cytoplasm, Nucleus",Cytoplasm
ENSP00000281703,0.246289062,0.690625,0.467968748,0.38652343800000005,0.19218750199999998,0.36132812400000003,0.11608887000000001,0.228710938,0.171874998,0.302734372,0.013574217999999999,Cytoplasm,Cytoplasm
ENSP00000482293,0.069140626,0.5796875,0.7109375,0.036230467999999995,0.10654296999999999,0.13925780999999998,0.00891266,0.090527342,0.09086913999999999,0.125048828,0.00188141,"Cytoplasm, Nucleus",Nucleus
ENSP00000475617,0.097851562,0.266796874,0.88359375,0.096777344,0.062548826,0.10039062400000001,0.0038772560000000004,0.055761718,0.07104492,0.070800782,0.031091308,Nucleus,Nucleus
ENSP00000434049,0.081835936,0.24160155999999997,0.7953125,0.07861328000000001,0.07666016,0.09765624799999999,0.001264954,0.04147949200000001,0.058300781999999995,0.03767090000000001,0.026403806000000002,Nucleus,"Cytoplasm, Nucleus"
ENSP00000412620,0.10214843600000001,0.264648436,0.8625,0.13544921999999998,0.074853514,0.008349608,0.0013202679999999999,0.041943358,0.06311035,0.416406252,0.027294923999999998,Nucleus,Nucleus
ENSP00000362842,0.11669921999999999,0.51171875,0.821875,0.050402831999999995,0.10546875,0.15302734599999998,0.0010623920000000001,0.08276367199999998,0.142187502,0.15288086,0.005674744000000001,"Cytoplasm, Nucleus",Nucleus
ENSP00000501353,0.16718750200000002,0.6484375,0.5109375,0.04946289,0.15136718799999999,0.122265624,0.0017211880000000002,0.14169921600000002,0.11845703199999999,0.207226562,0.03630371,Cytoplasm,Cell membrane
ENSP00000495429,0.039892578,0.351171876,0.88203125,0.091748048,0.01557617,0.11591797,0.003204344,0.080322264,0.032543948,0.037939454,0.004958346000000001,Nucleus,Nucleus
ENSP00000467497,0.11650390400000002,0.36914062400000003,0.89921875,0.029089356,0.09619140600000001,0.109765622,0.004714968,0.099804686,0.10615234199999998,0.08925781399999999,0.022225954,Nucleus,Nucleus
ENSP00000428838,0.23339843600000001,0.582421876,0.790625,0.10893554800000001,0.191503908,0.101416018,0.024554444,0.12119140799999999,0.14921875,0.1671875,0.004562378000000001,"Cytoplasm, Nucleus",Nucleus
ENSP00000349709,0.68984375,0.284765626,0.13876953,0.30625000199999997,0.70078125,0.13359375,0.0013206519999999999,0.554296874,0.519921876,0.264257812,0.061816404000000005,"Membrane, Cell membrane","Cytoplasm, Cell membrane"
ENSP00000166139,0.278515628,0.268164064,0.114843748,0.90390625,0.2703125,0.194921876,0.005496216,0.260742188,0.504296876,0.43027343600000006,0.012261963999999998,Extracellular,Nucleus
ENSP00000476193,0.28779297000000004,0.728125,0.21015624800000002,0.36132812599999997,0.209716798,0.377539062,0.027392575999999995,0.33769531399999997,0.21201172000000001,0.197119142,0.025024416,Cytoplasm,Cytoplasm
ENSP00000467433,0.320703128,0.64921875,0.368164064,0.02960205,0.5234375,0.26191405999999995,0.004535672,0.073852538,0.097363282,0.092797854,0.063098146,Cytoplasm,Nucleus
ENSP00000417520,0.20605468799999999,0.191992188,0.11796875200000001,0.73828125,0.26367187599999997,0.128906252,0.013562012000000002,0.59765625,0.393750002,0.33046875,0.002415084,Extracellular,"Nucleus, Golgi apparatus"
ENSP00000288757,0.06923827999999999,0.352343748,0.859375,0.132275388,0.052148438,0.014770506,0.015594481999999998,0.063671876,0.03945312399999999,0.255078124,0.009071350000000002,Nucleus,Nucleus
ENSP00000375397,0.187890624,0.518359376,0.66953125,0.08105469000000001,0.19257812400000002,0.219335938,0.006793212,0.191796876,0.10952148399999999,0.138183594,0.022253420000000003,"Cytoplasm, Nucleus",Nucleus
ENSP00000497242,0.11455078199999999,0.485156248,0.444921876,0.584375,0.19433593799999999,0.24511718600000001,0.012356568,0.082470704,0.11577148200000001,0.126708984,0.11977539200000001,Cytoplasm,Mitochondrion
ENSP00000489907,0.072363278,0.417578126,0.84609375,0.12773437399999998,0.046826174,0.09780273399999999,0.00029840400000000005,0.190527344,0.09028320199999999,0.082226562,0.006292726,Nucleus,Nucleus
ENSP00000259699,0.753125,0.252734376,0.10517578000000001,0.24707031200000001,0.79453125,0.099707032,0.0016967799999999997,0.440234376,0.59375,0.363867186,0.16311035399999999,"Membrane, Cell membrane, Lysosome/Vacuole",Cell membrane
ENSP00000158526,0.08183593600000001,0.308203124,0.8359375,0.094738766,0.038085938,0.07856445,0.00069847,0.161035156,0.10805664000000001,0.115039062,0.000551986,Nucleus,Nucleus
ENSP00000468145,0.85,0.185937498,0.098632812,0.035253908,0.81015625,0.140429688,0.006918334,0.404687502,0.25195312599999997,0.240429688,0.00858078,"Membrane, Cell membrane",Cell membrane
ENSP00000427883,0.279101562,0.215429686,0.128906248,0.71953125,0.18261718799999999,0.094140624,0.019885254,0.33046875,0.350781248,0.410546876,0.0038146980000000005,Extracellular,Nucleus
ENSP00000378638,0.331250002,0.50625,0.445312502,0.288085938,0.168359376,0.63203125,0.009454348,0.31835937599999997,0.262500002,0.375781252,0.3609375,Cytoplasm,Cytoplasm
ENSP00000364373,0.2078125,0.489453126,0.497265626,0.366015626,0.152050782,0.36875,0.122949218,0.15292969,0.316015624,0.34179687200000003,0.076220702,Cytoplasm,"Cytoplasm, Nucleus"
ENSP00000359668,0.07104492200000001,0.547265624,0.8203125,0.084130858,0.072167968,0.099804688,0.0036071759999999993,0.06518554600000001,0.068310546,0.032373048,0.053637694,"Cytoplasm, Nucleus",Nucleus
ENSP00000481920,0.072265624,0.414062502,0.89453125,0.18359375,0.05410156399999999,0.145214842,0.004937744,0.135937502,0.048242186,0.096875,0.030859376000000004,Nucleus,Nucleus
ENSP00000345674,0.197070312,0.58515625,0.381250002,0.059936522000000006,0.186914064,0.06054687599999999,0.001919556,0.16298827999999999,0.140673828,0.051074220000000004,0.5307617179999999,Cytoplasm,Golgi apparatus
ENSP00000290330,0.2765625,0.553125002,0.5156249980000001,0.064990234,0.09892578199999999,0.059521484,0.016586302,0.195214842,0.433984376,0.566015624,0.0037696839999999997,Cytoplasm,"Cytoplasm, Nucleus"
ENSP00000400792,0.241796878,0.72578125,0.72265625,0.019323728,0.11796875,0.119238282,0.005609132,0.30273437599999997,0.44160156199999995,0.6859375,0.011358641999999999,"Cytoplasm, Nucleus, Golgi apparatus",Nucleus
ENSP00000361032,0.041894530000000006,0.324414064,0.9078125,0.017852781999999998,0.030004882,0.23515625200000004,0.013925172000000003,0.199804686,0.024536132,0.030004882,0.0026870740000000002,Nucleus,Nucleus
ENSP00000343134,0.150976562,0.38671875,0.531640624,0.023083496000000002,0.159277344,0.042675779999999996,0.006872558000000001,0.11538085999999999,0.166992188,0.053466798,0.450683594,Nucleus,Golgi apparatus
ENSP00000313776,0.746875,0.250781252,0.110546874,0.23144531400000004,0.79375,0.079980468,0.0015716559999999998,0.4171875,0.6,0.344921872,0.152880856,"Membrane, Cell membrane, Lysosome/Vacuole",Cell membrane
ENSP00000357375,0.80703125,0.224999998,0.11015625,0.20234375,0.8,0.031909177999999996,0.00218048,0.325,0.5625,0.21396484400000002,0.046081542,"Membrane, Cell membrane",Cell membrane
ENSP00000341125,0.220507812,0.4953125,0.48359375,0.41210937599999997,0.234179686,0.397265626,0.00141182,0.191210938,0.21386718799999999,0.06342773399999999,0.017407988,Cytoplasm,Cytoplasm
ENSP00000258301,0.8546875,0.201757812,0.105761718,0.026251220000000002,0.469921874,0.30703125,0.0022132859999999996,0.3484375,0.68359375,0.5921875,0.20986328000000004,"Membrane, Lysosome/Vacuole","Nucleus, Golgi apparatus"
ENSP00000455091,0.45136718800000003,0.63984375,0.467578124,0.06142578,0.326367188,0.26171875,0.007795715999999999,0.20117187200000003,0.08811035199999999,0.243359376,0.017987061999999998,Cytoplasm,Cytoplasm
ENSP00000420052,0.78984375,0.145410156,0.20390625,0.042224122,0.13203125,0.42773437599999997,0.008825684,0.78046875,0.281835936,0.405859374,0.0828125,"Membrane, Endoplasmic reticulum",Nucleus
ENSP00000373175,0.253125,0.132421874,0.138769532,0.04633789000000001,0.082080078,0.9125,0.01502075,0.13193359200000002,0.106201174,0.08129882800000002,0.3125,Mitochondrion,Mitochondrion
ENSP00000383626,0.420703126,0.7515625,0.244726562,0.230419924,0.544140626,0.1921875,0.00205841,0.24921874800000002,0.274999998,0.299804688,0.002355958,"Cytoplasm, Cell membrane","Nucleus, Cell membrane"
ENSP00000380612,0.256445312,0.70625,0.549609374,0.1921875,0.217871094,0.334765626,0.027148435999999998,0.20468749800000002,0.091015624,0.265625,0.027331541999999997,"Cytoplasm, Nucleus",Nucleus
ENSP00000378580,0.401953124,0.53828125,0.405468752,0.321484376,0.280664064,0.41249999800000003,0.020520018,0.325390626,0.4640625,0.393359376,0.06938476599999999,Cytoplasm,"Cytoplasm, Nucleus, Cell membrane"
ENSP00000507949,0.279101562,0.463671874,0.31875000400000003,0.473437498,0.075927734,0.553125,0.197119142,0.16513672000000001,0.194921874,0.136816404,0.20341796799999998,None,Mitochondrion
ENSP00000426075,0.054907227999999995,0.272070314,0.915625,0.02734375,0.030566404,0.12148437599999999,0.003872679999999999,0.03984375,0.03671874800000001,0.068652344,0.002986144,Nucleus,Nucleus
ENSP00000327268,0.335546876,0.33359375,0.12812499800000002,0.034484865999999996,0.172656248,0.8796875,0.011938476,0.071191404,0.047631834,0.077001952,0.153808594,Mitochondrion,Mitochondrion
ENSP00000489978,0.223242186,0.61875,0.6359375,0.18828125199999998,0.368359374,0.2921875,0.015954591999999997,0.202929688,0.12421875199999999,0.154101562,0.113378906,"Cytoplasm, Nucleus",Nucleus
ENSP00000483433,0.518359374,0.3984375,0.4078125,0.70703125,0.11015625,0.315234376,0.007893372,0.47890625,0.09980469,0.21069336,0.058886716000000006,"Membrane, Extracellular",Endoplasmic reticulum
ENSP00000480632,0.15126953199999998,0.402734376,0.49023437400000003,0.222851562,0.087988284,0.460156252,0.007645417999999999,0.4203125,0.198583984,0.15900878999999998,0.135986326,None,Nucleus
ENSP00000430870,0.28203125,0.5703125,0.5171875,0.214843748,0.273828126,0.333203122,0.017126464,0.336718752,0.15791015400000002,0.298046876,0.12207031399999999,Cytoplasm,"Nucleus, Mitochondrion"
ENSP00000466224,0.07416992200000001,0.249609376,0.74296875,0.08833007600000001,0.038793944,0.06240234600000001,0.002137756,0.059106444,0.10170898400000002,0.063183592,0.046636963999999996,Nucleus,Nucleus
ENSP00000383625,0.387500002,0.75390625,0.25195312599999997,0.255371094,0.526171876,0.187695312,0.002552798,0.224023438,0.25937500199999997,0.290429686,0.002022552,"Cytoplasm, Cell membrane","Nucleus, Cell membrane"
ENSP00000250124,0.95234375,0.10673828,0.11318359200000001,0.029333496000000004,0.356250002,0.15712890599999998,0.0013511639999999998,0.728125,0.390234376,0.684375,0.0421875,"Membrane, Endoplasmic reticulum, Golgi apparatus","Mitochondrion, Endoplasmic reticulum"
ENSP00000388486,0.054248043999999995,0.327734376,0.859375,0.006539916,0.018286134000000002,0.200976562,0.0070343,0.038293456000000003,0.08615722799999999,0.024298094000000003,0.003628542,Nucleus,Nucleus
ENSP00000301159,0.038500976,0.204882814,0.9515625,0.043811034,0.031225585999999993,0.087695312,0.003084562,0.041870116,0.019567874,0.022058106,0.027844238,Nucleus,Nucleus
ENSP00000300145,0.31328125,0.41210937599999997,0.3125,0.73671875,0.18984375,0.52109375,0.037182616,0.385546876,0.275195312,0.256054688,0.34404297,Extracellular,"Cytoplasm, Cell membrane"
ENSP00000259030,0.56796875,0.283593752,0.410156246,0.321484374,0.22363281200000001,0.31230469000000005,0.013366698,0.634375,0.373828124,0.319921874,0.10087890799999999,"Membrane, Endoplasmic reticulum",Nucleus
ENSP00000507675,0.278515624,0.16308593999999998,0.113671874,0.029504396,0.045312502000000004,0.971875,0.253515624,0.045117186,0.034082032,0.030004882,0.11962890799999999,Mitochondrion,Mitochondrion
ENSP00000412024,0.8015625,0.147753908,0.087060548,0.022485351999999997,0.14511718999999998,0.9046875,0.13442382800000002,0.147558594,0.09931640400000001,0.094287108,0.315429686,"Membrane, Mitochondrion",Mitochondrion
ENSP00000386037,0.09467773399999999,0.264648438,0.83984375,0.03861084,0.096484376,0.109179688,0.004626463999999999,0.041992186,0.070019532,0.064453124,0.010870362,Nucleus,Nucleus
ENSP00000323571,0.422656252,0.321093748,0.324609374,0.356054686,0.13701172,0.364453124,0.076342772,0.428906254,0.18046875200000004,0.22812499800000002,0.048242186,None,Cell membrane
ENSP00000239461,0.12060546800000001,0.162695312,0.9109375,0.01294708,0.08173828000000001,0.050683594,0.008117678,0.023315430000000005,0.037048338,0.067895506,0.006947325999999999,Nucleus,Nucleus
ENSP00000389498,0.162304688,0.191601562,0.87421875,0.014010619999999998,0.107763672,0.16289062599999998,0.024417114,0.033007814,0.144628908,0.08251953199999999,0.004454804,Nucleus,Nucleus
ENSP00000487380,0.31406250199999997,0.6484375,0.48125,0.010681154000000002,0.162792968,0.393945314,0.023071288000000002,0.095751954,0.08330077999999999,0.196191406,0.05572509600000001,Cytoplasm,Nucleus
ENSP00000434333,0.018188476000000002,0.415625,0.859375,0.055102542,0.019958494,0.02590332,0.025154114000000005,0.112304688,0.028967284,0.119677734,0.0015779499999999998,Nucleus,Nucleus
ENSP00000430946,0.2109375,0.4746093780000001,0.621875,0.15917968799999999,0.131152346,0.262695314,0.0067047140000000005,0.22343749799999996,0.24375,0.262304686,0.10549316400000001,"Cytoplasm, Nucleus",Nucleus
ENSP00000499597,0.092675782,0.379687502,0.91171875,0.05834960800000001,0.1265625,0.061816404000000005,0.001335144,0.06276855399999999,0.035009766000000005,0.027001954,0.001368712,Nucleus,Nucleus
ENSP00000490251,0.17285156200000001,0.19921875,0.15859375,0.093847656,0.103515624,0.9421875,0.011737058,0.06791992,0.064404296,0.078271486,0.06469726599999999,Mitochondrion,Mitochondrion
ENSP00000479323,0.88359375,0.22109375199999998,0.21640625,0.067138674,0.8390625,0.136621094,0.0045349119999999995,0.182226562,0.7078125,0.44726562400000003,0.013598632000000003,"Membrane, Cell membrane, Lysosome/Vacuole",Nucleus
ENSP00000437411,0.301367188,0.6640625,0.287695312,0.22392578,0.2375,0.19296875,0.007437132000000001,0.16748047000000002,0.42421875,0.7140625,0.00656433,"Cytoplasm, Golgi apparatus",Nucleus
ENSP00000378493,0.352343748,0.5015625,0.496874998,0.08164062399999998,0.22402343600000002,0.4734375,0.0051635760000000005,0.3578125,0.412500002,0.32714844,0.066479492,Cytoplasm,Nucleus
ENSP00000040584,0.12109375,0.35703125,0.83828125,0.07438965,0.107031252,0.148193362,0.00126953,0.057958984000000005,0.12060546800000001,0.043969728,0.024572754,Nucleus,Nucleus
ENSP00000343482,0.8171875,0.22343750199999998,0.11220703000000001,0.199804688,0.8171875,0.033129882,0.002337646,0.359375002,0.572656252,0.251757812,0.05117798,"Membrane, Cell membrane, Lysosome/Vacuole",Cell membrane
ENSP00000494088,0.444140624,0.59375,0.292968748,0.120214844,0.285351562,0.359570312,0.037072752,0.230664064,0.368945312,0.463671874,0.15373535,Cytoplasm,Nucleus
ENSP00000358027,0.276953124,0.169921876,0.122851564,0.057519532,0.07084961000000001,0.89453125,0.16894531399999999,0.075976562,0.081835938,0.142675782,0.08330078199999999,Mitochondrion,Cytoplasm
ENSP00000389368,0.385156252,0.526953124,0.407421872,0.081958008,0.20859375,0.51328125,0.045703124,0.364453126,0.16845703,0.269335934,0.00252533,Cytoplasm,Nucleus
ENSP00000413595,0.286132816,0.521484376,0.62734375,0.036083984,0.197265626,0.201367188,0.024298094,0.17246093999999998,0.278515624,0.36562499800000003,0.021069334,"Cytoplasm, Nucleus",Nucleus
ENSP00000358616,0.07265625,0.56875,0.63046875,0.01695862,0.05932617199999999,0.056591798000000006,0.011550904,0.08935546800000001,0.091357422,0.070214844,0.0008357999999999999,"Cytoplasm, Nucleus",Nucleus
ENSP00000506466,0.348046876,0.6046875,0.426562498,0.064599608,0.288476564,0.328125002,0.019055174,0.25,0.184082032,0.33437499800000003,0.10844726600000001,Cytoplasm,Cytoplasm
ENSP00000494393,0.303906248,0.634375,0.485546874,0.35742187599999997,0.160644532,0.261328126,0.051513671999999996,0.366015626,0.34882812199999996,0.75234375,0.10015258600000002,"Cytoplasm, Golgi apparatus",Cytoplasm
ENSP00000452319,0.167871092,0.6546875,0.581640624,0.09453125200000001,0.11845703,0.560546874,0.002091216,0.1390625,0.081445316,0.11435546999999999,0.021972656,"Cytoplasm, Nucleus",Cytoplasm
ENSP00000436276,0.10703125,0.37265625,0.90078125,0.041491697999999994,0.133105468,0.09843749799999998,0.001221466,0.08457031200000001,0.080859376,0.05795898399999999,0.013388059999999999,Nucleus,Nucleus
ENSP00000408819,0.416796874,0.21210937200000002,0.205078126,0.7109375,0.49023437599999997,0.1046875,0.0019409159999999998,0.250390626,0.197460936,0.178124998,0.013037108,Extracellular,Cell membrane
ENSP00000345468,0.8640625,0.189648438,0.187304688,0.08212890400000002,0.753125,0.18671875,0.050195312000000006,0.45546875,0.580078126,0.70625,0.003108216,"Membrane, Cell membrane, Lysosome/Vacuole, Golgi apparatus",Nucleus
ENSP00000216027,0.220703126,0.179296878,0.22578125,0.124316406,0.12353515600000001,0.87578125,0.0033966079999999997,0.132812498,0.08984375,0.082958982,0.043579102,Mitochondrion,"Cytoplasm, Mitochondrion"
ENSP00000438355,0.91953125,0.154003906,0.053759766,0.027481078,0.383203126,0.8828125,0.048925782,0.31835937599999997,0.398046876,0.188183592,0.453124998,"Membrane, Mitochondrion",Peroxisome
ENSP00000286317,0.05024413800000001,0.54453125,0.81796875,0.019567869999999998,0.066259764,0.05161133,0.005366516,0.1265625,0.222460938,0.1171875,0.009750366,"Cytoplasm, Nucleus",Nucleus
ENSP00000421252,0.04123535,0.353906252,0.96171875,0.019055176,0.02229004,0.03244629,0.003540038,0.03664550799999999,0.032055666000000003,0.053320313999999994,0.000653838,Nucleus,Nucleus
ENSP00000468681,0.059228515999999995,0.7,0.675,0.083837892,0.08071289200000001,0.27949218600000003,0.003832244,0.144921872,0.03901367,0.077441406,0.0009250640000000001,"Cytoplasm, Nucleus",Cytoplasm
ENSP00000446613,0.209765624,0.43359375,0.378515624,0.49023437599999997,0.051562501999999996,0.370703124,0.186572264,0.36953124800000003,0.230664062,0.183007812,0.215234374,None,Cytoplasm
ENSP00000416386,0.3625,0.240625,0.179101562,0.74140625,0.283203128,0.2609375,0.023046876,0.2046875,0.21005859400000002,0.2734375,0.026831052,Extracellular,Cell membrane
ENSP00000402554,0.19628906399999999,0.5671875,0.59921875,0.188964844,0.183789062,0.29140624800000003,0.010955811999999999,0.31455078200000003,0.106396486,0.10185546999999999,0.016925049999999997,"Cytoplasm, Nucleus",Nucleus
ENSP00000357383,0.8078125,0.21601562400000002,0.11494140800000001,0.20693359400000003,0.81171875,0.035229491999999994,0.0019989019999999995,0.315234374,0.556249998,0.267773438,0.037561034,"Membrane, Cell membrane",Cell membrane
ENSP00000354921,0.19218750199999998,0.6515625,0.473437502,0.17685547,0.227734376,0.295703124,0.00432434,0.224804688,0.246875,0.31835937599999997,0.038549806,Cytoplasm,"Cytoplasm, Nucleus"
ENSP00000482500,0.047070314,0.484765626,0.815625,0.055761718,0.034399414,0.11484375,0.01180725,0.020996094,0.036035158,0.051660156,0.01890869,"Cytoplasm, Nucleus","Cytoplasm, Nucleus"
ENSP00000248104,0.354296876,0.63046875,0.281054686,0.11738281399999999,0.237109374,0.21455078199999997,0.014392090000000001,0.20878905999999997,0.63125,0.534375,0.03439026,"Cytoplasm, Lysosome/Vacuole",Cytoplasm
ENSP00000467407,0.432421878,0.473046876,0.458593748,0.3625,0.165820312,0.476953126,0.002227022,0.457421874,0.22285156,0.3984375,0.057495118,Cytoplasm,Mitochondrion
ENSP00000355815,0.16796875,0.56640625,0.50078125,0.1546875,0.174414062,0.203710936,0.040661619999999996,0.130761718,0.097265626,0.252539062,0.040722656,Cytoplasm,Cytoplasm
ENSP00000494221,0.11767578000000001,0.553125,0.64921875,0.102246094,0.074316408,0.130273438,0.0030715940000000004,0.17314453000000002,0.07004394600000001,0.250195314,0.027902221999999997,"Cytoplasm, Nucleus",Nucleus
ENSP00000461388,0.196679688,0.62890625,0.428515624,0.119189454,0.19628906200000001,0.36210937200000004,0.009175107999999998,0.14960937400000002,0.138574216,0.243359376,0.006158446,Cytoplasm,"Cytoplasm, Nucleus"
ENSP00000357904,0.290625,0.71015625,0.4140625,0.016516116,0.30625000199999997,0.068066406,0.003935242,0.177734374,0.24179687200000002,0.175195312,0.023211667999999998,Cytoplasm,Nucleus
ENSP00000356332,0.75234375,0.29531249800000003,0.11445312600000002,0.334765624,0.75703125,0.168554686,0.0019210799999999997,0.558984376,0.537500002,0.28691406399999997,0.073010254,"Membrane, Cell membrane","Cytoplasm, Cell membrane"
ENSP00000398981,0.13906250199999998,0.43515625199999997,0.8515625,0.011071776,0.05678711200000001,0.21611328,0.00027599199999999997,0.05024414000000001,0.057373048,0.12783203,0.003274534,Nucleus,Nucleus
ENSP00000473501,0.1859375,0.70625,0.428125,0.147705078,0.252539062,0.243554688,0.0031082159999999996,0.098339844,0.136914062,0.21875,0.17036132799999998,Cytoplasm,"Cytoplasm, Cell membrane"
ENSP00000385303,0.89453125,0.19960937399999998,0.053906252,0.028967286,0.28300781399999997,0.81484375,0.033154296,0.343359374,0.35625,0.14609374800000002,0.61015625,"Membrane, Mitochondrion",Peroxisome
ENSP00000507941,0.42265625,0.488671874,0.414453124,0.040698241999999996,0.17470703199999998,0.684375,0.039807128000000004,0.567578126,0.207617188,0.424609374,0.276855468,"Cytoplasm, Mitochondrion",Cytoplasm
ENSP00000434998,0.222460938,0.62734375,0.40429687200000003,0.16616211,0.262695314,0.237500002,0.0017791740000000001,0.338476562,0.18867187400000002,0.289160158,0.016818238000000003,Cytoplasm,"Nucleus, Cell membrane"
ENSP00000323782,0.08095703000000001,0.5140625,0.784375,0.045214842,0.087109374,0.125195312,0.00175171,0.079736328,0.025305173999999996,0.072119142,0.00294037,"Cytoplasm, Nucleus",Cytoplasm
ENSP00000489757,0.172460936,0.363867188,0.394921874,0.059912110000000005,0.102246094,0.48984375,0.021472167999999996,0.239355468,0.09628906200000001,0.072143554,0.31689453199999995,None,Mitochondrion
ENSP00000440485,0.371679688,0.65,0.411718748,0.46328124800000003,0.296093748,0.174023438,0.007595826,0.15991211,0.06010742199999999,0.129492188,0.034298706,Cytoplasm,Cytoplasm
ENSP00000385972,0.264062502,0.6140625,0.567578124,0.08220215,0.113476562,0.20976562599999998,0.009472654,0.258007814,0.336132814,0.284375,0.011297608,"Cytoplasm, Nucleus","Cytoplasm, Nucleus"
ENSP00000465413,0.199414064,0.590625,0.575,0.08442382799999999,0.12578125,0.291992188,0.00769043,0.21601562400000002,0.2453125,0.3296875,0.05908203199999999,"Cytoplasm, Nucleus",Nucleus
ENSP00000433578,0.206835938,0.58125,0.66328125,0.099316404,0.15810547,0.191894532,0.044409178,0.222265624,0.37617187799999996,0.3421875,0.103125,"Cytoplasm, Nucleus",Cytoplasm
ENSP00000463053,0.1140625,0.394140626,0.46328124800000003,0.317187498,0.099707032,0.480859376,0.30664062599999997,0.10131836000000001,0.20078125,0.158691408,0.132421878,None,Nucleus
ENSP00000339335,0.31484375,0.696875,0.355078126,0.304492186,0.20390625199999998,0.26035156400000004,0.007896424,0.137597656,0.406640626,0.273242186,0.02595215,Cytoplasm,"Cytoplasm, Nucleus, Cell membrane"
ENSP00000494836,0.206640624,0.576171876,0.547265626,0.048950195999999994,0.144433594,0.68359375,0.028086852000000002,0.257617188,0.252734376,0.063574218,0.088928224,"Cytoplasm, Nucleus, Mitochondrion","Cytoplasm, Nucleus, Endoplasmic reticulum"
ENSP00000481736,0.25917968999999996,0.603125,0.548828126,0.09736328000000001,0.20761718399999998,0.37734375,0.013668822,0.346875002,0.322656252,0.269726562,0.117871094,"Cytoplasm, Nucleus","Cytoplasm, Nucleus"
ENSP00000400978,0.925,0.144726562,0.190039062,0.091162108,0.478125,0.08828125,0.020240783999999998,0.66171875,0.41953125,0.452734376,0.023425292,"Membrane, Endoplasmic reticulum",Endoplasmic reticulum
ENSP00000321691,0.10361328,0.80859375,0.47070312599999997,0.149316408,0.139355468,0.38359375,0.08803711,0.148242186,0.04180908,0.07495117000000001,0.047717284000000006,Cytoplasm,Nucleus
ENSP00000343706,0.09335937400000001,0.523828126,0.83828125,0.146875,0.13510742400000003,0.230664064,0.013470458000000001,0.04086913799999999,0.076123046,0.119335938,0.013897702000000001,"Cytoplasm, Nucleus",Nucleus
ENSP00000376842,0.12236328399999999,0.450390624,0.8765625,0.006646730000000001,0.040356444000000005,0.20126953200000003,0.00034742000000000003,0.05126953199999999,0.06499023400000001,0.165234376,0.003857422,Nucleus,Nucleus
ENSP00000358775,0.248437498,0.12431640799999999,0.170507812,0.063671874,0.13515625,0.89296875,0.005255126000000001,0.094824218,0.08881836000000001,0.097460938,0.09301757799999999,Mitochondrion,Mitochondrion
ENSP00000357933,0.153710936,0.59140625,0.58359375,0.050585936,0.141210936,0.354296876,0.030749512,0.137109376,0.225390624,0.257421874,0.140185546,"Cytoplasm, Nucleus",Cytoplasm
ENSP00000420230,0.7234375,0.245507814,0.144140626,0.195703124,0.74765625,0.097949218,0.003274536,0.342578124,0.37929687199999995,0.35742187400000003,0.05786133,"Membrane, Cell membrane",Cell membrane
ENSP00000455709,0.280078128,0.68828125,0.348437502,0.202734374,0.214453124,0.288476564,0.005004882,0.14199218600000002,0.338867188,0.3765625,0.30576172,Cytoplasm,Cell membrane
ENSP00000402432,0.232421876,0.5484375,0.408984376,0.316015626,0.194726562,0.47460937799999997,0.012896728,0.24511718999999998,0.34570312599999997,0.347656248,0.581640624,Cytoplasm,Cytoplasm
ENSP00000378347,0.209375,0.22734375,0.24902343799999999,0.13002929800000002,0.174414062,0.055615232,0.001013566,0.840625,0.30644531399999997,0.355468748,0.037365724,Endoplasmic reticulum,Endoplasmic reticulum
ENSP00000410924,0.047265626,0.379296876,0.865625,0.114355468,0.076855468,0.10922851600000001,0.0004642480000000001,0.037719725999999995,0.06582031199999999,0.172265626,0.036054992,Nucleus,Nucleus
ENSP00000507974,0.3734375,0.503125,0.54921875,0.079687502,0.416796874,0.07788086000000001,0.005466462,0.11249999800000002,0.279785156,0.09379882799999999,0.014770506,"Cytoplasm, Nucleus","Cytoplasm, Nucleus, Cell membrane"
ENSP00000469165,0.634375,0.32207031,0.307226564,0.18623046799999998,0.264257812,0.358007812,0.022630309999999997,0.42636718599999995,0.65390625,0.37656250199999997,0.11058349799999997,"Membrane, Lysosome/Vacuole",Cell membrane
ENSP00000390921,0.300585938,0.653125,0.57421875,0.067333986,0.19140625,0.09648437400000001,0.0021896359999999996,0.23105468599999995,0.446484376,0.300390624,0.0019783020000000004,"Cytoplasm, Nucleus","Cytoplasm, Nucleus, Cell membrane"
ENSP00000340836,0.12402344000000001,0.7375,0.64140625,0.082324218,0.120800782,0.14726562599999998,0.017260742,0.071240236,0.238867188,0.247851562,0.0025627120000000004,"Cytoplasm, Nucleus",Cytoplasm
ENSP00000483724,0.20214843799999999,0.36875000199999997,0.551953124,0.11933594,0.10332031400000001,0.18847656399999999,0.11376953199999999,0.070703124,0.057666014,0.16982421600000003,0.160546876,Nucleus,Nucleus
ENSP00000483581,0.778125,0.205078126,0.10410156200000001,0.3609375,0.7921875,0.038232422,0.002337648,0.260546876,0.5078124980000001,0.222656248,0.05034179800000001,"Membrane, Cell membrane",Cell membrane
ENSP00000465103,0.22539062599999998,0.516406252,0.66796875,0.20996093799999999,0.236132814,0.300195312,0.006387330000000001,0.22265625,0.178222656,0.243945312,0.047045897999999996,"Cytoplasm, Nucleus",Endoplasmic reticulum
ENSP00000447690,0.10791015600000001,0.57890625,0.56328125,0.10541992,0.08747558600000001,0.149023438,0.012097166000000001,0.07543945199999999,0.06293945399999999,0.317773438,0.005789186,"Cytoplasm, Nucleus",Nucleus
ENSP00000429461,0.27265625,0.423046876,0.260351562,0.377343752,0.098730468,0.653125,0.10302734399999999,0.19492187200000002,0.197070314,0.177636718,0.212011718,Mitochondrion,"Cytoplasm, Nucleus, Cell membrane"
ENSP00000417697,0.7421875,0.088964844,0.117578124,0.316113282,0.609765626,0.214257814,0.009570314,0.09296875,0.403124998,0.12441406399999999,0.153256226,"Membrane, Cell membrane",Cell membrane
ENSP00000395172,0.093066406,0.43046875,0.76171875,0.11892089800000001,0.057495116,0.22539062599999998,0.00584793,0.22363281200000001,0.23388672000000002,0.12294922,0.055224607999999994,Nucleus,Nucleus
ENSP00000435478,0.327734372,0.746875,0.253515622,0.039941406,0.307421876,0.227343748,0.014355469999999999,0.18115234200000002,0.17109375,0.177441406,0.083728028,Cytoplasm,"Nucleus, Cell membrane"
ENSP00000364366,0.35078125,0.71328125,0.487500002,0.021716305999999998,0.2953125,0.18115234200000002,0.0038578040000000003,0.35078125,0.32167968599999996,0.406249998,0.033673096,Cytoplasm,"Cytoplasm, Nucleus"
ENSP00000350101,0.226757814,0.45703125,0.56171875,0.40429687599999997,0.233593752,0.4640625,0.006488038,0.151953124,0.262500002,0.4875,0.17368164200000002,Nucleus,Nucleus
ENSP00000443330,0.432421876,0.560546876,0.474218748,0.087451172,0.398046874,0.19248047,0.005908202,0.115332032,0.22558593799999999,0.399804688,0.002574922,Cytoplasm,Nucleus
ENSP00000359727,0.22343750200000004,0.64375,0.40625,0.0506958,0.24531249800000002,0.13515625,0.015686033999999998,0.074365236,0.189257814,0.22167968799999999,0.096777346,Cytoplasm,Cytoplasm
ENSP00000354633,0.053271486,0.207226564,0.89609375,0.061669922,0.054174804,0.067333986,0.00245972,0.06098632799999999,0.023718259999999998,0.020141602,0.001303482,Nucleus,Nucleus
ENSP00000402496,0.12060546800000001,0.414453128,0.90859375,0.007189942,0.073583984,0.152148438,0.0021469099999999997,0.061376954000000004,0.125097656,0.06206054600000001,0.001960754,Nucleus,Nucleus
ENSP00000507540,0.35136718599999994,0.60859375,0.455859378,0.07783203,0.224609376,0.24814453199999997,0.0028007500000000003,0.33652344,0.517578126,0.463671874,0.005126952000000001,Cytoplasm,"Cytoplasm, Nucleus, Cell membrane"
ENSP00000493494,0.480078126,0.71875,0.26230469,0.09516601599999999,0.498828126,0.23916015399999999,0.036938476000000005,0.212304688,0.374609374,0.36875,0.24777832000000002,"Membrane, Cytoplasm",Nucleus
ENSP00000482619,0.19707031,0.469140624,0.51875,0.540625,0.19453125,0.356249998,0.01090088,0.148144532,0.10883788999999999,0.288085938,0.26406249800000003,None,Nucleus
ENSP00000445058,0.43515625199999997,0.6625,0.403515624,0.19873047,0.303320312,0.141113282,0.032055666000000003,0.28691405999999997,0.092871092,0.26503906,0.039855956000000005,Cytoplasm,Cytoplasm
ENSP00000404402,0.06630859200000001,0.43125,0.8,0.052148438,0.050097656000000004,0.10136718600000001,0.004008486,0.045410153999999994,0.062988284,0.07744140400000002,0.013035582,Nucleus,Nucleus
ENSP00000460273,0.248828124,0.414062502,0.34179687599999997,0.24707031399999999,0.224414062,0.304296874,0.06166992,0.354296874,0.334765626,0.289453126,0.096972656,None,"Cytoplasm, Nucleus"
ENSP00000434572,0.11572265400000001,0.256445312,0.828125,0.049072265999999996,0.08491210999999999,0.18759765600000003,0.006212618,0.037377928,0.029931640000000002,0.05629882599999999,0.021841430000000002,Nucleus,Nucleus
ENSP00000422756,0.204882812,0.5546875,0.465234376,0.15739135999999998,0.07861328199999999,0.20126953200000003,0.00425415,0.167089842,0.172998044,0.17597656600000003,0.062402342,Cytoplasm,Nucleus
ENSP00000381204,0.80390625,0.152148438,0.094726562,0.53046875,0.6875,0.08173828000000001,0.002653502,0.2328125,0.495703124,0.29628906,0.031433106,"Membrane, Cell membrane",Golgi apparatus
ENSP00000301838,0.294335936,0.71953125,0.378125,0.150488282,0.309570312,0.15791015400000002,0.004083252,0.05595703,0.410546876,0.249414064,0.004861452,Cytoplasm,"Cytoplasm, Nucleus"
ENSP00000448051,0.44921875,0.536328126,0.63046875,0.127783204,0.333984378,0.361328128,0.011212158,0.5703125,0.475,0.246289062,0.123046874,"Cytoplasm, Nucleus",Nucleus
ENSP00000442083,0.344921876,0.449218752,0.311328124,0.10244140400000001,0.215429688,0.7640625,0.08378906,0.240625,0.20058593600000002,0.38867187400000003,0.189160154,Mitochondrion,Nucleus
ENSP00000434508,0.203710938,0.603125,0.55859375,0.074438476,0.11689453000000001,0.21044922000000002,0.013107299999999999,0.120898438,0.09814452999999998,0.31152343800000004,0.050341795999999994,"Cytoplasm, Nucleus",Nucleus
ENSP00000429765,0.59140625,0.480859376,0.306249998,0.28320312400000003,0.5921875,0.626171874,0.07092285,0.281445314,0.354296874,0.543750002,0.219628908,"Membrane, Cytoplasm, Cell membrane",Endoplasmic reticulum
ENSP00000428609,0.269921874,0.5921875,0.369531252,0.053833008,0.15341796800000002,0.6484375,0.023754883999999997,0.070703124,0.12158203000000001,0.11899414199999998,0.033752442,"Cytoplasm, Mitochondrion",Nucleus
ENSP00000463596,0.2,0.46250000199999997,0.60859375,0.33535156,0.148242188,0.13095703,0.015277099999999998,0.117089844,0.155371094,0.095898436,0.0006313320000000001,Nucleus,Nucleus
ENSP00000321445,0.09877929599999999,0.332421876,0.92734375,0.024291992000000002,0.05678711400000001,0.279687502,0.0006999980000000001,0.026660158,0.054687498,0.08134765399999999,0.014190676,Nucleus,Nucleus
ENSP00000479243,0.61953125,0.21171875,0.166015626,0.555859376,0.6671875,0.06533203,0.000868226,0.20996093799999999,0.299804686,0.22539062800000004,0.041778564,"Membrane, Cell membrane",Cell membrane
ENSP00000413355,0.7625,0.158007814,0.22285156,0.009075928,0.168164064,0.144824216,0.11445312199999999,0.7625,0.4427734360000001,0.7109375,0.010632323999999999,"Membrane, Endoplasmic reticulum, Golgi apparatus",Golgi apparatus
ENSP00000397198,0.36523437400000003,0.12099609599999998,0.129199218,0.052197266,0.10195312599999999,0.9546875,0.052026368,0.055273437999999994,0.090917968,0.06928711,0.034570312000000006,Mitochondrion,Cytoplasm
ENSP00000468452,0.234960938,0.166210936,0.186523434,0.077197266,0.099169922,0.9609375,0.008703614000000002,0.07392578200000001,0.06245117,0.091796874,0.2,Mitochondrion,Mitochondrion
ENSP00000359518,0.050048828000000004,0.160253908,0.96875,0.040588378,0.059570312,0.030004882,0.042382812,0.114624024,0.016229248,0.031274414,0.015301512,Nucleus,Nucleus
ENSP00000348050,0.66015625,0.218945314,0.271289062,0.293066406,0.343359374,0.306445312,0.001327514,0.74453125,0.219335936,0.501953126,0.08071289000000001,"Membrane, Endoplasmic reticulum",Endoplasmic reticulum
ENSP00000285333,0.38984375,0.55,0.60078125,0.292285158,0.3234375,0.260351562,0.001255036,0.16572265600000002,0.198828124,0.183984374,0.013031006000000001,"Cytoplasm, Nucleus",Cytoplasm
ENSP00000351380,0.047216796,0.348828128,0.8453125,0.01439209,0.042358398,0.15908202999999999,0.009126282,0.05012207,0.053869628,0.044042968,0.004501342,Nucleus,Nucleus
ENSP00000339690,0.7890625,0.211132812,0.107128904,0.31035156399999997,0.7671875,0.046826172,0.005377198,0.36484375199999997,0.487890626,0.252539062,0.07473144599999999,"Membrane, Cell membrane",Cell membrane
ENSP00000479619,0.09765625200000001,0.344531252,0.803125,0.09370117,0.10732422,0.16308593799999999,0.003356172,0.099755858,0.056494140000000005,0.053710936,0.049853516,Nucleus,Nucleus
ENSP00000479128,0.29882812400000003,0.45507812599999997,0.558984374,0.377539064,0.138671876,0.480078124,0.02593994,0.376367188,0.06923828,0.13491210799999998,0.018496702,Nucleus,Nucleus
ENSP00000431979,0.168554686,0.394921874,0.69296875,0.252148438,0.120898434,0.640625,0.039294434,0.22167968600000001,0.147558594,0.205078126,0.11093749800000001,"Nucleus, Mitochondrion",Nucleus
ENSP00000499371,0.270898438,0.403125002,0.592578126,0.187402342,0.10844726600000001,0.284765626,0.05212402199999999,0.309765624,0.467187502,0.26953125,0.029943848000000002,Nucleus,Nucleus
ENSP00000493140,0.054736326,0.31875,0.89375,0.17026367199999998,0.052050782000000004,0.181445312,0.000486946,0.06018066400000001,0.038342286,0.043554685999999995,0.013684079999999998,Nucleus,Nucleus
ENSP00000428877,0.18671875,0.307421876,0.715625,0.061572264,0.10270996000000002,0.233984374,0.04486084,0.18271484200000002,0.05671386599999999,0.11093750200000001,0.003017046,Nucleus,"Nucleus, Cell membrane"
ENSP00000319532,0.280859372,0.5328125,0.57421875,0.11132812200000002,0.234765626,0.305468752,0.010662842000000002,0.246289062,0.23144531399999999,0.253710936,0.177734374,"Cytoplasm, Nucleus",Nucleus
ENSP00000497996,0.06064453000000001,0.24375,0.87109375,0.089453126,0.032617188,0.10820312400000001,0.00331421,0.1,0.036120606,0.039843751999999996,0.00329628,Nucleus,Nucleus
ENSP00000384925,0.42167968800000005,0.64765625,0.3078125,0.065063476,0.485742188,0.28320312599999997,0.005176544,0.04140625,0.127539062,0.164941404,0.020803834,Cytoplasm,Cytoplasm
ENSP00000389028,0.177539064,0.212695312,0.13183593600000001,0.9359375,0.193359376,0.145996094,0.022375486,0.22910156399999998,0.148535154,0.253320312,0.012432864,Extracellular,Cell membrane
ENSP00000388887,0.479296876,0.60546875,0.337109374,0.052246092,0.516406252,0.22402344000000002,0.018151856,0.37226562799999996,0.316015626,0.3390625,0.12675781400000002,"Membrane, Cytoplasm","Cytoplasm, Nucleus"
ENSP00000398720,0.081347656,0.69296875,0.594140626,0.021569822,0.04970703,0.10683593799999999,0.042138672,0.156933594,0.085400392,0.037719728,0.23701171800000004,"Cytoplasm, Nucleus",Cytoplasm
ENSP00000361577,0.30703125,0.65625,0.553515624,0.029541013999999997,0.218457028,0.146679686,0.001047516,0.287890624,0.172363282,0.199609376,0.046606446,"Cytoplasm, Nucleus",Nucleus
ENSP00000477624,0.75078125,0.260742186,0.10595703199999999,0.11865234399999999,0.21718750200000003,0.8125,0.075781248,0.339453124,0.18359375,0.13984374800000002,0.374414066,"Membrane, Mitochondrion",Mitochondrion
ENSP00000455260,0.11972656,0.4890625,0.50078125,0.153198242,0.15078125,0.176953124,0.00168209,0.08330078,0.140136718,0.21962890399999999,0.001588442,Cytoplasm,Nucleus
ENSP00000435383,0.39726562200000004,0.703125,0.29843750199999997,0.026098632,0.287304688,0.2046875,0.012756348,0.305273438,0.422265626,0.31640625,0.050659180000000005,Cytoplasm,"Nucleus, Cell membrane"
ENSP00000412919,0.065283202,0.403125002,0.8390625,0.039413452,0.04050293,0.164257814,0.0019302359999999997,0.15400390400000002,0.12548827999999998,0.09169922,0.008668516000000001,Nucleus,Nucleus
ENSP00000443879,0.294531248,0.6796875,0.26289062799999996,0.092236328,0.355078126,0.22382812400000002,0.005288694000000001,0.181835938,0.387890626,0.546875,0.008325198,Cytoplasm,Nucleus
ENSP00000414177,0.132421876,0.408984376,0.79765625,0.020462036000000003,0.11049804599999999,0.09057617,0.0009368899999999999,0.110546874,0.128515624,0.142871092,0.047564696,Nucleus,Nucleus
ENSP00000412141,0.454296874,0.469921876,0.4828125,0.222998046,0.540234376,0.352539064,0.01173401,0.38613281,0.089843752,0.128320314,0.033258056,"Membrane, Cytoplasm, Cell membrane",Cell membrane
ENSP00000410912,0.200976562,0.32226562400000003,0.175390626,0.250976564,0.07275390799999999,0.946875,0.121679688,0.10810547,0.09238281200000001,0.06372070399999999,0.2984375,Mitochondrion,"Cytoplasm, Nucleus, Cell membrane"
ENSP00000404796,0.112890626,0.341015626,0.8765625,0.033361814000000004,0.06977538999999999,0.158007814,0.002137758,0.098583982,0.020959472,0.048632810000000005,0.008871462,Nucleus,Nucleus
ENSP00000262396,0.078027344,0.62421875,0.544140626,0.17290039000000001,0.09912109399999999,0.143066404,0.01187439,0.060400390000000005,0.10625,0.074755858,0.016921998,"Cytoplasm, Nucleus","Cytoplasm, Nucleus"
ENSP00000496136,0.07890625000000001,0.346875002,0.73125,0.141308594,0.044995115999999995,0.476953124,0.006744384000000001,0.138183594,0.039501952,0.09277343600000001,0.02196045,Nucleus,Mitochondrion
ENSP00000461145,0.157519532,0.430468752,0.5640625,0.093774414,0.08603515400000002,0.109570312,0.008868408,0.14375,0.066357422,0.132617186,0.001448822,Nucleus,Nucleus
ENSP00000435057,0.370312498,0.62109375,0.43984375,0.176464844,0.449609376,0.58046875,0.005172728,0.090624996,0.307421876,0.209179688,0.027563478000000002,Cytoplasm,"Cytoplasm, Nucleus"
ENSP00000337340,0.18203125199999998,0.57890625,0.59453125,0.05781250200000001,0.283984376,0.10234375200000001,0.020013428,0.153613282,0.11406249800000001,0.14628906400000002,0.011276244,"Cytoplasm, Nucleus",Nucleus
ENSP00000464158,0.971875,0.135839844,0.06772460799999999,0.022177126,0.537890626,0.270117188,0.0022483819999999993,0.67421875,0.300390628,0.6296875,0.022573852,"Membrane, Cell membrane, Endoplasmic reticulum","Mitochondrion, Endoplasmic reticulum"
ENSP00000494697,0.197460938,0.7,0.6703125,0.03476562400000001,0.26328125,0.541015626,0.0046093,0.297753906,0.24873046800000004,0.04741210999999999,0.03973083399999999,"Cytoplasm, Nucleus","Cytoplasm, Nucleus, Endoplasmic reticulum"
ENSP00000385962,0.7328125,0.133007812,0.273632812,0.481640626,0.212304688,0.249609376,0.157189938,0.70078125,0.304101562,0.371679688,0.009085084,"Membrane, Endoplasmic reticulum",Nucleus
ENSP00000379758,0.9625,0.149023438,0.09213867,0.03588867,0.48828125,0.268359376,0.002393722,0.61796875,0.273828126,0.612109374,0.038256836,Membrane,"Mitochondrion, Endoplasmic reticulum"
ENSP00000340294,0.5875,0.5671875,0.268945314,0.115185546,0.35175781,0.08100586,0.012149047999999999,0.46328125,0.441796872,0.436718748,0.08358154200000001,"Membrane, Cytoplasm",Cytoplasm
ENSP00000414323,0.194531252,0.634375,0.403515626,0.253710938,0.17851562399999998,0.29199219,0.0023086579999999995,0.15117187599999998,0.36523437599999997,0.53828125,0.053784177999999995,Cytoplasm,Cytoplasm
ENSP00000508017,0.24453125,0.485546876,0.551953126,0.073242188,0.129199216,0.31015625,0.022064208000000002,0.330859376,0.265234374,0.22792968600000002,0.05694579999999999,"Cytoplasm, Nucleus",Cytoplasm
ENSP00000409315,0.01411743,0.54453125,0.77734375,0.022192384,0.02105713,0.06142578,0.0031925220000000006,0.101953124,0.032153318,0.068139646,0.0014793399999999998,"Cytoplasm, Nucleus","Cytoplasm, Nucleus"
ENSP00000347275,0.7515625,0.090527344,0.124023438,0.30332031600000003,0.5984375,0.198730468,0.011895752,0.106640624,0.390624998,0.11010742199999998,0.15060272,"Membrane, Cell membrane",Cell membrane
ENSP00000483473,0.8203125,0.206640624,0.100683594,0.23525390599999998,0.81171875,0.028833008,0.002604674,0.334375,0.456640626,0.23212890599999997,0.075231932,"Membrane, Cell membrane",Cell membrane
ENSP00000481099,0.31875,0.4796875,0.44296875399999996,0.467968748,0.188085938,0.48203125,0.03215332,0.45019531199999996,0.162792968,0.24179687800000002,0.128417968,Cytoplasm,Nucleus
ENSP00000394858,0.7421875,0.092773438,0.119335938,0.332324218,0.64453125,0.18203125,0.0079895,0.10527343600000001,0.386328124,0.12597656200000001,0.105857848,"Membrane, Cell membrane",Cell membrane
ENSP00000386688,0.10869140799999999,0.437890624,0.359375,0.515234376,0.068359374,0.26953125200000005,0.188403318,0.191992188,0.17783203,0.14169921800000002,0.273828126,None,Peroxisome
ENSP00000383710,0.21796875,0.473437502,0.509375,0.455859374,0.195507814,0.5109375,0.025842284,0.230273438,0.176171874,0.40429687400000003,0.169824222,Cytoplasm,Nucleus
ENSP00000355285,0.79453125,0.155566406,0.09667968599999999,0.537890624,0.68671875,0.07836914,0.002810668,0.22792968600000002,0.496484374,0.286914062,0.030621337999999998,"Membrane, Cell membrane",Golgi apparatus
ENSP00000259037,0.7109375,0.13603515800000002,0.10019531200000001,0.011840820000000002,0.16259765799999998,0.95234375,0.04145508,0.13574218799999999,0.043237304,0.071679688,0.028710936000000003,"Membrane, Mitochondrion",Mitochondrion
ENSP00000505459,0.238671874,0.45390625,0.336328124,0.484765626,0.04096679799999999,0.33515625,0.11954345599999998,0.341210938,0.20053710800000002,0.163183592,0.20175780799999998,None,Cytoplasm
ENSP00000493145,0.24902343599999996,0.433984372,0.571875,0.433593752,0.19941406,0.391796874,0.024096678000000003,0.191210938,0.14091797,0.349023436,0.055175779999999994,Nucleus,Nucleus
ENSP00000458425,0.184960938,0.521875,0.398828124,0.339843752,0.08100586,0.327929688,0.04169922,0.067138672,0.184179688,0.13515625,0.059301756,Cytoplasm,Nucleus
ENSP00000441844,0.11787109199999998,0.64296875,0.61171875,0.018182374,0.07661132600000001,0.300781248,0.009613034000000001,0.25205078200000003,0.20073242200000002,0.04711914,0.09667969000000001,"Cytoplasm, Nucleus",Mitochondrion
ENSP00000423100,0.08828124799999999,0.259960936,0.95703125,0.022912598,0.055786132,0.148828124,0.004948424000000001,0.05729980399999999,0.043310546000000005,0.027453613999999998,0.0052719099999999994,Nucleus,Nucleus
ENSP00000356372,0.180273438,0.62265625,0.534375002,0.052001953999999996,0.062207029999999996,0.21621094,0.053076172,0.23193359200000002,0.6796875,0.640625,0.064929198,"Cytoplasm, Nucleus, Lysosome/Vacuole",Nucleus
ENSP00000329920,0.8578125,0.26835937200000004,0.145312498,0.060449218000000006,0.7828125,0.035449218000000005,0.000285244,0.26347656399999997,0.38984375,0.475,0.089050292,"Membrane, Cell membrane",Cell membrane
ENSP00000497105,0.146582032,0.639453124,0.5109375,0.055493162,0.081738282,0.29511718600000003,0.12269287200000001,0.13769531200000001,0.23300781399999998,0.244726562,0.11459960799999999,Cytoplasm,Nucleus
ENSP00000478795,0.218359376,0.510156248,0.49921875,0.062963868,0.170800778,0.40683593800000006,0.0032649999999999997,0.040063476,0.08466796800000001,0.036083984,0.009579467999999999,Cytoplasm,Nucleus
ENSP00000461965,0.10410156200000001,0.721875,0.6703125,0.043237304000000004,0.091796876,0.18164062799999997,0.010321046,0.168847656,0.249609376,0.18847656399999999,0.09924316200000001,"Cytoplasm, Nucleus","Cytoplasm, Nucleus"
ENSP00000442817,0.07529296999999999,0.60234375,0.5953125,0.030664063999999998,0.057470704000000004,0.266015624,0.016751099999999998,0.174316404,0.22451171800000003,0.43945312599999997,0.020001222000000003,"Cytoplasm, Nucleus",Nucleus
ENSP00000438000,0.070214844,0.417968752,0.80078125,0.029833986,0.033605956000000006,0.21894531400000003,0.002764892,0.135351562,0.08349609399999999,0.09897460999999999,0.008776854,Nucleus,Nucleus
ENSP00000433322,0.43984375,0.546875,0.426953126,0.394726562,0.180273438,0.5796875,0.018652344,0.387890626,0.088427736,0.306640628,0.157666014,Cytoplasm,Nucleus
ENSP00000415044,0.162304688,0.40703125,0.339453124,0.78359375,0.133398438,0.48125,0.197851562,0.347265626,0.166699218,0.29375,0.017041018,Extracellular,Nucleus
ENSP00000414071,0.971875,0.15859375,0.06796875,0.015771484,0.510937498,0.323242186,0.0027511579999999996,0.63203125,0.333203126,0.560546874,0.04390869,"Membrane, Endoplasmic reticulum","Mitochondrion, Endoplasmic reticulum"
ENSP00000450791,0.328515624,0.187304688,0.122753908,0.87890625,0.3171875,0.167578124,0.002661132,0.381250004,0.248828124,0.42382812400000003,0.017272948,Extracellular,Nucleus
ENSP00000433561,0.374609372,0.60546875,0.488281252,0.08762207,0.18037109199999998,0.041503906,0.011846924,0.09025879,0.147314454,0.172558594,0.013496398000000001,Cytoplasm,Cytoplasm
ENSP00000401452,0.30546875,0.921875,0.13564453399999998,0.093530274,0.416796874,0.20078124800000002,0.012182618000000001,0.09028320399999999,0.19916992199999997,0.275195312,0.006119538,Cytoplasm,Cytoplasm
ENSP00000343060,0.10468749799999999,0.5671875,0.5359375,0.133251954,0.070947268,0.168359374,0.023898316000000003,0.052148438,0.037548828,0.131152344,0.069873046,"Cytoplasm, Nucleus","Cytoplasm, Nucleus"
ENSP00000420933,0.061279294000000005,0.453515626,0.6796875,0.054467774000000004,0.030847167999999998,0.063330078,0.0019374840000000002,0.06513671800000001,0.048583982,0.11748047000000002,0.007296752000000001,Nucleus,Nucleus
ENSP00000362463,0.207324216,0.83671875,0.267968752,0.12988281200000001,0.089453126,0.410937498,0.006358336000000001,0.40644531400000006,0.07001952999999998,0.30244140399999997,0.14218749800000002,Cytoplasm,"Cytoplasm, Nucleus, Cell membrane"
ENSP00000346239,0.143261722,0.7578125,0.49960937800000005,0.127246094,0.183398438,0.250781252,0.056188963999999994,0.18671875,0.067041016,0.055761718,0.03321533199999999,Cytoplasm,Nucleus
ENSP00000304327,0.160449216,0.609375,0.665625,0.10556640799999999,0.2171875,0.272851564,0.005619812,0.164648436,0.15859375,0.23125,0.076562502,"Cytoplasm, Nucleus",Nucleus
ENSP00000500602,0.15332031000000002,0.511328126,0.41640624800000003,0.283398438,0.060205078,0.38085937599999997,0.088525388,0.250585938,0.26171875,0.360937498,0.21689453200000003,Cytoplasm,Nucleus
ENSP00000460661,0.1921875,0.475,0.530078124,0.489453126,0.166503906,0.421875,0.029296876,0.123437498,0.137402344,0.35996094,0.14331054799999998,"Cytoplasm, Nucleus",Golgi apparatus
ENSP00000253023,0.41640625,0.57578125,0.515234374,0.025976564,0.30234375,0.23671875199999998,0.010241700000000001,0.29101562599999997,0.55390625,0.37890625,0.008023072000000001,Cytoplasm,Nucleus
ENSP00000506294,0.20625,0.505859374,0.418749998,0.4125,0.230078126,0.501953124,0.0039062479999999998,0.131103518,0.18486328000000002,0.06367187599999999,0.0051376320000000005,Cytoplasm,"Cytoplasm, Nucleus"
ENSP00000501444,0.262304686,0.5765625,0.41484375,0.10117187400000001,0.105761718,0.15239258000000003,0.028607178,0.224804688,0.557031248,0.434374998,0.038500978,Cytoplasm,Cytoplasm
ENSP00000437459,0.08247070399999998,0.433203124,0.66875,0.07778320200000001,0.048217774000000005,0.077685548,0.040893554,0.087548828,0.01300049,0.06894531200000001,0.007965088,Nucleus,Nucleus
ENSP00000497622,0.34980469,0.521484376,0.35703125,0.09916992,0.171582032,0.13876953,0.014843748,0.541015626,0.589453124,0.469140624,0.017968751999999998,"Cytoplasm, Lysosome/Vacuole",Nucleus
ENSP00000464084,0.85,0.2,0.149707028,0.09399413999999999,0.8828125,0.076367184,0.003585816,0.208398438,0.499609376,0.31542969000000004,0.097583008,"Membrane, Cell membrane",Cell membrane
ENSP00000436575,0.21582031200000001,0.423437498,0.646484376,0.07330322199999999,0.057519530000000006,0.452734376,0.0010913840000000001,0.111035154,0.094042968,0.2890625,0.050793456,Nucleus,Nucleus
ENSP00000435798,0.40820312599999997,0.58984375,0.540234376,0.156640626,0.44921875,0.480468748,0.0036682139999999995,0.19716796800000003,0.197460938,0.212988278,0.049511718,"Cytoplasm, Nucleus","Cytoplasm, Nucleus"
ENSP00000394502,0.09999999799999999,0.496875,0.778125,0.09140625,0.127441408,0.140136718,0.0073181159999999995,0.127685548,0.19501953200000002,0.140039062,0.108251952,"Cytoplasm, Nucleus",Nucleus
ENSP00000386623,0.111523438,0.311718752,0.6,0.580859376,0.021496584000000003,0.23896484199999998,0.008755493999999999,0.53828125,0.222558596,0.17231445399999998,0.09753418,Nucleus,Nucleus
ENSP00000222968,0.129101564,0.45117187400000003,0.6953125,0.016024778,0.115332032,0.111621092,0.0016708359999999998,0.059912108,0.063476562,0.06484375,0.0037223839999999996,Nucleus,"Cytoplasm, Cell membrane"
ENSP00000452545,0.09433593599999998,0.315625,0.94765625,0.054553222,0.051538084,0.045483397999999994,0.0026641840000000004,0.11767578000000001,0.06538085800000001,0.029077148000000004,0.001589202,Nucleus,Nucleus
ENSP00000450228,0.25917968999999996,0.62578125,0.65390625,0.13017578400000002,0.24121093999999998,0.272265624,0.025427246000000004,0.20019531200000001,0.13593749800000002,0.11220703000000001,0.009074401999999999,"Cytoplasm, Nucleus",Cytoplasm
ENSP00000453631,0.024536132,0.47578125,0.6484375,0.175683594,0.020092773999999997,0.276171874,0.00550537,0.035644532,0.013208007999999999,0.038745115999999996,0.013333132000000001,"Cytoplasm, Nucleus",Nucleus
ENSP00000392425,0.671875,0.438671872,0.29121093600000003,0.245996092,0.6421875,0.63515625,0.07863769400000001,0.29609375,0.36015625,0.60859375,0.23212890599999997,"Membrane, Cell membrane",Endoplasmic reticulum
ENSP00000498206,0.31015625,0.5390625,0.37695312400000003,0.109765624,0.154785156,0.132128904,0.011413576,0.488671876,0.53359375,0.43945312400000003,0.01976471,Cytoplasm,Nucleus
ENSP00000465068,0.07944335999999999,0.38867187400000003,0.8953125,0.041845704,0.07368164199999999,0.15810547,0.018550108000000003,0.09921874800000001,0.064355468,0.05419921800000001,0.009298704,Nucleus,Nucleus
ENSP00000454999,0.38828125,0.467578126,0.30039062800000005,0.336718748,0.11779785200000001,0.25156250199999997,0.037615966,0.35205078199999995,0.21142578199999998,0.095410156,0.03831787,None,Nucleus
ENSP00000453720,0.884375,0.249414062,0.172460938,0.141992188,0.523046876,0.030114744,0.0008033740000000001,0.6515625,0.4087890639999999,0.83203125,0.0069656380000000006,"Membrane, Endoplasmic reticulum, Golgi apparatus",Golgi apparatus
ENSP00000450934,0.133203124,0.6546875,0.506640624,0.11962890600000001,0.14550781200000001,0.18613281,0.10473632799999999,0.135546874,0.127539062,0.191796874,0.13010254000000002,Cytoplasm,Cytoplasm
ENSP00000449299,0.205273438,0.51796875,0.410546876,0.40566406399999994,0.23300781399999998,0.494531252,0.005023192,0.147851564,0.154003906,0.062304686,0.00384598,Cytoplasm,"Cytoplasm, Nucleus"
ENSP00000419248,0.6296875,0.162304688,0.107226562,0.017431638,0.116308594,0.9390625,0.042236326000000005,0.162695312,0.046777344,0.08813476599999999,0.024609376000000002,"Membrane, Mitochondrion",Mitochondrion
ENSP00000344330,0.74765625,0.61015625,0.265039064,0.0640625,0.72265625,0.40039062400000003,0.004328917999999999,0.09824218999999998,0.5625,0.366796876,0.007279969999999999,"Membrane, Cytoplasm, Cell membrane",Cytoplasm
ENSP00000491581,0.24765625,0.144921876,0.10078124799999999,0.033300779999999995,0.044238280000000005,0.94296875,0.22509765399999998,0.04008789,0.03803711,0.032446288000000004,0.1421875,Mitochondrion,Mitochondrion
ENSP00000455088,0.190722658,0.272070314,0.049853518,0.098535156,0.03635254,0.90859375,0.34902343999999996,0.085766604,0.067358398,0.095825194,0.042211914,Mitochondrion,Mitochondrion
ENSP00000453201,0.266601564,0.64765625,0.497265624,0.038745115999999996,0.252539064,0.242773436,0.0035514820000000003,0.14921875,0.20488281000000003,0.13193359200000002,0.021618654,Cytoplasm,Nucleus
ENSP00000409820,0.82578125,0.21523437800000003,0.21074218400000003,0.049536132,0.446875,0.363281248,0.026525877999999996,0.81875,0.414453126,0.47460937400000003,0.082617186,"Membrane, Endoplasmic reticulum",Cytoplasm
ENSP00000467841,0.102539062,0.32890625,0.715625,0.110546874,0.063476564,0.087890626,0.0033828739999999997,0.08574218600000001,0.139160156,0.052001954,0.08511963,Nucleus,Nucleus
ENSP00000456491,0.25234375,0.155078124,0.15527343799999999,0.92734375,0.29453125,0.102148438,0.007931518,0.281249998,0.257421874,0.26875,0.012255858,Extracellular,Cell membrane
ENSP00000390788,0.08623046999999999,0.52578125,0.67578125,0.180859376,0.07602539,0.143164066,0.011694336,0.093652344,0.14765625,0.076171874,0.033874510000000004,"Cytoplasm, Nucleus",Cell membrane
ENSP00000372651,0.167382812,0.482031248,0.59921875,0.525,0.16523437400000002,0.311328126,0.019885253999999998,0.153808594,0.156933594,0.40039062599999997,0.052856444,"Cytoplasm, Nucleus",Nucleus
ENSP00000498150,0.193554688,0.59921875,0.61171875,0.24492187599999998,0.21015625,0.366015626,0.09453125199999998,0.188671876,0.187402342,0.160742188,0.187744142,"Cytoplasm, Nucleus",Nucleus
ENSP00000475146,0.3359375,0.5390625,0.39296875,0.1328125,0.289062502,0.423046874,0.044213866000000004,0.35703125,0.309570314,0.47812500199999997,0.079248048,Cytoplasm,Nucleus
ENSP00000452878,0.051123046000000005,0.14599609600000002,0.9578125,0.007788086,0.047460935999999995,0.161743164,0.006330108000000001,0.09116211,0.04345703,0.136694336,0.010443114,Nucleus,Nucleus
ENSP00000414655,0.101318358,0.559375,0.59765625,0.166015624,0.121875,0.115136718,0.013769531999999998,0.142285156,0.242187502,0.09648437400000001,0.045202637999999996,"Cytoplasm, Nucleus",Cytoplasm
ENSP00000413925,0.258593748,0.66328125,0.45234375,0.304101564,0.226367186,0.66015625,0.0072830199999999986,0.23369141,0.354687502,0.40234375,0.077441406,"Cytoplasm, Mitochondrion",Cytoplasm
ENSP00000368745,0.6015625,0.65234375,0.395703126,0.064746094,0.503125,0.31835937799999997,0.009729002,0.28320312400000003,0.380078124,0.360351562,0.04423828,"Membrane, Cytoplasm","Cytoplasm, Nucleus"
ENSP00000474048,0.19257812400000002,0.4386718719999999,0.48671875,0.597265626,0.194238282,0.365429688,0.0031616220000000002,0.182421876,0.15805664,0.21972656399999999,0.56953125,None,Nucleus
ENSP00000429628,0.08037109599999999,0.343359374,0.7,0.149707032,0.1015625,0.08183593999999998,0.00038528400000000006,0.039660644,0.12255859399999999,0.080029296,0.063067628,Nucleus,Nucleus
ENSP00000417632,0.14335937599999998,0.6765625,0.528515626,0.032397462,0.071142578,0.499999998,0.018379212,0.056494142000000004,0.338476562,0.199121092,0.013928222,"Cytoplasm, Nucleus",Mitochondrion
ENSP00000492149,0.125488282,0.6203125,0.72890625,0.078515622,0.12216796999999999,0.15556640800000002,0.007569886,0.197070312,0.22294921799999998,0.19414062599999998,0.120898438,"Cytoplasm, Nucleus",Nucleus
ENSP00000404950,0.417187498,0.19238281200000001,0.129199218,0.7375,0.471874998,0.093408202,0.00809021,0.258789062,0.20800781399999999,0.18652343799999999,0.0028457639999999998,Extracellular,Cell membrane
ENSP00000367901,0.163671874,0.60703125,0.66875,0.09082031399999999,0.21777343800000004,0.270117188,0.004741668,0.169921876,0.142578124,0.218554688,0.07885742200000001,"Cytoplasm, Nucleus",Nucleus
ENSP00000498311,0.039501954,0.15175781000000002,0.8890625,0.06086425599999999,0.025231932000000002,0.18085937400000002,0.04643554799999999,0.039013672,0.019152830000000003,0.053613280000000006,0.012648010000000001,Nucleus,Nucleus
ENSP00000462446,0.86484375,0.153515628,0.12636718600000002,0.14067383,0.437109374,0.383203124,0.009017944000000002,0.430468748,0.588671876,0.519726562,0.110449218,"Membrane, Lysosome/Vacuole",Cell membrane
ENSP00000442725,0.46679687400000003,0.503515626,0.37304687200000003,0.028295898000000003,0.218359374,0.185742188,0.004190064,0.087939454,0.385937502,0.22792968600000002,0.04807129,"Membrane, Cytoplasm",Cytoplasm
ENSP00000441425,0.26171875,0.59375,0.41171875,0.28056640600000005,0.257421874,0.213085936,0.0060333240000000005,0.195117188,0.089746094,0.18085937800000002,0.012524414000000001,Cytoplasm,"Cytoplasm, Nucleus"
ENSP00000377133,0.119824216,0.406640626,0.7171875,0.05168456800000001,0.065039064,0.07111816400000001,0.01776123,0.113378906,0.021130371999999998,0.070043944,0.019696044,Nucleus,Nucleus
ENSP00000347133,0.1875,0.55078125,0.5390625,0.080029294,0.14169922,0.31953125,0.007128908000000001,0.19765625199999998,0.298046878,0.25585937400000003,0.26777343600000003,"Cytoplasm, Nucleus",Mitochondrion
ENSP00000458596,0.525,0.508984374,0.308789062,0.31484374800000003,0.333593748,0.75234375,0.011724852,0.305078128,0.226367188,0.4234375,0.020410157999999998,"Membrane, Cytoplasm, Mitochondrion",Mitochondrion
ENSP00000452763,0.11328125200000001,0.222851562,0.280859374,0.08349609399999999,0.051855469999999994,0.91328125,0.115722658,0.064257814,0.03408203,0.017456054000000002,0.103027346,Mitochondrion,"Cytoplasm, Endoplasmic reticulum"
ENSP00000450519,0.080273438,0.6046875,0.80625,0.053320309999999996,0.061328124,0.231640626,0.04737854,0.150683594,0.091894532,0.06572265599999999,0.059851074000000004,"Cytoplasm, Nucleus",Nucleus
ENSP00000444110,0.2359375,0.65546875,0.46679687599999997,0.046142576000000005,0.274414064,0.30664062599999997,0.0056991559999999995,0.068212892,0.09628906200000001,0.216796876,0.044299316,Cytoplasm,"Nucleus, Cell membrane"
ENSP00000464646,0.29453125199999997,0.535546874,0.54765625,0.083007812,0.176171874,0.28730469,0.004913331999999999,0.193359376,0.150585938,0.075097656,0.006144714000000001,"Cytoplasm, Nucleus","Cytoplasm, Cell membrane"
ENSP00000452909,0.156054688,0.199804688,0.20839843600000002,0.089501952,0.050000002,0.925,0.179492186,0.072753906,0.03623047,0.028369139999999998,0.08544921800000001,Mitochondrion,"Cytoplasm, Endoplasmic reticulum"
ENSP00000436839,0.064965822,0.82734375,0.480078124,0.15419922,0.07455139200000001,0.728125,0.040338134000000005,0.099609372,0.226464842,0.20888672000000003,0.670703126,"Cytoplasm, Mitochondrion","Cytoplasm, Nucleus, Cell membrane"
ENSP00000469917,0.254687498,0.59921875,0.4359375,0.339453126,0.15390625,0.229101562,0.014239501999999998,0.130566406,0.328125,0.30703124800000003,0.07302246,Cytoplasm,"Cytoplasm, Nucleus, Cell membrane"
ENSP00000467566,0.27148437400000003,0.20058593600000002,0.09628906200000001,0.77578125,0.218164062,0.226171876,0.007580566000000001,0.338671876,0.38828125,0.21953125,0.008175657999999999,Extracellular,Endoplasmic reticulum
ENSP00000457082,0.167187502,0.46289062599999997,0.7375,0.015716552,0.135351562,0.132226564,0.037060548,0.152929686,0.136816408,0.126757812,0.081848146,Nucleus,Nucleus
ENSP00000433033,0.21640625,0.371484372,0.20605468799999999,0.8046875,0.07065429799999999,0.52109375,0.080041502,0.45546875,0.06424255400000001,0.312109374,0.047705078,Extracellular,"Cytoplasm, Nucleus"
ENSP00000432453,0.516796876,0.58671875,0.40390625,0.12004394600000001,0.315820312,0.304101564,0.012002562,0.36171874800000003,0.517968748,0.46660156199999997,0.037713622,"Membrane, Cytoplasm",Cytoplasm
ENSP00000430322,0.23261718400000003,0.27890624799999997,0.27148437400000003,0.030468748,0.08896484599999999,0.9515625,0.022875976,0.045947266,0.05908203199999999,0.047729492,0.0055068980000000005,Mitochondrion,Mitochondrion
ENSP00000407265,0.071289064,0.398046876,0.6734375,0.055029296000000005,0.015032957999999999,0.114990234,0.021264648000000004,0.090283202,0.037353516,0.033837891999999994,0.015411378,Nucleus,Nucleus
ENSP00000394699,0.5390625,0.65859375,0.437109374,0.04633789,0.521093752,0.180371096,0.03314209,0.33007812400000003,0.448437502,0.23339843799999999,0.007196044,"Membrane, Cytoplasm",Nucleus
ENSP00000357374,0.296093748,0.210742188,0.166601562,0.69140625,0.278515626,0.10039062400000001,0.034130862,0.34570312599999997,0.35859375,0.295703126,0.019824216,Extracellular,Cell membrane
ENSP00000472375,0.133398436,0.70703125,0.332031252,0.263085936,0.099121092,0.173632814,0.059327698,0.214843748,0.24648437799999998,0.210351564,0.115966796,Cytoplasm,Cytoplasm
ENSP00000467651,0.17666015399999999,0.33300780999999996,0.460546876,0.164746096,0.10639648399999999,0.5140625,0.21137695399999998,0.16865234199999998,0.083642578,0.15761718600000002,0.05095215000000001,None,Cytoplasm
ENSP00000460067,0.201367188,0.43945312599999997,0.61015625,0.3203125,0.170507812,0.362695312,0.017565918,0.19296874800000002,0.183984376,0.15673828,0.18779297,Nucleus,Nucleus
ENSP00000453781,0.150195312,0.442578124,0.38945312200000004,0.28749999800000003,0.133105468,0.68125,0.20976562599999998,0.102636718,0.09633788800000001,0.11621093599999999,0.02873535,Mitochondrion,Mitochondrion
ENSP00000449287,0.05341797,0.19042968799999999,0.95390625,0.0033927939999999998,0.056030274000000005,0.114990232,0.010476682,0.08071289,0.05217285199999999,0.151464842,0.010998536,Nucleus,Nucleus
ENSP00000436824,0.198730468,0.55078125,0.494921876,0.10732422000000001,0.10800781,0.242382814,0.01053009,0.21376953199999998,0.335351564,0.227343748,0.051831054,Cytoplasm,"Cytoplasm, Nucleus"
ENSP00000429946,0.10234374800000001,0.49023437599999997,0.7546875,0.071142578,0.100878906,0.074414062,0.011572264000000002,0.146875,0.037304686000000004,0.035144042,0.0039627080000000005,"Cytoplasm, Nucleus",Nucleus
ENSP00000428991,0.41953125,0.375781248,0.472656248,0.391015626,0.207617186,0.52265625,0.049658204,0.276562498,0.508203126,0.493359374,0.027355958000000003,None,Cytoplasm
ENSP00000421390,0.182128904,0.512890626,0.6328125,0.076147462,0.117480472,0.13798828000000002,0.024707029999999998,0.158398438,0.189746094,0.249414062,0.00296402,"Cytoplasm, Nucleus","Cytoplasm, Nucleus"
ENSP00000345092,0.056347656,0.46015625,0.775,0.025036622,0.05012207,0.079003906,0.003297424,0.10566406399999999,0.031567385999999996,0.037646484,0.00949707,Nucleus,Nucleus
ENSP00000475656,0.047143554,0.31796875199999997,0.946875,0.183618164,0.027978516000000002,0.068115236,0.001261328,0.023205566,0.031274414,0.037402342,0.0015060419999999998,Nucleus,Nucleus
ENSP00000411577,0.073583984,0.168457032,0.9265625,0.105236814,0.10644531400000001,0.007574464,0.0016845700000000003,0.08867187400000001,0.09746094000000001,0.096972656,0.002876282,Nucleus,"Cytoplasm, Nucleus"
ENSP00000398116,0.036694335999999994,0.43203125,0.6890625,0.015246582,0.056396486,0.051342772,0.01549835,0.078417972,0.03120117,0.015624998000000001,0.0012260419999999997,Nucleus,Nucleus
ENSP00000342814,0.809375,0.204296876,0.099316408,0.301855468,0.81796875,0.031152344,0.0030288679999999997,0.308398438,0.501562498,0.21494140599999997,0.061450194,"Membrane, Cell membrane",Cell membrane
ENSP00000456783,0.44453125,0.77265625,0.309765626,0.072460936,0.38437500199999997,0.17656250199999998,0.0011566139999999998,0.10322265800000001,0.408984374,0.55234375,0.06213378999999999,Cytoplasm,Cell membrane
ENSP00000412265,0.136328124,0.58671875,0.528515624,0.354296874,0.115527342,0.315234376,0.035864257999999996,0.098730468,0.132910154,0.239648438,0.071643068,"Cytoplasm, Nucleus","Cytoplasm, Nucleus"
ENSP00000363959,0.19277344,0.324609376,0.63671875,0.46777343799999993,0.065429688,0.266796876,0.0035301200000000003,0.26035156400000004,0.29873047,0.137475584,0.40000000199999997,Nucleus,Nucleus
ENSP00000357457,0.31054687599999997,0.69921875,0.335156248,0.129199218,0.31015625,0.323046874,0.0046661359999999995,0.17851562599999998,0.350781248,0.536328124,0.06098633,Cytoplasm,Golgi apparatus
ENSP00000465770,0.233984374,0.133984376,0.10253905999999999,0.050097656000000004,0.067187502,0.96640625,0.029370117999999994,0.061914064000000005,0.05122070399999999,0.080126952,0.359375,Mitochondrion,Mitochondrion
ENSP00000436445,0.105126952,0.399609374,0.79609375,0.414062498,0.09501953,0.072070312,0.03952636599999999,0.11181640799999999,0.12480468600000001,0.204687502,0.002039338,Nucleus,Cytoplasm
ENSP00000434444,0.099707032,0.394921876,0.73671875,0.2109375,0.02145996,0.137988282,0.05192870999999999,0.15703125,0.076220704,0.05859375,0.094580078,Nucleus,Nucleus
ENSP00000434386,0.255078124,0.59375,0.4953125,0.43183593800000003,0.202246092,0.140234376,0.018304442,0.06809082,0.28388671800000004,0.084912108,0.44998779199999994,Cytoplasm,Nucleus
ENSP00000406227,0.060888672,0.48242187599999997,0.76484375,0.032568358000000006,0.046386718,0.161328126,0.028805542,0.096093748,0.08310546799999999,0.135351564,0.023785402,"Cytoplasm, Nucleus",Nucleus
ENSP00000258662,0.273046874,0.72890625,0.430859374,0.016784668,0.224609374,0.293261722,0.008430482,0.177734376,0.023706056,0.12783202999999999,0.24462890599999998,Cytoplasm,Nucleus
ENSP00000497364,0.283984374,0.508984376,0.448437502,0.16953125,0.149902346,0.127050782,0.021716308,0.299609374,0.53984375,0.3359375,0.057867431999999996,Cytoplasm,Nucleus
ENSP00000486048,0.44726562599999997,0.6359375,0.5390625,0.072351074,0.367968748,0.25185546799999997,0.00034685,0.10654296999999999,0.273242188,0.138720704,0.012850951999999999,"Cytoplasm, Nucleus",Cytoplasm
ENSP00000460751,0.17578125,0.419140626,0.73671875,0.27128906399999997,0.092089844,0.265234374,0.004058838,0.129101562,0.218749998,0.112207032,0.106640624,Nucleus,Nucleus
ENSP00000453029,0.170507812,0.21953125,0.2640625,0.080468748,0.076367188,0.92265625,0.125097656,0.05786133,0.041748048,0.02701416,0.045800782,Mitochondrion,"Cytoplasm, Endoplasmic reticulum"
ENSP00000408628,0.2328125,0.14511718999999998,0.08984375,0.80234375,0.15078125,0.10405273400000001,0.016735838000000003,0.541796874,0.358789062,0.4296875,0.012805178,Extracellular,Endoplasmic reticulum
ENSP00000297613,0.149023436,0.51953125,0.557421876,0.016204836,0.106542968,0.465625,0.005763246,0.11455078,0.25976562400000003,0.168457032,0.066503904,"Cytoplasm, Nucleus",Nucleus
ENSP00000482839,0.403515624,0.47265625,0.42265625,0.255078126,0.326953124,0.483203126,0.010888670000000001,0.351953128,0.4359375,0.498828126,0.190820312,Cytoplasm,"Cytoplasm, Nucleus"
ENSP00000479315,0.28671875,0.43359375,0.461328124,0.44335937599999997,0.203515626,0.60234375,0.045117187999999996,0.323046876,0.355468752,0.557421876,0.242773438,None,Nucleus
ENSP00000464899,0.13945312599999998,0.497265624,0.4953125,0.16196289,0.107958984,0.278027344,0.029986572,0.220507812,0.058349608,0.099658204,0.019415283999999998,Cytoplasm,Cytoplasm
ENSP00000464077,0.249609378,0.56953125,0.516796874,0.190039062,0.129101562,0.516796876,0.08149413999999999,0.257617186,0.3890625,0.446484376,0.017297362,Cytoplasm,Nucleus
ENSP00000462344,0.70859375,0.253320316,0.331640626,0.142089844,0.40117187200000004,0.335937502,0.010595701999999999,0.64609375,0.514453126,0.582421874,0.107128906,"Membrane, Endoplasmic reticulum",Nucleus
ENSP00000431638,0.45898437400000003,0.52890625,0.398828126,0.05659179600000001,0.2625,0.480859376,0.028588868,0.572265626,0.81015625,0.480859374,0.030187990000000005,"Membrane, Cytoplasm, Lysosome/Vacuole",Cytoplasm
ENSP00000451256,0.505078126,0.66328125,0.306054686,0.09418945399999999,0.503515626,0.16044922,0.0034072880000000005,0.16660156399999998,0.334179688,0.21386718799999999,0.136779784,"Membrane, Cytoplasm","Cytoplasm, Nucleus, Cell membrane"
ENSP00000449144,0.3703125,0.255273438,0.25292969000000004,0.015380860000000001,0.11230468600000001,0.828125,0.040454102000000006,0.262109374,0.088232424,0.079589842,0.038427734000000005,Mitochondrion,Mitochondrion
ENSP00000439269,0.362890626,0.8234375,0.346875,0.07163086,0.219921876,0.154199218,0.05639648199999999,0.212890624,0.27294921800000005,0.593359374,0.002936552,Cytoplasm,Cytoplasm
ENSP00000417662,0.212890624,0.578125,0.5046875,0.232617188,0.16826172,0.42109375,0.026635742,0.26152344,0.239453126,0.187402342,0.25766601600000005,Cytoplasm,Endoplasmic reticulum
ENSP00000403659,0.123242186,0.57734375,0.65703125,0.16752929600000002,0.158203124,0.183398436,0.013092042000000002,0.157617188,0.20410156200000001,0.158789062,0.021350096,"Cytoplasm, Nucleus",Nucleus
ENSP00000335674,0.310937502,0.456640626,0.486718752,0.16328125,0.218164064,0.514843748,0.01032715,0.27265625,0.227148438,0.201171876,0.088183594,None,"Cytoplasm, Cell membrane"
ENSP00000301587,0.272851562,0.30234375,0.196679688,0.023999022000000002,0.049023436000000004,0.9015625,0.012142944,0.058740234,0.01529541,0.056347656,0.022888182,Mitochondrion,Mitochondrion
ENSP00000497176,0.293554688,0.455859374,0.50546875,0.428515626,0.260546874,0.477734372,0.022802732,0.326953126,0.2796875,0.421093752,0.2359375,None,Nucleus
ENSP00000467906,0.23593750200000002,0.54765625,0.487499998,0.2625,0.2109375,0.45546875,0.024963378,0.261328126,0.166601562,0.36523437200000003,0.19345703200000003,Cytoplasm,Mitochondrion
ENSP00000455108,0.06884765600000001,0.482031248,0.7953125,0.18632812599999998,0.066650392,0.26396484400000003,0.001740264,0.18256836,0.01854248,0.11845703,0.004722596,"Cytoplasm, Nucleus",Nucleus
ENSP00000436668,0.89765625,0.128027344,0.057470704,0.056469728,0.85390625,0.132812498,0.002308656,0.405859376,0.315429686,0.210742188,0.017858886,"Membrane, Cell membrane",Cell membrane
ENSP00000426551,0.143945314,0.65390625,0.5921875,0.03708496,0.17089843799999999,0.17734374800000002,0.007284548,0.115332032,0.127343746,0.180273438,0.28281250199999997,"Cytoplasm, Nucleus",Cytoplasm
ENSP00000420273,0.5156249980000001,0.50234375,0.343749998,0.140625002,0.5546875,0.37265625199999997,0.079003906,0.245703126,0.284765624,0.477343748,0.218359374,"Membrane, Cytoplasm, Cell membrane",Nucleus
ENSP00000378422,0.18222656399999998,0.559375,0.58046875,0.42773437599999997,0.12783203,0.332031248,0.025378418000000003,0.273632814,0.24863281399999998,0.238476564,0.14951171800000002,"Cytoplasm, Nucleus",Endoplasmic reticulum
ENSP00000394340,0.227734376,0.7078125,0.315625,0.3109375,0.245507814,0.084277346,0.00639801,0.145800782,0.136621094,0.213085936,0.015332032,Cytoplasm,Nucleus
ENSP00000357381,0.311328124,0.14980469,0.133007814,0.79921875,0.296875004,0.09023437599999999,0.031738282,0.34296875,0.30136718399999995,0.27929687400000003,0.008587645999999999,Extracellular,Cell membrane
ENSP00000300433,0.73828125,0.202929688,0.176367186,0.28691405999999997,0.740625,0.1109375,0.0044006359999999994,0.300000002,0.45546874800000003,0.29863281399999997,0.010192872,"Membrane, Cell membrane",Nucleus
ENSP00000455941,0.212304688,0.311718748,0.45898437400000003,0.432031252,0.123437502,0.533984376,0.015515135999999999,0.15390625,0.170361326,0.3296875,0.23603515600000002,None,Nucleus
ENSP00000451212,0.07548828,0.376171876,0.78515625,0.152734376,0.071289062,0.18232421999999998,0.002230834,0.133105468,0.129296876,0.102148438,0.052185060000000005,Nucleus,Nucleus
ENSP00000445939,0.08271484599999998,0.417968752,0.71328125,0.069482422,0.053271486,0.0671875,0.028247070000000003,0.084033204,0.010498046,0.052587890000000005,0.008044432,Nucleus,Nucleus
ENSP00000420164,0.23203125,0.220703124,0.11396484400000002,0.9546875,0.336328124,0.104492188,0.0025985719999999995,0.248242188,0.533984372,0.66796875,0.01748047,"Extracellular, Golgi apparatus",Cell membrane
ENSP00000501630,0.25996094,0.21523437800000003,0.26757812400000003,0.07104492200000001,0.12089844000000001,0.91328125,0.022106934,0.09492187599999999,0.06269530999999999,0.14619140400000002,0.064013672,Mitochondrion,Mitochondrion
ENSP00000440575,0.141210938,0.5828125,0.66015625,0.11367187599999999,0.13525390799999998,0.23574218600000002,0.0035057059999999995,0.155566406,0.23730468600000001,0.194140624,0.12536620999999998,"Cytoplasm, Nucleus",Mitochondrion
ENSP00000429166,0.223242186,0.56875,0.32695312,0.27929687200000003,0.143066406,0.43554687599999997,0.052905274,0.210351564,0.202929688,0.317578126,0.371484374,Cytoplasm,Cytoplasm
ENSP00000506942,0.075830078,0.2625,0.86484375,0.13359375199999998,0.06269531399999999,0.105371094,0.000342368,0.11240234199999999,0.051147464,0.08056640600000001,0.00237732,Nucleus,"Cytoplasm, Nucleus"
ENSP00000455296,0.154296876,0.504687502,0.373242188,0.05567626800000001,0.056591798000000006,0.455859374,0.0070808419999999995,0.074536132,0.235937502,0.065649414,0.020941162,Cytoplasm,Cytoplasm
ENSP00000454720,0.198632814,0.208398438,0.55390625,0.07023926,0.136425782,0.323242186,0.017126466,0.036279298,0.017944334,0.010229492,0.210009764,Nucleus,"Nucleus, Golgi apparatus"
ENSP00000437580,0.249804686,0.634375,0.532421874,0.070361328,0.23320312599999998,0.359765624,0.139208984,0.173144532,0.44140625,0.278710938,0.031835936,"Cytoplasm, Nucleus",Cytoplasm
ENSP00000435888,0.575,0.59609375,0.24726562400000002,0.077844238,0.246484376,0.381640626,0.081819152,0.7484375,0.559765626,0.7609375,0.062994384,"Membrane, Cytoplasm, Endoplasmic reticulum, Golgi apparatus",Golgi apparatus
ENSP00000427092,0.35546875,0.54765625,0.34921875,0.170703124,0.367187498,0.24707031399999999,0.05810546600000001,0.1859375,0.314062502,0.5328125,0.10615234199999998,Cytoplasm,"Cytoplasm, Cell membrane, Endoplasmic reticulum"
ENSP00000422831,0.387890624,0.628125,0.364062502,0.033251952,0.296679688,0.2265625,0.019506834,0.18066406200000001,0.288867186,0.41171875,0.013238523999999998,Cytoplasm,"Cytoplasm, Cell membrane, Endoplasmic reticulum"
ENSP00000400637,0.11005859200000001,0.56875,0.653125,0.09199218599999999,0.05288085800000001,0.344921876,0.013110354000000001,0.09868163999999999,0.180859376,0.199218748,0.051953124,"Cytoplasm, Nucleus","Cytoplasm, Nucleus"
ENSP00000451268,0.394140626,0.54453125,0.422265628,0.039697266,0.230078126,0.22792968600000002,0.02658081,0.29140624800000003,0.273632812,0.234570314,0.008984376,Cytoplasm,"Cytoplasm, Nucleus, Cell membrane"
ENSP00000421647,0.033911133999999996,0.394140624,0.86875,0.19042969,0.02963867,0.076464844,0.048730468000000006,0.038647462,0.020141600000000003,0.034692384,0.005281065999999999,Nucleus,Nucleus
ENSP00000359346,0.7921875,0.119531248,0.316796876,0.010946655999999999,0.087744142,0.82734375,0.047631837999999996,0.33984375,0.074414064,0.126855468,0.0037239100000000004,"Membrane, Mitochondrion",Mitochondrion
ENSP00000346473,0.332812502,0.446875,0.353125,0.578125,0.229882814,0.3359375,0.12172851599999998,0.45898437599999997,0.31445312599999997,0.270117188,0.130371096,None,Nucleus
ENSP00000462839,0.978125,0.143359374,0.05620117,0.016372682,0.549609376,0.32421875,0.0033096299999999996,0.65625,0.339453124,0.55390625,0.038385008,"Membrane, Cell membrane, Endoplasmic reticulum","Mitochondrion, Endoplasmic reticulum"
ENSP00000408121,0.06289062399999999,0.35546875,0.89296875,0.195605468,0.06923828000000001,0.059521484,0.0062927239999999995,0.086523438,0.019226074000000003,0.048437498,0.0008792860000000002,Nucleus,Nucleus
ENSP00000296121,0.024267578,0.234960938,0.9203125,0.01923523,0.01043701,0.060888674,0.0030479439999999995,0.067089844,0.068383788,0.073217774,0.005836486,Nucleus,"Cytoplasm, Nucleus"
ENSP00000435724,0.383203128,0.430078126,0.473046876,0.119140622,0.383984374,0.364453124,0.10849609600000001,0.35468750200000004,0.226367186,0.3078125,0.267382812,None,Nucleus
ENSP00000408251,0.307421874,0.60546875,0.64296875,0.090185546,0.21328125199999998,0.11835937599999999,0.0035308820000000004,0.396875,0.388281248,0.189257812,0.046588133999999996,"Cytoplasm, Nucleus",Nucleus
ENSP00000396061,0.248242188,0.796875,0.277734374,0.07495117199999998,0.159960936,0.187695314,0.0033158299999999996,0.20996093600000001,0.420703126,0.151953126,0.031448364,Cytoplasm,Cytoplasm
ENSP00000481500,0.284765624,0.487890624,0.42031249800000003,0.18867187400000002,0.181054688,0.3796875,0.017675782,0.43984375,0.34746094000000005,0.369921876,0.19648437400000002,Cytoplasm,"Cytoplasm, Nucleus"
ENSP00000469800,0.17666015799999998,0.75546875,0.339453124,0.152734374,0.147851564,0.276953128,0.013940428,0.18701172000000002,0.20800781200000001,0.4984375,0.013119510000000001,Cytoplasm,"Cytoplasm, Cell membrane"
ENSP00000411992,0.23281250199999998,0.515234376,0.48046875,0.526757814,0.059204101999999995,0.63125,0.061376954,0.27539062599999997,0.080078124,0.220898438,0.038208006,Cytoplasm,Cytoplasm
ENSP00000386558,0.344921872,0.49023437599999997,0.4765625,0.07368163999999999,0.15732422000000001,0.156347654,0.036853028,0.14609375,0.26171875,0.13330077999999998,0.020751952,Cytoplasm,Golgi apparatus
ENSP00000505003,0.23574218600000002,0.54296875,0.31328125,0.234472658,0.14550781399999999,0.409765626,0.14980468600000002,0.292578124,0.232031252,0.319531248,0.10822753999999998,Cytoplasm,"Cytoplasm, Nucleus"
ENSP00000423915,0.052441406,0.27519531399999997,0.9046875,0.05925293,0.036059572,0.16250000199999998,0.002731326,0.052392578,0.07719726600000001,0.041308594,0.13349609399999998,Nucleus,Nucleus
ENSP00000393196,0.293359374,0.487109374,0.481640622,0.348828124,0.22910156399999998,0.46289062599999997,0.015588380000000002,0.25859375,0.322851562,0.521484374,0.134082032,Cytoplasm,"Cytoplasm, Nucleus"
ENSP00000361966,0.55390625,0.16738281400000002,0.129589844,0.037915038,0.15556640400000002,0.971875,0.014062498000000001,0.126855468,0.067138672,0.124999996,0.085302732,"Membrane, Mitochondrion",Mitochondrion
ENSP00000442180,0.218359376,0.55703125,0.571875,0.250195312,0.11215820400000001,0.342578124,0.027722166,0.280078122,0.315234378,0.33007812400000003,0.09619140799999999,"Cytoplasm, Nucleus",Cell membrane
ENSP00000422612,0.40039062400000003,0.5203125,0.3234375,0.247656252,0.378124998,0.35351562400000003,0.165722656,0.143652344,0.240039064,0.525781252,0.071386718,Cytoplasm,"Cytoplasm, Cell membrane, Endoplasmic reticulum"
ENSP00000389707,0.045263672,0.35742187400000003,0.96328125,0.038208008,0.041796874,0.06845703,0.0008293139999999999,0.05893554599999999,0.045458986,0.021716307999999997,0.0016807580000000003,Nucleus,Nucleus
ENSP00000357089,0.251855472,0.76328125,0.356445314,0.183691406,0.39511719,0.3359375,0.0034625040000000004,0.228320314,0.123046874,0.183203124,0.004587173999999999,Cytoplasm,Nucleus
ENSP00000506592,0.29921874800000003,0.65390625,0.555859374,0.058129882,0.187695314,0.390234374,0.011083986,0.084179686,0.1125,0.066088866,0.170190432,"Cytoplasm, Nucleus",Cytoplasm
ENSP00000484730,0.33125,0.22109375,0.20996093799999999,0.846875,0.262109376,0.24726562400000002,0.035559082000000006,0.383203122,0.335546874,0.308203124,0.065454104,Extracellular,Cell membrane
ENSP00000474781,0.6703125,0.281640624,0.18505859600000002,0.065502926,0.12812500200000002,0.909375,0.09238281400000001,0.364453122,0.270507814,0.16484375,0.146484378,"Membrane, Mitochondrion",Mitochondrion
ENSP00000440305,0.371875002,0.3671875,0.278515624,0.19042968799999999,0.183007812,0.5078124980000001,0.555859374,0.405078126,0.29238281600000005,0.193554686,0.18061523399999999,None,Mitochondrion
ENSP00000421230,0.371874998,0.54453125,0.311718746,0.23359374800000002,0.37578125,0.266015624,0.08125,0.19140625,0.298632816,0.5578125,0.091699218,Cytoplasm,"Cytoplasm, Cell membrane, Endoplasmic reticulum"
ENSP00000472057,0.050268556,0.449609376,0.8015625,0.3984375,0.045507814,0.10478515799999999,0.158935546,0.06904297000000001,0.039428712,0.07109375,0.032177732,Nucleus,Nucleus
ENSP00000465618,0.21796875,0.143652344,0.122851562,0.050561524000000004,0.056860350000000004,0.96640625,0.028784180000000003,0.06538086200000001,0.060058594,0.080810546,0.34902343999999996,Mitochondrion,Mitochondrion
ENSP00000455278,0.202539062,0.359765624,0.6078125,0.06191406000000001,0.07661132999999999,0.070214844,0.003707123999999999,0.085253906,0.34843749599999996,0.36562499800000003,0.004959104000000001,Nucleus,Cytoplasm
ENSP00000437954,0.524609374,0.359374998,0.108398434,0.65546875,0.472265626,0.281835936,0.004762265999999999,0.291601564,0.371875002,0.504296876,0.022583006,"Membrane, Extracellular",Golgi apparatus
ENSP00000435761,0.42734375199999997,0.58984375,0.524609376,0.13515625,0.172363282,0.300390624,0.031188965999999995,0.34765625,0.7171875,0.69453125,0.005476378,"Cytoplasm, Lysosome/Vacuole, Golgi apparatus",Nucleus
ENSP00000333624,0.2671875,0.52734375,0.44687500199999997,0.340234376,0.179296874,0.434375,0.024609376,0.276171874,0.30664062400000003,0.278906248,0.256445312,Cytoplasm,Nucleus
ENSP00000261267,0.141015624,0.099414062,0.051977538000000004,0.884375,0.14277343999999997,0.054174806,0.013818358,0.167578126,0.39257812799999997,0.14345703199999998,0.017883299999999998,Extracellular,Golgi apparatus
ENSP00000385226,0.115185548,0.36640625,0.71953125,0.045263672,0.08769531,0.387109374,0.12750244,0.07797851800000001,0.24609375,0.202734376,0.002523802,Nucleus,Nucleus
ENSP00000334125,0.16523437400000002,0.438671876,0.292968752,0.8625,0.13740234199999998,0.5859375,0.285986326,0.4,0.135327148,0.453515626,0.024121096,Extracellular,"Cytoplasm, Cell membrane"
ENSP00000472837,0.181445312,0.6921875,0.56875,0.300781252,0.19277343400000002,0.247656252,0.006033326,0.253125,0.157446292,0.146679688,0.433349608,"Cytoplasm, Nucleus",Cell membrane
ENSP00000471034,0.290625,0.210839846,0.243945312,0.8,0.03972168,0.555078126,0.026307678,0.534375,0.12385254200000002,0.391796876,0.33220215,Extracellular,Golgi apparatus
ENSP00000464478,0.146972656,0.77109375,0.484375,0.07532959,0.1453125,0.173925782,0.047802734,0.08554687400000001,0.134472656,0.2465332,0.0036472320000000003,Cytoplasm,Nucleus
ENSP00000450403,0.308593752,0.138964844,0.087890624,0.058349608,0.08701171999999999,0.959375,0.086230468,0.041845704,0.038427734000000005,0.059204102,0.062646484,Mitochondrion,Mitochondrion
ENSP00000430836,0.216992186,0.57578125,0.513671876,0.04477539,0.203515624,0.2734375,0.026281740000000005,0.22695312799999998,0.20058593600000002,0.296093748,0.375390624,Cytoplasm,Nucleus
ENSP00000416164,0.357617188,0.524609376,0.555859376,0.10126952999999998,0.175390626,0.090209962,0.0030105579999999996,0.319140626,0.356835936,0.348046876,0.003089902,"Cytoplasm, Nucleus",Cytoplasm
ENSP00000412812,0.60546875,0.6375,0.416406252,0.039819336000000004,0.559375,0.223046876,0.036865232000000005,0.348046872,0.46796875,0.26230469,0.007427980000000001,"Membrane, Cytoplasm, Cell membrane",Nucleus
ENSP00000406065,0.126367188,0.44726562400000003,0.7015625,0.379296876,0.1671875,0.446875,0.0064697240000000005,0.275,0.20595702999999999,0.099023436,0.324121094,Nucleus,"Cytoplasm, Cell membrane"
ENSP00000500214,0.029028319999999996,0.28027344,0.9390625,0.078100586,0.030151368,0.06728515599999998,0.027514648000000003,0.046923828,0.026513672,0.048876951999999994,0.0035598739999999998,Nucleus,Nucleus
ENSP00000493305,0.15400390800000002,0.60859375,0.5828125,0.15864258,0.210937498,0.350390624,0.029455566,0.16240234599999998,0.116796878,0.16181640599999997,0.018795778000000003,"Cytoplasm, Nucleus","Cytoplasm, Cell membrane"
ENSP00000489222,0.32226562599999997,0.23710937599999998,0.20566406400000004,0.70703125,0.167773436,0.209765624,0.07543945199999999,0.532421876,0.34921875199999997,0.395703124,0.051403807999999995,Extracellular,Cell membrane
ENSP00000469638,0.077294922,0.36132812400000003,0.9125,0.037499998,0.08349609399999999,0.098632812,0.004467012,0.047314452,0.031640626,0.0515625,0.003190612,Nucleus,Nucleus
ENSP00000330737,0.416796876,0.21796874800000002,0.195898438,0.017370606,0.13173828199999998,0.88046875,0.04604492,0.23144531399999999,0.083691408,0.06699218800000001,0.026159668000000004,Mitochondrion,Mitochondrion
ENSP00000481248,0.10283203399999999,0.445703126,0.74609375,0.03708496,0.09946289,0.176171876,0.026916505999999996,0.10234375,0.083544922,0.061450196,0.02060547,Nucleus,"Cytoplasm, Nucleus"
ENSP00000471413,0.9046875,0.294140626,0.173632812,0.080029298,0.746875,0.034814454,0.000796506,0.48203125199999997,0.464843752,0.67421875,0.011598206,"Membrane, Cell membrane, Golgi apparatus",Cell membrane
ENSP00000436936,0.330664064,0.54609375,0.37734375,0.207958984,0.254882812,0.30546875,0.041528317999999995,0.038427734000000005,0.15859375,0.08229980399999999,0.027680968,Cytoplasm,Mitochondrion
ENSP00000435577,0.125,0.63515625,0.497265626,0.13125,0.123046874,0.255664062,0.02243042,0.11630859199999999,0.199316406,0.22285156400000003,0.089404296,Cytoplasm,Nucleus
ENSP00000433055,0.79296875,0.13818359400000002,0.148925782,0.167578124,0.85078125,0.104345702,0.014813231999999999,0.32656249800000003,0.4796875,0.183984376,0.002236938,"Membrane, Cell membrane",Nucleus
ENSP00000427520,0.846875,0.18984375,0.200585938,0.159765624,0.825,0.14960937400000002,0.009170531999999999,0.277734378,0.62265625,0.4484375,0.012298584,"Membrane, Cell membrane, Lysosome/Vacuole",Nucleus
ENSP00000420102,0.09121093999999999,0.352343752,0.79140625,0.120800782,0.08515625,0.072460938,0.009161378000000001,0.08574218600000001,0.099414062,0.046240234000000005,0.009165954,Nucleus,Nucleus
ENSP00000486994,0.06918945200000001,0.300390626,0.86953125,0.213476562,0.07011719000000001,0.057568358,0.003044128,0.061376952000000005,0.045019529999999995,0.027172854000000003,0.008773804,Nucleus,Nucleus
ENSP00000444620,0.083593752,0.584375,0.8359375,0.024682616,0.14042968800000002,0.116308594,0.006997680000000001,0.088134766,0.101855468,0.10488281000000002,0.014678954,"Cytoplasm, Nucleus",Nucleus
ENSP00000440181,0.14716796999999998,0.57734375,0.77890625,0.12509765599999997,0.183300782,0.217187498,0.148095704,0.18388672,0.10468750199999999,0.137402344,0.036291501999999996,"Cytoplasm, Nucleus",Nucleus
ENSP00000436907,0.33339843599999996,0.36015625,0.51875,0.12672118999999998,0.33925781400000005,0.430859374,0.06596679600000001,0.078320312,0.09973144600000002,0.096826172,0.010296630000000001,None,Nucleus
ENSP00000422141,0.11757812599999999,0.325390626,0.775,0.061254883999999996,0.11679687400000001,0.182812498,0.0192749,0.106445312,0.102148438,0.07392578000000001,0.10330810399999998,Nucleus,Nucleus
ENSP00000294521,0.5796875,0.659375,0.27539062400000003,0.172070312,0.67109375,0.257226562,0.024560548,0.2859375,0.428906248,0.351953124,0.162390138,"Membrane, Cytoplasm, Cell membrane",Cell membrane
ENSP00000483601,0.26484375,0.485546872,0.605859374,0.126757814,0.130957032,0.40039062599999997,0.010968018,0.29140625,0.095654298,0.23203125,0.1173584,"Cytoplasm, Nucleus",Nucleus
ENSP00000464183,0.443750002,0.319921874,0.434375,0.083886718,0.189746094,0.34921875,0.015148926000000002,0.476171874,0.611328124,0.530468748,0.01541748,Lysosome/Vacuole,Golgi apparatus
ENSP00000419914,0.13759765799999998,0.67890625,0.63984375,0.065136718,0.196191406,0.166210938,0.011962892,0.060888672,0.081103514,0.101464844,0.078344726,"Cytoplasm, Nucleus",Nucleus
ENSP00000403920,0.19453125,0.684375,0.37734375,0.072351074,0.21206054800000002,0.08574218800000001,0.06351318399999999,0.179687502,0.502734376,0.44726562400000003,0.270605468,Cytoplasm,"Cytoplasm, Nucleus"
ENSP00000463294,0.17890625,0.6515625,0.448437498,0.245996092,0.13398437400000002,0.321874996,0.022680664000000003,0.167871094,0.222070312,0.285742186,0.063293456,Cytoplasm,Nucleus
ENSP00000454778,0.29882812400000003,0.62734375,0.506640626,0.098730468,0.317187498,0.285156252,0.002049254,0.335156248,0.303906252,0.22929687599999998,0.077050782,Cytoplasm,"Cytoplasm, Nucleus"
ENSP00000451361,0.382031248,0.452734374,0.75078125,0.036529538,0.31796875,0.441796876,0.002010344,0.10341797000000001,0.281835938,0.05869140799999999,0.226757812,Nucleus,Nucleus
ENSP00000399432,0.14121093599999998,0.61484375,0.44335937599999997,0.08266601599999998,0.17705078,0.268750002,0.008782958,0.13203125,0.06713867,0.147851562,0.05986328,Cytoplasm,"Cytoplasm, Nucleus"
ENSP00000392738,0.088916016,0.492578124,0.6859375,0.047998047999999995,0.030639648000000002,0.143847658,0.008285522,0.073632812,0.048730468,0.083105468,0.009664915999999999,"Cytoplasm, Nucleus",Nucleus
ENSP00000487797,0.162109376,0.67421875,0.6046875,0.028881833999999995,0.162304686,0.212695312,0.01817627,0.158398438,0.200585938,0.288671876,0.08881836000000001,"Cytoplasm, Nucleus","Cytoplasm, Cell membrane"
ENSP00000451544,0.201367188,0.533593748,0.265429688,0.18515625,0.062499998,0.31484375,0.09619140600000001,0.151757812,0.33535156,0.44648437799999996,0.024389647999999996,Cytoplasm,Cytoplasm
ENSP00000402732,0.71015625,0.113574218,0.145019532,0.076123048,0.44453125,0.132714842,0.009725952000000001,0.40429687400000003,0.424999998,0.270703124,0.004019164,Membrane,Cell membrane
ENSP00000392272,0.0546875,0.274804688,0.9203125,0.04321289199999999,0.037426758000000004,0.13095702999999997,0.003900148,0.06347656399999999,0.013275146000000002,0.05244140599999999,0.001678468,Nucleus,Nucleus
ENSP00000482082,0.163671876,0.5765625,0.54296875,0.38359375,0.083544922,0.32890625,0.115478514,0.18867187400000002,0.216796876,0.31015625,0.048339842,"Cytoplasm, Nucleus","Cytoplasm, Cell membrane"
ENSP00000468298,0.082910156,0.472656252,0.79140625,0.296875,0.1046875,0.34082031199999996,0.03552246,0.154296876,0.10624999799999998,0.08955078200000001,0.027685547999999997,"Cytoplasm, Nucleus","Cytoplasm, Cell membrane"
ENSP00000436674,0.70625,0.09052734199999998,0.129687502,0.10034179600000001,0.428906252,0.218554686,0.013188169999999999,0.459375,0.417187502,0.269921876,0.003640744,Membrane,Cell membrane
ENSP00000433637,0.150585936,0.44609375,0.73046875,0.035534670000000004,0.095703124,0.07045898400000002,0.00764923,0.06196289000000001,0.07287597599999998,0.13359375,0.015672302,Nucleus,Nucleus
ENSP00000418261,0.305078124,0.492578126,0.17421875,0.07265625,0.08588867200000001,0.68515625,0.250488282,0.282226562,0.179882812,0.10898437400000001,0.288061522,"Cytoplasm, Mitochondrion",Mitochondrion
ENSP00000497750,0.223046874,0.305468748,0.26796875,0.014770507999999998,0.088378904,0.94765625,0.010501095999999998,0.034301758,0.07958984399999999,0.045239256,0.006558228000000001,Mitochondrion,Mitochondrion
ENSP00000431853,0.180078124,0.61640625,0.5671875,0.039379882,0.131152344,0.31874999800000003,0.036083982,0.130371094,0.194238284,0.24296875199999998,0.300390626,"Cytoplasm, Nucleus","Cytoplasm, Cell membrane"
ENSP00000429362,0.292578126,0.47070312400000003,0.463671876,0.182226564,0.213476562,0.257421876,0.054101562000000006,0.268945312,0.34140625,0.330664064,0.254687502,Cytoplasm,Nucleus
ENSP00000498027,0.17265625,0.56640625,0.68671875,0.12479248000000001,0.109375,0.454296876,0.0411499,0.13671875,0.08066406,0.10854492,0.009934998,"Cytoplasm, Nucleus",Nucleus
ENSP00000462831,0.27929687599999997,0.63359375,0.48632812599999997,0.052343748,0.38554687200000004,0.30332031600000003,0.020251464,0.137988282,0.14140625,0.16904296800000002,0.068261718,Cytoplasm,Cell membrane
ENSP00000452443,0.079003908,0.47890625,0.7953125,0.103808594,0.059716797999999995,0.129199218,0.021447754,0.152734376,0.12080078000000001,0.050927736,0.141992188,"Cytoplasm, Nucleus",Nucleus
ENSP00000449898,0.142578126,0.13173828199999998,0.08168945400000001,0.8671875,0.112695312,0.06789550800000001,0.010412596,0.180078126,0.352343752,0.1140625,0.029296874000000007,Extracellular,Golgi apparatus
ENSP00000431058,0.354687502,0.39765625,0.484375,0.198730468,0.376171876,0.22324218599999995,0.001216126,0.10502929800000001,0.257031248,0.19414062599999998,0.001300046,None,Cytoplasm
ENSP00000419656,0.38085937400000003,0.191210936,0.13955078399999998,0.024707031999999997,0.18105468600000002,0.9453125,0.04394531,0.08496093600000001,0.055859373999999996,0.05942382799999999,0.031762696,Mitochondrion,Mitochondrion
ENSP00000417849,0.0875,0.355078122,0.7546875,0.04475708,0.071386716,0.05710449199999999,0.00382843,0.144042968,0.048144532000000004,0.047729492,0.001741794,Nucleus,Nucleus
ENSP00000344230,0.258398442,0.291210938,0.178125,0.023986816,0.053955078000000004,0.9296875,0.017749021999999996,0.048046874,0.015136720000000001,0.048535156,0.028466797999999998,Mitochondrion,Mitochondrion
ENSP00000342787,0.09736328200000001,0.2328125,0.256250002,0.054003908,0.046655274000000004,0.91015625,0.22011718600000002,0.038476562,0.023388672000000003,0.012542724,0.017495728,Mitochondrion,"Cytoplasm, Endoplasmic reticulum"
ENSP00000504761,0.665625,0.2421875,0.240820312,0.185546872,0.315234374,0.2140625,0.003140258,0.7203125,0.465625,0.5921875,0.036816404,"Membrane, Endoplasmic reticulum",Golgi apparatus
ENSP00000474618,0.18515625,0.514453126,0.6171875,0.284765624,0.18437500199999998,0.29609375,0.008068846,0.186328124,0.171874998,0.346875,0.185351564,"Cytoplasm, Nucleus",Nucleus
ENSP00000464988,0.150097656,0.525390624,0.659375,0.16875,0.16748047,0.225976562,0.05744628799999999,0.189746094,0.11674804600000002,0.156054686,0.054058836,"Cytoplasm, Nucleus",Cytoplasm
ENSP00000446554,0.5640625,0.63125,0.4046875,0.048168944000000005,0.4828125,0.21972656200000001,0.048291016000000006,0.30078125,0.45546874800000003,0.240234374,0.006141662,"Membrane, Cytoplasm",Nucleus
ENSP00000439818,0.369921874,0.41484375,0.254101562,0.322070312,0.17373047,0.401171876,0.10527343600000001,0.479296876,0.144140624,0.26279296799999996,0.148242186,None,Mitochondrion
ENSP00000428129,0.207031252,0.497265624,0.5890625,0.417187498,0.210937498,0.5953125,0.015570067999999998,0.169726562,0.272070312,0.42382812400000003,0.137890622,"Cytoplasm, Nucleus",Nucleus
ENSP00000420578,0.20722655999999998,0.511328124,0.502734374,0.489453124,0.1953125,0.521875,0.039331055999999996,0.287890624,0.323242188,0.42734375199999997,0.215039062,Cytoplasm,Nucleus
ENSP00000387102,0.09902343799999999,0.369531252,0.86015625,0.41660156200000004,0.10473632799999999,0.155664062,0.008801266,0.094140628,0.026379392,0.07280273400000001,0.00242157,Nucleus,"Cytoplasm, Nucleus"
ENSP00000358111,0.060791014,0.25976562599999997,0.9359375,0.190576174,0.02133789,0.044873048000000006,0.001329038,0.10302734399999999,0.032556154000000004,0.0361084,0.001175498,Nucleus,"Cytoplasm, Nucleus"
ENSP00000490665,0.360937498,0.65234375,0.505859376,0.039746092,0.494531252,0.21582031200000001,0.010211182000000003,0.112011716,0.2265625,0.14355468799999999,0.03979492,Cytoplasm,"Cell membrane, Endoplasmic reticulum"
ENSP00000482852,0.74609375,0.174609374,0.123828126,0.6125,0.7015625,0.09248046600000001,0.044696044,0.332421874,0.42109375,0.288281252,0.068286132,"Membrane, Cell membrane","Cytoplasm, Cell membrane"
ENSP00000481703,0.6734375,0.146679688,0.10576171999999999,0.009271242,0.160644532,0.95390625,0.05732422,0.09980468599999999,0.046020506,0.06909179600000001,0.035083008,"Membrane, Mitochondrion",Mitochondrion
ENSP00000480335,0.248437498,0.250585938,0.271875,0.75234375,0.293359372,0.143164062,0.024353026,0.405078124,0.29863281399999997,0.220703124,0.03251953,Extracellular,Cell membrane
ENSP00000479714,0.260351564,0.7,0.451562502,0.06730957,0.325390624,0.301757814,0.002474976,0.329882812,0.18330078200000002,0.263085936,0.067736818,Cytoplasm,Mitochondrion
ENSP00000458835,0.91171875,0.284765626,0.297265626,0.037084962000000006,0.709375,0.07998047,0.000984952,0.6640625,0.60859375,0.775,0.051599122,"Membrane, Cell membrane, Endoplasmic reticulum, Lysosome/Vacuole, Golgi apparatus",Cell membrane
ENSP00000431594,0.091503908,0.43554687400000003,0.834375,0.1109375,0.08662109200000001,0.082763672,0.002658844,0.12236328199999999,0.07954101599999999,0.041015624,0.028010560000000007,Nucleus,Nucleus
ENSP00000425484,0.385546876,0.5625,0.391015624,0.080126952,0.455859376,0.116992188,0.073254396,0.15888671599999998,0.10429687400000001,0.250781248,0.003103638,Cytoplasm,"Nucleus, Cell membrane"
ENSP00000380435,0.915625,0.08935546800000001,0.11308594000000001,0.042163088,0.609375,0.027307127999999996,0.002059936,0.39257812599999997,0.519140626,0.269335938,0.034484864,"Membrane, Cell membrane",Cell membrane
ENSP00000363197,0.532421876,0.193554688,0.145117186,0.64765625,0.285156248,0.22851562200000003,0.11962890799999999,0.534375,0.437500002,0.55234375,0.14736328,"Membrane, Extracellular",Cell membrane
ENSP00000255764,0.17089843799999999,0.6109375,0.502734376,0.023437498000000005,0.11240234600000001,0.09218750199999999,0.002227782,0.11142578,0.35742187799999997,0.11157226599999999,0.008840942,Cytoplasm,Nucleus
ENSP00000487557,0.256835936,0.519140626,0.5015625,0.39921874799999996,0.173535156,0.351171876,0.064135742,0.238867188,0.302734372,0.311914062,0.049877928,Cytoplasm,Nucleus
ENSP00000470495,0.46289062400000003,0.48515625,0.38632812800000005,0.190039062,0.422265626,0.313085936,0.0017616280000000001,0.270117188,0.484375002,0.307226562,0.0033050540000000004,"Membrane, Cytoplasm","Cytoplasm, Nucleus"
ENSP00000427425,0.094433594,0.3609375,0.89375,0.05805663999999999,0.10048827999999999,0.08593749799999999,0.0019683839999999997,0.042675779999999996,0.032885741999999996,0.068115234,0.004505922,Nucleus,Nucleus
ENSP00000422281,0.6609375,0.60546875,0.428515624,0.264453126,0.378125002,0.254101562,0.11997070400000001,0.089453126,0.71328125,0.12792969,0.01084442,"Membrane, Cytoplasm, Lysosome/Vacuole",Cell membrane
ENSP00000407002,0.36132812599999997,0.61328125,0.41601562400000003,0.056054686,0.381445314,0.548046876,0.030621338000000005,0.185058594,0.47441406399999997,0.312792968,0.0025276179999999997,Cytoplasm,"Cytoplasm, Cell membrane"
ENSP00000389518,0.052587894,0.37890625,0.8515625,0.074267578,0.043212890000000004,0.130664064,0.17270507799999998,0.067822264,0.019873048,0.18115234200000002,0.009265138,Nucleus,Nucleus
ENSP00000217185,0.26757812599999997,0.59921875,0.44375,0.423046876,0.305273438,0.319531252,0.003190614,0.225976562,0.288867186,0.33789062200000003,0.35678711,Cytoplasm,"Cytoplasm, Nucleus"
ENSP00000469138,0.12099609600000001,0.6109375,0.632421874,0.121386718,0.121484374,0.262890624,0.0035751339999999998,0.13876953,0.074365236,0.20761719000000003,0.010598755999999999,"Cytoplasm, Nucleus",Nucleus
ENSP00000506808,0.34570312400000003,0.26308593999999996,0.294726562,0.029626466,0.11240234199999999,0.6859375,0.037976074000000005,0.27617187800000004,0.08774414,0.070898438,0.049194334,Mitochondrion,Mitochondrion
ENSP00000485966,0.3046875,0.192773438,0.0671875,0.136035158,0.06909179600000001,0.9359375,0.262695312,0.069970702,0.031811522,0.051953122,0.06262207,Mitochondrion,Mitochondrion
ENSP00000479486,0.292382812,0.477734376,0.446875,0.174023438,0.198046874,0.37617187799999996,0.007992553999999999,0.39140625,0.299023438,0.269335938,0.218554688,Cytoplasm,"Cytoplasm, Cell membrane"
ENSP00000479441,0.56875,0.452734376,0.324218752,0.10136718600000001,0.41132812799999996,0.494921876,0.005667114,0.47851562400000003,0.496484376,0.350585938,0.10908202999999998,Membrane,Nucleus
ENSP00000465889,0.21621093600000002,0.274609376,0.18046875,0.809375,0.18085937400000002,0.234375002,0.005171204,0.283007812,0.328125002,0.298242186,0.03564453199999999,Extracellular,Endoplasmic reticulum
ENSP00000455277,0.193945312,0.62421875,0.53125,0.10371093599999999,0.15,0.199414062,0.007440184,0.10883788999999999,0.21796875,0.10214843599999998,0.002555086,"Cytoplasm, Nucleus",Cytoplasm
ENSP00000446944,0.11796875,0.266015624,0.865625,0.033190916,0.046655274,0.141406252,0.008230592,0.11435546999999999,0.069140626,0.092822266,0.039648435999999995,Nucleus,Nucleus
ENSP00000429741,0.11865234399999999,0.61484375,0.74296875,0.023168944000000004,0.130761718,0.19453124800000002,0.015631104,0.10029297,0.14277343999999997,0.198437502,0.105444336,"Cytoplasm, Nucleus",Nucleus
ENSP00000427935,0.05861816599999999,0.613671874,0.68203125,0.301367186,0.026342774000000003,0.136816406,0.052972412,0.25253906000000004,0.1296875,0.219677734,0.008195494000000001,"Cytoplasm, Nucleus",Nucleus
ENSP00000390926,0.133398438,0.678125,0.541015626,0.229101562,0.08208008,0.23427734200000003,0.00075569,0.08525390799999999,0.23359375,0.43593749800000003,0.016333010000000002,"Cytoplasm, Nucleus","Cytoplasm, Cell membrane"
ENSP00000388737,0.053881834,0.359765622,0.9046875,0.08925781399999999,0.03278808600000001,0.113867188,0.0023407000000000002,0.20390625,0.041772461999999996,0.03862304800000001,0.031909177999999996,Nucleus,Nucleus
ENSP00000310182,0.915625,0.214453126,0.14267578,0.06899414,0.487890626,0.122851564,0.008831786,0.66328125,0.453515626,0.411328126,0.146191406,"Membrane, Endoplasmic reticulum",Golgi apparatus
ENSP00000485355,0.228125002,0.539843748,0.40429687400000003,0.07055664,0.121484374,0.413671876,0.035815429999999995,0.291210938,0.24365234399999997,0.33984375,0.015130616,Cytoplasm,Endoplasmic reticulum
ENSP00000468584,0.22871093599999998,0.15566406,0.116503906,0.05698242,0.066381834,0.9640625,0.03322754,0.06328125,0.052343748,0.08901367399999999,0.450000002,Mitochondrion,Mitochondrion
ENSP00000389278,0.834375,0.265039064,0.265234376,0.049658202,0.59140625,0.068652344,0.004040526,0.5625,0.469140624,0.5609375,0.035620118,"Membrane, Cell membrane",Cytoplasm
ENSP00000386645,0.131933594,0.36914062799999997,0.87109375,0.329003906,0.16044921800000003,0.216406252,0.0027297959999999996,0.10278320199999999,0.030419922,0.075341798,0.002055358,Nucleus,"Cytoplasm, Nucleus"
ENSP00000362773,0.22167968799999999,0.45898437400000003,0.37109375,0.2828125,0.21972656400000004,0.453125002,0.043530272,0.052966308,0.045043946,0.250195312,0.0062488560000000005,None,Nucleus
ENSP00000430257,0.295703124,0.556640626,0.397265624,0.062524414,0.187890626,0.21132812800000003,0.010232545999999999,0.187109374,0.437109374,0.33671875,0.036010742,Cytoplasm,Nucleus
ENSP00000401109,0.06889648400000001,0.278710938,0.7859375,0.024523928,0.024975588,0.09501953199999999,0.0025009159999999997,0.07497558800000001,0.049316404,0.090917968,0.005328370000000001,Nucleus,Nucleus
ENSP00000382364,0.171679686,0.469140624,0.60859375,0.117382812,0.118212892,0.18984375,0.004833984000000001,0.34140625199999997,0.191601562,0.142187498,0.059350586,Nucleus,"Cytoplasm, Nucleus, Mitochondrion"
ENSP00000498993,0.210937502,0.396093748,0.348046874,0.234765624,0.16044922,0.78046875,0.019934082,0.183789064,0.155664062,0.302343748,0.5671875,Mitochondrion,Mitochondrion
ENSP00000467551,0.110253906,0.342578126,0.77890625,0.13535156399999998,0.11113281400000001,0.105273438,0.0014835340000000001,0.06386718799999999,0.136523438,0.0543457,0.023391722,Nucleus,Nucleus
ENSP00000466188,0.18652343799999999,0.66484375,0.4625,0.10864257799999999,0.205078126,0.166015624,0.0032653800000000005,0.156542972,0.08706054799999999,0.3109375,0.017364501999999997,Cytoplasm,Nucleus
ENSP00000439667,0.186718752,0.39648437599999997,0.49765625,0.347851564,0.11035156400000001,0.67890625,0.08659667800000001,0.22470703199999997,0.22041015599999997,0.315039062,0.180078126,Mitochondrion,Nucleus
ENSP00000429102,0.178320312,0.7265625,0.40937499600000005,0.099853516,0.15625,0.211132812,0.01855469,0.16679687399999998,0.173535156,0.20820312400000002,0.012524414000000001,Cytoplasm,Nucleus
ENSP00000412249,0.426953122,0.55625,0.45703125,0.317089846,0.426953126,0.403125,0.009912110000000002,0.276562502,0.20087890599999997,0.299609374,0.05705566399999999,Cytoplasm,Cell membrane
ENSP00000306362,0.329101562,0.543359376,0.44453125,0.16425781,0.095703124,0.50234375,0.013482668,0.4125,0.272460938,0.381640626,0.05406494399999999,Cytoplasm,Cytoplasm
ENSP00000508310,0.383984376,0.53671875,0.534375,0.194433592,0.204296876,0.227441406,0.001320074,0.161621094,0.242382814,0.151855468,0.06147461,"Cytoplasm, Nucleus","Cytoplasm, Nucleus, Cell membrane"
ENSP00000496961,0.327929688,0.55390625,0.417578126,0.111718752,0.136523436,0.118652342,0.021582029999999995,0.40898437200000004,0.588671876,0.4359375,0.024803162,"Cytoplasm, Lysosome/Vacuole",Nucleus
ENSP00000495456,0.039819334,0.273046874,0.90078125,0.043066405999999995,0.019934083999999998,0.158496094,0.008801268000000001,0.10234375,0.016644288,0.024707034,0.002165222,Nucleus,Nucleus
ENSP00000474372,0.05087890799999999,0.546484376,0.68984375,0.025,0.030932618000000002,0.038378906000000004,0.037356565999999994,0.119384766,0.05756836,0.17548828,0.0013244619999999998,"Cytoplasm, Nucleus",Nucleus
ENSP00000467104,0.170507812,0.36914062400000003,0.436328124,0.79140625,0.10146484599999998,0.20834960800000002,0.27626953000000004,0.06865234199999999,0.024829102,0.16733398400000002,0.057458496000000005,Extracellular,Nucleus
ENSP00000443968,0.189257812,0.62578125,0.63515625,0.221484374,0.133105468,0.377343752,0.06008300799999999,0.20458984400000002,0.221875,0.1515625,0.134594726,"Cytoplasm, Nucleus",Cytoplasm
ENSP00000431368,0.288671874,0.54609375,0.62421875,0.201757812,0.160253904,0.61171875,0.040075682,0.26933594,0.309960936,0.299609374,0.176220702,"Cytoplasm, Nucleus",Cytoplasm
ENSP00000426331,0.28710937599999997,0.194140628,0.16582031599999997,0.07275390600000001,0.1171875,0.95390625,0.024804686,0.10107421800000001,0.080761716,0.14033203,0.162109376,Mitochondrion,Mitochondrion
ENSP00000369176,0.70234375,0.165625,0.186621094,0.083178712,0.08242187399999999,0.771875,0.011398316,0.23906250199999998,0.07924804799999999,0.12207031399999999,0.014831543999999999,"Membrane, Mitochondrion",Mitochondrion
ENSP00000338932,0.152441406,0.4859375,0.578125,0.15703125,0.07426758,0.298242188,0.07343750199999999,0.261132814,0.247265626,0.25136719,0.22148437599999998,"Cytoplasm, Nucleus",Mitochondrion
ENSP00000259254,0.81328125,0.2421875,0.09912109399999999,0.240624998,0.80078125,0.080322268,0.004394532,0.17080078199999998,0.528125,0.308203126,0.08911133,"Membrane, Cell membrane",Cell membrane
ENSP00000421946,0.095654296,0.48203125199999997,0.81171875,0.12343750199999999,0.08383789,0.069433594,0.0034545900000000004,0.12250976799999999,0.073535158,0.10874023400000002,0.005760194000000001,"Cytoplasm, Nucleus",Nucleus
ENSP00000409925,0.191406248,0.73515625,0.286328124,0.05029296999999999,0.22617187200000002,0.261523436,0.032617186,0.08525390399999999,0.060717772,0.124804688,0.06802978600000001,Cytoplasm,"Cytoplasm, Nucleus"
ENSP00000393616,0.1859375,0.67578125,0.54375,0.134960938,0.34726562800000005,0.10224609200000001,0.026519776000000002,0.141503906,0.06015625,0.08989257799999999,0.031312562,"Cytoplasm, Nucleus","Cytoplasm, Nucleus"
ENSP00000344128,0.10205078199999999,0.315234374,0.67265625,0.7109375,0.10087890800000002,0.043945312,0.030285644,0.09116211,0.08696288999999999,0.047680664,0.028576661999999996,"Nucleus, Extracellular","Cytoplasm, Nucleus"
ENSP00000295834,0.13173828,0.8234375,0.525781252,0.273828124,0.19221191399999998,0.17480468799999999,0.041772461999999996,0.132128908,0.030126951999999995,0.10328369,0.10151977599999999,Cytoplasm,Cytoplasm
ENSP00000236412,0.102636718,0.367578126,0.90234375,0.034436034,0.07075195399999999,0.05874023399999999,0.01463623,0.13105468599999998,0.0671875,0.08398437399999999,0.006024168,Nucleus,Nucleus
ENSP00000497676,0.17607422199999997,0.6421875,0.5015625,0.405078124,0.17324218600000002,0.337109374,0.02583008,0.150683594,0.11484375,0.228515624,0.13588867200000002,Cytoplasm,Cell membrane
ENSP00000469738,0.1578125,0.715625,0.6625,0.005847168,0.09228515600000001,0.250390626,0.013269043999999999,0.16074219,0.108251952,0.238671876,0.079199218,"Cytoplasm, Nucleus",Nucleus
ENSP00000435800,0.821875,0.216406252,0.265820312,0.086376954,0.466406248,0.30644531199999997,0.060766602,0.61328125,0.505859376,0.5671875,0.058544922,Membrane,"Endoplasmic reticulum, Golgi apparatus"
ENSP00000431985,0.14189453000000002,0.425000002,0.696875,0.145410156,0.09257812400000001,0.093066406,0.138500978,0.185546876,0.15976562600000002,0.140136718,0.046215822,Nucleus,Nucleus
ENSP00000416644,0.214843748,0.615625,0.29023437799999996,0.334375,0.17324218600000002,0.156445314,0.033618164,0.25576171799999997,0.1765625,0.34570312599999997,0.011616516,Cytoplasm,Cytoplasm
ENSP00000389303,0.25175781399999997,0.55703125,0.441015624,0.234375,0.187304686,0.50078125,0.014758304,0.242382814,0.3765625,0.3,0.570703124,Cytoplasm,Cytoplasm
ENSP00000471657,0.084082028,0.56171875,0.63671875,0.531640626,0.071289062,0.274804686,0.10205078199999999,0.18974609599999998,0.102270508,0.070947266,0.16455077999999998,"Cytoplasm, Nucleus",Mitochondrion
ENSP00000429672,0.14960937400000002,0.58984375,0.465234376,0.6203125,0.128710934,0.382812502,0.133496092,0.131347656,0.06953125,0.26171875,0.025616454,Cytoplasm,Endoplasmic reticulum
ENSP00000493744,0.20820312400000002,0.68671875,0.39648437400000003,0.09633789200000001,0.084326174,0.38046875199999997,0.036206054,0.38828125199999997,0.36484375199999997,0.360546876,0.23173828,Cytoplasm,Nucleus
ENSP00000487240,0.128808592,0.60703125,0.71640625,0.06831054600000001,0.14560546800000002,0.156542968,0.031518556,0.131347656,0.214648436,0.157617188,0.09057617200000001,"Cytoplasm, Nucleus",Nucleus
ENSP00000452217,0.07705078000000001,0.321093752,0.88125,0.11215820400000001,0.034008788,0.08437500199999999,0.009757996,0.07514648399999999,0.041699219999999995,0.024487304,0.031494138000000005,Nucleus,Nucleus
ENSP00000450525,0.21171874799999996,0.58125,0.428515626,0.296484374,0.238671874,0.19921875,0.052392576,0.103417968,0.154199218,0.29609375,0.031921386,Cytoplasm,Nucleus
ENSP00000423982,0.064599608,0.440625002,0.79921875,0.055761719999999994,0.08613281399999999,0.10947265799999999,0.006806946000000001,0.039819336,0.077734376,0.064062498,0.007308960000000001,Nucleus,"Nucleus, Cell membrane"
ENSP00000391446,0.066455078,0.75078125,0.240820312,0.015539552000000002,0.07709961000000001,0.37441406400000005,0.021600341999999998,0.279589844,0.100598144,0.059960936,0.0055999759999999996,Cytoplasm,"Cytoplasm, Endoplasmic reticulum"
ENSP00000377351,0.221875,0.81015625,0.445703124,0.29492187599999997,0.256640624,0.245507814,0.04680786199999999,0.342578124,0.059277343999999996,0.254882814,0.09780273600000002,Cytoplasm,Cytoplasm
ENSP00000492536,0.1546875,0.6203125,0.446874998,0.59453125,0.10214843600000001,0.216796876,0.08742675600000001,0.184179688,0.241601564,0.131591796,0.57421875,Cytoplasm,Nucleus
ENSP00000461981,0.163964844,0.70703125,0.55078125,0.198828128,0.13769531200000001,0.269140626,0.05753174,0.155859374,0.141113282,0.175683596,0.146850586,"Cytoplasm, Nucleus","Cytoplasm, Nucleus"
ENSP00000430152,0.428515626,0.380078122,0.5296875,0.15722656399999999,0.189257812,0.325195312,0.001291274,0.15683594000000003,0.504296874,0.6671875,0.002677914,Nucleus,Cytoplasm
ENSP00000505173,0.348828126,0.80625,0.36210937200000004,0.06547851800000001,0.274218752,0.16894531399999999,0.005618283999999999,0.16503906200000001,0.332421874,0.42773437400000003,0.12744140599999998,Cytoplasm,"Cytoplasm, Cell membrane"
ENSP00000494012,0.10849609200000002,0.26230469,0.8484375,0.189453124,0.074755858,0.09946289,0.032592774,0.153027344,0.066357422,0.073144532,0.012512206000000001,Nucleus,Nucleus
ENSP00000430617,0.134570312,0.48632812599999997,0.7125,0.06857910199999999,0.10097656199999998,0.107910154,0.00944214,0.170410154,0.054394531999999995,0.049145506000000005,0.00697174,"Cytoplasm, Nucleus",Nucleus
ENSP00000427277,0.74140625,0.23710937599999998,0.154589844,0.20537109199999998,0.734375,0.15234375,0.0034439080000000003,0.247851562,0.61171875,0.479296874,0.108300782,"Membrane, Cell membrane, Lysosome/Vacuole",Cell membrane
ENSP00000411349,0.168554688,0.59921875,0.461328126,0.21777343600000001,0.151269528,0.258593752,0.026428224,0.082910156,0.281445312,0.452734376,0.090893552,Cytoplasm,Cell membrane
ENSP00000397302,0.282421876,0.2421875,0.26328125199999997,0.183203122,0.10146484200000001,0.89765625,0.025390622,0.230078124,0.08061523200000001,0.17285156399999999,0.305664066,Mitochondrion,Mitochondrion
ENSP00000442703,0.18125,0.191992188,0.265234376,0.126611326,0.08344726799999999,0.69296875,0.055737304,0.102148438,0.092333984,0.041259765999999996,0.13017578000000002,Mitochondrion,Mitochondrion
ENSP00000430889,0.232226562,0.5421875,0.57109375,0.2375,0.148535156,0.1703125,0.07495117,0.20234374800000002,0.20566406,0.32636718600000003,0.08791504000000001,"Cytoplasm, Nucleus","Nucleus, Cell membrane"
ENSP00000425460,0.6140625,0.282812502,0.2796875,0.160742188,0.123046872,0.5015625,0.101635742,0.725,0.139257812,0.43164062400000003,0.18720703,"Membrane, Endoplasmic reticulum",Nucleus
ENSP00000393696,0.159960936,0.295507812,0.416796876,0.79375,0.077343746,0.2984375,0.10104980599999999,0.311523438,0.15151367200000002,0.152246094,0.116894532,Extracellular,Mitochondrion
ENSP00000384474,0.269140626,0.59375,0.5312500019999999,0.048388674,0.273632812,0.098828124,0.026696776,0.21591796999999996,0.053076172,0.16513671800000002,0.002466964,"Cytoplasm, Nucleus",Nucleus
ENSP00000467965,0.18906249800000002,0.66640625,0.68828125,0.016235352,0.11826171600000002,0.18457031200000001,0.000992204,0.127734374,0.132714842,0.294140626,0.019354247999999998,"Cytoplasm, Nucleus",Cytoplasm
ENSP00000463450,0.13779296800000002,0.50234375,0.70234375,0.11093750200000001,0.164453124,0.105664062,0.00406952,0.13642578,0.07636718599999999,0.148681642,0.022416686,"Cytoplasm, Nucleus","Cytoplasm, Nucleus"
ENSP00000455767,0.2703125,0.37421875,0.270117186,0.491796874,0.162011718,0.4390625,0.053256226,0.559375,0.21181640599999998,0.292578126,0.15390625200000002,None,"Cytoplasm, Nucleus"
ENSP00000419578,0.796875,0.079980468,0.154492186,0.015307614,0.05354004,0.89765625,0.05849609600000001,0.280078126,0.132128906,0.116894532,0.035705566,"Membrane, Mitochondrion",Mitochondrion
ENSP00000460301,0.3734375,0.457812498,0.467578124,0.044396972,0.228515626,0.282421874,0.005650328000000001,0.293164064,0.347460938,0.6234375,0.025476076000000004,None,"Cytoplasm, Nucleus"
ENSP00000446783,0.16015625,0.534765626,0.55546875,0.304101566,0.09775390399999999,0.240625,0.267968752,0.313671876,0.26386719000000003,0.226562502,0.048071289999999996,"Cytoplasm, Nucleus",Nucleus
ENSP00000446665,0.21015625400000001,0.57109375,0.564453126,0.268359374,0.16337890400000002,0.45,0.14560546800000002,0.22402344,0.234179688,0.340625,0.12988281399999999,"Cytoplasm, Nucleus",Cytoplasm
ENSP00000392230,0.090039062,0.23691406399999998,0.93828125,0.017956542,0.044067384,0.11914062399999999,0.002373504,0.090185548,0.057421874,0.061083984,0.085498046,Nucleus,"Cytoplasm, Nucleus"
ENSP00000505534,0.21386718999999998,0.70625,0.425390622,0.111328126,0.20214843799999999,0.19062499800000002,0.012316894,0.216210938,0.14140625,0.377734376,0.041082764,Cytoplasm,Cytoplasm
ENSP00000443772,0.49804687599999997,0.581640626,0.33847656000000004,0.592578124,0.32578125,0.234570314,0.00477524,0.18408202999999998,0.173828128,0.21191406399999999,0.11394653400000002,"Membrane, Cytoplasm",Cytoplasm
ENSP00000435556,0.517578124,0.540625,0.39218750199999997,0.11850586,0.47890625,0.272460938,0.02734375,0.4953125,0.321484374,0.453906248,0.12983398200000001,"Membrane, Cytoplasm","Nucleus, Cell membrane"
ENSP00000424323,0.178124998,0.6,0.505468748,0.181054688,0.167480468,0.39609375199999997,0.013903807999999998,0.23300781399999998,0.256445312,0.32304687200000004,0.44335937799999997,Cytoplasm,"Cytoplasm, Nucleus"
ENSP00000417479,0.351562502,0.438671874,0.38203125,0.34531250199999997,0.319531252,0.13798828000000002,0.0032234200000000003,0.1421875,0.540234374,0.484765624,0.0011245720000000001,None,Cytoplasm
ENSP00000407711,0.111474608,0.49453125,0.83828125,0.015924072,0.051538087999999996,0.220214842,0.00019087799999999998,0.040551756,0.07734375,0.118066406,0.00743866,"Cytoplasm, Nucleus",Nucleus
ENSP00000340691,0.157910156,0.7265625,0.64375,0.018566896,0.23964843600000002,0.07241211,0.005371094,0.071875002,0.07788085600000001,0.092626952,0.020739746,"Cytoplasm, Nucleus","Cytoplasm, Nucleus"
ENSP00000498324,0.189550782,0.359375,0.461328126,0.7625,0.04805908,0.611328124,0.016015622,0.3640625,0.074072266,0.125,0.376025388,Extracellular,Nucleus
ENSP00000493492,0.140722656,0.587109376,0.55859375,0.14169921800000002,0.07431640799999999,0.439843752,0.037841796000000004,0.29121093600000003,0.302929688,0.42265625,0.037097168,"Cytoplasm, Nucleus","Cytoplasm, Nucleus"
ENSP00000434141,0.253320312,0.493359374,0.385937498,0.36953125,0.16308593799999999,0.67265625,0.054492186,0.243945314,0.180371094,0.38085937799999997,0.167773436,"Cytoplasm, Mitochondrion",Nucleus
ENSP00000433390,0.206445312,0.7828125,0.538671874,0.005007936,0.14609375,0.109472656,0.006593324,0.084277346,0.082666014,0.13984375,0.008898925999999998,"Cytoplasm, Nucleus",Cell membrane
ENSP00000429192,0.39902343800000006,0.38984375,0.49082031400000004,0.11079101200000001,0.202490236,0.33984375,0.018823243999999996,0.272265626,0.253613282,0.192333984,0.0020358100000000003,None,Nucleus
ENSP00000401748,0.10224609200000001,0.678125,0.329687498,0.30546875,0.093408202,0.35351562599999997,0.293359374,0.301562498,0.39208984399999997,0.28457031600000005,0.06772460999999999,Cytoplasm,Endoplasmic reticulum
ENSP00000399267,0.36914062599999997,0.7078125,0.355078126,0.07563476400000001,0.341015624,0.104589844,0.018933108,0.253515626,0.22060546800000003,0.384375,0.009661866,Cytoplasm,"Cytoplasm, Cell membrane"
ENSP00000376096,0.271679688,0.24355468600000002,0.23632812800000003,0.571484376,0.286132812,0.076416016,0.007220460000000001,0.558984376,0.403125,0.17294921800000002,0.04354248,None,"Cytoplasm, Cell membrane"
ENSP00000463892,0.399609376,0.37695312599999997,0.491015624,0.087744142,0.176269532,0.27539062200000003,0.025131228,0.341015626,0.61875,0.529296874,0.041040038,Lysosome/Vacuole,Golgi apparatus
ENSP00000462796,0.140429688,0.734375,0.37421875,0.156152342,0.124902344,0.129492188,0.007278442,0.16015625,0.09130859399999999,0.17734375,0.055859372,Cytoplasm,Cell membrane
ENSP00000459534,0.0453125,0.312695312,0.75703125,0.113574218,0.035644529999999994,0.19072265400000002,0.198632812,0.07836914,0.068554688,0.09257812600000001,0.045104979999999996,Nucleus,"Cytoplasm, Cell membrane"
ENSP00000453357,0.29453125,0.426953126,0.41640624800000003,0.375781248,0.234179688,0.586328124,0.0061141979999999995,0.25175781,0.321093748,0.4921875,0.160742186,None,"Cytoplasm, Mitochondrion"
ENSP00000453208,0.163476564,0.47109374800000003,0.68046875,0.080737302,0.108251952,0.198339844,0.005429076,0.12939453,0.099804688,0.200781252,0.15703125,"Cytoplasm, Nucleus",Nucleus
ENSP00000451718,0.303906248,0.57578125,0.58671875,0.053979492,0.284375002,0.22470702999999997,0.0032974239999999993,0.09453125,0.249414064,0.193554688,0.011082456000000001,"Cytoplasm, Nucleus",Cell membrane
ENSP00000451213,0.137988282,0.258203124,0.89609375,0.01845703,0.11547851599999999,0.045043945999999994,0.004100036,0.081884768,0.052905272,0.045117187999999996,0.015850830000000003,Nucleus,Nucleus
ENSP00000372205,0.158398438,0.4703125,0.437109376,0.6953125,0.182226562,0.258789062,0.26123046800000005,0.08542480599999999,0.047076414,0.17216797,0.010626217999999998,"Cytoplasm, Extracellular",Cytoplasm
ENSP00000343218,0.203710938,0.484765624,0.56484375,0.277148438,0.182128906,0.41601562599999997,0.006231690000000001,0.21660156000000003,0.303320314,0.180957032,0.11406250199999998,"Cytoplasm, Nucleus",Nucleus
ENSP00000499538,0.1578125,0.6,0.6765625,0.029980468000000003,0.08652343599999998,0.22929687599999998,0.030456544000000002,0.20175780999999998,0.17675781200000001,0.208789062,0.040100098,"Cytoplasm, Nucleus",Nucleus
ENSP00000479447,0.120410156,0.526171876,0.441015626,0.6078125,0.060986324,0.4828125,0.21308593800000003,0.243945314,0.11430663999999999,0.233984376,0.19838867,Cytoplasm,Golgi apparatus
ENSP00000475768,0.11083984399999999,0.58984375,0.72890625,0.031372069999999995,0.107226562,0.241992188,0.00908966,0.172265626,0.14609375,0.168457032,0.027667238,"Cytoplasm, Nucleus","Cytoplasm, Nucleus"
ENSP00000466951,0.270898438,0.496484374,0.43476562799999996,0.14936523399999999,0.123925782,0.15722656200000001,0.00244522,0.174511718,0.468359374,0.7953125,0.035595702,"Cytoplasm, Golgi apparatus","Cytoplasm, Nucleus"
ENSP00000463688,0.197070314,0.52265625,0.542578124,0.20859375,0.262109376,0.3359375,0.0026672379999999997,0.190722658,0.276953124,0.144140626,0.14831543,"Cytoplasm, Nucleus",Nucleus
ENSP00000409858,0.253710938,0.52578125,0.6640625,0.156542968,0.1875,0.283789066,0.020874022,0.19824218799999999,0.132714844,0.247265628,0.108300782,"Cytoplasm, Nucleus",Nucleus
ENSP00000505503,0.176953126,0.494921876,0.38085937599999997,0.6734375,0.102246094,0.378125,0.17470703,0.187499998,0.11372070199999999,0.242773438,0.159472654,"Cytoplasm, Extracellular","Cytoplasm, Nucleus"
ENSP00000493139,0.261914064,0.278125002,0.231835938,0.57109375,0.06396484399999999,0.343359376,0.043725588,0.519921876,0.37578125,0.42109375,0.084765626,None,Nucleus
ENSP00000482498,0.29375,0.411328124,0.36523437599999997,0.618359374,0.10610351599999998,0.495312498,0.322070312,0.276953126,0.19072265600000002,0.18515625,0.313867186,None,Cytoplasm
ENSP00000482052,0.12802734200000002,0.379296874,0.55703125,0.378125002,0.082177734,0.087939452,0.005327608,0.089013674,0.11079101599999999,0.06009521200000001,0.004788016,Nucleus,Golgi apparatus
ENSP00000454688,0.444921878,0.74609375,0.35312499799999997,0.045947268,0.341015626,0.24472656399999998,0.0009429900000000001,0.197656248,0.283984374,0.278320314,0.050488281999999995,Cytoplasm,Cell membrane
ENSP00000414661,0.12783203199999998,0.555468748,0.54921875,0.444140626,0.051660156,0.63125,0.099438476,0.262890626,0.302539062,0.46289062400000003,0.11474609399999999,"Cytoplasm, Nucleus",Nucleus
ENSP00000407464,0.3796875,0.61875,0.357812502,0.263867188,0.368359376,0.3953125,0.016656492000000002,0.265039062,0.30859375,0.430859376,0.014105222,Cytoplasm,Cell membrane
ENSP00000396366,0.31601562399999994,0.56953125,0.5984375,0.11323242200000001,0.38125,0.144824218,0.017486572,0.218554688,0.13076172,0.3921875,0.0048736579999999995,"Cytoplasm, Nucleus",Cell membrane
ENSP00000497786,0.12265625200000001,0.294531248,0.30273437599999997,0.139648436,0.061083983999999994,0.246289064,0.7984375,0.07553710799999999,0.07709960999999999,0.115039062,0.27578124800000003,Plastid,Cytoplasm
ENSP00000471518,0.26015625,0.23886718599999995,0.15527343799999999,0.790625,0.187500002,0.41875,0.325805664,0.2609375,0.327734372,0.379882814,0.007122802,Extracellular,Cell membrane
ENSP00000470962,0.368359376,0.283203128,0.223242188,0.033569336,0.12490234200000001,0.95625,0.044628906,0.09697265399999999,0.0361084,0.07495117,0.13955078,Mitochondrion,Mitochondrion
ENSP00000426615,0.041113279999999995,0.31015625199999997,0.95546875,0.08950195399999998,0.037768557999999994,0.10986328000000001,0.004577638,0.047460935999999995,0.012243652,0.017858885999999997,0.010580443999999998,Nucleus,Nucleus
ENSP00000420568,0.2015625,0.526953126,0.528515624,0.44296875,0.22128906399999998,0.40351562799999996,0.014752198,0.16425781199999998,0.177392576,0.336328128,0.133300782,"Cytoplasm, Nucleus",Nucleus
ENSP00000387794,0.28984375,0.7140625,0.457812502,0.066918946,0.483203126,0.225390624,0.01260376,0.24902343799999999,0.11640625,0.16630859199999998,0.11246337799999999,Cytoplasm,"Cytoplasm, Nucleus"
ENSP00000297983,0.71171875,0.158007814,0.173828124,0.06828612999999999,0.09189453,0.74765625,0.009669496,0.223828126,0.079638672,0.10615234199999998,0.012924194,"Membrane, Mitochondrion",Mitochondrion
ENSP00000499772,0.257226564,0.3234375,0.268554688,0.619921876,0.08364258,0.349414062,0.07797851600000001,0.547265624,0.175585938,0.320507812,0.07263183799999999,None,Nucleus
ENSP00000453703,0.12451171800000001,0.7234375,0.46289062799999997,0.220507812,0.181835938,0.19375,0.0020698540000000003,0.117480468,0.229296872,0.272460936,0.055923459999999994,Cytoplasm,Golgi apparatus
ENSP00000453584,0.12470703000000001,0.29140625,0.43242187200000004,0.07685546800000001,0.048852538,0.84609375,0.229101562,0.106933596,0.059619137999999995,0.060009766,0.130273438,Mitochondrion,"Cytoplasm, Endoplasmic reticulum"
ENSP00000453034,0.12587890799999998,0.54765625,0.81015625,0.037207029999999995,0.138085938,0.171386718,0.002819822,0.156054686,0.215039062,0.14921875,0.046533202,"Cytoplasm, Nucleus",Golgi apparatus
ENSP00000263384,0.06279296799999999,0.333203126,0.85078125,0.05720214800000001,0.055981444000000005,0.048242188,0.001277542,0.049755856,0.026245116000000002,0.049121092,0.001714326,Nucleus,Nucleus
ENSP00000501275,0.166210936,0.55390625,0.446484376,0.263476562,0.105664062,0.171386722,0.027392578,0.10527343600000001,0.117578122,0.20976562599999998,0.089135742,Cytoplasm,"Cytoplasm, Nucleus"
ENSP00000471042,0.203515626,0.62421875,0.5734375,0.04875488,0.11484375,0.38046875199999997,0.040759277999999996,0.163378906,0.084374998,0.197656248,0.12792968799999999,"Cytoplasm, Nucleus",Nucleus
ENSP00000462912,0.245898438,0.6828125,0.438671874,0.067553712,0.33750000199999997,0.340234374,0.006115724,0.11367187599999999,0.290820312,0.33125,0.16323242200000002,Cytoplasm,Cell membrane
ENSP00000428370,0.216796876,0.497265624,0.579296876,0.024194336,0.115429688,0.21591797000000001,0.007192993999999999,0.277539064,0.183007812,0.154394532,0.01529541,"Cytoplasm, Nucleus",Nucleus
ENSP00000355831,0.171484374,0.492578124,0.4164062540000001,0.593359374,0.08813476599999999,0.366406252,0.22392578,0.334960938,0.12919922,0.25585937599999997,0.26972655999999995,Cytoplasm,"Cytoplasm, Nucleus"
ENSP00000344547,0.12060546800000001,0.382421878,0.91328125,0.281323242,0.169628908,0.14653320399999997,0.0015518200000000002,0.100976562,0.015655516,0.051123046000000005,0.0006285659999999999,Nucleus,"Cytoplasm, Nucleus"
ENSP00000505087,0.296484374,0.51796875,0.546875,0.165625,0.258398438,0.332812498,0.044995116,0.225976562,0.222851562,0.334375,0.095581056,"Cytoplasm, Nucleus",Mitochondrion
ENSP00000503145,0.139160156,0.6375,0.61171875,0.50859375,0.13515625,0.5117187480000001,0.023248291999999997,0.1578125,0.186035154,0.306249998,0.203124998,"Cytoplasm, Nucleus",Mitochondrion
ENSP00000502095,0.307031252,0.47109374800000003,0.377343754,0.369921876,0.184960938,0.409375002,0.16801758,0.341992188,0.362890624,0.45859375,0.19843750000000002,Cytoplasm,"Cytoplasm, Cell membrane, Endoplasmic reticulum"
ENSP00000500895,0.213281248,0.17734375,0.12988281200000001,0.853125,0.21796875,0.107714842,0.004643248,0.294531248,0.29843750199999997,0.340234376,0.010217285999999999,Extracellular,"Cytoplasm, Nucleus"
ENSP00000469135,0.201171874,0.18476562400000002,0.10390624799999999,0.81484375,0.28984375,0.053759766,0.069970702,0.410156252,0.33359375,0.241992188,0.00649414,Extracellular,Cell membrane
ENSP00000464419,0.196484376,0.56953125,0.58515625,0.351562496,0.177246094,0.362890624,0.014416504,0.330664062,0.195117186,0.19824218799999999,0.360058592,"Cytoplasm, Nucleus",Cytoplasm
ENSP00000452417,0.249804688,0.227734376,0.26757812599999997,0.08955078200000001,0.03630371,0.90625,0.09223632799999999,0.132714844,0.047460937999999994,0.103613282,0.226367188,Mitochondrion,Nucleus
ENSP00000502101,0.227343754,0.62734375,0.32304687200000004,0.10136718599999998,0.11738281000000002,0.334765626,0.027380372000000004,0.26015625,0.214648438,0.271289062,0.24716797000000001,Cytoplasm,Nucleus
ENSP00000478133,0.1578125,0.6953125,0.58828125,0.128320312,0.20625000200000004,0.297265624,0.034191893999999994,0.090087892,0.15546875,0.217578124,0.054345701999999996,"Cytoplasm, Nucleus",Mitochondrion
ENSP00000464089,0.37890625,0.65078125,0.5429687480000001,0.08144530999999999,0.22792969,0.183789062,0.007672118,0.11542968599999999,0.336132812,0.466015626,0.047167970000000004,"Cytoplasm, Nucleus",Golgi apparatus
ENSP00000453629,0.17871093799999999,0.69921875,0.392968752,0.010400389999999999,0.292578126,0.099609376,0.0047424319999999996,0.091455076,0.058276366,0.039733884000000004,0.03220825,Cytoplasm,"Cytoplasm, Nucleus"
ENSP00000452439,0.158007812,0.74296875,0.4125,0.216601562,0.152441406,0.261914062,0.167016602,0.165820314,0.20429687400000002,0.152441408,0.038806154,Cytoplasm,"Cytoplasm, Nucleus"
ENSP00000421606,0.160742188,0.66796875,0.529296874,0.12705077999999997,0.17675781200000001,0.274414062,0.03996582,0.14599609200000002,0.173339844,0.33398437599999997,0.016989136,"Cytoplasm, Nucleus",Nucleus
ENSP00000266964,0.303320314,0.587890624,0.281835938,0.042333984,0.076171874,0.28652343999999996,0.010398865999999998,0.14394531000000002,0.45625,0.175439452,0.05705566399999999,Cytoplasm,Cytoplasm
ENSP00000453470,0.170312502,0.5484375,0.6125,0.058154300000000006,0.130761718,0.30273437599999997,0.004669189999999999,0.152929688,0.177734374,0.152734378,0.320214842,"Cytoplasm, Nucleus",Nucleus
ENSP00000433139,0.15390625,0.64765625,0.6453125,0.218261718,0.132910156,0.12109375,0.01610565,0.440625,0.079125978,0.11254882799999999,0.0028961160000000002,"Cytoplasm, Nucleus","Cytoplasm, Nucleus, Endoplasmic reticulum"
ENSP00000430095,0.4671875,0.49062499800000003,0.369921876,0.07373046800000001,0.14345703,0.5671875,0.019140626,0.514453124,0.48046875,0.57421875,0.04538574200000001,"Membrane, Cytoplasm","Cytoplasm, Nucleus"
ENSP00000421676,0.17783203,0.367578126,0.492578124,0.65,0.053588868,0.5734375,0.020812987999999998,0.188671876,0.046826172,0.177734376,0.21188964999999998,Extracellular,Nucleus
ENSP00000406980,0.3609375,0.55703125,0.33671874799999996,0.13964843799999999,0.329296878,0.40078125,0.084277342,0.321093752,0.180371094,0.32167969,0.048620604,Cytoplasm,Cytoplasm
ENSP00000342895,0.352734374,0.175390624,0.14667968999999997,0.03955078199999999,0.148730468,0.9515625,0.009020996,0.078710938,0.032983398000000004,0.06977538800000001,0.032055662,Mitochondrion,Mitochondrion
ENSP00000290079,0.85078125,0.09257812400000001,0.097949218,0.038037108,0.05708008,0.92421875,0.49414062400000003,0.290039064,0.30444336,0.21650390599999997,0.15532226600000001,"Membrane, Mitochondrion",Mitochondrion
ENSP00000480532,0.176171874,0.5421875,0.540234376,0.372070312,0.11533203,0.444531248,0.02127075,0.185839844,0.19287109200000002,0.271875,0.09028320199999999,"Cytoplasm, Nucleus",Nucleus
ENSP00000467027,0.078759766,0.40820312400000003,0.83671875,0.029577637999999996,0.085205078,0.030114745999999998,0.005677794,0.139160156,0.030737304,0.10854492200000002,0.006430052,Nucleus,Nucleus
ENSP00000462899,0.33984375,0.20410156200000001,0.19765625,0.05161132799999999,0.129394532,0.9640625,0.015673826000000002,0.06977539199999999,0.07133788999999999,0.08803711,0.13515624799999998,Mitochondrion,Cytoplasm
ENSP00000454124,0.20078124800000002,0.5828125,0.537109374,0.299609376,0.167871094,0.30761719,0.03425293,0.29101562400000003,0.34453125,0.295312502,0.167285158,"Cytoplasm, Nucleus",Nucleus
ENSP00000435017,0.6953125,0.12158203199999999,0.2203125,0.044818116000000005,0.034472656,0.91328125,0.15498046999999998,0.34960937400000003,0.20347900599999996,0.081103514,0.056457520000000004,"Membrane, Mitochondrion",Mitochondrion
ENSP00000433148,0.77890625,0.10107421800000001,0.151660158,0.124707032,0.65546875,0.158984374,0.015588377999999996,0.383593748,0.510937502,0.23535156000000002,0.00551758,"Membrane, Cell membrane",Cell membrane
ENSP00000421209,0.191210936,0.52890625,0.54453125,0.240820312,0.128808594,0.44765625,0.035205078,0.246679686,0.203515626,0.30234375,0.068212892,"Cytoplasm, Nucleus",Cytoplasm
ENSP00000404242,0.44726562599999997,0.36914062400000003,0.344531248,0.58515625,0.3296875,0.21953124799999996,0.081640626,0.49023437599999997,0.212304688,0.247460938,0.021191404,None,Cytoplasm
ENSP00000386519,0.12026367200000002,0.375585938,0.9140625,0.260571288,0.165332032,0.14624023400000002,0.001390074,0.10781250199999999,0.015875242,0.051879882,0.0006931299999999999,Nucleus,"Cytoplasm, Nucleus"
ENSP00000362011,0.11396484200000001,0.5421875,0.67734375,0.33750000399999996,0.10205077999999998,0.323828126,0.009310912,0.14238281000000003,0.13076172,0.08950195400000001,0.14267578200000003,"Cytoplasm, Nucleus",Nucleus
ENSP00000453826,0.26328125199999997,0.43281249599999994,0.531640624,0.15195312200000002,0.18203125199999998,0.44296875,0.029284666000000004,0.301171876,0.259960938,0.288281252,0.219335936,Nucleus,Nucleus
ENSP00000437094,0.304296878,0.76484375,0.370703124,0.029406736,0.17460937599999998,0.253515624,0.004042054,0.13017578000000002,0.428125,0.4671875,0.015777589999999998,Cytoplasm,"Cytoplasm, Nucleus, Cell membrane"
ENSP00000422708,0.11303711000000001,0.7359375,0.39609375,0.014471434,0.091601562,0.39003906400000005,0.002559662,0.276953124,0.09443359200000001,0.068017578,0.10043945400000001,Cytoplasm,Cytoplasm
ENSP00000388120,0.098828126,0.39218750199999997,0.915625,0.011550902,0.06303711,0.064257812,0.005268859999999999,0.10473632799999999,0.0828125,0.04892578199999999,0.001003646,Nucleus,Nucleus
ENSP00000379634,0.080517578,0.36992187200000004,0.85859375,0.025000002,0.084716796,0.111376956,0.009033204000000001,0.043945312,0.029162596000000002,0.024914552,0.0033622739999999997,Nucleus,Nucleus
ENSP00000504953,0.250585936,0.428515626,0.6046875,0.30253906399999997,0.119140624,0.16142578000000002,0.06018066400000001,0.224414062,0.266406254,0.347265626,0.013287354000000001,Nucleus,Nucleus
ENSP00000489835,0.11210937400000001,0.61640625,0.6484375,0.048413086,0.07915039,0.21992187400000002,0.025128173999999996,0.222851562,0.15756836,0.249414062,0.062170409999999995,"Cytoplasm, Nucleus","Cytoplasm, Nucleus"
ENSP00000483888,0.48242187599999997,0.26328124599999997,0.24707031200000001,0.10449218600000001,0.06914062400000001,0.81875,0.10976562599999999,0.3734375,0.25195312599999997,0.30253906399999997,0.053759766,"Membrane, Mitochondrion",Mitochondrion
ENSP00000456106,0.10224609200000001,0.469140626,0.82421875,0.030761718000000004,0.09111328199999999,0.166699218,0.007365416,0.121386718,0.096582032,0.10283203399999999,0.015911864,Nucleus,Nucleus
ENSP00000432533,0.11865234200000001,0.508203124,0.690625,0.147070312,0.098242188,0.261523438,0.028814698,0.220312502,0.083691408,0.13330078,0.016897584,"Cytoplasm, Nucleus",Nucleus
ENSP00000423727,0.18203125,0.159570314,0.10302734399999999,0.87734375,0.12255859399999999,0.108789062,0.035180666000000006,0.272460938,0.25996093600000003,0.22109375,0.013482664,Extracellular,"Endoplasmic reticulum, Golgi apparatus"
ENSP00000393552,0.059326171999999996,0.30234375199999997,0.9171875,0.034301757999999995,0.10751953,0.067480466,0.007546996,0.10507812400000001,0.12363281,0.049121092,0.007479858000000001,Nucleus,Nucleus
ENSP00000389559,0.154492188,0.526562502,0.76015625,0.022198488,0.173925782,0.041748046,0.013854982000000002,0.220117188,0.08720703199999999,0.10800781200000001,0.01607666,"Cytoplasm, Nucleus",Nucleus
ENSP00000464232,0.158984374,0.57421875,0.6921875,0.04819336,0.058007814000000005,0.12460937400000001,0.019653320000000002,0.16123046800000002,0.07087402400000001,0.18593749799999998,0.012333676,"Cytoplasm, Nucleus",Nucleus
ENSP00000450740,0.168554686,0.333203126,0.62734375,0.29101562599999997,0.09277343600000001,0.12177734200000001,0.21171875,0.30703125,0.083007812,0.088085938,0.11811523399999999,Nucleus,"Cytoplasm, Nucleus"
ENSP00000323414,0.260546876,0.55234375,0.485546876,0.23535156399999999,0.22753906200000001,0.418749998,0.073706054,0.321484376,0.426953124,0.457421874,0.14169922,Cytoplasm,Cell membrane
ENSP00000503038,0.352734374,0.448828126,0.35703125,0.43125,0.136132816,0.5859375,0.067089844,0.296289062,0.212890626,0.296679688,0.171240236,None,Cytoplasm
ENSP00000486916,0.268554688,0.51640625,0.448828126,0.121191406,0.272070312,0.41796875,0.009570314,0.252343752,0.47070312599999997,0.20703125,0.20600586,Cytoplasm,Nucleus
ENSP00000462962,0.17138672,0.414062502,0.38125,0.648046874,0.039721679999999995,0.510546874,0.078771972,0.347460936,0.102709962,0.20048828200000002,0.16918945600000002,Extracellular,Cytoplasm
ENSP00000456998,0.1828125,0.551953124,0.543359374,0.24433593999999997,0.21269531600000002,0.537109376,0.008120728,0.303320314,0.15322265399999999,0.29296875,0.223242186,"Cytoplasm, Nucleus",Nucleus
ENSP00000422701,0.17714843600000002,0.54765625,0.55078125,0.157910156,0.111035154,0.20517578200000003,0.020922852,0.195507814,0.111279296,0.220507812,0.015086365999999999,"Cytoplasm, Nucleus","Cytoplasm, Nucleus"
ENSP00000416133,0.122265624,0.64921875,0.66953125,0.09423828000000001,0.077001954,0.12373046800000001,0.025292970000000005,0.167089842,0.173437502,0.20078125,0.021105958,"Cytoplasm, Nucleus",Nucleus
ENSP00000410223,0.90859375,0.087988282,0.131347656,0.08642578000000001,0.76015625,0.19609375199999998,0.057910156000000004,0.746875,0.65078125,0.31464844,0.005807496,"Membrane, Cell membrane, Endoplasmic reticulum, Lysosome/Vacuole",Nucleus
ENSP00000461696,0.15566406400000002,0.54140625,0.5765625,0.18496093600000002,0.218945312,0.123339842,0.029443360000000002,0.110986328,0.242382812,0.340625,0.078979492,"Cytoplasm, Nucleus",Nucleus
ENSP00000429766,0.3234375,0.5890625,0.440234374,0.128417972,0.349414062,0.278710938,0.01953125,0.070410156,0.397265624,0.34960937599999997,0.005068972,Cytoplasm,Cytoplasm
ENSP00000339093,0.62734375,0.421484376,0.310742188,0.31113281000000004,0.323242186,0.390234374,0.029455566,0.505078124,0.273437498,0.355859376,0.190722656,Membrane,Golgi apparatus
ENSP00000471563,0.491015626,0.66953125,0.414843748,0.10942383,0.452734374,0.361914062,0.0017421719999999997,0.09809570199999999,0.363671874,0.259179688,0.005572512,"Membrane, Cytoplasm","Cytoplasm, Nucleus"
ENSP00000470109,0.120507812,0.523828124,0.5828125,0.67734375,0.09785156400000002,0.233789064,0.04239502,0.15761718600000002,0.074987792,0.060522459999999986,0.14965820400000002,"Cytoplasm, Nucleus, Extracellular",Mitochondrion
ENSP00000464792,0.127636718,0.387499998,0.60234375,0.170410156,0.090527344,0.725,0.262109376,0.10546875200000001,0.171484376,0.103125002,0.04921874799999999,"Nucleus, Mitochondrion",Nucleus
ENSP00000453633,0.293359374,0.451562502,0.57890625,0.09018554599999999,0.179296876,0.18632812599999998,0.033523562,0.126757812,0.186914062,0.170996094,0.000792692,Nucleus,"Cytoplasm, Cell membrane"
ENSP00000451510,0.21015625,0.497265624,0.48671875,0.36132812400000003,0.14042969,0.31406250199999997,0.09226074199999999,0.177539062,0.2234375,0.329296872,0.06335449200000001,Cytoplasm,Cytoplasm
ENSP00000434474,0.2421875,0.5921875,0.38906249800000003,0.335156248,0.264257812,0.51484375,0.035705566,0.270507814,0.294921872,0.421093752,0.114257812,Cytoplasm,Nucleus
ENSP00000423901,0.09628906200000001,0.398437502,0.6546875,0.045617675999999996,0.0404541,0.269335936,0.009191893999999999,0.18916015400000002,0.091760252,0.08125000200000002,0.022959898,Nucleus,Nucleus
ENSP00000404012,0.228125,0.469140624,0.525,0.361718752,0.205664062,0.576953126,0.021929934,0.23417969,0.358007812,0.386328124,0.149609374,None,"Cytoplasm, Nucleus"
ENSP00000401872,0.13779297000000001,0.6234375,0.67421875,0.369726564,0.17734375000000002,0.254101564,0.004548642,0.12138671999999999,0.11752929399999998,0.18603515799999998,0.136968994,"Cytoplasm, Nucleus",Cytoplasm
ENSP00000498848,0.247851564,0.431249998,0.394921876,0.588671874,0.09658203000000001,0.386718748,0.1046875,0.290820312,0.096777346,0.246289062,0.18173828200000003,None,Nucleus
ENSP00000498788,0.114941406,0.646875,0.61796875,0.021679688,0.06328125,0.14550781200000001,0.01403198,0.08110351600000001,0.166210938,0.187060548,0.09244385,"Cytoplasm, Nucleus","Cytoplasm, Nucleus"
ENSP00000489370,0.30546875,0.52265625,0.457031252,0.36640625,0.16865234199999998,0.477343752,0.08864746200000002,0.325,0.309765624,0.381640626,0.169628904,Cytoplasm,Cytoplasm
ENSP00000431095,0.13408203200000002,0.504296874,0.524609376,0.36171874800000003,0.07207031400000001,0.242773438,0.11220703000000001,0.189453126,0.130273438,0.145605468,0.114453124,Cytoplasm,Nucleus
ENSP00000402322,0.402343748,0.53828125,0.444921874,0.09653320400000001,0.215234374,0.16708984200000002,0.02284851,0.170117186,0.24296875,0.324414062,0.027905272000000002,Cytoplasm,"Cytoplasm, Cell membrane"
ENSP00000392615,0.15654297,0.516796874,0.78203125,0.10703124800000001,0.147265626,0.09560547,0.004995728,0.134277346,0.058447266,0.052880857999999996,0.003413774,"Cytoplasm, Nucleus",Nucleus
ENSP00000370125,0.14160156200000001,0.32968750199999997,0.85546875,0.3140625,0.280078126,0.19516601400000003,0.022021484,0.03338623,0.009527588,0.04067383,0.003927612,Nucleus,Nucleus
ENSP00000448545,0.445703126,0.22675780999999998,0.18417969,0.021289061999999997,0.11181640400000001,0.88203125,0.034533692,0.23906250199999998,0.06528320200000001,0.061035153999999994,0.03557129,Mitochondrion,Mitochondrion
ENSP00000429976,0.09916992000000001,0.62109375,0.5015625,0.63828125,0.083447264,0.394921874,0.037536622000000006,0.157714844,0.11206054800000001,0.092456052,0.37043457,Cytoplasm,Mitochondrion
ENSP00000429873,0.135546874,0.42382812599999997,0.31054687599999997,0.534765624,0.09501952999999999,0.299023438,0.048388674000000007,0.14941406200000001,0.343164062,0.17675781200000001,0.028198242000000002,None,Mitochondrion
ENSP00000424181,0.10683593799999999,0.5484375,0.775,0.021411134000000002,0.114697266,0.193359374,0.20019531399999999,0.170214842,0.10136718599999998,0.09135742200000001,0.173632812,"Cytoplasm, Nucleus",Nucleus
ENSP00000423066,0.189648436,0.551171874,0.56171875,0.14658203,0.17470703,0.259375,0.011227415999999999,0.09980469,0.14619140600000002,0.033618164,0.019580077999999997,"Cytoplasm, Nucleus",Cytoplasm
ENSP00000421897,0.354882814,0.7453125,0.3546875,0.158081056,0.12802734200000002,0.19384765799999998,0.0021780019999999996,0.19584960599999998,0.473437502,0.6390625,0.006256102000000001,Cytoplasm,"Cytoplasm, Cell membrane"
ENSP00000395719,0.287304688,0.53671875,0.39453125,0.12763672,0.148730466,0.272851564,0.001511764,0.139941408,0.510156248,0.358984374,0.0031555180000000004,Cytoplasm,Nucleus
ENSP00000502954,0.385937498,0.150585938,0.102636718,0.029992676000000003,0.14794922,0.96015625,0.074707028,0.069677736,0.055468748,0.071728514,0.038671876,Mitochondrion,Mitochondrion
ENSP00000489587,0.190625,0.209570312,0.241796876,0.8046875,0.171679688,0.320703126,0.198364256,0.18496093600000002,0.060327149999999996,0.15986328,0.011050418,Extracellular,Nucleus
ENSP00000457536,0.403515626,0.7421875,0.304882814,0.24873046799999998,0.361132812,0.21699218999999997,0.009985354,0.15751953,0.245703124,0.19658203200000002,0.078393556,Cytoplasm,"Cytoplasm, Cell membrane"
ENSP00000431233,0.253515624,0.390234374,0.236914062,0.74609375,0.092089842,0.583984376,0.131689454,0.50078125,0.17788086,0.363671874,0.067260744,Extracellular,Endoplasmic reticulum
ENSP00000426165,0.12861328,0.61796875,0.6140625,0.261718748,0.152246094,0.304296876,0.01878662,0.169335938,0.16796875,0.3484375,0.06687011999999999,"Cytoplasm, Nucleus",Cytoplasm
ENSP00000421839,0.265820312,0.51171875,0.387109378,0.39609375199999997,0.181445312,0.33671875,0.021118164000000002,0.36875000199999997,0.338671876,0.402343748,0.17285156000000002,Cytoplasm,"Cytoplasm, Nucleus"
ENSP00000409990,0.169824218,0.71015625,0.350195312,0.182958984,0.162207032,0.345898438,0.14555664,0.2234375,0.072460936,0.074951172,0.225390624,Cytoplasm,"Cytoplasm, Nucleus"
ENSP00000392767,0.34453125,0.6625,0.3265625,0.27587890600000003,0.374609374,0.12353515600000001,0.021948242,0.1671875,0.276757812,0.185449218,0.036218259999999995,Cytoplasm,Cytoplasm
ENSP00000372656,0.20195312599999998,0.52890625,0.39687499800000003,0.460156248,0.066943358,0.440234374,0.25195312400000003,0.406640624,0.225390624,0.4484375,0.20976562800000004,Cytoplasm,Cell membrane
ENSP00000350398,0.1859375,0.6234375,0.525,0.344531252,0.138769532,0.26328125,0.072216798,0.184179688,0.228906248,0.286132812,0.10922851599999998,Cytoplasm,Mitochondrion
ENSP00000506567,0.238671874,0.56875,0.29531249800000003,0.419140624,0.20800781399999999,0.328515624,0.24619140599999997,0.192968752,0.114453124,0.301757812,0.0463501,Cytoplasm,"Cytoplasm, Nucleus"
ENSP00000505535,0.44374999800000003,0.69296875,0.422656252,0.082861326,0.264453126,0.303710936,0.0019439700000000002,0.24863281399999998,0.362695312,0.41035156199999995,0.0034557359999999996,Cytoplasm,Cytoplasm
ENSP00000482941,0.34453125,0.62890625,0.263476562,0.14609375,0.277734374,0.477734374,0.11520996000000001,0.22753906399999999,0.1328125,0.26582031,0.026123046,Cytoplasm,Mitochondrion
ENSP00000242152,0.212304688,0.10576171999999999,0.072558594,0.88984375,0.164355468,0.040014648,0.005780032,0.290234374,0.164257812,0.338867186,0.005767822000000001,Extracellular,Golgi apparatus
ENSP00000476323,0.53515625,0.15117187599999998,0.156249998,0.026635742,0.138085938,0.96953125,0.011645506000000002,0.110253906,0.067529296,0.115234376,0.063476564,"Membrane, Mitochondrion",Mitochondrion
ENSP00000475468,0.23359375,0.446875,0.432812498,0.174218752,0.13125,0.44609375,0.099560546,0.256835938,0.190039062,0.29316405999999995,0.081347656,None,Nucleus
ENSP00000463707,0.230468748,0.609375,0.495703124,0.399609374,0.161035156,0.42890625,0.238085936,0.268554686,0.239648438,0.30703125,0.033850094,Cytoplasm,Cell membrane
ENSP00000453788,0.222070314,0.510546874,0.46484375,0.501171874,0.11015625200000001,0.483203124,0.132910156,0.302148436,0.21367187599999998,0.390625,0.03798828,Cytoplasm,"Cytoplasm, Nucleus"
ENSP00000438281,0.18593750199999998,0.67109375,0.301171872,0.19970702999999998,0.18242187599999998,0.22519531399999998,0.004116824,0.10009765400000001,0.20849609200000002,0.4015625,0.0036514320000000005,Cytoplasm,Cytoplasm
ENSP00000436308,0.06381835799999999,0.266796876,0.90859375,0.039599608,0.11669922000000002,0.091796874,0.008322142,0.106445312,0.12353515600000001,0.053808594,0.005651855999999999,Nucleus,Nucleus
ENSP00000434262,0.261328126,0.496875,0.36015625,0.14345703199999998,0.158691404,0.4984375,0.078662108,0.18339844,0.12363281200000001,0.175976562,0.0050811779999999996,Cytoplasm,Mitochondrion
ENSP00000432792,0.7359375,0.15419921799999997,0.13105469,0.046630858,0.146484376,0.91953125,0.24619140600000003,0.48828125,0.27568359200000003,0.18413086,0.059179685999999995,"Membrane, Mitochondrion",Mitochondrion
ENSP00000408717,0.20439453200000002,0.565625,0.512109374,0.196191408,0.08317871000000002,0.20605468799999999,0.007444762000000001,0.16914062400000002,0.154296876,0.183593752,0.09279784999999999,Cytoplasm,Nucleus
ENSP00000453224,0.13027343600000002,0.5734375,0.506640624,0.68046875,0.10761719,0.380468748,0.131982424,0.103125,0.08120117200000002,0.268945312,0.022180176000000003,"Cytoplasm, Extracellular",Endoplasmic reticulum
ENSP00000443808,0.231640626,0.461718748,0.411328124,0.274218748,0.129101562,0.60390625,0.139355468,0.258789064,0.20859374800000002,0.335546878,0.076171874,None,"Nucleus, Golgi apparatus"
ENSP00000431481,0.291601564,0.68359375,0.434374998,0.14624023400000002,0.33203125,0.084082032,0.009429932,0.14716796599999998,0.487890626,0.1515625,0.005584718,Cytoplasm,Nucleus
ENSP00000399672,0.10029297,0.5,0.7125,0.10083007799999999,0.08505859199999999,0.208789064,0.017016602,0.150878906,0.16015625,0.163183594,0.00915985,"Cytoplasm, Nucleus",Nucleus
ENSP00000399490,0.411328124,0.163183594,0.135449218,0.50625,0.405078124,0.13564453,0.020214845999999998,0.451562502,0.21923828000000004,0.377539062,0.018652343999999998,None,Cell membrane
ENSP00000389994,0.146386716,0.653125,0.47070312599999997,0.61015625,0.118359374,0.16591796600000003,0.121166994,0.118847656,0.112695312,0.28203125,0.03963623200000001,Cytoplasm,Cell membrane
ENSP00000502992,0.272265626,0.194140628,0.153710938,0.048754884000000005,0.080419924,0.9203125,0.272070312,0.0578125,0.028881836,0.050390625999999994,0.032470704,Mitochondrion,Mitochondrion
ENSP00000464939,0.069580076,0.38085937400000003,0.85234375,0.023870847999999997,0.05270996,0.034667970000000006,0.00280228,0.094970704,0.021752928,0.061083984,0.0030059799999999997,Nucleus,Nucleus
ENSP00000458914,0.21796875,0.54296875,0.575,0.32890625,0.170996094,0.501171874,0.03922119,0.156835938,0.321679686,0.260156252,0.124902344,"Cytoplasm, Nucleus",Mitochondrion
ENSP00000434280,0.358593748,0.3171875,0.517578126,0.17265625199999998,0.14165039,0.526953124,0.042822264,0.206445312,0.175195312,0.046386715999999995,0.047460935999999995,None,Mitochondrion
ENSP00000501350,0.223046874,0.61796875,0.49414062599999997,0.307421876,0.190820312,0.218750002,0.036315916000000004,0.14160156399999999,0.19746094,0.24765625,0.033551028,Cytoplasm,Nucleus
ENSP00000471320,0.16113281399999999,0.40898437199999993,0.3640625,0.68671875,0.104589844,0.39140625,0.13144531399999998,0.25976562599999997,0.142089844,0.270703124,0.08750000200000001,Extracellular,Cytoplasm
ENSP00000466948,0.295703124,0.467578124,0.518359376,0.19042968799999999,0.077734374,0.487109376,0.05980224600000002,0.21875,0.12763671599999998,0.196875002,0.037658692,None,Cytoplasm
ENSP00000462705,0.20390625199999998,0.67890625,0.466015626,0.060620116,0.275,0.212109376,0.002934266,0.191992188,0.219140624,0.227734376,0.10556641,Cytoplasm,"Cytoplasm, Nucleus"
ENSP00000437284,0.90078125,0.1,0.175390626,0.059814455999999995,0.54765625,0.197265624,0.05144043,0.62265625,0.596875,0.511328124,0.006701662,"Membrane, Cell membrane, Lysosome/Vacuole","Endoplasmic reticulum, Golgi apparatus"
ENSP00000437200,0.160546874,0.370703124,0.703125,0.44765625,0.11259765400000002,0.115429688,0.05656738200000001,0.156054688,0.1046875,0.270117188,0.002430724,Nucleus,Cytoplasm
ENSP00000421278,0.15722656200000001,0.55546875,0.66015625,0.05844726400000001,0.125195312,0.20800781200000001,0.06977539,0.180078126,0.377343752,0.24863281399999998,0.09614257799999999,"Cytoplasm, Nucleus",Nucleus
ENSP00000404471,0.26386718600000003,0.296484374,0.225195312,0.6375,0.278515626,0.26757812400000003,0.011663818,0.285156248,0.231835938,0.366015624,0.107128906,None,Cell membrane
ENSP00000246551,0.80390625,0.16796875,0.10908203000000001,0.492187502,0.79375,0.12363281000000001,0.004853821999999999,0.28359374800000003,0.5765625,0.224609374,0.043811036000000005,"Membrane, Cell membrane, Lysosome/Vacuole",Cell membrane
ENSP00000450530,0.206835938,0.453515626,0.54453125,0.3796875,0.16181640599999997,0.29453125,0.080297854,0.187792968,0.199609374,0.26874999600000005,0.051416015999999995,Nucleus,Cytoplasm
ENSP00000445750,0.172070312,0.55390625,0.41171875,0.437109376,0.159863282,0.27734375,0.158154298,0.258789062,0.09106445199999999,0.18964843999999997,0.151464844,Cytoplasm,Cytoplasm
ENSP00000441344,0.162499998,0.51015625,0.4742187459999999,0.211328126,0.081152344,0.394531252,0.11249999800000002,0.295117186,0.17480468999999998,0.21621093600000002,0.07155761599999999,Cytoplasm,Mitochondrion
ENSP00000436643,0.91796875,0.110351562,0.31054687599999997,0.048522949999999995,0.18359375,0.382031248,0.004981994000000001,0.6078125,0.44746093800000003,0.40546875,0.105932618,Membrane,Golgi apparatus
ENSP00000431952,0.17832031399999998,0.518359376,0.333007812,0.75234375,0.126855468,0.236621096,0.16484375,0.16669921800000004,0.06389160199999999,0.225976562,0.121655272,"Cytoplasm, Extracellular","Cytoplasm, Nucleus"
ENSP00000404200,0.7953125,0.180859376,0.069287108,0.019421386000000002,0.136230468,0.93828125,0.07075195199999999,0.199414062,0.27714843599999994,0.14345703199999998,0.567578126,"Membrane, Mitochondrion",Peroxisome
ENSP00000392945,0.25625,0.135449218,0.160351564,0.105761718,0.082617188,0.91484375,0.04941406,0.09501953,0.10019531200000001,0.140722656,0.03046875,Mitochondrion,Mitochondrion
ENSP00000477770,0.17343750200000002,0.60234375,0.5859375,0.52109375,0.14111328,0.521875,0.05477295,0.18632812199999998,0.219140626,0.298046876,0.06311035200000001,"Cytoplasm, Nucleus",Nucleus
ENSP00000457999,0.13076171799999997,0.59453125,0.542578124,0.20166015599999998,0.12978515799999998,0.31796875,0.11660156399999999,0.119482424,0.076367188,0.28027344000000004,0.009686278,"Cytoplasm, Nucleus",Nucleus
ENSP00000454415,0.22734375,0.13183593799999999,0.151757814,0.033520508000000004,0.06767578199999999,0.93359375,0.10209960600000001,0.043969726,0.033447267999999995,0.052539062000000004,0.081054688,Mitochondrion,Mitochondrion
ENSP00000446893,0.184960936,0.6171875,0.533203124,0.270898438,0.15625,0.430859372,0.030725098,0.12705078,0.176464844,0.15458984199999998,0.09719238399999999,"Cytoplasm, Nucleus","Cytoplasm, Cell membrane"
ENSP00000444859,0.191015624,0.54765625,0.58671875,0.502343752,0.14199218600000002,0.33828125,0.04280395599999999,0.121191406,0.117773438,0.17373047000000003,0.09099120999999999,"Cytoplasm, Nucleus",Cell membrane
ENSP00000437258,0.3953125,0.51328125,0.448046874,0.11015624799999998,0.296289062,0.23320312599999998,0.03955078199999999,0.309765624,0.253710936,0.32187500199999997,0.131298828,Cytoplasm,"Endoplasmic reticulum, Golgi apparatus"
ENSP00000428555,0.205859374,0.6703125,0.598046876,0.39921875,0.067529298,0.199169922,0.04766845399999999,0.05412598,0.08964843599999998,0.159716796,0.0028152459999999995,"Cytoplasm, Nucleus",Cell membrane
ENSP00000423846,0.29160156,0.734375,0.303320312,0.1027832,0.243359376,0.191015626,0.030224607999999997,0.150488282,0.22500000199999998,0.51953125,0.040893554,Cytoplasm,"Cytoplasm, Cell membrane, Endoplasmic reticulum"
ENSP00000406830,0.252929686,0.4875,0.578125,0.40468749800000003,0.188085936,0.39257812400000003,0.040258788000000004,0.14375,0.118945312,0.226367188,0.05810546800000001,"Cytoplasm, Nucleus",Nucleus
ENSP00000317413,0.165234376,0.58828125,0.531640624,0.31269530999999995,0.07211914,0.266015626,0.039489748000000005,0.14169922,0.186816404,0.2234375,0.395507814,"Cytoplasm, Nucleus",Nucleus
ENSP00000496807,0.34570312599999997,0.49414062400000003,0.382031252,0.20800781599999998,0.347265626,0.291992186,0.007012938000000001,0.174218752,0.303515624,0.35019531000000004,0.045117187999999996,Cytoplasm,Cell membrane
ENSP00000473656,0.33789062400000003,0.383984376,0.197753906,0.740625,0.27060546999999996,0.256445314,0.01020355,0.224414062,0.090820312,0.077685548,0.009465028,Extracellular,Nucleus
ENSP00000415158,0.84375,0.094335938,0.1078125,0.08642578000000001,0.471875,0.072558594,0.004975892,0.342578126,0.555078124,0.249609376,0.055395508,Membrane,Cell membrane
ENSP00000395964,0.18613281399999998,0.58046875,0.7015625,0.501171876,0.235742188,0.20966796800000004,0.007775880000000001,0.20175781,0.12922363199999998,0.14589844000000002,0.57123413,"Cytoplasm, Nucleus",Mitochondrion
ENSP00000363886,0.308007814,0.533203124,0.58828125,0.400488284,0.09033203000000001,0.163867186,0.002696232,0.247460938,0.46035156199999994,0.49375,0.05763549799999999,"Cytoplasm, Nucleus",Nucleus
ENSP00000357917,0.105175782,0.6578125,0.480468752,0.04694824400000001,0.080224612,0.181542968,0.042956542,0.12021484200000002,0.138769528,0.11835937599999999,0.321289062,Cytoplasm,"Cytoplasm, Nucleus"
ENSP00000493433,0.226171874,0.534765624,0.324609372,0.27041015599999996,0.266992186,0.438281248,0.056249998,0.064062498,0.191113282,0.19619140599999998,0.007406616,Cytoplasm,"Cytoplasm, Cell membrane"
ENSP00000484031,0.20410156399999999,0.53125,0.40429687400000003,0.432421874,0.180273438,0.289257812,0.043560787999999996,0.207421874,0.2984375,0.20058594000000002,0.303027344,Cytoplasm,Nucleus
ENSP00000466596,0.195312502,0.50703125,0.424218752,0.137597658,0.11225586000000001,0.44375,0.055273437999999994,0.165527344,0.155957032,0.25761718599999994,0.02811279,Cytoplasm,Nucleus
ENSP00000464319,0.122949218,0.387890624,0.6515625,0.45078125,0.039648436,0.438671876,0.07177734200000001,0.235742188,0.12529297,0.16689453199999998,0.04101562599999999,Nucleus,"Cytoplasm, Nucleus"
ENSP00000454914,0.170214842,0.41640625,0.2546875,0.6578125,0.08769531,0.54296875,0.10822754000000001,0.505664064,0.181567382,0.357226562,0.11135253999999999,Extracellular,Cytoplasm
ENSP00000453285,0.089648434,0.377734374,0.45078125,0.22255859400000003,0.031860354,0.536328126,0.251367188,0.112597656,0.04182129,0.06166992,0.017517088000000004,None,"Cytoplasm, Endoplasmic reticulum"
ENSP00000432841,0.44921875,0.36171875,0.394140626,0.31328125,0.21484375,0.5359375,0.075634766,0.61328125,0.33398437599999997,0.370703126,0.355664062,None,Golgi apparatus
ENSP00000422500,0.043164062,0.332031252,0.94765625,0.08320312199999999,0.042883302000000005,0.127734376,0.004338074,0.061083984,0.018054200000000003,0.01887207,0.013043214000000001,Nucleus,Nucleus
ENSP00000416332,0.249609376,0.505859374,0.473828124,0.177734378,0.08725585999999999,0.467968752,0.069384768,0.413281252,0.202929688,0.28749999800000003,0.058935548000000004,Cytoplasm,Cell membrane
ENSP00000387490,0.07402343599999998,0.448046876,0.64609375,0.24462890599999998,0.065722656,0.047753904,0.001254272,0.052832031999999994,0.050537108,0.24375,0.006291200000000001,Nucleus,Nucleus
ENSP00000495146,0.215039062,0.4953125,0.337109376,0.167871094,0.19062499800000002,0.266210938,0.15410156,0.17402343999999997,0.09023437599999999,0.202539064,0.016186522,Cytoplasm,Cytoplasm
ENSP00000473892,0.2140625,0.499609376,0.53359375,0.271875,0.144628906,0.416796876,0.14785156000000002,0.23164062400000002,0.32890625,0.394921874,0.075,"Cytoplasm, Nucleus",Mitochondrion
ENSP00000471874,0.192968752,0.5453125,0.6234375,0.225781252,0.14570312400000002,0.276757814,0.014434813999999999,0.187304686,0.15742187400000002,0.18876953,0.09654541,"Cytoplasm, Nucleus","Cytoplasm, Endoplasmic reticulum"
ENSP00000447669,0.23320312599999998,0.5671875,0.475390624,0.39257812400000003,0.11274413999999999,0.327734374,0.08193359200000001,0.3375,0.211132812,0.324609376,0.075195312,Cytoplasm,Cytoplasm
ENSP00000436328,0.22011718600000002,0.244921874,0.159570314,0.79921875,0.16142577800000002,0.21484375,0.020947264,0.40703125,0.26796875,0.37773437200000004,0.050439451999999996,Extracellular,"Cytoplasm, Cell membrane"
ENSP00000436205,0.8828125,0.149902342,0.192187498,0.07709960999999999,0.14921875,0.326953124,0.005130004,0.472265624,0.521874998,0.601171876,0.205688476,Membrane,Golgi apparatus
ENSP00000432739,0.70703125,0.23554687400000002,0.1765625,0.111035156,0.152734374,0.72734375,0.10351562799999998,0.62109375,0.202539064,0.2546875,0.045947264,"Membrane, Mitochondrion",Mitochondrion
ENSP00000423761,0.18046875,0.6953125,0.53046875,0.09975586,0.241796874,0.218359376,0.05024414000000001,0.15126952999999999,0.154248048,0.3078125,0.0075805659999999995,"Cytoplasm, Nucleus",Nucleus
ENSP00000384450,0.131738284,0.508984374,0.69921875,0.336914064,0.21220703200000002,0.48984375,0.001996614,0.167675782,0.193164062,0.087695312,0.6282226559999999,"Cytoplasm, Nucleus",Cytoplasm
ENSP00000496153,0.205859374,0.51640625,0.49804687599999997,0.56953125,0.10947265799999999,0.397656248,0.11762695199999999,0.212109376,0.12705078,0.19296874800000002,0.01696167,Cytoplasm,Nucleus
ENSP00000475329,0.155664062,0.596875,0.5640625,0.370117186,0.170214844,0.203515626,0.11667480599999999,0.144140628,0.100878906,0.191015626,0.020812987999999998,"Cytoplasm, Nucleus",Nucleus
ENSP00000458264,0.15859375199999998,0.54609375,0.6125,0.052648926,0.1390625,0.22734375,0.01260986,0.09848632800000001,0.057763672,0.094042968,0.004373168,"Cytoplasm, Nucleus",Nucleus
ENSP00000417786,0.23515625199999998,0.453125,0.53515625,0.31835937400000003,0.10156249799999999,0.32656249800000003,0.158496092,0.38437500199999997,0.334375,0.27480468999999996,0.40039062599999997,Nucleus,Nucleus
ENSP00000400596,0.134375,0.344140626,0.36523437599999997,0.21054687199999997,0.050195314000000005,0.66328125,0.22949218799999999,0.112890626,0.05231933600000001,0.090576172,0.10224609399999998,Mitochondrion,"Cytoplasm, Endoplasmic reticulum"
ENSP00000388413,0.261132812,0.275976564,0.168261718,0.068066408,0.07260742,0.89375,0.23925781200000001,0.08930663800000001,0.02380371,0.068652344,0.073608396,Mitochondrion,Mitochondrion
ENSP00000368383,0.19003906,0.60546875,0.504687502,0.204687502,0.23144531200000001,0.285546874,0.019152832,0.17792969,0.19931640600000003,0.127539062,0.12583007799999998,Cytoplasm,Cytoplasm
ENSP00000279259,0.210937502,0.59453125,0.6703125,0.20625,0.187792968,0.14941406200000001,0.010650635999999998,0.424609376,0.318945312,0.209863282,0.0035415659999999995,"Cytoplasm, Nucleus","Cytoplasm, Nucleus, Endoplasmic reticulum"
ENSP00000481472,0.395703124,0.540625,0.268554686,0.591015624,0.18066406200000001,0.423046876,0.10115966800000001,0.316210938,0.170410154,0.242578126,0.073803712,Cytoplasm,Mitochondrion
ENSP00000477292,0.541796876,0.15664062399999998,0.15019531400000002,0.032446288000000004,0.129003906,0.965625,0.015161131999999999,0.12343749799999999,0.07822265799999999,0.125585936,0.074658204,"Membrane, Mitochondrion",Mitochondrion
ENSP00000468125,0.249414062,0.21796875,0.256250002,0.1140625,0.10678711,0.9578125,0.020153808000000002,0.095703126,0.07275390600000001,0.17050781399999998,0.416406252,Mitochondrion,Mitochondrion
ENSP00000426046,0.306054688,0.49453125,0.483203124,0.09794921999999999,0.219238284,0.226757814,0.025387574000000003,0.27060546799999996,0.5984375,0.39453125,0.046888732,"Cytoplasm, Lysosome/Vacuole","Cytoplasm, Nucleus"
ENSP00000424002,0.30078125,0.625,0.44648437799999996,0.283007812,0.22734375,0.17070312599999998,0.057739256,0.244140624,0.19248046800000002,0.516015626,0.015582274000000002,Cytoplasm,Nucleus
ENSP00000409541,0.25214843600000003,0.5640625,0.557031252,0.4265625,0.161035156,0.319921878,0.14287109599999998,0.187890626,0.296874998,0.343945314,0.00736847,"Cytoplasm, Nucleus",Golgi apparatus
ENSP00000407410,0.16640625,0.4546875,0.551171874,0.367578128,0.11289062400000001,0.20595702999999999,0.234326172,0.273437498,0.0628418,0.19619140599999998,0.160888672,Nucleus,"Cytoplasm, Nucleus"
ENSP00000398804,0.6890625,0.48828125,0.440234378,0.116113282,0.433593748,0.46171875,0.089575196,0.45800781199999996,0.61484375,0.523046876,0.010644532,"Membrane, Cytoplasm, Lysosome/Vacuole",Nucleus
ENSP00000504615,0.1734375,0.71484375,0.358398436,0.24316406200000001,0.139941408,0.293945312,0.010656737999999999,0.119042966,0.19492187600000002,0.13559570199999998,0.002064512,Cytoplasm,Cytoplasm
ENSP00000481423,0.17949219,0.66640625,0.503515626,0.22167968799999999,0.23222656000000003,0.240039062,0.032849119999999996,0.09765625199999999,0.145117186,0.20068359400000002,0.071875,Cytoplasm,Mitochondrion
ENSP00000443311,0.491406252,0.63515625,0.378124998,0.03161621,0.6203125,0.1890625,0.037573244,0.175,0.294531254,0.3359375,0.08100585999999999,"Membrane, Cytoplasm, Cell membrane",Cell membrane
ENSP00000422333,0.328515626,0.318750002,0.24472656,0.73203125,0.152343752,0.27128906399999997,0.119140626,0.369921876,0.205078124,0.2921875,0.117626954,Extracellular,Cell membrane
ENSP00000422150,0.399609376,0.407421874,0.31757812799999996,0.38476562400000003,0.169726564,0.337109374,0.21989746000000002,0.412890626,0.37578125,0.475390624,0.15346679600000002,None,Cell membrane
ENSP00000502397,0.224609376,0.65078125,0.432812498,0.04736328199999999,0.23125,0.343359374,0.06101074399999999,0.276562498,0.14765625,0.19316406000000003,0.128222656,Cytoplasm,Nucleus
ENSP00000454489,0.171875002,0.6640625,0.440625,0.10146484599999998,0.1984375,0.14609375,0.010804748,0.049975583999999997,0.061401366,0.07080078199999999,0.0016723640000000002,Cytoplasm,Cytoplasm
ENSP00000435912,0.22011718600000002,0.60234375,0.397656248,0.268164062,0.10878906399999999,0.32207031399999997,0.084277344,0.109472656,0.12353515600000001,0.24609375,0.013909910000000001,Cytoplasm,Cytoplasm
ENSP00000429426,0.123242186,0.432421874,0.74140625,0.085791016,0.10029296800000001,0.071044922,0.019500734,0.126220702,0.038720701999999996,0.044531252,0.0069290179999999995,Nucleus,Nucleus
ENSP00000429313,0.10820312400000001,0.72109375,0.477734376,0.047143554,0.10732422,0.152734374,0.002847292,0.105664062,0.098193358,0.07875976600000001,0.007836914,Cytoplasm,Cytoplasm
ENSP00000421951,0.4171875,0.64765625,0.44335937599999997,0.27890625199999997,0.286914066,0.20576172,0.0020259859999999996,0.03984375,0.257226562,0.1265625,0.0376709,Cytoplasm,Cytoplasm
ENSP00000506128,0.162304688,0.5390625,0.54140625,0.304492186,0.206250002,0.14755859200000002,0.041528317999999995,0.056054688,0.10849609200000002,0.16123046800000002,0.005068208,"Cytoplasm, Nucleus","Cytoplasm, Nucleus"
ENSP00000492309,0.254296876,0.19042968799999999,0.22167969000000004,0.030053712,0.11640624800000002,0.95859375,0.014099120000000001,0.038818358,0.024096681999999998,0.029101561999999997,0.030786132,Mitochondrion,Mitochondrion
ENSP00000467331,0.64609375,0.228710936,0.125195314,0.19404297,0.60234375,0.350976564,0.004716491999999999,0.22714843999999998,0.33515625,0.152148436,0.039282226,"Membrane, Cell membrane",Endoplasmic reticulum
ENSP00000450910,0.18925781400000002,0.51953125,0.529296876,0.355078124,0.13789062400000002,0.309765624,0.13798828000000002,0.213476562,0.162402344,0.165234376,0.14716796999999998,"Cytoplasm, Nucleus",Nucleus
ENSP00000401314,0.390039062,0.64375,0.485546874,0.18876953000000002,0.264941408,0.075390626,0.003700256,0.241503906,0.55625,0.47441406399999997,0.001328276,Cytoplasm,Cell membrane
ENSP00000508170,0.315625,0.621875,0.59296875,0.075878906,0.160546874,0.1734375,0.0027877780000000003,0.181640624,0.455859376,0.25419922,0.010534668,"Cytoplasm, Nucleus","Cytoplasm, Nucleus, Cell membrane"
ENSP00000480290,0.1546875,0.507421876,0.59765625,0.16826172,0.113476562,0.28828125,0.09765625,0.088183592,0.205859374,0.18203124799999998,0.025134278,"Cytoplasm, Nucleus",Golgi apparatus
ENSP00000469123,0.222070312,0.555078126,0.39921875,0.186914064,0.238476562,0.558203126,0.007710267999999999,0.316015624,0.365625,0.485546874,0.255566408,Cytoplasm,Cytoplasm
ENSP00000465425,0.143164062,0.68203125,0.5609375,0.04335937399999999,0.142578126,0.15722656200000001,0.073168946,0.23144531399999999,0.064160156,0.20976562599999998,0.01204834,"Cytoplasm, Nucleus",Nucleus
ENSP00000464423,0.301757812,0.502734376,0.457031252,0.319921874,0.203515624,0.324218752,0.050317384,0.3015625,0.265820314,0.38476562599999997,0.07431640799999999,Cytoplasm,Nucleus
ENSP00000462642,0.391796874,0.6875,0.441796874,0.07080078000000001,0.22851562800000003,0.30810547,0.022253418,0.171191406,0.32636719000000003,0.398632812,0.030763246,Cytoplasm,Cytoplasm
ENSP00000450763,0.12158203199999999,0.6359375,0.514453124,0.52734375,0.08935546999999999,0.14160156200000001,0.181835938,0.15302734599999998,0.080810546,0.141992188,0.05279541,Cytoplasm,Nucleus
ENSP00000436412,0.17734374800000002,0.57265625,0.603125,0.295703124,0.10180663999999999,0.33769531399999997,0.008047486000000001,0.05275879,0.166601562,0.335156248,0.011357116,"Cytoplasm, Nucleus",Nucleus
ENSP00000428662,0.207226564,0.60859375,0.57890625,0.072314454,0.202539064,0.292578126,0.017797849999999997,0.188281248,0.139355468,0.213281248,0.241992186,"Cytoplasm, Nucleus",Nucleus
ENSP00000424863,0.30273437400000003,0.5984375,0.453515626,0.162500002,0.203320312,0.363671874,0.044213866000000004,0.1828125,0.144238282,0.311328124,0.041772461999999996,Cytoplasm,Nucleus
ENSP00000395552,0.17460937199999998,0.5484375,0.69375,0.041162109999999995,0.08886718600000001,0.117578124,0.004797364,0.118847654,0.10444336000000001,0.208984376,0.08325195599999999,"Cytoplasm, Nucleus",Nucleus
ENSP00000367939,0.79453125,0.135351562,0.10009765600000001,0.039160154,0.090332028,0.859375,0.010559082000000001,0.214257812,0.10180663999999999,0.073388672,0.045947264,"Membrane, Mitochondrion",Mitochondrion
ENSP00000506647,0.15898437599999998,0.501171876,0.5796875,0.287695312,0.183593752,0.16669922,0.06472168,0.046923828,0.087695312,0.13144531199999998,0.005319214,"Cytoplasm, Nucleus","Cytoplasm, Nucleus"
ENSP00000495572,0.28496094,0.728125,0.317578124,0.19550781,0.201367188,0.486718752,0.022680661999999997,0.309179688,0.19042968799999999,0.403906248,0.24462890600000003,Cytoplasm,Nucleus
ENSP00000487134,0.32890625,0.452734374,0.41484375,0.46289062400000003,0.12998047000000001,0.42734375,0.102441406,0.36562499800000003,0.258398436,0.41992187400000003,0.05090331800000001,None,Nucleus
ENSP00000468878,0.167968748,0.58515625,0.578125,0.6796875,0.104589844,0.327734372,0.041113281999999994,0.138085938,0.09384765399999999,0.17070312800000004,0.2022583,"Cytoplasm, Nucleus, Extracellular",Cytoplasm
ENSP00000466687,0.151269532,0.34765625,0.265429686,0.84921875,0.053466796,0.323339842,0.148376464,0.30800781400000005,0.02422485,0.20122070399999997,0.073876952,Extracellular,Cytoplasm
ENSP00000465750,0.15175781,0.41210937400000003,0.578125,0.169824218,0.085351562,0.246289064,0.01067505,0.21328125199999998,0.039135741999999994,0.061035156,0.089990236,Nucleus,Nucleus
ENSP00000464986,0.17089843799999999,0.48632812599999997,0.580859374,0.5828125,0.09892578199999999,0.32441406,0.20712890599999997,0.150878906,0.126562498,0.24121093599999996,0.020965576000000003,"Cytoplasm, Nucleus",Nucleus
ENSP00000461448,0.18671875200000002,0.49140625,0.387890624,0.229785156,0.11083984200000001,0.43125,0.08432617199999999,0.07495117199999998,0.06618652,0.171972658,0.024291992000000002,Cytoplasm,Cytoplasm
ENSP00000421392,0.09580077999999999,0.46679687400000003,0.65078125,0.289648438,0.07177734200000001,0.24453125,0.13544921999999998,0.238476564,0.169335938,0.319531252,0.00938721,Nucleus,Nucleus
ENSP00000417312,0.19433593600000001,0.6625,0.5453125,0.19453125,0.176367186,0.384375,0.026220704,0.133251952,0.163378906,0.16289062599999998,0.14323730399999998,"Cytoplasm, Nucleus",Nucleus
ENSP00000506933,0.14941406200000001,0.55625,0.64375,0.323046876,0.07783203400000001,0.201171876,0.035937500000000004,0.148437498,0.23320312599999998,0.19453124800000002,0.036523438,"Cytoplasm, Nucleus",Nucleus
ENSP00000506074,0.176367188,0.508203126,0.54921875,0.20478515800000002,0.089111326,0.484374998,0.038964844,0.22041015600000002,0.328515624,0.33125,0.261962892,"Cytoplasm, Nucleus",Cytoplasm
ENSP00000501404,0.26621094,0.366796874,0.346875002,0.78046875,0.126953126,0.36328125,0.06605224400000001,0.292578126,0.168164064,0.288671874,0.011558533999999999,Extracellular,Mitochondrion
ENSP00000484006,0.301171878,0.168359376,0.136328126,0.89140625,0.36132812599999997,0.108496094,0.024987794,0.252148438,0.266601564,0.308984374,0.011547852,Extracellular,Cell membrane
ENSP00000464503,0.150390624,0.57578125,0.83515625,0.05793457,0.146679688,0.13642578,0.0041507720000000005,0.09614257799999999,0.124414062,0.11943359400000002,0.0045322420000000006,"Cytoplasm, Nucleus",Nucleus
ENSP00000456237,0.10097656400000002,0.568359376,0.61328125,0.160449218,0.06352538999999999,0.15703124799999998,0.048876954,0.08935546999999999,0.09599609599999999,0.17548828200000002,0.006781008,"Cytoplasm, Nucleus",Cytoplasm
ENSP00000444771,0.137207032,0.37304687400000003,0.348437502,0.7703125,0.06308593600000001,0.32695312800000004,0.11018066600000001,0.265429688,0.06517334,0.17373047000000003,0.079162598,Extracellular,Mitochondrion
ENSP00000431343,0.063720704,0.26875,0.9078125,0.035180664,0.122851564,0.08251953,0.011459350000000002,0.08623046600000002,0.127734374,0.047753906,0.00560913,Nucleus,Nucleus
ENSP00000419128,0.181835936,0.6203125,0.405859374,0.06950683399999999,0.153710938,0.39921875,0.025970458000000002,0.12617187400000002,0.059912112000000003,0.089257814,0.025927734,Cytoplasm,Mitochondrion
ENSP00000405084,0.353125,0.4625,0.394921874,0.315625,0.12148437600000002,0.437109374,0.060742187999999996,0.501171876,0.36171875,0.41484375,0.12573242199999998,None,Cell membrane
ENSP00000475845,0.615625,0.51796875,0.471484376,0.017366028,0.71328125,0.194726562,0.015795896,0.181054688,0.15029297,0.062744144,0.122070312,"Membrane, Cytoplasm, Cell membrane",Cell membrane
ENSP00000469232,0.139843752,0.58203125,0.65,0.5859375,0.105664062,0.40390625199999997,0.018853760000000004,0.151757814,0.12578125199999998,0.168261718,0.312487792,"Cytoplasm, Nucleus",Cytoplasm
ENSP00000431039,0.269140628,0.5453125,0.312109374,0.38476562599999997,0.134472656,0.347656252,0.073339844,0.20400390399999999,0.22890625,0.364843748,0.025128172000000004,Cytoplasm,Mitochondrion
ENSP00000430859,0.211523438,0.51328125,0.555078124,0.188574218,0.109570312,0.38339844,0.005104066,0.269726562,0.234960936,0.224804688,0.032653808,"Cytoplasm, Nucleus","Cytoplasm, Nucleus"
ENSP00000429288,0.27871093599999996,0.678125,0.473046874,0.036401368,0.3484375,0.173632812,0.013430786000000004,0.192089844,0.101806638,0.106591798,0.014079286,Cytoplasm,Cytoplasm
ENSP00000427003,0.20878906000000003,0.55078125,0.39296875,0.329296876,0.10175781399999999,0.41640625,0.091455076,0.183886716,0.255078126,0.23925781200000001,0.346679688,Cytoplasm,"Cytoplasm, Nucleus"
ENSP00000506015,0.189648438,0.57734375,0.63671875,0.252148438,0.159472656,0.26484375,0.02496338,0.144433592,0.076611328,0.104394532,0.145214842,"Cytoplasm, Nucleus","Cytoplasm, Mitochondrion"
ENSP00000494757,0.20214843999999998,0.565625,0.66875,0.093847656,0.218554688,0.263476562,0.013304138000000002,0.20546875,0.230664062,0.10449219000000001,0.08291015399999999,"Cytoplasm, Nucleus",Nucleus
ENSP00000467983,0.222460938,0.308984376,0.419531248,0.563671874,0.06362304599999999,0.36875,0.064721678,0.52109375,0.26816406000000004,0.284570314,0.13574218799999999,None,Mitochondrion
ENSP00000456776,0.1890625,0.56015625,0.468750002,0.53046875,0.103271486,0.4046875,0.14169921800000002,0.1875,0.218945312,0.312500002,0.058349611999999995,Cytoplasm,"Cytoplasm, Nucleus"
ENSP00000454184,0.17402343999999997,0.61953125,0.505859376,0.183105468,0.228125,0.24121093799999999,0.013034055999999999,0.13964843799999999,0.18398437199999998,0.10673828199999999,0.09091796600000002,Cytoplasm,Cytoplasm
ENSP00000417789,0.207128904,0.448046874,0.33828125,0.81484375,0.08979492,0.270019532,0.26899414,0.073999024,0.01184082,0.063134766,0.16040039,Extracellular,Cytoplasm
ENSP00000387792,0.09921875,0.423046874,0.79296875,0.380078124,0.04675293,0.10810547,0.028723145999999998,0.245507814,0.19179687799999998,0.08920898400000002,0.330615234,Nucleus,Cytoplasm
ENSP00000468211,0.19082031400000002,0.499609376,0.55546875,0.62890625,0.112207032,0.370703126,0.09736328000000001,0.203320312,0.105664062,0.236328126,0.019198609999999998,"Cytoplasm, Nucleus",Nucleus
ENSP00000460358,0.209374998,0.54765625,0.340625002,0.634375,0.119140624,0.35175781,0.308007814,0.161621094,0.14160156399999999,0.219140624,0.22333984399999998,Cytoplasm,Mitochondrion
ENSP00000460265,0.09296875,0.67734375,0.75234375,0.016894532,0.085107424,0.169824216,0.0012165040000000002,0.05820312600000001,0.159570314,0.10957031399999999,0.001997376,"Cytoplasm, Nucleus",Nucleus
ENSP00000454718,0.23261718999999997,0.55,0.557421876,0.47890625,0.125488282,0.407421876,0.098925782,0.23769531000000002,0.270507812,0.36796875,0.01370392,"Cytoplasm, Nucleus",Cytoplasm
ENSP00000434812,0.11474609200000001,0.529296876,0.41210937400000003,0.65625,0.078662108,0.24687500199999998,0.26289062199999996,0.11088867399999999,0.029980468,0.16220703,0.184497072,"Cytoplasm, Extracellular","Cytoplasm, Nucleus, Cell membrane"
ENSP00000433003,0.21542968399999998,0.483203126,0.64609375,0.27167968400000003,0.093164062,0.295117188,0.046105956,0.218359376,0.278515624,0.30859375,0.00377426,"Cytoplasm, Nucleus","Nucleus, Mitochondrion"
ENSP00000402829,0.284179688,0.55234375,0.48515625,0.27148437400000003,0.175976562,0.36015625,0.12033691399999999,0.307421878,0.191796874,0.23281250199999998,0.05419921799999999,Cytoplasm,"Cytoplasm, Nucleus"
ENSP00000397870,0.228710938,0.21777343800000004,0.13603515800000002,0.7953125,0.23808594000000002,0.17890625,0.008605958,0.355468752,0.274609376,0.308789058,0.028417968,Extracellular,Cell membrane
ENSP00000384148,0.6125,0.290429688,0.175,0.494921874,0.291601562,0.334765628,0.260595702,0.6,0.341015624,0.312695312,0.06594238200000001,Membrane,Cell membrane
ENSP00000376243,0.465624998,0.26757812400000003,0.240234376,0.437890628,0.33203125,0.22519531399999998,0.118164062,0.7140625,0.45390625,0.46875,0.182714844,"Membrane, Endoplasmic reticulum",Cell membrane
ENSP00000471943,0.225976562,0.457031246,0.458203126,0.68671875,0.09277343600000001,0.38359375,0.172290038,0.13461914,0.06323242,0.120996094,0.07418213,Extracellular,Mitochondrion
ENSP00000425172,0.203515624,0.355078126,0.527734374,0.46640625,0.06494140600000001,0.16250000199999998,0.035131838000000006,0.293359374,0.276757812,0.156347658,0.165917968,Nucleus,"Cytoplasm, Nucleus"
ENSP00000422786,0.18261718799999999,0.56015625,0.58828125,0.483203124,0.11464843799999999,0.307421876,0.083837888,0.195312498,0.201953124,0.428515624,0.017752074,"Cytoplasm, Nucleus",Cell membrane
ENSP00000388563,0.73828125,0.17714843600000002,0.14453125,0.021496582000000004,0.131835936,0.9421875,0.033038332,0.346874998,0.137207032,0.10913086000000001,0.323632812,"Membrane, Mitochondrion",Mitochondrion
ENSP00000361981,0.146484374,0.67734375,0.523828124,0.073876954,0.143847656,0.23359375,0.025088499999999996,0.140820312,0.218554686,0.39765625,0.060473632,Cytoplasm,"Cytoplasm, Nucleus"
ENSP00000315936,0.7546875,0.18828125,0.15488281399999998,0.39785156,0.7125,0.09492187199999999,0.00200119,0.22167968600000001,0.4875,0.185546876,0.06147461,"Membrane, Cell membrane",Cell membrane
ENSP00000499362,0.22714843599999995,0.5546875,0.42773437400000003,0.6890625,0.125683594,0.36093750199999997,0.327343748,0.17832031399999998,0.18476562400000002,0.307226566,0.052441406,"Cytoplasm, Extracellular",Cytoplasm
ENSP00000497470,0.6640625,0.189648436,0.1609375,0.39609375,0.41640625,0.16523437800000002,0.001499558,0.526953122,0.449609374,0.6234375,0.029003904000000004,Membrane,Cytoplasm
ENSP00000461183,0.283984376,0.503125,0.437890624,0.198242184,0.16611328,0.40234375,0.040283204,0.396875,0.33300781,0.295312502,0.178027344,Cytoplasm,"Mitochondrion, Endoplasmic reticulum"
ENSP00000449615,0.194433594,0.53671875,0.665625,0.3390625,0.17324218600000002,0.37421875,0.04265136599999999,0.20537109400000003,0.161621094,0.20937500199999998,0.037963868,"Cytoplasm, Nucleus",Cytoplasm
ENSP00000448684,0.11899414000000001,0.511328124,0.73828125,0.04335937399999999,0.07460937599999999,0.14169922,0.021447756000000002,0.12519531,0.12646484200000002,0.143749998,0.059643554,"Cytoplasm, Nucleus",Nucleus
ENSP00000447582,0.305859374,0.140820314,0.135546874,0.032348632,0.092529296,0.95546875,0.052050782,0.05991211,0.031054687999999997,0.072265624,0.02458496,Mitochondrion,Mitochondrion
ENSP00000436906,0.18076172,0.615625,0.530078124,0.052502442,0.281152344,0.237890626,0.015441893999999998,0.06142578,0.096191404,0.020111082000000002,0.10007324,"Cytoplasm, Nucleus",Mitochondrion
ENSP00000431052,0.17207031,0.452734376,0.576171874,0.3984375,0.021435548,0.43535156399999997,0.007208252000000001,0.401953124,0.1765625,0.234570314,0.025903317999999998,Nucleus,Nucleus
ENSP00000354879,0.19824218999999998,0.540625,0.495312498,0.43984374800000003,0.174609374,0.38359375,0.040234376,0.211523438,0.256445312,0.320312498,0.24746093600000002,Cytoplasm,Mitochondrion
ENSP00000494699,0.16171875,0.57265625,0.505859374,0.422265626,0.109375,0.3,0.041906738000000006,0.215234374,0.299804688,0.23593749599999997,0.22138671799999998,Cytoplasm,"Cytoplasm, Cell membrane"
ENSP00000468538,0.425390626,0.501953126,0.333789064,0.21738281,0.216601564,0.20244140600000002,0.002103424,0.43261718800000004,0.318164062,0.201074216,0.029370116,Cytoplasm,Nucleus
ENSP00000462954,0.391015624,0.571875,0.32265625,0.14814452800000003,0.26367187599999997,0.396875,0.036413576,0.18857422,0.28906249799999995,0.397656248,0.154296874,Cytoplasm,Golgi apparatus
ENSP00000458946,0.1875,0.6109375,0.51328125,0.45507812200000003,0.17890625,0.39375,0.05122070199999999,0.196484378,0.194042968,0.389453124,0.074145506,Cytoplasm,"Cytoplasm, Nucleus, Cell membrane"
ENSP00000438955,0.347265624,0.355078124,0.122753906,0.8046875,0.30703125,0.43828125,0.015136717999999999,0.20361328000000004,0.144677736,0.28652343999999996,0.01628418,Extracellular,Golgi apparatus
ENSP00000421829,0.280273438,0.72421875,0.350781248,0.047656248,0.29453125,0.234375,0.006784058,0.200976564,0.12939453,0.205468748,0.096313476,Cytoplasm,Cell membrane
ENSP00000406989,0.23242187800000003,0.45859375,0.298242184,0.5921875,0.136132812,0.3796875,0.129357912,0.44863281399999994,0.10112304800000001,0.219140626,0.051495360000000004,None,Mitochondrion
ENSP00000389420,0.530859374,0.278515624,0.256445314,0.405468748,0.214648438,0.585546876,0.14956054599999996,0.68515625,0.529296874,0.50703125,0.214453126,"Membrane, Endoplasmic reticulum",Cell membrane
ENSP00000330730,0.46640625,0.389453126,0.215039064,0.11516113400000001,0.29033203,0.8328125,0.029751588000000002,0.291992186,0.125097656,0.07514648799999998,0.008666994,"Membrane, Mitochondrion",Mitochondrion
ENSP00000466064,0.243554688,0.64453125,0.559765624,0.196875,0.17695312400000002,0.3546875,0.012228394,0.22050780999999997,0.15732422,0.193554688,0.081433108,"Cytoplasm, Nucleus",Nucleus
ENSP00000452890,0.346875,0.44550781399999995,0.4046875,0.012060548,0.073925782,0.315429688,0.000415802,0.149121094,0.216601562,0.281835938,0.017297364,None,Nucleus
ENSP00000450486,0.145410156,0.301953126,0.7578125,0.16911621000000002,0.049902344,0.243750002,0.004602050000000001,0.14648437600000003,0.0689209,0.142382812,0.013916016,Nucleus,Nucleus
ENSP00000430164,0.175781248,0.523828124,0.42109375,0.75859375,0.09912109399999999,0.418359376,0.11687011600000001,0.292187502,0.093505858,0.302929688,0.144677732,"Cytoplasm, Extracellular",Cytoplasm
ENSP00000426926,0.40546875,0.480859376,0.459375002,0.275976562,0.25410156199999995,0.382421874,0.031005857999999997,0.311718752,0.316992188,0.3234375,0.098779296,Cytoplasm,"Cytoplasm, Mitochondrion"
ENSP00000425643,0.163378906,0.512890624,0.594140626,0.2703125,0.082714844,0.24492187600000004,0.016760251999999996,0.136816406,0.132958986,0.188085936,0.01260376,"Cytoplasm, Nucleus",Cytoplasm
ENSP00000417908,0.14189453,0.42382812400000003,0.394921874,0.7046875,0.059204102,0.42578125,0.196411132,0.37597656,0.13173828199999998,0.220703126,0.12128905999999999,Extracellular,Nucleus
ENSP00000404968,0.59375,0.45703125,0.284179688,0.165722656,0.272851562,0.462109376,0.076605226,0.50390625,0.6734375,0.387500002,0.20046386800000002,"Membrane, Lysosome/Vacuole",Nucleus
ENSP00000404861,0.87109375,0.17421875,0.08300781400000001,0.06772460999999999,0.85,0.10478515399999999,0.00966797,0.390234378,0.292773438,0.277734376,0.005287169999999999,"Membrane, Cell membrane",Cell membrane
ENSP00000392323,0.11806640799999998,0.6875,0.5453125,0.18671875,0.08935547,0.23417969000000002,0.011331174,0.209277346,0.086181642,0.190332034,0.045672608,"Cytoplasm, Nucleus",Nucleus
ENSP00000390139,0.12265624800000001,0.483984374,0.5671875,0.70859375,0.08203125,0.366796876,0.149121094,0.111328124,0.12060546999999999,0.311132812,0.011767578,"Cytoplasm, Nucleus, Extracellular",Cytoplasm
ENSP00000386934,0.47734375,0.286132812,0.137988282,0.234863284,0.15742187400000002,0.8078125,0.127685548,0.213671872,0.114990236,0.156982422,0.017024231999999997,"Membrane, Mitochondrion",Mitochondrion
ENSP00000502892,0.199609378,0.41171875,0.437499998,0.518359376,0.056689451999999994,0.313671876,0.047924804,0.36328125,0.126660156,0.16250000199999998,0.323242188,None,Cytoplasm
ENSP00000492948,0.18945312399999997,0.558203124,0.3421875,0.31796875399999996,0.11240234599999999,0.445703126,0.059765623999999996,0.034814454,0.16220703,0.31308593599999995,0.004411316,Cytoplasm,"Cytoplasm, Cell membrane"
ENSP00000452648,0.179101562,0.63671875,0.504296874,0.218359374,0.073535156,0.36640625,0.01243286,0.30859375,0.190625,0.17812500199999998,0.049719236,Cytoplasm,Nucleus
ENSP00000401988,0.0828125,0.72421875,0.69765625,0.19528808400000003,0.066259766,0.16108398200000001,0.000197314,0.030603026,0.179492188,0.42773437599999997,0.012202454,"Cytoplasm, Nucleus","Cytoplasm, Cell membrane"
ENSP00000396641,0.19804687599999998,0.58046875,0.437890624,0.10693359200000001,0.12724609199999998,0.20800781399999999,0.029858397999999998,0.18515625,0.18056640599999998,0.283593752,0.036181642,Cytoplasm,Nucleus
ENSP00000497449,0.198632812,0.63515625,0.408984376,0.5078125,0.09516601599999999,0.326367188,0.11503906400000001,0.2390625,0.196582032,0.33125,0.13605957,Cytoplasm,Golgi apparatus
ENSP00000493739,0.168554688,0.530078126,0.55703125,0.284570312,0.11416015400000001,0.237695314,0.0083313,0.15078125,0.13046875,0.22773437400000002,0.054400636,"Cytoplasm, Nucleus","Cytoplasm, Nucleus"
ENSP00000467615,0.09228515799999999,0.60703125,0.589453126,0.43359375,0.049804686,0.350390624,0.15656737999999998,0.31093749800000003,0.053271486,0.11298828000000001,0.06430664,"Cytoplasm, Nucleus",Nucleus
ENSP00000462246,0.167871094,0.54453125,0.69375,0.525,0.11816405999999999,0.26347656399999997,0.077050784,0.166015624,0.127148436,0.19941406,0.008743284,"Cytoplasm, Nucleus",Nucleus
ENSP00000457251,0.24511718799999999,0.6609375,0.41953125,0.125195312,0.28320312400000003,0.267382812,0.033471680000000004,0.23906250199999998,0.144628906,0.199609374,0.05317383,Cytoplasm,Cytoplasm
ENSP00000453462,0.20722656,0.5859375,0.590625,0.21386718799999999,0.166796874,0.20078124800000002,0.0349823,0.15859375199999998,0.201757812,0.291992188,0.20815429800000002,"Cytoplasm, Nucleus",Nucleus
ENSP00000434072,0.394531252,0.13613281,0.14248047,0.024963378,0.138671874,0.95859375,0.07431640600000002,0.038159177999999995,0.02770996,0.057226562,0.010974122000000001,Mitochondrion,Mitochondrion
ENSP00000432253,0.312109376,0.52109375,0.332421874,0.399609376,0.21445312200000002,0.33515625,0.06567382799999999,0.186914064,0.10688476400000002,0.18466797,0.011984252,Cytoplasm,Mitochondrion
ENSP00000493147,0.315234376,0.62421875,0.49296875,0.458203124,0.18144531400000002,0.34609374800000003,0.054785158,0.199023438,0.1859375,0.25078125,0.013769530000000002,Cytoplasm,"Cytoplasm, Cell membrane"
ENSP00000458340,0.14150390799999998,0.6734375,0.49414062400000003,0.05109863,0.08286132799999998,0.177734374,0.008999631999999999,0.086035156,0.15097656399999998,0.119287112,0.414843748,Cytoplasm,Nucleus
ENSP00000427736,0.233789062,0.61015625,0.438671874,0.387890624,0.20468749800000002,0.340820312,0.05053711000000001,0.18896484600000002,0.244140626,0.199414064,0.10865478400000002,Cytoplasm,Cytoplasm
ENSP00000394709,0.19277343600000002,0.493359376,0.610546874,0.016485594,0.19511719,0.24462891,0.009931184,0.190917968,0.324707032,0.12060546999999999,0.286523438,"Cytoplasm, Nucleus",Nucleus
ENSP00000386477,0.247656252,0.19453125,0.10039062400000001,0.88359375,0.224609374,0.09423828199999999,0.016329958000000002,0.3921875,0.38515625,0.296289062,0.005938720000000001,Extracellular,Cell membrane
ENSP00000479464,0.193359376,0.61484375,0.471875,0.411718748,0.121679688,0.233203124,0.194433594,0.230859374,0.176464844,0.271875,0.225976562,Cytoplasm,Golgi apparatus
ENSP00000469702,0.164257812,0.523046876,0.374218748,0.60234375,0.077978516,0.299999996,0.20400390599999998,0.16269531399999998,0.06508789000000001,0.15546875,0.23701171800000004,Cytoplasm,Nucleus
ENSP00000454923,0.25917968599999996,0.534375,0.419140626,0.375390626,0.21542969000000003,0.317578126,0.156152346,0.164550782,0.15078125,0.12465820399999998,0.013299562000000001,Cytoplasm,Mitochondrion
ENSP00000452630,0.21972656399999999,0.493359374,0.469921876,0.496875,0.13300781,0.442578124,0.040625,0.21318359399999998,0.1890625,0.200585938,0.026562501999999998,Cytoplasm,Nucleus
ENSP00000451127,0.220507812,0.51015625,0.57265625,0.477343748,0.133398438,0.273632812,0.074072266,0.194140622,0.167285156,0.325195314,0.029583740000000004,"Cytoplasm, Nucleus","Cytoplasm, Nucleus"
ENSP00000435532,0.138085938,0.444140624,0.328515626,0.71484375,0.085058594,0.4859375,0.06196288999999999,0.518359374,0.14123535199999998,0.42382812599999997,0.11947021399999999,Extracellular,"Cytoplasm, Nucleus"
ENSP00000434221,0.050903321999999994,0.292578126,0.9078125,0.035644529999999994,0.075048828,0.10205078000000001,0.0104187,0.09741210800000001,0.091845704,0.036962890000000005,0.005265807999999999,Nucleus,Nucleus
ENSP00000425714,0.195117188,0.52265625,0.340625002,0.7734375,0.104492188,0.413671876,0.08360595800000001,0.48671875,0.083288574,0.31816406399999997,0.156933592,"Cytoplasm, Extracellular","Cytoplasm, Nucleus"
ENSP00000420469,0.236523438,0.6453125,0.501171876,0.217773434,0.180859376,0.32421875,0.020617676,0.26875,0.17460937599999998,0.311523438,0.017968751999999998,Cytoplasm,Cytoplasm
ENSP00000417714,0.174609374,0.63984375,0.43164062400000003,0.09194336,0.17265625199999998,0.31796875199999997,0.030236816,0.10942382799999999,0.065722656,0.08466797,0.020190430000000002,Cytoplasm,Mitochondrion
ENSP00000375719,0.11816406399999999,0.535546876,0.71640625,0.484765626,0.139160154,0.408984376,0.00369873,0.258398438,0.148535158,0.098486328,0.675,"Cytoplasm, Nucleus","Cytoplasm, Nucleus"
ENSP00000489555,0.027441404000000003,0.16582031,0.92265625,0.168847658,0.017138672,0.013220211999999999,0.058837892,0.046044922,0.026171874,0.041284180000000004,0.002754212,Nucleus,Nucleus
ENSP00000468485,0.27929687400000003,0.426562498,0.3375,0.625,0.064746094,0.166406248,0.35742187400000003,0.26406249800000003,0.142773438,0.30439453,0.020663452,None,"Cytoplasm, Nucleus"
ENSP00000464865,0.251757814,0.57890625,0.461718748,0.45703125,0.209375,0.57421875,0.026989746000000002,0.272070312,0.289062498,0.440234374,0.227636718,Cytoplasm,Nucleus
ENSP00000464429,0.207617188,0.5546875,0.522656252,0.39609375199999997,0.151660154,0.336718748,0.05908203199999999,0.15859375199999998,0.153222656,0.245312502,0.062170407999999996,Cytoplasm,Nucleus
ENSP00000454035,0.179296874,0.62578125,0.45390625,0.346093752,0.199804688,0.16269531399999998,0.064843748,0.10234375,0.136425784,0.305859374,0.008007813999999999,Cytoplasm,Nucleus
ENSP00000429271,0.17060547,0.6875,0.484375,0.377929688,0.215234374,0.323828126,0.031567382,0.279101562,0.250976562,0.23984375,0.06180420200000001,Cytoplasm,Cytoplasm
ENSP00000417446,0.22402343600000002,0.44921875,0.54453125,0.350390624,0.14667969,0.24824218999999997,0.172363282,0.215039062,0.181054688,0.21875,0.089404296,Nucleus,"Cytoplasm, Nucleus"
ENSP00000413612,0.14892578,0.6875,0.61328125,0.050170896,0.132519532,0.116601562,0.1421875,0.323828126,0.10195312599999999,0.084863282,0.054870606,"Cytoplasm, Nucleus",Cytoplasm
ENSP00000388905,0.148828122,0.516796876,0.477343752,0.366601562,0.08447265600000001,0.22910155999999998,0.034594728,0.25830078199999995,0.22480469000000003,0.32148437799999996,0.010766602,Cytoplasm,Nucleus
ENSP00000379376,0.197265626,0.596875,0.409375,0.152148438,0.082177734,0.32187500199999997,0.010803223999999998,0.274023438,0.17509765800000002,0.154296874,0.06777343799999999,Cytoplasm,Nucleus
ENSP00000507709,0.36093750199999997,0.49921875,0.526171874,0.252734374,0.151953126,0.444531248,0.06364746,0.43125000199999997,0.371679688,0.528515626,0.022998046,Cytoplasm,Endoplasmic reticulum
ENSP00000498726,0.16503906200000001,0.471484376,0.56484375,0.46484375,0.09970702999999999,0.241992188,0.05579833799999999,0.121289062,0.11298828000000001,0.125097656,0.091455076,"Cytoplasm, Nucleus",Nucleus
ENSP00000498247,0.20166015599999998,0.5875,0.576171876,0.460546874,0.20078124800000002,0.464062498,0.020758056,0.180859376,0.17734375,0.17851562799999998,0.07590332,"Cytoplasm, Nucleus","Cytoplasm, Nucleus"
ENSP00000456297,0.254296874,0.16679687599999998,0.100585938,0.88515625,0.22382812400000002,0.155859374,0.011151124,0.34179687599999997,0.419140626,0.303320312,0.016552734,Extracellular,Cell membrane
ENSP00000455781,0.299609378,0.51015625,0.527734376,0.481249998,0.13671875,0.438281252,0.04382324,0.270703126,0.20976562599999998,0.234765624,0.06151122999999999,"Cytoplasm, Nucleus",Cell membrane
ENSP00000442380,0.202734376,0.39921875,0.45546875,0.18242187599999998,0.098583986,0.441406248,0.103466796,0.17763671800000003,0.175390624,0.177734376,0.148193358,None,Mitochondrion
ENSP00000430106,0.321875,0.525390626,0.508984374,0.034448242000000004,0.122656252,0.456640626,0.010290528,0.279882812,0.250585936,0.139941406,0.007623292000000001,Cytoplasm,Nucleus
ENSP00000429437,0.195703124,0.57421875,0.43554687400000003,0.440234374,0.096582032,0.344921876,0.027380368,0.168652342,0.12158203399999998,0.304296876,0.022082518000000002,Cytoplasm,"Cytoplasm, Cell membrane"
ENSP00000418100,0.23203125,0.54375,0.640625,0.05234374799999999,0.134570312,0.18457031200000001,0.005397034,0.138574218,0.278320312,0.304882814,0.07734374800000002,"Cytoplasm, Nucleus",Nucleus
ENSP00000408607,0.134179688,0.5984375,0.553125,0.142285156,0.133105468,0.191210936,0.073535158,0.08642578000000001,0.024707034,0.214453126,0.008190918,"Cytoplasm, Nucleus",Nucleus
ENSP00000404233,0.179101562,0.55625,0.56640625,0.40039062400000003,0.132226562,0.28691406399999997,0.04158935600000001,0.133398436,0.132324218,0.216796876,0.0701416,"Cytoplasm, Nucleus",Nucleus
ENSP00000398314,0.165820312,0.5765625,0.601171874,0.52109375,0.11611328000000001,0.46953125,0.125512696,0.160742188,0.16152344,0.334179688,0.009198762,"Cytoplasm, Nucleus",Nucleus
ENSP00000507486,0.46289062400000003,0.19169922,0.285546878,0.058081054,0.07929687599999999,0.790625,0.010040282000000001,0.27519531399999997,0.05776367,0.145117186,0.04147949200000001,"Membrane, Mitochondrion",Mitochondrion
ENSP00000491361,0.21210937400000002,0.5,0.43945312599999997,0.567773438,0.04482422,0.461718752,0.012940978,0.241992186,0.202783204,0.289257814,0.029943846000000003,Cytoplasm,"Nucleus, Golgi apparatus"
ENSP00000490465,0.092871094,0.6,0.61171875,0.09506835999999999,0.042358398000000005,0.272070316,0.010671996,0.215234376,0.261132812,0.331835938,0.05267334,"Cytoplasm, Nucleus",Mitochondrion
ENSP00000485945,0.121875,0.378125,0.575,0.790625,0.044238280000000005,0.225390624,0.031378173999999995,0.16650390599999998,0.1140625,0.211328126,0.06903076,"Nucleus, Extracellular",Nucleus
ENSP00000457404,0.27421875,0.52109375,0.47890624800000003,0.40390625,0.13378906200000001,0.246484374,0.056726076,0.258203126,0.29453125,0.21972656200000001,0.06904297,Cytoplasm,Cell membrane
ENSP00000456087,0.15117187599999998,0.62109375,0.58828125,0.06616210800000001,0.12265625,0.477734374,0.047937009999999995,0.14375,0.12993164,0.14736328199999998,0.055480956000000005,"Cytoplasm, Nucleus",Nucleus
ENSP00000443642,0.10087890400000002,0.61171875,0.728125,0.06567383,0.132226562,0.12270508,0.00958252,0.13125000199999998,0.12490234199999999,0.128222658,0.061743163999999996,"Cytoplasm, Nucleus",Nucleus
ENSP00000435967,0.288476562,0.60546875,0.351562502,0.4875,0.20996093799999999,0.359375,0.043426514,0.192187498,0.141406248,0.1984375,0.037976074000000005,Cytoplasm,Mitochondrion
ENSP00000435145,0.255078124,0.491015626,0.490625002,0.464453124,0.130664062,0.333203122,0.016455080000000004,0.29453125,0.254492188,0.21542968999999998,0.16938476600000002,Cytoplasm,Cell membrane
ENSP00000420538,0.2921875,0.181640626,0.1890625,0.024255371999999997,0.09628906200000001,0.93203125,0.187011718,0.079882812,0.051416015999999995,0.074072264,0.07714843599999999,Mitochondrion,Mitochondrion
ENSP00000377950,0.257226564,0.62578125,0.38046875,0.18486328000000002,0.167578124,0.16718750200000002,0.023779296,0.305078128,0.179003906,0.209570312,0.057458494000000006,Cytoplasm,Cell membrane
ENSP00000243040,0.15351562400000002,0.72265625,0.408984376,0.08647461,0.12421875199999999,0.219140624,0.010272215999999999,0.12939453,0.17109375,0.09628906200000001,0.00581665,Cytoplasm,Cytoplasm
ENSP00000502792,0.187109374,0.40390625199999997,0.59296875,0.821875,0.044189452000000004,0.304296876,0.03416748000000001,0.160253906,0.060815432,0.17939453200000002,0.035754394,"Nucleus, Extracellular","Cytoplasm, Nucleus, Cell membrane"
ENSP00000451085,0.355859376,0.416406252,0.43164062799999997,0.27490234399999997,0.33828125,0.249414064,0.009291075999999999,0.17138672,0.3828125,0.37324218600000003,0.012304687999999998,None,"Cytoplasm, Nucleus, Cell membrane"
ENSP00000435374,0.180566406,0.5859375,0.4984375,0.565625,0.142285156,0.4109375,0.10043945399999998,0.152734376,0.226562502,0.262109374,0.042517087999999995,Cytoplasm,Mitochondrion
ENSP00000429629,0.18388672,0.442578124,0.67421875,0.207617184,0.100146486,0.448828124,0.028442384000000005,0.14267578,0.059277343999999996,0.07285156200000001,0.30703124800000003,Nucleus,Nucleus
ENSP00000401344,0.07397461000000001,0.430859376,0.88203125,0.080761716,0.06894531400000001,0.07988281,0.0030410759999999998,0.09248047,0.05024413999999999,0.06293945199999999,0.016088866,Nucleus,Nucleus
ENSP00000490955,0.20703125,0.57578125,0.54140625,0.434375,0.151660156,0.37734375400000003,0.033593748,0.178515622,0.160156248,0.273632812,0.02420044,"Cytoplasm, Nucleus",Cytoplasm
ENSP00000474497,0.276757812,0.55703125,0.53203125,0.289453126,0.173046876,0.36523437400000003,0.07192382800000001,0.29375,0.336718752,0.32265625,0.073681642,"Cytoplasm, Nucleus",Nucleus
ENSP00000454419,0.091503906,0.5609375,0.7328125,0.05646972800000001,0.09521484399999999,0.209765624,0.009057616000000001,0.064208986,0.12294922,0.08447265600000001,0.054028322000000004,"Cytoplasm, Nucleus",Cell membrane
ENSP00000414865,0.238867188,0.578125,0.46250000199999997,0.374609374,0.13437499800000002,0.35234375,0.126879884,0.171289064,0.127148438,0.167089844,0.094921874,Cytoplasm,Cytoplasm
ENSP00000399816,0.13300781,0.44609375,0.6875,0.359375,0.081396482,0.36523437400000003,0.077526858,0.242578126,0.335156248,0.340234376,0.02520752,Nucleus,Cell membrane
ENSP00000376971,0.190820314,0.609375,0.610546876,0.521875,0.137109372,0.266992186,0.015319822,0.2625,0.13330078,0.24746094,0.14548797600000002,"Cytoplasm, Nucleus",Nucleus
ENSP00000361978,0.171874998,0.59375,0.54921875,0.3015625,0.120800782,0.221484374,0.09185791000000001,0.169824218,0.21582031599999998,0.20371093999999998,0.10156250199999999,"Cytoplasm, Nucleus","Cytoplasm, Nucleus"
ENSP00000501354,0.28730469000000003,0.5546875,0.488671876,0.38359375399999995,0.129492186,0.418359374,0.025195311999999997,0.295117188,0.21074219,0.304296876,0.09848632800000001,Cytoplasm,"Cytoplasm, Nucleus"
ENSP00000466525,0.185742188,0.35878906,0.288867186,0.577734374,0.07026367,0.45234375,0.11284179400000001,0.356933594,0.096582032,0.121289062,0.03885498,None,Cytoplasm
ENSP00000451953,0.094238284,0.72734375,0.326953124,0.37089843599999994,0.097509766,0.331640624,0.15161132800000002,0.131201172,0.122241212,0.08347168,0.028857422,Cytoplasm,Cytoplasm
ENSP00000439003,0.19609375199999998,0.54375,0.54296875,0.369921878,0.122656252,0.33203125,0.083789062,0.242382814,0.16884765399999999,0.25859375,0.095654298,"Cytoplasm, Nucleus",Cytoplasm
ENSP00000430847,0.236328124,0.473046876,0.52734375,0.303515626,0.132910156,0.373828126,0.08618164,0.193164062,0.16484375,0.23554687199999996,0.10258788999999999,Cytoplasm,Mitochondrion
ENSP00000413898,0.11796874800000001,0.5359375,0.60546875,0.416406252,0.091503906,0.168164064,0.071301268,0.15517578199999998,0.147070312,0.204492188,0.084057618,"Cytoplasm, Nucleus",Nucleus
ENSP00000408797,0.14873047,0.475390624,0.62578125,0.47255859200000006,0.111132812,0.37167969,0.020947267999999998,0.05339355399999999,0.10605468600000001,0.18203125,0.005607606000000001,"Cytoplasm, Nucleus",Cytoplasm
ENSP00000401510,0.240234376,0.61640625,0.389062502,0.14960937400000002,0.188671872,0.12089843600000001,0.01482544,0.35859375,0.09023437599999999,0.20976562599999998,0.023614502,Cytoplasm,Cell membrane
ENSP00000263255,0.8171875,0.12397461200000001,0.079980468,0.026898192000000005,0.30664062599999997,0.93125,0.262890624,0.279394534,0.236328124,0.176367188,0.44863281399999994,"Membrane, Mitochondrion",Peroxisome
ENSP00000501787,0.238476562,0.49609375,0.552734376,0.27167968400000003,0.127050782,0.41796875,0.036767578,0.28671875199999997,0.234765626,0.2921875,0.14624023600000002,"Cytoplasm, Nucleus",Nucleus
ENSP00000459305,0.228906248,0.571875,0.3734375,0.44726562599999997,0.14599609200000002,0.19433594,0.06135254,0.169824218,0.199023436,0.223046874,0.061437992,Cytoplasm,Endoplasmic reticulum
ENSP00000452748,0.191015622,0.60859375,0.497265624,0.306445312,0.06396484599999999,0.33398437599999997,0.04243774399999999,0.21474609399999997,0.105078122,0.127148438,0.035064696,Cytoplasm,Mitochondrion
ENSP00000452121,0.24863281399999998,0.434765624,0.56953125,0.35351562599999997,0.13212890400000002,0.473046876,0.041894534,0.18574218999999997,0.22890625,0.312499998,0.064697266,Nucleus,Cytoplasm
ENSP00000433930,0.230273438,0.58203125,0.422265626,0.448828124,0.15654297,0.338671874,0.131152344,0.195507812,0.363671874,0.314062502,0.11950683599999998,Cytoplasm,"Cytoplasm, Nucleus"
ENSP00000425028,0.155566404,0.6109375,0.410546872,0.528515626,0.127539062,0.272656252,0.085888672,0.180078124,0.12612304600000002,0.212695312,0.292187502,Cytoplasm,Nucleus
ENSP00000417527,0.13906250199999998,0.646875,0.50703125,0.262304688,0.076904296,0.242968748,0.015582278,0.23564453400000002,0.136035156,0.184960938,0.024792480000000002,Cytoplasm,Golgi apparatus
ENSP00000412744,0.19218749799999998,0.52890625,0.5796875,0.19052734200000002,0.125,0.306054688,0.019482424,0.296093748,0.19951172,0.19785156399999998,0.144726564,"Cytoplasm, Nucleus",Nucleus
ENSP00000463481,0.204492188,0.470312498,0.49414062400000003,0.56875,0.07163086,0.28671875,0.058422854,0.22382812800000002,0.189062502,0.244140626,0.054895019999999996,Cytoplasm,Mitochondrion
ENSP00000453486,0.12265625,0.64453125,0.81015625,0.038037108,0.140234374,0.176562498,0.020918273999999997,0.09448242,0.17763671799999997,0.14980468600000002,0.028515626,"Cytoplasm, Nucleus",Nucleus
ENSP00000447739,0.217382812,0.5671875,0.5328125,0.355078126,0.12841797,0.49375,0.082055664,0.140136718,0.254492188,0.265429688,0.036334228,"Cytoplasm, Nucleus",Nucleus
ENSP00000425452,0.215429686,0.5546875,0.58046875,0.48281249800000003,0.154296874,0.311718748,0.105322264,0.13486327999999997,0.13017578000000002,0.290625,0.021009826,"Cytoplasm, Nucleus",Mitochondrion
ENSP00000413636,0.172070312,0.52109375,0.56015625,0.35546875,0.12421874799999999,0.190625,0.153759764,0.19296874800000002,0.278710938,0.255273436,0.070117186,"Cytoplasm, Nucleus",Nucleus
ENSP00000499306,0.21875,0.503125,0.480859376,0.33964844,0.121875,0.40039062599999997,0.185742186,0.195605468,0.18945312800000003,0.279492188,0.024273684,Cytoplasm,Nucleus
ENSP00000469593,0.16132812400000002,0.65234375,0.422656252,0.23691406399999998,0.199902346,0.19707031000000003,0.021289062,0.183398436,0.12915039,0.130761718,0.021289062000000004,Cytoplasm,Endoplasmic reticulum
ENSP00000463843,0.22402343600000002,0.6140625,0.500390624,0.480859376,0.137304686,0.360937498,0.057250975999999995,0.22148437599999998,0.169433596,0.313867188,0.021325684,Cytoplasm,"Cytoplasm, Nucleus"
ENSP00000463823,0.12333984,0.42890625,0.362109376,0.7578125,0.07490234599999998,0.382421876,0.10529785200000001,0.31738281199999996,0.082104492,0.20732421800000003,0.038342288,Extracellular,"Cytoplasm, Nucleus"
ENSP00000423844,0.241601562,0.52734375,0.46679687400000003,0.48125,0.158300782,0.315039062,0.09069824400000001,0.228515626,0.28710937599999997,0.248046874,0.09753418,Cytoplasm,Cell membrane
ENSP00000411573,0.168261718,0.30273437599999997,0.60234375,0.594140624,0.031420896,0.194726562,0.006613159999999998,0.440624998,0.1765625,0.10751952999999999,0.130627442,Nucleus,Nucleus
ENSP00000394401,0.280078126,0.348046876,0.508984376,0.07539062599999999,0.15917968999999998,0.472265624,0.07856445399999999,0.288085938,0.08745117,0.056396482000000005,0.005395507999999999,None,Nucleus
ENSP00000503895,0.185546876,0.55390625,0.50234375,0.39296875,0.095605466,0.2546875,0.045422361999999994,0.168847656,0.191210936,0.21562500199999998,0.043725586000000004,Cytoplasm,"Cytoplasm, Nucleus"
ENSP00000501638,0.227343748,0.347265624,0.27050781599999996,0.4640625,0.05625,0.276367188,0.133483888,0.18105469,0.154101564,0.23125,0.047636414,None,Cytoplasm
ENSP00000498870,0.22363281200000001,0.6953125,0.293164064,0.154394532,0.20039062400000002,0.371289062,0.013110352,0.123144532,0.085595704,0.19238281200000001,0.0036190059999999997,Cytoplasm,Cytoplasm
ENSP00000472504,0.16875,0.5828125,0.66875,0.223046876,0.11308593999999998,0.276757812,0.018731688,0.16796875,0.196875,0.16894531399999999,0.121124266,"Cytoplasm, Nucleus",Endoplasmic reticulum
ENSP00000435644,0.27128906399999997,0.525,0.43203124800000003,0.509375,0.058398436,0.20820312400000002,0.0019514059999999997,0.15341797000000001,0.342675782,0.324316406,0.049316408,Cytoplasm,"Cytoplasm, Nucleus, Cell membrane"
ENSP00000412823,0.16210937200000003,0.59453125,0.5046875,0.430468748,0.076171874,0.30625,0.04865722800000001,0.197070312,0.12568359599999998,0.207421874,0.059558104,Cytoplasm,Cytoplasm
ENSP00000412769,0.12373047,0.65,0.5625,0.214843752,0.08808594,0.12441406399999999,0.029431151999999995,0.14951172,0.175976564,0.245507812,0.06083984,"Cytoplasm, Nucleus","Cytoplasm, Nucleus"
ENSP00000397589,0.304882814,0.46640625,0.434374998,0.067236328,0.09501953199999999,0.428515624,0.017700194,0.39375,0.205859374,0.45,0.023303222,None,Cytoplasm
ENSP00000389322,0.169824216,0.4765625,0.7109375,0.441015626,0.136718748,0.328320314,0.031567382,0.12314452999999999,0.09233398200000001,0.220898436,0.013681032000000001,"Cytoplasm, Nucleus",Cytoplasm
ENSP00000493561,0.16318359200000002,0.50078125,0.67421875,0.44335937599999997,0.11367187599999999,0.163476564,0.030444336,0.13574218799999999,0.116015626,0.19765625,0.027050779999999996,"Cytoplasm, Nucleus",Nucleus
ENSP00000450676,0.148828126,0.469140622,0.5890625,0.449609374,0.11953125199999999,0.390625002,0.032714844,0.17548828,0.149169922,0.077490234,0.510351562,Nucleus,Cytoplasm
ENSP00000449513,0.135058592,0.61953125,0.471875,0.386718748,0.077246092,0.254687498,0.18828125,0.16953125,0.12631836000000002,0.253710938,0.098583984,Cytoplasm,Nucleus
ENSP00000425147,0.504296876,0.41562500199999997,0.26796875,0.20019531399999999,0.249414062,0.43125,0.046923828,0.492968752,0.4453125,0.487109374,0.095751954,Membrane,Nucleus
ENSP00000410149,0.194921874,0.505859374,0.6109375,0.37695312400000003,0.21386718799999999,0.37656250199999997,0.006573485999999999,0.212109376,0.20576172,0.305273438,0.207617188,"Cytoplasm, Nucleus",Cytoplasm
ENSP00000407378,0.209765624,0.53671875,0.555078124,0.45898437400000003,0.133398438,0.274414064,0.071679688,0.213476562,0.191992188,0.264453124,0.025070190000000003,"Cytoplasm, Nucleus",Cytoplasm
ENSP00000467134,0.11259765400000002,0.343750002,0.375,0.73828125,0.078125,0.306933592,0.23203125,0.189453126,0.024938964,0.09213867199999999,0.024023438,Extracellular,Nucleus
ENSP00000466874,0.133203126,0.5984375,0.53515625,0.15541992,0.124414062,0.221582032,0.06528320200000001,0.09638671800000001,0.26835937600000004,0.11147461,0.002983094,"Cytoplasm, Nucleus",Nucleus
ENSP00000462170,0.21210937400000002,0.419531246,0.455468752,0.321679686,0.121484374,0.28828125,0.047094725999999996,0.274804688,0.201171876,0.289062498,0.067456056,None,Nucleus
ENSP00000431085,0.556640626,0.6046875,0.334375002,0.11286621000000001,0.69140625,0.324609374,0.061401366,0.305468748,0.156445316,0.186914062,0.076489256,"Membrane, Cytoplasm, Cell membrane","Cytoplasm, Cell membrane"
ENSP00000419183,0.173632812,0.58984375,0.351953126,0.215625,0.16669921799999998,0.254882812,0.06557617000000002,0.20693359399999997,0.21796875,0.352148438,0.008999634,Cytoplasm,Nucleus
ENSP00000506523,0.319726562,0.54296875,0.469140626,0.488671876,0.20585937799999998,0.274609376,0.07634277399999999,0.205273438,0.252343752,0.29121093400000003,0.01803589,Cytoplasm,"Cytoplasm, Nucleus"
ENSP00000504510,0.250781248,0.6,0.379687502,0.227929688,0.163964844,0.363671872,0.04257812400000001,0.23339843799999999,0.079248046,0.271875,0.05234375,Cytoplasm,Nucleus
ENSP00000498371,0.163964844,0.6640625,0.328320316,0.2,0.163671874,0.317773436,0.022436524,0.054931642,0.144677734,0.179882812,0.0080719,Cytoplasm,Nucleus
ENSP00000485723,0.24433593999999997,0.51875,0.375390628,0.465625,0.08867187400000001,0.278710936,0.125097658,0.31738281599999996,0.088671876,0.18876953400000002,0.247851564,Cytoplasm,Cell membrane
ENSP00000472858,0.243359376,0.514453126,0.47148437199999993,0.495312498,0.16816406,0.40078125,0.054895018,0.261328124,0.271289062,0.203906248,0.187695312,Cytoplasm,Nucleus
ENSP00000462379,0.166796874,0.501953124,0.52578125,0.557421874,0.078027342,0.356640624,0.08481445200000001,0.11865234399999999,0.159277344,0.272265624,0.09699707,Cytoplasm,Nucleus
ENSP00000429541,0.296289062,0.25585937599999997,0.323046876,0.592187502,0.025561524000000002,0.476171874,0.021650696000000004,0.332617186,0.28271484199999997,0.502148436,0.071014404,None,Nucleus
ENSP00000422056,0.20859375,0.513671874,0.51015625,0.54921875,0.118945312,0.259375,0.041394042,0.12617187400000002,0.151074218,0.24902343999999998,0.088305666,Cytoplasm,Cytoplasm
ENSP00000416618,0.230273436,0.474218748,0.47578125,0.304492188,0.14169922,0.33125,0.10151367199999999,0.22128906399999998,0.291601562,0.24765624800000002,0.061938476,Cytoplasm,Peroxisome
ENSP00000397228,0.228125002,0.505078124,0.493359376,0.266406252,0.28320312599999997,0.327929686,0.03453368999999999,0.18232421799999998,0.286328124,0.104882812,0.007177732000000001,Cytoplasm,Cytoplasm
ENSP00000390470,0.098339844,0.489062502,0.73984375,0.064257814,0.10195312599999999,0.157519532,0.013021849999999998,0.139355468,0.144042968,0.23847656400000003,0.028271483999999996,"Cytoplasm, Nucleus","Cytoplasm, Nucleus"
ENSP00000498338,0.08017578,0.311328128,0.8546875,0.275781252,0.17050781399999998,0.172070314,0.034918214,0.047753906,0.010882568,0.033862302,0.010488892000000001,Nucleus,Nucleus
ENSP00000455684,0.27968749800000003,0.495703124,0.32890625,0.497265624,0.155371096,0.303125002,0.209106446,0.26230468599999995,0.376171876,0.329687498,0.21250000200000002,Cytoplasm,Cytoplasm
ENSP00000448987,0.17675781200000001,0.5921875,0.6171875,0.15732421800000002,0.140820312,0.203710936,0.014221192000000002,0.142578124,0.226367186,0.200976564,0.061413574000000005,"Cytoplasm, Nucleus",Nucleus
ENSP00000448846,0.25722656,0.475390626,0.55859375,0.321679688,0.108691406,0.45546875,0.04416504,0.191796876,0.218554686,0.17890625,0.036669922,"Cytoplasm, Nucleus",Mitochondrion
ENSP00000433504,0.279101566,0.547265626,0.58125,0.3390625,0.22265625,0.382421876,0.026074218,0.2609375,0.163964844,0.258593748,0.034826659999999995,"Cytoplasm, Nucleus",Cytoplasm
ENSP00000424059,0.224609374,0.69140625,0.2859375,0.18420410400000004,0.241796874,0.256250002,0.02410202,0.12773437599999998,0.15,0.175488282,0.00966492,Cytoplasm,Nucleus
ENSP00000418507,0.150683594,0.66796875,0.5,0.473828126,0.136425778,0.32363281,0.121264646,0.222656252,0.241601562,0.310937502,0.06241455,Cytoplasm,Nucleus
ENSP00000504330,0.199999998,0.57578125,0.488671876,0.53671875,0.1640625,0.250781248,0.10471191399999999,0.097949218,0.13583984200000002,0.19804687599999998,0.05432129,Cytoplasm,"Cytoplasm, Nucleus"
ENSP00000453067,0.20820312400000002,0.324609372,0.5609375,0.405859374,0.075976562,0.247265626,0.14648437399999997,0.334765626,0.22890625199999998,0.17578125,0.06992187400000001,Nucleus,"Cytoplasm, Endoplasmic reticulum"
ENSP00000420535,0.70390625,0.2171875,0.233593754,0.19765625,0.18085937200000002,0.29921874800000003,0.02631302,0.665625,0.261328124,0.44375,0.0075317399999999994,"Membrane, Endoplasmic reticulum",Golgi apparatus
ENSP00000508281,0.215429686,0.49921875,0.476562502,0.390625002,0.111523438,0.335156252,0.04508667,0.25703125,0.274804686,0.29492187599999997,0.030371093999999998,Cytoplasm,Cytoplasm
ENSP00000498123,0.265820312,0.491015624,0.49804687400000003,0.368749998,0.124414062,0.5765625,0.12592773399999999,0.234375,0.401171878,0.4,0.011352538,Cytoplasm,Endoplasmic reticulum
ENSP00000483687,0.22519531399999998,0.391796876,0.461328126,0.398828124,0.08583984200000001,0.37773437200000004,0.028247069999999996,0.394140624,0.266406252,0.266015626,0.155957032,None,Nucleus
ENSP00000460001,0.16914062400000002,0.52578125,0.5015625,0.282128908,0.1375,0.39433594,0.0859375,0.20449218600000002,0.06457519599999999,0.15712890399999999,0.006959532,Cytoplasm,"Cytoplasm, Nucleus"
ENSP00000440988,0.13623046600000002,0.4578125,0.6359375,0.058102418,0.197802736,0.156054686,0.004586794,0.11381836000000001,0.012945556,0.025415042,0.001219176,Nucleus,Nucleus
ENSP00000393690,0.238281252,0.47890625,0.5421875,0.319921876,0.13564453,0.405078124,0.063598632,0.207421876,0.3109375,0.348828122,0.06506347800000001,"Cytoplasm, Nucleus",Cytoplasm
ENSP00000464501,0.166210936,0.5609375,0.66171875,0.358984376,0.131542968,0.295507814,0.025329587999999997,0.175390628,0.14736327999999999,0.143066404,0.095983886,"Cytoplasm, Nucleus",Nucleus
ENSP00000463107,0.12255859599999999,0.51875,0.5859375,0.35742187400000003,0.06079101600000001,0.280273438,0.04685058599999999,0.23808594000000002,0.08852539000000001,0.276562502,0.017611696,"Cytoplasm, Nucleus","Cytoplasm, Cell membrane"
ENSP00000462500,0.192773438,0.5703125,0.391796874,0.303710938,0.124609376,0.26933594000000005,0.093359376,0.256640628,0.323632812,0.27753906,0.042651368,Cytoplasm,"Mitochondrion, Endoplasmic reticulum"
ENSP00000456341,0.241601564,0.517578126,0.56484375,0.29882812400000003,0.14570312400000002,0.446875,0.038256836,0.217578124,0.366796876,0.3109375,0.084948728,"Cytoplasm, Nucleus",Cell membrane
ENSP00000451809,0.167382814,0.526953124,0.56484375,0.516796876,0.15859375,0.21796875,0.10046386600000001,0.143261722,0.137011718,0.246874998,0.013677976,"Cytoplasm, Nucleus",Mitochondrion
ENSP00000430614,0.177539062,0.60390625,0.58984375,0.472265624,0.140429686,0.198828124,0.061645507999999995,0.084277344,0.13417969000000002,0.12265624800000001,0.088500976,"Cytoplasm, Nucleus",Golgi apparatus
ENSP00000390830,0.65703125,0.29140625,0.24726562400000002,0.12597656000000002,0.23535156200000001,0.546875,0.054223632,0.7859375,0.394921874,0.49375,0.104492188,"Membrane, Endoplasmic reticulum",Nucleus
ENSP00000499303,0.207421874,0.575,0.51484375,0.2765625,0.12226562599999999,0.326953126,0.030236819999999998,0.16669921799999998,0.19736328,0.19404296599999998,0.033789064,Cytoplasm,Nucleus
ENSP00000473541,0.22363281200000001,0.475000004,0.505078124,0.534375,0.15263672,0.42070312200000004,0.120214844,0.20654296800000002,0.13017578000000002,0.286914062,0.015838622000000004,Cytoplasm,"Cytoplasm, Nucleus"
ENSP00000424124,0.20703125,0.57890625,0.56875,0.360546876,0.117675778,0.38125,0.019934082,0.19355468599999998,0.148437502,0.2171875,0.093457032,"Cytoplasm, Nucleus",Nucleus
ENSP00000413962,0.25527344,0.487890624,0.356640624,0.366015624,0.11953125,0.371875002,0.014768982000000003,0.329492188,0.140625002,0.283398438,0.043591307999999995,Cytoplasm,Cytoplasm
ENSP00000397787,0.257421878,0.54921875,0.503125,0.38085937599999997,0.12216796999999999,0.438281248,0.07854004,0.274023438,0.151757812,0.230273436,0.035205075999999995,Cytoplasm,Nucleus
ENSP00000494068,0.18613281399999998,0.476953126,0.63359375,0.502343748,0.115527342,0.4078125,0.09331054600000001,0.146582032,0.23535156200000001,0.301953124,0.003939056,"Cytoplasm, Nucleus",Endoplasmic reticulum
ENSP00000475294,0.187890624,0.48671875,0.6640625,0.249804686,0.14248046600000003,0.312890626,0.054638672,0.16533203000000002,0.193945312,0.327734376,0.031884766,"Cytoplasm, Nucleus",Cytoplasm
ENSP00000393507,0.21582031200000001,0.55234375,0.46953125,0.210351564,0.11254882800000002,0.313867188,0.09604492399999999,0.070703124,0.207421872,0.201562498,0.00572281,Cytoplasm,Cytoplasm
ENSP00000243893,0.19316406000000003,0.56328125,0.489843748,0.331054688,0.11826172000000001,0.26757812400000003,0.07280273400000001,0.19804687599999998,0.171679686,0.227734376,0.073547362,Cytoplasm,"Cytoplasm, Cell membrane"
ENSP00000467641,0.18964843999999997,0.46484375,0.5203125,0.299414064,0.10693359200000001,0.344140628,0.09316406,0.154687502,0.18642577999999999,0.227734376,0.05989990199999999,None,Cell membrane
ENSP00000449571,0.22597656000000002,0.503515624,0.415234376,0.38359375,0.159960936,0.441406248,0.05886230400000001,0.21005859600000001,0.276953126,0.204882812,0.03605957,Cytoplasm,Mitochondrion
ENSP00000448045,0.162402342,0.61796875,0.419140624,0.7265625,0.108691406,0.23535156399999999,0.064892578,0.13515625,0.062158201999999996,0.261328126,0.14071045,"Cytoplasm, Extracellular",Cytoplasm
ENSP00000421174,0.172070312,0.444140624,0.394140626,0.85625,0.12568359599999998,0.397265626,0.03748779,0.137109376,0.110058594,0.269140624,0.035656738,Extracellular,Cell membrane
ENSP00000410044,0.269726564,0.54765625,0.51875,0.261718752,0.128906248,0.5,0.054675292,0.325976562,0.366015624,0.384375,0.046276856000000005,Cytoplasm,Nucleus
ENSP00000407096,0.252539062,0.521484374,0.504296876,0.19824218799999999,0.07138672,0.40429687400000003,0.15336914000000001,0.44140625,0.262109376,0.249218754,0.22045898399999997,Cytoplasm,Peroxisome
ENSP00000495519,0.226171876,0.60390625,0.5828125,0.28808594000000004,0.108984372,0.302343748,0.0954834,0.279296878,0.212109376,0.241601562,0.037725832,"Cytoplasm, Nucleus",Nucleus
ENSP00000465164,0.06879882799999999,0.54375,0.48359375,0.35722656,0.057519532,0.075292968,0.009725954,0.063671874,0.09301757799999999,0.058032228000000005,0.005458070000000001,Cytoplasm,"Cytoplasm, Nucleus"
ENSP00000428255,0.162695312,0.65546875,0.477734376,0.140527342,0.13701172,0.207421874,0.02167969,0.164550782,0.103271482,0.191015624,0.007769776000000001,Cytoplasm,Cytoplasm
ENSP00000423072,0.37265625,0.5921875,0.309375,0.177148436,0.36875,0.332031252,0.08664550800000001,0.304492186,0.253320314,0.34609375,0.070092776,Cytoplasm,"Cytoplasm, Mitochondrion"
ENSP00000506493,0.208789062,0.411328124,0.513671874,0.373828126,0.07705078000000001,0.202539062,0.038232422,0.16982422,0.23359375,0.172558592,0.04248352,None,"Cytoplasm, Cell membrane"
ENSP00000504071,0.253515624,0.495703124,0.4484375,0.23984375,0.111523438,0.62265625,0.032666014,0.297656248,0.226367188,0.35742187599999997,0.039819336,Cytoplasm,Mitochondrion
ENSP00000501857,0.169921874,0.5296875,0.60078125,0.40468749800000003,0.13203124800000002,0.428125,0.038018800000000005,0.18125,0.163183596,0.23496093999999998,0.153881836,"Cytoplasm, Nucleus",Nucleus
ENSP00000492676,0.214453124,0.48203125199999997,0.59375,0.49296875,0.135058594,0.323437502,0.050317384,0.154003904,0.14453125,0.20058594000000002,0.044543458,"Cytoplasm, Nucleus","Cytoplasm, Nucleus"
ENSP00000466919,0.243945312,0.5484375,0.596875,0.374609374,0.14140625,0.428125002,0.085205078,0.191406252,0.168457032,0.239843752,0.00906067,"Cytoplasm, Nucleus",Cytoplasm
ENSP00000456655,0.227929688,0.64609375,0.6140625,0.136718748,0.135449218,0.50625,0.06072998,0.22763672000000001,0.125,0.313085938,0.109136962,"Cytoplasm, Nucleus",Nucleus
ENSP00000452300,0.10263672000000001,0.66640625,0.51484375,0.09765624800000001,0.085839844,0.27148437400000003,0.029711914,0.196093748,0.11669921800000001,0.315820312,0.013757323999999998,Cytoplasm,Cell membrane
ENSP00000450780,0.138476564,0.617578126,0.417578126,0.179589844,0.075537112,0.089013672,0.021194458000000003,0.08642578199999999,0.078808594,0.18066406200000001,0.0033157359999999997,Cytoplasm,Nucleus
ENSP00000418252,0.241796874,0.531640626,0.486718752,0.453515624,0.088232422,0.314648438,0.056311033999999996,0.18476562400000002,0.166015626,0.26328124599999997,0.021871948,Cytoplasm,"Cytoplasm, Cell membrane"
ENSP00000467710,0.155957032,0.5015625,0.565625,0.184960938,0.163867188,0.41328125,0.014596558,0.116015626,0.21884765599999997,0.23457031600000003,0.003169252,"Cytoplasm, Nucleus","Cytoplasm, Cell membrane"
ENSP00000453480,0.248632812,0.426953124,0.31875,0.565234374,0.123242186,0.41992187400000003,0.080895994,0.144140624,0.127465822,0.367773438,0.00391083,None,Mitochondrion
ENSP00000452500,0.21367187799999998,0.59296875,0.464062502,0.422265626,0.11064453199999999,0.357031248,0.05239258,0.176074218,0.23339843799999999,0.3109375,0.072973634,Cytoplasm,Nucleus
ENSP00000435220,0.216992188,0.575,0.58984375,0.398437498,0.173242186,0.22050781000000003,0.047546388,0.11367187599999999,0.13613281000000002,0.20078125399999996,0.0074226380000000005,"Cytoplasm, Nucleus",Cytoplasm
ENSP00000392049,0.16582031400000002,0.48671875,0.532421876,0.545703126,0.09140625,0.274999998,0.060449218000000006,0.19033203,0.233203124,0.261132814,0.012551879999999998,"Cytoplasm, Nucleus",Cytoplasm
ENSP00000387481,0.22109375199999998,0.459765626,0.475,0.373828126,0.11171875199999999,0.392968752,0.088183594,0.162109374,0.115966796,0.25156250199999997,0.048693846000000006,None,Nucleus
ENSP00000476460,0.18222656399999998,0.63046875,0.45078125199999997,0.437890626,0.08320312199999999,0.283789064,0.037243654,0.177636718,0.15654296799999998,0.167968748,0.046484376,Cytoplasm,Cell membrane
ENSP00000452200,0.19374999999999998,0.45,0.262695312,0.90078125,0.100048828,0.172412108,0.113012694,0.081774902,0.018395994,0.175390626,0.060910034,Extracellular,Nucleus
ENSP00000428531,0.2421875,0.545703124,0.530859374,0.331054686,0.125048826,0.43671875,0.04448242399999999,0.185351562,0.155761722,0.19140625,0.07648925799999999,"Cytoplasm, Nucleus",Cytoplasm
ENSP00000408802,0.290234374,0.530078126,0.603125,0.22402344000000002,0.188085936,0.47578125,0.03833008,0.28710937599999997,0.1609375,0.220703124,0.07281494,"Cytoplasm, Nucleus",Cytoplasm
ENSP00000469760,0.153027344,0.516015626,0.5625,0.282617188,0.08955078000000001,0.278125,0.14685058600000003,0.268554686,0.25585937599999997,0.26425781400000004,0.09384765800000001,"Cytoplasm, Nucleus","Cytoplasm, Nucleus"
ENSP00000466684,0.241796874,0.56796875,0.491796876,0.339453128,0.1375,0.399609374,0.085009764,0.30546875,0.177539062,0.30546875,0.14555664,Cytoplasm,Cytoplasm
ENSP00000464530,0.163476562,0.61875,0.503515626,0.550390626,0.141796872,0.5117187480000001,0.027416992,0.10048828000000001,0.260351562,0.23964844000000002,0.093731692,Cytoplasm,"Cytoplasm, Nucleus"
ENSP00000430805,0.27890625199999997,0.472265624,0.54375,0.151855466,0.13496094,0.36015625,0.05985107399999999,0.283398438,0.25546875199999997,0.228710936,0.09584960999999999,"Cytoplasm, Nucleus","Cytoplasm, Nucleus"
ENSP00000504163,0.262304688,0.552734376,0.448437498,0.537109376,0.134960938,0.36093750199999997,0.062451172,0.194238282,0.16572266,0.268554688,0.025097653999999997,Cytoplasm,"Cytoplasm, Nucleus"
ENSP00000502465,0.180078126,0.52265625,0.56953125,0.449609376,0.13671875,0.426953124,0.07285156200000001,0.148535156,0.154394532,0.206445312,0.18603515599999998,"Cytoplasm, Nucleus",Nucleus
ENSP00000484996,0.184960938,0.573046876,0.40859374800000003,0.56640625,0.11474609399999999,0.351171874,0.076867672,0.196777342,0.241992188,0.33828125,0.07122802600000001,Cytoplasm,Nucleus
ENSP00000455953,0.207031248,0.496484374,0.52890625,0.274804688,0.10341796799999999,0.241601562,0.07939453199999999,0.21640625,0.38125,0.226171876,0.13603515400000002,"Cytoplasm, Nucleus",Nucleus
ENSP00000448671,0.181445312,0.59140625,0.531640626,0.594140624,0.091699216,0.31464843600000003,0.099084472,0.091210936,0.12470702999999998,0.197070312,0.025546261999999997,"Cytoplasm, Nucleus",Cell membrane
ENSP00000426535,0.108789062,0.350390626,0.4,0.73671875,0.043457029999999994,0.42207031200000006,0.098046874,0.26367187400000003,0.044519043999999994,0.13149413999999998,0.183911134,Extracellular,Nucleus
ENSP00000426210,0.222460938,0.51875,0.460546874,0.25527344,0.163476564,0.4484375,0.025292970000000005,0.18232421999999998,0.202539062,0.241796878,0.021044922,Cytoplasm,Cell membrane
ENSP00000402190,0.185546876,0.603125,0.55625,0.341015624,0.152539064,0.52734375,0.018469235999999997,0.151855468,0.107324218,0.137109374,0.021862792,"Cytoplasm, Nucleus",Nucleus
ENSP00000395237,0.206445314,0.51328125,0.6,0.39648437599999997,0.083447264,0.436328126,0.026062011999999996,0.185351562,0.21230469,0.20937500199999998,0.048858644,"Cytoplasm, Nucleus","Cytoplasm, Nucleus"
ENSP00000388688,0.21484375,0.53828125,0.5890625,0.535546874,0.14863281,0.359765624,0.039135742,0.150097658,0.094433594,0.21855469,0.025569154,"Cytoplasm, Nucleus",Cytoplasm
ENSP00000453192,0.284374998,0.532812502,0.460156252,0.471875,0.141113282,0.411328124,0.068762206,0.214453126,0.257617186,0.292578124,0.020063781999999995,Cytoplasm,Mitochondrion
ENSP00000475450,0.18457031200000001,0.590625,0.5109375,0.053564454,0.118164062,0.33935546800000005,0.00497589,0.266796874,0.030407713999999995,0.087353514,0.015304566,Cytoplasm,Nucleus
ENSP00000466640,0.267382812,0.532421876,0.508984376,0.43671875,0.176171876,0.429687502,0.072070314,0.155664062,0.171191406,0.321875,0.009939578000000001,Cytoplasm,Nucleus
ENSP00000459602,0.201367188,0.387890626,0.36054687799999996,0.628125,0.047924806,0.37578125,0.087438964,0.278124998,0.098925782,0.205273438,0.319726564,None,Nucleus
ENSP00000349253,0.372265624,0.523828124,0.492578126,0.24765625,0.133105468,0.5296875,0.056713868,0.469531252,0.346289064,0.40625,0.028991698,Cytoplasm,"Cytoplasm, Cell membrane"
ENSP00000490160,0.252734376,0.473828126,0.42382812400000003,0.4140625,0.10288085999999999,0.549609374,0.07199707000000001,0.386718752,0.267382812,0.398046876,0.162060546,Cytoplasm,Mitochondrion
ENSP00000437899,0.207031248,0.517578126,0.58125,0.27578125,0.09287109,0.273632812,0.025671386,0.237792966,0.31640625,0.250781252,0.051513671999999996,"Cytoplasm, Nucleus","Nucleus, Cell membrane"
ENSP00000415292,0.395312498,0.5203125,0.497265624,0.27128906399999997,0.165527344,0.461328124,0.021533202,0.428515628,0.330273438,0.4015625,0.042700195999999996,Cytoplasm,Golgi apparatus
ENSP00000408534,0.219921876,0.5265625,0.5984375,0.364062502,0.156835938,0.26386719,0.032788083999999995,0.14658203,0.151074218,0.27714844,0.024105836,"Cytoplasm, Nucleus",Nucleus
ENSP00000400569,0.359375002,0.505859376,0.492578126,0.324999998,0.145019532,0.508203124,0.062231446,0.333203126,0.29902343600000003,0.33984375,0.05338745,Cytoplasm,Cytoplasm
ENSP00000430424,0.172460936,0.62421875,0.5453125,0.22539062599999998,0.16152343600000002,0.29375,0.02043457,0.18994140399999998,0.2234375,0.264453126,0.004563906,"Cytoplasm, Nucleus",Cytoplasm
ENSP00000457149,0.281640624,0.384375,0.355859376,0.50859375,0.154785156,0.441796874,0.04482422,0.354296874,0.407031248,0.367578124,0.191796876,None,Cell membrane
ENSP00000438862,0.258398436,0.61640625,0.465625,0.305859374,0.141992188,0.34960937599999997,0.063073732,0.170507812,0.155371094,0.208984376,0.064697264,Cytoplasm,Nucleus
ENSP00000400271,0.129492186,0.526953124,0.584375,0.290625,0.06340332,0.46484375,0.026031494,0.13378906200000001,0.086572268,0.207421876,0.021429442,"Cytoplasm, Nucleus",Mitochondrion
ENSP00000455184,0.281640622,0.4550781280000001,0.375390628,0.2765625,0.1375,0.53515625,0.029333496000000004,0.251367188,0.1703125,0.21796875,0.225195312,None,Mitochondrion
ENSP00000504110,0.315234376,0.48515625,0.535546876,0.218896486,0.103027346,0.6140625,0.032336426,0.156347656,0.224804688,0.204785154,0.016726684,"Cytoplasm, Nucleus",Cytoplasm
ENSP00000468113,0.257617188,0.480078126,0.56875,0.30800781,0.15830078,0.433203126,0.045874024,0.16425781599999997,0.16435547,0.240429688,0.027587889999999997,"Cytoplasm, Nucleus","Cytoplasm, Nucleus"
ENSP00000387607,0.21640624800000002,0.62109375,0.44687500199999997,0.5359375,0.158496094,0.261914064,0.05903320199999999,0.11367187599999999,0.080566404,0.208398438,0.0216156,Cytoplasm,Nucleus
ENSP00000429046,0.182812498,0.401171876,0.457812498,0.16435547,0.151171876,0.39140625,0.093408202,0.144775394,0.025134278,0.040771484000000004,0.006944272,None,Cytoplasm
ENSP00000464790,0.395312502,0.465625,0.502343752,0.14550781,0.211523438,0.48281249800000003,0.021478272,0.316992188,0.27988281400000004,0.32031250200000005,0.015502929999999998,None,Nucleus
ENSP00000477296,0.247265626,0.428515624,0.60390625,0.29785156,0.085253906,0.338671876,0.029772948,0.28320312400000003,0.281054688,0.238476562,0.054528808,Nucleus,"Cytoplasm, Nucleus"
